trial,first_frame_id,last_frame_id,start_s,end_s,C,sample_count
5,1660506,1660605,-19.958719240926044,-19.816384762980206,-0.1518680914215467,100
5,1661188,1661298,-18.98799780537917,-18.83000658915208,0.33203975443601536,111
5,1661789,1661873,-18.132567385457296,-18.011583005167704,0.08988837683620494,85
5,1662341,1662443,-17.346880862019795,-17.200276364542706,0.10598387251138452,103
5,1662569,1662618,-17.02235815694167,-16.951190915323956,-0.06427843808524955,50
5,1663414,1663497,-15.819631594441672,-15.700070553995829,-0.2654752647466865,84
5,1663920,1664007,-15.099418947957297,-14.974164548136454,0.19292095773681822,88
5,1664155,1664202,-14.764932863972922,-14.696612302042704,-0.2730940933167527,48
5,1664767,1664892,-13.893845461629171,-13.714504147745828,0.09072826340009056,126
5,1664972,1665043,-13.602059817097922,-13.499578854777079,0.06032879417131436,72
5,1665595,1665702,-12.71531567647292,-12.561594479777078,-0.13537310690556445,108
5,1665822,1665872,-12.392216555379171,-12.319625729777078,-0.14851239072168834,51
5,1666435,1666524,-11.519705813191672,-11.391604733683328,0.8110990008706942,90
5,1666947,1667058,-10.790953127644796,-10.631538571573953,-1.0,112
5,1667606,1667768,-9.852968752644797,-9.620963376261454,0.5898150076071117,163
5,1668135,1668232,-9.100019045613546,-8.960531247355203,-0.03592894831799013,98
5,1668415,1668500,-8.701482424519797,-8.579074948527078,0.49423427805141906,86
5,1668921,1669017,-7.981269778035422,-7.843205319620829,-0.15578207335732477,97
5,1669509,1669608,-7.144343020222921,-7.002008298136453,-0.39444420838643107,100
5,1670133,1670189,-6.256175539754172,-6.175044919230204,0.23652636239802946,57
5,1670191,1670206,-6.173621584676047,-6.150848141886454,0.23652636239802946,16
5,1670359,1670444,-5.934499514363546,-5.812091794230203,0.23531274621028736,86
5,1671241,1671337,-4.679109133504172,-4.541044675089578,-0.5664353997270102,97
5,1671953,1672023,-3.665687502644796,-3.5646298801677037,-0.05697941913323008,71
5,1672049,1672100,-3.529046389363546,-3.4550324680583286,-1.0,52
5,1672272,1672320,-3.211640383504171,-3.1418964817302037,-1.0,49
5,1672668,1672741,-2.647995608113546,-2.5426682102458287,0.12721843911560665,74
5,1673401,1673500,-1.604683596394796,-1.4623491184489539,0.0,100
5,1674224,1674306,-0.4332705104572962,-0.3151330539958288,0.5668925658960894,83
5,1675173,1675296,0.9174838840739538,1.0939787624104211,0.4646849971358337,124
5,1675940,1676013,2.009189694620829,2.1145170924885464,-0.26360329625919077,74
5,1676706,1676782,3.099471921183329,3.209069582722921,0.25553071443405573,77
5,1677491,1677596,4.216797848917704,4.367672610066672,0.4190157910233344,106
5,1678104,1678196,5.089308591105204,5.221679690144796,0.2715361609137575,93
5,1678690,1678813,5.923388669230204,6.099883547566671,0.649244414581203,124
5,1679471,1679566,7.035021237589579,7.171662356160422,0.01848865086400577,96
5,1680105,1680206,7.937422116495829,8.082603274129172,0.21518734111631152,102
5,1680902,1681000,9.071828122355203,9.212739260457296,0.37027324265165046,99
5,1681554,1681656,9.999849118448953,10.146453860066671,0.22089909366910623,103
5,1682438,1682522,11.258086178995828,11.379070559285422,-0.2810074602562565,85
5,1682954,1683041,11.992532468058329,12.117786867879172,0.09327061759759096,88
5,1683508,1683577,12.78106567118333,12.880699709676046,-0.4455231707711165,70
5,1684223,1684286,13.798757321573953,13.889851565144797,0.1128973653552104,64
5,1684922,1684981,14.793675534464578,14.879076418660421,-0.12249126185226127,60
5,1685517,1685566,15.640565915323954,15.711733156941671,0.1799833491338714,50
5,1686077,1686172,16.437639157511455,16.574280276082295,-0.26676767859685097,96
5,1686321,1686369,16.784935544230205,16.85467944600417,-0.1534589092853696,49
5,1686960,1687053,17.69445287821458,17.82824731709792,0.1396181100028463,94
5,1687608,1687703,18.616780514933332,18.753421877644794,-0.28646533711771305,96
5,1688325,1688410,19.63731908915208,19.75972680928542,0.24338861902891004,86
6,1713377,1713461,-18.185038576863544,-18.064054196573956,-1.0,85
6,1714153,1714263,-17.08052270772292,-16.922531491495832,-1.0,111
6,1715021,1715172,-15.84505932881667,-15.628710690714579,-0.732155426680903,152
6,1716493,1716599,-13.749895266316672,-13.597597165323954,-1.0,107
6,1717258,1717371,-12.661036135457296,-12.498774899698953,-1.0,114
6,1719592,1719690,-9.338948733113547,-9.198037350870829,-1.0,99
6,1720517,1720645,-8.022354250691672,-7.838742917277078,-1.0,129
6,1721235,1721439,-7.000392580769796,-6.708606930948953,-0.6526018721815382,205
6,1722085,1722201,-5.790549319051046,-5.624017819620828,0.0,117
6,1722203,1722391,-5.622594485066672,-5.353582272745828,0.0,189
6,1722815,1723193,-4.751507326863546,-4.212059567667703,0.33629610320634107,379
6,1728299,1728372,3.054117428995829,3.1594450710041713,-1.0,74
6,1729526,1729611,4.800562009073953,4.9229697292072965,-1.0,86
6,1729812,1729860,5.207638669230203,5.277382571004171,-1.0,49
6,1731406,1731513,7.476450680948953,7.630172121785422,-1.0,108
6,1732265,1732457,8.69910424540208,8.973809817097921,-0.47269269868137526,193
6,1732930,1733032,9.64562865946458,9.792233401082296,-0.46083087262313127,103
6,1733034,1733101,9.793656735636453,9.890444094441671,-0.46083087262313127,68
6,1733104,1733105,9.893290768839579,9.89613745381667,-0.46083087262313127,2
6,1733110,1733146,9.901830807902078,9.954494631551047,-0.46083087262313127,37
6,1733544,1733875,10.519562741495829,10.992113283894797,0.1319629643918659,332
6,1734518,1734867,11.905900876261454,12.40407153584792,0.09586380046069178,350
6,1735452,1735734,13.235305173136453,13.638111819051046,0.019845001264879196,283
6,1739962,1740066,19.654591794230207,19.804042971394797,-1.0,105
7,1808220,1808358,-19.82871606709792,-19.630871091105206,0.2367105144495988,139
7,1809045,1809131,-18.65445630147292,-18.530625485636456,-1.0,87
7,1809655,1809755,-17.786215822957296,-17.642458005167704,0.3862867823810232,101
7,1810405,1810512,-16.718707033894795,-16.564985837198954,-0.5465456621876842,108
7,1810985,1811098,-15.893166750691671,-15.730905514933328,0.11947644086217989,114
7,1811738,1811850,-14.821387942097921,-14.660550046183328,0.04533430963683044,113
7,1812444,1812567,-13.816506350301047,-13.640011471964579,0.17764277690078906,124
7,1813098,1813238,-12.885638674519797,-12.684947018839578,-0.019147595573462944,141
7,1813888,1813999,-11.761195803426046,-11.601781247355204,-0.8261219130490338,112
7,1814095,1814157,-11.466563479207297,-11.376892819620828,-0.977078774756052,63
7,1814712,1814809,-10.588359621785422,-10.448871823527078,0.8458764345889058,98
7,1815271,1815443,-9.792709719441671,-9.546470944620829,-1.0,173
7,1815915,1816036,-8.876075442097921,-8.702427243448954,0.0,122
7,1816146,1816232,-8.547282717488546,-8.423451657511453,-0.8541709874479229,87
7,1816701,1816840,-7.757326174519797,-7.558057858683329,0.7134029520844054,140
7,1817412,1817512,-6.745327639363547,-6.601569821573953,0.7409623355092051,101
7,1818162,1818282,-5.677818850301047,-5.505593991495829,0.2895918551861779,121
7,1818857,1818983,-4.688593996785421,-4.5078290989177034,0.34479044597843106,127
7,1819798,1819968,-3.349226076863546,-3.105834225870829,-1.0,171
7,1820839,1820930,-1.867523928426046,-1.7365761692302037,-0.07104320035941478,92
7,1820988,1821038,-1.6554455592854211,-1.5828549778239538,-1.0,51
7,1821690,1821874,-0.6562570827229213,-0.3929382297770788,1.0,185
7,1823151,1823381,1.4232499973552037,1.7520427272541712,1.0,231
7,1823930,1824306,2.532035886027079,3.068636965535421,1.0,377
7,1824792,1825327,3.7589594700114537,4.521872317097921,1.0,536
7,1828703,1828801,9.325662106730203,9.466573488972921,-1.0,99
7,1829241,1829398,10.091421872355204,10.316310549519796,0.28105018863059616,158
7,1829876,1830028,10.995246091105203,11.213017824910422,-0.4006255813046113,153
7,1830538,1830678,11.937500485636454,12.138192141316672,-0.14623765856378876,141
7,1831134,1831271,12.785814206339579,12.982235842488546,-0.013713331744642888,138
7,1831820,1831945,13.762229001261453,13.941570559285422,-0.3354803746542374,126
7,1832433,1832545,14.634739499308328,14.795577639363547,-0.1625559927935961,113
7,1833146,1833349,15.649584714152079,15.939947024129172,1.0,204
7,1834060,1834177,16.95052221415208,17.11847680928542,0.4081421159850049,118
7,1834822,1834962,18.03511108133958,18.235802737019796,-0.05405121515564109,141
7,1835657,1835789,19.22360424540208,19.412909182332296,0.33556823078641357,133
8,1859287,1859446,-19.56375024678542,-19.33601488993333,1.0,160
8,1860300,1860391,-18.12190161397292,-17.99095385477708,0.8580784473556484,92
8,1860977,1861090,-17.158296877644794,-16.996035641886454,1.0,114
8,1861583,1861673,-16.29574975850417,-16.16622533915208,-0.2382884479291699,91
8,1862300,1862405,-15.275211428426047,-15.124336667277078,0.225011097543652,106
8,1863028,1863116,-14.239016115926047,-14.112338376261453,0.7062422977280001,89
8,1863725,1863826,-13.246944582722922,-13.101763425089578,0.3169645635392494,102
8,1864565,1864630,-12.051334719441671,-11.957393796183329,-1.0,66
8,1866040,1866101,-9.951900637410422,-9.863653073527079,-1.0,62
8,1866671,1866782,-9.053769778035422,-8.894354977823953,-0.747437522547329,112
8,1867849,1867948,-7.377069094441672,-7.234734616495828,0.0746715858184699,100
8,1868572,1868669,-6.347990725301047,-6.208502927042703,-0.9109275797467653,98
8,1869258,1869344,-5.371575930379172,-5.247744870402078,-1.0,87
8,1869511,1869564,-5.011469485066671,-4.9346088840739535,-0.6326826897159519,54
8,1870176,1870249,-4.064945071004171,-3.959617428995829,0.3717677994129328,74
8,1871044,1871130,-2.829481447957296,-2.705650387980204,-0.9144807492802925,87
8,1871269,1871339,-2.5092287624104213,-2.408171384073954,0.0,71
8,1871759,1871859,-1.8117897975666712,-1.6680317356364538,0.6648571449605412,101
8,1871865,1871865,-1.6609150417072962,-1.659491696573954,0.6648571449605412,1
8,1872527,1872639,-0.7186606471760463,-0.5578227512614538,0.1460260307851059,113
8,1874031,1874071,1.4220505344645789,1.480407473347921,-1.0,41
8,1874716,1874830,2.397041745402079,2.560726565144796,-0.8694439383989674,115
8,1875175,1875299,3.050357175089579,3.2282753932697963,1.0,125
8,1875448,1875522,3.4389304172770787,3.545681399129171,-0.39149578122245426,75
8,1876778,1876878,5.331979489542704,5.475737307332297,0.22335710918733245,101
8,1877343,1877382,6.136169430948954,6.193103274129172,0.6163965781333479,40
8,1877386,1877387,6.197373288370828,6.200219973347922,0.6163965781333479,2
8,1877393,1877394,6.207336667277079,6.210183352254171,0.6163965781333479,2
8,1877396,1877461,6.211606686808328,6.305547610066672,0.6163965781333479,66
8,1877549,1877601,6.429378659464579,6.504815920613547,-0.3067397307519961,53
8,1878084,1878187,7.190868161417703,7.338896242879172,1.0,104
8,1878522,1878596,7.814293454386453,7.921044192097922,1.0,75
8,1878713,1878784,8.086152341105203,8.188633303426046,-0.6435910630783684,72
8,1879421,1879555,9.093880612589578,9.286032229207297,1.0,135
8,1880037,1880161,9.970661374308328,10.148579348347921,1.0,125
8,1880163,1880164,10.150002682902079,10.152849367879172,1.0,2
8,1880549,1880649,10.699414059855203,10.843171877644796,0.3001853134559364,101
8,1881179,1881280,11.596121335245828,11.741302737019797,0.9825233547477612,102
8,1881415,1881474,11.932031003214579,12.017431643269797,-1.0,60
8,1881811,1881951,12.495675534464578,12.696367190144796,-1.0,141
8,1882581,1882670,13.591651364542704,13.719752444051046,0.6394108325428162,90
8,1883310,1883387,14.629270016886453,14.740290774129171,1.0,78
8,1884344,1884444,16.101008786417704,16.244766604207296,-0.06030775713785542,101
8,1884587,1884650,16.44688158915208,16.53797583272292,-0.31941013230453413,64
8,1885100,1885228,17.177057614542704,17.36066919209792,-1.0,129
8,1885981,1886066,18.431024655558332,18.55343237569167,1.0,86
8,1886180,1886242,18.714270505167704,18.80394116475417,-1.0,63
8,1886902,1886990,19.74192553446458,19.86860327412917,-0.07965038398450124,89
9,1953096,1953233,-19.905166506551044,-19.70874487040208,0.2527721906412726,138
9,1953766,1953848,-18.951525393269794,-18.833387692667706,0.15412775874326862,83
9,1954017,1954091,-18.594265627644795,-18.48751488993333,-0.17757926331057108,75
9,1954553,1954667,-17.83135278584792,-17.667667966105206,0.5877320629211249,115
9,1955186,1955306,-16.93037524678542,-16.75815063212083,0.7017661805469284,121
9,1955892,1955992,-15.925493654988546,-15.781735837198953,0.8326306871111124,101
9,1956664,1956776,-14.826671145222921,-14.665833249308328,-0.15428983825621767,113
9,1957314,1957413,-13.901496828816672,-13.75916235087083,0.6060394505057928,100
9,1958087,1958172,-12.801250979207296,-12.678843259073954,0.6642135273604656,86
9,1958792,1958897,-11.797792727254171,-11.646918210245829,-0.18660240289341543,106
9,1959439,1959550,-10.876888430379172,-10.717473874308329,0.7192036246495027,112
9,1959995,1960067,-10.085508547566672,-9.981604245402078,1.0,73
9,1960069,1960091,-9.980180910847922,-9.947444089152079,1.0,23
9,1960251,1960352,-9.72113208272292,-9.575950925089579,-0.6405861773879581,102
9,1961026,1961146,-8.618039797566672,-8.445814938761453,0.4165656971266559,121
9,1961686,1961770,-7.678631838582296,-7.557647458292704,-0.33011927411637104,85
9,1961898,1961966,-7.376882815144796,-7.278671872355203,-0.6220432590708842,69
9,1962633,1962695,-6.3307241237385465,-6.2410532200114535,0.0,63
9,1962746,1962808,-6.169885988972921,-6.080215329386453,-1.0,63
9,1964002,1964090,-4.382164553426047,-4.255486813761453,0.2103358484091139,89
9,1964257,1964329,-4.019211672566672,-3.9153073704020787,-0.5593057239896682,73
9,1965091,1965162,-2.8321418483479213,-2.729660886027079,0.09871005909015582,72
9,1965221,1965281,-2.647106936238546,-2.560282712198954,-1.0,61
9,1966090,1966150,-1.410219973347921,-1.3233959934489539,-1.0,61
9,1966152,1966153,-1.3219726588947962,-1.319125973917704,-1.0,2
9,1966158,1966192,-1.3134323756916713,-1.263615475870829,-1.0,35
9,1966331,1966390,-1.067193850301046,-0.9817929661052037,0.04576214703625479,60
9,1967112,1967208,0.04443871805832878,0.18250317647292122,0.5215826169392469,97
9,1967840,1967937,1.0806340305583289,1.220121828816671,0.5638105403491225,98
9,1968843,1968927,2.508249264933329,2.629233645222921,0.21281273860369665,85
9,1969055,1969133,2.8099982883708288,2.922442629597921,-1.0,79
9,1969739,1969816,3.783566403605204,3.8945874049885463,0.2446912968906116,78
9,1970652,1970728,5.083080563761453,5.192678225301046,0.7177497212055526,77
9,1970838,1970896,5.347822751261454,5.431800051472922,-0.40055312064017085,59
9,1971698,1971786,6.571899655558329,6.698577395222921,0.007024855818456128,89
9,1972360,1972448,7.514154050089578,7.640831789754172,0.6566685037012491,89
9,1972558,1972629,7.7959763157145785,7.898457278035422,-1.0,72
9,1973218,1973305,8.735384274698953,8.860638430379172,1.0,88
9,1973427,1973476,9.032863278605204,9.104030520222922,-0.37746958765542826,50
9,1974032,1974155,9.893987057902079,10.070481936238547,0.8437467688633811,124
9,1974829,1974914,11.028393063761454,11.150800783894796,0.3175970237670086,86
9,1975050,1975100,11.342952389933329,11.415542971394796,0.04676264911042137,51
9,1975827,1975924,12.448891598917703,12.588379397176046,1.0,98
9,1976101,1976184,12.838888180948953,12.958449221394796,-0.5683740138252029,84
9,1976903,1977059,13.980410886027078,14.20387622334792,1.0,157
9,1977657,1977763,15.053613278605203,15.205911135457297,0.8331109683969838,107
9,1978469,1978556,16.20936938212083,16.33462378194167,0.5467141304234293,88
9,1978699,1978749,16.536738766886454,16.60932934834792,0.2511615501070159,51
9,1979484,1979570,17.654064694620832,17.77789575459792,0.34851276748153753,87
9,1980265,1980336,18.765697262980204,18.868178225301044,0.268482597619112,72
9,1980442,1980493,19.017629391886455,19.09164331319167,-1.0,52
9,1981129,1981131,19.99546752665208,19.99973755147292,-0.16699015068547618,3
10,2004645,2004696,-20.0,-19.926134274698956,-1.0,52
10,2005333,2005492,-19.02088696553542,-18.79315160868333,1.0,160
10,2006364,2006498,-17.553417971394794,-17.36126635477708,0.9407984662447666,135
10,2006943,2007040,-16.729301272176045,-16.589813473917705,-1.0,98
10,2007731,2007755,-15.607705324910421,-15.572121579386453,-1.0,25
10,2007757,2007768,-15.570698244832297,-15.553618161417704,-1.0,12
10,2007770,2007790,-15.552194826863547,-15.522304440714578,-1.0,21
10,2007792,2007802,-15.520881106160422,-15.505224362589578,-1.0,11
10,2007804,2007804,-15.503801028035422,-15.502377682902079,-1.0,1
10,2007807,2007823,-15.49953100850417,-15.475334225870828,-1.0,17
10,2008457,2008567,-14.574356692097922,-14.416365475870828,-0.37455413515296476,111
10,2009877,2009962,-12.553206545613547,-12.430798825480203,-0.19616152062845055,86
10,2010694,2010792,-11.390333498738547,-11.249422360636453,-1.0,99
10,2011261,2011370,-10.583296877644797,-10.426729001261453,0.0,110
10,2011847,2011975,-9.74921655537917,-9.565605221964578,-0.07118733552199631,129
10,2012760,2012859,-8.449702639363547,-8.307368161417703,0.7711195620150696,100
10,2013309,2013357,-7.668286135457296,-7.598542233683329,1.0,49
10,2013362,2013363,-7.592848879597922,-7.590002194620828,1.0,2
10,2013368,2013520,-7.584308840535422,-7.366536862589578,1.0,153
10,2015175,2015263,-5.012323977254171,-4.885646237589579,0.5179712862582561,89
10,2016062,2016135,-3.749816897176046,-3.644489499308329,-0.10624122866403561,74
10,2016137,2016171,-3.6430661647541713,-3.5932490207927037,-0.10624122866403561,35
10,2016723,2016926,-2.8089858424885463,-2.518623288370829,0.8589221597723452,204
10,2019669,2019739,1.3841889621989538,1.485246584676046,-1.0,71
10,2020703,2020774,2.855927731730204,2.9584086940510463,-1.0,72
10,2020776,2020778,2.959832028605204,2.9641020534260463,-1.0,3
10,2020871,2020911,3.0950498020427037,3.1534069850666713,-1.0,41
10,2021597,2021663,4.128398434855203,4.223762453816672,-1.0,67
10,2021669,2021711,4.230879147745829,4.292083010457296,-1.0,43
10,2022335,2022456,5.178827145792703,5.352475100301047,-1.0,122
10,2023304,2023493,6.558048581339579,6.828484133504172,-1.0,190
10,2024149,2024346,7.760775143839578,8.042597414754171,1.0,198
10,2025892,2026055,10.241665768839578,10.475094240926047,1.0,164
10,2026869,2027096,11.632273923136454,11.956796633504172,1.0,228
10,2028144,2028306,13.447039059855204,13.67904419209792,1.0,163
10,2029474,2029569,15.340087887980204,15.476729006551047,-1.0,96
10,2030462,2030546,16.746353024698955,16.867337404988543,-0.9686654786778948,85
10,2031557,2031661,18.304916012980204,18.454367190144794,-1.0,105
10,2032277,2032449,19.32972436258958,19.57596313741042,1.0,173
10,2032451,2032472,19.57738647196458,19.60869995381667,1.0,22
11,2053253,2053494,-19.805187990926044,-19.46073852274583,1.0,242
11,2054377,2054605,-18.205348147176046,-17.87940209696458,1.0,229
11,2056141,2056266,-15.694567385457297,-15.515225827433328,-0.48872475518393727,126
11,2057080,2057181,-14.358046145222922,-14.212864987589578,0.9521545479709896,102
11,2057979,2058175,-13.078458987019797,-12.798060055948953,0.6663339583223233,197
11,2059643,2059751,-10.710012697957296,-10.554868161417703,-1.0,109
11,2060455,2060564,-9.554256350301047,-9.397688473917704,-0.49796503553583155,110
11,2060568,2060569,-9.393418459676047,-9.390571774698953,-0.49796503553583155,2
11,2060574,2060595,-9.384878420613546,-9.353564694620829,-0.49796503553583155,22
11,2060875,2061090,-8.956451418660421,-8.649009030558329,1.0,216
11,2062427,2062531,-6.7474199245197966,-6.597968503214578,0.008626182348898679,105
11,2063280,2063330,-5.533306399129172,-5.460715817667704,-0.831014423660243,51
11,2063336,2063337,-5.453599123738546,-5.450752438761453,-0.831014423660243,2
11,2063342,2063343,-5.445059084676046,-5.4422123996989535,-0.831014423660243,2
11,2063346,2063465,-5.439365725301046,-5.268564206339579,-0.831014423660243,120
11,2064146,2064269,-4.300689455769796,-4.124194821573953,1.0,124
11,2065180,2065277,-2.8289506862385463,-2.689462887980204,-0.40512792221805943,98
11,2065850,2065984,-1.8753093288166711,-1.6831579563395789,0.0,135
11,2066873,2066986,-0.4192272975666712,-0.2569660618083288,-0.04312420136006107,114
11,2067446,2067587,0.3963493625895788,0.5984643581135463,0.8818582684590706,142
11,2068728,2068859,2.221077878214579,2.4089594753010464,0.5031011311321187,132
11,2069558,2069739,3.402454343058329,3.6615031764729213,1.0,182
11,2070310,2070551,4.472809811808329,4.817259279988547,1.0,242
11,2071044,2071198,5.517545163370828,5.738163576863546,1.0,155
11,2071200,2071256,5.739586911417703,5.820717776082296,1.0,57
11,2071767,2071824,6.546623776652078,6.629177737019797,1.0,58
11,2071826,2072093,6.630601071573953,7.012057619832297,1.0,268
11,2072584,2072954,7.709496579386453,8.237557619832296,1.0,371
11,2073510,2073833,9.027514401652079,9.488678225301047,1.0,324
11,2074251,2074408,10.08221313212083,10.307101565144796,1.0,158
11,2074412,2074413,10.311371579386453,10.314218264363546,1.0,2
11,2074415,2074416,10.315641598917704,10.318488283894796,1.0,2
11,2074420,2074638,10.322758298136453,10.63447094991042,1.0,219
11,2080159,2080233,18.49133617899583,18.598086916707295,-1.0,75
12,2153949,2154033,-19.82802661397292,-19.70704223368333,-0.009899154078729641,85
12,2154174,2154222,-19.507773928426044,-19.43803002665208,-0.025431665808201418,49
12,2154821,2154905,-18.586869631551046,-18.465885251261454,0.35642379354246995,85
12,2155742,2155840,-17.275968752644793,-17.135057614542706,0.24123323218791087,99
12,2156733,2156821,-15.865433596394796,-15.738755856730203,-0.014189047426687687,89
12,2157625,2157732,-14.595809817097921,-14.442088620402078,-0.2822471092280845,108
12,2157818,2157878,-14.321104250691672,-14.234280270792704,-1.0,61
12,2158618,2158693,-13.182428225301047,-13.074253903605204,0.1543855085526013,76
12,2159309,2159402,-12.198896731160422,-12.065102292277079,0.3818742521721503,94
12,2160117,2160206,-11.048833742879172,-10.920732663370828,0.2882806553374643,90
12,2160272,2160322,-10.828215334676047,-10.755624753214578,-0.7486164872012572,51
12,2160856,2160937,-9.996981692097922,-9.880267331339578,-0.41418048403772023,82
12,2161156,2161216,-9.569978274129172,-9.483154050089578,0.1790372277796722,61
12,2161855,2161937,-8.575059817097921,-8.456922360636453,0.0,83
12,2162620,2162712,-7.486200930379171,-7.353829831339579,0.2938493558211363,93
12,2162822,2162871,-7.198685061238547,-7.127517819620828,-0.6370796750697734,50
12,2163486,2163545,-6.2535839870197965,-6.168183346964579,-0.6856221859951499,60
12,2164399,2164487,-4.954069826863547,-4.8273920871989535,0.19872337154197517,89
12,2165769,2165821,-3.004087160847921,-2.928649655558329,0.40099587418318194,53
12,2165929,2165975,-2.7763518092854214,-2.709454587198954,-1.0,47
12,2166683,2166740,-1.703149660847921,-1.6205957004802038,-0.6203601947038822,58
12,2166842,2166891,-1.4768376491291713,-1.405670407511454,-1.0,50
12,2166893,2166926,-1.4042470729572962,-1.3558535129802038,-1.0,34
12,2170657,2170778,3.953223874308329,4.126872072957297,-0.12467980224919843,122
12,2171759,2171844,5.521750241495829,5.644157961629172,-0.12368490513737124,86
12,2172701,2172807,6.862541501261453,7.014839358113546,-0.1472910471409516,107
12,2173428,2173598,7.897313229777079,8.14070532491042,0.4108924896363033,171
12,2174531,2174672,9.467262936808329,9.669377932332297,0.8992904578926619,142
12,2175467,2175583,10.799514157511453,10.966045412801046,0.6514149583735734,117
12,2176588,2176647,12.395083981730203,12.480484621785422,0.1745649233580472,60
12,2177219,2177334,13.293214596964578,13.458322756551047,-1.0,116
12,2177941,2178036,14.320869870402078,14.457510988972922,0.11952735008582221,96
12,2178681,2178753,15.374145261027078,15.478049563191671,-0.6840993341368743,73
12,2179653,2179719,16.757636716105207,16.853000979207295,0.03743030206843101,67
12,2180385,2180508,17.799525387980204,17.97602026631667,-0.3318802922783665,124
12,2180610,2180628,18.11977807352708,18.14682153584792,-0.8459352379201397,19
12,2180630,2180658,18.14824487040208,18.189521975301044,-0.8459352379201397,29
12,2181120,2181255,18.845684079386455,19.03925903584792,0.8460677908565829,136
12,2181257,2181284,19.04068237040208,19.080536135457294,0.8460677908565829,28
13,2203157,2203241,-19.50805932881667,-19.38707494852708,-1.0,85
13,2204029,2204133,-18.266902346394794,-18.11745092508958,-1.0,105
13,2204879,2204929,-17.05705884053542,-16.984468259073957,-0.4462751142439522,51
13,2204931,2204932,-16.983044924519795,-16.980198239542705,-0.4462751142439522,2
13,2204938,2204939,-16.973081545613546,-16.970234860636456,-0.4462751142439522,2
13,2204942,2204990,-16.967388186238544,-16.89764428446458,-0.4462751142439522,49
13,2205493,2205588,-16.183125002644793,-16.046483884073954,-1.0,96
13,2205985,2206153,-15.482839113972922,-15.242293942667704,-0.1503688781538523,169
13,2207047,2207127,-13.971246584676047,-13.85595580790208,-0.8872574370860015,81
13,2207699,2207899,-13.043225588582297,-12.757133298136454,0.5452539007725994,201
13,2209468,2209577,-10.525328127644796,-10.368760007120828,-0.7401943657616336,110
13,2210421,2210452,-9.168880129597921,-9.123333005167703,-1.0,32
13,2210458,2210459,-9.116216311238547,-9.113369626261454,-1.0,2
13,2210465,2210466,-9.106252932332296,-9.103406247355203,-1.0,2
13,2210469,2210527,-9.100559572957296,-9.01658227274583,-1.0,59
13,2211118,2211212,-8.176808596394796,-8.041590817667704,-0.994403324984197,95
13,2211944,2212107,-7.0011254909260465,-6.767697018839578,-0.06700127137555213,164
13,2212871,2213016,-5.6816845729572965,-5.4738762180583285,0.0,146
13,2213636,2213818,-4.592825442097921,-4.3323535129802035,1.0,183
13,2214803,2214890,-2.9317817409260463,-2.8065273411052036,-0.1508771886963122,88
13,2215617,2215753,-1.7731789577229211,-1.5781806614177039,0.7177078995099015,137
13,2216632,2216734,-0.32848364522292123,-0.18187890360520378,0.6227522142618072,103
13,2217248,2217427,0.5482971164958287,0.8044992702229212,0.5114410718156254,180
13,2218223,2218322,1.936058591105204,2.0783930690510464,-1.0,100
13,2218952,2219063,2.973677243448954,3.133091799519796,-1.0,112
13,2219621,2219747,3.9258950168864537,4.106659914754172,-0.6211378879601683,127
13,2220556,2220666,5.256722653605204,5.414714113972922,-0.4527521245507623,111
13,2221342,2221466,6.375471921183329,6.553390139363547,-0.5705937419980385,125
13,2221984,2222208,7.289259518839579,7.609512209676047,0.6587856567444078,225
13,2223623,2223731,9.622122311808328,9.77726684834792,-0.024831150570095797,109
13,2224334,2224461,10.634120602823954,10.816308840535422,-1.0,128
13,2224991,2225100,11.569258542277078,11.725826418660422,-0.35198437256100806,110
13,2225763,2225901,12.66808080790208,12.865925783894797,-0.5060734018617604,139
13,2226553,2226685,13.792523434855203,13.981828371785422,-0.5650482618253421,133
13,2227444,2227550,15.060724118448954,15.213021975301046,-0.8263975308535535,107
13,2228064,2228278,15.943197995402079,16.249217287801045,-0.10552837110818852,215
13,2229651,2229773,18.202046628214582,18.377118166707294,-0.8832564372417059,123
13,2230461,2230593,19.35495629618333,19.544261233113545,-0.4736035963555343,133
14,2256503,2256610,-18.37928979756667,-18.225568356730204,-1.0,108
14,2257236,2257481,-17.33597778584792,-16.985834958292706,-1.0,246
14,2258732,2258759,-15.206653322957296,-15.166799802042704,-1.0,28
14,2258761,2258881,-15.165376467488546,-14.993151608683329,-1.0,121
14,2259419,2259638,-14.228815432332297,-13.915679440714579,-0.5781157179375371,220
14,2260802,2260965,-12.260329104207296,-12.026900387980204,-1.0,164
14,2261619,2261839,-11.097456057332296,-10.78289672587083,-1.0,221
14,2262646,2262941,-9.635680666707296,-9.214370358683329,0.1596040486545392,296
14,2264099,2264240,-7.567560061238547,-7.365445065714578,-1.0,142
14,2265049,2265349,-6.215382326863547,-5.786955319620828,0.0,301
14,2266972,2267160,-3.478289553426046,-3.209277341105204,0.20422720955741475,189
14,2270393,2270476,1.390974118448954,1.5105351588947962,-1.0,84
14,2271080,2271187,2.368812253214579,2.522533449910421,-1.0,108
14,2271647,2271849,3.1758488743083286,3.464788088582296,-0.9700109566342754,203
14,2274162,2274259,6.755562009073953,6.895049807332296,-1.0,98
14,2275681,2275763,8.917623288370828,9.035760988972921,-1.0,83
14,2276587,2276681,10.207173825480204,10.342391604207297,-1.0,95
14,2278231,2278327,12.547153317667703,12.685217776082297,-1.0,97
14,2278925,2279050,13.534954831339578,13.714296389363547,-1.0,126
14,2279750,2279869,14.709214596964578,14.880016115926047,-1.0,120
14,2281165,2281262,16.723248044230207,16.862735842488544,-1.0,98
14,2281937,2282013,17.822070309855206,17.931667971394795,-1.0,77
14,2282015,2282033,17.933091305948956,17.960134768269796,-1.0,19
14,2282634,2282710,18.81414184305833,18.92373950459792,-1.0,77
14,2282712,2282713,18.92516283915208,18.92800952412917,-1.0,2
14,2282718,2282719,18.93370287821458,18.93654956319167,-1.0,2
14,2282722,2282745,18.93939623758958,18.973556643269795,-1.0,24
15,2364714,2365062,-18.623689455769796,-18.12694213602708,0.7320514958297206,349
15,2366358,2367311,-16.28371020772292,-14.925838864542703,1.0,954
15,2367372,2367434,-14.84043823506667,-14.750767331339578,0.0,63
15,2367491,2367572,-14.671060061238547,-14.554345700480203,0.6308435608726498,82
15,2367626,2367691,-14.478908449910422,-14.384967770792704,-0.24197622685467504,66
15,2367783,2367830,-14.255443362019797,-14.187122800089579,-0.5965003429134117,48
15,2376969,2377012,-1.180594973347921,-1.1179677707927038,-0.9230551978890924,44
15,2377014,2377049,-1.1165444362385462,-1.0653039524333288,-0.9230551978890924,36
15,2378501,2378604,0.9999699680583288,1.147997805379171,-0.715022538154731,104
15,2379451,2379565,2.352147702433329,2.515832522176046,-0.19072145827974613,115
15,2380356,2380458,3.640275143839579,3.786879641316671,-0.5124534247192308,103
15,2381058,2381151,4.639463376261453,4.773257815144796,-0.4187795116150854,94
15,2381737,2381813,5.605914792277078,5.715512209676047,0.06530340499126214,77
15,2381815,2381874,5.7169355442302034,5.802336428426047,0.06530340499126214,60
15,2382632,2382732,6.879808591105204,7.023566408894797,-0.32215646973251866,101
15,2383393,2383481,7.962974118448954,8.089651858113546,-0.2385429534939951,89
15,2383678,2383723,8.368627682902078,8.434101565144797,-1.0,46
15,2383725,2383726,8.435524899698953,8.438371584676046,-1.0,2
15,2384282,2384397,9.228328122355203,9.393436037801047,-0.281414896264348,116
15,2385007,2385107,10.260253171183328,10.404011233113547,-0.008498728760816504,101
15,2385757,2385759,11.327762204386453,11.332032229207297,-0.06838043904229006,3
15,2385761,2385855,11.333455563761454,11.468673342488547,-0.06838043904229006,95
15,2386503,2386596,12.389577634073953,12.523372072957297,-0.6515327566088078,94
15,2387154,2387297,13.316175290323953,13.52113696553542,0.46639542428449127,144
15,2388140,2388184,14.719593503214579,14.783644045613547,-0.54841405782381,45
15,2388186,2388187,14.785067380167703,14.787914065144797,-0.54841405782381,2
15,2388190,2388266,14.790760739542703,14.900358401082297,-0.54841405782381,77
15,2388898,2389047,15.798489255167704,16.01199096944167,-0.11339159933483138,150
15,2389414,2389522,16.53293530008958,16.68807983662917,-0.12416836539677538,109
15,2389962,2390073,17.31292846415208,17.47234302022292,-0.03767147347588197,112
15,2391123,2391234,18.965432126261454,19.124846682332294,-0.49526186035522074,112
17,2819872,2820003,-19.99976538350417,-19.811883786417706,-0.36681576142101086,132
17,2820597,2820758,-18.967840090535418,-18.73725805399583,-0.3283365609642606,162
17,2822123,2822226,-16.795815432332294,-16.647787595011454,-1.0,104
17,2822337,2822516,-16.49121948506667,-16.23501733133958,-0.6628471553867824,180
17,2822541,2822644,-16.20085718037917,-16.05282934305833,-0.868883754026011,104
17,2822818,2822995,-15.806590578816671,-15.553235104777078,-0.1718415851222185,178
17,2823480,2823613,-14.864336184285422,-14.673607907511453,0.13694832259314355,134
17,2823616,2823623,-14.670761233113547,-14.659374264933328,0.13694832259314355,8
17,2823627,2823635,-14.655104250691672,-14.642294186808329,0.13694832259314355,9
17,2823638,2823654,-14.639447512410422,-14.61525072977708,0.13694832259314355,17
17,2823656,2823659,-14.613827395222922,-14.608134030558329,0.13694832259314355,4
17,2824509,2824671,-13.399713869832297,-13.167708737589578,-0.7672418688112554,163
17,2825281,2825449,-12.300891360066672,-12.060346188761454,-0.11175831755722443,169
17,2825590,2825741,-11.861077883504171,-11.644729489542703,0.5444290708573566,152
17,2826233,2826383,-10.945866946004172,-10.730941891886454,0.6268826834050206,151
17,2826936,2827100,-9.945255373738547,-9.710403317667703,0.10862258336076482,165
17,2829048,2829184,-6.939150393269797,-6.744152096964578,-1.0,137
17,2829187,2829229,-6.741305422566672,-6.680101559855204,-1.0,43
17,2829243,2829345,-6.661598147176047,-6.514993405558329,-1.0,103
17,2829468,2829620,-6.341345461629172,-6.123573483683328,-0.4170205834504607,153
17,2830162,2830351,-5.353543947957297,-5.083108395792704,0.17910137317453886,190
17,2830803,2830971,-4.441179690144796,-4.200634274698953,0.1552519745126397,169
17,2832210,2832377,-2.4385329616291713,-2.1994111301677037,-0.9652882946891778,168
17,2832541,2832828,-1.967405764363546,-1.557482419230204,0.0,288
17,2833576,2833749,-0.4942436549885462,-0.2465815403239538,0.11203107979861804,174
17,2834846,2834929,1.3134047825114539,1.4329658229572961,0.09856125966262595,84
17,2834931,2835016,1.4343891575114538,1.5567966335041712,0.09856125966262595,86
17,2835481,2835631,2.2172290012614537,2.432154055379171,0.47348822757649506,151
17,2836247,2836412,3.307511227823954,3.543786623738546,-0.17913382325785465,166
17,2837096,2837288,4.515931149698954,4.7906369655354215,-0.27536467028121775,193
17,2837498,2837516,5.088115964152078,5.115159670613546,0.6262559740737412,19
17,2837518,2837658,5.116583005167703,5.3172746608479216,0.6262559740737412,141
17,2838205,2838358,6.094421139933329,6.313616213582296,0.09617535068308151,154
17,2838827,2839038,6.979741696573954,7.281490969441672,-1.0,212
17,2839452,2839633,7.869332516886454,8.128381106160422,-0.6351820605880013,182
17,2840176,2840287,8.899834225870828,9.059249026082297,-0.17591023418666038,112
17,2840290,2840291,9.062095700480203,9.064942385457297,-0.17591023418666038,2
17,2840293,2840328,9.066365720011454,9.117606203816672,-0.17591023418666038,36
17,2840937,2840968,9.982999997355204,10.028546877644796,0.424657469894748,32
17,2840970,2841111,10.029970212198954,10.232085207722921,0.424657469894748,142
17,2841737,2841865,11.12167602274583,11.305287600301046,0.24333014157537172,129
17,2842559,2842726,12.291665768839579,12.530787600301046,0.021392562568408578,168
17,2843457,2843571,13.569829587198953,13.733514406941671,-1.0,115
17,2844150,2844299,14.556207761027078,14.769709719441671,0.2642506491716603,150
17,2844880,2845042,15.595249753214578,15.827255129597921,0.16426490195402016,163
17,2845590,2845780,16.60582494852708,16.87768384053542,0.051285176851322334,191
17,2846321,2846458,17.646290036417707,17.84271167256667,-0.2317836527167164,138
17,2847002,2847142,18.61558813212083,18.816279787801044,0.1997049886670661,141
17,2847830,2847974,19.79411791727708,20.0,0.45944698284943275,145
18,2911034,2911204,-19.956776369832294,-19.713384274698956,-1.0,171
18,2911592,2911760,-19.16254956319167,-18.922004391886457,0.38679194090790125,169
18,2912209,2912380,-18.284345705769795,-18.039530270792707,1.0,172
18,2912900,2913094,-17.30081421162917,-17.02326196024583,-0.6969668066680967,195
18,2913529,2913697,-16.40553003194167,-16.164984860636455,-1.0,169
18,2914148,2914322,-15.524479494832297,-15.275394040323953,-0.6010121153424828,175
18,2914906,2915061,-14.445583987019797,-14.223541989542703,-0.5254291817058645,156
18,2915596,2915793,-13.463475832722922,-13.181653317667703,-0.02481427647811947,198
18,2916246,2916389,-12.538301516316672,-12.333339841105204,-0.4348728506990997,144
18,2916765,2916842,-11.799585207722922,-11.688564450480204,1.0,78
18,2916844,2916917,-11.687141115926046,-11.581813473917704,1.0,74
18,2917317,2917488,-11.013898684285422,-10.769083493448953,0.44423912143620864,172
18,2917849,2917998,-10.256679201863546,-10.043177487589578,-0.5521256740981084,150
18,2918001,2918002,-10.040330813191671,-10.037484128214578,-0.5521256740981084,2
18,2918007,2918008,-10.031790529988546,-10.028943845011453,-0.5521256740981084,2
18,2918012,2918045,-10.024673830769796,-9.976280270792703,-0.5521256740981084,34
18,2918621,2918792,-9.157856692097921,-8.91304125712083,-0.22419454031965366,172
18,2919234,2919395,-8.285346194051046,-8.054764157511453,0.11299808031190818,162
18,2919853,2920010,-7.404295412801047,-7.179406979777078,0.8934745238038982,158
18,2920570,2920745,-6.383757082722922,-6.133248288370829,1.0,176
18,2921291,2921434,-5.357525149129172,-5.152563473917703,1.0,144
18,2921864,2922019,-4.541948488972921,-4.3199067356364536,0.835013704963268,156
18,2922448,2922634,-3.7107148463947963,-3.444549313761454,0.0,187
18,2923094,2923266,-2.791233889363546,-2.544995358683329,-0.4536630585731356,173
18,2923688,2923839,-1.9457668483479211,-1.729418454386454,-0.2860310359048651,152
18,2927061,2927152,2.855176266886454,2.986124026082296,-1.0,92
18,2927655,2927783,3.700643307902079,3.884254641316671,-1.0,129
18,2928362,2928512,4.706948239542704,4.921873293660422,1.0,151
18,2929184,2929372,5.876937985636453,6.145950197957297,-0.10792720764432591,189
18,2929964,2930117,6.9871472141520785,7.206342287801046,-0.5874409382408098,154
18,2930535,2930701,7.799877194620828,8.037575930379171,0.786166496616556,167
18,2931220,2931372,8.774868649698954,8.992640383504172,1.0,153
18,2931850,2931856,9.671575925089579,9.681539553426047,1.0,7
18,2931858,2931859,9.682962887980203,9.685809572957297,1.0,2
18,2931861,2932016,9.687232907511454,9.909274660847922,1.0,156
18,2932790,2932931,11.009520505167703,11.211635500691672,-0.8085983430705946,142
18,2933566,2933671,12.114036374308329,12.264910891316672,-0.1663824445877155,106
18,2933673,2933736,12.266334225870828,12.357428225301046,-0.1663824445877155,64
18,2934332,2934457,13.204318600870828,13.383660158894797,-1.0,126
18,2935032,2935211,14.200660153605204,14.456862307332296,-1.0,180
18,2935752,2935891,15.225468747355203,15.424737063191671,0.03736199906204483,140
18,2936589,2936729,16.416808591105205,16.61750024678542,0.3798860869604365,141
18,2937185,2937310,17.26512231180833,17.444463869832294,-0.628573895697128,126
18,2937861,2937998,18.227303708292705,18.42372534444167,0.024059368006282115,138
18,2938624,2938762,19.313315915323955,19.51116089131667,-0.2732951948409204,139
19,2974541,2974585,-9.349396975301046,-9.28534643290208,-1.0,45
19,2977189,2977252,-5.580378908894796,-5.489284909464579,-1.0,64
19,2978157,2978259,-4.2025808131916715,-4.055976315714578,-1.0,103
19,2978744,2978888,-3.367077395222921,-3.160692136027079,0.0,145
19,2979410,2979584,-2.419129397176046,-2.170043942667704,-0.7742320022098182,175
19,2980097,2980308,-1.441291262410421,-1.1395422336833287,0.06340195336862418,212
19,2980589,2980817,-0.7410056178791713,-0.4150595676677038,0.2588054585889605,229
19,2981671,2981758,0.7990539524333288,0.9243083522541713,-1.0,88
19,2981762,2981762,0.9285783664958287,0.9300017116291712,-1.0,1
19,2981765,2981766,0.9328483860270788,0.9356950710041713,-1.0,2
19,2981771,2981799,0.9413884250895788,0.9826655299885463,-1.0,29
19,2982198,2982379,1.549156735636454,1.8082055690510461,0.2605885997407042,182
19,2982787,2982952,2.387507077433329,2.623782473347921,0.7057930411263533,166
19,2983594,2983770,3.536146725870829,3.788078615926046,0.02756667023935915,177
19,2984255,2984443,4.476977780558329,4.745989992879172,0.12258630535528893,189
19,2984887,2985072,5.376531979777078,5.641274172566671,0.7257881597341399,186
19,2985518,2985701,6.274662595011454,6.536558108113547,1.0,184
19,2986184,2986400,7.222610593058328,7.531476321004171,1.0,217
19,2987701,2987868,9.381825192667703,9.62094702412917,0.05299390535573427,168
19,2988370,2988552,10.334042966105203,10.594515139363546,-0.3913859819432623,183
19,2989122,2989287,11.404398434855203,11.640673830769797,-0.2983741143128598,166
19,2989873,2990079,12.473330807902078,12.76796313741042,-1.0,207
19,2990631,2990807,13.552226315714579,13.804158449910421,-0.19527405029188466,177
19,2991314,2991482,14.524371091105204,14.764916262410422,0.6783636565726547,169
19,2991958,2992147,15.441005368448954,15.711440920613546,0.023770607616803743,190
19,2992709,2992865,16.509937497355207,16.73340259053542,-0.8884191343276533,157
19,2992871,2992912,16.740519528605205,16.800299807332294,-0.8884191343276533,42
19,2993483,2993680,17.61160668680833,17.89342895772292,0.10536620360292066,198
19,2994818,2994878,19.511772458292704,19.59859643819167,0.018354593010559316,61
19,2994880,2994986,19.60001977274583,19.75231762959792,0.018354593010559316,107
20,3072676,3072816,-19.48642212178542,-19.285730466105207,-0.5668535173617754,141
20,3073226,3073376,-18.70358227803542,-18.488657223917706,-0.8530598377191577,151
20,3073799,3073980,-17.88800561787917,-17.62895678446458,1.0,182
20,3074827,3074942,-16.42480688741042,-16.259698727823956,-1.0,116
20,3075453,3075569,-15.533792727254172,-15.367261471964579,-0.22606167401554625,117
20,3076115,3076169,-14.591538332722921,-14.513254391886454,0.017886264239767673,55
20,3076172,3076210,-14.510407717488546,-14.454897214152078,0.017886264239767673,39
20,3076212,3076264,-14.453473879597922,-14.378036618448954,0.017886264239767673,53
20,3076904,3077077,-13.468519045613547,-13.220856930948953,0.3445074381628202,174
20,3077481,3077650,-12.647248781941672,-12.405280270792703,-0.8610160401325843,170
20,3078149,3078289,-11.696454348347922,-11.495762692667704,-0.7280310753362081,141
20,3078764,3078948,-10.821096926472922,-10.557778073527079,0.02143335310104036,185
20,3079710,3079853,-9.474612551472921,-9.269650876261453,0.0,144
20,3080318,3080527,-8.609218752644797,-8.310316159464579,-0.3435017490156615,210
20,3080956,3081139,-7.7011245143635465,-7.439229001261453,0.6002176113578913,184
20,3081708,3081917,-6.630769045613547,-6.331866452433329,-1.0,210
20,3082005,3082091,-6.208035403035422,-6.084204343058328,0.11075127313903524,87
20,3082538,3082709,-5.449392580769796,-5.204577145792704,0.5818539827636063,172
20,3083152,3083358,-4.575458498738547,-4.280826169230203,-0.34975319508811703,207
20,3083891,3084085,-3.523606447957296,-3.246054196573954,0.402736669049523,195
20,3084555,3084679,-2.578505373738546,-2.4005871555583287,-0.1721192830265701,125
20,3084767,3084901,-2.276756106160421,-2.084604733683329,-1.0,135
20,3084923,3085075,-2.054714358113546,-1.8369426243083289,-1.0,153
20,3085214,3085347,-1.640520998738546,-1.4497927219645788,0.5730093283712248,134
20,3085844,3085973,-0.7438134792072962,-0.5587785618083287,0.6024406736817589,130
20,3087379,3087523,1.4410212375895788,1.6474062526447961,-0.7158894677045735,145
20,3088051,3088192,2.3975092746989537,2.5996242702229213,0.11864822634801213,142
20,3088330,3088560,2.794622555948954,3.123415285847921,-1.0,231
20,3088581,3088716,3.1518820774333287,3.345457033894796,-1.0,136
20,3088751,3088901,3.393850827433329,3.608775881551046,0.1899969149708555,151
20,3088903,3089031,3.6101992161052037,3.793810793660421,0.1899969149708555,129
20,3089536,3089825,4.511176755167703,4.923946779988547,-0.789095700668842,290
20,3090408,3090564,5.752333737589578,5.975798830769796,0.81489560756787,157
20,3091095,3091225,6.7301718723552035,6.916630129597921,0.5210098137697796,131
20,3091842,3091997,7.793410641886453,8.01545239522292,0.07236356845561275,156
20,3092512,3092665,8.747051755167703,8.966247072957296,0.8521357982165031,154
20,3093233,3093389,9.773283688761454,9.99674878194167,0.04518782924251297,157
20,3093986,3093997,10.845062497355203,10.862142824910421,-0.6363570153928315,12
20,3093999,3094169,10.863566159464579,11.106958010457296,-0.6363570153928315,171
20,3094278,3094369,11.26067944071458,11.391627199910422,-1.0,92
20,3094939,3095138,12.20151049540208,12.486179446004172,0.03918943139327496,200
20,3095671,3095801,13.243399167277078,13.429857424519797,0.9235180992854044,131
20,3096408,3096543,14.292404538370828,14.485979494832296,-0.04580981191184429,136
20,3097168,3097344,15.374146725870828,15.626078860066672,-1.0,177
20,3097752,3097907,16.205380368448957,16.42742212178542,-0.6355527691250503,156
20,3098512,3098624,17.287122555948955,17.44796069600417,-0.23209002606561271,113
20,3098781,3098883,17.670002438761454,17.816606936238546,-0.9903222898599304,103
20,3099331,3099485,18.452842282511455,18.67346069600417,-0.5071568270332987,155
20,3100010,3100150,19.41929369852708,19.619985354207294,-1.0,141
21,3116936,3117062,-18.810166506551045,-18.629401852823957,0.983451657405709,127
21,3117624,3117786,-17.830905276082294,-17.598899899698957,1.0,163
21,3118544,3118656,-16.521427737019796,-16.36058959696458,0.7691861838844493,113
21,3119378,3119501,-15.334357912801046,-15.157863034464578,-0.0065542009503497785,124
21,3120303,3120479,-14.017763430379171,-13.765831540323953,1.0,177
21,3121500,3121601,-12.314019533894797,-12.168838132120829,-0.6736667096198373,102
21,3123269,3123329,-9.796121828816672,-9.709297848917704,-0.7830986385017928,61
21,3123332,3123446,-9.706451174519797,-9.54276635477708,-0.7830986385017928,115
21,3124619,3124759,-7.874605959676047,-7.673914303995828,-0.016971166593950853,141
21,3125613,3125738,-6.459800783894797,-6.280459470011453,0.0,126
21,3127037,3127184,-4.432957522176046,-4.222302243448953,-0.9114217999699759,148
21,3127274,3127370,-4.095624514363546,-3.957560055948954,-1.0,97
21,3128114,3128239,-2.900014651082296,-2.7206733371989538,0.4399234512879396,126
21,3128392,3128496,-2.5043247096760464,-2.354873532511454,0.07964377877227523,105
21,3129130,3129308,-1.4538959987385462,-1.1991171848552038,0.6763053929902647,179
21,3130033,3130034,-0.16861548116042122,-0.1657687961833288,1.0,2
21,3130037,3130158,-0.1629221217854212,0.010726076863546218,1.0,122
21,3131013,3131176,1.2262629368083289,1.459691408894796,0.426161169086888,164
21,3132544,3132827,3.4054042942302036,3.809634279988546,-1.0,284
21,3132829,3132881,3.8110576145427038,3.886494875691671,-1.0,53
21,3132912,3132970,3.9291953098552037,4.013172610066672,0.6599571851155026,59
21,3132996,3133077,4.048756345011453,4.165470461629171,1.0,82
21,3133091,3133137,4.183974118448954,4.250871340535421,1.0,47
21,3133176,3133257,4.304958249308329,4.421672610066672,1.0,82
21,3133318,3133388,4.507073239542703,4.608130862019797,1.0,71
21,3133432,3133516,4.669334714152078,4.790319094441672,1.0,85
21,3133596,3133671,4.902763425089578,5.010937502644796,1.0,76
21,3133799,3133910,5.1917023899333286,5.351116946004171,1.0,112
21,3133988,3134047,5.4607145969645785,5.546115237019797,0.35097466812945743,60
21,3134232,3134316,5.808010739542703,5.9289951198322965,-1.0,85
21,3134788,3134837,6.5993906223552035,6.670557863972921,-0.2001731615100306,50
21,3142578,3142679,17.68724926493333,17.83243042256667,-0.3426888014728507,102
21,3143335,3143507,18.764721677042704,19.01096020772292,-0.6137113731869724,173
21,3144002,3144095,19.714092770792707,19.847887209676045,-0.8623950972377863,94
22,3188413,3188543,-19.703726565144795,-19.51726830790208,0.6577795990495418,131
22,3188647,3188708,-19.370663821004168,-19.28241625712083,0.125195921689784,62
22,3188711,3188888,-19.27956958272292,-19.026214352823956,0.125195921689784,178
22,3189599,3189713,-18.015639162801044,-17.851954587198954,0.030317284384762604,115
22,3190448,3190593,-16.807219240926045,-16.59941088602708,0.3744815047337028,146
22,3191949,3192108,-14.67077807881667,-14.443042966105203,-0.2343009465332814,160
22,3192789,3192907,-13.475168215535422,-13.305790036417703,-0.8305283831715136,119
22,3193083,3193232,-13.056704836629171,-12.843202878214578,-0.43593628250586575,150
22,3193958,3194152,-11.811277834676046,-11.533725339152078,0.7513895347871845,195
22,3195326,3195454,-9.864141604207296,-9.680530026652079,-1.0,129
22,3195571,3195675,-9.515422121785422,-9.365970700480203,0.0,105
22,3195711,3195815,-9.316153811238546,-9.166702389933329,-0.78467230040158,105
22,3195860,3195943,-9.104075197957297,-8.984514401652078,-0.5939864451762208,84
22,3197009,3197031,-7.468651858113547,-7.435914792277078,1.0,23
22,3197033,3197166,-7.434491457722921,-7.243763180948953,1.0,134
22,3197788,3197925,-6.359865969441672,-6.163444333292704,0.35442224198922173,138
22,3198785,3198951,-4.940790774129171,-4.703092038370828,1.0,167
22,3199107,3199286,-4.482473635457296,-4.226271481730204,1.0,180
22,3200237,3200350,-2.874093752644796,-2.711832272745829,-0.2621609006354423,114
22,3200495,3200561,-2.5068706081135463,-2.411506589152079,0.29921049632380753,67
22,3201212,3201342,-1.4863322780354211,-1.2998740207927038,-0.058336090410174415,131
22,3203345,3203500,1.5496630832927039,1.7717048366291712,-0.2563151887130851,156
22,3203583,3203708,1.8884191868083289,2.067760744832296,0.47432098525349903,126
22,3204263,3204432,2.856293942667704,3.098262453816671,0.7459315994934422,170
22,3205006,3205159,3.913839352823954,4.133034426472921,1.0,154
22,3205947,3206073,5.253207028605203,5.433971926472921,0.3091251754398842,127
22,3206131,3206219,5.515102536417704,5.641780276082296,0.21649699110511245,89
22,3206347,3206472,5.822545163370829,6.001886477254172,0.7247006263454825,126
22,3207206,3207224,7.045198483683328,7.072242190144797,0.9248762542825453,19
22,3207226,3207360,7.073665524698954,7.2658171413166714,0.9248762542825453,135
22,3207971,3208163,8.134057614542703,8.408763186238547,0.6938620620512207,193
22,3208873,3209010,9.41791479227708,9.614336428426046,0.6537699231477985,138
22,3211338,3211446,12.926460690714578,13.08160522725417,-1.0,109
22,3211556,3211609,13.236749997355203,13.313610598347921,0.10477236741008618,54
22,3212199,3212361,14.151960934855204,14.383966067097921,-0.1738204781476262,163
22,3212475,3212549,14.544804196573953,14.651554934285421,-0.23640674046631943,75
22,3212655,3212720,14.80100610087083,14.894947024129172,0.5406717486074569,66
22,3213754,3213856,16.36526244852708,16.51186694600417,-0.7913269824061353,103
22,3214993,3215108,18.128787106730204,18.29389526631667,-0.4497834795253665,116
22,3215414,3215490,18.72801537821458,18.83761303975417,-1.0,77
23,3241121,3241286,-19.457051272176045,-19.220775876261456,0.6516955797059609,166
23,3241402,3241492,-19.057091311238544,-18.927566891886457,0.5958703765488688,91
23,3244458,3244572,-14.707348635457297,-14.543663815714579,1.0,115
23,3244680,3244779,-14.391365969441672,-14.249031491495828,-0.11756649000233406,100
23,3244947,3245032,-14.011332766316672,-13.888925046183328,0.11049358657949046,86
23,3247875,3248003,-9.84377807881667,-9.660166745402078,0.0,129
23,3248106,3248195,-9.514985354207296,-9.386884518839578,0.5744065595242539,90
23,3249566,3249627,-7.436901613972921,-7.3486542942302036,-0.3458494399110967,62
23,3250315,3250419,-6.370816164754172,-6.221364743448953,0.4441309980777483,105
23,3250551,3250602,-6.034906740926046,-5.960892575480203,-0.011484062967141204,52
23,3250713,3250811,-5.804324709676046,-5.663413571573954,-0.15397739584411776,99
23,3253818,3253859,-1.384838137410421,-1.3250576145427038,-0.7724794193516358,42
23,3253863,3253962,-1.3207876003010461,-1.178453122355204,-0.7724794193516358,100
23,3255421,3255586,0.8967841770427037,1.133059572957296,1.0,166
23,3256019,3256180,1.7479445774333289,1.9785263698322961,1.0,162
23,3257080,3257239,3.2581137668864537,3.485848879597921,1.0,160
23,3258453,3258593,5.2123666965739535,5.413058352254172,1.0,141
23,3259739,3259838,7.042788571573953,7.185123049519796,0.9924053893176306,100
23,3260497,3260700,8.121684079386453,8.412046389363546,0.9445746054162253,204
23,3261528,3261679,9.589152829386453,9.805501467488547,1.0,152
23,3262506,3262738,10.981184567667704,11.31282397725417,0.38210314057015454,233
23,3263938,3264048,13.019414792277079,13.177406008504171,1.0,111
23,3265018,3265200,14.556627438761453,14.817099612019797,0.649472254043782,183
23,3265218,3265269,14.841296384073953,14.915310305379172,-1.0,52
23,3266254,3266375,16.31588207743333,16.48953003194167,0.4464735234424628,122
23,3267604,3267671,18.237397946573957,18.33418530537917,1.0,68
23,3267673,3267725,18.33560863993333,18.41104614522292,1.0,53
23,3267730,3267731,18.41673949930833,18.41958618428542,1.0,2
23,3268485,3268596,19.49136498758958,19.65077954366042,-0.12788715421097555,112
24,3274764,3274915,-19.30245093037917,-19.086102536417705,1.0,152
24,3278767,3278893,-13.604800295613547,-13.424035397745829,0.8751619509164532,127
24,3279552,3279700,-12.487474367879171,-12.275395993448953,0.0,149
24,3279848,3279936,-12.066164309285421,-11.93948656962083,-1.0,89
24,3280916,3281066,-10.546031740926047,-10.331106442667704,-0.2122756411105282,151
24,3281864,3282009,-9.19670044209792,-8.988892087198954,0.44897647281468295,146
24,3283979,3284069,-6.186325442097922,-6.056801022745828,-0.6521843585106871,91
24,3285222,3285344,-4.417107424519797,-4.242036130167703,0.35780340356208246,123
24,3287589,3287656,-1.048049563191671,-0.9512622043864537,-1.0,68
24,3287658,3287680,-0.9498388698322963,-0.9171018039958287,-1.0,23
24,3288470,3288616,0.20591747782395378,0.4151491725666712,-0.9121882221491385,147
24,3289633,3289789,1.8612678196208288,2.084733156941671,-1.0,157
24,3290402,3290825,2.955820309855204,3.559318606160421,1.0,424
24,3290827,3291546,3.560741940714579,4.585550539754172,1.0,720
24,3291632,3291715,4.706534909464579,4.826095705769797,1.0,84
24,3291803,3291861,4.949926755167703,5.033904299519796,1.0,59
24,3291942,3291990,5.147771725870828,5.217515627644796,-0.1973229550061739,49
24,3292223,3292279,5.547731686808328,5.628862551472921,-0.8151246862959742,57
24,3299651,3299820,16.120339352823954,16.362308108113545,-0.7841347091688896,170
24,3300142,3300406,16.81920190165208,17.19638843037917,1.0,265
24,3300865,3300970,17.84828051493333,17.99915503194167,1.0,106
24,3300972,3301033,18.00057836649583,18.088825686238543,1.0,62
25,3438435,3438624,-20.0,-19.72969408915208,-1.0,190
25,3439222,3439386,-18.879957033894794,-18.645104977823955,-1.0,165
25,3439408,3439541,-18.615214846394796,-18.42448656962083,-1.0,134
25,3439581,3439795,-18.368976076863543,-18.06295678446458,-1.0,215
25,3440451,3440629,-17.13066577412917,-16.87588696024583,-0.4853790633971715,179
25,3441381,3441534,-15.806954836629172,-15.587759762980204,-1.0,154
25,3442158,3442300,-14.701015627644797,-14.497477292277079,-1.0,143
25,3443609,3443767,-12.635741946004172,-12.409429928995829,-1.0,159
25,3443880,3443982,-12.250015383504172,-12.103410886027078,-1.0,103
25,3444789,3445023,-10.956194582722922,-10.621708493448953,0.0,235
25,3445951,3446122,-9.302267580769797,-9.057452145792704,-0.9758639928390969,172
25,3446805,3447012,-8.086730715535422,-7.7906750461833285,-0.25371642691236684,208
25,3447786,3447971,-6.690429201863546,-6.425687009073953,0.4308322705816607,186
25,3448610,3448832,-5.517592776082297,-5.200187009073954,0.6936595351329856,223
25,3449761,3449963,-3.8793225124104214,-3.590383542277079,0.3226457865266757,203
25,3451252,3451431,-1.7571149928791712,-1.500912839152079,-0.24422312331223567,180
25,3452091,3452253,-0.5629284694416713,-0.3309230930583288,1.0,163
25,3453669,3453802,1.683110104777079,1.8738383815510462,-1.0,134
25,3454393,3454597,2.713612057902079,3.005397707722921,-0.3175358217841797,205
25,3455394,3456388,4.138380612589579,5.554608889363546,1.0,995
25,3456493,3456545,5.702636716105204,5.778074221394797,-1.0,53
25,3456619,3456711,5.881978268839578,6.014349367879172,-1.0,93
25,3456795,3456900,6.132487057902078,6.283361574910422,-1.0,106
25,3457192,3457303,6.697555173136453,6.856969729207297,-0.6481125992050931,112
25,3458623,3458672,8.734362057902079,8.805529299519797,-1.0,50
25,3465451,3465625,18.45296264383958,18.702047854207294,-0.7766840455476878,175
25,3466348,3466516,19.729703122355204,19.970248537801044,-1.0,169
26,3454393,3454597,-19.25338794209792,-18.96160229227708,0.6575783839730186,205
26,3455394,3456388,-17.82861938741042,-16.412391110636456,1.0,995
26,3456493,3456545,-16.264363283894795,-16.188925778605206,-1.0,53
26,3456619,3456711,-16.08502173116042,-15.952650632120829,-0.7016121569914442,93
26,3456795,3456900,-15.834512942097922,-15.683638425089578,-0.8014011010288422,106
26,3457192,3457303,-15.269444826863547,-15.110030270792704,0.3938290532639211,112
26,3458623,3458672,-13.232637942097922,-13.161470700480203,-1.0,50
26,3465451,3465625,-3.5140373561604212,-3.2649521457927038,0.2912488503055548,175
26,3466348,3466516,-2.237296877644796,-1.996751462198954,0.0,169
26,3467176,3467361,-1.0587670924885462,-0.7940248996989537,-1.0,186
26,3469608,3469763,2.4028083469645787,2.624850100301046,0.6718402813261484,156
26,3470640,3470786,3.8717004368083288,4.080932131551046,1.0,147
26,3471395,3471554,4.946325925089578,5.174061281941672,0.34739719302867966,160
26,3472000,3472168,5.807449704386453,6.047995119832296,0.8482797569931065,169
26,3472830,3473001,6.988826169230204,7.233641604207296,1.0,172
26,3473580,3473748,8.056335202433328,8.296880373738547,0.6078045851516535,169
26,3474147,3474357,8.863371823527078,9.163697756551047,1.0,211
26,3474777,3474970,9.760079343058328,10.036208254597922,1.0,194
26,3475487,3475666,10.770654294230203,11.026856447957297,0.714721266831707,180
26,3476164,3476330,11.734259030558329,11.971957522176046,0.861415227645805,167
26,3476964,3477118,12.872935055948954,13.093553469441671,0.0009298402665323067,155
26,3477681,3477846,13.893473630167703,14.129748781941672,0.370294639638019,166
26,3478372,3478533,14.877004880167704,15.107586916707296,0.20657343361280545,162
26,3479007,3479163,15.780829098917703,16.004294436238546,0.8802931126201393,157
26,3479812,3480000,16.926622067667704,17.195634279988546,0.4006939778206758,189
26,3480496,3480677,17.90019018290208,18.159238772176046,0.7530281412330152,182
26,3481103,3481300,18.764160641886455,19.045982912801044,-0.044918237607179855,198
26,3481738,3481917,19.66798461649583,19.92418677022292,0.09867554256975096,180
27,3577783,3577927,-19.729832033894795,-19.52344701883958,-0.3179493233382339,145
27,3578425,3578590,-18.816044436238546,-18.579769040323956,-0.15616752754029098,166
27,3578592,3578684,-18.578345705769795,-18.445974606730204,-0.15616752754029098,93
27,3579155,3579328,-17.777002444051046,-17.529340329386454,0.6908422704398851,174
27,3579906,3580064,-16.708070315144795,-16.481758298136455,0.23678058927260248,159
27,3580592,3580776,-15.731655520222922,-15.468336667277079,-0.618122405628102,185
27,3581310,3581355,-14.709693606160421,-14.644219723917704,0.0693641829217087,46
27,3581358,3581359,-14.641373049519796,-14.638526364542704,0.0693641829217087,2
27,3581363,3581364,-14.634256350301047,-14.631409665323954,0.0693641829217087,2
27,3581367,3581477,-14.628562990926046,-14.470571774698954,0.0693641829217087,111
27,3581996,3582168,-13.733278811238547,-13.487040280558329,0.6603053805104191,173
27,3582627,3582784,-12.835148196004171,-12.610259518839579,0.3469971259205822,158
27,3582937,3583152,-12.393911135457296,-12.086468503214578,1.0,216
27,3585231,3585335,-9.128757326863546,-8.979306149698953,-1.0,105
27,3585867,3586064,-8.223510012410422,-7.941687497355203,-0.3400329899302628,198
27,3586622,3586839,-7.148884279988547,-6.838594968058328,-0.5761628106840864,218
27,3586903,3586921,-6.748924319051047,-6.721880856730204,-0.41532391868972884,19
27,3586926,3586927,-6.716187502644797,-6.713340817667703,-0.41532391868972884,2
27,3586931,3587139,-6.709070559285421,-6.411591550089579,-0.41532391868972884,209
27,3587141,3587243,-6.410168215535421,-6.263563718058329,-0.41532391868972884,103
27,3587844,3588002,-5.409556643269797,-5.1832446262614535,0.2405579238787513,159
27,3588503,3588644,-4.471572024129172,-4.269457028605204,0.7059798381085666,142
27,3589225,3589398,-3.4439169948322963,-3.1962548801677038,0.0,174
27,3589525,3589634,-3.016913332722921,-2.8603454563395787,-1.0,110
27,3589636,3589682,-2.858922121785421,-2.792024899698954,-1.0,47
27,3590087,3590095,-2.216993410847921,-2.204183346964579,-0.12373330854037584,9
27,3590097,3590229,-2.202760012410421,-2.013455075480204,-0.12373330854037584,133
27,3590938,3591122,-1.0057268092854212,-0.7424079563395788,0.1223633587476933,185
27,3592673,3592786,1.463777096964579,1.626038332722921,-0.6832987961199978,114
27,3593503,3593694,2.645153561808329,2.918435793660421,-0.5254777676415352,192
27,3594120,3594310,3.5233574192302037,3.795216311238546,1.0,191
27,3594772,3594939,4.451378415323953,4.690500490926047,-0.215983949247688,168
27,3595699,3595867,5.770819577433328,6.011364748738546,-0.16880261153790832,169
27,3596342,3596545,6.6860302707927035,6.9763928249104215,-0.14095831272823053,204
27,3597013,3597181,7.641094968058328,7.8816403835041715,-1.0,169
27,3597627,3597794,8.515028805948953,8.754150881551046,0.2688535854940278,168
27,3598481,3598676,9.730565671183328,10.009541262410421,-0.0849830258429314,196
27,3599184,3599341,10.731177243448954,10.956065676472921,1.0,158
27,3599989,3600136,11.876969968058328,12.087625246785421,-1.0,148
27,3600693,3600783,12.879005124308328,13.008529543660421,-0.1314643332626454,91
27,3600786,3600787,13.011376218058329,13.01422290303542,-0.1314643332626454,2
27,3600791,3600813,13.018492917277078,13.051229738972921,-0.1314643332626454,23
27,3601364,3601509,13.834069577433329,14.041877932332296,0.35848470252946435,146
27,3602023,3602140,14.772054196573954,14.940008791707296,-0.3839670273693377,118
27,3602940,3603045,16.07726147196458,16.228136233113545,-0.5116297871120171,106
27,3603982,3604164,17.560387204386455,17.820859377644794,-0.9924507760273609,183
27,3604664,3604823,18.53110863993333,18.758843752644793,0.06308967247966574,160
27,3605646,3605695,19.928833493448955,20.0,0.4751693722069983,50
28,3669914,3670083,-19.746621584676046,-19.504652829386455,-0.1089788989420479,170
28,3670088,3670089,-19.498959475301046,-19.496112790323956,-0.1089788989420479,2
28,3670553,3670740,-18.837104006551044,-18.569515134073956,-0.2436357599747448,188
28,3671228,3671434,-17.87634594991042,-17.58171362040208,-1.0,207
28,3671927,3672089,-16.881427737019795,-16.649422360636454,-0.2077165753449051,163
28,3672610,3672788,-15.909282961629172,-15.654504147745829,0.2940453506281031,179
28,3673340,3673500,-14.87024096944167,-14.641082516886453,0.35563698142514,161
28,3674815,3674943,-12.770806887410421,-12.587195553995828,-0.7711696257231819,129
28,3675964,3676122,-11.135383303426046,-10.909071530558329,-0.9058121563314869,159
28,3676727,3676911,-10.049371096394797,-9.786052243448953,-0.23702660212655166,185
28,3677481,3677612,-8.976168947957296,-8.788287350870828,-0.67879356464386,132
28,3677753,3677779,-8.589019045613547,-8.550588620402078,-1.0,27
28,3677781,3677910,-8.549165285847922,-8.364130368448953,-1.0,130
28,3677953,3678047,-8.304349856160421,-8.169132077433328,-1.0,95
28,3678098,3678288,-8.097964846394797,-7.8261059543864535,0.6090223209068297,191
28,3678789,3678964,-7.114433352254172,-6.863924557902078,0.00663666338759585,176
28,3679420,3679569,-6.216302737019797,-6.002800778605203,0.0,150
28,3680179,3680334,-5.135983645222922,-4.913941891886453,-1.0,156
28,3680895,3681078,-4.116868654988546,-3.854973141886454,0.3982563679467876,184
28,3681563,3681746,-3.1660739772541713,-2.904178464152079,0.044006522128210684,184
28,3682339,3682449,-2.0615581081135463,-1.903566891886454,-0.31470178964345225,111
28,3683009,3683207,-1.1079169948322962,-0.8246713840739537,0.4365075613896641,199
28,3683696,3683859,-0.13007886006667121,0.10334985616042122,-0.5941674923942459,164
28,3685032,3685164,1.7715102512614538,1.960815188191671,-1.0,133
28,3685734,3685893,2.770698483683329,2.998433840535421,-1.0,160
28,3686473,3686658,3.822550534464579,4.087292727254171,-0.23781919470489632,186
28,3687281,3687416,4.972613522745829,5.166188479207297,0.6221548382589274,136
28,3688037,3688260,6.048662350870829,6.367491701863546,-0.5416962615046365,224
28,3688788,3689001,7.117594479777078,7.422190432332297,-0.5666943652615379,214
28,3692244,3692266,12.036675290323954,12.069412356160422,-1.0,23
28,3692268,3692270,12.070835690714578,12.075105715535422,-1.0,3
28,3692272,3692306,12.076529050089578,12.126346194051047,-1.0,35
28,3692308,3692309,12.127769528605203,12.130616213582297,-1.0,2
28,3692312,3692372,12.133462887980203,12.220286867879171,-1.0,61
28,3692855,3693072,12.906339352823954,13.216628420613546,-1.0,218
28,3695226,3695367,16.28109057352708,16.483205569051044,-1.0,142
28,3695523,3695588,16.70382397196458,16.79776489522292,-1.0,66
28,3696021,3696195,17.412649899698955,17.661735354207295,-0.4373262464470649,175
28,3696815,3696994,18.54278588602708,18.79898803975417,-0.6623614422809497,180
28,3697514,3697658,19.537704098917704,19.744089358113545,-1.0,145
29,3761501,3761584,-19.99971069600417,-19.88014965555833,-1.0,84
29,3762328,3762484,-18.82260425069167,-18.599139157511456,-1.0,157
29,3763430,3763437,-17.25407788350417,-17.24269115946458,-1.0,8
29,3763440,3763593,-17.23984448506667,-17.020649411417704,-1.0,154
29,3764291,3764430,-16.02857788350417,-15.829309567667703,-1.0,140
29,3764881,3765061,-15.188804201863547,-14.931178708292704,0.273637234230826,181
29,3765063,3765185,-14.929755373738546,-14.754683835245828,0.273637234230826,123
29,3766394,3766501,-13.035282961629171,-12.881561764933329,-1.0,108
29,3767026,3767195,-12.135728762410421,-11.893760251261453,-1.0,170
29,3767811,3767981,-11.018402834676047,-10.775010983683329,-1.0,171
29,3768682,3768864,-9.778669436238546,-9.518197262980204,-0.46555413723832406,183
29,3769528,3769747,-8.574519289754171,-8.261383542277079,0.2334529627323527,220
29,3769749,3769832,-8.259959963582297,-8.140399167277078,0.2334529627323527,84
29,3770617,3770860,-7.024496584676046,-6.677200192667703,0.3409486857457679,244
29,3771485,3771617,-5.789032961629172,-5.599728024698954,0.41479217686960096,133
29,3772368,3772506,-4.532219240926047,-4.334374264933328,-0.9656335125208169,139
29,3773215,3773386,-3.326645754597921,-3.081830563761454,-0.18326316538244128,172
29,3774027,3774248,-2.1708896510822964,-1.8549069797770787,0.5130283083928519,222
29,3774957,3775212,-0.8471787135822962,-0.4828022434489538,0.0,256
29,3776547,3776737,1.4159401829020788,1.6877990749104212,-1.0,191
29,3777161,3777377,2.2898740207927037,2.598739992879171,-0.21671584014887227,217
29,3778097,3778291,3.6221249973552037,3.8996774928791713,1.0,195
29,3779481,3779622,5.592034665323953,5.794149660847921,-0.1235301721937012,142
29,3780444,3780559,6.962716061808329,7.127824221394796,-0.08123470085166166,116
29,3781692,3781826,8.739050778605204,8.931202395222922,-1.0,135
29,3781938,3782030,9.089193845011453,9.221564944051046,-1.0,93
29,3782781,3782946,10.289073727823954,10.52534887959792,0.32382149685753475,166
29,3783584,3783755,11.432019772745829,11.676835207722922,-1.0,172
29,3784235,3784470,12.358617428995828,12.694526858113546,-1.0,236
29,3784882,3785061,13.27952172587083,13.535723879597922,-0.028493936894745647,180
29,3785780,3785963,14.55768578837083,14.81958130147292,-0.5806185374280707,184
29,3786632,3786637,15.77037572977708,15.778915774129171,-0.5913126642161753,6
29,3786639,3786665,15.780339108683329,15.818769533894796,-0.5913126642161753,27
29,3786667,3786791,15.820192868448954,15.998111086629171,-0.5913126642161753,125
29,3787540,3787694,17.06277319071458,17.283391604207296,0.11241790323296826,155
29,3788505,3788710,18.436301266886456,18.729510256551045,-1.0,206
29,3788738,3788885,18.76794067118333,18.978595705769795,-1.0,148
29,3789357,3789428,19.648991208292706,19.751472170613546,-1.0,72
29,3789433,3789603,19.757165524698955,20.0,-1.0,171
30,3809978,3810129,-19.79320874287917,-19.576860348917705,0.9179489152739984,152
30,3810691,3810860,-18.77836352803542,-18.536395016886456,-0.5597319130856817,170
30,3812444,3812573,-16.28323950459792,-16.09820483133958,-0.3340821450861272,130
30,3813116,3813298,-15.326751711629171,-15.066279538370829,-0.8415736427483272,183
30,3813692,3813810,-14.506904787801046,-14.337526852823954,0.8872803606572228,119
30,3814214,3814365,-13.763918703816671,-13.547570309855203,-0.7654884046875625,152
30,3814371,3814372,-13.540453615926047,-13.537606930948954,-0.7654884046875625,2
30,3814376,3814394,-13.533336916707297,-13.506293210245829,-0.7654884046875625,19
30,3814819,3815001,-12.902794924519796,-12.642322751261453,0.017607291167085305,183
30,3815399,3815611,-12.07725464131667,-11.774082272745828,0.5840363780657077,213
30,3816107,3816238,-11.069526369832296,-10.881644772745828,-0.15979828656458941,132
30,3816670,3816825,-10.268183108113547,-10.04614135477708,0.9930272960730313,156
30,3817273,3817470,-9.409906008504171,-9.128083737589579,-1.0,198
30,3817915,3818081,-8.496118410847922,-8.258419675089579,0.20443445118439132,167
30,3818558,3818689,-7.580907473347922,-7.393025876261453,-1.0,132
30,3819178,3819307,-6.698433596394796,-6.513398678995828,-0.45248568849083215,130
30,3819754,3819909,-5.878586672566672,-5.656544919230203,-0.2833163147758103,156
30,3820432,3820598,-4.913558596394797,-4.675860104777079,-0.12593060019011593,167
30,3820971,3821172,-4.1463757350666715,-3.858859860636454,0.5440752131078728,202
30,3821586,3821741,-3.271018313191671,-3.0489765598552037,0.6147072025022248,156
30,3822231,3822442,-2.352960696004171,-2.051211667277079,0.0,212
30,3822775,3823015,-1.5786611354572961,-1.2356347629802038,-0.04328265215645308,241
30,3823585,3823722,-0.4257514674885462,-0.2293298313395788,0.9494587036417337,138
30,3824201,3824345,0.4510290500895788,0.6574140651447963,-1.0,145
30,3824843,3825053,1.3648166477458288,1.6651425807697962,0.2594539349974811,211
30,3825558,3825686,2.382508542277079,2.566119875691671,-0.8190670896595387,129
30,3826164,3826335,3.245055661417704,3.489871096394796,-0.4846804149706314,172
30,3826757,3826898,4.089099362589579,4.291214358113547,-0.3666828469886445,142
30,3827280,3827467,4.8335087864177035,5.101097658894797,-1.0,188
30,3827951,3828091,5.7885734836833285,5.989265139363547,-1.0,141
30,3828582,3828711,6.686704098917703,6.871739016316671,0.36392234667067674,130
30,3829133,3829300,7.470967282511453,7.710089358113547,-0.10930303098370833,168
30,3829660,3829823,8.221070309855204,8.454498781941671,0.6392697624105019,164
30,3830243,3830427,9.050880368448954,9.314199221394796,-0.13094452514055227,185
30,3830850,3831016,9.914850827433328,10.152549563191672,1.0,167
30,3831362,3831511,10.643603512980203,10.857105471394796,1.0,150
30,3832001,3832157,11.553121091105204,11.776586428426047,-0.6719504616507278,157
30,3832581,3832617,12.378661374308328,12.431325197957296,-0.36359930482291647,37
30,3832619,3832730,12.432748532511454,12.592163088582296,-0.36359930482291647,112
30,3833185,3833327,13.238361813761454,13.441900149129172,0.04410273959163227,143
30,3833973,3834090,14.35995776102708,14.527912600301047,-0.4579029043100886,118
30,3834525,3834656,15.145644284464579,15.333525881551047,0.2638285606652724,132
30,3835222,3835402,16.137715817667704,16.395341311238546,-0.19919573642229343,181
30,3835870,3836041,17.060043454386456,17.304858889363544,0.07735966442385338,172
30,3836480,3836599,17.92828393290208,18.099085451863544,-0.7047427949951967,120
30,3836604,3836647,18.104778805948957,18.16740600850417,-0.7047427949951967,44
30,3837102,3837244,18.81360473368333,19.017143069051045,0.933869241748278,143
30,3837882,3837935,19.923813962198956,20.0,-1.0,54
31,3945688,3945860,-19.17004077412917,-18.92380199930833,0.29174301082047316,173
31,3946348,3946445,-18.230632815144794,-18.091145016886454,0.09384721666311195,98
31,3946447,3946518,-18.089721682332296,-17.98724096415208,0.09384721666311195,72
31,3946950,3946953,-17.37377905537917,-17.36808569071458,0.24117493995663614,4
31,3946955,3947120,-17.36666235616042,-17.130387204386455,0.24117493995663614,166
31,3947523,3947730,-16.55820239522292,-16.262146481730205,-0.11160675610765804,208
31,3948622,3948753,-14.993946047566672,-14.806064450480203,-0.549184488828471,132
31,3949489,3949629,-13.759905764363547,-13.559214108683328,-0.16103004034416324,141
31,3950103,3950288,-12.885971926472921,-12.621229733683329,-0.40378706130043496,186
31,3950714,3950864,-12.016308108113547,-11.801382809855204,-0.4906941400816342,151
31,3951412,3951639,-11.022813235066671,-10.698290524698953,0.13062741340212775,228
31,3952216,3952388,-9.878443606160422,-9.632204831339578,0.15539770630361302,173
31,3952852,3953062,-8.973196047566672,-8.672870358683328,0.0,211
31,3953682,3953759,-7.791819582722922,-7.6807988254802035,0.3750753202828329,78
31,3953761,3953844,-7.679375490926047,-7.559814450480204,0.3750753202828329,84
31,3954219,3954278,-7.027483401082296,-6.942082516886454,-1.0,60
31,3954296,3954532,-6.917885744832296,-6.5805529758708285,0.85599886133631,237
31,3954548,3954665,-6.559202883504172,-6.3912480442302035,-0.5552284490890869,118
31,3954724,3954814,-6.308694094441671,-6.179169675089579,1.0,91
31,3954904,3954965,-6.052491946004172,-5.964244626261453,0.3801833387542509,62
31,3955116,3955132,-5.750742678426047,-5.726545895792704,1.0,17
31,3955134,3955172,-5.725122561238547,-5.669612057902079,1.0,39
31,3955204,3955256,-5.625488283894796,-5.550051022745828,0.9380533672593289,53
31,3955258,3955303,-5.548627688191671,-5.4831538059489535,0.9380533672593289,46
31,3955429,3955639,-5.305235842488546,-5.004909909464579,-0.5493032076683944,211
31,3955661,3955716,-4.9750195338947965,-4.895312253214579,-1.0,56
31,3955932,3956041,-4.589293215535422,-4.432725095011453,-1.0,110
31,3956209,3956266,-4.195026613972922,-4.112472409464578,-0.6573508707692596,58
31,3957166,3957214,-2.8328852565510463,-2.763141354777079,-1.0,49
31,3965897,3966087,9.59434106180833,9.866199953816672,-0.045204993710252994,191
31,3966788,3967063,10.862541745402078,11.255385012410422,0.7080137991599458,276
31,3968921,3969102,13.898536862589578,14.15758569600417,0.5317434818762244,182
31,3970876,3970986,16.68117651102708,16.839167971394794,-1.0,111
31,3971390,3971526,17.412775876261456,17.60777417256667,-1.0,137
31,3972086,3972222,18.40342406962083,18.598422365926044,-0.3199800575433442,137
31,3972755,3972838,19.355642087198955,19.475203127644797,-0.10629409915935076,84
32,4022184,4022297,-16.32883130147292,-16.16657006571458,-0.37462491259527114,114
32,4022431,4022532,-15.977265139363547,-15.832083981730204,-1.0,102
32,4022973,4023144,-15.205812014363547,-14.960996579386453,0.05850179196270909,172
32,4023802,4023957,-14.025858889363546,-13.803817136027078,-1.0,156
32,4024319,4024463,-13.289989504597921,-13.083604489542703,1.0,145
32,4024912,4025033,-12.445945803426046,-12.272297604777078,0.17027431898905054,122
32,4025541,4025732,-11.550661623738547,-11.277379391886454,1.0,192
32,4026223,4026383,-10.579940432332297,-10.350781735636453,-0.7035919590720928,161
32,4026869,4027041,-9.660459475301046,-9.414220700480204,0.6431080988907912,173
32,4027532,4027705,-8.716781496785421,-8.469119626261453,0.5200358351772116,174
32,4028249,4028381,-7.696243166707297,-7.506938229777078,0.211486300533897,133
32,4028581,4028713,-7.223692629597922,-7.034387692667703,-0.8242805751859563,133
32,4029297,4029428,-6.2045773952229215,-6.016695798136453,-0.20728261266245024,132
32,4030016,4030162,-5.1811921413166715,-4.971960446573953,-0.5460507841969522,147
32,4030785,4030966,-4.0866398952229215,-3.8275910618083286,0.5162656503174449,182
32,4030968,4030971,-3.826167727254171,-3.8204743625895787,0.5162656503174449,4
32,4031587,4031743,-2.945116946004171,-2.7216518528239537,0.0,157
32,4032267,4032464,-1.9772424342854211,-1.6954199192302037,-0.582594554743724,198
32,4032969,4033140,-0.9780542018635463,-0.7332387668864537,-0.1629188699280011,172
32,4034508,4034622,1.2124741184489538,1.3761586940510462,-0.6325570558955507,115
32,4035270,4035481,2.2970629856364537,2.598812258504171,-0.30101453511734083,212
32,4036187,4036359,3.602270505167704,3.848509279988546,0.6516836972533395,173
32,4036987,4037147,4.740946774698953,4.970105227254171,-0.06399263031599331,161
32,4037684,4037838,5.7330183079020784,5.953636721394797,0.41398190013795816,155
32,4038650,4038835,7.107969723917703,7.3727119167072965,-0.6116735219683176,186
32,4039334,4039382,8.081537595011453,8.15128149678542,-0.4814251099011118,49
32,4039387,4039388,8.156975095011454,8.159821779988546,-0.4814251099011118,2
32,4039391,4039508,8.162668454386454,8.330623049519797,-0.4814251099011118,118
32,4040001,4040192,9.030908932902078,9.304191164754172,0.7237821298352711,192
32,4040821,4041010,10.198051999308328,10.468487551472922,0.03833765312370895,190
32,4041561,4041767,11.251327389933328,11.545959719441672,0.0015496768174600105,207
32,4041793,4042043,11.581543454386454,11.938802981160421,-1.0,251
32,4042061,4042159,11.962999753214579,12.103911135457297,0.47082575241022573,99
32,4042176,4042245,12.126684567667704,12.226318606160422,0.3198118780768885,70
32,4042278,4042501,12.271865720011453,12.590695071004172,1.0,224
32,4042564,4042659,12.678942380167703,12.815583498738546,0.8983146967845133,96
32,4042676,4042891,12.838357175089579,13.145799563191671,-1.0,216
32,4043013,4043082,13.318024411417703,13.417658694051047,1.0,70
32,4043258,4043352,13.666743893839579,13.801961672566671,1.0,95
32,4043391,4043452,13.856048825480203,13.944296389363547,-1.0,62
32,4043801,4043880,14.439620358683328,14.553488039754171,1.0,80
33,4260114,4260290,-19.769323733113545,-19.517391598917705,-0.5304998717054671,177
33,4260711,4260889,-18.91958667256667,-18.66480785868333,0.5782103487764341,179
33,4261289,4261453,-18.09689331319167,-17.86204125712083,-1.0,165
33,4261801,4261974,-17.368140627644795,-17.120478512980206,-1.0,174
33,4261976,4262023,-17.119055178426045,-17.05073461649583,-1.0,48
33,4262466,4262657,-16.42161596944167,-16.14833373758958,-1.0,192
33,4263074,4263253,-15.556222170613546,-15.300020016886453,-1.0,180
33,4263636,4263841,-14.756302248738546,-14.463093014933328,1.0,206
33,4264303,4264506,-13.806930910847921,-13.516568600870828,0.0,204
33,4264869,4265090,-13.001317629597922,-12.685334958292703,0.43245511117056723,222
33,4265558,4265844,-12.020632815144797,-11.612132809855204,-0.056185784077477846,287
33,4266811,4266952,-10.237181399129172,-10.035066403605203,0.34571137699115556,142
33,4267558,4267733,-9.17394262959792,-8.92343383524583,-0.029419008207062575,176
33,4268152,4268221,-8.328475588582297,-8.228841550089578,-0.5421320332387395,70
33,4268223,4268303,-8.227417971394797,-8.112127194620829,-0.5421320332387395,81
33,4268701,4268896,-7.547059084676047,-7.2680834934489535,0.15269866815588207,196
33,4269287,4269465,-6.712978762410422,-6.458200192667704,-0.8190054271991333,179
33,4269877,4270084,-5.873205324910422,-5.577149411417704,1.0,208
33,4270538,4270732,-4.932374026082297,-4.654821774698953,0.3133146950771042,195
33,4271242,4271437,-3.9303391139729213,-3.6513635227458288,1.0,196
33,4271833,4272063,-3.089142092488546,-2.760349362589579,-0.08824223018696861,231
33,4272756,4272840,-1.775394533894796,-1.6544101536052038,-1.0,85
33,4273505,4273631,-0.7093090846760463,-0.5285441868083287,-1.0,127
33,4274047,4274187,0.06214404032395378,0.2628356960041712,-0.13274330329449363,141
33,4275048,4275167,1.4869123508708288,1.6577138698322962,-1.0,120
33,4275546,4275636,2.1957382786052038,2.3252626979572963,-0.8359208698421645,91
33,4275641,4275663,2.330956052042704,2.3636931178791714,-0.8359208698421645,23
33,4275668,4275669,2.369386471964579,2.3722331569416713,-0.8359208698421645,2
33,4275674,4275712,2.377926511027079,2.433437014363546,-0.8359208698421645,39
33,4276136,4276328,3.0355119602458287,3.3102175319416713,-0.7012969515859636,193
33,4276735,4276911,3.888095700480204,4.140027834676046,-0.44550655590630556,177
33,4277386,4277561,4.814693356730204,5.065202151082296,-0.43918418402122766,176
33,4278060,4278233,5.774028073527078,6.0216899440510465,-1.0,174
33,4278762,4278867,6.773216305948953,6.924090822957297,1.0,106
33,4278869,4278928,6.925514157511453,7.010914797566672,1.0,60
33,4279642,4279762,8.025760007120828,8.197984865926047,-0.05238987329112349,121
33,4280261,4280420,8.906810544230204,9.134545901082296,0.6937381320225886,160
33,4280972,4281128,9.918809079386454,10.14227417256667,-1.0,157
33,4281156,4281204,10.180704587198953,10.250448488972921,-1.0,49
33,4281670,4281816,10.912303952433328,11.121535647176046,-0.934997432742287,147
33,4282298,4282476,11.806164548136453,12.060943362019797,-1.0,179
33,4282908,4283024,12.674405270792704,12.840936526082297,-1.0,117
33,4283492,4283638,13.505638669230203,13.714870608113547,-1.0,147
33,4283977,4283994,14.195961178995828,14.221581301472922,-1.0,18
33,4283996,4283997,14.223004636027078,14.225851321004171,-1.0,2
33,4284002,4284003,14.231544675089578,14.234391360066672,-1.0,2
33,4284006,4284130,14.237238034464578,14.415156252644797,-1.0,125
33,4284586,4284749,15.062778317667703,15.296207033894797,-0.8982373111027413,164
33,4285224,4285361,15.970872555948953,16.16729419209792,-1.0,138
33,4285842,4285996,16.85049975321458,17.07111841084792,-0.9329275681455758,155
33,4286468,4286632,17.74151391337083,17.976365725301044,0.5530465388140507,165
33,4287068,4287253,18.595520993448954,18.860263186238544,-0.8513728366628951,186
33,4287701,4287834,19.496498532511456,19.687226565144794,-0.7158343787829741,134
34,4271833,4272063,-19.931142092488546,-19.60234936258958,0.3842453910877701,231
34,4272756,4272840,-18.617394533894796,-18.496410153605204,-1.0,85
34,4273505,4273631,-17.551309084676046,-17.37054418680833,-0.5719387864845907,127
34,4274047,4274187,-16.779855959676045,-16.57916430399583,0.36313497616933127,141
34,4275048,4275167,-15.355087649129171,-15.184286130167703,-1.0,120
34,4275546,4275636,-14.646261721394797,-14.516737302042703,0.029561667604569408,91
34,4275641,4275663,-14.511043947957297,-14.478306882120828,0.029561667604569408,23
34,4275668,4275669,-14.472613528035422,-14.469766843058329,0.029561667604569408,2
34,4275674,4275712,-14.464073488972922,-14.408562985636454,0.029561667604569408,39
34,4276136,4276328,-13.806488039754171,-13.531782468058328,0.09342454941570091,193
34,4276735,4276911,-12.953904299519797,-12.701972165323953,0.21476637350839067,177
34,4277386,4277561,-12.027306643269796,-11.776797848917703,0.21776557969472637,176
34,4278060,4278233,-11.067971926472921,-10.820310055948953,-0.33111341274257383,174
34,4278762,4278867,-10.068783694051046,-9.917909177042704,1.0,106
34,4278869,4278928,-9.916485842488546,-9.831085202433329,1.0,60
34,4279642,4279762,-8.816239992879172,-8.644015134073953,0.40125302881476366,121
34,4280261,4280420,-7.935189455769796,-7.707454098917704,0.7552011625233895,160
34,4280972,4281128,-6.923190920613546,-6.699725827433328,-1.0,157
34,4281156,4281204,-6.661295412801047,-6.591551511027078,-1.0,49
34,4281670,4281816,-5.929696047566671,-5.720464352823954,-0.01743826308161246,147
34,4282298,4282476,-5.035835451863546,-4.781056637980203,-0.6933914193898628,179
34,4282908,4283024,-4.167594729207297,-4.001063473917704,-0.45134980831475263,117
34,4283492,4283638,-3.336361330769796,-3.127129391886454,-1.0,147
34,4283977,4283994,-2.646038821004171,-2.6204186985270788,-1.0,18
34,4283996,4283997,-2.618995363972921,-2.616148678995829,-1.0,2
34,4284002,4284003,-2.610455324910421,-2.607608639933329,-1.0,2
34,4284006,4284130,-2.6047619655354213,-2.426843747355204,-1.0,125
34,4284586,4284749,-1.7792216823322962,-1.545792966105204,0.0,164
34,4285224,4285361,-0.8711274440510463,-0.6747058079020788,-0.47915024058525085,138
34,4285842,4285996,0.00849975321457878,0.2291184108479212,-0.01645636090689453,155
34,4286468,4286632,0.8995139133708288,1.1343657253010462,0.6884598976331678,165
34,4287068,4287253,1.753520993448954,2.018263186238546,0.022231565022472064,186
34,4287701,4287834,2.654498532511454,2.845226565144796,0.0865282860551755,134
34,4288451,4288642,3.7220073215739538,3.995289553426046,-0.2747602780501346,192
34,4289162,4289335,4.734005612589578,4.981667727254171,-0.6607542872533226,174
34,4289933,4290077,5.831404782511453,6.0377897975666714,0.8660914511708536,145
34,4290470,4290647,6.595741208292703,6.849096438191672,0.6469992186966798,178
34,4291146,4291297,7.557922360636454,7.7742707545979215,-0.3739168455353993,152
34,4291824,4292002,8.522950436808328,8.77772925069167,-0.003449748442505749,179
34,4292464,4292600,9.433891354777078,9.628889651082297,-0.24855870002423372,137
34,4293242,4293393,10.541253903605204,10.757602297566672,-0.4329100109368933,152
34,4293963,4294122,11.56748559305833,11.795220949910421,-0.11833427428848699,160
34,4294643,4294779,12.535360348917703,12.730358645222921,-1.0,137
34,4295179,4295325,13.298273434855203,13.507505129597922,-1.0,147
34,4295743,4295915,14.101040036417704,14.347278811238546,-0.38658420089101353,173
34,4296303,4296482,14.898113278605203,15.154315432332297,-0.7201328554346823,180
34,4297023,4297097,15.922921872355204,16.02967261006667,-1.0,75
34,4297121,4297507,16.062409665323955,16.613244143269796,-1.0,387
34,4297520,4297643,16.630324216105205,16.80681909444167,0.7988039057189373,124
34,4297681,4297844,16.859482907511456,17.09291137959792,1.0,164
34,4297941,4298058,17.22955248758958,17.397507326863543,-1.0,118
34,4298133,4298174,17.502834958292706,17.562615237019795,-1.0,42
34,4298215,4298319,17.61954906962083,17.769000490926043,-0.12626899253625287,105
34,4298321,4298322,17.770423825480204,17.773270510457294,-0.12626899253625287,2
34,4298389,4298489,17.86721117899583,18.01096899678542,0.6762909070853264,101
34,4298675,4298759,18.27428783915208,18.39527221944167,-0.30022548980438996,85
34,4298827,4298903,18.49063647196458,18.600233889363544,-0.8896485077065724,77
34,4299010,4299072,18.75110863993333,18.840779299519795,-0.7313188373750663,63
35,4289933,4290077,-19.958595217488543,-19.75221020243333,1.0,145
35,4290470,4290647,-19.194258791707295,-18.94090356180833,1.0,178
35,4291146,4291297,-18.232077639363546,-18.01572924540208,0.29314351948459355,152
35,4291824,4292002,-17.26704956319167,-17.012270749308332,0.6068206042810016,179
35,4292464,4292600,-16.35610864522292,-16.161110348917706,0.3992851389374176,137
35,4293242,4293393,-15.248746096394797,-15.032397702433329,0.2431935933204005,152
35,4293963,4294122,-14.222514406941672,-13.994779050089578,0.509547071925849,160
35,4294643,4294779,-13.254639651082297,-13.059641354777078,-0.5794871471357047,137
35,4295179,4295325,-12.491726565144797,-12.282494870402079,-0.5955839920803409,147
35,4295743,4295915,-11.688959963582297,-11.442721188761453,0.28241798101920884,173
35,4296303,4296482,-10.891886721394796,-10.635684567667703,0.0,180
35,4297023,4297097,-9.867078127644797,-9.760327389933328,-1.0,75
35,4297121,4297507,-9.727590334676046,-9.176755856730203,-0.7139056100593586,387
35,4297520,4297643,-9.159675783894796,-8.983180905558328,1.0,124
35,4297681,4297844,-8.930517092488547,-8.697088620402079,1.0,164
35,4297941,4298058,-8.560447512410422,-8.392492673136454,-0.27895620089253975,118
35,4298133,4298174,-8.287165041707297,-8.227384762980204,-1.0,42
35,4298215,4298319,-8.170450930379172,-8.020999509073953,0.5028286904334814,105
35,4298321,4298322,-8.019576174519797,-8.016729489542703,0.5028286904334814,2
35,4298389,4298489,-7.922788821004172,-7.779031003214579,1.0,101
35,4298675,4298759,-7.515712160847921,-7.394727780558329,0.35553850630471046,85
35,4298827,4298903,-7.299363528035421,-7.189766110636453,-0.14353008957952096,77
35,4299010,4299072,-7.038891360066671,-6.949220700480203,-0.009471249223423267,63
35,4307144,4307325,4.538597897745828,4.797646731160421,-1.0,182
35,4308020,4308180,5.785448239542704,6.014606692097922,0.7425864981731357,161
35,4308803,4308944,6.899927487589578,7.1020424831135465,0.346079715626992,142
35,4308946,4308972,7.103465817667703,7.141895998738547,0.346079715626992,27
35,4309468,4309670,7.846451901652078,8.135391115926046,0.6166663643901987,203
35,4310206,4310377,8.896880612589579,9.141696047566672,0.7154388084630845,172
35,4310903,4311015,9.888952145792704,10.049790285847921,0.466999660239944,113
35,4311602,4311737,10.883870358683328,11.077445315144796,-0.7696861730859651,136
35,4312155,4312280,11.670980221964578,11.850321779988546,0.6955602756727326,126
35,4312774,4312907,12.552031003214578,12.742759279988547,0.21954254939165138,134
35,4313431,4313592,13.487168698527078,13.717750735066671,-0.29976048717091275,162
35,4313916,4314086,14.177491208292704,14.420883059285421,0.7012716333227154,171
35,4314516,4314545,15.031498288370829,15.074198488972922,-0.6030783913473036,30
35,4314549,4314551,15.078468503214578,15.082738528035422,-0.6030783913473036,3
35,4314555,4314556,15.08700854227708,15.089855227254171,-0.6030783913473036,2
35,4314559,4314650,15.09270190165208,15.223649660847922,-0.6030783913473036,92
35,4315053,4315200,15.795834470011453,16.00648950459792,0.39176175367742605,148
35,4315646,4315763,16.63987817118333,16.807833010457294,-0.6493864342563674,118
35,4316132,4316277,17.331624020792706,17.53943237569167,-0.36907282106945366,146
35,4316672,4316808,18.10023022196458,18.295228518269795,0.18319082057092897,137
35,4317190,4317317,18.837522946573955,19.01971118428542,0.5604580577744811,128
35,4317743,4317829,19.624632809855203,19.748463869832296,0.09725822744625706,87
35,4317831,4317871,19.749887204386454,19.80824438741042,0.09725822744625706,41
36,4364293,4364312,-19.36665112569167,-19.33818432352708,0.8365323404525339,20
36,4364314,4364460,-19.33676098897292,-19.12752905008958,0.8365323404525339,147
36,4364857,4364895,-18.56388452412917,-18.508374020792704,-0.18930715843135124,39
36,4364897,4364973,-18.506950686238543,-18.397353024698955,-0.18930715843135124,77
36,4365368,4365528,-17.836555178426046,-17.607396481730206,0.9145247932769623,161
36,4365930,4366100,-17.036635256551044,-16.793243161417706,0.350693167104868,171
36,4366591,4366777,-16.09580395772292,-15.829638425089579,1.0,187
36,4367134,4367294,-15.322927492879172,-15.093769040323954,0.7320543250748717,161
36,4367742,4367881,-14.457533694051046,-14.258265378214578,0.8670947274509386,140
36,4368341,4368509,-13.604949953816671,-13.364404782511453,0.7552738263147757,169
36,4368913,4369045,-12.790796633504172,-12.601491696573953,1.0,133
36,4369529,4369705,-11.914016115926046,-11.662083981730204,0.12223164560986681,177
36,4370192,4370343,-10.97033813741042,-10.753989743448953,1.0,152
36,4370831,4371007,-10.060820559285421,-9.808888669230203,-0.07178490795289683,177
36,4371390,4371547,-9.265170656941672,-9.040282223917703,-0.20134561850669846,158
36,4372006,4372111,-8.388390139363546,-8.237515622355204,-0.18039591663259028,106
36,4372599,4372748,-7.544346438191671,-7.3308447239177035,0.43323238655860236,150
36,4373243,4373377,-6.6277121608479215,-6.435560544230204,0.17054410307970191,135
36,4373833,4373991,-5.7879384792072965,-5.561626706339578,1.0,159
36,4374525,4374675,-4.8029836452229215,-4.588058591105203,-0.35296690094641026,151
36,4375117,4375237,-3.960363283894796,-3.7881386692302037,-0.637779104096053,121
36,4375282,4375431,-3.7255114772541713,-3.512009762980204,-1.0,150
36,4375908,4376073,-2.834497317097921,-2.598222165323954,-0.19883627120096048,166
36,4376604,4376726,-1.8438491237385461,-1.668777829386454,-0.8871637106678852,123
36,4377349,4377468,-0.7834570338947963,-0.6126557590739538,0.0,120
36,4377975,4378078,0.10755688212082878,0.2555849635822962,-0.2677379735401879,104
36,4378669,4378796,1.0953583957927038,1.2775466335041712,0.423732068115166,128
36,4378799,4378814,1.2803933079020788,1.3031669948322961,0.423732068115166,16
36,4379318,4379430,2.019109616495829,2.179947512410421,0.13090781330664897,113
36,4379978,4380134,2.958517331339579,3.1819824245197963,0.48953073927103485,157
36,4380573,4380761,3.805407712198954,4.0744199245197965,0.847012518226997,189
36,4381168,4381312,4.652298093058328,4.858683108113547,1.0,145
36,4381929,4382113,5.735463620402078,5.998782473347922,1.0,185
36,4382551,4382697,6.620784421183329,6.830016115926046,0.08111406633111383,147
36,4383197,4383395,7.5402653782145785,7.823510988972922,0.9645319184420487,199
36,4383959,4384091,8.624854245402078,8.814159182332297,1.0,133
36,4384669,4384704,9.635429196573954,9.686669680379172,1.0,36
36,4384706,4384817,9.688093014933328,9.847507815144796,1.0,112
36,4385268,4385374,10.488012936808328,10.640311037801046,1.0,107
36,4385923,4386039,11.420304196573953,11.586835451863546,0.57530785534136,117
36,4386512,4386559,12.258654294230203,12.326974856160422,0.15091029899776787,48
36,4386561,4386643,12.328398190714578,12.446535891316671,0.15091029899776787,83
36,4387141,4387275,13.153938473917703,13.346090090535421,0.03569808324813766,135
36,4387726,4387871,13.986595456339579,14.194403811238546,0.3880601594951327,146
36,4388360,4388522,14.888996091105204,15.121001467488547,-0.587613585867654,163
36,4389045,4389162,15.863987546183328,16.031942385457295,0.7490029877098636,118
36,4389648,4389781,16.722264645792706,16.91299292256667,0.5378605059347401,134
36,4390358,4390481,17.732839841105204,17.909334475301044,0.38071595610973674,124
36,4390890,4391080,18.49005932352708,18.76191821553542,0.4097775290893372,191
36,4391695,4391837,19.63585229227708,19.839390627644796,0.5251805117677228,143
37,4381929,4382113,-19.16553637959792,-18.90221752665208,1.0,185
37,4382551,4382697,-18.28021557881667,-18.070983884073954,-0.8150022889218896,147
37,4383197,4383395,-17.36073462178542,-17.07748901102708,1.0,199
37,4383959,4384091,-16.27614575459792,-16.086840817667706,1.0,133
37,4384669,4384704,-15.265570803426046,-15.214330319620828,1.0,36
37,4384706,4384817,-15.212906985066672,-15.053492184855203,1.0,112
37,4385268,4385374,-14.412987063191672,-14.260688962198953,1.0,107
37,4385923,4386039,-13.480695803426046,-13.314164548136453,0.41047335669504764,117
37,4386512,4386559,-12.642345705769797,-12.57402514383958,-0.6419252790709535,48
37,4386561,4386643,-12.572601809285421,-12.454464108683329,-0.6419252790709535,83
37,4387141,4387275,-11.747061526082296,-11.554909909464579,-0.9276224440667051,135
37,4387726,4387871,-10.914404543660421,-10.706596188761454,-0.05385358561033552,146
37,4388360,4388522,-10.012003908894796,-9.779998532511453,-1.0,163
37,4389045,4389162,-9.037012453816672,-8.869057614542703,0.8411933681830882,118
37,4389648,4389781,-8.178735354207296,-7.988007077433329,0.31761339829162655,134
37,4390358,4390481,-7.168160158894796,-6.991665524698953,-0.07206535311005531,124
37,4390890,4391080,-6.410940676472921,-6.139081784464579,0.0,191
37,4391695,4391837,-5.265147707722922,-5.061609372355203,0.28617021874587517,143
37,4392281,4392283,-4.431067629597922,-4.426797604777079,1.0,3
37,4392285,4392410,-4.425374270222922,-4.246032712198954,1.0,126
37,4393025,4393156,-3.372098635457296,-3.1842172825114536,-0.21966161365754366,132
37,4393684,4393810,-2.4341142604572963,-2.253349362589579,0.5894130180838838,127
37,4394272,4394417,-1.597187258504171,-1.3893789036052038,0.19424937904618858,146
37,4399396,4399461,5.696033200480203,5.789973879597921,-1.0,66
37,4399989,4400144,6.540076657511453,6.762118654988547,0.7872464864770106,156
37,4400638,4400805,7.4638276340739536,7.702949709676046,0.4208370891729663,168
37,4402121,4402253,9.574648678995828,9.763953371785421,-1.0,133
37,4402745,4402875,10.462815915323953,10.649274172566672,-1.0,131
37,4403326,4403366,11.289779538370828,11.348136721394797,-1.0,41
37,4403368,4403369,11.349560055948954,11.352406740926046,-1.0,2
37,4403372,4403462,11.355253415323954,11.484777834676047,-1.0,91
37,4403958,4404070,12.189333493448954,12.350171633504171,-0.9799362175483968,113
37,4404589,4404684,13.087464352823954,13.224105471394797,0.2520699238871395,96
37,4405066,4405211,13.766399899698953,13.974208498738546,0.49059375231534413,146
37,4405771,4405871,14.769858395792703,14.913616213582296,-1.0,101
37,4406282,4406409,15.497187741495829,15.679375979207297,-1.0,128
37,4407110,4407170,16.67571752665208,16.762541506551045,-1.0,61
37,4407676,4407778,17.48133080790208,17.627935305379168,-1.0,103
37,4408605,4408685,18.80361840555833,18.91890942647292,-1.0,81
37,4409370,4409445,19.892477536417704,20.0,-1.0,76
38,4394278,4394417,-19.99964721944167,-19.800378903605207,0.6830881654888408,140
38,4399396,4399461,-12.714966799519797,-12.621026120402078,-1.0,66
38,4399989,4400144,-11.870923342488547,-11.648881345011453,0.998268557108199,156
38,4400638,4400805,-10.947172365926047,-10.708050290323953,0.8035204615641175,168
38,4402121,4402253,-8.836351321004171,-8.647046628214579,0.0,133
38,4402745,4402875,-7.948184084676047,-7.761725827433328,-0.33009986613489817,131
38,4403326,4403366,-7.121220461629171,-7.062863278605203,-0.4297745206614168,41
38,4403368,4403369,-7.061439944051046,-7.0585932590739535,-0.4297745206614168,2
38,4403372,4403462,-7.055746584676046,-6.926222165323954,-0.4297745206614168,91
38,4403958,4404070,-6.221666506551046,-6.060828366495828,0.05900371122923211,113
38,4404589,4404684,-5.323535647176047,-5.186894528605204,0.7138200219148716,96
38,4405066,4405211,-4.644600100301046,-4.436791501261453,0.840596413759785,146
38,4405771,4405871,-3.641141604207296,-3.497383786417704,-0.3679716616435441,101
38,4406282,4406409,-2.913812258504171,-2.731624020792704,-1.0,128
38,4407110,4407170,-1.735282473347921,-1.648458493448954,-0.6067880958763876,61
38,4407676,4407778,-0.9296691920979213,-0.7830646946208287,-0.1264331047259086,103
38,4408605,4408685,0.3926184055583288,0.5079094264729213,-1.0,81
38,4409370,4409487,1.4814775364177037,1.649432131551046,-1.0,118
38,4409718,4409806,1.976801511027079,2.103479250691671,0.5417106729786864,89
38,4410423,4410527,2.9802597629802037,3.129711184285421,-0.30351910645082764,105
38,4410530,4410562,3.1325578586833287,3.1795280788166713,-0.30351910645082764,33
38,4411139,4411278,3.9993749973552037,4.198643313191671,-0.1276849357524092,140
38,4411771,4411921,4.898929196573953,5.113854250691672,0.10991097828217133,151
38,4412451,4412572,5.866803708292704,6.040451906941672,-0.21117013866046624,122
38,4413112,4413245,6.807635007120829,6.998363283894797,0.6569685042306925,134
38,4413752,4413851,7.718575925089579,7.8609104030354215,-0.14840078078071417,100
38,4414441,4414494,8.699260739542703,8.776121340535422,-1.0,54
38,4414499,4414500,8.781814694620829,8.784661379597921,-1.0,2
38,4414504,4414535,8.788931393839578,8.834478518269796,-1.0,32
38,4414978,4415002,9.463596921183328,9.499180666707296,0.22932591216887074,25
38,4415004,4415082,9.500604001261454,9.613048098347921,0.22932591216887074,79
38,4415654,4415785,10.425778317667703,10.613659914754171,-0.21752123132680146,132
38,4416267,4416387,11.298288815714578,11.470513674519797,-0.5456557212541605,121
38,4416928,4417030,12.239119870402078,12.385724612019796,0.16952619620725157,103
38,4417528,4417656,13.093126950480203,13.276738528035422,-1.0,129
38,4418154,4418282,13.984141110636454,14.16775268819167,0.7936618783604572,129
38,4418813,4418927,14.922125485636453,15.085810305379171,0.07508206575863201,115
38,4419543,4419632,15.961167477823954,16.089268557332296,-1.0,90
38,4420129,4420285,16.79524780008958,17.018712893269793,0.1771047968426722,157
38,4420892,4421035,17.88126000712083,18.086221682332294,-0.8865449754305562,144
38,4421549,4421691,18.816397946573954,19.01993628194167,-0.4789349377189307,143
38,4422154,4422286,19.67752172587083,19.86682641866042,-0.8283681205460983,133
39,4638688,4638963,-18.943863283894796,-18.551020016886454,-1.0,276
39,4638965,4639029,-18.549596682332293,-18.45707934305833,-1.0,65
39,4639124,4639405,-18.323284670613546,-17.921901364542705,1.0,282
39,4639408,4639466,-17.919054690144794,-17.835077389933332,1.0,59
39,4640338,4640652,-16.595343752644794,-16.14698998758958,1.0,315
39,4643808,4643924,-11.656336184285422,-11.489804684855203,-1.0,117
39,4645057,4645136,-9.878578127644797,-9.764710446573954,-0.7583598303002864,80
39,4645138,4645227,-9.763287112019796,-9.635186032511454,-0.7583598303002864,90
39,4645229,4645253,-9.633762697957296,-9.598179196573954,-0.7583598303002864,25
39,4646264,4646430,-8.160600588582296,-7.922901852823953,0.0,167
39,4647980,4648127,-5.7181403835041715,-5.5074851047770785,-0.1031136347370322,148
39,4648620,4648766,-4.8071994655354215,-4.597967770792703,0.7492680522478241,147
39,4649254,4649435,-3.904798586629171,-3.645749753214579,0.9112831093911712,182
39,4649983,4650159,-2.867179934285421,-2.6152478000895787,0.9043461271746844,177
39,4650853,4651006,-1.6288696315510462,-1.4096745579020789,-1.0,154
39,4651510,4651672,-0.6937319362385462,-0.46172680399582877,0.36427781515227725,163
39,4652380,4652500,0.5445783664958287,0.7168029811604213,-1.0,121
39,4652967,4653154,1.3800817844645787,1.647670901082296,-0.5964208786932684,188
39,4653888,4654059,2.690982663370829,2.935798098347921,-0.18088335870567035,172
39,4654575,4654729,3.668820798136454,3.889439455769796,-0.6962480994207997,155
39,4655192,4655372,4.547024899698953,4.804650393269797,0.4314350340219612,181
39,4655778,4655973,5.381104977823953,5.660080813191672,1.0,196
39,4656547,4656739,6.475657468058328,6.750363039754172,-1.0,193
39,4657138,4657315,7.3168544895427035,7.570209963582297,-0.13254457495228864,178
39,4657830,4657997,8.301809323527078,8.540931154988547,0.5214927390911946,168
39,4659091,4659280,10.096647458292704,10.367083010457296,-0.807943394598811,190
39,4659748,4659921,11.031785153605204,11.279447268269797,1.0,174
39,4661147,4661305,13.023045163370828,13.249356936238547,-0.45483129152973395,159
39,4661661,4661850,13.754644528605203,14.025080080769797,-0.23280252228756618,190
39,4662208,4662401,14.533214352823954,14.809343264363546,-0.18105022399455714,194
39,4663089,4663254,15.787181393839578,16.023456545613545,0.9443490819831929,166
39,4663809,4663985,16.811989743448954,17.063921877644795,0.40590973273148107,177
39,4664506,4664560,17.80406127665208,17.88234546162917,-0.4060787872954369,55
39,4664562,4664667,17.88376879618333,18.03464331319167,-0.4060787872954369,106
39,4665215,4665426,18.81321313212083,19.11496216084792,-0.0551257487094329,212
40,4661147,4661305,-18.43795483662917,-18.211643063761453,-0.025315232470367748,159
40,4661661,4661850,-17.706355471394794,-17.435919919230205,0.08997545867983135,190
40,4662208,4662401,-16.927785647176044,-16.651656735636454,0.11684836465132971,194
40,4663089,4663254,-15.673818606160422,-15.437543454386454,0.7012233726693781,166
40,4663809,4663985,-14.649010256551046,-14.397078122355204,0.4216332775228091,177
40,4664506,4664560,-13.656938723347922,-13.578654538370829,0.0,55
40,4664562,4664667,-13.577231203816671,-13.426356686808328,0.0,106
40,4665215,4665426,-12.647786867879171,-12.346037839152078,0.18223592608267458,212
40,4666094,4666253,-11.396666506551046,-11.168931393839578,-0.5675889811430728,160
40,4666635,4666840,-10.626636721394796,-10.333427731730204,-0.28337147557317044,206
40,4667287,4667469,-9.698615725301046,-9.438143552042703,0.30131282165739615,183
40,4668123,4668271,-8.508699221394796,-8.29662084696458,0.18003628830314725,149
40,4670021,4670111,-5.807190188191671,-5.677665768839578,0.13802766996011975,91
40,4670113,4670169,-5.676242434285421,-5.595111813761453,0.13802766996011975,57
40,4670647,4670825,-4.916176028035421,-4.661397458292703,-0.8888110250881334,179
40,4671222,4671463,-4.0977526881916715,-3.753303220011454,-1.0,242
40,4671532,4671734,-3.6565156276447963,-3.367576657511454,0.6329042151444773,203
40,4672316,4672533,-2.540613039754171,-2.230323971964579,-0.6105522654421367,218
40,4672834,4672884,-1.803320315144796,-1.730729733683329,-1.0,51
40,4672886,4672887,-1.729306399129171,-1.7264597141520788,-1.0,2
40,4674944,4675052,1.1999379856364538,1.355082522176046,-0.6914493051457553,109
40,4675640,4675801,2.190586178995829,2.4211679713947962,-1.0,162
40,4676548,4676667,3.482983395792704,3.653784914754171,-0.12567539705917133,120
40,4676879,4677010,3.9541108371989537,4.141992190144797,0.6794050195776324,132
40,4677563,4677751,4.927678708292704,5.1966909206135465,0.14996946635039374,189
40,4678127,4678225,5.730445553995828,5.871356692097922,0.5669913836792383,99
40,4678227,4678228,5.872780026652078,5.875626711629171,0.5669913836792383,2
40,4678234,4678235,5.882743405558329,5.8855900905354215,0.5669913836792383,2
40,4678238,4678276,5.888436764933329,5.943947268269796,0.5669913836792383,39
40,4678737,4678910,6.598686032511454,6.846348147176046,-0.21641916081239781,174
40,4679345,4679503,7.464079831339578,7.690391604207297,-0.09356764257777302,159
40,4679968,4680155,8.350823727823954,8.618412844441671,0.45479063299448935,188
40,4680635,4680820,9.300195065714579,9.564937258504171,-0.7208207023082854,186
40,4681462,4681620,10.477301511027079,10.703613283894796,-0.4233642785650862,159
40,4682162,4682301,11.473643063761454,11.672911379597922,-0.744186426673976,140
40,4682820,4682993,12.410204098917703,12.657866213582297,0.220684948915065,174
40,4683625,4683780,13.555997067667704,13.778038821004172,-0.6750470777261176,156
40,4684231,4684326,14.418544186808328,14.555185305379172,0.04113102190534927,96
40,4684853,4684979,15.303864743448953,15.48462964131667,0.004753020769247239,127
40,4684981,4685030,15.486052975870829,15.557220217488547,0.004753020769247239,50
40,4685593,4685775,16.357140134073955,16.617612307332294,-0.5544613376821576,183
40,4686045,4686220,17.000492184855204,17.251000979207294,-0.1959627424149982,176
40,4686763,4686909,18.022454098917706,18.23168579366042,-0.5627837670981212,147
40,4687420,4687679,18.957591794230204,19.327661623738546,-0.4738546813558884,260
41,4761943,4762118,-19.16845874287917,-18.917950192667707,-1.0,176
41,4762505,4762679,-18.36853882100417,-18.11945336649583,-0.3022784112085253,175
41,4763156,4763333,-17.44194116475417,-17.18858569071458,-1.0,178
41,4763980,4764186,-16.26910473897292,-15.974472409464578,-0.6977721385155066,207
41,4764872,4764897,-14.999480959676047,-14.962473874308328,-0.7135683628641237,26
41,4764899,4765031,-14.961050539754172,-14.771745846964578,-0.7135683628641237,133
41,4765528,4765561,-14.065766604207296,-14.017372800089579,0.26036840743192796,34
41,4765564,4765703,-14.014526125691672,-13.815257809855204,0.26036840743192796,140
41,4766226,4766443,-13.072271731160422,-12.761982419230204,-1.0,218
41,4766994,4767224,-11.979142580769796,-11.650349850870828,-0.4589975134930736,231
41,4767765,4767934,-10.881743410847921,-10.639774899698953,1.0,170
41,4768475,4768680,-9.871168459676047,-9.577959225870828,-1.0,206
41,4769139,4769326,-8.926067385457296,-8.658478268839579,0.2563034321898214,188
41,4769828,4769899,-7.9453825710041714,-7.842901608683328,-1.0,72
41,4769903,4769904,-7.838631594441671,-7.835784909464579,-1.0,2
41,4769907,4769908,-7.832938235066671,-7.830091550089579,-1.0,2
41,4769912,4770051,-7.825821535847922,-7.626553220011453,-1.0,140
41,4770537,4770757,-6.936230715535421,-6.621671384073953,-0.06438953381544316,221
41,4771250,4771505,-5.921385744832296,-5.557009274698953,0.0,256
41,4772060,4772261,-4.768476076863546,-4.480960446573953,0.8115078058425915,202
41,4773060,4773213,-3.345131106160421,-3.1259357883708287,-1.0,154
41,4773690,4773957,-2.448423586629171,-2.0669670383708287,0.3386036701652979,268
41,4774549,4774809,-1.2257700221760461,-0.8542770969645788,0.5205744812392813,261
41,4775429,4775458,0.026773678995828783,0.06947387959792121,-1.0,30
41,4775464,4775465,0.07659081766770377,0.07943750264479622,-1.0,2
41,4775469,4775590,0.08370751688645378,0.2573554713947962,-1.0,122
41,4776145,4776437,1.0458886692302038,1.4629289577229212,0.6019813029794744,293
41,4777076,4777903,2.371022946573954,3.549552737019796,1.0,828
41,4783153,4783357,11.020691403605204,11.312477297566671,-1.0,205
41,4783836,4784229,11.992836178995828,12.55363403584792,-1.0,394
41,4784271,4784448,12.611991208292704,12.865346682332296,-0.5442112581086903,178
41,4784511,4784569,12.953594235636453,13.037571535847922,-1.0,59
41,4784589,4784642,13.064614987589579,13.141475588582297,-1.0,54
41,4784664,4784804,13.171365964152079,13.372057619832297,1.0,141
41,4784826,4784881,13.401947751261453,13.481655276082297,0.011116050980034521,56
41,4784894,4785168,13.498735348917704,13.890155276082297,0.9758138352007818,275
41,4785192,4785425,13.922892087198953,14.255954836629172,-1.0,234
41,4785668,4785753,14.600404538370828,14.722812014363546,-1.0,86
41,4785981,4786461,15.045911374308329,15.730540529988547,0.4584589054660078,481
41,4786463,4786492,15.731963864542703,15.774664065144796,0.4584589054660078,30
41,4787295,4787348,16.916187009073955,16.993047610066668,-1.0,54
41,4787465,4787525,17.158155759073956,17.24497973897292,-1.0,61
41,4787543,4787837,17.26917651102708,17.689063479207295,1.0,295
41,4787839,4788491,17.690486813761456,18.619931154988546,1.0,653
41,4788493,4788927,18.621354489542703,19.24050952412917,1.0,435
41,4788929,4789285,19.24193285868333,19.75006714131667,1.0,357
41,4789287,4789315,19.75149047587083,19.792767580769794,1.0,29
41,4789381,4789461,19.88528490946458,20.0,-1.0,81
42,4869148,4869354,-19.78774389912917,-19.493111325480204,-0.9445930494517163,207
42,4869990,4870020,-18.589287112019793,-18.545163571573955,1.0,31
42,4870022,4870268,-18.543740237019794,-18.192173825480204,1.0,247
42,4871453,4871849,-16.50693335225417,-15.941865231730203,1.0,397
42,4873474,4873670,-13.630352785847922,-13.349953854777079,1.0,197
42,4875498,4875685,-10.749502199910422,-10.481913327433329,0.28988273509973417,188
42,4876469,4876724,-9.367434084676047,-9.003057858683329,-0.07777986235345839,256
42,4877685,4877881,-7.636646487019797,-7.356247555948953,0.0,197
42,4878413,4878608,-6.6004511745197965,-6.321475583292703,1.0,196
42,4879107,4879305,-5.6126496608479215,-5.329404050089578,-0.037396973029040353,199
42,4879804,4880015,-4.620578127644797,-4.318828854777078,1.0,212
42,4881692,4881859,-1.933302492879171,-1.694180417277079,-1.0,168
42,4882325,4882506,-1.0323249538166712,-0.7732761204020787,-0.07767414883910377,182
42,4882925,4883073,-0.1783178737385462,0.03376050069167122,-0.6648581812370534,149
42,4883486,4883622,0.6201787082927037,0.8151770045979213,-1.0,137
42,4884051,4884256,1.4243686496989538,1.717577883504171,0.3778887431986328,206
42,4884772,4885009,2.450600583292704,2.7893566920979214,0.5036147660192554,238
42,4885404,4885586,3.3501545383708287,3.610626711629171,1.0,183
42,4885996,4886176,4.192774899698954,4.450400393269796,0.6414909316264935,181
42,4886672,4886867,5.154956296183329,5.433931887410422,1.0,196
42,4887475,4887669,6.297902341105203,6.575454836629172,1.0,195
42,4888064,4888285,7.136252682902079,7.452235354207296,0.6449320213785724,222
42,4888691,4888924,8.028690182902078,8.361752932332296,-1.0,234
42,4889215,4889417,8.774522946573953,9.063461916707297,-0.6990179952211071,203
42,4889797,4889995,9.602909909464579,9.886155520222921,1.0,199
42,4890350,4890536,10.390019772745829,10.656185305379172,1.0,187
42,4890927,4891130,11.211289792277078,11.501652346394797,1.0,204
42,4891638,4891779,12.223288327433329,12.425403322957296,-0.8970087064943331,142
42,4892193,4892353,13.013244870402078,13.242403322957296,-0.3063761377786543,161
42,4892356,4892360,13.245249997355204,13.252366701863547,-0.3063761377786543,5
42,4892950,4893112,14.090717038370828,14.322722170613547,0.720031771929484,163
42,4893599,4893696,15.014468014933328,15.153955813191672,1.0,98
42,4893699,4893764,15.156802487589578,15.250743410847921,1.0,66
42,4894187,4894403,15.851395016886453,16.160260744832296,0.4284996537971032,217
42,4894864,4895116,16.814999509073957,17.175105959676046,1.0,253
42,4895712,4895952,18.02199633524583,18.365022463582296,0.48144588071236805,241
42,4896458,4896649,19.08381176493333,19.35709399678542,-0.26890429512825237,192
42,4896651,4896658,19.35851733133958,19.36990405537917,-0.26890429512825237,8
43,4918782,4918952,-19.37343139912917,-19.130039548136455,0.06322305100584094,171
43,4919467,4919651,-18.398439944051045,-18.13512133524583,-0.19768988447275856,185
43,4920069,4920217,-17.54158618428542,-17.329507809855205,-0.7378266551541423,149
43,4920716,4920899,-16.62068188741042,-16.35878637430833,-1.0,184
43,4921578,4921709,-15.393758547566671,-15.205876950480203,-0.6518709654793646,132
43,4922233,4922445,-14.461467531941672,-14.158294919230203,-0.39314584553136317,213
43,4922865,4923109,-13.561913332722922,-13.213193845011453,0.7080968337794502,245
43,4923744,4923910,-12.310792971394797,-12.073094235636454,-1.0,167
43,4924347,4924546,-11.45251587178542,-11.167846677042704,0.01019950057581326,200
43,4924987,4925160,-10.54157495381667,-10.293912839152078,0.46895087501124555,174
43,4925665,4925831,-9.576546877644796,-9.33884838602708,-0.03257401844661662,167
43,4926305,4926504,-8.665605959676046,-8.380937009073953,0.0,200
43,4927103,4927303,-7.529776613972921,-7.243684323527078,0.46845328649352824,201
43,4927759,4927964,-6.596062258504172,-6.302853024698954,0.10228609081583011,206
43,4928403,4928596,-5.679427981160422,-5.403299069620829,0.7941595139642075,194
43,4929603,4929645,-3.971413821004171,-3.910209958292704,-1.0,43
43,4930626,4930756,-2.515331789754171,-2.328873532511454,-1.0,131
43,4930758,4930789,-2.327450197957296,-2.281903073527079,-1.0,32
43,4930931,4930979,-2.0812114284260463,-2.011467526652079,-1.0,49
43,4931307,4931484,-1.5460336940510462,-1.292678220011454,-1.0,178
43,4932008,4932195,-0.5482688014729212,-0.2806799289958288,-1.0,188
43,4932808,4932980,0.5904074680583288,0.8366459987385463,-1.0,173
43,4933477,4933667,1.5426252414958288,1.8144841335041713,0.27644916627841315,191
43,4934334,4934472,2.7624321262614537,2.960277102254171,-1.0,139
43,4935116,4935294,3.875488034464579,4.130266604207296,0.10954327408741141,179
43,4935853,4936028,4.924493405558328,5.175001955769797,0.0692703305506628,176
43,4936478,4936485,5.814083981730203,5.8254707057697965,1.0,8
43,4936489,4936672,5.829740720011453,6.0916362331135465,1.0,184
43,4937388,4937486,7.109328122355204,7.250239260457296,-1.0,99
43,4937488,4937549,7.251662595011453,7.3399099147541715,-1.0,62
43,4937940,4938120,7.8950146457927035,8.152640139363546,0.12413507468660365,181
43,4938631,4938807,8.878546139933329,9.130478274129171,-0.17400955509905322,177
43,4939477,4939535,10.082696042277078,10.166673342488547,0.6355520264265236,59
43,4939538,4939683,10.169520016886453,10.377328615926046,0.6355520264265236,146
43,4940087,4940278,10.950936520792704,11.224218752644797,0.7024393045065808,192
43,4940742,4940945,11.883227536417703,12.173590090535422,-0.2574836142833516,204
43,4941501,4941698,12.963546628214578,13.245368899129172,0.15039093850210522,198
43,4941738,4941821,13.300879391886454,13.420440432332297,-1.0,84
43,4941856,4941948,13.468834225870829,13.601205324910422,-1.0,93
43,4941960,4942056,13.616862057902079,13.754926516316672,-1.0,97
43,4942060,4942103,13.759196530558329,13.821823733113547,-1.0,44
43,4942133,4942215,13.863100827433328,13.981238283894797,-1.0,83
43,4942245,4942360,14.022515378214578,14.187623537801047,-0.6732837770787132,116
43,4942439,4942528,14.298644284464578,14.426745363972922,-1.0,90
43,4942558,4942607,14.468022458292703,14.539189699910422,-1.0,50
43,4942676,4942879,14.635977048136454,14.926339602254172,-1.0,204
43,4942905,4942910,14.961923093058328,14.970463137410421,-1.0,6
43,4942912,4943012,14.971886471964579,15.115644533894796,-1.0,101
43,4943034,4943089,15.145534665323954,15.225241946004171,-1.0,56
43,4943108,4943165,15.250862302042703,15.333416262410422,-0.47552835004104266,58
43,4943370,4943451,15.623778561808328,15.740492922566672,0.6386811639734301,82
43,4943577,4943662,15.918411130167703,16.040818850301044,-0.6821582601226195,86
43,4943688,4943739,16.076402341105204,16.15041626241042,-1.0,52
43,4944195,4944675,16.79803832743333,17.482667483113545,-1.0,481
44,5033249,5033294,-20.0,-19.934910153605205,-1.0,46
44,5033371,5033427,-19.826736086629168,-19.74560522196458,-1.0,57
44,5033500,5033583,-19.643124514363546,-19.523563473917704,-0.18153798671040508,84
44,5033617,5033636,-19.47659302022292,-19.44812621805833,-1.0,20
44,5033642,5033712,-19.44100952412917,-19.33995190165208,-1.0,71
44,5033831,5033907,-19.17199731709792,-19.06239965555833,-1.0,77
44,5033954,5034020,-18.996925783894795,-18.90156176493333,-0.45062711623136315,67
44,5034130,5034190,-18.746416994832295,-18.65959301493333,-0.9104026063504862,61
44,5034822,5034880,-17.76146216084792,-17.677484860636454,-0.7160109535304604,59
44,5041073,5041303,-8.864131838582297,-8.535339108683328,0.0,231
44,5042146,5042337,-7.336882571004171,-7.063600095011453,-0.2886969814276027,192
44,5042897,5043118,-6.267950197957297,-5.951967526652078,-0.8084869382512603,222
44,5043931,5044084,-4.796211428426046,-4.577016354777078,0.147017541384458,154
44,5044779,5044901,-3.589214602254171,-3.4141433079020787,1.0,123
44,5044903,5044978,-3.412719973347921,-3.304545651652079,1.0,76
44,5046134,5046309,-1.660582033894796,-1.4100732395427038,0.8562253120826162,176
44,5047228,5047373,-0.10344238545729623,0.10436596944167122,1.0,146
44,5048163,5048257,1.2273852512614538,1.362603029988546,0.6151638543573276,95
44,5048260,5048311,1.3654497043864537,1.439463625691671,0.6151638543573276,52
44,5048914,5049055,2.2963173801677037,2.4984323756916713,0.5501004893930299,142
44,5049490,5049662,3.116164303995829,3.362402834676046,-0.238086317224438,173
44,5050562,5050607,4.641990231730204,4.707464113972922,-0.8536209894601661,46
44,5050620,5050716,4.724544186808329,4.862608645222922,-0.7204043759935359,97
44,5051328,5051483,5.732272458292703,5.954314455769796,0.49050883567152714,156
44,5051947,5052083,6.613323239542703,6.808321535847922,-0.3108439071380724,137
44,5052611,5052724,7.558424313761454,7.720685793660421,-0.33650046825708185,114
44,5053210,5053362,8.411008053995829,8.628779787801047,-1.0,153
44,5054133,5054300,9.724755612589579,9.96387768819167,-1.0,168
44,5055055,5055183,11.037079831339579,11.220691408894796,-0.2220431679834712,129
44,5055849,5055943,12.167215817667703,12.302433596394797,-1.0,95
44,5056594,5056729,13.227608151652078,13.421182863972922,-0.5708570267309044,136
44,5057061,5057229,13.892310300089578,14.132855471394796,0.4029514913724181,169
44,5057728,5057885,14.841681393839579,15.066569826863546,0.3179675482282567,158
44,5058298,5058511,15.652988034464578,15.957583987019797,-0.3559470615648075,214
44,5058868,5059029,16.464294919230205,16.69487671162917,1.0,162
44,5059399,5059564,17.22009106180833,17.45636645772292,0.03652550835010233,166
44,5059984,5060147,18.052748044230206,18.286176760457295,-0.8806849748698992,164
44,5060550,5060729,18.858361325480207,19.114563479207295,0.19776615566791864,180
44,5061215,5061347,19.80488598368333,19.994190920613544,1.0,133
44,5061349,5061351,19.995614255167705,19.999884279988546,1.0,3
45,5056721,5056729,-19.99962719991042,-19.98681713602708,-0.7485888084515665,9
45,5057061,5057229,-19.51568969991042,-19.275144528605207,0.5582263713146693,169
45,5057728,5057885,-18.56631860616042,-18.341430173136455,0.4441810483660798,158
45,5058298,5058511,-17.75501196553542,-17.450416012980206,-0.4601875472784844,214
45,5058868,5059029,-16.943705080769796,-16.71312328837083,1.0,162
45,5059399,5059564,-16.18790893819167,-15.951633542277078,0.06649619236020629,166
45,5059984,5060147,-15.355251955769797,-15.121823239542703,-1.0,164
45,5060550,5060729,-14.549638674519796,-14.293436520792703,0.2828752048591497,180
45,5061215,5061347,-13.603114016316672,-13.413809079386454,1.0,133
45,5061349,5061355,-13.412385744832296,-13.402422360636454,1.0,7
45,5061624,5061757,-13.020965822957297,-12.830237790323954,0.49815749014014166,134
45,5062140,5062288,-12.286519778035421,-12.074441403605203,0.4489153993897076,149
45,5062643,5062804,-11.570577151082297,-11.339995358683328,0.13133682785207249,162
45,5063265,5063401,-10.685256594441672,-10.490258298136453,-1.0,137
45,5063870,5064031,-9.824132815144797,-9.593550778605204,-0.6249533998466164,162
45,5064452,5064586,-8.995745852254172,-8.803594235636453,0.0,135
45,5065042,5065218,-8.155972170613547,-7.904040280558329,0.9101970029069267,177
45,5065618,5065809,-7.3361254909260465,-7.062843259073953,-0.08588676451946288,192
45,5067929,5068081,-4.046774904988546,-3.829003171183329,-0.9252985107249916,153
45,5068255,5068416,-3.582764406941671,-3.352182370402079,-0.13194087080869538,162
45,5068819,5068983,-2.779997805379171,-2.545145749308329,0.5832614282448386,165
45,5069577,5069668,-1.7011020534260461,-1.5701542942302038,-0.7516319925281814,92
45,5069672,5069673,-1.5658842799885462,-1.563037595011454,-0.7516319925281814,2
45,5069675,5069709,-1.5616142604572962,-1.5117971164958288,-0.7516319925281814,35
45,5069816,5069935,-1.3609226100666711,-1.1901210911052038,-1.0,120
45,5071153,5071291,0.5420898411052038,0.7399348170979213,-0.973039884575765,139
45,5071759,5071908,1.4046369602458288,1.618138674519796,-1.0,150
45,5072356,5072439,2.254374020792704,2.373935061238546,-1.0,84
45,5072444,5072505,2.3796284153239537,2.4678757350666713,-1.0,62
45,5072942,5073100,3.088454343058329,3.314766115926046,-0.01760185767097411,159
45,5073482,5073645,3.8570605442302037,4.090489260457296,-0.318138388544054,164
45,5074014,5074228,4.614280270792704,4.920299563191672,0.7945801743098192,215
45,5074622,5074797,5.479674069620828,5.730182863972922,1.0,176
45,5075229,5075230,6.3436445286052034,6.346491213582296,-0.2966388756642251,2
45,5075233,5075400,6.349337887980203,6.588459963582297,-0.2966388756642251,168
45,5076228,5076452,7.765566403605203,8.085819094441671,-0.6172919265346799,225
45,5076984,5077118,8.841615231730204,9.033766848347922,0.15571054178559265,135
45,5077600,5077767,9.718395993448953,9.957517824910422,-0.017505133257598605,168
45,5078182,5078344,10.546782712198953,10.778788088582296,-0.03676575215581733,163
45,5078723,5078886,11.316812497355203,11.550241213582296,0.21906102872095978,164
45,5079704,5079823,12.713114011027079,12.883915529988547,0.5172604955612017,120
45,5080239,5080386,13.474603757120828,13.685258791707296,-0.09905572304777095,148
45,5080807,5080938,14.283063718058328,14.470945315144796,0.3161601795557139,132
45,5080940,5080956,14.472368649698954,14.496565432332297,0.3161601795557139,17
45,5081397,5081550,15.122837399698954,15.342032473347922,-0.2501515586645702,154
45,5081926,5082107,15.875786862589578,16.13483569600417,0.8719506455359818,182
45,5082471,5082607,16.65151000712083,16.846508303426045,1.0,137
45,5083002,5083149,17.40730639383958,17.617961428426046,-0.38996495896319205,148
45,5083563,5083709,18.20580297587083,18.415034670613544,0.30102164635146095,147
45,5084171,5084318,19.071196774698954,19.28185180928542,0.37718208389566954,148
45,5084708,5084823,19.835533200480207,20.0,0.015178795237110562,116
46,5080239,5080386,-19.97039624287917,-19.759741208292706,-0.5741674929594899,148
46,5080807,5080938,-19.16193628194167,-18.974054684855204,0.05112097089407397,132
46,5080940,5080956,-18.972631350301043,-18.948434567667704,0.05112097089407397,17
46,5081397,5081550,-18.322162600301045,-18.10296752665208,-0.8017081106359817,154
46,5081926,5082107,-17.56921313741042,-17.31016430399583,0.8881056926212071,182
46,5082471,5082607,-16.79348999287917,-16.598491696573955,1.0,137
46,5083002,5083149,-16.03769360616042,-15.827038571573953,-1.0,148
46,5083563,5083709,-15.239197024129172,-15.029965329386453,0.02832331282527135,147
46,5084171,5084318,-14.373803225301046,-14.163148190714578,0.14301603701967897,148
46,5084708,5084885,-13.609466799519797,-13.356111569620829,-0.4021376501487297,178
46,5085339,5085457,-12.711336184285422,-12.541958005167704,-0.04871993617351454,119
46,5085459,5085486,-12.540534670613546,-12.500680905558328,-0.04871993617351454,28
46,5085942,5086118,-11.853059084676046,-11.601126950480204,-0.7801972760826164,177
46,5086500,5086659,-11.058832522176047,-10.831097165323953,1.0,160
46,5087067,5087109,-10.251795656941672,-10.190591794230203,0.09612169385535545,43
46,5087111,5087216,-10.189168459676047,-10.038293942667703,0.09612169385535545,106
46,5087650,5087812,-9.421985598347922,-9.189980221964579,0.9528389163604732,163
46,5088235,5088398,-8.589328615926046,-8.355899899698953,1.0,164
46,5088816,5088962,-7.762364992879172,-7.553133298136453,0.07992070329426101,147
46,5089411,5089547,-6.915474612019796,-6.720476559855204,-0.8098159953090914,137
46,5090028,5090125,-6.037270754597921,-5.8977829563395785,0.09441122371610064,98
46,5090542,5090668,-5.305671389363547,-5.124906491495828,-0.08214421574944665,127
46,5091126,5091288,-4.474437746785422,-4.242432614542704,-0.9790572109553718,163
46,5091859,5091995,-3.4311257350666713,-3.236127438761454,-0.01965413307519478,137
46,5092414,5092556,-2.6411691920979212,-2.4376308567302036,0.3232441471485092,143
46,5092558,5092577,-2.436207522176046,-2.407740720011454,0.3232441471485092,20
46,5092953,5093100,-1.8739863307697961,-1.6633312961833289,0.0,148
46,5093499,5093644,-1.0968398463947961,-0.8890314914958287,0.15249958284128656,146
46,5094120,5094272,-0.2129423854572962,0.0048293483479212185,-0.7643582689428472,153
46,5094820,5094966,0.7833991672770787,0.9926308620197962,-1.0,147
46,5095453,5095629,1.6843764621989539,1.9363085963947961,-0.592507974586106,177
46,5096030,5096226,2.505646725870829,2.786045656941671,0.6074533687054472,197
46,5096633,5096813,3.363923825480204,3.621549319051046,-1.0,181
46,5097249,5097402,4.240704343058328,4.459899660847921,0.8785160933341558,154
46,5097975,5098137,5.274052975870829,5.506058352254172,-0.851031730975833,163
46,5098518,5098676,6.046929440714578,6.273241213582296,-1.0,159
46,5099157,5099307,6.956447018839579,7.171372072957297,0.9616201289868346,151
46,5099783,5099973,7.847460934855204,8.119319826863547,-0.5442514063688971,191
46,5100398,5100570,8.722818356730203,8.96905688741042,-0.853375058497683,173
46,5101098,5101247,9.719159909464578,9.932661623738547,0.7327721995768159,150
46,5101677,5101824,10.543276608683328,10.753931643269796,-0.31506570209278817,148
46,5102226,5102376,11.324693112589578,11.539618166707296,-0.8378112580960051,151
46,5102867,5102995,12.237057370402079,12.420668947957296,-1.0,129
46,5102999,5103000,12.424938962198953,12.427785647176046,-1.0,2
46,5103433,5103586,13.04267065165208,13.261865969441672,-0.9522176026243605,154
46,5104063,5104168,13.939378171183328,14.090252688191672,-0.021785014938590672,106
46,5104170,5104193,14.091676022745828,14.125836428426046,-0.021785014938590672,24
46,5104648,5104818,14.772035153605204,15.015427004597921,-1.0,171
46,5105312,5105417,15.717136227823953,15.868010744832297,-1.0,106
46,5105845,5105966,16.475779294230204,16.649427248738544,-0.10600686077704174,122
46,5105968,5105969,16.650850583292705,16.653697268269795,-0.10600686077704174,2
46,5106470,5106576,17.36536987040208,17.51766772725417,0.7401437468447198,107
46,5107031,5107168,18.16386645243333,18.360288088582294,-1.0,138
46,5107644,5107796,19.03637719462083,19.254148928426044,-0.0833453685382295,153
46,5108260,5108320,19.913157712198956,19.99998169209792,-1.0,61
47,5148804,5148995,-19.611737307332294,-19.338455075480205,1.0,192
47,5149387,5149552,-18.781927004597918,-18.54565160868333,1.0,166
47,5149971,5149995,-17.950693362019795,-17.915109860636456,1.0,25
47,5149998,5150145,-17.912263186238544,-17.70160815165208,1.0,148
47,5150535,5150730,-17.147926760457295,-16.868951169230204,1.0,196
47,5151140,5151318,-16.28680298116042,-16.03202416727708,0.9311364440642023,179
47,5151727,5151878,-15.451299319051047,-15.234950925089578,1.0,152
47,5152726,5152744,-14.029377688191671,-14.002333981730203,1.0,19
47,5152746,5152829,-14.000910647176047,-13.881349606730204,1.0,84
47,5153137,5153309,-13.444382815144797,-13.198144040323953,0.7329629339597543,173
47,5153793,5153955,-12.510668459676047,-12.278663083292704,0.8359274315843513,163
47,5154382,5154545,-11.672318117879172,-11.438889401652078,1.0,164
47,5154996,5155160,-10.798384035847922,-10.563532223917703,-0.06544087188564682,165
47,5155720,5155753,-9.767882326863546,-9.719488522745829,1.0,34
47,5155756,5155763,-9.71664184834792,-9.705255124308328,1.0,8
47,5155765,5155945,-9.703831789754172,-9.446206296183329,1.0,181
47,5156334,5156351,-8.893948244832297,-8.868328122355203,-0.2767721935750693,18
47,5156353,5156464,-8.866904787801047,-8.707490231730203,-0.2767721935750693,112
47,5156883,5157065,-8.112531985066672,-7.852059811808329,1.0,183
47,5157483,5157683,-7.258524904988547,-6.972432370402078,-0.18916672174173157,201
47,5158115,5158264,-6.358970705769797,-6.145468991495829,-0.8309730264660143,150
47,5158653,5158712,-5.593210940144797,-5.507810300089578,1.0,60
47,5158714,5158839,-5.506386965535421,-5.327045407511453,1.0,126
47,5159208,5159316,-4.803254397176047,-4.6481098606364535,0.8155341423328851,109
47,5159318,5159390,-4.646686526082297,-4.542782223917704,0.8155341423328851,73
47,5159864,5160004,-3.869540041707296,-3.668848386027079,-0.38144979457292993,141
47,5160488,5160649,-2.981372561238546,-2.750790768839579,-0.20578263522374324,162
47,5161120,5161254,-2.081818606160421,-1.8896669895427038,-1.0,135
47,5161743,5161872,-1.195074465535421,-1.0100397922770787,0.0,130
47,5162307,5162393,-0.3923078639729212,-0.2684768039958288,-0.46371039673081127,87
47,5162395,5162482,-0.2670534694416712,-0.1417990696208288,-0.46371039673081127,88
47,5162981,5163140,0.5670268528239537,0.7947619655354212,-0.4133494822182325,160
47,5165096,5165185,3.5774016086833287,3.7055026881916713,-1.0,90
47,5165584,5165695,4.2719941379802036,4.431408694051046,-1.0,112
47,5166195,5166343,5.141657956339579,5.353736330769797,-0.41766996963152603,149
47,5166747,5166829,5.927344479777078,6.045482180379172,-1.0,83
47,5166831,5166832,6.046905514933329,6.049752199910421,-1.0,2
47,5166838,5166897,6.056868893839578,6.142269533894797,-1.0,60
47,5167344,5167534,6.7770815403239535,7.048940432332296,-0.63452853768138,191
47,5167955,5168102,7.6467453586833285,7.8574003932697964,0.9435112263509755,148
47,5168523,5168566,8.455205563761453,8.51783276631667,1.0,44
47,5168568,5168642,8.519256100870829,8.626006838582297,1.0,75
47,5169239,5169374,9.47432055399583,9.667895510457297,-0.3274085837794034,136
47,5169847,5169982,10.339714352823954,10.533289309285422,-1.0,136
47,5170452,5170554,11.200838132120829,11.347442873738547,-0.892355984946993,103
47,5170556,5170586,11.348866208292703,11.392989748738547,-0.892355984946993,31
47,5171045,5171171,12.044881833292703,12.225646731160422,-0.6742349716940643,127
47,5171638,5171798,12.888925534464578,13.118084231160422,-0.5226694352608066,161
47,5172204,5172335,13.694538815714578,13.882420412801046,-0.2969834468663631,132
47,5172829,5172927,14.584129636027079,14.725040774129171,1.0,99
47,5173379,5173488,15.366969479777078,15.523537356160421,0.31600454333346484,110
47,5173878,5174025,16.077218747355204,16.28787378194167,0.9889920190188798,148
47,5174501,5174646,16.96396264383958,17.171770998738545,-0.043384877415767735,146
47,5175045,5175134,17.73826244852708,17.86636352803542,-0.5576650902324953,90
47,5175137,5175138,17.86921020243333,17.87205688741042,-0.5576650902324953,2
47,5175143,5175145,17.87775024149583,17.88202026631667,-0.5576650902324953,3
47,5175150,5175186,17.88771362040208,17.940377444051045,-0.5576650902324953,37
47,5175592,5175727,18.51683227274583,18.710407229207295,-0.3092226105509121,136
47,5176095,5176202,19.232774899698956,19.386496096394794,1.0,108
48,5180831,5180843,-20.0,-19.98175903055833,0.18662462267341265,13
48,5181269,5181365,-19.376837404988546,-19.238772946573956,0.5602945781815906,97
48,5181806,5181937,-18.61250122334792,-18.424619626261457,-0.19590974034738734,132
48,5182488,5182633,-17.641779787801045,-17.43397143290208,-0.4581043994648592,146
48,5183047,5183210,-16.846129885457295,-16.612701169230206,-0.4779234070445504,164
48,5183555,5183664,-16.12307055928542,-15.966502438761454,-0.8579334727667532,110
48,5184106,5184269,-15.33880737569167,-15.105378659464579,-0.341117629376716,164
48,5184653,5184808,-14.560237551472921,-14.338195798136454,0.0,156
48,5185285,5185437,-13.660683352254171,-13.442911618448953,-0.40998823400316325,153
48,5186618,5186714,-11.763364260457296,-11.625299802042703,-0.2788236502180853,97
48,5187224,5187348,-10.900817141316672,-10.72289916727708,0.10012515251429331,125
48,5187774,5187912,-10.117977297566672,-9.920132321573954,0.2188282320492589,139
48,5188365,5188569,-9.276780520222921,-8.984994626261454,-0.09157679676227791,205
48,5189048,5189209,-8.304635744832296,-8.074053708292704,0.44836305523484143,162
48,5189621,5189780,-7.489058840535422,-7.261323727823953,0.36177912779140436,160
48,5190138,5190270,-6.753189455769797,-6.563884518839578,0.1940704967406071,133
48,5190684,5190858,-5.976042971394796,-5.726957516886453,0.3871666367267892,175
48,5191330,5191483,-5.056562014363546,-4.8373669407145785,-0.25843661724024214,154
48,5191927,5192058,-4.206824953816672,-4.018943356730204,0.10065903965977652,132
48,5192514,5192650,-3.371321535847921,-3.176323239542704,0.19115568905821512,137
48,5193186,5193245,-2.4148334987385462,-2.329432858683329,-1.0,60
48,5193315,5193389,-2.231221926472921,-2.124471188761454,-0.7335874633610258,75
48,5193479,5193820,-1.997793459676046,-1.5110092746989539,-1.0,342
48,5193871,5193999,-1.4398420436604211,-1.256230466105204,-1.0,129
48,5194062,5194136,-1.1679831569416712,-1.0612321750895788,0.6712794655731205,75
48,5194202,5194290,-0.9687148463947962,-0.8420371067302037,0.2702060366633253,89
48,5194410,5194477,-0.6726591823322963,-0.5758715793864537,0.44494702563316885,68
48,5194737,5194794,-0.2072251003010462,-0.12467113993332878,-1.0,58
48,5195084,5195128,0.2866755344645788,0.35072607686354623,-0.08034378267995296,45
48,5195173,5195247,0.4133532688395788,0.5201042506916712,1.0,75
48,5195319,5195567,0.6211616184489538,0.9755747096760463,1.0,249
48,5202796,5202923,11.263513180948953,11.445701418660422,-0.9155723508652259,128
48,5202925,5202953,11.44712475321458,11.488401858113546,-0.9155723508652259,29
48,5203692,5203883,12.538830563761453,12.812112795613547,0.9938594151672605,192
48,5204553,5204765,13.764330563761453,14.067503176472922,0.369570804549609,213
48,5205234,5205520,14.733628659464578,15.142128664754171,1.0,287
48,5205650,5205687,15.325740231730203,15.379827395222922,-1.0,38
48,5205692,5205694,15.385520749308329,15.389790774129171,-1.0,3
48,5206231,5206464,16.15270385477708,16.485766604207296,1.0,234
48,5206986,5207108,17.22732934305833,17.402400881551046,0.5426653140042452,123
48,5208755,5208931,19.74522680399583,19.99715893819167,0.3378940297283543,177
49,5211615,5211693,-20.0,-19.88756176493333,-1.0,79
49,5212321,5212466,-18.99512427022292,-18.787315915323955,-1.0,146
49,5213474,5213637,-17.354007326863545,-17.12057885477708,0.8817235889544369,164
49,5214709,5214843,-15.596176272176047,-15.40402465555833,-1.0,135
49,5215457,5215613,-14.531514162801047,-14.308048825480203,0.5694045263046839,157
49,5215948,5216093,-13.83265161397292,-13.624843259073954,0.04505780911913012,146
49,5216493,5216628,-13.056928469441672,-12.863353512980204,-0.35882171368686594,136
49,5217881,5218017,-11.081325442097922,-10.886327145792704,0.17531626907476516,137
49,5218653,5218816,-9.982502932332297,-9.74907446024583,0.0,164
49,5220154,5220373,-7.846062014363547,-7.532926022745828,-1.0,220
49,5220887,5221072,-6.802750002644797,-6.538007809855204,0.058227411777138346,186
49,5221355,5221516,-6.136624514363547,-5.906042477823953,-0.3871440637877382,162
49,5221904,5222067,-5.3552080104572966,-5.121779294230204,0.9504328557436271,164
49,5222506,5222625,-4.498354250691672,-4.327552731730203,-0.983492922031476,120
49,5223003,5223168,-3.7909516628010462,-3.554676266886454,-1.0,166
49,5223516,5223688,-3.0607756374104214,-2.814536862589579,0.5853339285955022,173
49,5224079,5224243,-2.259432375691671,-2.0245803196208287,-0.7306268081482368,165
49,5224599,5224790,-1.5192927272541712,-1.2460104954020788,0.22605994201586227,192
49,5225130,5225172,-0.7634965846760463,-0.7022927219645787,-1.0,43
49,5225177,5225178,-0.6965993678791713,-0.6937526829020787,-1.0,2
49,5225184,5225316,-0.6866359889729212,-0.4973310520427038,-1.0,133
49,5226109,5226224,0.6299582493083288,0.7950664088947963,-1.0,116
49,5226715,5226876,1.4925053684489538,1.723087404988546,0.2377019239763894,162
49,5227260,5227290,2.268228512980204,2.312352297566671,-0.19498627714714034,31
49,5227292,5227292,2.3137756321208287,2.315198977254171,-0.19498627714714034,1
49,5227295,5227295,2.3180456516520787,2.319468996785421,-0.19498627714714034,1
49,5227297,5227434,2.320892331339579,2.5173139674885463,-0.19498627714714034,138
49,5227803,5227917,3.041104977823954,3.204789553426046,0.654174418067078,115
49,5227921,5227968,3.209059811808329,3.2773803737385463,0.654174418067078,48
49,5227973,5227974,3.283073727823954,3.285920412801046,0.654174418067078,2
49,5228383,5228572,3.8666452610270787,4.137080813191671,-0.11126534762346148,190
49,5228954,5229119,4.679375241495828,4.915650393269797,1.0,166
49,5229547,5229668,5.523418942667703,5.697066897176047,0.9274913643981001,122
49,5230086,5230263,6.290601803995829,6.543957278035421,0.9044581742017764,178
49,5230758,5230907,7.247089841105203,7.460591555379172,1.0,150
49,5231283,5231436,7.994345944620829,8.213541262410422,1.0,154
49,5231804,5232004,8.735908932902078,9.022001223347921,-1.0,201
49,5232459,5232605,9.668199948527079,9.877431643269796,-0.3618535991224355,147
49,5233042,5233211,10.498010007120829,10.739978762410422,1.0,170
49,5233561,5233695,11.236726315714579,11.428877932332297,-0.7705798957787117,135
49,5234129,5234294,12.045186276652078,12.281461672566671,0.007048794970326125,166
49,5234664,5234784,12.806676022745828,12.97890063741042,-0.4104700728295507,121
49,5235164,5235323,13.518348386027078,13.746083742879172,-1.0,160
49,5235691,5235867,14.268451413370828,14.520383547566672,0.44483329030283497,177
49,5236011,5236061,14.723921872355204,14.796512453816671,-1.0,51
49,5236290,5236423,15.121035153605204,15.311763430379171,-0.11146664713713814,134
49,5236813,5236915,15.865444577433328,16.01204907491042,-1.0,103
49,5237292,5237482,16.547227048136456,16.819085940144795,-1.0,191
49,5237916,5238088,17.43539428446458,17.68163305928542,0.8618225066442565,173
49,5238522,5238694,18.297941403605204,18.544180178426046,-0.6650860193338478,173
49,5238696,5238743,18.545603512980204,18.61392407491042,-0.6650860193338478,48
49,5239124,5239301,19.15479516337083,19.40815063741042,-1.0,178
49,5239677,5239717,19.94190502665208,20.0,-1.0,41
50,5287155,5287225,-19.798514651082296,-19.69745727274583,-0.5943738425464536,71
50,5287258,5287305,-19.651910158894793,-19.58358959696458,-1.0,48
50,5288204,5288212,-18.305425539754168,-18.29261547587083,-1.0,9
50,5288214,5288354,-18.29119214131667,-18.090500485636454,-1.0,141
50,5288376,5288950,-18.060610354207295,-17.24218676493333,1.0,575
50,5288952,5288991,-17.240763430379168,-17.183829587198954,1.0,40
50,5288997,5289157,-17.176712893269794,-16.94755444071458,1.0,161
50,5295699,5295896,-7.637453860066672,-7.355631589152078,-1.0,198
50,5297408,5297700,-5.204957033894797,-4.787916989542704,-0.22257416984002967,293
50,5297702,5297765,-4.786493654988546,-4.695399411417704,-0.22257416984002967,64
50,5298932,5299128,-3.0357790553791713,-2.7553801243083287,-0.9300811517777516,197
50,5299520,5299530,-2.1988520534260463,-2.1831953098552037,0.0,11
50,5299532,5299836,-2.181771975301046,-1.747651608683329,0.0,305
50,5300462,5301318,-0.8580610378010463,0.3617458522541712,0.840308005503538,857
50,5302718,5302940,2.3530056125895786,2.6704116237385462,-0.4168318683565949,223
50,5304104,5304204,4.325761960245829,4.469519778035422,-0.9999226571579916,101
50,5304206,5304355,4.470943112589579,4.684445071004172,-0.9999226571579916,150
50,5304876,5305045,5.424584470011453,5.666553225301047,-0.18192115504342157,170
50,5305466,5305638,6.264358151652078,6.510596682332297,-0.8037709400794127,173
50,5305641,5305658,6.513443356730203,6.539063723347922,-0.8037709400794127,18
50,5306036,5306345,7.075664792277078,7.516901858113546,-0.2940167438890433,310
50,5307174,5307421,8.695431637980203,9.048421145222921,-0.31477039915388133,248
50,5308102,5308263,10.016295895792704,10.246877688191672,-1.0,162
50,5308621,5308643,10.75501196024583,10.787748781941671,-0.6282327284581822,23
50,5308645,5308864,10.789172360636453,11.102308108113547,-0.6282327284581822,220
50,5309339,5309516,11.776973874308329,12.030329104207297,-0.1567525409321423,178
50,5309920,5310145,12.603937253214578,12.925613283894796,-1.0,226
50,5310582,5310779,13.546191647745829,13.828014162801047,-1.0,198
50,5311190,5311236,14.411585690714578,14.478482912801047,-0.24846492182942642,47
50,5311242,5311423,14.485599606730203,14.744648440144797,-0.24846492182942642,182
50,5311426,5311460,14.747495114542703,14.797312014363547,-0.24846492182942642,35
50,5311923,5312082,15.454897702433328,15.682632815144796,-0.35659660530656273,160
50,5312525,5313005,16.311751462198956,16.996380373738546,-0.2609209594418388,481
50,5313382,5313722,17.531558102823954,18.016918947957294,-0.6784546683529318,341
50,5314184,5314366,18.673081052042704,18.93355298116042,-0.22172139782403813,183
50,5314864,5315044,19.640955563761455,19.898581057332294,-0.8215494734377159,181
51,5322358,5322372,-19.99949585225417,-19.97814574930833,-0.7030176113355019,15
51,5322377,5322542,-19.97245239522292,-19.73617699930833,-0.7030176113355019,166
51,5323115,5323170,-18.92202368428542,-18.842316403605206,-0.21992188879548802,56
51,5323173,5323264,-18.839469729207295,-18.708521970011454,-0.21992188879548802,92
51,5324320,5324516,-17.20689282491042,-16.92649389383958,-0.5946527996637989,197
51,5325722,5325927,-15.211363039754172,-14.918153805948954,-1.0,206
51,5326199,5326405,-14.532427248738546,-14.237794919230204,-0.23979364203912035,207
51,5326831,5327019,-13.632873049519796,-13.363860837198953,0.018400074194682738,189
51,5327021,5327157,-13.362437502644797,-13.167439206339578,0.018400074194682738,137
51,5327609,5327848,-12.525510744832296,-12.183907712198954,0.0,240
51,5327851,5327853,-12.181061037801047,-12.176791012980203,0.0,3
51,5327855,5327894,-12.175367678426047,-12.118433835245828,0.0,40
51,5327896,5327896,-12.117010500691672,-12.115587155558329,0.0,1
51,5327899,5327922,-12.112740481160422,-12.078580319620828,0.0,24
51,5327925,5327926,-12.075733645222922,-12.072886960245828,0.0,2
51,5327930,5327982,-12.068616946004171,-11.993179684855203,0.0,53
51,5329135,5329176,-10.353486086629172,-10.293705563761453,-1.0,42
51,5329347,5329535,-10.051736819051047,-9.782724606730204,0.5202798700559013,189
51,5330475,5330645,-8.446203615926047,-8.202811520792704,-1.0,171
51,5331059,5331431,-7.614969973347922,-7.0840622532145785,0.559388813319966,373
51,5331433,5331705,-7.082638918660422,-6.694065671183329,0.559388813319966,273
51,5331707,5331781,-6.692642336629172,-6.585891354777078,0.559388813319966,75
51,5332914,5333086,-4.974664797566672,-4.728426022745828,-0.2929263613525289,173
51,5333571,5333791,-4.039526858113547,-3.724967770792704,-0.8905413824615526,221
51,5334180,5334538,-3.1727097194416713,-2.661728757120829,-1.0,359
51,5334606,5334731,-2.5663647487385464,-2.387023190714579,-1.0,126
51,5335155,5335379,-1.7849482448322962,-1.4646955539958288,0.15378815468043594,225
51,5336279,5336557,-0.1851084010822962,0.2120048854572962,-1.0,279
51,5337135,5337420,1.0332751438395789,1.440351809285421,-0.5210031274178151,286
51,5337422,5337470,1.441775143839579,1.511519045613546,-0.5210031274178151,49
51,5338055,5338335,2.342752682902079,2.7427126491291713,-1.0,281
51,5338844,5339027,3.465771970011454,3.7276674831135463,-0.16286893417337978,184
51,5339032,5339032,3.733360837198954,3.7347841823322963,-0.16286893417337978,1
51,5339034,5339096,3.736207516886454,3.825878176472921,-0.16286893417337978,63
51,5339530,5339757,4.442186764933329,4.766709475301046,-0.3309075998050778,228
51,5340331,5340486,5.582286130167703,5.804327883504172,1.0,156
51,5340873,5341035,6.353739255167703,6.585744387410422,0.47516365380830594,163
51,5341476,5341671,7.212016354777078,7.490991946004171,0.18698351798106955,196
51,5342107,5342254,8.110146970011453,8.320802248738547,0.8558311992555797,148
51,5342675,5342869,8.918607175089578,9.19615942647292,0.7528620877100054,195
51,5343324,5343492,9.842358151652078,10.082903567097922,0.7676297147811434,169
51,5343907,5344077,10.672168210245829,10.915560305379172,1.0,171
51,5344491,5344581,11.503401852823954,11.632926272176046,-0.1716987104448425,91
51,5344585,5344587,11.637196286417703,11.641466311238547,-0.1716987104448425,3
51,5344591,5344592,11.645736325480204,11.648583010457296,-0.1716987104448425,2
51,5344594,5344780,11.650006345011453,11.916171877644796,-0.1716987104448425,187
51,5344782,5344804,11.917595212198954,11.950332278035422,-0.1716987104448425,23
51,5345261,5345416,12.599377682902078,12.821419436238546,0.018607635641343042,156
51,5345851,5345869,13.439151364542703,13.466194826863546,-1.0,19
51,5345871,5346034,13.467618161417704,13.701046877644796,-1.0,164
51,5346382,5346518,14.194947507120828,14.389945803426047,-1.0,137
51,5346933,5347100,14.979210690714579,15.21833276631667,-0.14044407957041463,168
51,5347539,5347683,15.841757809855203,16.04814282491042,0.29929884644865706,145
51,5347685,5347691,16.04956615946458,16.05952954366042,0.29929884644865706,7
51,5348179,5348348,16.752698727823955,16.994667483113545,-0.18794732647213508,170
51,5348668,5348837,17.44871459696458,17.690683108113546,-0.6139827676224637,170
51,5348839,5348850,17.692106442667704,17.70918677022292,-0.6139827676224637,12
51,5349283,5349478,18.324071774698954,18.603047365926045,-0.4594694971084627,196
51,5349888,5350052,19.18519555399583,19.42004761006667,-0.5469952608841362,165
52,5357956,5358093,-19.353255862019793,-19.15683422587083,-0.53939386361922,138
52,5358555,5358750,-18.50067212178542,-18.22169653055833,-0.4281337814618484,196
52,5359327,5359456,-17.401849612019795,-17.216814938761456,0.21876033516061213,130
52,5359984,5360136,-16.466711916707293,-16.24894018290208,0.819287728871686,153
52,5360619,5360796,-15.562887697957297,-15.309532468058329,-0.14930480567537624,178
52,5361325,5361500,-14.558006106160422,-14.307497311808328,0.0,176
52,5361945,5362119,-13.675532229207297,-13.426446774698954,-0.3599733256222489,175
52,5362537,5362694,-12.832911867879172,-12.608023190714578,0.22950271690653765,158
52,5363096,5363217,-12.037261965535421,-11.863613766886454,0.37422602042714154,122
52,5363632,5363781,-11.274348879597921,-11.060847165323953,-0.16272371207985076,150
52,5364313,5364463,-10.305050783894796,-10.090125729777078,-0.27433213588868016,151
52,5364835,5364914,-9.562064699910422,-9.44819701883958,-1.0,80
52,5364932,5364980,-9.424000246785422,-9.354256345011454,-1.0,49
52,5365004,5365075,-9.321519289754171,-9.219038571573954,-0.11109482483549522,72
52,5365095,5365216,-9.191994875691671,-9.018346921183328,0.42031501490289636,122
52,5365218,5365218,-9.016923586629172,-9.015500241495829,0.42031501490289636,1
52,5365273,5365350,-8.938639651082296,-8.827618649698953,1.0,78
52,5365381,5365435,-8.784918215535422,-8.706634274698953,-0.8291709918650704,55
52,5365456,5365519,-8.678167483113546,-8.587073239542704,1.0,64
52,5365554,5365754,-8.538679446004172,-8.252587155558329,0.1620045432059075,201
52,5365801,5365854,-8.187113283894796,-8.110252682902079,-0.3383076973630105,54
52,5365886,5365949,-8.066128908894797,-7.975034909464578,0.24687145498330867,64
52,5366056,5366137,-7.824160403035422,-7.707446042277079,-1.0,82
52,5366274,5366512,-7.513871096394797,-7.173691647745828,0.936545799902081,239
52,5366514,5366534,-7.172268313191672,-7.142377927042704,0.936545799902081,21
52,5367039,5367156,-6.425011965535422,-6.257057370402078,-1.0,118
52,5374630,5374931,4.379600827433328,4.809451174519797,0.7603388600712132,302
52,5375564,5375652,5.709005124308328,5.835682863972922,1.0,89
52,5375654,5375783,5.837106198527079,6.022141115926047,1.0,130
52,5376949,5377678,7.680338132120829,8.719380129597921,1.0,730
53,5390933,5391089,-20.0,-19.777138180948956,-1.0,157
53,5391491,5391696,-19.206376955769795,-18.91316772196458,-0.6211828026690157,206
53,5392110,5392285,-18.325326174519795,-18.074817380167705,0.7805862260931615,176
53,5392999,5393202,-17.05997241475417,-16.769609860636454,0.23591595492537712,204
53,5393622,5393900,-16.17322827412917,-15.776114987589578,-0.4227797633849132,279
53,5394289,5394539,-15.223857180379172,-14.866597653605204,0.520400016121929,251
53,5394977,5395224,-14.244595705769797,-13.891606198527079,0.08307101713716697,248
53,5395746,5395896,-13.15004321553542,-12.935118161417703,-1.0,151
53,5396259,5396425,-12.419867190144796,-12.182168698527079,0.2915930040199252,167
53,5396775,5396954,-11.685421145222922,-11.429218991495828,-0.8154223123700928,180
53,5397370,5397385,-10.838530764363547,-10.815757321573953,-0.5603791483650057,16
53,5397388,5397389,-10.812910647176047,-10.810063962198953,-0.5603791483650057,2
53,5397391,5397562,-10.808640627644797,-10.563825192667704,-0.5603791483650057,172
53,5398079,5398269,-9.829379153035422,-9.557520261027078,0.0,191
53,5398666,5398827,-8.993875490926047,-8.763293698527079,0.6025547087495383,162
53,5399188,5399363,-8.250889406941672,-8.000380612589579,0.8276279579388665,176
53,5400073,5400152,-6.9912290065510465,-6.877361325480203,-1.0,80
53,5400157,5400159,-6.871667971394797,-6.867397946573953,-1.0,3
53,5400164,5400266,-6.861704592488547,-6.715099850870828,-1.0,103
53,5400887,5401058,-5.832625979207297,-5.587810544230203,-0.5528407002452146,172
53,5401455,5401661,-5.0241660182697965,-4.729533444620828,0.19794795719743538,207
53,5402182,5402361,-3.989394045613546,-3.7331918918864537,0.49297611099656413,180
53,5402785,5402937,-3.131116946004171,-2.913345212198954,-1.0,153
53,5402943,5402944,-2.906228274129171,-2.9033815891520787,-1.0,2
53,5402946,5403006,-2.901958254597921,-2.815134274698954,-1.0,61
53,5403489,5403666,-2.129082033894796,-1.8757265598552038,0.008167076880340312,178
53,5404586,5404807,-0.5676723659260463,-0.2516896946208288,-0.5104309607465637,222
53,5405296,5405486,0.4429028293864538,0.7147617213947962,-0.2170702495185341,191
53,5405890,5406073,1.288369626261454,1.550265139363546,0.0551163663450518,184
53,5406582,5406781,2.2733244602458287,2.5579936549885463,0.8336033982600296,200
53,5407211,5407413,3.168608639933329,3.4575476100666713,0.43700861752436787,203
53,5409518,5409826,6.452265866495829,6.892079592488547,-1.0,309
53,5411188,5411419,8.829252194620828,9.159468264363547,-0.6696116067507025,232
53,5411706,5411893,9.566544919230203,9.834133791707297,-0.2150182742261908,188
53,5411895,5412129,9.835557370402078,10.170043459676046,-0.2150182742261908,235
53,5413475,5413767,12.084442624308329,12.501482668660422,-0.6778939661446245,293
53,5414511,5414815,13.55902807352708,13.993148440144797,-0.5193858365481274,305
53,5415238,5415378,14.593800046183329,14.794491701863546,-0.5920969430223474,141
53,5415381,5415409,14.797338376261454,14.83861548116042,-0.5920969430223474,29
53,5415800,5416136,15.393719968058328,15.873387209676046,-0.21619674912653458,337
53,5416532,5416842,16.43560863993333,16.878269045613546,0.512096365268455,311
53,5416848,5416849,16.885385739542706,16.888232424519796,0.512096365268455,2
53,5416852,5416940,16.891079098917704,17.017756838582294,0.512096365268455,89
53,5416942,5417021,17.019180173136455,17.133047854207295,0.512096365268455,80
53,5417718,5417910,18.12369604227708,18.39840161397292,0.01259691251519078,193
53,5418526,5419035,19.273758786417705,19.99966479756667,0.061511682411004985,510
54,5487915,5488246,-19.553745608113545,-19.08119506571458,-0.8434906878874701,332
54,5488870,5488938,-18.194451174519795,-18.096240231730206,-1.0,69
54,5488996,5489114,-18.01510962178542,-17.845731442667706,-1.0,119
54,5489120,5489121,-17.838614748738546,-17.835768063761456,-1.0,2
54,5489124,5489236,-17.832921389363545,-17.672083493448955,-1.0,113
54,5489618,5489772,-17.129789065144795,-16.909170407511454,-0.15257100973344276,155
54,5490167,5490669,-16.348372561238545,-15.632429928995828,-1.0,503
54,5490702,5491211,-15.586882815144797,-14.860976803995829,0.0950827494160324,510
54,5491230,5491418,-14.835356692097921,-14.566344479777078,0.47130499907065715,189
54,5492538,5492707,-12.973621096394796,-12.731652585245829,-0.6102340985974776,170
54,5493278,5493646,-11.920345705769797,-11.395131345011453,-0.18398036077187413,369
54,5493648,5494015,-11.393708010457297,-10.869916989542704,-0.18398036077187413,368
54,5494017,5494115,-10.868493654988546,-10.727582516886454,-0.18398036077187413,99
54,5494727,5495029,-9.857918703816672,-9.426645016886454,-0.1551280756726683,303
54,5495859,5496254,-8.246691897176047,-7.683047360636453,0.0,396
54,5498539,5498723,-4.432126955769797,-4.168808102823953,-1.0,185
54,5499110,5499881,-3.619396975301046,-2.520574460245829,0.4350653352993686,772
54,5500442,5500769,-1.7235012233479212,-1.2566440403239538,0.151662057091192,328
54,5501313,5501513,-0.4837675807697962,-0.19767529032395378,-1.0,201
54,5502044,5502250,0.5566977512614537,0.8513300807697962,-1.0,207
54,5502699,5502889,1.4889887668864539,1.760847658894796,-0.8792782244974201,191
54,5503247,5503403,2.268981930948954,2.492447024129171,0.18494836434348147,157
54,5503840,5504060,3.113025632120829,3.427584719441671,0.17293133435847155,221
54,5504481,5504679,4.0253898899333285,4.308635500691672,-0.9574584852240277,199
54,5505133,5505312,4.953410886027078,5.209613039754172,-0.831922822372659,180
54,5505707,5505752,5.770410886027078,5.835884768269796,0.42580589284292786,46
54,5505758,5505922,5.843001462198953,6.077853518269797,0.42580589284292786,165
54,5506332,5506515,6.660001706339578,6.9218972194416715,0.1487191102032421,184
54,5507136,5507332,7.804371091105203,8.084770022176047,-0.8239754853779844,197
54,5507853,5508076,8.824909665323954,9.143738772176047,0.5593241812771419,224
54,5508602,5508736,9.890995114542703,10.083146731160422,-1.0,135
54,5508738,5508769,10.084570065714578,10.130116946004172,-1.0,32
54,5509212,5509420,10.759235593058328,11.056714846394797,0.36297861027907563,209
54,5509832,5509978,11.641709470011454,11.850941408894796,-1.0,147
54,5510375,5510567,12.414585934855204,12.689291506551047,-0.33502304380519654,193
54,5510927,5511104,13.200272458292703,13.453627932332296,-0.6176435767310137,178
54,5511516,5511843,14.038622800089579,14.505479983113547,-1.0,328
54,5513022,5513198,16.182180661417704,16.43411255147292,0.030625130954649412,177
54,5513698,5513882,17.144361813761456,17.407680666707297,-0.1790398777391664,185
54,5515068,5515435,19.094344723917704,19.618135744832294,-1.0,368
55,5525368,5525543,-19.29420044209792,-19.04369164774583,-0.005720847512266392,176
55,5525984,5526207,-18.417419924519795,-18.09859057352708,0.891896261483818,224
55,5526607,5526777,-17.530675783894793,-17.287283688761455,0.17285753200644688,171
55,5527245,5527431,-16.622581545613546,-16.356416012980205,-0.3222214140258876,187
55,5527883,5527962,-15.714487307332297,-15.600619870402078,-1.0,80
55,5527965,5527966,-15.597773196004171,-15.594926511027078,-1.0,2
55,5527971,5527972,-15.589233156941672,-15.586386471964579,-1.0,2
55,5527974,5528024,-15.584962893269797,-15.512372311808328,-1.0,51
55,5528473,5528655,-14.874713869832297,-14.614241696573954,0.9193934067599685,183
55,5529147,5529317,-13.915379153035422,-13.67198705790208,0.48776497092628057,171
55,5529861,5530080,-12.899110842488547,-12.585974850870828,-0.15302924002066892,220
55,5530538,5530666,-11.935506106160421,-11.751894528605204,-0.19867261201999892,129
55,5531135,5531284,-11.085769045613546,-10.872267331339579,0.20365571525947926,150
55,5531851,5532002,-10.066653811238547,-9.85030541727708,-0.05829142851234215,152
55,5532427,5532617,-9.246807131551046,-8.974948239542703,0.2754074408661767,191
55,5533228,5533404,-8.106707766316672,-7.854775632120829,0.0,177
55,5533866,5534039,-7.1986135280354215,-6.950951413370828,-0.3288995389774746,174
55,5534427,5534610,-6.400116946004172,-6.138221432902078,1.0,184
55,5535032,5535206,-5.5389931667072965,-5.2899077121989535,-0.7323673467039571,175
55,5535709,5535855,-4.575388430379172,-4.366156735636453,-0.0718659904020832,147
55,5536365,5536458,-3.641674074910421,-3.507879636027079,1.0,94
55,5536460,5536513,-3.5064563014729213,-3.429595456339579,1.0,54
55,5537020,5537199,-2.7093828151447963,-2.453180905558329,-0.3874539439290902,180
55,5537636,5537807,-1.8326022975666711,-1.5877868625895788,-1.0,172
55,5538272,5538428,-0.9273547389729213,-0.7038896457927037,0.9827964592255385,157
55,5539777,5539874,1.2147795383708289,1.354267336629171,0.6276086142401152,98
55,5540139,5540298,1.7300305149333288,1.9577658717854212,0.5680024566543299,160
55,5540300,5540314,1.9591892063395788,1.980539309285421,0.5680024566543299,15
55,5540941,5541092,2.871553220011454,3.087901858113546,-0.10131937845080843,152
55,5541527,5541676,3.705633542277079,3.919135256551046,-0.4137446180003483,150
55,5542065,5542202,4.471393307902078,4.667814944051047,0.11998779438989104,138
55,5542642,5542756,5.292663327433329,5.456348147176047,1.0,115
55,5542758,5542824,5.457771481730203,5.553135500691671,1.0,67
55,5543323,5543423,6.261961423136453,6.405719240926047,0.6162490390359256,101
55,5543425,5543487,6.407142575480203,6.4968134792072965,0.6162490390359256,63
55,5544014,5544143,7.245492917277079,7.430527834676046,0.8497805970006094,130
55,5544145,5544162,7.431951169230204,7.457571291707296,0.8497805970006094,18
55,5544738,5544938,8.275994870402078,8.562087160847922,0.8598632793734062,201
55,5545522,5545723,9.391897458292704,9.679413088582297,0.5619378993116649,202
55,5546487,5546667,10.765425534464578,11.023051028035422,0.6405027527391244,181
55,5547126,5547286,11.674942868448953,11.904101565144797,-0.6785860975362799,161
55,5547910,5548040,12.790845456339579,12.977303713582296,0.23584875800147295,131
55,5548652,5548814,13.846967770792704,14.078972903035421,0.8313156350699357,163
55,5549353,5549542,14.844732663370829,15.115168215535421,0.7419176441003844,190
55,5550000,5550139,15.765636960245828,15.964905276082296,-1.0,140
55,5550142,5550192,15.967751950480203,16.04034253194167,-1.0,51
55,5550704,5550863,16.767671872355205,16.99540698506667,0.8157092762425825,160
55,5551423,5551564,17.791057126261457,17.99317212178542,0.8709274781019132,142
55,5552042,5552203,18.67210766337083,18.902689455769796,0.3541306132195126,162
55,5552653,5552844,19.541771481730205,19.815053713582294,0.7540540502198139,192
56,5621479,5621597,-19.40107641866042,-19.231698239542705,-0.053512414050120756,119
56,5622224,5622285,-18.340684084676045,-18.25243676493333,0.14824389832274903,62
56,5622291,5622292,-18.24532007100417,-18.24247338602708,0.14824389832274903,2
56,5622296,5622392,-18.23820337178542,-18.10013891337083,0.14824389832274903,97
56,5623002,5623136,-17.233321779988543,-17.04117016337083,-0.304417231365344,135
56,5624007,5624136,-15.802859865926047,-15.617824948527078,0.27260511487504446,130
56,5624699,5624846,-14.817905031941672,-14.607249997355204,-0.05583189073521109,148
56,5625302,5625471,-13.959627932332296,-13.717659177042703,0.0,170
56,5626110,5626283,-12.809564944051047,-12.561902829386453,0.2806089023826693,174
56,5626463,5626751,-12.307124270222921,-11.895777341105203,-0.8091531355992612,289
56,5626787,5626860,-11.845960451863547,-11.740632809855203,0.9227720165928331,74
56,5626913,5627071,-11.66661889912917,-11.440306882120828,-0.5299309201373389,159
56,5627132,5627306,-11.354906252644797,-11.105820798136454,0.1345757318343243,175
56,5627369,5627439,-11.017573488972921,-10.916515866495828,0.33759427379721446,71
56,5627528,5627660,-10.791261721394797,-10.601956784464578,0.5236794915517543,133
56,5627810,5627847,-10.389878176472921,-10.335791257120828,0.795989054572658,38
56,5627851,5627853,-10.331521242879171,-10.327250973917703,0.795989054572658,3
56,5627857,5627892,-10.322980959676046,-10.271740720011453,0.795989054572658,36
56,5628156,5628237,-9.897400881551047,-9.780686520792704,-1.0,82
56,5628280,5628324,-9.720906008504171,-9.656855466105203,-0.7891997073589095,45
56,5628467,5628521,-9.454740481160421,-9.376456540323954,-1.0,55
56,5628625,5628680,-9.229852053426047,-9.15014477274583,0.7274176332885018,56
56,5628720,5628765,-9.094634279988547,-9.029160397745828,-1.0,46
56,5629303,5629344,-8.26482397725417,-8.205043454386454,-0.8813531919477307,42
56,5629829,5629874,-7.5161445338947965,-7.450670651652079,-1.0,46
56,5629909,5629957,-7.402276858113547,-7.332532956339579,-1.0,49
56,5630400,5630438,-6.703414309285422,-6.647903805948953,-1.0,39
56,5630441,5630477,-6.645057131551047,-6.5923935520427035,-1.0,37
56,5630495,5630547,-6.568196535847922,-6.492759274698954,-1.0,53
56,5633795,5634125,-1.871157717488546,-1.4000305149333288,0.8888629394299319,331
56,5634718,5634867,-0.5574101588947963,-0.3439084446208288,0.6449178856641015,150
56,5637275,5637607,3.082083493448954,3.556057375691671,0.8453260417843488,333
56,5638764,5638819,5.201444333292703,5.281151613972922,-1.0,56
56,5640098,5640313,7.100186764933328,7.407629153035422,0.44713085518450557,216
56,5641281,5641479,8.784003903605203,9.067249758504172,0.5504003526750139,199
56,5642370,5642675,10.334026852823953,10.769570559285421,0.4455287494858275,306
56,5644053,5644208,12.72951684305833,12.951558596394797,0.6341779902793208,156
56,5644293,5644345,13.071119626261453,13.146556887410421,-1.0,53
56,5645272,5645729,14.464574460245828,15.116466555379171,0.7556051984229699,458
56,5647161,5647364,17.153273434855205,17.443635744832296,-0.14268035486268496,204
56,5647986,5648242,18.327533200480204,18.69333276631667,0.9069048645329829,257
57,5683938,5684037,-19.99936255147292,-19.85702807352708,-1.0,100
57,5684679,5684838,-18.94466382100417,-18.716928708292706,-1.0,160
57,5687225,5687619,-15.320827151082296,-14.758605954386454,-1.0,395
57,5688455,5688928,-13.570112551472922,-12.895447018839578,0.0,474
57,5688930,5688975,-12.894023684285422,-12.828549802042703,0.0,46
57,5688978,5688979,-12.825703127644797,-12.822856442667703,0.0,2
57,5688982,5689464,-12.820009768269797,-12.132534177042704,0.0,483
57,5690604,5690734,-10.511343996785422,-10.324885739542703,-1.0,131
57,5691966,5692909,-8.572747805379171,-7.229110104777078,0.4546040084471245,944
57,5694227,5694372,-5.354564455769797,-5.146756100870828,-1.0,146
57,5695625,5695894,-3.3647280299885463,-2.980424802042704,-1.0,270
57,5698002,5698178,0.018563229777078784,0.27049536397292123,-1.0,177
57,5699265,5699378,1.8162482883708289,1.9785095241291712,-0.2896482412295903,114
57,5699380,5699682,1.979932858683329,2.4112065456135463,-0.2896482412295903,303
57,5699684,5699895,2.412629880167704,2.7143789088947963,-0.2896482412295903,212
57,5700785,5700928,3.979732907511454,4.184694582722922,-1.0,144
57,5701641,5701739,5.198116208292704,5.339027346394797,-1.0,99
57,5701775,5702792,5.388844479777078,6.837809817097922,1.0,1018
57,5702816,5702829,6.870546872355203,6.890473635457297,1.0,14
57,5702832,5702890,6.893320309855204,6.977297610066672,1.0,59
57,5702895,5702988,6.982990964152078,7.116785403035421,1.0,94
57,5703102,5703145,7.277623532511454,7.340250735066672,-1.0,44
57,5703306,5703369,7.567985837198953,7.6590800807697965,-1.0,64
57,5708655,5708696,15.181458981730204,15.241239504597921,-1.0,42
58,5715498,5715507,-19.999590334676046,-19.98535668680833,1.0,10
58,5715510,5715764,-19.98251001241042,-19.619557126261455,1.0,255
58,5715766,5716114,-19.618133791707294,-19.121386227823955,1.0,349
58,5716977,5717034,-17.894462893269793,-17.811908688761456,-1.0,58
58,5717603,5718533,-17.003448733113544,-15.678314450480203,-0.18582954620229905,931
58,5718835,5718888,-15.249887453816672,-15.173026852823954,-1.0,54
58,5720358,5720569,-13.082132815144796,-12.780383786417703,0.9076189049440089,212
58,5720571,5721120,-12.778960451863547,-11.996120602823954,0.9076189049440089,550
58,5721366,5721416,-11.647400881551047,-11.57481030008958,-1.0,51
58,5722193,5722343,-10.470294436238547,-10.25536938212083,0.07043763253368386,151
58,5722345,5722688,-10.253946047566671,-9.764315427042703,0.07043763253368386,344
58,5724061,5724778,-7.811485842488547,-6.7895239231364535,-0.12543008497135827,718
58,5724780,5725065,-6.788100588582297,-6.381023923136453,-0.12543008497135827,286
58,5726080,5726974,-4.937751955769796,-3.6638581516520787,0.0,895
58,5728025,5728077,-2.1693457057697962,-2.093908444620829,-1.0,53
58,5728303,5729284,-1.7736557643635462,-0.3759309055583288,-1.0,982
58,5731153,5731206,2.282877927042704,2.3597385280354213,-1.0,54
58,5731372,5731602,2.594590329386454,2.9233830592854213,-1.0,231
58,5731618,5732535,2.9447333957927038,4.251364260457296,-0.14982752676771108,918
58,5733279,5733328,5.308909665323953,5.380076906941672,-1.0,50
58,5733906,5734219,6.201346921183329,6.648277346394797,-1.0,314
58,5734988,5735290,7.7414064914958285,8.172679934285421,-0.8642290639389523,303
58,5735302,5735434,8.188336911417704,8.377641604207296,-1.0,133
58,5735436,5735515,8.379064938761454,8.492932619832297,-1.0,80
58,5736272,5736465,9.568981686808328,9.845110598347922,-1.0,194
58,5736978,5737196,10.573863278605204,10.885575930379172,-1.0,219
58,5737700,5738020,11.601518307902078,12.058412112019797,-1.0,321
58,5738630,5738984,12.925229489542703,13.430516848347922,-0.1101355718410645,355
58,5738988,5740149,13.43478686258958,15.088714113972921,-0.1101355718410645,1162
58,5740152,5740377,15.091560788370828,15.413236574910421,-0.1101355718410645,226
58,5742568,5743309,18.53036254618333,19.58648462178542,-1.0,742
59,5845038,5845174,-19.99946167256667,-19.804463376261456,0.4375118439103079,137
59,5845631,5845801,-19.155417971394794,-18.912025876261456,-1.0,171
59,5845803,5845825,-18.910602541707295,-18.877865720011457,-1.0,23
59,5846254,5846431,-18.268674074910418,-18.01531860087083,0.2638676328251239,178
59,5847971,5848118,-15.824790285847921,-15.614135251261454,0.9729324252971889,148
59,5848458,5848708,-15.131621340535421,-14.774361569620828,1.0,251
59,5849233,5849408,-14.028528811238546,-13.778020016886453,0.5774574810139685,176
59,5849852,5850080,-13.147478274129172,-12.821532223917703,0.6028519736521246,229
59,5851392,5851794,-10.955526613972921,-10.381918698527079,-0.9604762201408319,403
59,5852693,5852896,-9.103754641316671,-8.813392331339578,-0.5412137596609614,204
59,5852899,5852900,-8.810545656941672,-8.807698971964578,-0.5412137596609614,2
59,5852902,5852963,-8.80627563741042,-8.718028073527078,-0.5412137596609614,62
59,5853608,5853819,-7.801393801472922,-7.499644772745828,0.0,212
59,5854286,5854455,-6.836365969441672,-6.594397214152078,-0.28151559203499227,170
59,5854958,5855186,-5.879877932332296,-5.553931882120828,0.621714542231056,229
59,5855632,5855657,-4.920543215535422,-4.883536374308329,0.5098289712815569,26
59,5855661,5855662,-4.879266360066672,-4.876419675089578,0.5098289712815569,2
59,5855664,5855844,-4.8749963405354215,-4.617370846964579,0.5098289712815569,181
59,5856265,5856463,-4.019565920613546,-3.7363200657145788,-0.8998861552461895,199
59,5857002,5857095,-2.970560549519796,-2.8367661106364537,1.0,94
59,5857097,5857212,-2.835342776082296,-2.670234616495829,1.0,116
59,5859171,5859290,0.11667504618332877,0.2874765651447962,-1.0,120
59,5859752,5859916,0.9436386692302038,1.178490481160421,1.0,165
59,5860383,5860577,1.8417695286052038,2.119321779988546,1.0,195
59,5861099,5861262,2.860884518839579,3.094313235066671,-0.838879519725606,164
59,5861778,5861936,3.827335934855204,4.053647707722922,0.7486694771558221,159
59,5862372,5862482,4.6728029758708285,4.830794192097922,1.0,111
59,5862484,5862562,4.832217526652078,4.944661867879171,1.0,79
59,5863103,5863250,5.713268063761453,5.923923342488546,-0.9222871681351436,148
59,5863679,5863885,6.533114987589578,6.827747317097922,1.0,207
59,5864483,5864703,7.677484372355203,7.992043703816671,-1.0,221
59,5865140,5865275,8.612622311808328,8.806197268269797,-1.0,136
59,5865837,5865983,9.604693845011454,9.813925539754171,-1.0,147
59,5866494,5866687,10.539831540323954,10.815960451863546,1.0,194
59,5867158,5867310,11.484932614542704,11.702704592488546,0.9174146304453287,153
59,5867791,5867945,12.385910153605204,12.606528567097921,0.15740118853314783,155
59,5868636,5868742,13.588636716105203,13.740934817097921,-1.0,107
59,5869163,5869294,14.338739743448953,14.52662134053542,-1.0,132
59,5869831,5869992,15.289534177042704,15.520116213582297,-0.330199023984826,162
59,5870785,5870975,16.64740551493333,16.91926440694167,-1.0,191
59,5871555,5871707,17.743381345011453,17.96115307881667,-1.0,153
59,5872133,5872275,18.566074704386455,18.76961303975417,0.03903820416712233,143
59,5872878,5873013,19.626466794230204,19.82004175069167,-0.9294440843273255,136
60,5908716,5909105,-20.0,-19.44558569071458,0.08998543190908796,390
60,5909107,5909190,-19.44416235616042,-19.32460131571458,0.08998543190908796,84
60,5910557,5911199,-17.38031177022292,-16.46510082743333,0.5355585012804037,643
60,5911201,5911202,-16.46367749287917,-16.46083080790208,0.5355585012804037,2
60,5911206,5911230,-16.45656079366042,-16.42097729227708,0.5355585012804037,25
60,5911232,5911391,-16.41955395772292,-16.191818600870832,0.5355585012804037,160
60,5911393,5911605,-16.19039526631667,-15.88722289774583,0.5355585012804037,213
60,5913458,5913780,-13.25118774678542,-12.791447262980203,0.15441712090877255,323
60,5913782,5913979,-12.790023684285421,-12.508201413370829,0.15441712090877255,198
60,5913983,5914406,-12.503931399129172,-11.900433102823953,0.15441712090877255,424
60,5916116,5917117,-9.467936281941672,-8.041744382120829,0.0,1002
60,5919277,5919468,-4.968742190144797,-4.6954599582927035,-1.0,192
60,5919996,5920221,-3.945357180379171,-3.623681149698954,-1.0,226
60,5921236,5921421,-2.180409182332296,-1.9156669895427039,-1.0,186
60,5921968,5922213,-1.1385205104572962,-0.7883776829020788,-1.0,246
60,5922599,5922776,-0.2403896510822962,0.012965578816671219,1.0,178
60,5923234,5923354,0.6634343235270788,0.8356591823322963,-1.0,121
60,5923357,5923470,0.8385058567302037,1.0007670924885461,-1.0,114
60,5923827,5924075,1.5074780246989539,1.861891115926046,0.20828095551001236,249
60,5924548,5924726,2.533709958292704,2.7884887721760463,-1.0,179
60,5925312,5925492,3.621145505167704,3.8787709987385464,-1.0,181
60,5925901,5926037,4.459495846964578,4.654494143269797,-1.0,137
60,5926040,5926076,4.657340817667704,4.710004641316671,-1.0,37
60,5926078,5926078,4.711427975870828,4.712851321004171,-1.0,1
60,5926080,5926080,4.714274655558328,4.715698000691671,-1.0,1
60,5926532,5926731,5.357626706339579,5.642295656941672,-0.64373885141907,200
60,5927266,5927475,6.402362057902079,6.701264406941672,-1.0,210
60,5927929,5928105,7.346039792277079,7.597971926472922,-0.9996318668385867,177
60,5928678,5928845,8.41212524149583,8.651247317097921,-1.0,168
60,5929283,5929457,9.273249020792703,9.522334475301047,-1.0,175
60,5929865,5930131,10.101635983683328,10.481669192097922,-1.0,267
60,5930517,5930697,11.029656979777078,11.287282473347922,-1.0,181
60,5931123,5931316,11.892204098917704,12.168333010457296,0.05090583565454788,194
60,5931773,5932014,12.817378415323953,13.161828127644796,-1.0,242
60,5932016,5932143,13.163251462198954,13.345439455769796,-1.0,128
60,5932565,5932743,13.944667721964578,14.19944653584792,-1.0,179
60,5933097,5933142,14.701887448527078,14.767361330769797,-1.0,46
60,5933359,5933396,15.074803952433328,15.128890871785421,-0.904989428529003,38
60,5933399,5933500,15.131737790323953,15.276918947957297,-0.904989428529003,102
60,5933931,5934105,15.888957272745829,16.13804272725417,-1.0,175
60,5934596,5934663,16.83548168680833,16.93226928975417,-1.0,68
60,5934665,5934758,16.933692624308332,17.06748706319167,-1.0,94
60,5935376,5935542,17.945690915323954,18.183389651082294,-1.0,167
60,5936056,5936176,18.91356567118333,19.085790529988543,-0.5861092187577146,121
60,5936180,5936219,19.090060544230205,19.14699438741042,-0.5861092187577146,40
60,5936638,5936818,19.741952634073954,19.999578127644796,-0.7212411759052015,181
61,6017831,6018088,-19.25638598897292,-18.889163083292704,-1.0,258
61,6018728,6019088,-17.979645510457296,-17.465817868448955,-1.0,361
61,6019697,6019796,-16.60042407491042,-16.45808959696458,-1.0,100
61,6019798,6019894,-16.45666626241042,-16.318601559855207,-1.0,97
61,6020486,6020695,-15.477404787801047,-15.178502194620828,-1.0,210
61,6021257,6021445,-14.380005617879172,-14.110993405558329,-1.0,189
61,6021934,6022342,-13.416400881551047,-12.834252682902079,-1.0,409
61,6023629,6023959,-11.003831057332297,-10.532703610636453,-1.0,331
61,6024840,6024978,-9.280159914754172,-9.082314938761453,-1.0,139
61,6024981,6024983,-9.079468264363546,-9.075198239542704,-1.0,3
61,6024988,6024989,-9.069504885457297,-9.066658200480203,-1.0,2
61,6024991,6025043,-9.065234865926046,-8.989797604777078,-1.0,53
61,6025563,6025776,-8.251081545613546,-7.946485593058329,-1.0,214
61,6025908,6025989,-7.760027346394796,-7.643312985636453,-1.0,82
61,6026384,6027102,-7.082515139363546,-6.059129880167704,0.0,719
61,6028895,6029075,-3.508495363972921,-3.2508701145427037,0.0051800692130971335,181
61,6029077,6029077,-3.249446535847921,-3.2480231907145787,0.0051800692130971335,1
61,6029079,6029958,-3.246599856160421,-1.994056149698954,0.0051800692130971335,880
61,6029960,6029968,-1.992632815144796,-1.979822751261454,0.0051800692130971335,9
61,6032369,6032553,1.436205563761454,1.6995244167072963,-1.0,185
61,6033055,6033318,2.412620358683329,2.788383303426046,-0.6708884298166293,264
61,6033335,6033541,2.811156979777079,3.105789309285421,-1.0,207
61,6034231,6034434,4.086474118448954,4.376836672566672,-1.0,204
61,6034962,6035164,5.1269394504802035,5.415878420613547,-1.0,203
61,6035846,6036059,6.385176511027079,6.689772463582297,-1.0,214
61,6036617,6036791,7.482575680948953,7.731661135457297,-1.0,175
61,6037335,6037532,8.504537350870828,8.786359865926046,-1.0,198
61,6038010,6038223,9.465295407511453,9.769891360066671,-1.0,214
61,6038699,6038877,10.445980221964579,10.700759035847922,-1.0,179
61,6038879,6038884,10.702182370402078,10.710722414754171,-1.0,6
61,6038886,6038900,10.712145749308329,10.73349585225417,-1.0,15
61,6039617,6039806,11.752611081339579,12.02304663350417,-1.0,190
61,6040308,6040457,12.736142575480203,12.949644289754172,-1.0,150
61,6040928,6041132,13.618616452433328,13.910402346394797,-1.0,205
61,6041573,6041692,14.536674069620828,14.707475588582296,-1.0,120
61,6041694,6041695,14.708898923136454,14.711745608113546,-1.0,2
61,6041701,6041702,14.718862302042703,14.721708987019797,-1.0,2
61,6041704,6041781,14.723132321573953,14.834153322957297,-1.0,78
61,6043795,6043829,17.69934692118333,17.749164065144793,-1.0,35
61,6043831,6043841,17.750587399698954,17.766244143269795,-1.0,11
61,6043843,6044198,17.767667477823956,18.274378420613544,-1.0,356
61,6044768,6044955,19.084261716105207,19.35185083272292,-1.0,188
62,6178932,6179098,-17.00306177022292,-16.76536303446458,-0.33542755292759346,167
62,6179574,6180571,-16.089274172566668,-14.668775632120829,0.9088197897901398,998
62,6180576,6180577,-14.663082278035422,-14.660235593058328,0.9088197897901398,2
62,6180582,6180583,-14.65454223897292,-14.651695553995829,0.9088197897901398,2
62,6180585,6180651,-14.650272219441671,-14.554907956339578,0.9088197897901398,67
62,6182289,6182419,-12.224892092488547,-12.038433835245828,-1.0,131
62,6183512,6183820,-10.48414087178542,-10.04432738993333,-0.12628081162289229,309
62,6184336,6184511,-9.311304690144796,-9.060795895792703,0.0,176
62,6184945,6185133,-8.444487307332297,-8.175475095011453,-1.0,189
62,6185802,6186052,-7.224680666707297,-6.867420895792703,-0.546453703356574,251
62,6186468,6186727,-6.276732668660421,-5.906663083292703,-1.0,260
62,6187521,6187659,-4.7779504420979215,-4.580105466105203,-1.0,139
62,6188141,6188317,-3.895476321004171,-3.6435441868083287,-0.06356991185440673,177
62,6189699,6190142,-1.6779045436604212,-1.0459394504802038,0.6708811075088519,444
62,6190144,6190279,-1.044516115926046,-0.8509411594645787,0.6708811075088519,136
62,6190281,6190584,-0.8495178249104213,-0.4168207981364538,0.6708811075088519,304
62,6190586,6190951,-0.41539746358229623,0.10554687764479621,0.6708811075088519,366
62,6193008,6193182,3.031944333292704,3.2810297878010464,-1.0,175
62,6194138,6194212,4.640324460245829,4.7470751979572965,-0.7794920348424579,75
62,6194214,6194294,4.748498532511453,4.863789553426047,-0.7794920348424579,81
62,6194770,6194946,5.539878415323954,5.791810549519797,-1.0,177
62,6195924,6196118,7.182418698527078,7.459971194051047,-0.44400457289642914,195
62,6196611,6196828,8.160256833292703,8.470546145222922,-1.0,218
62,6197281,6197477,9.113898190714579,9.39429712178542,-1.0,197
62,6197969,6198630,10.093159665323954,11.035414065144797,0.4433746149635534,662
62,6198632,6198717,11.036837399698953,11.159245119832297,0.4433746149635534,86
62,6201166,6201881,14.643593991495829,15.662709231160422,0.4490056436867469,716
62,6202604,6202771,16.690364255167704,16.929486330769794,-0.7277329983120959,168
62,6203469,6203667,17.92155785868333,18.20480346944167,-1.0,199
62,6204151,6204295,18.892279294230207,19.09866430928542,-0.7413865316298154,145
62,6204837,6204928,19.86869408915208,19.99964184834792,-1.0,92
63,6202604,6202771,-19.623635744832296,-19.384513669230206,-0.0066127032824576625,168
63,6203469,6203667,-18.39244214131667,-18.10919653055833,-0.47677555568257296,199
63,6204151,6204295,-17.421720705769793,-17.21533569071458,-0.01106753463204451,145
63,6204837,6204989,-16.44530591084792,-16.227534177042706,-0.22670228652551733,153
63,6205449,6205604,-15.574218752644796,-15.352176999308329,-0.04281923323774502,156
63,6206074,6206272,-14.684628176472922,-14.401382321573953,0.0,199
63,6208282,6208491,-11.541882082722921,-11.242979489542703,-0.8467652905874005,210
63,6208925,6209086,-10.626671145222922,-10.396089108683329,-1.0,162
63,6209111,6209281,-10.361928957722922,-10.118536862589579,-0.21904235834557167,171
63,6209324,6209369,-10.058756350301046,-9.993282468058329,-0.9535653510603687,46
63,6209387,6209538,-9.969085696004171,-9.752737302042704,-0.12521263868591936,152
63,6209605,6209691,-9.658796389363546,-9.534965329386454,0.558474084887042,87
63,6209767,6209940,-9.428214602254172,-9.180552487589578,1.0,174
63,6210019,6210191,-9.069531496785421,-8.82329272196458,0.03600711461181437,173
63,6210245,6210348,-8.747855471394796,-8.599827634073954,-0.2687701282487302,104
63,6210556,6210618,-8.305195315144797,-8.215524411417704,0.298679310161774,63
63,6210855,6210989,-7.879614992879172,-7.687463376261453,1.0,135
63,6210991,6211130,-7.6860400417072965,-7.486771725870828,1.0,140
63,6219035,6219147,3.763348141886454,3.924186281941671,-0.6002384969309296,113
63,6220018,6220222,5.162496335245828,5.454282229207297,-0.05215818800512562,205
63,6220746,6220811,6.198691647745829,6.292632571004171,-0.7971073706087412,66
63,6220830,6221630,6.318252682902078,7.458352053426046,0.8270601743542261,801
63,6222624,6222664,8.871733884073953,8.930091067097921,-1.0,41
63,6222691,6223219,8.967097897745829,9.720047610066672,0.5972216841826862,529
63,6224943,6225089,12.172471188761454,12.381702883504172,0.4863981387957509,147
63,6225091,6225285,12.383126218058328,12.660678713582296,0.4863981387957509,195
63,6225287,6225816,12.662102048136454,13.416474856160422,0.4863981387957509,530
63,6226897,6227147,14.953687741495829,15.310947268269796,0.45631929038582236,251
63,6228719,6228969,17.547022458292705,17.90428198506667,-0.2805816860975297,251
63,6229812,6230126,19.102738766886453,19.551092287801044,0.26767437636998337,315
64,6457447,6457658,-19.058091799519794,-18.756342770792706,0.21446135607099456,212
64,6459441,6459505,-16.21994165303542,-16.127424313761455,-1.0,65
64,6459543,6459605,-16.07476050069167,-15.985089841105204,-0.38935741550760333,63
64,6459623,6459764,-15.960892824910422,-15.758777829386453,-1.0,142
64,6459805,6459875,-15.701843996785422,-15.600786618448954,-0.3993994614519625,71
64,6459896,6460245,-15.57231958272292,-15.074148923136454,1.0,350
64,6460247,6460442,-15.072725588582296,-14.793749753214579,1.0,196
64,6460444,6460613,-14.792326418660421,-14.550357907511453,1.0,170
64,6460616,6460711,-14.547511233113546,-14.410870114542703,1.0,96
64,6460732,6460894,-14.382403078816672,-14.150397946573953,0.0,163
64,6461270,6461382,-13.616643557332297,-13.455805417277078,-0.1504713491771282,113
64,6461977,6462289,-12.610338381551047,-12.164831296183328,-0.03747168764253981,313
64,6477816,6477879,9.934025143839579,10.025119143269796,-1.0,64
64,6477892,6478098,10.042199460245829,10.336831789754171,-0.5497975092880841,207
64,6478650,6478888,11.121094968058328,11.461274416707296,-0.04534186043241139,239
64,6480307,6480718,13.47957787821458,14.065996096394796,-0.06894595420576334,412
64,6481904,6482182,15.752660153605204,16.149773440144795,0.11463743422410676,279
64,6483348,6484165,17.80797045633958,18.97226684834792,0.35379838334174496,818
65,6564646,6564936,-19.651916994832295,-19.23772338602708,0.8027024308699328,291
65,6566301,6566517,-17.296280764363544,-16.98741479227708,-0.6333995617191408,217
65,6566521,6566522,-16.98314477803542,-16.98029809305833,-0.6333995617191408,2
65,6566525,6566534,-16.97745141866042,-16.96321801493333,-0.6333995617191408,10
65,6567099,6567739,-16.16045141866042,-15.248087155558329,0.32514857432970584,641
65,6568578,6568984,-14.055323977254172,-13.476022458292704,-0.19467986413198052,407
65,6569835,6570149,-12.266178957722921,-11.817825436808329,-0.8614081682700505,315
65,6571275,6571603,-10.216562014363546,-9.748281491495828,0.029984528876387966,329
65,6572840,6573176,-7.989026858113546,-7.5093596164958285,0.31850303849450157,337
65,6573940,6574104,-6.423347170613547,-6.188495358683328,0.0,165
65,6576129,6576403,-3.3076447780354212,-2.916224850870829,0.013918255147710263,275
65,6577837,6578066,-0.8765712917072963,-0.5492019016520787,-1.0,230
65,6579694,6579910,1.7665805637614538,2.075446535847921,-0.35654825589462064,217
65,6582223,6582471,5.366220456339579,5.720633303426046,-0.6828847964983326,249
65,6582921,6583135,6.359715329386454,6.665734621785422,0.19416345271234284,215
65,6583137,6583406,6.667157956339579,7.051461184285421,0.19416345271234284,270
65,6584173,6584432,8.141743405558328,8.511813235066672,0.2421304082135348,260
65,6585503,6585827,10.034792477823954,10.497379641316671,-1.0,325
65,6586624,6586877,11.630362302042704,11.991892092488547,0.639474640264483,254
65,6589247,6589432,15.363796628214578,15.628538821004172,-0.1131738275121372,186
65,6590398,6590622,17.002066891886454,17.32231958272292,0.40390289726505435,225
65,6591422,6591461,18.459572262980206,18.51650610616042,-1.0,40
65,6591464,6591672,18.51935278055833,18.816832033894794,-1.0,209
66,6660953,6660980,-18.62881714131667,-18.58896362040208,-0.4293918322042763,28
66,6660982,6661203,-18.58754028584792,-18.271557614542704,-0.4293918322042763,222
66,6662669,6662855,-16.186356936238546,-15.920191403605203,0.3438601337880376,187
66,6663407,6663661,-15.135928225301047,-14.772975095011454,0.42530775148892735,255
66,6663929,6663936,-14.392942141316672,-14.38155541727708,-1.0,8
66,6663938,6663979,-14.380131838582297,-14.320351559855203,-1.0,42
66,6666046,6666258,-11.379720461629171,-11.076547848917704,0.522553410220826,213
66,6669015,6669156,-7.153808596394796,-6.951693600870828,-1.0,142
66,6669678,6669734,-6.210130862019796,-6.129000241495828,-1.0,57
66,6670271,6670470,-5.366087160847922,-5.081418210245828,0.3798715780988227,200
66,6670995,6671197,-4.335585451863547,-4.046646237589578,-0.1974786474245164,203
66,6671873,6672057,-3.085888430379171,-2.822569577433329,0.0,185
66,6672060,6672061,-2.819722903035421,-2.816875973917704,0.0,2
66,6672067,6672081,-2.8097592799885462,-2.7884091770427037,0.0,15
66,6672569,6672811,-2.095239992879171,-1.749367184855204,0.12098845785590374,243
66,6673682,6673978,-0.5110568874104212,-0.08832348368332878,-0.12561661206701027,297
66,6674508,6674631,0.6646262180583288,0.8411208522541712,-0.9968240358268666,124
66,6675074,6675271,1.4702394993083288,1.752061770222921,0.8659849720788857,198
66,6676109,6676397,2.943401608683329,3.354748293660421,0.8431035883189913,289
66,6676989,6677308,4.195945309855204,4.6514157741291715,0.9121912488070069,320
66,6677914,6678141,5.512539548136453,5.837062258504171,0.9750466171720528,228
66,6678954,6679120,6.992818600870828,7.2305170924885465,0.5322802881338853,167
66,6679615,6679805,7.9336496555583285,8.205508547566671,0.9375943120847168,191
66,6680543,6680719,9.254513913370829,9.506446047566671,-0.8712888436348706,177
66,6681318,6681531,10.357606442667704,10.662202395222922,-0.6198651976219077,214
66,6682154,6682313,11.547522946573954,11.775258303426046,-1.0,160
66,6682754,6683049,12.401530026652079,12.822840334676046,0.16746631644006912,296
66,6684572,6684812,14.989171628214578,15.332197756551047,-0.45993259355240307,241
66,6685149,6685532,15.810441647745828,16.35700610616042,-0.23784601100678532,384
66,6686326,6686530,17.48571899149583,17.77750464131667,0.03902479878619365,205
66,6686984,6687133,18.42228002665208,18.635781740926046,-0.2057760341650097,150
66,6687135,6687186,18.637205075480207,18.71121899678542,-0.2057760341650097,52
67,6754966,6755152,-19.449871096394794,-19.183705563761457,0.06068883039575172,187
67,6755556,6755650,-18.61009741475417,-18.47487963602708,-1.0,95
67,6755662,6755730,-18.45922290303542,-18.361012204386455,0.4097115442577278,69
67,6755732,6755861,-18.359588869832294,-18.17455395243333,0.4097115442577278,130
67,6756185,6756426,-17.714813479207294,-17.370364011027082,0.8501989761084124,242
67,6756866,6757149,-16.74551538350417,-16.341285397745832,1.0,284
67,6758012,6758087,-15.114361819051046,-15.006187741495829,0.005007379411572283,76
67,6758089,6758362,-15.004764406941671,-14.614767819620829,0.005007379411572283,274
67,6758772,6758969,-14.032619631551047,-13.750797360636453,-1.0,198
67,6760249,6760717,-11.930338869832296,-11.262790036417703,-0.17408745857995367,469
67,6761755,6762716,-9.786781008504171,-8.417522946573953,1.0,962
67,6764689,6764748,-5.610686526082296,-5.5252856418864535,0.0,60
67,6764750,6765051,-5.523862307332297,-5.094012204386454,0.0,302
67,6765053,6765132,-5.092588869832297,-4.978721188761454,0.0,80
67,6766906,6767333,-2.4551303737385464,-1.8459384739177038,-0.22944395305079177,428
67,6768066,6768522,-0.8040498073322963,-0.1535812961833288,-0.9135362487892524,457
67,6769255,6769476,0.8883073704020787,1.2042900417072961,-1.0,222
67,6769897,6770241,1.802094968058329,2.2931491725666713,-0.5183481238213318,345
67,6770243,6770374,2.294572507120829,2.4824541042072963,-0.5183481238213318,132
67,6771867,6772074,4.606084958292703,4.902140627644797,-1.0,208
67,6772492,6772835,5.495675534464579,5.985306399129172,-0.6989585812739318,344
67,6773744,6774019,7.277703854777078,7.670547121785422,-0.5796004808291266,276
67,6774840,6775206,8.837689938761454,9.360057619832297,-1.0,367
67,6775619,6775842,9.946475827433328,10.265305178426047,-0.3892017313150034,224
67,6778092,6778259,13.466408444620829,13.705530276082296,-1.0,168
67,6779185,6779380,15.022124509073953,15.301100344441672,-1.0,196
67,6780237,6780293,16.51948363993333,16.600614260457295,-1.0,57
67,6780295,6780300,16.60203783915208,16.61057788350417,-1.0,6
67,6780306,6780478,16.61769457743333,16.863933108113546,-1.0,173
67,6781151,6781376,17.82042113993333,18.142097170613546,-1.0,226
67,6782481,6782641,19.713470212198956,19.94262866475417,-1.0,161
68,6804095,6804303,-18.791348147176045,-18.49386889383958,-0.2111194395836998,209
68,6805248,6805314,-17.15023120381667,-17.05486694071458,0.6601542477410824,67
68,6805318,6805320,-17.05059692647292,-17.04632690165208,0.6601542477410824,3
68,6805325,6805421,-17.04063354756667,-16.90256908915208,0.6601542477410824,97
68,6806053,6806121,-16.00443823506667,-15.906227536417703,0.3996778327294947,69
68,6806123,6806290,-15.904804201863547,-15.665682126261453,0.3996778327294947,168
68,6806985,6807156,-14.677880617879172,-14.433065427042703,0.8331638172909008,172
68,6807158,6807191,-14.43164184834792,-14.383248288370828,0.8331638172909008,34
68,6807594,6807755,-13.811063479207297,-13.580481686808328,-0.13880081100032007,162
68,6808445,6808602,-12.599796877644797,-12.374908200480203,1.0,158
68,6808614,6808656,-12.359251467488546,-12.298047604777079,-1.0,43
68,6809928,6810102,-10.488975832722922,-10.239890622355203,0.0,175
68,6810412,6810724,-9.80007690694167,-9.354569821573953,-0.9413933235238618,313
68,6818141,6818282,1.200957516886454,1.4030727565510461,-0.9256985454780039,142
68,6818284,6818316,1.4044960911052038,1.4514663112385462,-0.9256985454780039,33
68,6818755,6819037,2.074891598917704,2.477698244832296,0.7149482314095362,283
68,6819434,6819647,3.0413430149333287,3.345938723347921,0.9829176884444811,214
68,6820164,6820186,4.080384762980203,4.113121828816672,1.0,23
68,6820188,6820189,4.1145451633708285,4.117391848347921,1.0,2
68,6820191,6820378,4.118815182902078,4.386404055379171,1.0,188
68,6821001,6821202,5.271724606730204,5.559240481160422,1.0,202
68,6822011,6822241,6.709303220011454,7.038095949910422,0.8549851042136591,231
68,6823181,6823421,8.374617184855204,8.717643313191672,1.0,241
68,6823900,6824081,9.398002194620828,9.657051028035422,0.7718043993453523,182
68,6825076,6825253,11.071856198527078,11.325211672566672,0.6457998462136533,178
68,6825634,6825821,11.866082761027078,12.133671633504171,-0.5701665444542536,188
68,6826372,6826531,12.91651147196458,13.144246584676047,1.0,160
68,6827153,6827309,14.028144040323953,14.251609133504171,0.9062457028460227,157
68,6827719,6827902,14.833757321573954,15.095652834676047,-0.14372956859013372,184
68,6828399,6828651,15.801632077433329,16.161738283894795,-0.04901615372897851,253
68,6829037,6829181,16.70972631571458,16.916111330769795,0.08898075708227635,145
68,6830021,6830172,18.110297848917707,18.32664624287917,1.0,152
68,6830652,6830887,19.008428708292705,19.34433813741042,0.914603616089265,236
68,6831343,6831348,19.99196020243333,20.0,0.14512331795441602,6
69,6905406,6905787,-15.215829348347922,-14.672111569620828,-0.2245580633721883,382
69,6910377,6910447,-8.140380617879172,-8.039323239542703,-1.0,71
69,6910510,6910730,-7.951075686238546,-7.636516354777078,0.0,221
69,6910736,6910737,-7.6293996608479215,-7.626552975870829,0.0,2
69,6910740,6910869,-7.623706301472922,-7.438671384073953,0.0,130
69,6919990,6920108,5.542236081339579,5.711614260457297,-0.03430487925318038,119
69,6923303,6923434,10.257778561808328,10.445660158894796,0.12141952867381713,132
70,6957791,6957876,-14.536894533894797,-14.414486813761453,-1.0,86
70,6964204,6964357,-5.408982180379172,-5.189787106730203,0.0,154
70,6964369,6964428,-5.174130129597922,-5.088729489542703,-0.8190643159911839,60
70,6964956,6965145,-4.338626711629171,-4.068190915323953,0.6476872007924963,190
70,6973829,6973985,8.290714841105203,8.514179934285421,1.0,157
70,6976412,6976559,11.967215329386454,12.177870363972922,0.4735189930598631,148
70,6980316,6980473,17.523954587198954,17.748843264363543,1.0,158
70,6982037,6982055,19.97353149149583,20.0,1.0,19
71,7057403,7057471,-15.748639162801046,-15.650428220011454,0.02771292304808755,69
71,7057473,7057546,-15.649004885457297,-15.543677487589578,0.02771292304808755,74
71,7058813,7058898,-13.741722414754172,-13.619314694620828,-1.0,86
71,7059685,7059848,-12.500565432332296,-12.267136960245828,0.667613234736764,164
71,7060654,7060785,-11.121343996785422,-10.933462399698954,1.0,132
71,7061450,7061662,-9.988361330769797,-9.685188718058328,0.8856942323873903,213
71,7062994,7063149,-7.790716311238547,-7.568674557902078,-1.0,156
71,7063983,7064133,-6.383028078816672,-6.168103024698953,0.0,151
71,7064795,7064954,-5.227271731160422,-4.999536618448953,0.19843836401393777,160
71,7066838,7067134,-2.319377688191671,-1.8966442844645788,-0.1264704037359353,297
71,7070912,7071065,3.479330319620829,3.6985253932697963,-0.5025173836765003,154
71,7076207,7076302,11.015942868448953,11.152583987019797,-1.0,96
71,7077087,7077147,12.268486569620828,12.355310549519796,-1.0,61
71,7079033,7079159,15.038316159464578,15.219081057332296,-1.0,127
71,7079327,7079441,15.456779538370828,15.620464358113546,-0.1660371831342319,115
71,7080191,7080360,16.686549802042705,16.928518557332296,-0.30553791285722454,170
71,7081062,7081235,17.92628344462083,18.17394555928542,0.8554039184656812,174
71,7081773,7082047,18.938281735636455,19.329701662801046,0.5180698446627459,275
72,7104562,7104763,-19.648105959676045,-19.360590085245832,-0.408655602219595,202
72,7105814,7105967,-17.86607788350417,-17.64688256571458,0.32271891590317875,154
72,7107041,7107266,-16.119633303426046,-15.797957272745828,-0.012112515419897508,226
72,7107710,7107730,-15.167415529988547,-15.137525143839579,-0.872495407473654,21
72,7107733,7107777,-15.134678469441672,-15.070627927042704,-0.872495407473654,45
72,7107800,7107884,-15.039314455769796,-14.918330075480203,-0.40385029663571453,85
72,7111125,7111240,-10.306691897176046,-10.141583737589578,-1.0,116
72,7111715,7111860,-9.466918215535422,-9.259109860636453,-0.12529222286967906,146
72,7112570,7112741,-8.249958010457297,-8.00514281962083,0.2223625173589823,172
72,7113302,7113370,-7.2080693385822965,-7.109858639933329,-0.13475996134334176,69
72,7115413,7115444,-4.203387942097922,-4.1578408176677035,0.5611697283427234,32
72,7115446,7115461,-4.156417483113547,-4.133644040323953,0.5611697283427234,16
72,7115463,7115463,-4.132220705769797,-4.130797360636453,0.5611697283427234,1
72,7115465,7115584,-4.129374026082297,-3.9585725071208286,0.5611697283427234,120
72,7116986,7117126,-1.964466067097921,-1.7637744114177039,0.0,141
72,7118050,7118208,-0.4500268581135462,-0.2237148411052038,0.022558860123672378,159
72,7119689,7119845,1.882835934855204,2.1063010280354213,1.0,157
72,7120250,7120422,2.681332516886454,2.927571291707296,0.28416550429477183,173
72,7121172,7121374,3.993656735636454,4.282595705769797,0.6116495082108234,203
72,7123276,7123447,6.988374997355203,7.233190188191672,0.5448434543061605,172
72,7123960,7124149,7.961942868448953,8.232378664754172,1.0,190
72,7124558,7124579,8.813103268839578,8.844416994832297,0.2638347565619886,22
72,7124584,7124730,8.850110348917703,9.059342043660422,0.2638347565619886,147
72,7125132,7125274,9.630103512980204,9.833641848347922,0.9250881787681551,143
72,7125791,7126027,10.568087887980203,10.905420656941672,1.0,237
72,7129311,7129453,15.578262692667703,15.78180102803542,0.5290977632597721,143
72,7130175,7130317,16.80803295633958,17.011571291707295,1.0,143
72,7130744,7130904,17.61791625712083,17.84707495381667,0.8446941432936282,161
72,7131534,7131673,18.74235912821458,18.941627444051043,-0.04201139649092759,140
72,7132350,7132417,19.903808591105204,20.0,0.46633370385513334,68
73,7156076,7156219,-16.732904787801044,-16.52794311258958,0.06419198118377084,144
73,7156625,7156859,-15.951488283894797,-15.617002194620829,-0.31077558860645665,235
73,7157920,7158016,-14.108256350301046,-13.970191891886454,0.5775054915293031,97
73,7158018,7158110,-13.968768557332297,-13.836397458292703,0.5775054915293031,93
73,7162822,7162948,-7.131018557332297,-6.950253659464578,0.0,127
73,7163524,7163730,-6.131830080769797,-5.837197751261454,-1.0,207
73,7164525,7164710,-4.707061770222921,-4.442319577433328,-1.0,186
73,7165469,7165703,-3.363423830769796,-3.0289377414958287,0.34833298760406695,235
73,7168643,7168787,1.1542736789958288,1.3606586940510461,-1.0,145
73,7169295,7169463,2.082294675089579,2.322839846394796,-0.01591216937224004,169
73,7170165,7170277,3.3206049778239537,3.4814428737385463,-0.12135762138736358,113
73,7170825,7170992,4.260012692667703,4.499134524129172,1.0,168
73,7170994,7170995,4.500557858683329,4.503404543660421,1.0,2
73,7170997,7171051,4.504828122355203,4.583112063191671,1.0,55
73,7173355,7173479,7.861075925089579,8.03899389912917,-0.8646086561918441,125
73,7174117,7174260,8.945664792277078,9.150626467488546,0.8809560863100006,144
73,7174905,7175048,10.067260739542704,10.272222414754172,0.4599640198880882,144
73,7175561,7175684,11.000975095011453,11.177469973347922,-0.4614754806365643,124
73,7176282,7176422,12.027207028605204,12.227898684285421,-0.5570288861761225,141
73,7176948,7177125,12.975154782511453,13.228510256551047,0.7754450416946371,178
73,7177674,7177869,14.008503415323954,14.287479006551047,1.0,196
73,7179048,7179260,15.964179684855203,16.26735229756667,-1.0,213
73,7180068,7180255,17.415991696573954,17.683580569051045,-1.0,188
73,7181404,7181562,19.31758080790208,19.543892580769796,-0.19556340458561078,159
73,7181696,7181882,19.73319750712083,19.99936303975417,0.12679065627857672,187
74,7254893,7255049,-19.40120874287917,-19.17774340555833,1.0,157
74,7255765,7255962,-18.160051760457296,-17.878229489542704,1.0,198
74,7256462,7256631,-17.16798022725417,-16.92601147196458,0.9487059340983677,170
74,7257224,7257396,-16.083391115926045,-15.837152585245828,0.883455741525596,173
74,7257916,7258097,-15.098436281941671,-14.839387448527079,0.1301048816229137,182
74,7258793,7258936,-13.850162600301047,-13.64520092508958,0.2789522017218041,144
74,7259420,7259574,-12.957725344441672,-12.737106686808328,-0.17827361362400956,155
74,7260168,7260335,-11.893062990926047,-11.653941159464578,0.9457346413212857,168
74,7260806,7261013,-10.98496899678542,-10.688913083292704,0.1169421017324118,208
74,7261479,7261636,-10.027057619832297,-9.802169186808328,-0.34149059955817673,158
74,7262862,7263019,-8.058571291707297,-7.8336828586833285,-0.6645330995151022,158
74,7263649,7263828,-6.9383986842854215,-6.682196530558328,-1.0,180
74,7264351,7264492,-5.939210451863547,-5.737095456339579,0.38339262440164507,142
74,7264494,7264536,-5.735672121785422,-5.6744682590739535,0.38339262440164507,43
74,7264991,7265171,-5.028269533894797,-4.770644040323954,-0.44262787202519915,181
74,7265753,7265932,-3.943680422566671,-3.6874785129802037,0.0,180
74,7266460,7266616,-2.9373754909260463,-2.713910397745829,1.0,157
74,7267144,7267275,-1.9638073756916712,-1.7759257786052038,0.8961320822610903,132
74,7267895,7267990,-0.8948752467854213,-0.7582341282145787,-1.0,96
74,7268103,7268213,-0.5988195827229212,-0.4408281223552038,-1.0,111
74,7268809,7268946,0.4060622532145788,0.6024838893635462,-1.0,138
74,7269418,7269587,1.2728793918864538,1.5148481471760462,-1.0,170
74,7270045,7270243,2.165316891886454,2.4485625026447964,-1.0,199
74,7270915,7271108,3.403626950480204,3.679756106160421,-1.0,194
74,7271547,7271764,4.303181149698953,4.613470461629172,0.33285065006039677,218
74,7271767,7271768,4.616317136027078,4.619163821004172,0.33285065006039677,2
74,7271773,7271774,4.624857175089579,4.627703860066672,0.33285065006039677,2
74,7271777,7271778,4.630550534464579,4.6333972194416715,0.33285065006039677,2
74,7271780,7271817,4.634820553995828,4.688907717488546,0.33285065006039677,38
74,7272455,7272655,5.595578610636453,5.8816709010822965,-0.8972058793174904,201
74,7273121,7273276,6.5435263645427035,6.765568362019796,1.0,156
74,7273278,7273283,6.766991696573953,6.775531740926047,1.0,6
74,7273849,7274026,7.579721677042704,7.833077151082296,0.318969381014135,178
74,7274658,7274739,8.731207761027079,8.847922121785421,-0.5024043595404599,82
74,7274741,7274814,8.849345456339579,8.954673098347921,-0.5024043595404599,74
74,7275457,7275641,9.868460690714578,10.131779543660421,-0.6309233950077536,185
74,7276132,7276276,10.829218503214578,11.035603762410421,-0.38198743110632305,145
74,7277351,7277589,12.564276364542703,12.904455813191671,-0.004848149565550511,239
74,7278089,7278301,13.614705075480204,13.917877444051047,0.004381470988085247,213
74,7278932,7279106,14.814584958292704,15.063670412801047,-1.0,175
74,7279705,7279852,15.914830807902078,16.125485842488544,-1.0,148
74,7280426,7280560,16.941062497355205,17.13321411397292,-1.0,135
74,7281216,7281348,18.065505368448957,18.254810061238544,-0.5278675879851636,133
74,7281350,7281398,18.256233395792705,18.325977541707296,-0.5278675879851636,49
74,7281969,7282144,19.137284177042705,19.387792971394795,-0.34478095789635627,176
75,7305364,7305366,-19.99955639912917,-19.99528637430833,0.17056981759657847,3
75,7306147,7306322,-18.885077151082296,-18.634568356730206,0.43576940337332687,176
75,7307040,7307184,-17.61403003194167,-17.407645016886455,-0.09172574661428563,145
75,7307709,7307837,-16.661812014363544,-16.478200680948955,0.11782271873685465,129
75,7307839,7307870,-16.476777346394794,-16.43123022196458,0.11782271873685465,32
75,7307874,7307900,-16.42696020772292,-16.388529782511455,0.11782271873685465,27
75,7308291,7308442,-15.833425295613546,-15.617076901652078,-0.3638650349168876,152
75,7309766,7309920,-13.733991213582296,-13.513372800089579,0.6741693906720799,155
75,7310515,7310610,-12.667905764363546,-12.531264645792703,-0.12335277193080253,96
75,7310612,7310627,-12.529841311238547,-12.507067624308329,-0.12335277193080253,16
75,7310629,7310667,-12.505644289754171,-12.450133786417704,-0.12335277193080253,39
75,7310671,7310716,-12.445863772176047,-12.380389889933328,-0.12335277193080253,46
75,7311303,7311497,-11.54630981709792,-11.268757321573954,-0.9931302620580762,195
75,7312286,7312554,-10.147161379597922,-9.764281491495828,1.0,269
75,7313500,7313674,-8.419220461629171,-8.170135007120829,-0.01574083060850021,175
75,7315244,7315400,-5.936906496785421,-5.713441403605203,0.0,157
75,7316024,7316196,-4.826697268269797,-4.580458737589578,0.7275229934604522,173
75,7316668,7316870,-3.910062990926046,-3.621124020792704,-0.1629339500156748,203
75,7317663,7317772,-2.4938347194416712,-2.337266598917704,-1.0,110
75,7318256,7318432,-1.6497910182697961,-1.3978588840739539,0.49148576184985193,177
75,7318941,7318971,-0.6747995631916712,-0.6306757786052037,0.36697690885797135,31
75,7318975,7318976,-0.6264057643635462,-0.6235590793864537,0.36697690885797135,2
75,7318982,7319117,-0.6164423854572962,-0.4228674289958288,0.36697690885797135,136
75,7319819,7319945,0.5748974582927038,0.7556623561604212,1.0,127
75,7324586,7324752,7.359983639933328,7.597682375691671,-0.4403422822352416,167
75,7325781,7325877,9.060881100870828,9.198945559285422,-0.7133219128442252,97
75,7325889,7326109,9.214602292277078,9.529161623738547,-1.0,221
75,7326981,7327137,10.768895261027078,10.992360354207296,0.7887519120002853,157
75,7327655,7327823,11.728229977823954,11.968775149129172,0.7614986422931374,169
75,7328530,7328708,12.973656979777079,13.228435793660422,0.5435829425963636,179
75,7329198,7329381,13.924451413370829,14.186346926472922,1.0,184
75,7329817,7330004,14.805502194620829,15.073091067097922,0.5089824736403639,188
75,7330580,7330823,15.891514401652078,16.238810549519794,0.8336532737137181,244
75,7333432,7333465,19.95089477274583,19.999288576863545,-0.5864774677441403,34
76,7405823,7405967,-17.73172778584792,-17.525342770792705,0.07635807428684954,145
76,7406428,7406739,-16.870604006551044,-16.42652026102708,0.18210919250417562,312
76,7407402,7407542,-15.484265627644797,-15.283573971964579,1.0,141
76,7407927,7408214,-14.73700952412917,-14.32708617899583,0.06060307074061436,288
76,7408729,7408904,-13.595486819051047,-13.344978024698953,1.0,176
76,7409379,7409584,-12.670312502644796,-12.377103268839578,0.5900009493525851,206
76,7410115,7410269,-11.622730471394796,-11.402111813761453,0.496951664473789,155
76,7415078,7415290,-4.5586684596760465,-4.255496091105203,-1.0,213
76,7415926,7416197,-3.351671877644796,-2.964521970011454,0.0,272
76,7416199,7416200,-2.963098635457296,-2.960251950480204,0.0,2
76,7416205,7416300,-2.9545585963947962,-2.8179174778239537,0.0,96
76,7416315,7416742,-2.7979904811604213,-2.188798825480204,-0.6133343051799902,428
76,7417151,7417202,-1.6080739772541712,-1.534060055948954,-1.0,52
76,7420236,7420688,2.782945798136454,3.4277209499104213,0.7034938655973199,453
76,7421255,7421487,4.233334470011453,4.564973879597922,-0.28067977006631856,233
76,7421945,7422146,5.215442624308328,5.502958254597922,-0.05797177927863389,202
76,7422715,7422903,6.3114182102458285,6.580430422566671,1.0,189
76,7423579,7423758,7.541188473917703,7.797390627644797,-0.09891872920579652,180
76,7424312,7424467,8.584500485636454,8.806542238972922,0.009367624028844992,156
76,7424469,7424488,8.807965573527078,8.836432619832296,0.009367624028844992,20
76,7424492,7424520,8.840702634073953,8.881979494832297,0.009367624028844992,29
76,7424522,7424523,8.883402829386453,8.886249514363547,0.009367624028844992,2
76,7424529,7424530,8.893366452433328,8.896213137410422,0.009367624028844992,2
76,7424533,7424553,8.899059811808328,8.928949953816671,0.009367624028844992,21
76,7427838,7428015,13.603215329386453,13.856570803426047,-0.28544941257769363,178
76,7428558,7429338,14.628023923136453,15.739656496785422,1.0,781
76,7431548,7431731,18.88382592508958,19.14572143819167,-0.3565558988939949,184
76,7431757,7431964,19.18130492899583,19.477360842488544,-1.0,208
77,7451948,7452124,-19.09593335225417,-18.844001462198957,-0.6745675506473036,177
77,7453527,7453771,-16.84847143819167,-16.499751950480206,0.08276566811848923,245
77,7454293,7454585,-15.75818921162917,-15.341148923136453,0.426407242417992,293
77,7454616,7454744,-15.298448733113547,-15.114837155558329,-0.3510093162508634,129
77,7455231,7455507,-14.423091311238547,-14.028824704386453,-0.3861481674855733,277
77,7455509,7455571,-14.027401369832297,-13.937730710245829,-0.3861481674855733,63
77,7456207,7456347,-13.033906496785422,-12.833214841105203,0.5679405273337322,141
77,7457529,7457702,-11.152244143269797,-10.904582272745829,0.0,174
77,7458745,7458913,-9.421456545613546,-9.180911130167704,0.365438913972935,169
77,7459427,7459560,-8.450735110066672,-8.260006833292703,-1.0,134
77,7465807,7466017,0.6302067844645788,0.9305324733479212,0.24302412490194267,211
77,7466997,7467197,2.323987546183329,2.610079836629171,-0.10449437466533655,201
77,7467541,7467728,3.098287350870829,3.365876223347921,0.3784891322817639,188
77,7468248,7468476,4.104592282511454,4.4305383327229215,0.42118145238722215,229
77,7468945,7469176,5.096663815714578,5.426879885457296,-0.07298119880322787,232
77,7469719,7469887,6.1983330051677035,6.4388781764729215,0.6244830152962483,169
77,7470022,7470067,6.629606442667703,6.695080324910421,-1.0,46
77,7470069,7470073,6.696503659464579,6.703620363972922,-1.0,5
77,7470557,7470727,7.391096188761454,7.634488283894797,0.4989790600190017,171
77,7473726,7474257,11.901676999308329,12.658896487019797,0.11002488842622488,532
77,7475207,7475470,14.00965112040208,14.385414065144797,0.15130188441635795,264
77,7476373,7476603,15.669271481730203,15.998064211629172,-0.47274020343024736,231
77,7477295,7477342,16.981595700480206,17.04991626241042,-1.0,48
77,7477726,7478058,17.59505737040208,18.069031252644795,-0.09627322386759918,333
77,7478497,7478680,18.692456540323956,18.954352053426046,0.004392715920467757,184
77,7479218,7479415,19.718688473917705,20.0,0.37808487468687135,198
78,7549118,7549336,-19.792486819051046,-19.48077416727708,0.8244524851559981,219
78,7549893,7550109,-18.68939428975417,-18.38052856180833,0.7200329883172678,217
78,7550645,7550895,-17.61903882100417,-17.261779294230205,1.0,251
78,7551500,7551679,-16.402078615926044,-16.145876706339582,0.34239006609595896,180
78,7552252,7552368,-15.331723147176046,-15.165191891886453,0.4156396111526637,117
78,7552372,7552373,-15.160921877644796,-15.158075192667704,0.4156396111526637,2
78,7552375,7552513,-15.156651613972922,-14.958806637980203,0.4156396111526637,139
78,7553071,7553295,-14.166003420613547,-13.845750973917703,-0.13097801177196539,225
78,7555943,7556200,-10.078156252644797,-9.710933346964579,1.0,258
78,7556711,7556899,-8.985027346394796,-8.716014889933328,-0.8183433346047096,189
78,7557602,7557786,-7.716826662801046,-7.4535078098552034,-0.682838417531715,185
78,7557788,7557832,-7.452084475301047,-7.388033932902078,-0.682838417531715,45
78,7558275,7558312,-6.758915529988546,-6.704828366495828,-0.3562532439455461,38
78,7558315,7558470,-6.701981692097921,-6.479939694620828,-0.3562532439455461,156
78,7559005,7559284,-5.719873537801047,-5.321336911417704,1.0,280
78,7559878,7560066,-4.477293215535422,-4.208281003214578,0.5450893195164204,189
78,7560539,7560708,-3.536462160847921,-3.294493405558329,0.0,170
78,7560714,7560716,-3.287376711629171,-3.283106686808329,0.0,3
78,7560718,7560757,-3.2816833522541713,-3.2247495090739537,0.0,40
78,7561452,7561730,-2.236948000691671,-1.8398347141520788,1.0,279
78,7562717,7562919,-0.4364162624104212,-0.1474772922770788,-0.05244273015914392,203
78,7563576,7563742,0.7862370579020788,1.0239357936604212,0.029709271715544522,167
78,7564244,7564290,1.7370317356364537,1.8039289577229212,0.35893743358928104,47
78,7564292,7564434,1.8053522922770788,2.008890627644796,0.35893743358928104,143
78,7564899,7565058,2.6693227512614537,2.897057863972921,0.452729728357962,160
78,7566201,7566272,4.522518063761454,4.624999026082296,-0.09935798948791313,72
78,7566276,7566277,4.629269040323954,4.6321157253010465,-0.09935798948791313,2
78,7566279,7566280,4.633539059855203,4.636385744832297,-0.09935798948791313,2
78,7566285,7566443,4.642079098917703,4.868390871785421,-0.09935798948791313,159
78,7566983,7567184,5.635573971964578,5.923089602254172,-0.30243779903758455,202
78,7567730,7567889,6.6988127414958285,6.926548098347921,1.0,160
78,7568385,7568549,7.631103757120829,7.865955813191672,0.9924439356305242,165
78,7569057,7569292,8.587591794230203,8.923501223347921,-0.30662296588992943,236
78,7573750,7573972,15.267350583292703,15.584756350301047,-0.07900497884155036,223
78,7574739,7575024,16.67503881571458,17.082115481160418,-1.0,286
78,7575047,7575097,17.113429196573954,17.18601977803542,-1.0,51
78,7575484,7575641,17.73543090555833,17.96031958272292,-0.5536985038068112,158
78,7576108,7576352,18.62359838602708,18.972317873738543,-0.4877042228543962,245
78,7576831,7577074,19.652676755167704,19.999973147176046,0.4312712747606504,244
79,7596487,7596752,-19.825051272176044,-19.446441403605206,-0.4235553305016631,266
79,7597221,7597544,-18.780315920613546,-18.31915209696458,0.11988540224030274,324
79,7598430,7598590,-17.059491701863546,-16.830333005167706,0.9054169375171052,161
79,7598592,7598678,-16.828909670613545,-16.705078610636455,0.9054169375171052,87
79,7599658,7599857,-15.311623781941671,-15.026954831339578,-0.7157437552885288,200
79,7600421,7600610,-14.225611330769796,-13.955175778605204,-0.6620518614564161,190
79,7601014,7601215,-13.381567873738547,-13.094051999308329,0.9108580663596123,202
79,7601990,7602175,-11.992382815144797,-11.727640622355203,0.8019178995813904,186
79,7602706,7602864,-10.97326782491042,-10.746956052042703,-0.16178816066929835,159
79,7605461,7605603,-7.051951906941672,-6.848413571573953,0.48621636617510683,143
79,7606279,7606484,-5.887655764363546,-5.594446530558328,1.0,206
79,7606991,7607201,-4.874233889363547,-4.573908200480203,-0.28413053721404574,211
79,7607874,7607898,-3.6174201686604213,-3.581836423136454,-0.1157933266138616,25
79,7607902,7608007,-3.5775664088947963,-3.426691891886454,-0.1157933266138616,106
79,7608802,7608992,-2.296555910847921,-2.024697018839579,-0.003250885770935573,191
79,7609591,7609764,-1.173536623738546,-0.9258745090739537,0.0,174
79,7610830,7610983,0.5899880344645787,0.8091831081135462,-0.3136231467722753,154
79,7611476,7611651,1.5094689914958288,1.759977785847921,0.8121655075919268,176
79,7612122,7612363,2.428949948527079,2.773399416707296,1.0,242
79,7612903,7613022,3.5405825168864538,3.7113840358479213,0.8328534899291916,120
79,7613025,7613050,3.714230710245829,3.7512375514729213,0.8328534899291916,26
79,7621543,7621687,15.838284421183328,16.044669436238546,-0.03445093206716412,145
79,7622184,7622426,16.75064867899583,17.096521487019796,0.38556948255041307,243
79,7622956,7623161,17.849471188761456,18.142680178426044,1.0,206
79,7623737,7624003,18.96110375712083,19.341136721394793,0.4129129733389035,267
80,7650576,7650849,-16.573736330769794,-16.183739743448957,0.17938839172142876,274
80,7651847,7652140,-14.764664553426046,-14.346201169230204,-0.4457321677065939,294
80,7652696,7652886,-13.556244631551047,-13.284385739542703,0.464270626120715,191
80,7653469,7653617,-12.455998781941672,-12.243920407511453,-0.3605185391930139,149
80,7654362,7654594,-11.184951662801046,-10.853312253214579,0.5696836659860304,233
80,7655176,7655309,-10.026348635457296,-9.835620358683329,-1.0,134
80,7655311,7655364,-9.834197024129171,-9.757336423136453,-1.0,54
80,7655986,7656139,-8.873439211629172,-8.654243893839578,0.5616700710060566,154
80,7656797,7656969,-7.719106203816672,-7.472867428995828,-0.8261637623700997,173
80,7657558,7657759,-6.635940676472922,-6.348424802042703,0.374159107896209,202
80,7658310,7658481,-5.565584963582297,-5.3207697727458285,1.0,172
80,7659007,7659220,-4.573513430379172,-4.268917721964578,-0.6691829644715473,214
80,7659676,7659858,-3.621295656941671,-3.360823483683329,-0.018055878832585238,183
80,7660492,7660631,-2.459845949910421,-2.260577634073954,0.15587741281771994,140
80,7660634,7660635,-2.257730959676046,-2.254884274698954,0.15587741281771994,2
80,7660641,7660661,-2.2477675807697963,-2.217877194620829,0.15587741281771994,21
80,7661229,7661444,-1.4108405788166711,-1.1033979465739538,0.0,216
80,7662055,7662173,-0.2351574733479212,-0.06577953837082878,1.0,119
80,7662175,7662229,-0.06435620381667122,0.013927981160421219,1.0,55
80,7663977,7664133,2.500511960245829,2.7239770534260463,-0.011956747190903545,157
80,7664275,7664440,2.924668698527079,3.160944094441671,-1.0,166
80,7665294,7665467,4.375057370402079,4.622719485066671,0.6315714795549875,174
80,7666098,7666199,5.519426755167704,5.6646081569416715,1.0,102
80,7666201,7666202,5.666031491495828,5.668878176472922,1.0,2
80,7666208,7666209,5.675994870402079,5.678841555379171,1.0,2
80,7666211,7666288,5.680264889933328,5.791285891316671,1.0,78
80,7666899,7667095,6.659526364542703,6.939925295613547,0.7144486413158111,197
80,7667865,7668102,8.034477780558328,8.373233889363547,0.418517835194351,238
80,7668642,7668824,9.140416989542704,9.400889162801047,1.0,183
80,7669461,7669633,10.306136471964578,10.552375246785422,-1.0,173
80,7670379,7670518,11.612767331339578,11.812035647176046,-0.0803550859889706,140
80,7670520,7670597,11.813458981730204,11.924479983113546,-0.0803550859889706,78
80,7671439,7671630,13.121513180948954,13.394795412801047,0.3128376427970305,192
80,7672190,7672373,14.190445309855203,14.452340822957296,-0.9157169066376185,184
80,7673040,7673241,15.400288815714578,15.687804446004172,-0.626632271112032,202
80,7673994,7674197,16.758160153605207,17.048522463582295,-0.7291006531805377,204
80,7674864,7675101,17.996470212198954,18.335226565144794,0.46131120038275364,238
80,7675838,7676074,19.382808591105206,19.72014136006667,-1.0,237
81,7750966,7751121,-17.82511841084792,-17.60307641337083,0.29572814489214033,156
81,7751846,7752031,-16.572574709676044,-16.307832516886457,0.996489697194072,186
81,7752640,7752970,-15.442438479207297,-14.971311276652079,-0.5199912715610001,331
81,7756336,7756521,-10.181754885457297,-9.917012692667704,-1.0,186
81,7757249,7757417,-8.882240969441671,-8.64169555399583,0.6672825536593279,169
81,7758547,7758713,-7.034739016316672,-6.7970402805583285,0.0,167
81,7759245,7759392,-6.041243899129172,-5.830588864542704,-0.054626535462830236,148
81,7760243,7760459,-4.6207456081135465,-4.311879636027078,0.17675697696385254,217
81,7761009,7761217,-3.530463137410421,-3.232984128214579,0.9020689051940282,209
81,7763167,7763174,-0.4588842799885462,-0.4474975559489538,-0.4933900408519538,8
81,7763176,7763356,-0.4460742213947962,-0.1884487278239538,-0.4933900408519538,181
81,7764049,7764373,0.7965061008708287,1.2590932643635462,0.1338194760852698,325
81,7765021,7765497,2.1799975559489537,2.858933108113546,0.3134555314337859,477
81,7765526,7765715,2.8987868625895787,3.169222414754171,1.0,190
81,7766922,7767086,4.8857766086833285,5.120628664754172,0.3293153808971689,165
81,7767941,7768113,6.336165280558329,6.582404055379172,0.12246784076562342,173
81,7768115,7768189,6.583827389933329,6.690578127644796,0.12246784076562342,75
81,7768678,7768899,7.3851706516520785,7.701153322957296,0.7209024916638481,222
81,7769593,7769859,8.687531491495829,9.067564699910422,0.29961517968731494,267
81,7772334,7772488,12.588920407511454,12.809539065144797,-0.2552371650775874,155
81,7773515,7773670,14.269891110636454,14.491932863972922,0.09794108902650112,156
81,7775769,7775908,17.47811108133958,17.677379397176043,-0.22803499758174445,140
81,7776647,7776815,18.727808102823957,18.96835327412917,1.0,169
82,7799066,7799246,-20.0,-19.74259203837083,-0.023062270555407945,181
82,7799809,7799985,-18.94267212178542,-18.69073998758958,-0.8404330889151411,177
82,7800818,7800988,-17.50651684834792,-17.26312475321458,0.029524065225012556,171
82,7801562,7801739,-16.44754809834792,-16.19419262430833,0.4522756369051914,178
82,7802584,7802778,-14.992889162801047,-14.715336911417703,-0.8620874560285542,195
82,7803336,7803525,-13.922533694051047,-13.652098141886453,-0.40957604393082186,190
82,7804056,7804245,-12.897725100301047,-12.627289548136453,0.5947158195730515,190
82,7804831,7805015,-11.794632815144796,-11.531313962198954,0.43834785785210756,185
82,7805691,7805853,-10.570555910847922,-10.338550778605203,0.4403001117325563,163
82,7806397,7806537,-9.565674319051046,-9.364982663370828,-0.5458951497779673,141
82,7806645,7806818,-9.212684572957297,-8.965022702433329,0.0,174
82,7807388,7807571,-8.155139162801047,-7.893243649698953,0.4402644376601799,184
82,7808116,7808307,-7.118944094441671,-6.845661618448953,-1.0,192
82,7814438,7814599,1.879443845011454,2.110025881551046,-0.6830590656815384,162
82,7815156,7815345,2.901405759073954,3.171841311238546,0.9429841948387303,190
82,7815891,7816087,3.9475644504802037,4.227963381551047,0.8099341502402244,197
82,7816811,7816985,5.257041989542703,5.506127444051047,0.4870972494699849,175
82,7817517,7817758,6.261923581339579,6.606373049519797,-0.7520346912939888,242
82,7818348,7818550,7.4447233860270785,7.733662600301047,1.0,203
82,7819035,7819080,8.422561520792703,8.488035403035422,1.0,46
82,7819085,7819252,8.493728757120829,8.73285083272292,1.0,168
82,7819762,7819963,9.457333493448953,9.744849123738547,1.0,202
82,7820789,7820946,10.919108884073953,11.143997317097922,0.3954142937783199,158
82,7821573,7821720,12.035011471964578,12.245666506551046,1.0,148
82,7822317,7822516,13.093980221964578,13.378649172566671,0.9535050901170631,200
82,7823030,7823226,14.108825436808328,14.389224367879171,-0.25246731703183045,197
82,7823921,7824074,15.377025876261454,15.596220949910421,-0.21186703131872714,154
82,7824644,7824786,16.406104489542706,16.60964282491042,-1.0,143
82,7825341,7825514,17.39817602274583,17.645837893269796,0.29244652685333045,174
83,7893861,7893935,-20.0,-19.89346459696458,0.6810242165291109,75
83,7893954,7893987,-19.86784448506667,-19.819450680948954,-1.0,34
83,7893990,7893996,-19.816604006551046,-19.806640622355204,-1.0,7
83,7894429,7894609,-19.191755373738545,-18.93413012430833,1.0,181
83,7895189,7895357,-18.110013186238543,-17.869467770792706,-0.07312933422873216,169
83,7898083,7898318,-13.990852297566672,-13.654942868448954,-0.10996889436809647,236
83,7898924,7899133,-12.793819094441671,-12.494916745402078,-1.0,210
83,7899705,7899934,-11.682186526082297,-11.354817136027078,0.026968471623558088,230
83,7900538,7900623,-10.496540041707297,-10.374132321573953,1.0,86
83,7900625,7900753,-10.372708987019797,-10.189097409464578,1.0,129
83,7900778,7900905,-10.154937258504171,-9.972749020792703,-0.041883812224961334,128
83,7901462,7901793,-9.181369143269796,-8.708818600870828,0.0,332
83,7902456,7902703,-7.766564211629172,-7.413574460245829,-1.0,248
83,7903266,7903627,-6.613654543660422,-6.098403561808328,0.18259955523870128,362
83,7904438,7904619,-4.945494143269797,-4.686445309855204,-0.09828897199209888,182
83,7907215,7907574,-0.9928645045979213,-0.4804604465739538,-0.35504200053733387,360
83,7907586,7907837,-0.4648034694416712,-0.10612060282395377,0.7845330986578153,252
83,7907839,7907840,-0.10469726826979622,-0.10185058329270379,0.7845330986578153,2
83,7907844,7907972,-0.09758056905104621,0.08603100850417122,0.7845330986578153,129
83,7908814,7908965,1.2830642063395787,1.4994126003010462,-0.3454584577148665,152
83,7909424,7909610,2.1513046848552038,2.417470217488546,-0.1177640558786821,187
83,7910234,7910436,3.304214352823954,3.593153322957296,-1.0,203
83,7911180,7911470,4.650698727823953,5.064892336629171,-0.28383559192845526,291
83,7912676,7912940,6.780023190714578,7.1572097194416715,-1.0,265
83,7912984,7913107,7.2184135715739535,7.394908205769797,-1.0,124
83,7913712,7914051,8.254608639933329,8.738546145222921,-0.8569850727136595,340
83,7914665,7914853,9.611056637980203,9.880068850301047,0.8480306069283743,189
83,7915485,7915686,10.778199704386454,11.065715334676046,0.029848542863261534,202
83,7916329,7916471,11.979502927042704,12.183041262410422,0.07096767385473053,143
83,7917094,7917276,13.068362057902078,13.328834231160421,-1.0,183
83,7917833,7917853,14.120214108683328,14.15010425069167,-1.0,21
83,7917855,7918141,14.151527585245828,14.560027590535421,-1.0,287
83,7918907,7918996,15.648886716105203,15.776987795613547,0.10946339745180625,90
83,7919001,7919002,15.782681149698954,15.785527834676047,0.10946339745180625,2
83,7919005,7919118,15.788374509073954,15.950635744832297,0.10946339745180625,114
83,7919726,7919923,16.814606442667706,17.096428713582295,-1.0,198
83,7920473,7920685,17.877845212198956,18.181017580769794,-1.0,213
83,7921254,7921377,18.98947778055833,19.16597241475417,-0.050941626377016366,124
83,7921400,7921517,19.197286130167704,19.365240725301046,-1.0,118
84,7943823,7943972,-18.830045901082293,-18.61654418680833,0.8702520615698724,150
84,7943974,7943975,-18.61512085225417,-18.61227416727708,0.8702520615698724,2
84,7943979,7944122,-18.60800415303542,-18.403042477823956,0.8702520615698724,144
84,7944124,7944168,-18.401619143269794,-18.33756860087083,0.8702520615698724,45
84,7944170,7944436,-18.33614526631667,-17.95611205790208,0.8702520615698724,267
84,7945137,7945308,-16.959770510457293,-16.714955075480205,-0.3450794574922964,172
84,7945887,7946073,-15.892261721394796,-15.626096188761453,-0.5090256022343976,187
84,7946634,7946745,-14.829022707722922,-14.669608151652078,0.29617085659846387,112
84,7946747,7946838,-14.668184817097922,-14.537237057902079,0.29617085659846387,92
84,7947220,7947389,-13.994942629597922,-13.752973874308328,-0.6172909785162254,170
84,7948461,7948606,-12.228571291707297,-12.020762936808328,-1.0,146
84,7949485,7949528,-10.771065920613546,-10.708438718058328,-0.32189385341490256,44
84,7949534,7949535,-10.70132202412917,-10.698475339152079,-0.32189385341490256,2
84,7949538,7949675,-10.695628420613547,-10.499206784464578,-0.32189385341490256,138
84,7950126,7950199,-9.858701662801046,-9.753374020792704,-0.5407668438902553,74
84,7950201,7950311,-9.751950686238546,-9.593959470011454,-0.5407668438902553,111
84,7950313,7950376,-9.592536135457296,-9.501441891886454,-0.5407668438902553,64
84,7950912,7951066,-8.739952395222922,-8.519333737589578,-0.8645390914159138,155
84,7951607,7951650,-7.750727541707296,-7.688100339152078,-1.0,44
84,7951670,7951814,-7.661056643269797,-7.454671628214578,1.0,145
84,7952349,7952559,-6.694605471394796,-6.394279538370828,1.0,211
84,7953312,7953511,-5.323924074910422,-5.039254880167704,0.0,200
84,7954045,7954249,-4.280612063191672,-3.988826169230204,1.0,205
84,7955763,7955799,-1.8353051784260461,-1.7826413547770787,1.0,37
84,7955801,7955837,-1.781218020222921,-1.728554196573954,1.0,37
84,7955839,7955881,-1.727130862019796,-1.6659269993083288,1.0,43
84,7955883,7955928,-1.664503664754171,-1.599029782511454,1.0,46
84,7956667,7956853,-0.5486010768635463,-0.2824355442302038,0.8135786848760312,187
84,7957460,7957600,0.5801115696208288,0.7808032253010463,0.5730186661807687,141
84,7958282,7958433,1.7501013157145788,1.966449709676046,0.20625043366150086,152
84,7958996,7959229,2.766369626261454,3.0994326198322963,0.8950068287996216,234
84,7959796,7959968,3.905045895792704,4.1512846706135464,0.7349454395970217,173
84,7959970,7959988,4.152708005167703,4.179751467488547,0.7349454395970217,19
84,7960376,7960581,4.7305859348552035,5.023795168660421,1.0,206
84,7961096,7961337,5.755394528605203,6.099843996785421,-0.22546117262904036,242
84,7961918,7962106,6.925384274698954,7.194396487019796,1.0,189
84,7963016,7963309,8.488217282511453,8.906680666707297,1.0,294
84,7964108,7964294,10.042510007120828,10.308675539754171,1.0,187
84,7968342,7968433,16.06895336649583,16.19990112569167,0.43729534099845346,92
84,7969293,7969302,17.422554684855204,17.436788088582293,-0.39519826108626616,10
84,7969305,7969403,17.439634762980205,17.580545901082296,-0.39519826108626616,99
84,7970155,7970312,18.649478024698954,18.874366701863543,-0.12810509133823947,158
84,7970821,7971032,19.59742602274583,19.89917505147292,-0.9841059302275581,212
85,8042342,8042551,-19.568506838582294,-19.269604245402082,0.21299788590402974,210
85,8043142,8043302,-18.429830569051045,-18.20067211649583,0.8664123308097068,161
85,8046328,8046678,-13.895052981160422,-13.395458981730203,0.23084346143763138,351
85,8046760,8046916,-13.280167971394796,-13.056702878214578,-0.18511310131409225,157
85,8049534,8049643,-9.331808596394797,-9.175240720011454,-0.541254165482301,110
85,8049645,8050010,-9.173817385457296,-8.652873044230203,-0.541254165482301,366
85,8051480,8051783,-6.561979006551047,-6.129281979777079,-0.4400023391810625,304
85,8052202,8052237,-5.534323733113546,-5.483083249308328,1.0,36
85,8052239,8052240,-5.481659914754172,-5.478813229777078,1.0,2
85,8052246,8052257,-5.471696535847921,-5.454616452433329,1.0,12
85,8052259,8052461,-5.453193117879172,-5.164254147745829,1.0,203
85,8053237,8053478,-4.061161623738546,-3.7167119114177036,0.0,242
85,8053590,8053785,-3.558720705769796,-3.279745114542704,0.6448778500443602,196
85,8054335,8054575,-2.498328615926046,-2.1553024875895788,-0.5446209294532529,241
85,8055152,8055300,-1.3354555690510461,-1.1233771946208289,0.49751526448205863,149
85,8055302,8055346,-1.1219538600666712,-1.057903317667704,0.49751526448205863,45
85,8058327,8058667,3.183665280558329,3.6690258815510464,0.6099727941784053,341
85,8058669,8058822,3.670449216105204,3.889644289754171,0.6099727941784053,154
85,8061626,8061753,7.8792807590739535,8.061468996785422,0.6766487540952493,128
85,8062360,8062692,8.924016110636453,9.397989992879172,0.5931747675606247,333
85,8064028,8064206,11.298155759073953,11.552934572957296,0.8949936836624792,179
85,8064795,8064999,12.389861569620829,12.681647219441672,1.0,205
85,8065454,8065614,13.327845944620828,13.557004397176046,1.0,161
85,8066126,8066312,14.284333981730203,14.550499514363546,0.6609848470927459,187
85,8066797,8067014,15.239398434855204,15.549687746785422,0.8871374379843541,218
85,8067491,8067681,16.22719994852708,16.49905884053542,-0.03212078394302925,191
85,8069140,8069327,18.57429613993333,18.84188501241042,-0.07746098222830688,188
85,8069823,8070031,19.546440915323956,19.843919924519795,0.21050337304572397,209
86,8092946,8093149,-14.666549563191671,-14.376187253214578,0.4327653340618291,204
86,8093151,8093158,-14.374763918660422,-14.363377194620828,0.4327653340618291,8
86,8093259,8093593,-14.221042727254172,-13.744221921183328,0.25519881319002774,335
86,8098463,8098515,-6.813954592488547,-6.738517331339579,-1.0,53
86,8098762,8098941,-6.388374270222922,-6.132172116495829,-0.5572263358311699,180
86,8099556,8099774,-5.258238283894797,-4.946525632120828,-0.9527287846374898,219
86,8099776,8099851,-4.945102297566671,-4.836928220011454,-0.9527287846374898,76
86,8100578,8100807,-3.8035795924885463,-3.476210202433329,-1.0,230
86,8101449,8101684,-2.563845949910421,-2.2279365207927038,0.0,236
86,8102235,8102257,-1.4450966823322962,-1.4123598606364538,0.7297467742223419,23
86,8102259,8102396,-1.4109365260822961,-1.214514889933329,0.7297467742223419,138
86,8104082,8104256,1.1838217746989539,1.4329072292072962,-0.4479060070688314,175
86,8104979,8105042,2.460562253214579,2.551656496785421,-0.5135680304470956,64
86,8105044,8105045,2.553079831339579,2.555926516316671,-0.5135680304470956,2
86,8105048,8105199,2.5587731907145788,2.775121584676046,-0.5135680304470956,152
86,8105748,8105781,3.555114743448954,3.6035085475666713,0.13148646313994228,34
86,8105783,8106040,3.604931882120829,3.9721547878010464,0.13148646313994228,258
86,8106718,8106933,4.935759518839578,5.243202151082297,0.44374663859629876,216
86,8107383,8107566,5.882283932902078,6.144179446004172,-0.027823207647013803,184
86,8108144,8108374,6.965449704386454,7.2942424342854215,0.3924532621745901,231
86,8108812,8108953,7.916244137980203,8.118359133504171,1.0,142
86,8109523,8109729,8.928242673136454,9.222875002644797,1.0,207
86,8110308,8110509,10.045568600870828,10.333084231160422,1.0,202
86,8111042,8111243,11.09030395243333,11.377819582722921,-1.0,202
86,8111883,8112076,12.287337155558328,12.563466067097922,-0.7376643126604868,194
86,8113475,8113702,14.553302487589578,14.877825197957296,-0.989346744132204,228
86,8114260,8114460,15.670628415323954,15.956720949910421,0.5918248612875685,201
86,8115053,8115299,16.799341305948957,17.15090747334792,0.3768363871454964,247
86,8115881,8116094,17.977871091105204,18.282466799519796,-1.0,214
86,8116894,8117110,19.419719723917705,19.728585451863545,0.17524556165647734,217
86,8117112,8117134,19.730008786417706,19.76274585225417,0.17524556165647734,23
87,8135522,8135611,-19.98520727803542,-19.85710619852708,-0.5147911073770411,90
87,8135615,8135616,-19.85283618428542,-19.84998949930833,-0.5147911073770411,2
87,8135621,8135732,-19.84429614522292,-19.684881345011455,-0.5147911073770411,112
87,8139536,8139749,-14.271899904988546,-13.967303952433328,-0.8249845297250818,214
87,8140269,8140453,-13.228587893269797,-12.965269040323953,-1.0,185
87,8141052,8141169,-12.114108645222922,-11.946154050089579,0.7459082402060303,118
87,8141174,8141175,-11.940460451863547,-11.937613766886454,0.7459082402060303,2
87,8141177,8141267,-11.936190432332296,-11.806666012980203,0.7459082402060303,91
87,8141892,8142067,-10.918498781941672,-10.667989987589579,0.01250748918723174,176
87,8142673,8142886,-9.806866213582296,-9.502270261027078,0.0,214
87,8143505,8143696,-8.622643069051046,-8.349360837198953,0.21015464943091325,192
87,8144186,8144328,-7.653344973347922,-7.4498066379802035,-0.36371781149712995,143
87,8145201,8145380,-6.208649660847922,-5.952447507120828,-1.0,180
87,8147633,8147786,-2.7470742213947963,-2.527879147745829,0.03963062666177205,154
87,8148780,8148958,-1.1144975612385462,-0.8597187473552037,-0.36887777169421204,179
87,8151153,8151394,2.263100583292704,2.6075500514729213,0.7891725654168789,242
87,8153611,8153800,5.761682858683328,6.0321184108479216,0.30892988460153037,190
87,8154488,8154684,7.009956540323953,7.290355471394797,1.0,197
87,8155524,8155743,8.484541989542704,8.797677981160422,0.8629082480939366,220
87,8156527,8156788,9.912157223917703,10.285073733113547,0.18001624317720155,262
87,8157915,8158066,11.887760251261453,12.104108889363546,0.6720701402416288,152
87,8158724,8158967,13.039246579386454,13.386542727254172,1.0,244
87,8159662,8159923,14.374344235636453,14.747260744832296,-0.24104757513169353,262
87,8160588,8160607,15.692361813761453,15.720828860066671,0.6088401372265025,20
87,8160612,8160613,15.726522214152078,15.729368899129172,0.6088401372265025,2
87,8160618,8160825,15.73506225321458,16.03111792256667,0.6088401372265025,208
87,8161432,8161601,16.893665036417705,17.135633791707296,0.45312238432023355,170
87,8162310,8162480,18.14336205790208,18.38675415303542,0.5428985351709051,171
87,8162850,8162998,18.91196850321458,19.124046877644794,0.462815361658593,149
88,8233096,8233268,-19.25172925069167,-19.00549047587083,0.02266648068844691,173
88,8233941,8234136,-18.04900268819167,-17.770026852823957,-0.9512904988492272,196
88,8234816,8235018,-16.803575686238545,-16.51463647196458,-0.41812783048794805,203
88,8235760,8235962,-15.459937746785421,-15.170998776652079,-0.49772829255754275,203
88,8236583,8236774,-14.288524660847921,-14.015242428995828,0.01096650004396665,192
88,8237559,8237781,-12.899339846394797,-12.58193383524583,-1.0,223
88,8242106,8242326,-6.427389651082296,-6.112830319620828,0.0,221
88,8242878,8243118,-5.328567141316672,-4.985541012980203,-0.9030689258945032,241
88,8243170,8243313,-4.912950442097921,-4.707988522745828,-1.0,144
88,8243930,8244135,-3.831208010457296,-3.5379990207927037,0.1560321818789645,206
88,8244642,8244843,-2.817786379597921,-2.530270505167704,0.82101612946593,202
88,8245345,8245508,-1.8171745631916711,-1.583746091105204,0.2472367796894281,164
88,8246432,8246635,-0.2699985378010462,0.020363772176046218,-0.23287438698774893,204
88,8247243,8247479,0.8843344700114537,1.221667238972921,-0.0571842199848911,237
88,8248073,8248310,2.0657109348552036,2.404467043660421,0.4887020764606095,238
88,8248889,8249066,3.2271603977458287,3.480515871785421,0.10478102294723055,178
88,8249667,8249860,4.334522946573953,4.610651858113546,0.19541620292906586,194
88,8250719,8250942,5.831882077433328,6.150711428426047,-0.6385632323503576,224
88,8251745,8251906,7.292234128214578,7.522816164754172,0.23187487444662574,162
88,8252384,8252623,8.201751706339579,8.543354494832297,-0.48006494246483916,240
88,8254220,8254379,10.815013425089578,11.042748537801046,-1.0,160
88,8255174,8255315,12.172884762980203,12.374999758504172,-1.0,142
88,8256050,8256253,13.419734860636453,13.710097414754172,-0.33936832001524514,204
88,8256963,8257171,14.719249020792704,15.016728274129171,-0.8940405833441785,209
88,8257941,8258128,16.11128051493333,16.378869631551044,0.32126295417086453,188
88,8258686,8258897,17.171672848917705,17.473421877644796,-0.40974185987465056,212
88,8259467,8259668,18.28330541727708,18.57082104756667,-0.464802311771543,202
89,8284880,8285130,-17.75522485616042,-17.39796508524583,-0.857478053755609,251
89,8285947,8286483,-16.236515627644796,-15.472179196573954,1.0,537
89,8286485,8286923,-15.470755862019796,-14.845907468058329,1.0,439
89,8289246,8289520,-11.540899904988546,-11.149479977823953,-0.06364050628532136,275
89,8290138,8290328,-10.271276125691672,-9.999417233683328,0.7694880225252603,191
89,8290891,8291050,-9.199497317097922,-8.971761960245829,0.0,160
89,8291053,8291092,-8.968915285847922,-8.911981442667704,0.0,40
89,8291613,8291825,-8.17184204366042,-7.8686694309489535,-0.06020023784743994,213
89,8292463,8292647,-6.961998781941672,-6.698679928995828,-0.10657763063995321,185
89,8293172,8293378,-5.952846926472922,-5.658214596964578,1.0,207
89,8294000,8294248,-4.774317141316671,-4.419904294230204,0.0156452260549094,249
89,8295084,8295375,-3.231411135457296,-2.8157941868083287,0.20012756116535413,292
89,8296040,8296090,-1.8706931178791713,-1.798102536417704,-1.0,51
89,8296420,8296597,-1.3298220241291712,-1.076466550089579,-0.6188456755736453,178
89,8297367,8297573,0.018085934855203784,0.3127182643635462,0.6842269965698483,207
89,8298224,8298374,1.237892575480204,1.4528176295979212,0.19859126689927667,151
89,8298376,8298392,1.4542412082927039,1.478437990926046,0.19859126689927667,17
89,8299060,8299269,2.4278090793864537,2.726711672566671,0.793995070123864,210
89,8300041,8300246,3.824110837198954,4.117319826863547,1.0,206
89,8300860,8301113,4.989830319620828,5.351360110066672,0.8843312453350541,254
89,8301684,8301971,6.1626667454020785,6.572590090535422,0.788894321374825,288
89,8302825,8303078,7.7867036106364536,8.148233156941671,0.38573606858341186,254
89,8303719,8303922,9.059174069620829,9.349536623738546,0.8169679816183403,204
89,8304720,8304892,10.483942624308328,10.730181399129172,0.6901274301798728,173
89,8304895,8304984,10.733028073527079,10.86112915303542,0.6901274301798728,90
89,8305479,8305788,11.564261471964578,12.005498537801047,-0.42403357930922836,310
89,8306627,8306668,13.198261716105204,13.258042238972921,-1.0,42
89,8307329,8307533,14.197450192667704,14.489235842488547,-0.41773340830624134,205
89,8307939,8307979,15.065690671183328,15.124047854207296,-1.0,41
89,8308221,8308363,15.46707397196458,15.670612307332297,0.4851111097465946,143
89,8308365,8308472,15.672035641886453,15.825756838582297,0.4851111097465946,108
89,8309050,8309220,16.64702709696458,16.890418947957293,0.37276601957954036,171
89,8309601,8309771,17.43129028055833,17.674682131551045,0.7725084287461438,171
89,8310235,8310450,18.333690915323956,18.64113354756667,-0.18113791359158296,216
89,8311103,8311292,19.56915453837083,19.83959009053542,0.6164646521733291,190
90,8383311,8383545,-19.864939944051045,-19.53045385477708,-0.7072040128478773,235
90,8384067,8384277,-18.788891115926045,-18.48856518290208,0.8450656937648624,211
90,8384761,8384966,-17.80108960225417,-17.507880368448955,1.0,206
90,8385470,8385662,-16.79193774678542,-16.517232175089582,1.0,193
90,8386263,8386409,-15.663225100301046,-15.453993405558329,1.0,147
90,8386424,8386492,-15.434066653035421,-15.335855710245829,-1.0,69
90,8387168,8387339,-14.375097903035421,-14.13028246805833,0.43563840557905026,172
90,8388237,8388238,-12.853541994832296,-12.850695309855203,-0.08316030040383768,2
90,8388240,8388437,-12.849271731160421,-12.567449460245829,-0.08316030040383768,198
90,8388980,8389137,-11.795996340535421,-11.571107907511454,-1.0,158
90,8389911,8390160,-10.470862063191671,-10.115025876261454,0.0,250
90,8390745,8390789,-9.283792238972921,-9.219741696573953,0.2012928848028424,45
90,8390808,8390966,-9.194121584676047,-8.967809567667704,1.0,159
90,8391508,8391554,-8.197780031941672,-8.130882809855203,-1.0,47
90,8392465,8392620,-6.835638674519797,-6.613596921183328,-0.9628575997243397,156
90,8393081,8393265,-5.958858156941671,-5.695539303995829,0.6239840314928198,185
90,8393753,8393779,-5.002370119832297,-4.963939694620828,-0.6265468173961273,27
90,8393784,8393784,-4.958246340535422,-4.956822995402079,-0.6265468173961273,1
90,8393787,8393974,-4.953976321004172,-4.6863874485270784,-0.6265468173961273,188
90,8394615,8394789,-3.7754465358479212,-3.5263613254802038,-0.34409023566927616,175
90,8395301,8395488,-2.799031740926046,-2.531442868448954,0.21897935951226727,188
90,8396066,8396235,-1.7101728542072963,-1.4682040989177039,1.0,170
90,8396786,8396959,-0.6853642604572963,-0.4377023899333288,-0.595940723284119,174
90,8397588,8397796,0.4561584446208288,0.7536376979572963,0.21954105802137996,209
90,8398431,8398622,1.6560383274333288,1.9293205592854212,-0.5303847105447843,192
90,8399365,8399596,2.985442868448954,3.315658938191671,1.0,232
90,8400191,8400428,4.161125729777078,4.499882082722921,0.535912166541438,238
90,8401112,8401292,5.472026608683328,5.729652102254172,1.0,181
90,8401872,8402115,6.553769040323953,6.901065188191672,1.0,244
90,8402828,8403066,7.914487057902078,8.254666506551047,-1.0,239
90,8403652,8403656,9.087323239542703,9.09444018819167,0.8350179010338111,5
90,8403658,8403898,9.095863522745828,9.438889651082297,0.8350179010338111,241
90,8404555,8404770,10.372604001261454,10.68004663350417,-0.167716738383433,216
90,8405605,8405767,11.86711645243333,12.099121584676046,-1.0,163
90,8406439,8406617,13.054186276652079,13.308965090535422,-1.0,179
90,8407157,8407365,14.076147946573954,14.373627199910421,0.316004606656417,209
90,8407941,8408112,15.192050534464578,15.436865969441671,-0.6099900923402897,172
90,8408843,8409081,16.47590795633958,16.816087404988544,-0.2825239293449108,239
90,8409603,8409824,17.55765014383958,17.873632815144795,0.8008079919921332,222
90,8410371,8410442,18.650779294230205,18.753260256551044,-1.0,72
90,8410444,8410445,18.754683591105206,18.757530276082296,-1.0,2
90,8410450,8410533,18.763223630167705,18.882784670613546,-1.0,84
90,8410976,8411167,19.51190307352708,19.78518530537917,-0.488923419959613,192
91,8430992,8431162,-19.69142065694167,-19.448028805948955,1.0,171
91,8431863,8432073,-18.451687014363547,-18.151361325480206,0.23455931174216219,211
91,8432547,8432607,-17.478119143269794,-17.391294919230205,-0.3350508716749096,61
91,8432609,8432676,-17.389871584676044,-17.29308422587083,-0.3350508716749096,68
91,8432678,8432689,-17.29166089131667,-17.274580563761454,-0.3350508716749096,12
91,8433276,8433421,-16.440500490926045,-16.23269213602708,-0.21049645252444413,146
91,8433999,8434201,-15.411421877644797,-15.122482907511454,1.0,203
91,8434783,8435021,-14.295519289754171,-13.955339841105204,-0.7071654050681396,239
91,8436054,8436251,-12.486447756551046,-12.204625241495828,-0.13630686674702272,198
91,8437014,8437189,-11.120036379597922,-10.869527585245828,1.0,176
91,8437869,8437981,-9.903076174519796,-9.742238278605203,0.6986909494499152,113
91,8437983,8438053,-9.740814944051047,-9.639757321573953,0.6986909494499152,71
91,8438608,8438819,-8.851224123738547,-8.549475095011454,0.47684746972379755,212
91,8439352,8439599,-7.792255373738547,-7.439265866495829,0.0,248
91,8440254,8440460,-6.508398196004172,-6.213765622355203,0.5547910964489888,207
91,8440961,8441125,-5.5020930202229215,-5.267241208292703,-0.5802991932019991,165
91,8441720,8441853,-4.421774172566671,-4.231045895792703,0.1915132115156524,134
91,8442552,8442746,-3.237551028035421,-2.959998776652079,-1.0,195
91,8443363,8443479,-2.083218020222921,-1.9166867649333288,1.0,117
91,8444434,8444578,-0.5588154323322962,-0.3524304172770788,-0.3742119573997986,145
91,8445139,8445325,0.4446428196208288,0.7108083522541713,-1.0,187
91,8445921,8446098,1.5576987278239538,1.811054201863546,0.3758960507385166,178
91,8446595,8446747,2.5170334446208287,2.734805178426046,1.0,153
91,8446750,8446838,2.7376518528239537,2.8643295924885463,1.0,89
91,8447385,8447561,3.641476071573954,3.8934082057697963,1.0,177
91,8449079,8449129,6.052622800089578,6.125213381551046,-1.0,51
91,8449676,8449801,6.902359860636453,7.081701174519797,1.0,126
91,8450585,8450788,8.196180417277079,8.486542971394796,1.0,204
91,8451446,8451727,9.421680661417703,9.823063967488547,1.0,282
91,8451729,8451740,9.824487302042703,9.841567385457296,1.0,12
91,8453156,8453306,11.855600827433328,12.070525881551047,-0.43014969809784226,151
91,8453933,8454136,12.961540036417704,13.251902346394797,-0.050247514282401116,204
91,8454927,8455079,14.376344968058328,14.594116946004172,0.3355852489472573,153
91,8455819,8455995,15.645968991495828,15.897901125691671,-1.0,177
91,8456658,8456849,16.84015551493333,17.11343774678542,0.9038606943982856,192
91,8457428,8457642,17.936131345011454,18.242150393269796,-0.11751153188801927,215
91,8458243,8458381,19.09615746805833,19.294002444051046,1.0,139
92,8530497,8530687,-14.795463137410422,-14.523604245402078,-0.4169392294348726,191
92,8531393,8531655,-13.520145998738547,-13.145806149698954,-0.10872411436222301,263
92,8532384,8532657,-12.109610842488546,-11.719614499308328,0.7790592632427639,274
92,8533217,8533489,-10.923964358113546,-10.535391110636454,0.30763899682894214,273
92,8534258,8534474,-9.442262209676047,-9.133396237589578,0.522706952046513,217
92,8535205,8535344,-8.094354250691671,-7.895085934855204,-0.9669214810484907,140
92,8535346,8535490,-7.893662600301046,-7.687277585245829,-0.9669214810484907,145
92,8535943,8536158,-7.043925539754172,-6.736483151652078,-1.0,216
92,8537128,8537150,-5.357261721394797,-5.324524655558329,-1.0,23
92,8537152,8537356,-5.323101321004172,-5.031315671183329,-1.0,205
92,8537931,8538158,-4.214315432332296,-3.8897927219645787,1.0,228
92,8538161,8538162,-3.886946047566671,-3.8840993625895788,1.0,2
92,8538941,8539143,-2.776736819051046,-2.4877978489177037,0.8804614100701503,203
92,8539766,8540013,-1.6024770534260462,-1.2494875461833288,-0.7134544699488015,248
92,8540572,8540913,-0.4552609889729212,0.03152295186354622,0.0,342
92,8540917,8540960,0.03579296610520378,0.09842016866042122,0.0,44
92,8540965,8540966,0.10411352274582877,0.10696045186354622,0.0,2
92,8540969,8541211,0.10980712626145378,0.4556799342854212,0.0,243
92,8542716,8543002,2.596390866495829,3.0048911159260463,-1.0,287
92,8543540,8543779,3.769227292277079,4.110830080769796,-0.07514178128237928,240
92,8543827,8544463,4.177727536417703,5.084398196004171,0.6415780846064044,637
92,8547497,8548146,9.401404050089578,10.326578371785422,1.0,650
92,8549471,8549616,12.211087399698954,12.418895754597921,1.0,146
92,8549618,8549679,12.420319089152079,12.508566408894797,1.0,62
92,8550309,8550358,13.403850583292703,13.475017824910422,-1.0,50
92,8550431,8550682,13.577498776652078,13.936181643269796,-1.0,252
92,8551475,8551663,15.063470944620828,15.332483156941672,0.34503426013955935,189
92,8552316,8552638,16.26050414774583,16.720244631551044,-1.0,323
92,8553708,8553912,18.241800778605207,18.533586428426045,-1.0,205
92,8554652,8554782,19.585438473917705,19.77189673116042,-1.0,131
92,8554784,8554809,19.77332006571458,19.81032690694167,-1.0,26
92,8554811,8554812,19.81175024149583,19.814597170613546,-1.0,2
92,8554814,8554884,19.816020505167707,19.91707788350417,-1.0,71
93,8573339,8573548,-18.97651098897292,-18.67760863993333,-1.0,210
93,8574194,8574244,-17.75955102803542,-17.68696020243333,-0.9714117755686309,51
93,8574248,8574249,-17.68269018819167,-17.67984350321458,-0.9714117755686309,2
93,8574254,8574437,-17.67415014912917,-17.41225463602708,-0.9714117755686309,184
93,8574439,8574452,-17.41083130147292,-17.39090453837083,-0.9714117755686309,14
93,8575146,8575369,-16.404526369832293,-16.08569701883958,-0.6825372192332089,224
93,8576085,8576271,-15.068005373738547,-14.801839841105203,-1.0,187
93,8576952,8576989,-13.833965090535422,-13.779877927042703,-1.0,38
93,8576992,8577029,-13.777031252644797,-13.722944089152078,-1.0,38
93,8577034,8577036,-13.717250735066672,-13.712980710245828,-1.0,3
93,8577038,8577196,-13.711557375691672,-13.485245602823953,-1.0,159
93,8577869,8578070,-12.52875757100417,-12.241241940714579,-0.21365625619860007,202
93,8578834,8579092,-11.155229494832296,-10.786583005167703,-0.274869574349604,259
93,8581144,8581233,-7.867302248738547,-7.739201169230204,-1.0,90
93,8581235,8581316,-7.737777834676047,-7.621063473917704,-1.0,82
93,8581962,8582241,-6.703005862019797,-6.304469235636454,0.0,280
93,8583037,8583247,-5.172909914754172,-4.8725839817302035,-0.062001875380686564,211
93,8584320,8585566,-3.3467580592854214,-1.5718466770427038,0.6886052748756901,1247
93,8587593,8587839,1.3118505832927039,1.663416750691671,-0.2201764525457557,247
93,8591053,8591121,6.236624753214579,6.334835451863547,-0.9613516309319347,69
93,8591123,8591283,6.336258786417703,6.565417483113547,-0.9613516309319347,161
93,8591965,8592080,7.5347153293864535,7.699823488972922,-0.3267501067012305,116
93,8592082,8592397,7.701246823527079,8.151023928426046,-0.3267501067012305,316
93,8592832,8593015,8.768755612589578,9.030651125691671,0.03198212562457727,184
93,8593468,8593640,9.674003171183328,9.920241946004172,0.2848224978334173,173
93,8593642,8593652,9.921665280558328,9.937322024129172,0.2848224978334173,11
93,8594445,8594502,11.064611325480204,11.147165285847922,-0.5786297880343289,58
93,8594504,8594504,11.148588620402078,11.150011965535422,-0.5786297880343289,1
93,8594506,8594599,11.151435544230203,11.285229983113547,-0.5786297880343289,94
93,8595278,8595499,12.250257809855203,12.566240481160422,-0.9819328986985292,222
93,8595956,8596144,13.215285886027079,13.48429809834792,-0.7475622248761626,189
93,8597422,8597564,15.301909909464579,15.505448244832296,-0.41031451766376026,143
93,8598347,8598548,16.61850414774583,16.90601977803542,-1.0,202
93,8599125,8599253,17.725866696573956,17.909478029988545,-0.7503800815918951,129
93,8599258,8599260,17.915171384073954,17.91944165303542,-0.7503800815918951,3
93,8599264,8599315,17.92371166727708,17.997725588582295,-0.7503800815918951,52
93,8599863,8600073,18.776295407511455,19.076621096394796,-0.97307122089821,211
94,8669565,8669733,-19.335702151082295,-19.09515697977708,0.8674988123258779,169
94,8670289,8670489,-18.30520044209792,-18.019107907511454,1.0,201
94,8671176,8671376,-17.04269311787917,-16.75660082743333,-1.0,201
94,8672073,8672292,-15.765952639363547,-15.452816647745829,-1.0,220
94,8672836,8673098,-14.679940188191672,-14.305600583292703,0.5163714663887581,263
94,8673886,8674144,-13.185427981160421,-12.816781491495828,0.5208746014306735,259
94,8674761,8674980,-11.940000979207296,-11.626864987589578,-0.9066337546845921,220
94,8675549,8675736,-10.818405031941671,-10.550816159464578,0.7087088423646064,188
94,8676305,8676540,-9.742355959676047,-9.406446530558329,-0.9326845015371517,236
94,8677285,8677492,-8.347477785847921,-8.051421872355203,-0.8622959113762486,208
94,8678132,8678353,-7.141904543660422,-6.825921872355203,0.0,222
94,8678365,8678509,-6.810265139363547,-6.603879880167703,-1.0,145
94,8679152,8679354,-5.690092531941672,-5.401153317667704,1.0,203
94,8680198,8680403,-4.201273440144797,-3.9080642063395787,-1.0,206
94,8681037,8681237,-3.007086916707296,-2.720994382120829,-1.0,201
94,8681721,8681923,-2.0335188014729213,-1.7445795871989538,0.06957970580015231,203
94,8684843,8685012,2.410164792277079,2.652133303426046,-0.17115782930991166,170
94,8685593,8685866,3.477673581339579,3.867670168660421,-1.0,274
94,8686272,8686539,4.444124997355203,4.825581545613547,0.5666545476296828,268
94,8687236,8687428,5.816229733683328,6.090935305379172,-0.014792200238475496,193
94,8687975,8688183,6.868081784464579,7.165560793660422,-0.14819199267985278,209
94,8688187,8688190,7.169830807902079,7.175524172566671,-0.14819199267985278,4
94,8688665,8688886,7.850189938761454,8.166172365926046,1.0,222
94,8689583,8689799,9.156820553995829,9.465686526082296,0.19730961514998138,217
94,8690416,8690579,10.342467282511453,10.575895754597921,-0.2556896833552562,164
94,8691240,8691416,11.515303464152078,11.767235598347922,-0.04112962032538816,177
94,8692203,8692365,12.885984860636453,13.117990237019796,0.7050692558727576,163
94,8693597,8693750,14.870127927042704,15.089323244832297,-1.0,154
94,8694314,8694532,15.890666501261453,16.20237915303542,-0.6907404040101979,219
94,8695169,8695327,17.10762670633958,17.333938479207294,-0.5566496624827012,159
94,8695329,8695401,17.335361813761455,17.439266115926046,-0.5566496624827012,73
94,8696063,8696274,18.380097165323956,18.681846194051044,0.7318772176270483,212
