trial,bin_index,start_s,end_s,finite_repeated_bout_frame_count,baseline_median_log_vigor,original_frame_centred_bin_value,baseline_bin_median_before_final_centring,delta_log_vigor,scaled_baseline_vigor,scaled_trial_defined,version7_scaled_baseline_vigor
5,0,-20.0,-19.5,203,-2.286039137140305,0.0884566270503001,0.083412825879296,0.0050438011710041,0.005308832714361715,True,0.0037161829000532
5,1,-19.5,-19.0,0,-2.286039137140305,,0.083412825879296,,,True,
5,2,-19.0,-18.5,0,-2.286039137140305,,0.083412825879296,,,True,
5,3,-18.5,-18.0,201,-2.286039137140305,0.1107383012761395,0.083412825879296,0.0273254753968434,0.15302844767910745,True,0.1071199133753752
5,4,-18.0,-17.5,4,-2.286039137140305,0.1107383012761391,0.083412825879296,0.0273254753968431,0.15302844767910528,True,0.1071199133753737
5,5,-17.5,-17.0,83,-2.286039137140305,0.1286901749918991,0.083412825879296,0.045277349112603,0.28288399564616673,True,0.1980187969523167
5,6,-17.0,-16.5,154,-2.286039137140305,0.128690174991899,0.083412825879296,0.0452773491126029,0.282883995646166,True,0.1980187969523162
5,7,-16.5,-16.0,0,-2.286039137140305,,0.083412825879296,,,True,
5,8,-16.0,-15.5,131,-2.286039137140305,-0.2169719365244687,0.083412825879296,-0.3003847624037647,-0.31616877816526334,True,-0.2213181447156843
5,9,-15.5,-15.0,162,-2.286039137140305,0.1639756556134734,0.083412825879296,0.0805628297341774,0.5381228355547351,True,0.3766859848883145
5,10,-15.0,-14.5,0,-2.286039137140305,,0.083412825879296,,,True,
5,11,-14.5,-14.0,0,-2.286039137140305,,0.083412825879296,,,True,
5,12,-14.0,-13.5,201,-2.286039137140305,-0.0595810980703573,0.083412825879296,-0.1429939239496533,-0.15050768174268686,True,-0.1053553772198808
5,13,-13.5,-13.0,0,-2.286039137140305,,0.083412825879296,,,True,
5,14,-13.0,-12.5,189,-2.286039137140305,0.0854972243425054,0.083412825879296,0.0020843984632094,0.002193925251230286,True,0.0015357476758612
5,15,-12.5,-12.0,0,-2.286039137140305,,0.083412825879296,,,True,
5,16,-12.0,-11.5,158,-2.286039137140305,0.0219767870436045,0.083412825879296,-0.0614360388356915,-0.06466425653071271,True,-0.0452649795714989
5,17,-11.5,-11.0,51,-2.286039137140305,-0.7294527912634191,0.083412825879296,-0.8128656171427151,-0.855578448546976,True,-0.5989049139828831
5,18,-11.0,-10.5,167,-2.286039137140305,0.083412825879296,0.083412825879296,0.0,0.0,True,0.0
5,19,-10.5,-10.0,61,-2.286039137140305,-0.413037742543903,0.083412825879296,-0.496450568423199,-0.5225370567460119,True,-0.3657759397222083
5,20,-10.0,-9.5,279,-2.286039137140305,0.2268763433336619,0.083412825879296,0.1434635174543659,0.9931173058110309,True,0.6951821140677216
5,21,-9.5,-9.0,61,-2.286039137140305,-0.595942770869798,0.083412825879296,-0.679355596749094,-0.7150530114945752,True,-0.5005371080462027
5,22,-9.0,-8.5,0,-2.286039137140305,,0.083412825879296,,,True,
5,23,-8.5,-8.0,203,-2.286039137140305,0.1243156142473129,0.083412825879296,0.0409027883680168,0.25124044736826545,True,0.1758683131577858
5,24,-8.0,-7.5,4,-2.286039137140305,0.1243156142473131,0.083412825879296,0.0409027883680171,0.2512404473682676,True,0.1758683131577873
5,25,-7.5,-7.0,0,-2.286039137140305,,0.083412825879296,,,True,
5,26,-7.0,-6.5,205,-2.286039137140305,0.2471001397161322,0.083412825879296,0.1636873138368361,1.1394068911101096,True,0.7975848237770766
5,27,-6.5,-6.0,42,-2.286039137140305,-0.9720282498629302,0.083412825879296,-1.0554410757422263,-1.110900275608217,True,-0.7776301929257518
5,28,-6.0,-5.5,51,-2.286039137140305,-0.8666644213014858,0.083412825879296,-0.9500772471807818,-1.0,True,-0.7
5,29,-5.5,-5.0,242,-2.286039137140305,-0.0141705714841407,0.083412825879296,-0.0975833973634368,-0.10271101392334302,True,-0.0718977097463401
5,30,-5.0,-4.5,0,-2.286039137140305,,0.083412825879296,,,True,
5,31,-4.5,-4.0,231,-2.286039137140305,0.1575027367493502,0.083412825879296,0.0740899108700541,0.491300735569197,True,0.3439105148984379
5,32,-4.0,-3.5,19,-2.286039137140305,0.1575027367493495,0.083412825879296,0.0740899108700535,0.49130073556919274,True,0.3439105148984349
5,33,-3.5,-3.0,22,-2.286039137140305,0.2278278410466128,0.083412825879296,0.1444150151673168,1.0000000000000044,True,0.7000000000000031
5,34,-3.0,-2.5,163,-2.286039137140305,0.2278278410466122,0.083412825879296,0.1444150151673162,1.0,True,0.7
5,35,-2.5,-2.0,0,-2.286039137140305,,0.083412825879296,,,True,
5,36,-2.0,-1.5,0,-2.286039137140305,,0.083412825879296,,,True,
5,37,-1.5,-1.0,178,-2.286039137140305,0.1180536187238701,0.083412825879296,0.034640792844574,0.20594406923309141,True,0.144160848463164
5,38,-1.0,-0.5,69,-2.286039137140305,-0.8791491449928998,0.083412825879296,-0.9625619708721956,-1.0131407459008839,True,-0.7091985221306186
5,39,-0.5,0.0,197,-2.286039137140305,-0.0820655809483912,0.083412825879296,-0.1654784068276872,-0.17417363411103745,True,-0.1219215438777262
5,40,0.0,0.5,2,-2.286039137140305,-0.0820655809483907,0.083412825879296,-0.1654784068276868,-0.174173634111037,True,-0.1219215438777259
5,41,0.5,1.0,81,-2.286039137140305,-0.3883396100098784,0.083412825879296,-0.4717524358891744,-0.49654113630131885,True,-0.3475787954109232
5,42,1.0,1.5,236,-2.286039137140305,0.1772364607024463,0.083412825879296,0.0938236348231503,0.6340453636750863,True,0.4438317545725604
5,43,1.5,2.0,46,-2.286039137140305,-0.5069536316617093,0.083412825879296,-0.5903664575410053,-0.621387849559426,True,-0.4349714946915982
5,44,2.0,2.5,15,-2.286039137140305,0.1005545689077158,0.083412825879296,0.0171417430284198,0.07936403983010372,True,0.0555548278810726
5,45,2.5,3.0,139,-2.286039137140305,0.1005545689077161,0.083412825879296,0.0171417430284201,0.07936403983010586,True,0.0555548278810741
5,46,3.0,3.5,0,-2.286039137140305,,0.083412825879296,,,True,
5,47,3.5,4.0,24,-2.286039137140305,0.0542990329547157,0.083412825879296,-0.0291137929245803,-0.03064360609726343,True,-0.0214505242680844
5,48,4.0,4.5,207,-2.286039137140305,0.0542990329547159,0.083412825879296,-0.02911379292458,-0.030643606097263142,True,-0.0214505242680842
5,49,4.5,5.0,44,-2.286039137140305,-0.6015986677200683,0.083412825879296,-0.6850114935993643,-0.7210061030637644,True,-0.5047042721446351
5,50,5.0,5.5,229,-2.286039137140305,0.1364888626186624,0.083412825879296,0.0530760367393664,0.33929609341556316,True,0.2375072653908942
5,51,5.5,6.0,31,-2.286039137140305,0.2135069186166216,0.083412825879296,0.1300940927373255,0.8964090735605141,True,0.6274863514923599
5,52,6.0,6.5,288,-2.286039137140305,0.2135069186166229,0.083412825879296,0.1300940927373269,0.8964090735605241,True,0.6274863514923669
5,53,6.5,7.0,0,-2.286039137140305,,0.083412825879296,,,True,
5,54,7.0,7.5,28,-2.286039137140305,0.2015667967087492,0.083412825879296,0.1181539708294532,0.8100397564803086,True,0.567027829536216
5,55,7.5,8.0,216,-2.286039137140305,0.2015667967087487,0.083412825879296,0.1181539708294527,0.810039756480305,True,0.5670278295362134
5,56,8.0,8.5,0,-2.286039137140305,,0.083412825879296,,,True,
5,57,8.5,9.0,309,-2.286039137140305,0.2257588958288658,0.083412825879296,0.1423460699495697,0.9850342076143035,True,0.6895239453300124
5,58,9.0,9.5,51,-2.286039137140305,-1.0756696301866833,0.083412825879296,-1.1590824560659794,-1.2199875952249049,True,-0.8539913166574333
5,59,9.5,10.0,225,-2.286039137140305,0.2273208701361616,0.083412825879296,0.1439080442568656,0.996332807013781,True,0.6974329649096467
5,60,10.0,10.5,107,-2.286039137140305,0.2273208701361622,0.083412825879296,0.1439080442568662,0.9963328070137855,True,0.6974329649096498
5,61,10.5,11.0,191,-2.286039137140305,-0.2194749307150298,0.083412825879296,-0.3028877565943258,-0.3188032946721983,True,-0.2231623062705388
5,62,11.0,11.5,182,-2.286039137140305,0.239751206648388,0.083412825879296,0.156338380769092,1.0862481097151964,True,0.7603736768006374
5,63,11.5,12.0,16,-2.286039137140305,-0.749553405075097,0.083412825879296,-0.832966230954393,-0.8767352690805943,True,-0.613714688356416
5,64,12.0,12.5,306,-2.286039137140305,0.0405392070356239,0.083412825879296,-0.042873618843672,-0.045126455739144575,True,-0.0315885190174012
5,65,12.5,13.0,91,-2.286039137140305,-0.675493254189892,0.083412825879296,-0.758906080069188,-0.7987835539911446,True,-0.5591484877938012
5,66,13.0,13.5,284,-2.286039137140305,0.2356288578192784,0.083412825879296,0.1522160319399824,1.0564289457331404,True,0.7395002620131983
5,67,13.5,14.0,57,-2.286039137140305,-0.6528899064045717,0.083412825879296,-0.7363027322838677,-0.7749924908408665,True,-0.5424947435886065
5,68,14.0,14.5,179,-2.286039137140305,0.1214988940628852,0.083412825879296,0.0380860681835892,0.23086559687577218,True,0.1616059178130405
5,69,14.5,15.0,54,-2.286039137140305,0.1214988940628858,0.083412825879296,0.0380860681835898,0.23086559687577646,True,0.1616059178130435
5,70,15.0,15.5,0,-2.286039137140305,,0.083412825879296,,,True,
5,71,15.5,16.0,146,-2.286039137140305,0.0094572875515581,0.083412825879296,-0.0739555383277378,-0.07784160556122172,True,-0.0544891238928552
5,72,16.0,16.5,148,-2.286039137140305,-0.0388145183453716,0.083412825879296,-0.1222273442246676,-0.128649901455234,True,-0.0900549310186638
5,73,16.5,17.0,36,-2.286039137140305,-0.7049654397230034,0.083412825879296,-0.7883782656022994,-0.829804384792604,True,-0.5808630693548228
5,74,17.0,17.5,182,-2.286039137140305,0.1844583256915907,0.083412825879296,0.1010454998122947,0.6862849933849473,True,0.4803994953694631
5,75,17.5,18.0,36,-2.286039137140305,-0.4064297315072943,0.083412825879296,-0.4898425573865904,-0.5155818212046737,True,-0.3609072748432715
5,76,18.0,18.5,17,-2.286039137140305,-0.543831591090436,0.083412825879296,-0.627244416969732,-0.6602035980032045,True,-0.4621425186022431
5,77,18.5,19.0,155,-2.286039137140305,0.1301392424174029,0.083412825879296,0.0467264165381068,0.2933658789057856,True,0.2053561152340499
5,78,19.0,19.5,37,-2.286039137140305,-0.9020605259204356,0.083412825879296,-0.9854733517997316,-1.0372560281008547,True,-0.7260792196705982
5,79,19.5,20.0,13,-2.286039137140305,-0.9020605259204354,0.083412825879296,-0.9854733517997314,-1.0372560281008545,True,-0.7260792196705981
6,0,-20.0,-19.5,0,-2.188634620327484,,0.0825134026381729,,,True,
6,1,-19.5,-19.0,325,-2.188634620327484,0.1299921194661882,0.0825134026381729,0.0474787168280152,0.5527121738492962,True,0.3868985216945073
6,2,-19.0,-18.5,19,-2.188634620327484,0.1299921194661888,0.0825134026381729,0.0474787168280158,0.5527121738493037,True,0.3868985216945126
6,3,-18.5,-18.0,41,-2.188634620327484,-0.7187914158990767,0.0825134026381729,-0.8013048185372497,-0.7767650974868451,True,-0.5437355682407915
6,4,-18.0,-17.5,155,-2.188634620327484,0.1741306125532915,0.0825134026381729,0.0916172099151185,1.1115411875948646,True,0.7780788313164052
6,5,-17.5,-17.0,187,-2.188634620327484,0.1741306125532915,0.0825134026381729,0.0916172099151185,1.1115411875948646,True,0.7780788313164052
6,6,-17.0,-16.5,56,-2.188634620327484,0.1775061628359271,0.0825134026381729,0.0949927601977541,1.154278383710085,True,0.8079948685970594
6,7,-16.5,-16.0,351,-2.188634620327484,0.1775061628359258,0.0825134026381729,0.0949927601977528,1.1542783837100683,True,0.8079948685970478
6,8,-16.0,-15.5,181,-2.188634620327484,0.1775061628359262,0.0825134026381729,0.0949927601977533,1.1542783837100745,True,0.8079948685970522
6,9,-15.5,-15.0,0,-2.188634620327484,,0.0825134026381729,,,True,
6,10,-15.0,-14.5,0,-2.188634620327484,,0.0825134026381729,,,True,
6,11,-14.5,-14.0,281,-2.188634620327484,-0.0187625722222509,0.0825134026381729,-0.1012759748604239,-0.098174428339439,True,-0.0687220998376073
6,12,-14.0,-13.5,73,-2.188634620327484,-0.862161152287753,0.0825134026381729,-0.944674554925926,-0.9157441784636764,True,-0.6410209249245734
6,13,-13.5,-13.0,144,-2.188634620327484,0.0823842143885274,0.0825134026381729,-0.0001291882496455,-0.00012523189803503824,True,-8.766232862452676e-05
6,14,-13.0,-12.5,206,-2.188634620327484,0.0823842143885274,0.0825134026381729,-0.0001291882496455,-0.00012523189803503824,True,-8.766232862452676e-05
6,15,-12.5,-12.0,0,-2.188634620327484,,0.0825134026381729,,,True,
6,16,-12.0,-11.5,309,-2.188634620327484,0.1968507439412193,0.0825134026381729,0.1143373413030464,1.3991964229158749,True,0.9794374960411124
6,17,-11.5,-11.0,190,-2.188634620327484,0.1968507439412194,0.0825134026381729,0.1143373413030465,1.399196422915876,True,0.9794374960411132
6,18,-11.0,-10.5,128,-2.188634620327484,0.1653206549160075,0.0825134026381729,0.0828072522778346,0.9999999999999915,True,0.699999999999994
6,19,-10.5,-10.0,351,-2.188634620327484,0.1653206549160084,0.0825134026381729,0.0828072522778354,1.0000000000000018,True,0.7000000000000012
6,20,-10.0,-9.5,198,-2.188634620327484,0.165320654916008,0.0825134026381729,0.082807252277835,0.9999999999999966,True,0.6999999999999975
6,21,-9.5,-9.0,104,-2.188634620327484,-0.7853536681909371,0.0825134026381729,-0.8678670708291101,-0.8412889006567962,True,-0.5889022304597573
6,22,-9.0,-8.5,135,-2.188634620327484,0.0826425908878185,0.0825134026381729,0.0001291882496455,0.00012523189803503824,True,8.766232862452676e-05
6,23,-8.5,-8.0,351,-2.188634620327484,0.0826425908878185,0.0825134026381729,0.0001291882496455,0.00012523189803503824,True,8.766232862452676e-05
6,24,-8.0,-7.5,56,-2.188634620327484,0.0826425908878184,0.0825134026381729,0.0001291882496455,0.00012523189803503824,True,8.766232862452676e-05
6,25,-7.5,-7.0,42,-2.188634620327484,-0.9705861676941864,0.0825134026381729,-1.0530995703323591,-1.0208487101148553,True,-0.7145940970803987
6,26,-7.0,-6.5,0,-2.188634620327484,,0.0825134026381729,,,True,
6,27,-6.5,-6.0,131,-2.188634620327484,-0.0995410311884637,0.0825134026381729,-0.1820544338266367,-0.1764790710948233,True,-0.1235353497663763
6,28,-6.0,-5.5,235,-2.188634620327484,-0.0995410311884642,0.0825134026381729,-0.1820544338266372,-0.17647907109482386,True,-0.1235353497663767
6,29,-5.5,-5.0,0,-2.188634620327484,,0.0825134026381729,,,True,
6,30,-5.0,-4.5,113,-2.188634620327484,0.1125118958250368,0.0825134026381729,0.0299984931868638,0.331398407696033,True,0.2319788853872231
6,31,-4.5,-4.0,183,-2.188634620327484,0.1125118958250368,0.0825134026381729,0.0299984931868638,0.331398407696033,True,0.2319788853872231
6,32,-4.0,-3.5,45,-2.188634620327484,-0.8353291164550719,0.0825134026381729,-0.9178425190932448,-0.8897338657247742,True,-0.6228137060073419
6,33,-3.5,-3.0,54,-2.188634620327484,-1.4198963546478465,0.0825134026381729,-1.502409757286019,-1.4563989066155998,True,-1.0194792346309198
6,34,-3.0,-2.5,0,-2.188634620327484,,0.0825134026381729,,,True,
6,35,-2.5,-2.0,51,-2.188634620327484,-0.9925717967109762,0.0825134026381729,-1.075085199349149,-1.0421610358009918,True,-0.7295127250606943
6,36,-2.0,-1.5,48,-2.188634620327484,-0.898894945000774,0.0825134026381729,-0.981408347638947,-0.9513530097320047,True,-0.6659471068124032
6,37,-1.5,-1.0,101,-2.188634620327484,0.1376894456473181,0.0825134026381729,0.0551760430091451,0.6501665475133488,True,0.4551165832593441
6,38,-1.0,-0.5,144,-2.188634620327484,0.1376894456473181,0.0825134026381729,0.0551760430091451,0.6501665475133488,True,0.4551165832593441
6,39,-0.5,0.0,0,-2.188634620327484,,0.0825134026381729,,,True,
6,40,0.0,0.5,217,-2.188634620327484,0.1939323214335424,0.0825134026381729,0.1114189187953694,1.3622468340742355,True,0.9535727838519648
6,41,0.5,1.0,48,-2.188634620327484,-1.0353608436887694,0.0825134026381729,-1.1178742463269422,-1.083639680978426,True,-0.758547776684898
6,42,1.0,1.5,0,-2.188634620327484,,0.0825134026381729,,,True,
6,43,1.5,2.0,0,-2.188634620327484,,0.0825134026381729,,,True,
6,44,2.0,2.5,127,-2.188634620327484,0.1826440178790599,0.0825134026381729,0.1001306152408869,1.219327783127858,True,0.8535294481895005
6,45,2.5,3.0,54,-2.188634620327484,0.18264401787906,0.0825134026381729,0.100130615240887,1.2193277831278593,True,0.8535294481895014
6,46,3.0,3.5,0,-2.188634620327484,,0.0825134026381729,,,True,
6,47,3.5,4.0,0,-2.188634620327484,,0.0825134026381729,,,True,
6,48,4.0,4.5,194,-2.188634620327484,0.0116119053571628,0.0825134026381729,-0.0709014972810101,-0.06873016007564028,True,-0.0481111120529482
6,49,4.5,5.0,0,-2.188634620327484,,0.0825134026381729,,,True,
6,50,5.0,5.5,171,-2.188634620327484,-0.3802942277919666,0.0825134026381729,-0.4628076304301395,-0.44863428479684303,True,-0.3140439993577901
6,51,5.5,6.0,105,-2.188634620327484,-0.0586807861098105,0.0825134026381729,-0.1411941887479835,-0.13687015883370102,True,-0.0958091111835907
6,52,6.0,6.5,0,-2.188634620327484,,0.0825134026381729,,,True,
6,53,6.5,7.0,0,-2.188634620327484,,0.0825134026381729,,,True,
6,54,7.0,7.5,130,-2.188634620327484,0.0789989344728228,0.0825134026381729,-0.0035144681653501,-0.0034068386260997143,True,-0.0023847870382698
6,55,7.5,8.0,0,-2.188634620327484,,0.0825134026381729,,,True,
6,56,8.0,8.5,190,-2.188634620327484,0.1349497354730988,0.0825134026381729,0.0524363328349259,0.6154796013236302,True,0.4308357209265411
6,57,8.5,9.0,0,-2.188634620327484,,0.0825134026381729,,,True,
6,58,9.0,9.5,19,-2.188634620327484,0.1025443572858986,0.0825134026381729,0.0200309546477256,0.20520130984075816,True,0.1436409168885307
6,59,9.5,10.0,143,-2.188634620327484,0.1025443572858986,0.0825134026381729,0.0200309546477256,0.20520130984075816,True,0.1436409168885307
6,60,10.0,10.5,0,-2.188634620327484,,0.0825134026381729,,,True,
6,61,10.5,11.0,45,-2.188634620327484,-0.8921483894539834,0.0825134026381729,-0.9746617920921564,-0.9448130654364374,True,-0.6613691458055061
6,62,11.0,11.5,182,-2.188634620327484,0.0421635704624348,0.0825134026381729,-0.0403498321757381,-0.03911413060111029,True,-0.0273798914207772
6,63,11.5,12.0,0,-2.188634620327484,,0.0825134026381729,,,True,
6,64,12.0,12.5,63,-2.188634620327484,-0.7109727444042891,0.0825134026381729,-0.7934861470424621,-0.7691858704743921,True,-0.5384301093320745
6,65,12.5,13.0,138,-2.188634620327484,0.1735354556260591,0.0825134026381729,0.0910220529878862,1.1040060196403825,True,0.7728042137482677
6,66,13.0,13.5,0,-2.188634620327484,,0.0825134026381729,,,True,
6,67,13.5,14.0,121,-2.188634620327484,-0.0123317366795863,0.0825134026381729,-0.0948451393177592,-0.09194053521704587,True,-0.0643583746519321
6,68,14.0,14.5,46,-2.188634620327484,-0.753781682825675,0.0825134026381729,-0.836295085463848,-0.8106837979258921,True,-0.5674786585481244
6,69,14.5,15.0,166,-2.188634620327484,-0.0209786549106292,0.0825134026381729,-0.1034920575488021,-0.10032264415651015,True,-0.0702258509095571
6,70,15.0,15.5,42,-2.188634620327484,-0.0209786549106292,0.0825134026381729,-0.1034920575488021,-0.10032264415651015,True,-0.0702258509095571
6,71,15.5,16.0,168,-2.188634620327484,0.085010777797759,0.0825134026381729,0.002497375159586,0.0024208937902534286,True,0.0016946256531774
6,72,16.0,16.5,5,-2.188634620327484,0.0850107777977586,0.0825134026381729,0.0024973751595857,0.002420893790253143,True,0.0016946256531772
6,73,16.5,17.0,0,-2.188634620327484,,0.0825134026381729,,,True,
6,74,17.0,17.5,166,-2.188634620327484,0.1768102011974911,0.0825134026381729,0.0942967985593181,1.1454669465990708,True,0.8018268626193495
6,75,17.5,18.0,0,-2.188634620327484,,0.0825134026381729,,,True,
6,76,18.0,18.5,177,-2.188634620327484,0.0642503470073362,0.0825134026381729,-0.0182630556308366,-0.017703754999739713,True,-0.0123926284998178
6,77,18.5,19.0,0,-2.188634620327484,,0.0825134026381729,,,True,
6,78,19.0,19.5,232,-2.188634620327484,0.1037790712261993,0.0825134026381729,0.0212656685880264,0.2208337867392006,True,0.1545836507174404
6,79,19.5,20.0,0,-2.188634620327484,,0.0825134026381729,,,True,
7,0,-20.0,-19.5,105,-2.227923869200801,-0.6307829190939601,0.1871386141758066,-0.8179215332697668,-0.7024646343643016,True,-0.4917252440550111
7,1,-19.5,-19.0,103,-2.227923869200801,0.1747707234285479,0.1871386141758066,-0.0123678907472587,-0.010622052969921286,True,-0.0074354370789449
7,2,-19.0,-18.5,126,-2.227923869200801,0.2329094607916888,0.1871386141758066,0.0457708466158821,1.337513579610944,True,0.9362595057276608
7,3,-18.5,-18.0,102,-2.227923869200801,-0.5974999273579371,0.1871386141758066,-0.7846385415337438,-0.6738798329262836,True,-0.4717158830483985
7,4,-18.0,-17.5,176,-2.227923869200801,0.1733633506175273,0.1871386141758066,-0.0137752635582793,-0.011830762591681143,True,-0.0082815338141768
7,5,-17.5,-17.0,160,-2.227923869200801,0.0084544378984584,0.1871386141758066,-0.1786841762773482,-0.1534613156026973,True,-0.1074229209218881
7,6,-17.0,-16.5,0,-2.227923869200801,,0.1871386141758066,,,True,
7,7,-16.5,-16.0,200,-2.227923869200801,0.1630998886389099,0.1871386141758066,-0.0240387255368967,-0.020645445630162143,True,-0.0144518119411135
7,8,-16.0,-15.5,0,-2.227923869200801,,0.1871386141758066,,,True,
7,9,-15.5,-15.0,207,-2.227923869200801,0.0541773249638566,0.1871386141758066,-0.13296128921195,-0.11419262069980644,True,-0.0799348344898645
7,10,-15.0,-14.5,43,-2.227923869200801,-1.001222136430175,0.1871386141758066,-1.1883607506059817,-1.0206130615367848,True,-0.7144291430757493
7,11,-14.5,-14.0,221,-2.227923869200801,-0.0679568997361477,0.1871386141758066,-0.2550955139119544,-0.2190865133379883,True,-0.1533605593365918
7,12,-14.0,-13.5,0,-2.227923869200801,,0.1871386141758066,,,True,
7,13,-13.5,-13.0,143,-2.227923869200801,0.2137001166373772,0.1871386141758066,0.0265615024615706,0.7547475650938362,True,0.5283232955656854
7,14,-13.0,-12.5,8,-2.227923869200801,0.2137001166373777,0.1871386141758066,0.026561502461571,0.7547475650938484,True,0.5283232955656939
7,15,-12.5,-12.0,0,-2.227923869200801,,0.1871386141758066,,,True,
7,16,-12.0,-11.5,118,-2.227923869200801,0.1871386141758066,0.1871386141758066,0.0,0.0,True,0.0
7,17,-11.5,-11.0,49,-2.227923869200801,-0.0543882569941009,0.1871386141758066,-0.2415268711699076,-0.2074332051966704,True,-0.1452032436376693
7,18,-11.0,-10.5,174,-2.227923869200801,-0.0543882569941011,0.1871386141758066,-0.2415268711699078,-0.20743320519667058,True,-0.1452032436376694
7,19,-10.5,-10.0,0,-2.227923869200801,,0.1871386141758066,,,True,
7,20,-10.0,-9.5,192,-2.227923869200801,0.2017659625782706,0.1871386141758066,0.0146273484024639,0.3926935906431896,True,0.2748855134502327
7,21,-9.5,-9.0,0,-2.227923869200801,,0.1871386141758066,,,True,
7,22,-9.0,-8.5,99,-2.227923869200801,0.2159291856370632,0.1871386141758066,0.0287905714612565,0.8223722401788014,True,0.575660568125161
7,23,-8.5,-8.0,65,-2.227923869200801,0.2159291856370635,0.1871386141758066,0.0287905714612568,0.8223722401788105,True,0.5756605681251673
7,24,-8.0,-7.5,160,-2.227923869200801,-0.6038849414537943,0.1871386141758066,-0.791023555629601,-0.6793635454950514,True,-0.475554481846536
7,25,-7.5,-7.0,220,-2.227923869200801,-0.2713894146713265,0.1871386141758066,-0.4585280288471332,-0.39380271948855805,True,-0.2756619036419906
7,26,-7.0,-6.5,59,-2.227923869200801,-0.8709899197448677,0.1871386141758066,-1.0581285339206743,-0.9087642805044803,True,-0.6361349963531362
7,27,-6.5,-6.0,272,-2.227923869200801,0.2539040008825047,0.1871386141758066,0.066765386706698,1.9744382115535875,True,1.382106748087511
7,28,-6.0,-5.5,0,-2.227923869200801,,0.1871386141758066,,,True,
7,29,-5.5,-5.0,0,-2.227923869200801,,0.1871386141758066,,,True,
7,30,-5.0,-4.5,246,-2.227923869200801,0.2698131927783573,0.1871386141758066,0.0826745786025506,2.4570854212061337,True,1.7199597948442935
7,31,-4.5,-4.0,0,-2.227923869200801,,0.1871386141758066,,,True,
7,32,-4.0,-3.5,165,-2.227923869200801,-0.0318032590074629,0.1871386141758066,-0.2189418731832697,-0.18803628054378999,True,-0.131625396380653
7,33,-3.5,-3.0,74,-2.227923869200801,0.2217842161034368,0.1871386141758066,0.0346456019276301,1.0,True,0.7
7,34,-3.0,-2.5,0,-2.227923869200801,,0.1871386141758066,,,True,
7,35,-2.5,-2.0,174,-2.227923869200801,0.1928332501631293,0.1871386141758066,0.0056946359873226,0.1216962483507417,True,0.0851873738455192
7,36,-2.0,-1.5,53,-2.227923869200801,-1.0800733266922793,0.1871386141758066,-1.267211940868086,-1.0883337050014805,True,-0.7618335935010363
7,37,-1.5,-1.0,54,-2.227923869200801,-0.977221117627558,0.1871386141758066,-1.1643597318033647,-1.0,True,-0.7
7,38,-1.0,-0.5,210,-2.227923869200801,0.2206005431061962,0.1871386141758066,0.0334619289303895,0.964090164164267,True,0.6748631149149869
7,39,-0.5,0.0,0,-2.227923869200801,,0.1871386141758066,,,True,
7,40,0.0,0.5,243,-2.227923869200801,0.2703591824500015,0.1871386141758066,0.0832205682741948,2.473649454957394,True,1.7315546184701758
7,41,0.5,1.0,42,-2.227923869200801,-0.9364096673229227,0.1871386141758066,-1.1235482814987294,-0.9649494488774304,True,-0.6754646142142012
7,42,1.0,1.5,9,-2.227923869200801,0.1467626700671702,0.1871386141758066,-0.0403759441086364,-0.03467652049946957,True,-0.0242735643496287
7,43,1.5,2.0,243,-2.227923869200801,0.1467626700671694,0.1871386141758066,-0.0403759441086372,-0.03467652049947029,True,-0.0242735643496292
7,44,2.0,2.5,0,-2.227923869200801,,0.1871386141758066,,,True,
7,45,2.5,3.0,2,-2.227923869200801,0.1729890795738877,0.1871386141758066,-0.0141495346019189,-0.012152201948794572,True,-0.0085065413641562
7,46,3.0,3.5,237,-2.227923869200801,0.1729890795738881,0.1871386141758066,-0.0141495346019185,-0.012152201948794286,True,-0.008506541364156
7,47,3.5,4.0,0,-2.227923869200801,,0.1871386141758066,,,True,
7,48,4.0,4.5,286,-2.227923869200801,0.0229022676334388,0.1871386141758066,-0.1642363465423678,-0.1410529255318696,True,-0.0987370478723087
7,49,4.5,5.0,51,-2.227923869200801,-0.9043429585471564,0.1871386141758066,-1.091481572722963,-0.9374092412423713,True,-0.6561864688696599
7,50,5.0,5.5,230,-2.227923869200801,0.2120544798356669,0.1871386141758066,0.0249158656598602,0.704822841346295,True,0.4933759889424065
7,51,5.5,6.0,24,-2.227923869200801,0.2120544798356675,0.1871386141758066,0.0249158656598608,0.7048228413463131,True,0.4933759889424192
7,52,6.0,6.5,20,-2.227923869200801,0.2042576914184259,0.1871386141758066,0.0171190772426192,0.4682867433177289,True,0.3278007203224102
7,53,6.5,7.0,267,-2.227923869200801,0.0759534571373616,0.1871386141758066,-0.111185157038445,-0.09549038325659115,True,-0.0668432682796138
7,54,7.0,7.5,56,-2.227923869200801,-0.9392195919204912,0.1871386141758066,-1.126358206096298,-0.9673627276269597,True,-0.6771539093388718
7,55,7.5,8.0,0,-2.227923869200801,,0.1871386141758066,,,True,
7,56,8.0,8.5,218,-2.227923869200801,0.227584757305221,0.1871386141758066,0.0404461431294143,1.1759746845624264,True,0.8231822791936984
7,57,8.5,9.0,0,-2.227923869200801,,0.1871386141758066,,,True,
7,58,9.0,9.5,242,-2.227923869200801,0.2454290588011128,0.1871386141758066,0.0582904446253061,1.7173285372012983,True,1.2021299760409088
7,59,9.5,10.0,0,-2.227923869200801,,0.1871386141758066,,,True,
7,60,10.0,10.5,0,-2.227923869200801,,0.1871386141758066,,,True,
7,61,10.5,11.0,52,-2.227923869200801,-0.8749454446792272,0.1871386141758066,-1.0620840588550338,-0.9121614479144466,True,-0.6385130135401126
7,62,11.0,11.5,195,-2.227923869200801,0.1512923061387274,0.1871386141758066,-0.0358463080370792,-0.030786282845388573,True,-0.021550397991772
7,63,11.5,12.0,0,-2.227923869200801,,0.1871386141758066,,,True,
7,64,12.0,12.5,0,-2.227923869200801,,0.1871386141758066,,,True,
7,65,12.5,13.0,119,-2.227923869200801,0.2353125218581127,0.1871386141758066,0.048173907682306,1.4104167619929813,True,0.9872917333950868
7,66,13.0,13.5,0,-2.227923869200801,,0.1871386141758066,,,True,
7,67,13.5,14.0,186,-2.227923869200801,-0.2085264339464628,0.1871386141758066,-0.3956650481222695,-0.3398134075879299,True,-0.2378693853115509
7,68,14.0,14.5,77,-2.227923869200801,-0.7068506608237828,0.1871386141758066,-0.8939892749995895,-0.7677947378126652,True,-0.5374563164688656
7,69,14.5,15.0,15,-2.227923869200801,-0.0981488957821761,0.1871386141758066,-0.2852875099579828,-0.2450166406185556,True,-0.1715116484329889
7,70,15.0,15.5,188,-2.227923869200801,-0.0981488957821759,0.1871386141758066,-0.2852875099579827,-0.24501664061855544,True,-0.1715116484329888
7,71,15.5,16.0,0,-2.227923869200801,,0.1871386141758066,,,True,
7,72,16.0,16.5,194,-2.227923869200801,-0.1250929823114763,0.1871386141758066,-0.312231596487283,-0.2681573296971526,True,-0.1877101307880068
7,73,16.5,17.0,3,-2.227923869200801,-0.1250929823114765,0.1871386141758066,-0.3122315964872832,-0.2681573296971527,True,-0.1877101307880069
7,74,17.0,17.5,208,-2.227923869200801,-0.0488440505279232,0.1871386141758066,-0.2359826647037299,-0.20267161278262258,True,-0.1418701289478358
7,75,17.5,18.0,64,-2.227923869200801,-0.7583898680182706,0.1871386141758066,-0.9455284821940771,-0.8120587275288533,True,-0.5684411092701973
7,76,18.0,18.5,0,-2.227923869200801,,0.1871386141758066,,,True,
7,77,18.5,19.0,120,-2.227923869200801,0.1358139540370437,0.1871386141758066,-0.0513246601387629,-0.04407972788553158,True,-0.0308558095198721
7,78,19.0,19.5,0,-2.227923869200801,,0.1871386141758066,,,True,
7,79,19.5,20.0,142,-2.227923869200801,-0.0248836028130532,0.1871386141758066,-0.2120222169888599,-0.18209339536371544,True,-0.1274653767546008
8,0,-20.0,-19.5,109,-2.143331143900431,-0.4118030632554992,0.0992038736843001,-0.5110069369397993,-0.45390639624946955,True,-0.3177344773746287
8,1,-19.5,-19.0,0,-2.143331143900431,,0.0992038736843001,,,True,
8,2,-19.0,-18.5,0,-2.143331143900431,,0.0992038736843001,,,True,
8,3,-18.5,-18.0,0,-2.143331143900431,,0.0992038736843001,,,True,
8,4,-18.0,-17.5,178,-2.143331143900431,0.135787263613398,0.0992038736843001,0.0365833899290979,0.22609945959375602,True,0.1582696217156292
8,5,-17.5,-17.0,0,-2.143331143900431,,0.0992038736843001,,,True,
8,6,-17.0,-16.5,0,-2.143331143900431,,0.0992038736843001,,,True,
8,7,-16.5,-16.0,218,-2.143331143900431,0.1758996512430826,0.0992038736843001,0.0766957775587825,0.6411630198575591,True,0.4488141139002913
8,8,-16.0,-15.5,0,-2.143331143900431,,0.0992038736843001,,,True,
8,9,-15.5,-15.0,50,-2.143331143900431,-0.8670567957213133,0.0992038736843001,-0.9662606694056134,-0.8582895193439843,True,-0.600802663540789
8,10,-15.0,-14.5,119,-2.143331143900431,0.0074697286987865,0.0992038736843001,-0.0917341449855135,-0.081483659327126,True,-0.0570385615289882
8,11,-14.5,-14.0,54,-2.143331143900431,0.0074697286987865,0.0992038736843001,-0.0917341449855135,-0.081483659327126,True,-0.0570385615289882
8,12,-14.0,-13.5,30,-2.143331143900431,0.227498471150153,0.0992038736843001,0.1282945974658529,1.175082618305751,True,0.8225578328140256
8,13,-13.5,-13.0,203,-2.143331143900431,-0.0478327748971888,0.0992038736843001,-0.147036648581489,-0.130606593471912,True,-0.0914246154303384
8,14,-13.0,-12.5,0,-2.143331143900431,,0.0992038736843001,,,True,
8,15,-12.5,-12.0,24,-2.143331143900431,0.1153201228806644,0.0992038736843001,0.0161162491963643,0.01431539978221843,True,0.0100207798475529
8,16,-12.0,-11.5,178,-2.143331143900431,0.1153201228806644,0.0992038736843001,0.0161162491963643,0.01431539978221843,True,0.0100207798475529
8,17,-11.5,-11.0,42,-2.143331143900431,-1.3548420587591128,0.0992038736843001,-1.454045932443413,-1.2915690599604184,True,-0.9040983419722928
8,18,-11.0,-10.5,47,-2.143331143900431,-1.0437435984278942,0.0992038736843001,-1.1429474721121944,-1.0152331224223774,True,-0.7106631856956641
8,19,-10.5,-10.0,286,-2.143331143900431,0.1589824559301622,0.0992038736843001,0.0597785822458621,0.46611207596753373,True,0.3262784531772736
8,20,-10.0,-9.5,0,-2.143331143900431,,0.0992038736843001,,,True,
8,21,-9.5,-9.0,0,-2.143331143900431,,0.0992038736843001,,,True,
8,22,-9.0,-8.5,0,-2.143331143900431,,0.0992038736843001,,,True,
8,23,-8.5,-8.0,211,-2.143331143900431,0.2144428343897785,0.0992038736843001,0.1152389607054784,1.0399892121166407,True,0.7279924484816485
8,24,-8.0,-7.5,92,-2.143331143900431,-0.2479409751843065,0.0992038736843001,-0.3471448488686066,-0.30835445849354315,True,-0.2158481209454802
8,25,-7.5,-7.0,0,-2.143331143900431,,0.0992038736843001,,,True,
8,26,-7.0,-6.5,161,-2.143331143900431,0.0830876244879358,0.0992038736843001,-0.0161162491963643,-0.01431539978221843,True,-0.0100207798475529
8,27,-6.5,-6.0,101,-2.143331143900431,-0.2696607417057681,0.0992038736843001,-0.3688646153900682,-0.3276472317153243,True,-0.229353062200727
8,28,-6.0,-5.5,0,-2.143331143900431,,0.0992038736843001,,,True,
8,29,-5.5,-5.0,2,-2.143331143900431,-1.0246886878085155,0.0992038736843001,-1.123892561492816,-0.998307430841958,True,-0.6988152015893706
8,30,-5.0,-4.5,227,-2.143331143900431,-0.3078665350061438,0.0992038736843001,-0.4070704086904439,-0.36158386290213074,True,-0.2531087040314915
8,31,-4.5,-4.0,78,-2.143331143900431,0.2101488125927611,0.0992038736843001,0.110944938908461,0.995556754209262,True,0.6968897279464834
8,32,-4.0,-3.5,0,-2.143331143900431,,0.0992038736843001,,,True,
8,33,-3.5,-3.0,56,-2.143331143900431,0.1471091626435763,0.0992038736843001,0.0479052889592762,0.34325298742153976,True,0.2402770911950778
8,34,-3.0,-2.5,178,-2.143331143900431,0.1471091626435769,0.0992038736843001,0.0479052889592768,0.34325298742154603,True,0.2402770911950822
8,35,-2.5,-2.0,0,-2.143331143900431,,0.0992038736843001,,,True,
8,36,-2.0,-1.5,0,-2.143331143900431,,0.0992038736843001,,,True,
8,37,-1.5,-1.0,207,-2.143331143900431,0.1178981131751371,0.0992038736843001,0.0186942394908369,0.040991194796661,True,0.0286938363576627
8,38,-1.0,-0.5,0,-2.143331143900431,,0.0992038736843001,,,True,
8,39,-0.5,0.0,72,-2.143331143900431,0.1276465165182953,0.0992038736843001,0.0284426428339952,0.14186295131869114,True,0.0993040659230838
8,40,0.0,0.5,152,-2.143331143900431,0.1276465165182955,0.0992038736843001,0.0284426428339954,0.14186295131869328,True,0.0993040659230853
8,41,0.5,1.0,0,-2.143331143900431,,0.0992038736843001,,,True,
8,42,1.0,1.5,53,-2.143331143900431,-0.9996884029242794,0.0992038736843001,-1.0988922766085796,-0.9761007083951536,True,-0.6832704958766075
8,43,1.5,2.0,192,-2.143331143900431,0.1447494683344413,0.0992038736843001,0.0455455946501412,0.3188360135399103,True,0.2231852094779372
8,44,2.0,2.5,45,-2.143331143900431,-1.1950278493017874,0.0992038736843001,-1.2942317229860876,-1.1496126859067755,True,-0.8047288801347428
8,45,2.5,3.0,0,-2.143331143900431,,0.0992038736843001,,,True,
8,46,3.0,3.5,206,-2.143331143900431,-0.0282741292736598,0.0992038736843001,-0.1274780029579599,-0.11323345485336045,True,-0.0792634183973523
8,47,3.5,4.0,0,-2.143331143900431,,0.0992038736843001,,,True,
8,48,4.0,4.5,15,-2.143331143900431,0.0164352104553431,0.0992038736843001,-0.0827686632289569,-0.07351999147727371,True,-0.0514639940340916
8,49,4.5,5.0,217,-2.143331143900431,0.0164352104553432,0.0992038736843001,-0.0827686632289568,-0.07351999147727357,True,-0.0514639940340915
8,50,5.0,5.5,0,-2.143331143900431,,0.0992038736843001,,,True,
8,51,5.5,6.0,0,-2.143331143900431,,0.0992038736843001,,,True,
8,52,6.0,6.5,254,-2.143331143900431,-0.230217392302471,0.0992038736843001,-0.3294212659867711,-0.2926113304595093,True,-0.2048279313216565
8,53,6.5,7.0,0,-2.143331143900431,,0.0992038736843001,,,True,
8,54,7.0,7.5,39,-2.143331143900431,0.0729052108053897,0.0992038736843001,-0.0262986628789103,-0.02336001809492486,True,-0.0163520126664474
8,55,7.5,8.0,137,-2.143331143900431,0.0729052108053896,0.0992038736843001,-0.0262986628789104,-0.023360018094925,True,-0.0163520126664475
8,56,8.0,8.5,19,-2.143331143900431,-1.0241334071213035,0.0992038736843001,-1.1233372808056037,-0.9978141978984901,True,-0.698469938528943
8,57,8.5,9.0,63,-2.143331143900431,-0.8918336863828822,0.0992038736843001,-0.9910375600671822,-0.8802978099120335,True,-0.6162084669384235
8,58,9.0,9.5,179,-2.143331143900431,0.0177268936937662,0.0992038736843001,-0.0814769799905338,-0.07237264250514501,True,-0.0506608497536015
8,59,9.5,10.0,0,-2.143331143900431,,0.0992038736843001,,,True,
8,60,10.0,10.5,0,-2.143331143900431,,0.0992038736843001,,,True,
8,61,10.5,11.0,151,-2.143331143900431,0.0644591826395331,0.0992038736843001,-0.034744691044767,-0.03086227673419886,True,-0.0216035937139392
8,62,11.0,11.5,67,-2.143331143900431,-0.904061041521361,0.0992038736843001,-1.0032649152056612,-0.8911588654190418,True,-0.6238112057933292
8,63,11.5,12.0,0,-2.143331143900431,,0.0992038736843001,,,True,
8,64,12.0,12.5,226,-2.143331143900431,0.11850460651893,0.0992038736843001,0.0193007328346299,0.047266894185962,True,0.0330868259301734
8,65,12.5,13.0,0,-2.143331143900431,,0.0992038736843001,,,True,
8,66,13.0,13.5,0,-2.143331143900431,,0.0992038736843001,,,True,
8,67,13.5,14.0,0,-2.143331143900431,,0.0992038736843001,,,True,
8,68,14.0,14.5,178,-2.143331143900431,0.0184589124959339,0.0992038736843001,-0.0807449611883661,-0.07172242038004314,True,-0.0502056942660302
8,69,14.5,15.0,0,-2.143331143900431,,0.0992038736843001,,,True,
8,70,15.0,15.5,0,-2.143331143900431,,0.0992038736843001,,,True,
8,71,15.5,16.0,199,-2.143331143900431,-0.0614358165628596,0.0992038736843001,-0.1606396902471597,-0.14268961460949658,True,-0.0998827302266476
8,72,16.0,16.5,79,-2.143331143900431,-0.8735905331998829,0.0992038736843001,-0.972794406884183,-0.8640931689983276,True,-0.6048652182988292
8,73,16.5,17.0,203,-2.143331143900431,0.0987260414371498,0.0992038736843001,-0.0004778322471502,-0.0004244386869081429,True,-0.0002971070808357
8,74,17.0,17.5,11,-2.143331143900431,0.09872604143715,0.0992038736843001,-0.00047783224715,-0.000424438686908,True,-0.0002971070808356
8,75,17.5,18.0,0,-2.143331143900431,,0.0992038736843001,,,True,
8,76,18.0,18.5,221,-2.143331143900431,-0.096215554661924,0.0992038736843001,-0.1954194283462241,-0.17358302219724245,True,-0.1215081155380697
8,77,18.5,19.0,0,-2.143331143900431,,0.0992038736843001,,,True,
8,78,19.0,19.5,10,-2.143331143900431,-0.0340376766337429,0.0992038736843001,-0.133241550318043,-0.11835297637589644,True,-0.0828470834631275
8,79,19.5,20.0,185,-2.143331143900431,-0.0340376766337427,0.0992038736843001,-0.1332415503180428,-0.11835297637589616,True,-0.0828470834631273
9,0,-20.0,-19.5,175,-2.354878901058536,0.3247181797235119,0.1354993587230751,0.1892188210004368,1.0522876958820042,True,0.7366013871174029
9,1,-19.5,-19.0,0,-2.354878901058536,,0.1354993587230751,,,True,
9,2,-19.0,-18.5,181,-2.354878901058536,0.2333704485909276,0.1354993587230751,0.0978710898678525,0.5246940350467652,True,0.3672858245327356
9,3,-18.5,-18.0,80,-2.354878901058536,-0.5283774932079398,0.1354993587230751,-0.663876851931015,-0.8440043102829197,True,-0.5908030171980437
9,4,-18.0,-17.5,124,-2.354878901058536,-0.1006067767316309,0.1354993587230751,-0.2361061354547061,-0.30016801373385116,True,-0.2101176096136958
9,5,-17.5,-17.0,88,-2.354878901058536,-0.1006067767316309,0.1354993587230751,-0.2361061354547061,-0.30016801373385116,True,-0.2101176096136958
9,6,-17.0,-16.5,177,-2.354878901058536,-0.1680963805111632,0.1354993587230751,-0.3035957392342384,-0.38596934318754134,True,-0.2701785402312789
9,7,-16.5,-16.0,32,-2.354878901058536,-1.0840187628706843,0.1354993587230751,-1.2195181215937598,-1.55040584424567,True,-1.085284090971969
9,8,-16.0,-15.5,153,-2.354878901058536,-0.0732364694055364,0.1354993587230751,-0.2087358281286116,-0.2653714135966431,True,-0.1857599895176502
9,9,-15.5,-15.0,0,-2.354878901058536,,0.1354993587230751,,,True,
9,10,-15.0,-14.5,127,-2.354878901058536,0.3895952133859147,0.1354993587230751,0.2540958546628395,1.4269955432438362,True,0.9988968802706852
9,11,-14.5,-14.0,0,-2.354878901058536,,0.1354993587230751,,,True,
9,12,-14.0,-13.5,136,-2.354878901058536,0.2158651614424978,0.1354993587230751,0.0803658027194226,0.4235894053411046,True,0.2965125837387732
9,13,-13.5,-13.0,54,-2.354878901058536,-0.6570169186448811,0.1354993587230751,-0.7925162773679563,-1.0075470354514404,True,-0.7052829248160082
9,14,-13.0,-12.5,148,-2.354878901058536,0.311498652244867,0.1354993587230751,0.1759992935217918,0.9759361673821082,True,0.6831553171674757
9,15,-12.5,-12.0,0,-2.354878901058536,,0.1354993587230751,,,True,
9,16,-12.0,-11.5,137,-2.354878901058536,-0.0153773560051275,0.1354993587230751,-0.1508767147282027,-0.1918135828678686,True,-0.134269508007508
9,17,-11.5,-11.0,119,-2.354878901058536,-0.6885364658126928,0.1354993587230751,-0.824035824535768,-1.0476186746273206,True,-0.7333330722391244
9,18,-11.0,-10.5,135,-2.354878901058536,0.1422255452946746,0.1354993587230751,0.0067261865715994,0.008551179999249144,True,0.0059858259994744
9,19,-10.5,-10.0,0,-2.354878901058536,,0.1354993587230751,,,True,
9,20,-10.0,-9.5,103,-2.354878901058536,0.2051934248816921,0.1354993587230751,0.0696940661586169,0.36195305718252,True,0.253367140027764
9,21,-9.5,-9.0,21,-2.354878901058536,0.2051934248816924,0.1354993587230751,0.0696940661586172,0.3619530571825218,True,0.2533671400277652
9,22,-9.0,-8.5,0,-2.354878901058536,,0.1354993587230751,,,True,
9,23,-8.5,-8.0,116,-2.354878901058536,0.3161280072352181,0.1354993587230751,0.1806286485121429,1.0026737591797656,True,0.7018716314258359
9,24,-8.0,-7.5,120,-2.354878901058536,0.3416206038954287,0.1354993587230751,0.2061212451723535,1.149910392530138,True,0.8049372747710964
9,25,-7.5,-7.0,0,-2.354878901058536,,0.1354993587230751,,,True,
9,26,-7.0,-6.5,154,-2.354878901058536,0.1287731721514756,0.1354993587230751,-0.0067261865715995,-0.008551179999249144,True,-0.0059858259994744
9,27,-6.5,-6.0,41,-2.354878901058536,-0.5976534524176235,0.1354993587230751,-0.7331528111406986,-0.9320766809370368,True,-0.6524536766559257
9,28,-6.0,-5.5,200,-2.354878901058536,-0.1295312263006955,0.1354993587230751,-0.2650305850237707,-0.33694043626649917,True,-0.2358583053865494
9,29,-5.5,-5.0,0,-2.354878901058536,,0.1354993587230751,,,True,
9,30,-5.0,-4.5,145,-2.354878901058536,0.1853894645568097,0.1354993587230751,0.0498901058337345,0.247572067120759,True,0.1733004469845313
9,31,-4.5,-4.0,0,-2.354878901058536,,0.1354993587230751,,,True,
9,32,-4.0,-3.5,173,-2.354878901058536,-0.0269031414537352,0.1354993587230751,-0.1624025001768104,-0.20646662065601543,True,-0.1445266344592108
9,33,-3.5,-3.0,0,-2.354878901058536,,0.1354993587230751,,,True,
9,34,-3.0,-2.5,178,-2.354878901058536,0.1539407904637075,0.1354993587230751,0.0184414317406323,0.065935140976289,True,0.0461545986834023
9,35,-2.5,-2.0,82,-2.354878901058536,-0.669158648717281,0.1354993587230751,-0.8046580074403562,-1.0229831400325686,True,-0.716088198022798
9,36,-2.0,-1.5,85,-2.354878901058536,-0.3276126193305128,0.1354993587230751,-0.463111978053588,-0.5887665829648376,True,-0.4121366080753863
9,37,-1.5,-1.0,61,-2.354878901058536,0.1562024219921394,0.1354993587230751,0.0207030632690642,0.07899756127673314,True,0.0552982928937132
9,38,-1.0,-0.5,99,-2.354878901058536,-0.4687849642704592,0.1354993587230751,-0.6042843229935344,-0.7682427422487331,True,-0.5377699195741131
9,39,-0.5,0.0,86,-2.354878901058536,-0.2444565829518276,0.1354993587230751,-0.3799559416749027,-0.48304810080130134,True,-0.3381336705609109
9,40,0.0,0.5,113,-2.354878901058536,0.2664938264073129,0.1354993587230751,0.1309944676842377,0.7160034846050776,True,0.5012024392235542
9,41,0.5,1.0,0,-2.354878901058536,,0.1354993587230751,,,True,
9,42,1.0,1.5,118,-2.354878901058536,0.2302104801555974,0.1354993587230751,0.0947111214325222,0.5064431240033379,True,0.3545101868023365
9,43,1.5,2.0,47,-2.354878901058536,-0.6541552855651666,0.1354993587230751,-0.7896546442882417,-1.0039089651576771,True,-0.702736275610374
9,44,2.0,2.5,188,-2.354878901058536,-0.0967118732453275,0.1354993587230751,-0.2322112319684027,-0.295216319272726,True,-0.2066514234909082
9,45,2.5,3.0,49,-2.354878901058536,-1.0223011131416817,0.1354993587230751,-1.1578004718647563,-1.4719425535912412,True,-1.0303597875138688
9,46,3.0,3.5,146,-2.354878901058536,0.2133477323143226,0.1354993587230751,0.0778483735912475,0.40904958444835116,True,0.2863347091138458
9,47,3.5,4.0,0,-2.354878901058536,,0.1354993587230751,,,True,
9,48,4.0,4.5,236,-2.354878901058536,9.99848540494952e-05,0.1354993587230751,-0.1353993738690256,-0.17213682751954257,True,-0.1204957792636798
9,49,4.5,5.0,0,-2.354878901058536,,0.1354993587230751,,,True,
9,50,5.0,5.5,149,-2.354878901058536,-0.0306968232523476,0.1354993587230751,-0.1661961819754228,-0.21128962929166428,True,-0.147902740504165
9,51,5.5,6.0,61,-2.354878901058536,0.2682808738712819,0.1354993587230751,0.1327815151482068,0.7263248675437882,True,0.5084274072806517
9,52,6.0,6.5,0,-2.354878901058536,,0.1354993587230751,,,True,
9,53,6.5,7.0,208,-2.354878901058536,0.2748955773761282,0.1354993587230751,0.139396218653053,0.7645291622119963,True,0.5351704135483973
9,54,7.0,7.5,0,-2.354878901058536,,0.1354993587230751,,,True,
9,55,7.5,8.0,143,-2.354878901058536,0.3983044498037175,0.1354993587230751,0.2628050910806424,1.4772971530132017,True,1.0341080071092412
9,56,8.0,8.5,43,-2.354878901058536,0.3983044498037177,0.1354993587230751,0.2628050910806426,1.4772971530132029,True,1.034108007109242
9,57,8.5,9.0,0,-2.354878901058536,,0.1354993587230751,,,True,
9,58,9.0,9.5,159,-2.354878901058536,0.3557746129523882,0.1354993587230751,0.2202752542293131,1.2316591711945784,True,0.8621614198362048
9,59,9.5,10.0,0,-2.354878901058536,,0.1354993587230751,,,True,
9,60,10.0,10.5,164,-2.354878901058536,0.1180256904375625,0.1354993587230751,-0.0174736682855126,-0.02221473953569786,True,-0.0155503176749885
9,61,10.5,11.0,0,-2.354878901058536,,0.1354993587230751,,,True,
9,62,11.0,11.5,112,-2.354878901058536,0.2317906983072222,0.1354993587230751,0.0962913395841471,0.5155699306486393,True,0.3608989514540475
9,63,11.5,12.0,18,-2.354878901058536,0.2317906983072228,0.1354993587230751,0.0962913395841477,0.5155699306486428,True,0.3608989514540499
9,64,12.0,12.5,71,-2.354878901058536,0.117873646719117,0.1354993587230751,-0.0176257120039581,-0.022408036761450145,True,-0.0156856257330151
9,65,12.5,13.0,142,-2.354878901058536,-0.0859374525406243,0.1354993587230751,-0.2214368112636995,-0.2815185114803313,True,-0.1970629580362319
9,66,13.0,13.5,32,-2.354878901058536,-0.3920157562499526,0.1354993587230751,-0.5275151149730278,-0.6706440049560425,True,-0.4694508034692297
9,67,13.5,14.0,166,-2.354878901058536,-0.0670200122243601,0.1354993587230751,-0.2025193709474352,-0.25746826613738033,True,-0.1802277862961662
9,68,14.0,14.5,0,-2.354878901058536,,0.1354993587230751,,,True,
9,69,14.5,15.0,175,-2.354878901058536,-0.2095407839434624,0.1354993587230751,-0.3450401426665376,-0.4386587162726562,True,-0.3070611013908593
9,70,15.0,15.5,9,-2.354878901058536,-0.6621603717475488,0.1354993587230751,-0.797659730470624,-1.0140860442687576,True,-0.7098602309881302
9,71,15.5,16.0,144,-2.354878901058536,-0.166313888411764,0.1354993587230751,-0.3018132471348392,-0.38370321354231846,True,-0.2685922494796229
9,72,16.0,16.5,96,-2.354878901058536,-0.0010317272998372,0.1354993587230751,-0.1365310860229124,-0.17357560330017388,True,-0.1215029223101217
9,73,16.5,17.0,0,-2.354878901058536,,0.1354993587230751,,,True,
9,74,17.0,17.5,217,-2.354878901058536,0.2301288732583351,0.1354993587230751,0.0946295145352599,0.5059717901109446,True,0.3541802530776612
9,75,17.5,18.0,75,-2.354878901058536,-0.8854320948781278,0.1354993587230751,-1.0209314536012029,-1.2979373280398092,True,-0.9085561296278664
9,76,18.0,18.5,3,-2.354878901058536,0.2145970715959868,0.1354993587230751,0.0790977128729116,0.416265346428052,True,0.2913857424996364
9,77,18.5,19.0,156,-2.354878901058536,0.2145970715959864,0.1354993587230751,0.0790977128729112,0.4162653464280497,True,0.2913857424996348
9,78,19.0,19.5,57,-2.354878901058536,-0.6021378406494025,0.1354993587230751,-0.7376371993724776,-0.937777803043636,True,-0.6564444621305452
9,79,19.5,20.0,131,-2.354878901058536,0.2642520319331427,0.1354993587230751,0.1287526732100675,0.7030556364341034,True,0.4921389455038724
10,0,-20.0,-19.5,0,-2.2542520109978783,,0.0546540687245284,,,True,
10,1,-19.5,-19.0,128,-2.2542520109978783,0.2085667165912486,0.0546540687245284,0.1539126478667201,0.7652174796757992,True,0.5356522357730594
10,2,-19.0,-18.5,101,-2.2542520109978783,-0.1595761708125756,0.0546540687245284,-0.2142302395371041,-0.23085289393608288,True,-0.161597025755258
10,3,-18.5,-18.0,0,-2.2542520109978783,,0.0546540687245284,,,True,
10,4,-18.0,-17.5,238,-2.2542520109978783,-0.0981658152994701,0.0546540687245284,-0.1528198840239986,-0.16467755697862815,True,-0.1152742898850397
10,5,-17.5,-17.0,90,-2.2542520109978783,-0.8122614680059803,0.0546540687245284,-0.8669155367305088,-0.9341816584102198,True,-0.6539271608871539
10,6,-17.0,-16.5,173,-2.2542520109978783,0.2559558620178446,0.0546540687245284,0.2013017932933161,1.0135601954685935,True,0.7094921368280155
10,7,-16.5,-16.0,11,-2.2542520109978783,0.2559558620178452,0.0546540687245284,0.2013017932933167,1.0135601954685969,True,0.7094921368280177
10,8,-16.0,-15.5,0,-2.2542520109978783,,0.0546540687245284,,,True,
10,9,-15.5,-15.0,103,-2.2542520109978783,0.1142056331459731,0.0546540687245284,0.0595515644214446,0.2707184226238327,True,0.1895028958366829
10,10,-15.0,-14.5,82,-2.2542520109978783,0.1142056331459731,0.0546540687245284,0.0595515644214446,0.2707184226238327,True,0.1895028958366829
10,11,-14.5,-14.0,0,-2.2542520109978783,,0.0546540687245284,,,True,
10,12,-14.0,-13.5,120,-2.2542520109978783,0.1414988274594084,0.0546540687245284,0.0868447587348799,0.4137483493600713,True,0.2896238445520499
10,13,-13.5,-13.0,64,-2.2542520109978783,0.1414988274594087,0.0546540687245284,0.0868447587348802,0.4137483493600729,True,0.289623844552051
10,14,-13.0,-12.5,0,-2.2542520109978783,,0.0546540687245284,,,True,
10,15,-12.5,-12.0,166,-2.2542520109978783,-0.0085742343956046,0.0546540687245284,-0.0632283031201331,-0.06813434361782757,True,-0.0476940405324793
10,16,-12.0,-11.5,57,-2.2542520109978783,0.2796710279211839,0.0546540687245284,0.2250169591966554,1.1378394719335927,True,0.7964876303535148
10,17,-11.5,-11.0,0,-2.2542520109978783,,0.0546540687245284,,,True,
10,18,-11.0,-10.5,112,-2.2542520109978783,0.0546540687245284,0.0546540687245284,0.0,0.0,True,0.0
10,19,-10.5,-10.0,79,-2.2542520109978783,0.0546540687245284,0.0546540687245284,0.0,0.0,True,0.0
10,20,-10.0,-9.5,0,-2.2542520109978783,,0.0546540687245284,,,True,
10,21,-9.5,-9.0,126,-2.2542520109978783,0.0440817210024837,0.0546540687245284,-0.0105723477220447,-0.011392682343100572,True,-0.0079748776401704
10,22,-9.0,-8.5,183,-2.2542520109978783,0.0440817210024837,0.0546540687245284,-0.0105723477220447,-0.011392682343100572,True,-0.0079748776401704
10,23,-8.5,-8.0,0,-2.2542520109978783,,0.0546540687245284,,,True,
10,24,-8.0,-7.5,120,-2.2542520109978783,-0.1696309633845209,0.0546540687245284,-0.2242850321090494,-0.2416878627442963,True,-0.1691815039210074
10,25,-7.5,-7.0,148,-2.2542520109978783,0.3034548997475431,0.0546540687245284,0.2488008310230146,1.2624788016420128,True,0.8837351611494089
10,26,-7.0,-6.5,50,-2.2542520109978783,-0.9426567158364486,0.0546540687245284,-0.9973107845609772,-1.0746945961832404,True,-0.7522862173282682
10,27,-6.5,-6.0,0,-2.2542520109978783,,0.0546540687245284,,,True,
10,28,-6.0,-5.5,35,-2.2542520109978783,0.2533682843108725,0.0546540687245284,0.198714215586344,0.9999999999999981,True,0.6999999999999986
10,29,-5.5,-5.0,143,-2.2542520109978783,0.2533682843108729,0.0546540687245284,0.1987142155863444,1.0000000000000002,True,0.7000000000000001
10,30,-5.0,-4.5,0,-2.2542520109978783,,0.0546540687245284,,,True,
10,31,-4.5,-4.0,0,-2.2542520109978783,,0.0546540687245284,,,True,
10,32,-4.0,-3.5,198,-2.2542520109978783,-0.0804526825122373,0.0546540687245284,-0.1351067512367658,-0.14559001838724,True,-0.101913012871068
10,33,-3.5,-3.0,2,-2.2542520109978783,-0.746864989189266,0.0546540687245284,-0.8015190579137945,-0.8637109049783567,True,-0.6045976334848496
10,34,-3.0,-2.5,111,-2.2542520109978783,0.1605832947805885,0.0546540687245284,0.10592922605606,0.5137604597565754,True,0.3596323218296027
10,35,-2.5,-2.0,137,-2.2542520109978783,0.1605832947805888,0.0546540687245284,0.1059292260560603,0.5137604597565769,True,0.3596323218296038
10,36,-2.0,-1.5,28,-2.2542520109978783,-0.8868456940882653,0.0546540687245284,-0.9414997628127938,-1.0145530591530942,True,-0.7101871414071659
10,37,-1.5,-1.0,82,-2.2542520109978783,-0.8915253442575309,0.0546540687245284,-0.9461794129820594,-1.0195958149587998,True,-0.7137170704711598
10,38,-1.0,-0.5,216,-2.2542520109978783,0.2190579373639513,0.0546540687245284,0.1644038686394228,0.8201966998162101,True,0.5741376898713471
10,39,-0.5,0.0,57,-2.2542520109978783,-0.7517940906533862,0.0546540687245284,-0.8064481593779147,-0.8690224676221525,True,-0.6083157273355068
10,40,0.0,0.5,43,-2.2542520109978783,-1.0436837496956075,0.0546540687245284,-1.0983378184201362,-1.1835605675911942,True,-0.8284923973138358
10,41,0.5,1.0,141,-2.2542520109978783,-0.2090284322456846,0.0546540687245284,-0.263682500970213,-0.2841422787035384,True,-0.1988995950924769
10,42,1.0,1.5,142,-2.2542520109978783,-0.2106471681412367,0.0546540687245284,-0.2653012368657652,-0.28588661632279283,True,-0.200120631425955
10,43,1.5,2.0,0,-2.2542520109978783,,0.0546540687245284,,,True,
10,44,2.0,2.5,24,-2.2542520109978783,0.3039881152955097,0.0546540687245284,0.2493340465709812,1.2652731165867734,True,0.8856911816107413
10,45,2.5,3.0,212,-2.2542520109978783,0.3039881152955103,0.0546540687245284,0.2493340465709818,1.2652731165867765,True,0.8856911816107434
10,46,3.0,3.5,107,-2.2542520109978783,-0.9732393266815376,0.0546540687245284,-1.027893395406066,-1.107650187480551,True,-0.7753551312363857
10,47,3.5,4.0,32,-2.2542520109978783,0.0490161554358677,0.0546540687245284,-0.0056379132886607,-0.006075372931759143,True,-0.0042527610522314
10,48,4.0,4.5,207,-2.2542520109978783,0.2849212666937296,0.0546540687245284,0.2302671979692011,1.165353337051803,True,0.815747335936262
10,49,4.5,5.0,0,-2.2542520109978783,,0.0546540687245284,,,True,
10,50,5.0,5.5,0,-2.2542520109978783,,0.0546540687245284,,,True,
10,51,5.5,6.0,111,-2.2542520109978783,0.2077013714436023,0.0546540687245284,0.1530473027190738,0.7606826402704869,True,0.5324778481893409
10,52,6.0,6.5,29,-2.2542520109978783,0.2077013714436023,0.0546540687245284,0.1530473027190738,0.7606826402704869,True,0.5324778481893409
10,53,6.5,7.0,0,-2.2542520109978783,,0.0546540687245284,,,True,
10,54,7.0,7.5,67,-2.2542520109978783,0.2258473845358906,0.0546540687245284,0.1711933158113621,0.8557767832769434,True,0.5990437482938603
10,55,7.5,8.0,103,-2.2542520109978783,0.2258473845358902,0.0546540687245284,0.1711933158113617,0.8557767832769413,True,0.5990437482938589
10,56,8.0,8.5,0,-2.2542520109978783,,0.0546540687245284,,,True,
10,57,8.5,9.0,80,-2.2542520109978783,-1.0297028247466922,0.0546540687245284,-1.0843568934712209,-1.1684948280796568,True,-0.8179463796557597
10,58,9.0,9.5,188,-2.2542520109978783,0.0355121838263646,0.0546540687245284,-0.0191418848981638,-0.020627151114057142,True,-0.01443900577984
10,59,9.5,10.0,0,-2.2542520109978783,,0.0546540687245284,,,True,
10,60,10.0,10.5,46,-2.2542520109978783,-0.5388785643809737,0.0546540687245284,-0.5935326331055022,-0.6395862988062301,True,-0.447710409164361
10,61,10.5,11.0,65,-2.2542520109978783,0.0334281514318377,0.0546540687245284,-0.0212259172926907,-0.022872888739019003,True,-0.0160110221173133
10,62,11.0,11.5,131,-2.2542520109978783,-0.0132955070035929,0.0546540687245284,-0.0679495757281214,-0.07322195145027129,True,-0.0512553660151899
10,63,11.5,12.0,94,-2.2542520109978783,-0.2925763121922963,0.0546540687245284,-0.3472303809168248,-0.374172845394658,True,-0.2619209917762606
10,64,12.0,12.5,86,-2.2542520109978783,-0.7003065985257158,0.0546540687245284,-0.7549606672502442,-0.8135399335743607,True,-0.5694779535020524
10,65,12.5,13.0,176,-2.2542520109978783,-0.1271363804514928,0.0546540687245284,-0.1817904491760213,-0.19589601996853656,True,-0.1371272139779756
10,66,13.0,13.5,56,-2.2542520109978783,-0.6169150048896761,0.0546540687245284,-0.6715690736142046,-0.7236777798353814,True,-0.506574445884767
10,67,13.5,14.0,14,-2.2542520109978783,-0.4607032084693013,0.0546540687245284,-0.5153572771938298,-0.5553451235842459,True,-0.3887415865089721
10,68,14.0,14.5,205,-2.2542520109978783,-0.281994134499649,0.0546540687245284,-0.3366482032241775,-0.36276957034921165,True,-0.2539386992444481
10,69,14.5,15.0,11,-2.2542520109978783,-0.7382227251362591,0.0546540687245284,-0.7928767938607876,-0.8543980662721716,True,-0.5980786463905201
10,70,15.0,15.5,50,-2.2542520109978783,-0.3492617327148635,0.0546540687245284,-0.403915801439392,-0.43525662796379444,True,-0.3046796395746561
10,71,15.5,16.0,78,-2.2542520109978783,-0.3492617327148641,0.0546540687245284,-0.4039158014393926,-0.435256627963795,True,-0.3046796395746565
10,72,16.0,16.5,114,-2.2542520109978783,0.1233909961994226,0.0546540687245284,0.0687369274748941,0.3188542981645683,True,0.2231980087151978
10,73,16.5,17.0,0,-2.2542520109978783,,0.0546540687245284,,,True,
10,74,17.0,17.5,70,-2.2542520109978783,-0.6383077739247087,0.0546540687245284,-0.6929618426492372,-0.7467304667563057,True,-0.522711326729414
10,75,17.5,18.0,149,-2.2542520109978783,-0.0733466159096281,0.0546540687245284,-0.1280006846341566,-0.13793257449295374,True,-0.0965528021450676
10,76,18.0,18.5,57,-2.2542520109978783,-1.0309426891973958,0.0546540687245284,-1.0855967579219243,-1.1698308966811382,True,-0.8188816276767966
10,77,18.5,19.0,59,-2.2542520109978783,-0.5719543088968768,0.0546540687245284,-0.6266083776214053,-0.6752284721851395,True,-0.4726599305295976
10,78,19.0,19.5,218,-2.2542520109978783,-0.3266048022475307,0.0546540687245284,-0.3812588709720592,-0.4108416901968669,True,-0.2875891831378068
10,79,19.5,20.0,76,-2.2542520109978783,-0.908749238841722,0.0546540687245284,-0.9634033075662504,-1.038156154144351,True,-0.7267093079010456
11,0,-20.0,-19.5,186,-2.470152475439302,0.3964843829031049,0.0789314040285961,0.3175529788745087,1.8812952878229667,True,1.3169067014760767
11,1,-19.5,-19.0,0,-2.470152475439302,,0.0789314040285961,,,True,
11,2,-19.0,-18.5,194,-2.470152475439302,0.3370305420814081,0.0789314040285961,0.2580991380528119,1.5085695552034584,True,1.0559986886424209
11,3,-18.5,-18.0,0,-2.470152475439302,,0.0789314040285961,,,True,
11,4,-18.0,-17.5,176,-2.470152475439302,0.3178728210162807,0.0789314040285961,0.2389414169876845,1.3884667070000174,True,0.971926694900012
11,5,-17.5,-17.0,0,-2.470152475439302,,0.0789314040285961,,,True,
11,6,-17.0,-16.5,26,-2.470152475439302,0.1653709585896221,0.0789314040285961,0.0864395545610259,0.43240789543754476,True,0.3026855268062813
11,7,-16.5,-16.0,220,-2.470152475439302,-0.0029913814612022,0.0789314040285961,-0.0819227854897984,-0.1119424709575893,True,-0.0783597296703125
11,8,-16.0,-15.5,0,-2.470152475439302,,0.0789314040285961,,,True,
11,9,-15.5,-15.0,216,-2.470152475439302,0.0861682258459273,0.0789314040285961,0.0072368218173311,0.009888673966203286,True,0.0069220717763423
11,10,-15.0,-14.5,0,-2.470152475439302,,0.0789314040285961,,,True,
11,11,-14.5,-14.0,168,-2.470152475439302,0.0351552378580918,0.0789314040285961,-0.0437761661705043,-0.05981745104097458,True,-0.0418722157286822
11,12,-14.0,-13.5,60,-2.470152475439302,-0.6291778147765817,0.0789314040285961,-0.708109218805178,-0.9675878961753671,True,-0.6773115273227569
11,13,-13.5,-13.0,132,-2.470152475439302,0.1555879110896554,0.0789314040285961,0.0766565070610592,0.371076390251662,True,0.2597534731761634
11,14,-13.0,-12.5,0,-2.470152475439302,,0.0789314040285961,,,True,
11,15,-12.5,-12.0,114,-2.470152475439302,0.1367392471794919,0.0789314040285961,0.0578078431508957,0.25291107127952317,True,0.1770377498956662
11,16,-12.0,-11.5,17,-2.470152475439302,0.1367392471794923,0.0789314040285961,0.0578078431508961,0.25291107127952556,True,0.1770377498956679
11,17,-11.5,-11.0,59,-2.470152475439302,-0.6856919341144232,0.0789314040285961,-0.7646233381430194,-1.0448109803862653,True,-0.7313676862703856
11,18,-11.0,-10.5,156,-2.470152475439302,0.2553600262994208,0.0789314040285961,0.1764286222708246,0.9965638982510906,True,0.6975947287757633
11,19,-10.5,-10.0,0,-2.470152475439302,,0.0789314040285961,,,True,
11,20,-10.0,-9.5,198,-2.470152475439302,0.2608409853142725,0.0789314040285961,0.1819095812856763,1.030924915740184,True,0.7216474410181288
11,21,-9.5,-9.0,0,-2.470152475439302,,0.0789314040285961,,,True,
11,22,-9.0,-8.5,150,-2.470152475439302,-0.1432537189455874,0.0789314040285961,-0.2221851229741836,-0.30360236809627517,True,-0.2125216576673926
11,23,-8.5,-8.0,46,-2.470152475439302,0.2616148871932952,0.0789314040285961,0.1826834831646989,1.035776631640245,True,0.7250436421481714
11,24,-8.0,-7.5,44,-2.470152475439302,-0.6492541668461271,0.0789314040285961,-0.7281855708747234,-0.9950210021793039,True,-0.6965147015255126
11,25,-7.5,-7.0,70,-2.470152475439302,0.218248294565694,0.0789314040285961,0.1393168905370978,0.7639044567741992,True,0.5347331197419394
11,26,-7.0,-6.5,81,-2.470152475439302,0.218248294565694,0.0789314040285961,0.1393168905370978,0.7639044567741992,True,0.5347331197419394
11,27,-6.5,-6.0,0,-2.470152475439302,,0.0789314040285961,,,True,
11,28,-6.0,-5.5,163,-2.470152475439302,0.0107892281737269,0.0789314040285961,-0.0681421758548692,-0.0931121115574193,True,-0.0651784780901935
11,29,-5.5,-5.0,96,-2.470152475439302,-0.7622862885058903,0.0789314040285961,-0.8412176925344865,-1.149472476461125,True,-0.8046307335227875
11,30,-5.0,-4.5,0,-2.470152475439302,,0.0789314040285961,,,True,
11,31,-4.5,-4.0,76,-2.470152475439302,-0.234120566725126,0.0789314040285961,-0.3130519707537222,-0.4277663526062423,True,-0.2994364468243696
11,32,-4.0,-3.5,0,-2.470152475439302,,0.0789314040285961,,,True,
11,33,-3.5,-3.0,0,-2.470152475439302,,0.0789314040285961,,,True,
11,34,-3.0,-2.5,0,-2.470152475439302,,0.0789314040285961,,,True,
11,35,-2.5,-2.0,204,-2.470152475439302,0.0565977659167397,0.0789314040285961,-0.0223336381118564,-0.030517549186912286,True,-0.0213622844308386
11,36,-2.0,-1.5,0,-2.470152475439302,,0.0789314040285961,,,True,
11,37,-1.5,-1.0,138,-2.470152475439302,0.1012650421404526,0.0789314040285961,0.0223336381118564,0.030517549186912286,True,0.0213622844308386
11,38,-1.0,-0.5,87,-2.470152475439302,0.1012650421404526,0.0789314040285961,0.0223336381118564,0.030517549186912286,True,0.0213622844308386
11,39,-0.5,0.0,72,-2.470152475439302,-0.3675019503298032,0.0789314040285961,-0.4464333543583995,-0.6100238475288117,True,-0.4270166932701681
11,40,0.0,0.5,203,-2.470152475439302,-0.2349642283721346,0.0789314040285961,-0.3138956324007308,-0.4289191645968704,True,-0.3002434152178093
11,41,0.5,1.0,0,-2.470152475439302,,0.0789314040285961,,,True,
11,42,1.0,1.5,0,-2.470152475439302,,0.0789314040285961,,,True,
11,43,1.5,2.0,0,-2.470152475439302,,0.0789314040285961,,,True,
11,44,2.0,2.5,194,-2.470152475439302,0.0881372910552573,0.0789314040285961,0.0092058870266611,0.012579281026146001,True,0.0088054967183022
11,45,2.5,3.0,85,-2.470152475439302,-0.4606525131633091,0.0789314040285961,-0.5395839171919052,-0.7373083888481657,True,-0.516115872193716
11,46,3.0,3.5,198,-2.470152475439302,0.4026074169558459,0.0789314040285961,0.3236760129272497,1.9196815774490064,True,1.3437771042143043
11,47,3.5,4.0,0,-2.470152475439302,,0.0789314040285961,,,True,
11,48,4.0,4.5,64,-2.470152475439302,-0.704942313788621,0.0789314040285961,-0.7838737178172173,-1.071115445679011,True,-0.7497808119753077
11,49,4.5,5.0,74,-2.470152475439302,-0.6786260370185797,0.0789314040285961,-0.7575574410471759,-1.0351558645877519,True,-0.7246091052114263
11,50,5.0,5.5,221,-2.470152475439302,0.2184260942979883,0.0789314040285961,0.1394946902693921,0.7650191120187222,True,0.5355133784131055
11,51,5.5,6.0,0,-2.470152475439302,,0.0789314040285961,,,True,
11,52,6.0,6.5,35,-2.470152475439302,0.4143386380409594,0.0789314040285961,0.3354072340123633,1.9932264975591076,True,1.3952585482913753
11,53,6.5,7.0,171,-2.470152475439302,0.4143386380409594,0.0789314040285961,0.3354072340123633,1.9932264975591076,True,1.3952585482913753
11,54,7.0,7.5,18,-2.470152475439302,-0.6482408700555771,0.0789314040285961,-0.7271722740841733,-0.9936363941502996,True,-0.6955454759052097
11,55,7.5,8.0,131,-2.470152475439302,-0.132573235409819,0.0789314040285961,-0.2115046394384152,-0.2890081412170554,True,-0.2023056988519388
11,56,8.0,8.5,160,-2.470152475439302,0.2273950845764488,0.0789314040285961,0.1484636805478527,0.8212471609755948,True,0.5748730126829164
11,57,8.5,9.0,188,-2.470152475439302,-0.5968917344459566,0.0789314040285961,-0.6758231384745528,-0.9234709439973253,True,-0.6464296607981277
11,58,9.0,9.5,77,-2.470152475439302,-0.6037387790617923,0.0789314040285961,-0.6826701830903885,-0.9328270112803274,True,-0.6529789078962291
11,59,9.5,10.0,250,-2.470152475439302,0.2233047716141123,0.0789314040285961,0.1443733675855162,0.7956043282425147,True,0.5569230297697603
11,60,10.0,10.5,75,-2.470152475439302,-0.4339996231913586,0.0789314040285961,-0.5129310272199548,-0.700888846424374,True,-0.4906221924970618
11,61,10.5,11.0,69,-2.470152475439302,-0.6542203321004159,0.0789314040285961,-0.7331517361290121,-1.001806962964512,True,-0.7012648740751585
11,62,11.0,11.5,261,-2.470152475439302,0.0923873285295372,0.0789314040285961,0.013455924500941,0.018386697042200428,True,0.0128706879295403
11,63,11.5,12.0,0,-2.470152475439302,,0.0789314040285961,,,True,
11,64,12.0,12.5,52,-2.470152475439302,-0.5102477003288008,0.0789314040285961,-0.5891791043573971,-0.8050771758311306,True,-0.5635540230817914
11,65,12.5,13.0,182,-2.470152475439302,0.315308193232118,0.0789314040285961,0.2363767892035218,1.3723886411166848,True,0.9606720487816792
11,66,13.0,13.5,10,-2.470152475439302,0.3153081932321166,0.0789314040285961,0.2363767892035204,1.3723886411166761,True,0.9606720487816732
11,67,13.5,14.0,98,-2.470152475439302,-0.7779416274097711,0.0789314040285961,-0.8568730314383673,-1.1708645386340737,True,-0.8196051770438515
11,68,14.0,14.5,0,-2.470152475439302,,0.0789314040285961,,,True,
11,69,14.5,15.0,111,-2.470152475439302,-0.1604850590035664,0.0789314040285961,-0.2394164630321626,-0.3271479393615596,True,-0.2290035575530917
11,70,15.0,15.5,104,-2.470152475439302,-0.5412948195398161,0.0789314040285961,-0.6202262235684123,-0.8475011634899571,True,-0.5932508144429699
11,71,15.5,16.0,0,-2.470152475439302,,0.0789314040285961,,,True,
11,72,16.0,16.5,41,-2.470152475439302,-0.5956736249460138,0.0789314040285961,-0.67460502897461,-0.9218064719398232,True,-0.6452645303578762
11,73,16.5,17.0,138,-2.470152475439302,-0.066441713890751,0.0789314040285961,-0.1453731179193472,-0.198643465714764,True,-0.1390504260003348
11,74,17.0,17.5,26,-2.470152475439302,-0.0567411859629478,0.0789314040285961,-0.135672589991544,-0.1853882881797347,True,-0.1297718017258143
11,75,17.5,18.0,143,-2.470152475439302,-0.0567411859629478,0.0789314040285961,-0.135672589991544,-0.1853882881797347,True,-0.1297718017258143
11,76,18.0,18.5,12,-2.470152475439302,-0.7233179899935109,0.0789314040285961,-0.8022493940221072,-1.0962246822313753,True,-0.7673572775619627
11,77,18.5,19.0,49,-2.470152475439302,-0.7095040790240011,0.0789314040285961,-0.7884354830525974,-1.0773488185962499,True,-0.7541441730173749
11,78,19.0,19.5,159,-2.470152475439302,-0.0026033742128636,0.0789314040285961,-0.0815347782414598,-0.11141228280701815,True,-0.0779885979649127
11,79,19.5,20.0,0,-2.470152475439302,,0.0789314040285961,,,True,
12,0,-20.0,-19.5,123,-2.2172681766294087,-0.9288327751258496,0.1767733008081078,-1.1056060759339574,-1.1647811795816498,True,-0.8153468257071548
12,1,-19.5,-19.0,86,-2.2172681766294087,-0.9703506154545488,0.1767733008081078,-1.1471239162626563,-1.2085211698769212,True,-0.8459648189138448
12,2,-19.0,-18.5,85,-2.2172681766294087,-0.4432021636975055,0.1767733008081078,-0.6199754645056134,-0.653158270904497,True,-0.4572107896331478
12,3,-18.5,-18.0,153,-2.2172681766294087,0.1579473016749627,0.1767733008081078,-0.018825999133145,-0.019833618821770573,True,-0.0138835331752394
12,4,-18.0,-17.5,165,-2.2172681766294087,-0.0796113161650804,0.1767733008081078,-0.2563846169731882,-0.27010703277146075,True,-0.1890749229400225
12,5,-17.5,-17.0,130,-2.2172681766294087,0.1336348485711909,0.1767733008081078,-0.0431384522369169,-0.045447341847680005,True,-0.031813139293376
12,6,-17.0,-16.5,110,-2.2172681766294087,0.309575621550885,0.1767733008081078,0.1328023207427772,1.4898710219696432,True,1.04290971537875
12,7,-16.5,-16.0,207,-2.2172681766294087,0.3095756215508847,0.1767733008081078,0.1328023207427769,1.4898710219696394,True,1.0429097153787474
12,8,-16.0,-15.5,54,-2.2172681766294087,-1.0403123423363927,0.1767733008081078,-1.2170856431445003,-1.2822274424244604,True,-0.8975592096971222
12,9,-15.5,-15.0,44,-2.2172681766294087,-1.3782778653117644,0.1767733008081078,-1.5550511661198725,-1.6382818175568,True,-1.14679727228976
12,10,-15.0,-14.5,53,-2.2172681766294087,-0.6631115683861939,0.1767733008081078,-0.8398848691943017,-0.8848378368638372,True,-0.619386485804686
12,11,-14.5,-14.0,175,-2.2172681766294087,-0.1646543626375765,0.1767733008081078,-0.3414276634456843,-0.3597018189630737,True,-0.2517912732741516
12,12,-14.0,-13.5,0,-2.2172681766294087,,0.1767733008081078,,,True,
12,13,-13.5,-13.0,7,-2.2172681766294087,-0.0531779574227557,0.1767733008081078,-0.2299512582308635,-0.24225888735476614,True,-0.1695812211483363
12,14,-13.0,-12.5,149,-2.2172681766294087,-0.0531779574227559,0.1767733008081078,-0.2299512582308637,-0.24225888735476642,True,-0.1695812211483365
12,15,-12.5,-12.0,94,-2.2172681766294087,-0.7794154848465461,0.1767733008081078,-0.956188785654654,-1.0073666615089243,True,-0.705156663056247
12,16,-12.0,-11.5,217,-2.2172681766294087,-0.1353577559710077,0.1767733008081078,-0.3121310567791155,-0.3288371766518423,True,-0.2301860236562896
12,17,-11.5,-11.0,16,-2.2172681766294087,-0.1353577559710084,0.1767733008081078,-0.3121310567791162,-0.32883717665184303,True,-0.2301860236562901
12,18,-11.0,-10.5,178,-2.2172681766294087,0.1767733008081078,0.1767733008081078,0.0,0.0,True,0.0
12,19,-10.5,-10.0,0,-2.2172681766294087,,0.1767733008081078,,,True,
12,20,-10.0,-9.5,240,-2.2172681766294087,0.2186335597226617,0.1767733008081078,0.0418602589145539,0.4370124171438277,True,0.3059086920006794
12,21,-9.5,-9.0,14,-2.2172681766294087,0.2186335597226621,0.1767733008081078,0.0418602589145543,0.4370124171438323,True,0.3059086920006826
12,22,-9.0,-8.5,0,-2.2172681766294087,,0.1767733008081078,,,True,
12,23,-8.5,-8.0,182,-2.2172681766294087,0.2308741167424224,0.1767733008081078,0.0541008159343145,0.5787243546899412,True,0.4051070482829588
12,24,-8.0,-7.5,20,-2.2172681766294087,0.2308741167424228,0.1767733008081078,0.054100815934315,0.578724354689947,True,0.4051070482829629
12,25,-7.5,-7.0,121,-2.2172681766294087,0.2302638045394617,0.1767733008081078,0.0534905037313538,0.5716586202915821,True,0.4001610342041075
12,26,-7.0,-6.5,96,-2.2172681766294087,0.2302638045394617,0.1767733008081078,0.0534905037313539,0.5716586202915835,True,0.4001610342041084
12,27,-6.5,-6.0,78,-2.2172681766294087,-0.7619344638050214,0.1767733008081078,-0.9387077646131292,-0.9889500077366135,True,-0.6922650054156294
12,28,-6.0,-5.5,156,-2.2172681766294087,-0.1185874929462947,0.1767733008081078,-0.2953607937544025,-0.3111693226367323,True,-0.2178185258457126
12,29,-5.5,-5.0,94,-2.2172681766294087,0.2785181209681734,0.1767733008081078,0.1017448201600656,1.130310703283942,True,0.7912174922987593
12,30,-5.0,-4.5,42,-2.2172681766294087,-0.8390735535285107,0.1767733008081078,-1.0158468543366184,-1.0702177954919223,True,-0.7491524568443455
12,31,-4.5,-4.0,320,-2.2172681766294087,-0.0938287802132196,0.1767733008081078,-0.2706020810213274,-0.285085454928432,True,-0.1995598184499024
12,32,-4.0,-3.5,103,-2.2172681766294087,-1.1524524173249566,0.1767733008081078,-1.3292257181330644,-1.4003695652535293,True,-0.9802586956774704
12,33,-3.5,-3.0,89,-2.2172681766294087,0.2503787203387601,0.1767733008081078,0.0736054195306522,0.8045339450740862,True,0.5631737615518603
12,34,-3.0,-2.5,242,-2.2172681766294087,0.2503787203387593,0.1767733008081078,0.0736054195306515,0.804533945074078,True,0.5631737615518546
12,35,-2.5,-2.0,0,-2.2172681766294087,,0.1767733008081078,,,True,
12,36,-2.0,-1.5,268,-2.2172681766294087,0.2883045834031894,0.1767733008081078,0.1115312825950815,1.2436109845660337,True,0.8705276891962235
12,37,-1.5,-1.0,23,-2.2172681766294087,0.2883045834031907,0.1767733008081078,0.1115312825950829,1.24361098456605,True,0.8705276891962349
12,38,-1.0,-0.5,202,-2.2172681766294087,0.2013919286516666,0.1767733008081078,0.0246186278435588,0.2374018159610903,True,0.1661812711727632
12,39,-0.5,0.0,0,-2.2172681766294087,,0.1767733008081078,,,True,
12,40,0.0,0.5,35,-2.2172681766294087,0.2165334822737319,0.1767733008081078,0.0397601814656241,0.41269930428431484,True,0.2888895129990204
12,41,0.5,1.0,248,-2.2172681766294087,0.2165334822737321,0.1767733008081078,0.0397601814656242,0.41269930428431606,True,0.2888895129990212
12,42,1.0,1.5,0,-2.2172681766294087,,0.1767733008081078,,,True,
12,43,1.5,2.0,233,-2.2172681766294087,0.2630712223930014,0.1767733008081078,0.0862979215848936,0.9514781613798369,True,0.6660347129658858
12,44,2.0,2.5,71,-2.2172681766294087,0.2630712223930003,0.1767733008081078,0.0862979215848925,0.9514781613798241,True,0.6660347129658768
12,45,2.5,3.0,17,-2.2172681766294087,0.2020201880992496,0.1767733008081078,0.0252468872911418,0.24467533002216688,True,0.1712727310155168
12,46,3.0,3.5,272,-2.2172681766294087,0.2020201880992489,0.1767733008081078,0.0252468872911411,0.24467533002215874,True,0.1712727310155111
12,47,3.5,4.0,0,-2.2172681766294087,,0.1767733008081078,,,True,
12,48,4.0,4.5,120,-2.2172681766294087,0.1105259396796926,0.1767733008081078,-0.0662473611284151,-0.06979310363697401,True,-0.0488551725458818
12,49,4.5,5.0,202,-2.2172681766294087,0.1105259396796928,0.1767733008081078,-0.0662473611284149,-0.06979310363697372,True,-0.0488551725458816
12,50,5.0,5.5,0,-2.2172681766294087,,0.1767733008081078,,,True,
12,51,5.5,6.0,257,-2.2172681766294087,0.2389173642390303,0.1767733008081078,0.0621440634309225,0.6718430081194516,True,0.4702901056836161
12,52,6.0,6.5,0,-2.2172681766294087,,0.1767733008081078,,,True,
12,53,6.5,7.0,252,-2.2172681766294087,0.1156667797153626,0.1767733008081078,-0.0611065210927451,-0.06437711158417171,True,-0.0450639781089202
12,54,7.0,7.5,145,-2.2172681766294087,-0.3996366815481712,0.1767733008081078,-0.576409982356279,-0.607261043319094,True,-0.4250827303233658
12,55,7.5,8.0,136,-2.2172681766294087,-0.3788868033857143,0.1767733008081078,-0.5556601041938221,-0.5854005741263706,True,-0.4097804018884594
12,56,8.0,8.5,286,-2.2172681766294087,0.1189755553920295,0.1767733008081078,-0.0577977454160782,-0.060891241056204866,True,-0.0426238687393434
12,57,8.5,9.0,7,-2.2172681766294087,-0.4579372476096717,0.1767733008081078,-0.6347105484177795,-0.668682017376267,True,-0.4680774121633869
12,58,9.0,9.5,0,-2.2172681766294087,,0.1767733008081078,,,True,
12,59,9.5,10.0,186,-2.2172681766294087,0.2713730681330945,0.1767733008081078,0.0945997673249867,1.0475906702418358,True,0.733313469169285
12,60,10.0,10.5,119,-2.2172681766294087,0.2713730681330946,0.1767733008081078,0.0945997673249867,1.0475906702418358,True,0.733313469169285
12,61,10.5,11.0,57,-2.2172681766294087,-1.1893958097700903,0.1767733008081078,-1.3661691105781983,-1.439290270527006,True,-1.0075031893689042
12,62,11.0,11.5,0,-2.2172681766294087,,0.1767733008081078,,,True,
12,63,11.5,12.0,0,-2.2172681766294087,,0.1767733008081078,,,True,
12,64,12.0,12.5,44,-2.2172681766294087,-0.5284212627114058,0.1767733008081078,-0.7051945635195136,-0.7429385324578219,True,-0.5200569727204754
12,65,12.5,13.0,0,-2.2172681766294087,,0.1767733008081078,,,True,
12,66,13.0,13.5,43,-2.2172681766294087,-0.3538755420871377,0.1767733008081078,-0.5306488428952455,-0.5590506407528849,True,-0.3913354485270194
12,67,13.5,14.0,18,-2.2172681766294087,-0.8687350319091874,0.1767733008081078,-1.0455083327172952,-1.1014668384633939,True,-0.7710267869243757
12,68,14.0,14.5,90,-2.2172681766294087,-0.8256868643448041,0.1767733008081078,-1.002460165152912,-1.0561146135743311,True,-0.7392802295020318
12,69,14.5,15.0,31,-2.2172681766294087,-1.2023712622066602,0.1767733008081078,-1.379144563014768,-1.452960205166164,True,-1.0170721436163148
12,70,15.0,15.5,29,-2.2172681766294087,-1.301815632882026,0.1767733008081078,-1.478588933690134,-1.5577271143749072,True,-1.090408980062435
12,71,15.5,16.0,42,-2.2172681766294087,-1.183744102451832,0.1767733008081078,-1.36051740325994,-1.433336068157731,True,-1.0033352477104116
12,72,16.0,16.5,95,-2.2172681766294087,-0.5142010675394835,0.1767733008081078,-0.6909743683475913,-0.7279572329997477,True,-0.5095700630998233
12,73,16.5,17.0,80,-2.2172681766294087,-0.2548357860250717,0.1767733008081078,-0.4316090868331795,-0.454710002253768,True,-0.3182970015776376
12,74,17.0,17.5,159,-2.2172681766294087,-0.5770484415775766,0.1767733008081078,-0.7538217423856844,-0.7941683728072608,True,-0.5559178609650826
12,75,17.5,18.0,242,-2.2172681766294087,-0.1242542299684111,0.1767733008081078,-0.3010275307765189,-0.31713935914130204,True,-0.2219975513989114
12,76,18.0,18.5,42,-2.2172681766294087,-0.7482775241863704,0.1767733008081078,-0.9250508249944782,-0.9745621108312443,True,-0.682193477581871
12,77,18.5,19.0,101,-2.2172681766294087,-0.0245486273113059,0.1767733008081078,-0.2013219281194138,-0.21209723609061487,True,-0.1484680652634304
12,78,19.0,19.5,120,-2.2172681766294087,0.0639071267512016,0.1767733008081078,-0.1128661740569061,-0.11890708473342701,True,-0.0832349593133989
12,79,19.5,20.0,0,-2.2172681766294087,,0.1767733008081078,,,True,
13,0,-20.0,-19.5,0,-2.1555301085893737,,0.0095237434083001,,,True,
13,1,-19.5,-19.0,0,-2.1555301085893737,,0.0095237434083001,,,True,
13,2,-19.0,-18.5,233,-2.1555301085893737,0.0549050478088073,0.0095237434083001,0.0453813044005071,0.23530720677159375,True,0.1647150447401156
13,3,-18.5,-18.0,54,-2.1555301085893737,-0.8476345004717486,0.0095237434083001,-0.8571582438800487,-0.7069405273914079,True,-0.4948583691739855
13,4,-18.0,-17.5,297,-2.1555301085893737,-0.0971185231377142,0.0095237434083001,-0.1066422665460144,-0.0879531179832,True,-0.06156718258824
13,5,-17.5,-17.0,91,-2.1555301085893737,0.0871066817188663,0.0095237434083001,0.0775829383105662,0.4344155069732902,True,0.3040908548813031
13,6,-17.0,-16.5,0,-2.1555301085893737,,0.0095237434083001,,,True,
13,7,-16.5,-16.0,0,-2.1555301085893737,,0.0095237434083001,,,True,
13,8,-16.0,-15.5,82,-2.1555301085893737,-1.048844884827143,0.0095237434083001,-1.0583686282354432,-0.8728886195300821,True,-0.6110220336710575
13,9,-15.5,-15.0,0,-2.1555301085893737,,0.0095237434083001,,,True,
13,10,-15.0,-14.5,148,-2.1555301085893737,0.1611511299367025,0.0095237434083001,0.1516273865284024,0.89224520173982,True,0.624571641217874
13,11,-14.5,-14.0,174,-2.1555301085893737,-0.1765210611352825,0.0095237434083001,-0.1860448045435827,-0.1534402931798403,True,-0.1074082052258882
13,12,-14.0,-13.5,0,-2.1555301085893737,,0.0095237434083001,,,True,
13,13,-13.5,-13.0,0,-2.1555301085893737,,0.0095237434083001,,,True,
13,14,-13.0,-12.5,127,-2.1555301085893737,0.1242489045048063,0.0095237434083001,0.1147251610965061,0.6640723270364197,True,0.4648506289254938
13,15,-12.5,-12.0,193,-2.1555301085893737,-0.0445493924837895,0.0095237434083001,-0.0540731358920896,-0.044596772507516716,True,-0.0312177407552617
13,16,-12.0,-11.5,0,-2.1555301085893737,,0.0095237434083001,,,True,
13,17,-11.5,-11.0,171,-2.1555301085893737,-0.1623198787883051,0.0095237434083001,-0.1718436221966052,-0.14172788020401786,True,-0.0992095161428125
13,18,-11.0,-10.5,127,-2.1555301085893737,0.1510749254822913,0.0095237434083001,0.1415511820739911,0.8299422780122173,True,0.5809595946085521
13,19,-10.5,-10.0,93,-2.1555301085893737,-0.96975689195085,0.0095237434083001,-0.97928063535915,-0.8076608651527716,True,-0.5653626056069401
13,20,-10.0,-9.5,290,-2.1555301085893737,0.0095237434083001,0.0095237434083001,0.0,0.0,True,0.0
13,21,-9.5,-9.0,98,-2.1555301085893737,0.0095237434083002,0.0095237434083001,5.898059818321144e-17,4.8644197828347725e-17,True,3.4050938479843407e-17
13,22,-9.0,-8.5,0,-2.1555301085893737,,0.0095237434083001,,,True,
13,23,-8.5,-8.0,154,-2.1555301085893737,-0.010473158710784,0.0095237434083001,-0.0199969021190841,-0.016492427893207002,True,-0.0115446995252449
13,24,-8.0,-7.5,242,-2.1555301085893737,-0.010473158710784,0.0095237434083001,-0.0199969021190842,-0.016492427893207002,True,-0.0115446995252449
13,25,-7.5,-7.0,42,-2.1555301085893737,-1.2405251155388863,0.0095237434083001,-1.2500488589471863,-1.0309767256147613,True,-0.7216837079303329
13,26,-7.0,-6.5,0,-2.1555301085893737,,0.0095237434083001,,,True,
13,27,-6.5,-6.0,294,-2.1555301085893737,0.1709288217501829,0.0095237434083001,0.1614050783418828,0.9527023699169286,True,0.66689165894185
13,28,-6.0,-5.5,14,-2.1555301085893737,0.1709288217501839,0.0095237434083001,0.1614050783418837,0.9527023699169341,True,0.6668916589418539
13,29,-5.5,-5.0,0,-2.1555301085893737,,0.0095237434083001,,,True,
13,30,-5.0,-4.5,54,-2.1555301085893737,0.178578231479489,0.0095237434083001,0.1690544880711888,0.9999999999999992,True,0.6999999999999994
13,31,-4.5,-4.0,351,-2.1555301085893737,0.17857823147949,0.0095237434083001,0.1690544880711898,1.0000000000000053,True,0.7000000000000037
13,32,-4.0,-3.5,260,-2.1555301085893737,0.1785782314794894,0.0095237434083001,0.1690544880711893,1.0000000000000024,True,0.7000000000000016
13,33,-3.5,-3.0,0,-2.1555301085893737,,0.0095237434083001,,,True,
13,34,-3.0,-2.5,75,-2.1555301085893737,-1.209942050388647,0.0095237434083001,-1.2194657937969475,-1.005753368829802,True,-0.7040273581808614
13,35,-2.5,-2.0,48,-2.1555301085893737,-1.201222173448036,0.0095237434083001,-1.210745916856336,-0.9985616577925496,True,-0.6989931604547847
13,36,-2.0,-1.5,0,-2.1555301085893737,,0.0095237434083001,,,True,
13,37,-1.5,-1.0,0,-2.1555301085893737,,0.0095237434083001,,,True,
13,38,-1.0,-0.5,0,-2.1555301085893737,,0.0095237434083001,,,True,
13,39,-0.5,0.0,0,-2.1555301085893737,,0.0095237434083001,,,True,
13,40,0.0,0.5,65,-2.1555301085893737,-0.8855907517840061,0.0095237434083001,-0.8951144951923062,-0.7382449131475616,True,-0.516771439203293
13,41,0.5,1.0,0,-2.1555301085893737,,0.0095237434083001,,,True,
13,42,1.0,1.5,282,-2.1555301085893737,-0.1615048843563618,0.0095237434083001,-0.1710286277646619,-0.14105571424440344,True,-0.0987389999710824
13,43,1.5,2.0,95,-2.1555301085893737,-0.8192780264861783,0.0095237434083001,-0.8288017698944784,-0.6835535497621931,True,-0.4784874848335351
13,44,2.0,2.5,0,-2.1555301085893737,,0.0095237434083001,,,True,
13,45,2.5,3.0,0,-2.1555301085893737,,0.0095237434083001,,,True,
13,46,3.0,3.5,23,-2.1555301085893737,-0.9218240090527546,0.0095237434083001,-0.9313477524610548,-0.7681282610422616,True,-0.5376897827295831
13,47,3.5,4.0,227,-2.1555301085893737,-0.3169257308558347,0.0095237434083001,-0.3264494742641348,-0.26923892426009355,True,-0.1884672469820655
13,48,4.0,4.5,0,-2.1555301085893737,,0.0095237434083001,,,True,
13,49,4.5,5.0,268,-2.1555301085893737,0.0904890178488981,0.0095237434083001,0.080965274440598,0.4553290792299776,True,0.3187303554609843
13,50,5.0,5.5,22,-2.1555301085893737,0.0904890178488979,0.0095237434083001,0.0809652744405978,0.4553290792299763,True,0.3187303554609834
13,51,5.5,6.0,0,-2.1555301085893737,,0.0095237434083001,,,True,
13,52,6.0,6.5,280,-2.1555301085893737,-0.1438886156662442,0.0095237434083001,-0.1534123590745444,-0.12652671173246685,True,-0.0885686982127268
13,53,6.5,7.0,15,-2.1555301085893737,0.0253015755156913,0.0095237434083001,0.0157778321073912,0.052263791496039144,True,0.0365846540472274
13,54,7.0,7.5,101,-2.1555301085893737,-0.7883131604044623,0.0095237434083001,-0.7978369038127624,-0.6580153029860517,True,-0.4606107120902362
13,55,7.5,8.0,277,-2.1555301085893737,0.1764752583184263,0.0095237434083001,0.1669515149101261,0.9869969513771099,True,0.6908978659639768
13,56,8.0,8.5,180,-2.1555301085893737,0.1764752583184264,0.0095237434083001,0.1669515149101262,0.9869969513771103,True,0.6908978659639772
13,57,8.5,9.0,45,-2.1555301085893737,-0.934647341265105,0.0095237434083001,-0.944171084673405,-0.7787042932998277,True,-0.5450930053098794
13,58,9.0,9.5,250,-2.1555301085893737,0.063314742010867,0.0095237434083001,0.0537909986025669,0.2873058079129206,True,0.2011140655390444
13,59,9.5,10.0,0,-2.1555301085893737,,0.0095237434083001,,,True,
13,60,10.0,10.5,0,-2.1555301085893737,,0.0095237434083001,,,True,
13,61,10.5,11.0,51,-2.1555301085893737,-1.08766771017941,0.0095237434083001,-1.09719145358771,-0.9049077114834191,True,-0.6334353980383933
13,62,11.0,11.5,56,-2.1555301085893737,-0.0510688899259137,0.0095237434083001,-0.0605926333342138,-0.04997372243825457,True,-0.0349816057067782
13,63,11.5,12.0,227,-2.1555301085893737,-0.0510688899259134,0.0095237434083001,-0.0605926333342135,-0.04997372243825429,True,-0.034981605706778
13,64,12.0,12.5,44,-2.1555301085893737,-1.245577208888489,0.0095237434083001,-1.2551009522967895,-1.0351434352771827,True,-0.7246004046940279
13,65,12.5,13.0,0,-2.1555301085893737,,0.0095237434083001,,,True,
13,66,13.0,13.5,189,-2.1555301085893737,-0.121601046275708,0.0095237434083001,-0.1311247896840082,-0.10814505796933371,True,-0.0757015405785336
13,67,13.5,14.0,52,-2.1555301085893737,-1.062888569796302,0.0095237434083001,-1.0724123132046022,-0.8844711366784622,True,-0.6191297956749235
13,68,14.0,14.5,161,-2.1555301085893737,-0.4310183079616423,0.0095237434083001,-0.4405420513699425,-0.3633366794954872,True,-0.254335675646841
13,69,14.5,15.0,218,-2.1555301085893737,-0.2812596059809163,0.0095237434083001,-0.2907833493892165,-0.23982331832139486,True,-0.1678763228249764
13,70,15.0,15.5,141,-2.1555301085893737,-0.8643278560806794,0.0095237434083001,-0.8738515994889795,-0.7207083581302107,True,-0.5044958506911474
13,71,15.5,16.0,0,-2.1555301085893737,,0.0095237434083001,,,True,
13,72,16.0,16.5,0,-2.1555301085893737,,0.0095237434083001,,,True,
13,73,16.5,17.0,0,-2.1555301085893737,,0.0095237434083001,,,True,
13,74,17.0,17.5,37,-2.1555301085893737,0.0976161684062752,0.0095237434083001,0.088092424997975,0.49939749006665934,True,0.3495782430466615
13,75,17.5,18.0,239,-2.1555301085893737,-0.0450026936469962,0.0095237434083001,-0.0545264370552963,-0.04497063225357001,True,-0.031479442577499
13,76,18.0,18.5,66,-2.1555301085893737,-1.0385807659514574,0.0095237434083001,-1.0481045093597576,-0.8644232962796874,True,-0.6050963073957811
13,77,18.5,19.0,0,-2.1555301085893737,,0.0095237434083001,,,True,
13,78,19.0,19.5,0,-2.1555301085893737,,0.0095237434083001,,,True,
13,79,19.5,20.0,285,-2.1555301085893737,0.1220690880519693,0.0095237434083001,0.1125453446436691,0.6505941429825202,True,0.4554159000877641
14,0,-20.0,-19.5,141,-2.3949255369269906,-0.4684196573749023,0.1106268912075474,-0.5790465485824497,-0.7733352502970092,True,-0.5413346752079065
14,1,-19.5,-19.0,58,-2.3949255369269906,-0.3789253375640245,0.1106268912075474,-0.4895522287715719,-0.653812713843705,True,-0.4576688996905935
14,2,-19.0,-18.5,123,-2.3949255369269906,0.0981369982259282,0.1106268912075474,-0.0124898929816191,-0.016680652943651716,True,-0.0116764570605562
14,3,-18.5,-18.0,184,-2.3949255369269906,-0.0162023768057625,0.1106268912075474,-0.1268292680133099,-0.16938455805352873,True,-0.1185691906374701
14,4,-18.0,-17.5,121,-2.3949255369269906,-0.1531600926854923,0.1106268912075474,-0.2637869838930398,-0.3522959833081024,True,-0.2466071883156717
14,5,-17.5,-17.0,232,-2.3949255369269906,0.1754095900617898,0.1106268912075474,0.0647826988542424,0.1468549473285603,True,0.1027984631299922
14,6,-17.0,-16.5,41,-2.3949255369269906,-0.5964575716178793,0.1106268912075474,-0.7070844628254267,-0.944333994182106,True,-0.6610337959274741
14,7,-16.5,-16.0,0,-2.3949255369269906,,0.1106268912075474,,,True,
14,8,-16.0,-15.5,293,-2.3949255369269906,0.2653111313083843,0.1106268912075474,0.1546842401008369,0.7280895091878973,True,0.5096626564315281
14,9,-15.5,-15.0,93,-2.3949255369269906,-0.7448015319591608,0.1106268912075474,-0.8554284231667082,-1.1424521143598654,True,-0.7997164800519057
14,10,-15.0,-14.5,75,-2.3949255369269906,-0.6406047634544211,0.1106268912075474,-0.7512316546619685,-1.0032939857965988,True,-0.7023057900576191
14,11,-14.5,-14.0,109,-2.3949255369269906,0.2311784012615126,0.1106268912075474,0.1205515100539652,0.5074133993152202,True,0.3551893795206541
14,12,-14.0,-13.5,138,-2.3949255369269906,0.2311784012615127,0.1106268912075474,0.1205515100539653,0.5074133993152209,True,0.3551893795206546
14,13,-13.5,-13.0,58,-2.3949255369269906,-0.6370813033955074,0.1106268912075474,-0.7477081946030548,-0.9985882918014576,True,-0.6990118042610203
14,14,-13.0,-12.5,234,-2.3949255369269906,0.283097431240938,0.1106268912075474,0.1724705400333906,0.8430821122628553,True,0.5901574785839987
14,15,-12.5,-12.0,106,-2.3949255369269906,-0.6571685238067784,0.1106268912075474,-0.7677954150143258,-1.0254154193658136,True,-0.7177907935560695
14,16,-12.0,-11.5,85,-2.3949255369269906,-0.2830926859716858,0.1106268912075474,-0.3937195771792332,-0.5258251318656825,True,-0.3680775923059777
14,17,-11.5,-11.0,236,-2.3949255369269906,0.3024745050676736,0.1106268912075474,0.1918476138601262,0.9683594418795519,True,0.6778516093156863
14,18,-11.0,-10.5,0,-2.3949255369269906,,0.1106268912075474,,,True,
14,19,-10.5,-10.0,287,-2.3949255369269906,0.318787683530606,0.1106268912075474,0.2081607923230586,1.0738279689477113,True,0.7516795782633978
14,20,-10.0,-9.5,89,-2.3949255369269906,-0.3494563982572375,0.1106268912075474,-0.4600832894647849,-0.6144559995854271,True,-0.4301191997097989
14,21,-9.5,-9.0,97,-2.3949255369269906,-0.6193966279511901,0.1106268912075474,-0.7300235191587375,-0.9749698401508387,True,-0.682478888105587
14,22,-9.0,-8.5,184,-2.3949255369269906,0.2571765316971728,0.1106268912075474,0.1465496404896254,0.6754974137091921,True,0.4728481895964345
14,23,-8.5,-8.0,207,-2.3949255369269906,-0.0887393792682493,0.1106268912075474,-0.1993662704757967,-0.26626005293809013,True,-0.1863820370566631
14,24,-8.0,-7.5,183,-2.3949255369269906,0.2599515130161354,0.1106268912075474,0.149324621808588,0.693438319156752,True,0.4854068234097264
14,25,-7.5,-7.0,113,-2.3949255369269906,0.2437999714331432,0.1106268912075474,0.1331730802255958,0.5890148124496416,True,0.4123103687147491
14,26,-7.0,-6.5,160,-2.3949255369269906,-0.6228142308892879,0.1106268912075474,-0.7334411220968353,-0.979534158563615,True,-0.6856739109945305
14,27,-6.5,-6.0,127,-2.3949255369269906,-0.672557604530637,0.1106268912075474,-0.7831844957381844,-1.0459680305894887,True,-0.7321776214126421
14,28,-6.0,-5.5,78,-2.3949255369269906,0.3491669048047645,0.1106268912075474,0.238540013597217,1.2702367637477914,True,0.8891657346234538
14,29,-5.5,-5.0,222,-2.3949255369269906,0.3491669048047626,0.1106268912075474,0.2385400135972152,1.2702367637477796,True,0.8891657346234456
14,30,-5.0,-4.5,0,-2.3949255369269906,,0.1106268912075474,,,True,
14,31,-4.5,-4.0,249,-2.3949255369269906,0.2497109909085888,0.1106268912075474,0.1390840997010414,0.627230940530569,True,0.4390616583713983
14,32,-4.0,-3.5,117,-2.3949255369269906,-0.1791582103602706,0.1106268912075474,-0.289785101567818,-0.38701730387981614,True,-0.2709121127158713
14,33,-3.5,-3.0,143,-2.3949255369269906,-0.1066201581787425,0.1106268912075474,-0.2172470493862899,-0.2901404070617842,True,-0.2030982849432489
14,34,-3.0,-2.5,215,-2.3949255369269906,0.2900754709729161,0.1106268912075474,0.1794485797653686,0.8881967767059068,True,0.6217377436941347
14,35,-2.5,-2.0,109,-2.3949255369269906,-0.2764095934983941,0.1106268912075474,-0.3870364847059415,-0.5168996473718306,True,-0.3618297531602814
14,36,-2.0,-1.5,295,-2.3949255369269906,0.1636475877147709,0.1106268912075474,0.0530206965072234,0.07081084189986672,True,0.0495675893299067
14,37,-1.5,-1.0,228,-2.3949255369269906,-0.2454283208426526,0.1106268912075474,-0.3560552120502,-0.47552316338725115,True,-0.3328662143710758
14,38,-1.0,-0.5,244,-2.3949255369269906,0.2577035866682071,0.1106268912075474,0.1470766954606597,0.6789049477838821,True,0.4752334634487174
14,39,-0.5,0.0,216,-2.3949255369269906,0.0576061947003239,0.1106268912075474,-0.0530206965072234,-0.07081084189986672,True,-0.0495675893299067
14,40,0.0,0.5,201,-2.3949255369269906,0.3259790558400015,0.1106268912075474,0.2153521646324541,1.1203218785677225,True,0.7842253149974057
14,41,0.5,1.0,0,-2.3949255369269906,,0.1106268912075474,,,True,
14,42,1.0,1.5,113,-2.3949255369269906,-0.5478039167162306,0.1106268912075474,-0.6584308079237781,-0.8793554765079377,True,-0.6155488335555563
14,43,1.5,2.0,88,-2.3949255369269906,-0.5824216226493321,0.1106268912075474,-0.6930485138568795,-0.9255885338468012,True,-0.6479119736927608
14,44,2.0,2.5,215,-2.3949255369269906,0.2161673885633822,0.1106268912075474,0.1055404973558348,0.4103636795030666,True,0.2872545756521466
14,45,2.5,3.0,286,-2.3949255369269906,-0.1839033132694834,0.1106268912075474,-0.2945302044770308,-0.39335454111050955,True,-0.2753481787773567
14,46,3.0,3.5,10,-2.3949255369269906,-0.5940267677563881,0.1106268912075474,-0.7046536589639355,-0.9410875776077371,True,-0.6587613043254159
14,47,3.5,4.0,28,-2.3949255369269906,-0.7947440919769532,0.1106268912075474,-0.9053709831845006,-1.209152006184423,True,-0.846406404329096
14,48,4.0,4.5,22,-2.3949255369269906,-0.7947440919769536,0.1106268912075474,-0.905370983184501,-1.2091520061844234,True,-0.8464064043290964
14,49,4.5,5.0,237,-2.3949255369269906,0.2933995577238529,0.1106268912075474,0.1827726665163055,0.9096877776328395,True,0.6367814443429876
14,50,5.0,5.5,76,-2.3949255369269906,0.2933995577238531,0.1106268912075474,0.1827726665163057,0.9096877776328407,True,0.6367814443429884
14,51,5.5,6.0,233,-2.3949255369269906,-0.0523069352452069,0.1106268912075474,-0.1629338264527543,-0.217603354635571,True,-0.1523223482448997
14,52,6.0,6.5,190,-2.3949255369269906,-0.1279644718380939,0.1106268912075474,-0.2385913630456413,-0.31864642300572016,True,-0.2230524961040041
14,53,6.5,7.0,116,-2.3949255369269906,-0.5310681291011808,0.1106268912075474,-0.6416950203087283,-0.8570042950081325,True,-0.5999030065056927
14,54,7.0,7.5,166,-2.3949255369269906,0.1925734666927291,0.1106268912075474,0.0819465754851817,0.25782343769100574,True,0.180476406383704
14,55,7.5,8.0,144,-2.3949255369269906,0.2886387276920266,0.1106268912075474,0.1780118364844792,0.8789078942263339,True,0.6152355259584337
14,56,8.0,8.5,66,-2.3949255369269906,-0.689338555644073,0.1106268912075474,-0.7999654468516204,-1.0683795293909244,True,-0.7478656705736471
14,57,8.5,9.0,0,-2.3949255369269906,,0.1106268912075474,,,True,
14,58,9.0,9.5,68,-2.3949255369269906,-0.6292802931969018,0.1106268912075474,-0.7399071844044492,-0.988169792305559,True,-0.6917188546138913
14,59,9.5,10.0,242,-2.3949255369269906,0.3458219713273634,0.1106268912075474,0.235195080119816,1.2486109838420496,True,0.8740276886894347
14,60,10.0,10.5,66,-2.3949255369269906,-0.3184082229864815,0.1106268912075474,-0.4290351141940289,-0.572990165011237,True,-0.4010931155078659
14,61,10.5,11.0,88,-2.3949255369269906,-0.7487202658372855,0.1106268912075474,-0.8593471570448329,-1.1476857092269892,True,-0.8033799964588924
14,62,11.0,11.5,90,-2.3949255369269906,-0.6768821157214409,0.1106268912075474,-0.7875090069289883,-1.0517435540812352,True,-0.7362204878568646
14,63,11.5,12.0,175,-2.3949255369269906,-0.6788500387606317,0.1106268912075474,-0.7894769299681791,-1.0543717784611293,True,-0.7380602449227904
14,64,12.0,12.5,138,-2.3949255369269906,-0.6155489060135474,0.1106268912075474,-0.7261757972210948,-0.9698310840093767,True,-0.6788817588065637
14,65,12.5,13.0,165,-2.3949255369269906,0.0175998715870473,0.1106268912075474,-0.0930270196205,-0.12424057043206872,True,-0.0869683993024481
14,66,13.0,13.5,213,-2.3949255369269906,-0.2253828936539058,0.1106268912075474,-0.3360097848614533,-0.44875185201294177,True,-0.3141262964090592
14,67,13.5,14.0,79,-2.3949255369269906,-0.684292027092176,0.1106268912075474,-0.7949189182997234,-1.0616397285400838,True,-0.7431478099780586
14,68,14.0,14.5,81,-2.3949255369269906,-0.313550103626347,0.1106268912075474,-0.4241769948338945,-0.5665019906830426,True,-0.3965513934781298
14,69,14.5,15.0,308,-2.3949255369269906,-0.0226662179527856,0.1106268912075474,-0.133293109160333,-0.17801722536421472,True,-0.1246120577549503
14,70,15.0,15.5,59,-2.3949255369269906,-0.6043699404105433,0.1106268912075474,-0.7149968316180907,-0.9549012166544558,True,-0.668430851658119
14,71,15.5,16.0,0,-2.3949255369269906,,0.1106268912075474,,,True,
14,72,16.0,16.5,216,-2.3949255369269906,0.114793254381336,0.1106268912075474,0.0041663631737886,0.005564311739216286,True,0.0038950182174514
14,73,16.5,17.0,39,-2.3949255369269906,0.1147932543813357,0.1106268912075474,0.0041663631737883,0.0055643117392158575,True,0.0038950182174511
14,74,17.0,17.5,46,-2.3949255369269906,-0.6632538006339176,0.1106268912075474,-0.773880691841465,-1.033542501877164,True,-0.7234797513140148
14,75,17.5,18.0,310,-2.3949255369269906,0.2924223916396859,0.1106268912075474,0.1817955004321385,0.9033701695816413,True,0.6323591187071489
14,76,18.0,18.5,123,-2.3949255369269906,-0.6109176111913911,0.1106268912075474,-0.7215445023989385,-0.9636458411316507,True,-0.6745520887921554
14,77,18.5,19.0,254,-2.3949255369269906,0.163698324241789,0.1106268912075474,0.0530714330342416,0.07113886545366543,True,0.0497972058175658
14,78,19.0,19.5,104,-2.3949255369269906,-0.3345558153944862,0.1106268912075474,-0.4451827066020336,-0.5945557929337396,True,-0.4161890550536177
14,79,19.5,20.0,193,-2.3949255369269906,-0.5971190598987114,0.1106268912075474,-0.7077459511062588,-0.9452174330118136,True,-0.6616522031082694
15,0,-20.0,-19.5,312,-2.5739357581482865,0.336569400198176,-0.1049418315750186,0.4415112317731947,1.1513086660983423,True,0.8059160662688396
15,1,-19.5,-19.0,109,-2.5739357581482865,-0.427837952350615,-0.1049418315750186,-0.3228961207755964,-1.3158606620929207,True,-0.9211024634650444
15,2,-19.0,-18.5,339,-2.5739357581482865,0.1014512183123653,-0.1049418315750186,0.206393049887384,0.5382017259299978,True,0.3767412081509985
15,3,-18.5,-18.0,155,-2.5739357581482865,-0.5748866841415526,-0.1049418315750186,-0.469944852566534,-1.9374118774511213,True,-1.356188314215785
15,4,-18.0,-17.5,218,-2.5739357581482865,0.3080714907106863,-0.1049418315750186,0.413013322285705,1.0769959696197906,True,0.7538971787338533
15,5,-17.5,-17.0,154,-2.5739357581482865,-0.1365817178346025,-0.1049418315750186,-0.0316398862595838,-0.0847676472857213,True,-0.0593373531000049
15,6,-17.0,-16.5,141,-2.5739357581482865,0.1376612614749555,-0.1049418315750186,0.2426030930499742,0.6326250010196356,True,0.4428375007137449
15,7,-16.5,-16.0,121,-2.5739357581482865,0.3493336172827525,-0.1049418315750186,0.4542754488577711,1.1845933317826403,True,0.8292153322478482
15,8,-16.0,-15.5,211,-2.5739357581482865,-0.3279844281734433,-0.1049418315750186,-0.2230425965984247,-0.8937959590912085,True,-0.6256571713638459
15,9,-15.5,-15.0,223,-2.5739357581482865,-0.3604024782253798,-0.1049418315750186,-0.2554606466503612,-1.0308218155125415,True,-0.721575270858779
15,10,-15.0,-14.5,273,-2.5739357581482865,0.1184590839073083,-0.1049418315750186,0.2234009154823269,0.582552359939129,True,0.4077866519573903
15,11,-14.5,-14.0,137,-2.5739357581482865,-0.0746987979981424,-0.1049418315750186,0.0302430335768761,0.078863376830348,True,0.0552043637812436
15,12,-14.0,-13.5,0,-2.5739357581482865,,-0.1049418315750186,,,True,
15,13,-13.5,-13.0,119,-2.5739357581482865,-0.421832003651477,-0.1049418315750186,-0.3168901720764584,-1.2904744879460026,True,-0.9033321415622018
15,14,-13.0,-12.5,231,-2.5739357581482865,0.2214633021973749,-0.1049418315750186,0.3264051337723935,0.8511517536301119,True,0.5958062275410783
15,15,-12.5,-12.0,192,-2.5739357581482865,-0.349693066799438,-0.1049418315750186,-0.2447512352244194,-0.9855548648459503,True,-0.6898884053921652
15,16,-12.0,-11.5,264,-2.5739357581482865,0.237477854778325,-0.1049418315750186,0.3424196863533437,0.8929121706779096,True,0.6250385194745367
15,17,-11.5,-11.0,90,-2.5739357581482865,-0.2771541765348117,-0.1049418315750186,-0.1722123449597931,-0.678944703332866,True,-0.4752612923330062
15,18,-11.0,-10.5,43,-2.5739357581482865,-0.0335362986775811,-0.1049418315750186,0.0714055328974375,0.18620094556149686,True,0.1303406618930478
15,19,-10.5,-10.0,299,-2.5739357581482865,0.2545657912681711,-0.1049418315750186,0.3595076228431897,0.9374716019011771,True,0.6562301213308239
15,20,-10.0,-9.5,144,-2.5739357581482865,-0.2543920269298788,-0.1049418315750186,-0.1494501953548601,-0.5827327769952382,True,-0.4079129438966667
15,21,-9.5,-9.0,112,-2.5739357581482865,-0.3739924832975124,-0.1049418315750186,-0.2690506517224937,-1.0882645698051603,True,-0.7617851988636122
15,22,-9.0,-8.5,103,-2.5739357581482865,-0.2549068749012049,-0.1049418315750186,-0.1499650433261863,-0.5849089561326242,True,-0.4094362692928369
15,23,-8.5,-8.0,282,-2.5739357581482865,0.0747376165262027,-0.1049418315750186,0.1796794481012213,0.46854188711776923,True,0.3279793209824384
15,24,-8.0,-7.5,122,-2.5739357581482865,-0.2467652035714434,-0.1049418315750186,-0.1418233719964247,-0.5504954277163784,True,-0.3853467994014649
15,25,-7.5,-7.0,142,-2.5739357581482865,-0.3610846665714565,-0.1049418315750186,-0.2561428349964379,-1.0337053153594493,True,-0.7235937207516145
15,26,-7.0,-6.5,102,-2.5739357581482865,-0.2842404185841662,-0.1049418315750186,-0.1792985870091476,-0.7088971028160566,True,-0.4962279719712395
15,27,-6.5,-6.0,319,-2.5739357581482865,0.0509019257889181,-0.1049418315750186,0.1558437573639368,0.40638664545367315,True,0.2844706518175712
15,28,-6.0,-5.5,48,-2.5739357581482865,-0.2781772375684662,-0.1049418315750186,-0.1732354059934475,-0.6832690169199942,True,-0.4782883118439959
15,29,-5.5,-5.0,107,-2.5739357581482865,-0.2919442121730234,-0.1049418315750186,-0.1870023805980047,-0.741459792814842,True,-0.5190218549703893
15,30,-5.0,-4.5,111,-2.5739357581482865,0.3344950951358383,-0.1049418315750186,0.4394369267108569,1.1458995955639195,True,0.8021297168947437
15,31,-4.5,-4.0,200,-2.5739357581482865,0.1684284863876596,-0.1049418315750186,0.2733703179626782,0.7128552876457062,True,0.4989987013519943
15,32,-4.0,-3.5,105,-2.5739357581482865,-0.0595844117743569,-0.1049418315750186,0.0453574198006617,0.11827647119787901,True,0.0827935298385153
15,33,-3.5,-3.0,191,-2.5739357581482865,0.4699637807865947,-0.1049418315750186,0.5749056123616133,1.4991550974642387,True,1.049408568224967
15,34,-3.0,-2.5,0,-2.5739357581482865,,-0.1049418315750186,,,True,
15,35,-2.5,-2.0,292,-2.5739357581482865,0.2414918178103798,-0.1049418315750186,0.3464336493853984,0.90337919867546,True,0.6323654390728219
15,36,-2.0,-1.5,205,-2.5739357581482865,-0.1725692710854641,-0.1049418315750186,-0.0676274395104454,-0.23688121663388942,True,-0.1658168516437226
15,37,-1.5,-1.0,64,-2.5739357581482865,-0.1351848651518948,-0.1049418315750186,-0.0302430335768761,-0.078863376830348,True,-0.0552043637812436
15,38,-1.0,-0.5,200,-2.5739357581482865,0.5245769244358586,-0.1049418315750186,0.6295187560108773,1.6415672968407904,True,1.1490971077885532
15,39,-0.5,0.0,51,-2.5739357581482865,-0.2702462241686413,-0.1049418315750186,-0.1653043925936227,-0.6497459055157306,True,-0.4548221338610114
15,40,0.0,0.5,0,-2.5739357581482865,,-0.1049418315750186,,,True,
15,41,0.5,1.0,99,-2.5739357581482865,0.0064020925812107,-0.1049418315750186,0.1113439241562293,0.2903464636304326,True,0.2032425245413028
15,42,1.0,1.5,239,-2.5739357581482865,0.1651248810784295,-0.1049418315750186,0.2700667126534481,0.7042406270251605,True,0.4929684389176124
15,43,1.5,2.0,100,-2.5739357581482865,-0.4299949116305277,-0.1049418315750186,-0.3250530800555091,-1.3249777802453842,True,-0.9274844461717688
15,44,2.0,2.5,117,-2.5739357581482865,-0.5385363149594166,-0.1049418315750186,-0.4335944833843979,-1.7837647438192727,True,-1.2486353206734908
15,45,2.5,3.0,263,-2.5739357581482865,0.0483157894727005,-0.1049418315750186,0.1532576210477191,0.39964289594448144,True,0.279750027161137
15,46,3.0,3.5,148,-2.5739357581482865,0.1898055778489871,-0.1049418315750186,0.2947474094240058,0.7685993523132306,True,0.5380195466192614
15,47,3.5,4.0,175,-2.5739357581482865,-0.2790937212581701,-0.1049418315750186,-0.1741518896831515,-0.6871428453050045,True,-0.4809999917135031
15,48,4.0,4.5,67,-2.5739357581482865,-0.8102356949527015,-0.1049418315750186,-0.7052938633776829,-2.9321940963892033,True,-2.052535867472442
15,49,4.5,5.0,145,-2.5739357581482865,-0.515926975893714,-0.1049418315750186,-0.4109851443186953,-1.6881987229255169,True,-1.1817391060478617
15,50,5.0,5.5,311,-2.5739357581482865,0.1111723116497722,-0.1049418315750186,0.2161141432247909,0.5635509768615274,True,0.3944856838030692
15,51,5.5,6.0,235,-2.5739357581482865,-0.4098226808847276,-0.1049418315750186,-0.304880849309709,-1.2397130222033783,True,-0.8677991155423648
15,52,6.0,6.5,167,-2.5739357581482865,-0.3738000131565466,-0.1049418315750186,-0.268858181581528,-1.0874510296366708,True,-0.7612157207456696
15,53,6.5,7.0,121,-2.5739357581482865,0.391017524466294,-0.1049418315750186,0.4959593560413127,1.293290551974546,True,0.905303386382182
15,54,7.0,7.5,300,-2.5739357581482865,0.0470982786854181,-0.1049418315750186,0.1520401102604368,0.39646804869351415,True,0.2775276340854599
15,55,7.5,8.0,151,-2.5739357581482865,-0.4578975614177538,-0.1049418315750186,-0.3529557298427351,-1.4429177697695468,True,-1.0100424388386826
15,56,8.0,8.5,42,-2.5739357581482865,0.3096036256681658,-0.1049418315750186,0.4145454572431845,1.0809912479439543,True,0.756693873560768
15,57,8.5,9.0,230,-2.5739357581482865,0.2410952059508685,-0.1049418315750186,0.3460370375258872,0.9023449720509215,True,0.6316414804356449
15,58,9.0,9.5,326,-2.5739357581482865,0.7045263667396781,-0.1049418315750186,0.8094681983146967,2.110813235504427,True,1.4775692648530987
15,59,9.5,10.0,351,-2.5739357581482865,0.8704734272474738,-0.1049418315750186,0.9754152588224924,2.543545802938447,True,1.7804820620569126
15,60,10.0,10.5,351,-2.5739357581482865,0.8704734272474738,-0.1049418315750186,0.9754152588224924,2.543545802938447,True,1.7804820620569126
15,61,10.5,11.0,350,-2.5739357581482865,0.8704734272474738,-0.1049418315750186,0.9754152588224924,2.543545802938447,True,1.7804820620569126
15,62,11.0,11.5,156,-2.5739357581482865,0.2045851530734233,-0.1049418315750186,0.3095269846484419,0.8071393753355369,True,0.5649975627348758
15,63,11.5,12.0,76,-2.5739357581482865,-0.3347401513364485,-0.1049418315750186,-0.2297983197614299,-0.922351308678033,True,-0.6456459160746231
15,64,12.0,12.5,0,-2.5739357581482865,,-0.1049418315750186,,,True,
15,65,12.5,13.0,96,-2.5739357581482865,-0.1951216192754498,-0.1049418315750186,-0.0901797877004312,-0.3322063463099202,True,-0.2325444424169441
15,66,13.0,13.5,59,-2.5739357581482865,-0.3448985289329979,-0.1049418315750186,-0.2399566973579793,-0.965289128435496,True,-0.6757023899048471
15,67,13.5,14.0,108,-2.5739357581482865,-0.5138789809030341,-0.1049418315750186,-0.4089371493280154,-1.6795421792069734,True,-1.1756795254448813
15,68,14.0,14.5,0,-2.5739357581482865,,-0.1049418315750186,,,True,
15,69,14.5,15.0,0,-2.5739357581482865,,-0.1049418315750186,,,True,
15,70,15.0,15.5,98,-2.5739357581482865,-0.6775536397436382,-0.1049418315750186,-0.5726118081686196,-2.3713685002278933,True,-1.6599579501595252
15,71,15.5,16.0,71,-2.5739357581482865,-0.435783758405428,-0.1049418315750186,-0.3308419268304094,-1.3494462996582355,True,-0.9446124097607648
15,72,16.0,16.5,43,-2.5739357581482865,-0.3678113551344265,-0.1049418315750186,-0.2628695235594079,-1.062137940386058,True,-0.7434965582702406
15,73,16.5,17.0,72,-2.5739357581482865,-0.3678113551344272,-0.1049418315750186,-0.2628695235594085,-1.0621379403860607,True,-0.7434965582702424
15,74,17.0,17.5,89,-2.5739357581482865,-0.468765652438833,-0.1049418315750186,-0.3638238208638144,-1.488855433430456,True,-1.0421988034013192
15,75,17.5,18.0,86,-2.5739357581482865,-0.4108206128384707,-0.1049418315750186,-0.3058787812634521,-1.2439311192324343,True,-0.8707517834627039
15,76,18.0,18.5,0,-2.5739357581482865,,-0.1049418315750186,,,True,
15,77,18.5,19.0,236,-2.5739357581482865,-0.4572629161657064,-0.1049418315750186,-0.3523210845906878,-1.4402352268946297,True,-1.0081646588262407
15,78,19.0,19.5,64,-2.5739357581482865,-0.3040410059125826,-0.1049418315750186,-0.199099174337564,-0.7925909842177717,True,-0.5548136889524402
15,79,19.5,20.0,192,-2.5739357581482865,-0.4459012033355693,-0.1049418315750186,-0.3409593717605507,-1.3922111036525293,True,-0.9745477725567704
16,0,-20.0,-19.5,179,-2.348320781497296,0.2640558182097601,0.1449626706396799,0.1190931475700801,1.0436265523364896,True,0.7305385866355427
16,1,-19.5,-19.0,349,-2.348320781497296,0.2640558182097589,0.1449626706396799,0.1190931475700789,1.0436265523364787,True,0.7305385866355351
16,2,-19.0,-18.5,0,-2.348320781497296,,0.1449626706396799,,,True,
16,3,-18.5,-18.0,0,-2.348320781497296,,0.1449626706396799,,,True,
16,4,-18.0,-17.5,237,-2.348320781497296,0.1436480850151331,0.1449626706396799,-0.0013145856245468,-0.0013675404631375715,True,-0.0009572783241963
16,5,-17.5,-17.0,57,-2.348320781497296,0.1436480850151331,0.1449626706396799,-0.0013145856245468,-0.0013675404631375715,True,-0.0009572783241963
16,6,-17.0,-16.5,0,-2.348320781497296,,0.1449626706396799,,,True,
16,7,-16.5,-16.0,222,-2.348320781497296,0.1793062733342509,0.1449626706396799,0.0343436026945709,0.26795739198458085,True,0.1875701743892066
16,8,-16.0,-15.5,0,-2.348320781497296,,0.1449626706396799,,,True,
16,9,-15.5,-15.0,0,-2.348320781497296,,0.1449626706396799,,,True,
16,10,-15.0,-14.5,0,-2.348320781497296,,0.1449626706396799,,,True,
16,11,-14.5,-14.0,221,-2.348320781497296,0.1323881254666724,0.1449626706396799,-0.0125745451730075,-0.013081079701877715,True,-0.0091567557913144
16,12,-14.0,-13.5,0,-2.348320781497296,,0.1449626706396799,,,True,
16,13,-13.5,-13.0,52,-2.348320781497296,-0.807645805123608,0.1449626706396799,-0.952608475763288,-0.9909819579711656,True,-0.6936873705798159
16,14,-13.0,-12.5,178,-2.348320781497296,0.2534290732770756,0.1449626706396799,0.1084664026373956,0.9463654008893946,True,0.6624557806225762
16,15,-12.5,-12.0,0,-2.348320781497296,,0.1449626706396799,,,True,
16,16,-12.0,-11.5,84,-2.348320781497296,-1.0370480726501508,0.1449626706396799,-1.1820107432898308,-1.2296251298727434,True,-0.8607375909109204
16,17,-11.5,-11.0,234,-2.348320781497296,0.1433285224123117,0.1449626706396799,-0.0016341482273682,-0.0016999758570012857,True,-0.0011899830999009
16,18,-11.0,-10.5,64,-2.348320781497296,-0.7278176959906874,0.1449626706396799,-0.8727803666303673,-0.9079381704106033,True,-0.6355567192874223
16,19,-10.5,-10.0,234,-2.348320781497296,0.3087985770167366,0.1449626706396799,0.1638359063770566,1.4531340984432606,True,1.0171938689102824
16,20,-10.0,-9.5,48,-2.348320781497296,-0.82498348357952,0.1449626706396799,-0.9699461542192,-1.0090180420288342,True,-0.7063126294201839
16,21,-9.5,-9.0,214,-2.348320781497296,0.2547096739887706,0.1449626706396799,0.1097470033490906,0.9580860830505276,True,0.6706602581353692
16,22,-9.0,-8.5,75,-2.348320781497296,0.2547096739887705,0.1449626706396799,0.1097470033490905,0.9580860830505266,True,0.6706602581353686
16,23,-8.5,-8.0,149,-2.348320781497296,0.2592891849026841,0.1449626706396799,0.1143265142630041,1.0,True,0.7
16,24,-8.0,-7.5,179,-2.348320781497296,0.2592891849026841,0.1449626706396799,0.1143265142630041,1.0,True,0.7
16,25,-7.5,-7.0,6,-2.348320781497296,0.2329103753579344,0.1449626706396799,0.0879477047182545,0.7585682721870086,True,0.530997790530906
16,26,-7.0,-6.5,326,-2.348320781497296,0.2329103753579331,0.1449626706396799,0.0879477047182532,0.7585682721869966,True,0.5309977905308976
16,27,-6.5,-6.0,54,-2.348320781497296,-0.9879349499610032,0.1449626706396799,-1.132897620600683,-1.1785336062060325,True,-0.8249735243442227
16,28,-6.0,-5.5,151,-2.348320781497296,-0.7915962326463121,0.1449626706396799,-0.936558903285992,-0.9742858680634972,True,-0.682000107644448
16,29,-5.5,-5.0,215,-2.348320781497296,0.1465968188670481,0.1449626706396799,0.0016341482273682,0.0016999758570012857,True,0.0011899830999009
16,30,-5.0,-4.5,103,-2.348320781497296,0.2632637567149558,0.1449626706396799,0.1183010860752758,1.036377219310284,True,0.7254640535171988
16,31,-4.5,-4.0,70,-2.348320781497296,-0.7010702434251358,0.1449626706396799,-0.8460329140648157,-0.8801132627087137,True,-0.6160792838960996
16,32,-4.0,-3.5,189,-2.348320781497296,-0.6726018014831703,0.1449626706396799,-0.8175644721228502,-0.8504980398193388,True,-0.5953486278735372
16,33,-3.5,-3.0,282,-2.348320781497296,-0.1009299116435736,0.1449626706396799,-0.2458925822832536,-0.2557977583040054,True,-0.1790584308128038
16,34,-3.0,-2.5,195,-2.348320781497296,0.196845846266676,0.1449626706396799,0.051883175626996,0.42848811612486787,True,0.2999416812874075
16,35,-2.5,-2.0,307,-2.348320781497296,0.196845846266676,0.1449626706396799,0.051883175626996,0.42848811612486787,True,0.2999416812874075
16,36,-2.0,-1.5,94,-2.348320781497296,-0.6682840776669177,0.1449626706396799,-0.8132467483065976,-0.8460063871516672,True,-0.592204471006167
16,37,-1.5,-1.0,51,-2.348320781497296,-0.4177236721737952,0.1449626706396799,-0.5626863428134752,-0.5853527738960537,True,-0.4097469417272375
16,38,-1.0,-0.5,276,-2.348320781497296,0.2239834890399662,0.1449626706396799,0.0790208184002862,0.6768650556684217,True,0.4738055389678952
16,39,-0.5,0.0,0,-2.348320781497296,,0.1449626706396799,,,True,
16,40,0.0,0.5,114,-2.348320781497296,-0.0232940225338103,0.1449626706396799,-0.1682566931734902,-0.175034498941674,True,-0.1225241492591718
16,41,0.5,1.0,59,-2.348320781497296,-0.7289494827140597,0.1449626706396799,-0.8739121533537396,-0.9091155483698269,True,-0.6363808838588788
16,42,1.0,1.5,87,-2.348320781497296,-0.8166405400335236,0.1449626706396799,-0.9616032106732036,-1.0003390235854703,True,-0.7002373165098291
16,43,1.5,2.0,165,-2.348320781497296,0.1528373743394507,0.1449626706396799,0.0078747036997707,0.025701121595225574,True,0.0179907851166579
16,44,2.0,2.5,25,-2.348320781497296,0.1528373743394504,0.1449626706396799,0.0078747036997704,0.025701121595222715,True,0.0179907851166559
16,45,2.5,3.0,50,-2.348320781497296,-0.8675682233275175,0.1449626706396799,-1.0125308939671975,-1.053318202954181,True,-0.7373227420679267
16,46,3.0,3.5,0,-2.348320781497296,,0.1449626706396799,,,True,
16,47,3.5,4.0,219,-2.348320781497296,0.1874437950548612,0.1449626706396799,0.0424811244151813,0.34243595879745503,True,0.2397051711582185
16,48,4.0,4.5,98,-2.348320781497296,-0.7039884412693511,0.1449626706396799,-0.848951111909031,-0.8831490129534201,True,-0.618204309067394
16,49,4.5,5.0,165,-2.348320781497296,-0.0502993751440538,0.1449626706396799,-0.1952620457837338,-0.20312769555527516,True,-0.1421893868886926
16,50,5.0,5.5,162,-2.348320781497296,0.0321765243233079,0.1449626706396799,-0.1127861463163719,-0.11732945795917302,True,-0.0821306205714211
16,51,5.5,6.0,94,-2.348320781497296,0.2423348457503106,0.1449626706396799,0.0973721751106306,0.8448256207869808,True,0.5913779345508865
16,52,6.0,6.5,204,-2.348320781497296,0.2423348457503116,0.1449626706396799,0.0973721751106317,0.8448256207869909,True,0.5913779345508936
16,53,6.5,7.0,138,-2.348320781497296,0.2650201451839108,0.1449626706396799,0.1200574745442309,1.0524525430299263,True,0.7367167801209484
16,54,7.0,7.5,243,-2.348320781497296,0.2650201451839108,0.1449626706396799,0.1200574745442309,1.0524525430299263,True,0.7367167801209484
16,55,7.5,8.0,57,-2.348320781497296,-0.7250841322821986,0.1449626706396799,-0.8700468029218785,-0.9050944918322592,True,-0.6335661442825814
16,56,8.0,8.5,71,-2.348320781497296,0.0457545924374254,0.1449626706396799,-0.0992080782022545,-0.10320443087035515,True,-0.0722431016092486
16,57,8.5,9.0,162,-2.348320781497296,0.0457545924374256,0.1449626706396799,-0.0992080782022543,-0.10320443087035487,True,-0.0722431016092484
16,58,9.0,9.5,311,-2.348320781497296,0.4705767989757609,0.1449626706396799,0.3256141283360809,2.9338072722580733,True,2.053665090580651
16,59,9.5,10.0,350,-2.348320781497296,0.4705767989757619,0.1449626706396799,0.3256141283360819,2.933807272258082,True,2.0536650905806573
16,60,10.0,10.5,351,-2.348320781497296,0.470576798975762,0.1449626706396799,0.325614128336082,2.9338072722580835,True,2.053665090580658
16,61,10.5,11.0,301,-2.348320781497296,0.1781914948820086,0.1449626706396799,0.0332288242423286,0.257754396000362,True,0.1804280772002534
16,62,11.0,11.5,144,-2.348320781497296,-0.3111540224587977,0.1449626706396799,-0.4561166930984777,-0.4744902287667449,True,-0.3321431601367214
16,63,11.5,12.0,48,-2.348320781497296,-0.4605119021156909,0.1449626706396799,-0.6054745727553709,-0.6298646221157169,True,-0.4409052354810018
16,64,12.0,12.5,55,-2.348320781497296,-0.8110996341747001,0.1449626706396799,-0.95606230481438,-0.9945749160044295,True,-0.6962024412031006
16,65,12.5,13.0,43,-2.348320781497296,-0.425613996550441,0.1449626706396799,-0.570576667190121,-0.5935609405235139,True,-0.4154926583664597
16,66,13.0,13.5,0,-2.348320781497296,,0.1449626706396799,,,True,
16,67,13.5,14.0,45,-2.348320781497296,-0.7802172602362251,0.1449626706396799,-0.925179930875905,-0.962448521823624,True,-0.6737139652765367
16,68,14.0,14.5,47,-2.348320781497296,-0.6201899705140689,0.1449626706396799,-0.7651526411537488,-0.7959749275480597,True,-0.5571824492836417
16,69,14.5,15.0,0,-2.348320781497296,,0.1449626706396799,,,True,
16,70,15.0,15.5,55,-2.348320781497296,-0.7915700698528149,0.1449626706396799,-0.9365327404924948,-0.9742586513664118,True,-0.6819810559564882
16,71,15.5,16.0,0,-2.348320781497296,,0.1449626706396799,,,True,
16,72,16.0,16.5,54,-2.348320781497296,-0.805181659406924,0.1449626706396799,-0.950144330046604,-0.9884185502237287,True,-0.69189298515661
16,73,16.5,17.0,49,-2.348320781497296,-0.9152770415665542,0.1449626706396799,-1.060239712206234,-1.102948853230653,True,-0.772064197261457
16,74,17.0,17.5,116,-2.348320781497296,-0.6113994443895303,0.1449626706396799,-0.7563621150292102,-0.7868302967662351,True,-0.5507812077363645
16,75,17.5,18.0,108,-2.348320781497296,-0.6279776663287713,0.1449626706396799,-0.7729403369684512,-0.8040763314751598,True,-0.5628534320326118
16,76,18.0,18.5,105,-2.348320781497296,-0.4135288636000622,0.1449626706396799,-0.5584915342397422,-0.5809889878081949,True,-0.4066922914657364
16,77,18.5,19.0,143,-2.348320781497296,-0.62888890784466,0.1449626706396799,-0.7738515784843399,-0.805024280107337,True,-0.5635169960751358
16,78,19.0,19.5,117,-2.348320781497296,-0.5727483081449382,0.1449626706396799,-0.7177109787846181,-0.7466221948565961,True,-0.5226355363996172
16,79,19.5,20.0,32,-2.348320781497296,-0.5074814533242477,0.1449626706396799,-0.6524441239639276,-0.6787262258132769,True,-0.4751083580692938
17,0,-20.0,-19.5,113,-2.293780505128148,-0.4870602595192493,0.0681833957049717,-0.555243655224221,-0.6651211780261383,True,-0.4655848246182968
17,1,-19.5,-19.0,238,-2.293780505128148,0.0230457004697469,0.0681833957049717,-0.0451376952352247,-0.05407002267520515,True,-0.0378490158726436
17,2,-19.0,-18.5,8,-2.293780505128148,0.023045700469747,0.0681833957049717,-0.0451376952352246,-0.054070022675205,True,-0.0378490158726435
17,3,-18.5,-18.0,178,-2.293780505128148,0.1666307937873476,0.0681833957049717,0.0984473980823758,1.3430490675356046,True,0.9401343472749232
17,4,-18.0,-17.5,126,-2.293780505128148,0.1666307937873473,0.0681833957049717,0.0984473980823755,1.3430490675356,True,0.9401343472749198
17,5,-17.5,-17.0,83,-2.293780505128148,-0.3495744923151911,0.0681833957049717,-0.4177578880201629,-0.5004282642319898,True,-0.3502997849623929
17,6,-17.0,-16.5,148,-2.293780505128148,0.1633348418652158,0.0681833957049717,0.0951514461602441,1.2892787018797813,True,0.9024950913158468
17,7,-16.5,-16.0,0,-2.293780505128148,,0.0681833957049717,,,True,
17,8,-16.0,-15.5,231,-2.293780505128148,0.1945165417557229,0.0681833957049717,0.1263331460507512,1.7979789027608393,True,1.2585852319325874
17,9,-15.5,-15.0,44,-2.293780505128148,-0.6453395356735312,0.0681833957049717,-0.713522931378503,-0.8547224415837523,True,-0.5983057091086266
17,10,-15.0,-14.5,277,-2.293780505128148,0.1266206396585016,0.0681833957049717,0.0584372439535298,0.690320912428758,True,0.4832246387001306
17,11,-14.5,-14.0,43,-2.293780505128148,0.1266206396585015,0.0681833957049717,0.0584372439535298,0.690320912428758,True,0.4832246387001306
17,12,-14.0,-13.5,146,-2.293780505128148,0.1365047593269573,0.0681833957049717,0.0683213636219856,0.8515710584609381,True,0.5960997409226566
17,13,-13.5,-13.0,171,-2.293780505128148,0.1365047593269573,0.0681833957049717,0.0683213636219856,0.8515710584609381,True,0.5960997409226566
17,14,-13.0,-12.5,0,-2.293780505128148,,0.0681833957049717,,,True,
17,15,-12.5,-12.0,167,-2.293780505128148,0.0913952623388852,0.0681833957049717,0.0232118666339135,0.11565190523793602,True,0.0809563336665552
17,16,-12.0,-11.5,15,-2.293780505128148,0.0913952623388856,0.0681833957049717,0.0232118666339138,0.11565190523794101,True,0.0809563336665587
17,17,-11.5,-11.0,230,-2.293780505128148,0.0507829625646488,0.0681833957049717,-0.0174004331403228,-0.020843816006835575,True,-0.0145906712047849
17,18,-11.0,-10.5,80,-2.293780505128148,0.050782962564649,0.0681833957049717,-0.0174004331403226,-0.020843816006835287,True,-0.0145906712047847
17,19,-10.5,-10.0,129,-2.293780505128148,0.0866090126108966,0.0681833957049717,0.0184256169059249,0.037568728033221005,True,0.0262981096232547
17,20,-10.0,-9.5,133,-2.293780505128148,-0.3201672983244168,0.0681833957049717,-0.3883506940293885,-0.46520166177457234,True,-0.3256411632422006
17,21,-9.5,-9.0,126,-2.293780505128148,0.1591535197773695,0.0681833957049717,0.0909701240723978,1.22106435200454,True,0.854745046403178
17,22,-9.0,-8.5,95,-2.293780505128148,0.1591535197773696,0.0681833957049717,0.0909701240723978,1.22106435200454,True,0.854745046403178
17,23,-8.5,-8.0,53,-2.293780505128148,-0.9702801042777832,0.0681833957049717,-1.038463499982755,-1.2439657075716666,True,-0.8707759953001666
17,24,-8.0,-7.5,198,-2.293780505128148,0.0442370563456277,0.0681833957049717,-0.0239463393593439,-0.02868509580297443,True,-0.0200795670620821
17,25,-7.5,-7.0,0,-2.293780505128148,,0.0681833957049717,,,True,
17,26,-7.0,-6.5,39,-2.293780505128148,-0.0082271375402576,0.0681833957049717,-0.0764105332452293,-0.09153146264255643,True,-0.0640720238497895
17,27,-6.5,-6.0,142,-2.293780505128148,-0.0082271375402576,0.0681833957049717,-0.0764105332452293,-0.09153146264255643,True,-0.0640720238497895
17,28,-6.0,-5.5,99,-2.293780505128148,0.0855838288452943,0.0681833957049717,0.0174004331403226,0.020843816006835287,True,0.0145906712047847
17,29,-5.5,-5.0,94,-2.293780505128148,0.0855838288452943,0.0681833957049717,0.0174004331403226,0.020843816006835287,True,0.0145906712047847
17,30,-5.0,-4.5,0,-2.293780505128148,,0.0681833957049717,,,True,
17,31,-4.5,-4.0,187,-2.293780505128148,0.0947132436356953,0.0681833957049717,0.0265298479307236,0.16978165948910628,True,0.1188471616423744
17,32,-4.0,-3.5,42,-2.293780505128148,-1.0844678842685926,0.0681833957049717,-1.1526512799735644,-1.380750180530672,True,-0.9665251263714704
17,33,-3.5,-3.0,207,-2.293780505128148,0.1547012007756558,0.0681833957049717,0.086517805070684,1.1484289415390616,True,0.8039002590773431
17,34,-3.0,-2.5,44,-2.293780505128148,-0.7111497066419437,0.0681833957049717,-0.7793331023469154,-0.9335558294644944,True,-0.6534890806251461
17,35,-2.5,-2.0,182,-2.293780505128148,-0.1080106457914759,0.0681833957049717,-0.1761940414964476,-0.21106119329536357,True,-0.1477428353067545
17,36,-2.0,-1.5,0,-2.293780505128148,,0.0681833957049717,,,True,
17,37,-1.5,-1.0,68,-2.293780505128148,-0.8220849928283228,0.0681833957049717,-0.8902683885332945,-1.0664441705355057,True,-0.7465109193748539
17,38,-1.0,-0.5,192,-2.293780505128148,-0.0789312326412617,0.0681833957049717,-0.1471146283462334,-0.17622723643912758,True,-0.1233590655073893
17,39,-0.5,0.0,44,-2.293780505128148,-0.0789312326412618,0.0681833957049717,-0.1471146283462335,-0.17622723643912772,True,-0.1233590655073894
17,40,0.0,0.5,266,-2.293780505128148,0.0563793408157024,0.0681833957049717,-0.0118040548892692,-0.014139966876821715,True,-0.0098979768137752
17,41,0.5,1.0,0,-2.293780505128148,,0.0681833957049717,,,True,
17,42,1.0,1.5,172,-2.293780505128148,0.0467473477469455,0.0681833957049717,-0.0214360479580261,-0.025678041227341002,True,-0.0179746288591387
17,43,1.5,2.0,103,-2.293780505128148,0.0467473477469453,0.0681833957049717,-0.0214360479580263,-0.025678041227341283,True,-0.0179746288591389
17,44,2.0,2.5,114,-2.293780505128148,0.0783197956611366,0.0681833957049717,0.0101363999561649,0.012142298640163428,True,0.0084996090481144
17,45,2.5,3.0,98,-2.293780505128148,-0.4152580827927679,0.0681833957049717,-0.4834414784977396,-0.579110022527436,True,-0.4053770157692052
17,46,3.0,3.5,192,-2.293780505128148,0.0777670717085089,0.0681833957049717,0.0095836760035371,0.01148019579029557,True,0.0080361370532069
17,47,3.5,4.0,117,-2.293780505128148,-0.3184128535794648,0.0681833957049717,-0.3865962492844365,-0.4631000288345741,True,-0.3241700201842018
17,48,4.0,4.5,119,-2.293780505128148,0.1283826059562508,0.0681833957049717,0.0601992102512791,0.71906574073376,True,0.5033460185136319
17,49,4.5,5.0,208,-2.293780505128148,-0.1873195339679107,0.0681833957049717,-0.2555029296728824,-0.3060645681840903,True,-0.2142451977288632
17,50,5.0,5.5,48,-2.293780505128148,-0.7133511031174632,0.0681833957049717,-0.7815344988224349,-0.9361928616994847,True,-0.6553350031896392
17,51,5.5,6.0,250,-2.293780505128148,0.1649241622077967,0.0681833957049717,0.096740766502825,1.3152069732817326,True,0.9206448812972128
17,52,6.0,6.5,31,-2.293780505128148,0.1649241622077975,0.0681833957049717,0.0967407665028257,1.315206973281744,True,0.9206448812972208
17,53,6.5,7.0,194,-2.293780505128148,0.0855205361217415,0.0681833957049717,0.0173371404167698,0.02076799824565286,True,0.014537598771957
17,54,7.0,7.5,294,-2.293780505128148,0.0855205361217415,0.0681833957049717,0.0173371404167697,0.020767998245652716,True,0.0145375987719569
17,55,7.5,8.0,106,-2.293780505128148,-0.7755348528111554,0.0681833957049717,-0.8437182485161272,-1.010682193475188,True,-0.7074775354326315
17,56,8.0,8.5,301,-2.293780505128148,0.14979187355506,0.0681833957049717,0.0816084778500882,1.0683378704275655,True,0.7478365092992958
17,57,8.5,9.0,32,-2.293780505128148,0.1234012054921016,0.0681833957049717,0.0552178097871299,0.6377988622223306,True,0.4464592035556314
17,58,9.0,9.5,351,-2.293780505128148,0.0442292013032243,0.0681833957049717,-0.0239541944017473,-0.02869450528475343,True,-0.0200861536993274
17,59,9.5,10.0,293,-2.293780505128148,-0.0146275691775665,0.0681833957049717,-0.0828109648825383,-0.09919847979876988,True,-0.0694389358591389
17,60,10.0,10.5,264,-2.293780505128148,-0.0468443725844668,0.0681833957049717,-0.1150277682894385,-0.13779068708041942,True,-0.0964534809562936
17,61,10.5,11.0,85,-2.293780505128148,-0.227627396088799,0.0681833957049717,-0.2958107917937708,-0.3543489789744019,True,-0.2480442852820813
17,62,11.0,11.5,99,-2.293780505128148,-0.1364073554606232,0.0681833957049717,-0.204590751165595,-0.2450773460411026,True,-0.1715541422287718
17,63,11.5,12.0,175,-2.293780505128148,-0.7540611831824884,0.0681833957049717,-0.8222445788874602,-0.9849590856006901,True,-0.689471359920483
17,64,12.0,12.5,34,-2.293780505128148,-0.8071716116980735,0.0681833957049717,-0.8753550074030452,-1.048579570855031,True,-0.7340056995985217
17,65,12.5,13.0,0,-2.293780505128148,,0.0681833957049717,,,True,
17,66,13.0,13.5,0,-2.293780505128148,,0.0681833957049717,,,True,
17,67,13.5,14.0,48,-2.293780505128148,-0.8872331784399564,0.0681833957049717,-0.955416574144928,-1.1444845723529329,True,-0.8011392006470529
17,68,14.0,14.5,180,-2.293780505128148,-0.9691653186586516,0.0681833957049717,-1.0373487143636233,-1.242630316311871,True,-0.8698412214183097
17,69,14.5,15.0,56,-2.293780505128148,-0.7245070953339344,0.0681833957049717,-0.7926904910389061,-0.9495565203658288,True,-0.6646895642560802
17,70,15.0,15.5,95,-2.293780505128148,-0.8723235974602617,0.0681833957049717,-0.9405069931652336,-1.126624524837242,True,-0.7886371673860693
17,71,15.5,16.0,81,-2.293780505128148,-0.8167577743250263,0.0681833957049717,-0.8849411700299981,-1.0600627453482439,True,-0.7420439217437707
17,72,16.0,16.5,0,-2.293780505128148,,0.0681833957049717,,,True,
17,73,16.5,17.0,74,-2.293780505128148,-0.5569830814789192,0.0681833957049717,-0.625166477183891,-0.7488810720386991,True,-0.5242167504270894
17,74,17.0,17.5,0,-2.293780505128148,,0.0681833957049717,,,True,
17,75,17.5,18.0,32,-2.293780505128148,-0.9259045929285454,0.0681833957049717,-0.9940879886335172,-1.1908086978401493,True,-0.8335660884881044
17,76,18.0,18.5,16,-2.293780505128148,-0.9259045929285448,0.0681833957049717,-0.9940879886335164,-1.1908086978401482,True,-0.8335660884881038
17,77,18.5,19.0,0,-2.293780505128148,,0.0681833957049717,,,True,
17,78,19.0,19.5,94,-2.293780505128148,-0.7247783933817792,0.0681833957049717,-0.7929617890867509,-0.9498815057582434,True,-0.6649170540307703
17,79,19.5,20.0,17,-2.293780505128148,-1.4791714860095058,0.0681833957049717,-1.5473548817144775,-1.8535619309955405,True,-1.2974933516968783
18,0,-20.0,-19.5,182,-2.378243224821845,0.0540626753220614,0.1041810186502887,-0.0501183433282273,-0.06510284134085315,True,-0.0455719889385972
18,1,-19.5,-19.0,63,-2.378243224821845,0.0540626753220614,0.1041810186502887,-0.0501183433282273,-0.06510284134085315,True,-0.0455719889385972
18,2,-19.0,-18.5,194,-2.378243224821845,0.2258000102413383,0.1041810186502887,0.1216189915910495,0.7725040504386858,True,0.54075283530708
18,3,-18.5,-18.0,90,-2.378243224821845,-0.783621086291797,0.1041810186502887,-0.8878021049420858,-1.1532392282321766,True,-0.8072674597625236
18,4,-18.0,-17.5,210,-2.378243224821845,0.2151751623995251,0.1041810186502887,0.1109941437492363,0.6949648522468759,True,0.4864753965728131
18,5,-17.5,-17.0,6,-2.378243224821845,0.2151751623995244,0.1041810186502887,0.1109941437492356,0.6949648522468707,True,0.4864753965728094
18,6,-17.0,-16.5,105,-2.378243224821845,0.0758972290825179,0.1041810186502887,-0.0282837895677708,-0.03674014228063243,True,-0.0257180995964427
18,7,-16.5,-16.0,127,-2.378243224821845,0.0758972290825179,0.1041810186502887,-0.0282837895677708,-0.03674014228063243,True,-0.0257180995964427
18,8,-16.0,-15.5,0,-2.378243224821845,,0.1041810186502887,,,True,
18,9,-15.5,-15.0,0,-2.378243224821845,,0.1041810186502887,,,True,
18,10,-15.0,-14.5,0,-2.378243224821845,,0.1041810186502887,,,True,
18,11,-14.5,-14.0,244,-2.378243224821845,0.2429893308967426,0.1041810186502887,0.1388083122464539,0.897950189614126,True,0.6285651327298881
18,12,-14.0,-13.5,0,-2.378243224821845,,0.1041810186502887,,,True,
18,13,-13.5,-13.0,0,-2.378243224821845,,0.1041810186502887,,,True,
18,14,-13.0,-12.5,84,-2.378243224821845,-0.8156544283925643,0.1041810186502887,-0.919835447042853,-1.1948499729199198,True,-0.8363949810439438
18,15,-12.5,-12.0,176,-2.378243224821845,0.1233612044870552,0.1041810186502887,0.0191801858367664,0.024914722085712,True,0.0174403054599984
18,16,-12.0,-11.5,61,-2.378243224821845,-0.6781564706946926,0.1041810186502887,-0.7823374893449814,-1.0162425583437424,True,-0.7113697908406197
18,17,-11.5,-11.0,0,-2.378243224821845,,0.1041810186502887,,,True,
18,18,-11.0,-10.5,0,-2.378243224821845,,0.1041810186502887,,,True,
18,19,-10.5,-10.0,160,-2.378243224821845,-0.1767067524898207,0.1041810186502887,-0.2808877711401095,-0.36486824553159536,True,-0.2554077718721167
18,20,-10.0,-9.5,144,-2.378243224821845,-0.1975178551218175,0.1041810186502887,-0.3016988737721062,-0.39190149968179816,True,-0.2743310497772587
18,21,-9.5,-9.0,120,-2.378243224821845,0.2569727577688345,0.1041810186502887,0.1527917391185457,1.0000000000000007,True,0.7000000000000004
18,22,-9.0,-8.5,55,-2.378243224821845,0.2569727577688336,0.1041810186502887,0.1527917391185449,0.9999999999999948,True,0.6999999999999963
18,23,-8.5,-8.0,77,-2.378243224821845,0.1373989111747218,0.1041810186502887,0.0332178925244331,0.12736066175647986,True,0.0891524632295359
18,24,-8.0,-7.5,165,-2.378243224821845,0.1373989111747216,0.1041810186502887,0.0332178925244329,0.12736066175647828,True,0.0891524632295348
18,25,-7.5,-7.0,0,-2.378243224821845,,0.1041810186502887,,,True,
18,26,-7.0,-6.5,99,-2.378243224821845,-0.7147495986048977,0.1041810186502887,-0.8189306172551865,-1.0637763841308745,True,-0.7446434688916121
18,27,-6.5,-6.0,0,-2.378243224821845,,0.1041810186502887,,,True,
18,28,-6.0,-5.5,196,-2.378243224821845,0.0086568574056473,0.1041810186502887,-0.0955241612446413,-0.12408419554094471,True,-0.0868589368786613
18,29,-5.5,-5.0,0,-2.378243224821845,,0.1041810186502887,,,True,
18,30,-5.0,-4.5,94,-2.378243224821845,-0.2774062395797204,0.1041810186502887,-0.3815872582300091,-0.49567509778895447,True,-0.3469725684522681
18,31,-4.5,-4.0,205,-2.378243224821845,0.1565310376180413,0.1041810186502887,0.0523500189677525,0.2669852254402213,True,0.1868896578081549
18,32,-4.0,-3.5,87,-2.378243224821845,-0.5531158274855285,0.1041810186502887,-0.6572968461358172,-0.8538169749063184,True,-0.5976718824344228
18,33,-3.5,-3.0,145,-2.378243224821845,0.0741442512564874,0.1041810186502887,-0.0300367673938013,-0.039017229464753715,True,-0.0273120606253276
18,34,-3.0,-2.5,48,-2.378243224821845,0.0850008328135222,0.1041810186502887,-0.0191801858367665,-0.024914722085712146,True,-0.0174403054599985
18,35,-2.5,-2.0,206,-2.378243224821845,0.0850008328135222,0.1041810186502887,-0.0191801858367664,-0.024914722085712,True,-0.0174403054599984
18,36,-2.0,-1.5,64,-2.378243224821845,0.3212430718235631,0.1041810186502887,0.2170620531732743,1.4690390576444252,True,1.0283273403510975
18,37,-1.5,-1.0,134,-2.378243224821845,0.321243071823564,0.1041810186502887,0.2170620531732752,1.469039057644432,True,1.0283273403511024
18,38,-1.0,-0.5,122,-2.378243224821845,0.1501949900387914,0.1041810186502887,0.0460139713885026,0.2207453115784193,True,0.1545217181048935
18,39,-0.5,0.0,137,-2.378243224821845,0.1501949900387914,0.1041810186502887,0.0460139713885026,0.2207453115784193,True,0.1545217181048935
18,40,0.0,0.5,0,-2.378243224821845,,0.1041810186502887,,,True,
18,41,0.5,1.0,301,-2.378243224821845,0.072666163904028,0.1041810186502887,-0.0315148547462607,-0.04093723878678757,True,-0.0286560671507513
18,42,1.0,1.5,31,-2.378243224821845,0.0726661639040278,0.1041810186502887,-0.0315148547462609,-0.04093723878678786,True,-0.0286560671507515
18,43,1.5,2.0,91,-2.378243224821845,0.1172331252157336,0.1041810186502887,0.0130521065654449,0.01695445552398143,True,0.011868118866787
18,44,2.0,2.5,164,-2.378243224821845,-0.1004597672393466,0.1041810186502887,-0.2046407858896354,-0.26582476057497545,True,-0.1860773324024828
18,45,2.5,3.0,27,-2.378243224821845,-0.68460581803121,0.1041810186502887,-0.7887868366814987,-1.0246201464386162,True,-0.7172341025070312
18,46,3.0,3.5,225,-2.378243224821845,0.098343742762308,0.1041810186502887,-0.0058372758879807,-0.0075825181113670015,True,-0.0053077626779569
18,47,3.5,4.0,0,-2.378243224821845,,0.1041810186502887,,,True,
18,48,4.0,4.5,65,-2.378243224821845,0.216888947919283,0.1041810186502887,0.1127079292689942,0.707471907129281,True,0.4952303349904967
18,49,4.5,5.0,187,-2.378243224821845,0.2168889479192825,0.1041810186502887,0.1127079292689937,0.7074719071292774,True,0.4952303349904942
18,50,5.0,5.5,0,-2.378243224821845,,0.1041810186502887,,,True,
18,51,5.5,6.0,278,-2.378243224821845,0.0602718890908303,0.1041810186502887,-0.0439091295594584,-0.05703718250228715,True,-0.039926027751601
18,52,6.0,6.5,0,-2.378243224821845,,0.1041810186502887,,,True,
18,53,6.5,7.0,0,-2.378243224821845,,0.1041810186502887,,,True,
18,54,7.0,7.5,251,-2.378243224821845,0.0627838561070142,0.1041810186502887,-0.0413971625432745,-0.05377418178741772,True,-0.0376419272511924
18,55,7.5,8.0,0,-2.378243224821845,,0.1041810186502887,,,True,
18,56,8.0,8.5,185,-2.378243224821845,-0.1753100927123955,0.1041810186502887,-0.2794911113626842,-0.36305400918899733,True,-0.2541378064322981
18,57,8.5,9.0,179,-2.378243224821845,-0.4195295671785977,0.1041810186502887,-0.5237105858288865,-0.6802907860392207,True,-0.4762035502274544
18,58,9.0,9.5,285,-2.378243224821845,0.3044706676548491,0.1041810186502887,0.2002896490045604,1.3466355380502,True,0.94264487663514
18,59,9.5,10.0,350,-2.378243224821845,0.3044706676548501,0.1041810186502887,0.2002896490045614,1.3466355380502075,True,0.9426448766351452
18,60,10.0,10.5,239,-2.378243224821845,0.17127327589279,0.1041810186502887,0.0670922572425013,0.37457277421226615,True,0.2622009419485863
18,61,10.5,11.0,117,-2.378243224821845,-0.0696915926702496,0.1041810186502887,-0.1738726113205384,-0.22585744612882086,True,-0.1581002122901746
18,62,11.0,11.5,112,-2.378243224821845,-0.3313397507683288,0.1041810186502887,-0.4355207694186175,-0.5657337746863916,True,-0.3960136422804741
18,63,11.5,12.0,0,-2.378243224821845,,0.1041810186502887,,,True,
18,64,12.0,12.5,0,-2.378243224821845,,0.1041810186502887,,,True,
18,65,12.5,13.0,0,-2.378243224821845,,0.1041810186502887,,,True,
18,66,13.0,13.5,56,-2.378243224821845,-0.8769510921215377,0.1041810186502887,-0.9811321107718264,-1.2744732547059208,True,-0.8921312782941444
18,67,13.5,14.0,36,-2.378243224821845,-0.7806714878229538,0.1041810186502887,-0.8848525064732425,-1.149407752002431,True,-0.8045854264017017
18,68,14.0,14.5,5,-2.378243224821845,-0.7806714878229544,0.1041810186502887,-0.8848525064732431,-1.149407752002432,True,-0.8045854264017023
18,69,14.5,15.0,0,-2.378243224821845,,0.1041810186502887,,,True,
18,70,15.0,15.5,58,-2.378243224821845,-0.516784059435711,0.1041810186502887,-0.6209650780859998,-0.8066226509541184,True,-0.5646358556678829
18,71,15.5,16.0,54,-2.378243224821845,-0.7152061646348927,0.1041810186502887,-0.8193871832851815,-1.0643694553267384,True,-0.7450586187287168
18,72,16.0,16.5,0,-2.378243224821845,,0.1041810186502887,,,True,
18,73,16.5,17.0,51,-2.378243224821845,-0.5632632774223642,0.1041810186502887,-0.6674442960726529,-0.8669983328559534,True,-0.6068988329991674
18,74,17.0,17.5,0,-2.378243224821845,,0.1041810186502887,,,True,
18,75,17.5,18.0,35,-2.378243224821845,-0.6613902957867878,0.1041810186502887,-0.7655713144370765,-0.9944635937484071,True,-0.6961245156238849
18,76,18.0,18.5,22,-2.378243224821845,-0.6613902957867878,0.1041810186502887,-0.7655713144370765,-0.9944635937484071,True,-0.6961245156238849
18,77,18.5,19.0,0,-2.378243224821845,,0.1041810186502887,,,True,
18,78,19.0,19.5,0,-2.378243224821845,,0.1041810186502887,,,True,
18,79,19.5,20.0,0,-2.378243224821845,,0.1041810186502887,,,True,
19,0,-20.0,-19.5,223,-2.3608547813730687,0.2102904911905129,0.0634359213875054,0.1468545698030075,1.8262076910007126,True,1.2783453837004988
19,1,-19.5,-19.0,46,-2.3608547813730687,-0.6861416346083253,0.0634359213875054,-0.7495775559958308,-1.0070918073689068,True,-0.7049642651582347
19,2,-19.0,-18.5,287,-2.3608547813730687,0.0873946557793051,0.0634359213875054,0.0239587343917996,0.258750485011481,True,0.1811253395080367
19,3,-18.5,-18.0,8,-2.3608547813730687,0.0235198032585295,0.0634359213875054,-0.0399161181289758,-0.05362913447462472,True,-0.0375403941322373
19,4,-18.0,-17.5,268,-2.3608547813730687,0.0235198032585293,0.0634359213875054,-0.039916118128976,-0.05362913447462501,True,-0.0375403941322375
19,5,-17.5,-17.0,0,-2.3608547813730687,,0.0634359213875054,,,True,
19,6,-17.0,-16.5,55,-2.3608547813730687,-0.8329437831016697,0.0634359213875054,-0.8963797044891751,-1.204327223329818,True,-0.8430290563308724
19,7,-16.5,-16.0,147,-2.3608547813730687,-0.2176653148826293,0.0634359213875054,-0.2811012362701348,-0.37767239670460284,True,-0.264370677693222
19,8,-16.0,-15.5,198,-2.3608547813730687,0.1687923460754524,0.0634359213875054,0.105356424687947,1.296925584913526,True,0.907847909439468
19,9,-15.5,-15.0,65,-2.3608547813730687,-0.5738086322661886,0.0634359213875054,-0.637244553653694,-0.8561672693394526,True,-0.5993170885376168
19,10,-15.0,-14.5,264,-2.3608547813730687,-0.0342343707088617,0.0634359213875054,-0.0976702920963672,-0.13122451467066942,True,-0.0918571602694686
19,11,-14.5,-14.0,15,-2.3608547813730687,0.0918396608166016,0.0634359213875054,0.0284037394290962,0.3154436606024709,True,0.2208105624217296
19,12,-14.0,-13.5,157,-2.3608547813730687,0.1224436974004135,0.0634359213875054,0.059007776012908,0.7057784308177929,True,0.494044901572455
19,13,-13.5,-13.0,83,-2.3608547813730687,0.1455120181191434,0.0634359213875054,0.082076096731638,1.0000000000000018,True,0.7000000000000012
19,14,-13.0,-12.5,128,-2.3608547813730687,0.1455120181191432,0.0634359213875054,0.0820760967316378,0.999999999999999,True,0.6999999999999993
19,15,-12.5,-12.0,252,-2.3608547813730687,-0.0934975404664772,0.0634359213875054,-0.1569334618539826,-0.21084729988375717,True,-0.14759310991863
19,16,-12.0,-11.5,73,-2.3608547813730687,0.0798535746747112,0.0634359213875054,0.0164176532872058,0.16256885380490574,True,0.113798197663434
19,17,-11.5,-11.0,193,-2.3608547813730687,0.0905827168380106,0.0634359213875054,0.0271467954505052,0.2994121499318696,True,0.2095885049523087
19,18,-11.0,-10.5,93,-2.3608547813730687,0.0905827168380106,0.0634359213875054,0.0271467954505052,0.2994121499318696,True,0.2095885049523087
19,19,-10.5,-10.0,58,-2.3608547813730687,0.1109469107814832,0.0634359213875054,0.0475109893939778,0.5591443242081945,True,0.3914010269457361
19,20,-10.0,-9.5,332,-2.3608547813730687,0.1463383629736496,0.0634359213875054,0.0829024415861442,1.010539496253019,True,0.7073776473771133
19,21,-9.5,-9.0,38,-2.3608547813730687,0.1843841740802292,0.0634359213875054,0.1209482526927238,1.4957893062012144,True,1.04705251434085
19,22,-9.0,-8.5,181,-2.3608547813730687,-0.0112466393137127,0.0634359213875054,-0.0746825607012181,-0.10033944377591016,True,-0.0702376106431371
19,23,-8.5,-8.0,157,-2.3608547813730687,-0.0112466393137127,0.0634359213875054,-0.0746825607012181,-0.10033944377591016,True,-0.0702376106431371
19,24,-8.0,-7.5,84,-2.3608547813730687,0.0634359213875054,0.0634359213875054,0.0,0.0,True,0.0
19,25,-7.5,-7.0,217,-2.3608547813730687,0.0634359213875052,0.0634359213875054,-2.0816681711721683e-16,-2.7968166123423347e-16,True,-1.957771628639634e-16
19,26,-7.0,-6.5,0,-2.3608547813730687,,0.0634359213875054,,,True,
19,27,-6.5,-6.0,124,-2.3608547813730687,0.077009194674275,0.0634359213875054,0.0135732732867696,0.1262906193689097,True,0.0884034335582368
19,28,-6.0,-5.5,204,-2.3608547813730687,0.0148008859971192,0.0634359213875054,-0.0486350353903861,-0.06534339949344357,True,-0.0457403796454105
19,29,-5.5,-5.0,28,-2.3608547813730687,-0.6694905094515953,0.0634359213875054,-0.7329264308391007,-0.984720257427635,True,-0.6893041801993445
19,30,-5.0,-4.5,0,-2.3608547813730687,,0.0634359213875054,,,True,
19,31,-4.5,-4.0,207,-2.3608547813730687,0.0102267628005296,0.0634359213875054,-0.0532091585869757,-0.071488943687415,True,-0.0500422605811905
19,32,-4.0,-3.5,0,-2.3608547813730687,,0.0634359213875054,,,True,
19,33,-3.5,-3.0,119,-2.3608547813730687,0.0787164351391264,0.0634359213875054,0.015280513751621,0.14806537162177313,True,0.1036457601352412
19,34,-3.0,-2.5,175,-2.3608547813730687,0.0787164351391264,0.0634359213875054,0.015280513751621,0.14806537162177313,True,0.1036457601352412
19,35,-2.5,-2.0,54,-2.3608547813730687,-0.9857586253021252,0.0634359213875054,-1.0491945466896306,-1.4096409689101448,True,-0.9867486782371012
19,36,-2.0,-1.5,138,-2.3608547813730687,0.0029806892455965,0.0634359213875054,-0.0604552321419088,-0.08122437567092844,True,-0.0568570629696499
19,37,-1.5,-1.0,65,-2.3608547813730687,0.0029806892455965,0.0634359213875054,-0.0604552321419088,-0.08122437567092844,True,-0.0568570629696499
19,38,-1.0,-0.5,28,-2.3608547813730687,-0.6979222572074464,0.0634359213875054,-0.7613581785949518,-1.0229196138585475,True,-0.7160437297009832
19,39,-0.5,0.0,74,-2.3608547813730687,-0.7250913356558822,0.0634359213875054,-0.7885272570433877,-1.0594225161937598,True,-0.7415957613356318
19,40,0.0,0.5,116,-2.3608547813730687,0.0743959690341069,0.0634359213875054,0.0109600476466015,0.09296060987874472,True,0.0650724269151213
19,41,0.5,1.0,69,-2.3608547813730687,0.0743959690341068,0.0634359213875054,0.0109600476466013,0.09296060987874215,True,0.0650724269151195
19,42,1.0,1.5,239,-2.3608547813730687,0.1525917829071901,0.0634359213875054,0.0891558615196847,1.0902978387884477,True,0.7632084871519133
19,43,1.5,2.0,50,-2.3608547813730687,-0.5039240009014421,0.0634359213875054,-0.5673599222889475,-0.7622740635657943,True,-0.533591844496056
19,44,2.0,2.5,78,-2.3608547813730687,0.1501847092835112,0.0634359213875054,0.0867487878960057,1.0595971654567768,True,0.7417180158197437
19,45,2.5,3.0,127,-2.3608547813730687,0.1501847092835112,0.0634359213875054,0.0867487878960058,1.0595971654567782,True,0.7417180158197446
19,46,3.0,3.5,115,-2.3608547813730687,0.1363612465027762,0.0634359213875054,0.0729253251152708,0.8832878033462785,True,0.6183014623423949
19,47,3.5,4.0,60,-2.3608547813730687,0.1363612465027761,0.0634359213875054,0.0729253251152707,0.8832878033462771,True,0.6183014623423939
19,48,4.0,4.5,101,-2.3608547813730687,0.1537527935839832,0.0634359213875054,0.0903168721964777,1.1051057819988945,True,0.7735740473992262
19,49,4.5,5.0,103,-2.3608547813730687,0.1537527935839832,0.0634359213875054,0.0903168721964777,1.1051057819988945,True,0.7735740473992262
19,50,5.0,5.5,191,-2.3608547813730687,-0.2512589575446837,0.0634359213875054,-0.3146948789321891,-0.42280699556500645,True,-0.2959648968955045
19,51,5.5,6.0,267,-2.3608547813730687,0.1848439151504452,0.0634359213875054,0.1214079937629398,1.5016530073672307,True,1.0511571051570614
19,52,6.0,6.5,0,-2.3608547813730687,,0.0634359213875054,,,True,
19,53,6.5,7.0,201,-2.3608547813730687,0.2014556685258405,0.0634359213875054,0.1380197471383351,1.7135252196782156,True,1.1994676537747508
19,54,7.0,7.5,35,-2.3608547813730687,0.2014556685258404,0.0634359213875054,0.138019747138335,1.7135252196782143,True,1.19946765377475
19,55,7.5,8.0,108,-2.3608547813730687,-0.5781649603615313,0.0634359213875054,-0.6416008817490367,-0.8620201958310978,True,-0.6034141370817684
19,56,8.0,8.5,337,-2.3608547813730687,0.0941918036416105,0.0634359213875054,0.030755882254105,0.3454437269858406,True,0.2418106088900884
19,57,8.5,9.0,65,-2.3608547813730687,-0.7211382727281666,0.0634359213875054,-0.784574194115672,-1.054111394940633,True,-0.7378779764584431
19,58,9.0,9.5,251,-2.3608547813730687,-0.0550760483262309,0.0634359213875054,-0.1185119697137363,-0.15922626393915087,True,-0.1114583847574056
19,59,9.5,10.0,325,-2.3608547813730687,0.0862149261590888,0.0634359213875054,0.0227790047715834,0.24370379373720388,True,0.1705926556160427
19,60,10.0,10.5,257,-2.3608547813730687,0.0085034804015344,0.0634359213875054,-0.0549324409859709,-0.07380425258631258,True,-0.0516629768104188
19,61,10.5,11.0,109,-2.3608547813730687,0.1786345440208391,0.0634359213875054,0.1151986226333337,1.4224564789478886,True,0.995719535263522
19,62,11.0,11.5,99,-2.3608547813730687,-0.1007580752708445,0.0634359213875054,-0.16419399665835,-0.22060216121879403,True,-0.1544215128531558
19,63,11.5,12.0,0,-2.3608547813730687,,0.0634359213875054,,,True,
19,64,12.0,12.5,0,-2.3608547813730687,,0.0634359213875054,,,True,
19,65,12.5,13.0,0,-2.3608547813730687,,0.0634359213875054,,,True,
19,66,13.0,13.5,0,-2.3608547813730687,,0.0634359213875054,,,True,
19,67,13.5,14.0,0,-2.3608547813730687,,0.0634359213875054,,,True,
19,68,14.0,14.5,41,-2.3608547813730687,-1.2212465755752997,0.0634359213875054,-1.2846824969628052,-1.726029824949385,True,-1.2082208774645695
19,69,14.5,15.0,126,-2.3608547813730687,-0.7254685312844094,0.0634359213875054,-0.7889044526719148,-1.059929295811461,True,-0.7419505070680227
19,70,15.0,15.5,0,-2.3608547813730687,,0.0634359213875054,,,True,
19,71,15.5,16.0,0,-2.3608547813730687,,0.0634359213875054,,,True,
19,72,16.0,16.5,0,-2.3608547813730687,,0.0634359213875054,,,True,
19,73,16.5,17.0,65,-2.3608547813730687,-0.5288460484078356,0.0634359213875054,-0.592281969795341,-0.7957579768257148,True,-0.5570305837780003
19,74,17.0,17.5,43,-2.3608547813730687,-0.5739381075517119,0.0634359213875054,-0.6373740289392174,-0.856341225320744,True,-0.5994388577245208
19,75,17.5,18.0,104,-2.3608547813730687,-0.7201647109517094,0.0634359213875054,-0.7836006323392148,-1.052803370065562,True,-0.7369623590458934
19,76,18.0,18.5,0,-2.3608547813730687,,0.0634359213875054,,,True,
19,77,18.5,19.0,0,-2.3608547813730687,,0.0634359213875054,,,True,
19,78,19.0,19.5,0,-2.3608547813730687,,0.0634359213875054,,,True,
19,79,19.5,20.0,0,-2.3608547813730687,,0.0634359213875054,,,True,
20,0,-20.0,-19.5,310,-2.2437999626381684,0.1337484046297304,0.0032827956096482,0.1304656090200821,0.8123618084407024,True,0.5686532659084916
20,1,-19.5,-19.0,58,-2.2437999626381684,-0.0064094695916239,0.0032827956096482,-0.0096922652012722,-0.03617114373766686,True,-0.0253198006163668
20,2,-19.0,-18.5,266,-2.2437999626381684,-0.0166095529534155,0.0032827956096482,-0.0198923485630638,-0.07423744441700872,True,-0.0519662110919061
20,3,-18.5,-18.0,156,-2.2437999626381684,-0.103927205553823,0.0032827956096482,-0.1072100011634713,-0.4001034104690356,True,-0.2800723873283249
20,4,-18.0,-17.5,274,-2.2437999626381684,-0.0290310213787933,0.0032827956096482,-0.0323138169884416,-0.12059386477045272,True,-0.0844157053393169
20,5,-17.5,-17.0,0,-2.2437999626381684,,0.0032827956096482,,,True,
20,6,-17.0,-16.5,240,-2.2437999626381684,0.1459049720814249,0.0032827956096482,0.1426221764717766,0.8900351919417163,True,0.6230246343592014
20,7,-16.5,-16.0,63,-2.2437999626381684,-0.5331316978390858,0.0032827956096482,-0.536414493448734,-2.0018773055193715,True,-1.40131411386356
20,8,-16.0,-15.5,207,-2.2437999626381684,0.1871334671744408,0.0032827956096482,0.1838506715647926,1.1534612555286976,True,0.8074228788700883
20,9,-15.5,-15.0,102,-2.2437999626381684,0.187133467174441,0.0032827956096482,0.1838506715647928,1.153461255528699,True,0.8074228788700892
20,10,-15.0,-14.5,0,-2.2437999626381684,,0.0032827956096482,,,True,
20,11,-14.5,-14.0,172,-2.2437999626381684,0.1631154313947586,0.0032827956096482,0.1598326357851103,1.0000000000000002,True,0.7000000000000001
20,12,-14.0,-13.5,235,-2.2437999626381684,0.1631154313947583,0.0032827956096482,0.15983263578511,0.9999999999999982,True,0.6999999999999987
20,13,-13.5,-13.0,0,-2.2437999626381684,,0.0032827956096482,,,True,
20,14,-13.0,-12.5,133,-2.2437999626381684,0.1691327121211469,0.0032827956096482,0.1658499165114986,1.0384469181248093,True,0.7269128426873664
20,15,-12.5,-12.0,158,-2.2437999626381684,0.1691327121211469,0.0032827956096482,0.1658499165114986,1.0384469181248093,True,0.7269128426873664
20,16,-12.0,-11.5,219,-2.2437999626381684,0.15589596214516,0.0032827956096482,0.1526131665355117,0.9538717976167127,True,0.6677102583316988
20,17,-11.5,-11.0,350,-2.2437999626381684,0.1558959621451597,0.0032827956096482,0.1526131665355114,0.9538717976167108,True,0.6677102583316975
20,18,-11.0,-10.5,118,-2.2437999626381684,0.1558959621451607,0.0032827956096482,0.1526131665355125,0.9538717976167176,True,0.6677102583317023
20,19,-10.5,-10.0,0,-2.2437999626381684,,0.0032827956096482,,,True,
20,20,-10.0,-9.5,0,-2.2437999626381684,,0.0032827956096482,,,True,
20,21,-9.5,-9.0,230,-2.2437999626381684,-0.0024115217351723,0.0032827956096482,-0.0056943173448206,-0.021250963205212286,True,-0.0148756742436486
20,22,-9.0,-8.5,150,-2.2437999626381684,-0.5377088181317257,0.0032827956096482,-0.540991613741374,-2.0189589342791727,True,-1.4132712539954209
20,23,-8.5,-8.0,110,-2.2437999626381684,-0.1445013121408913,0.0032827956096482,-0.1477841077505396,-0.5515243436473424,True,-0.3860670405531397
20,24,-8.0,-7.5,156,-2.2437999626381684,-0.1445013121408917,0.0032827956096482,-0.14778410775054,-0.551524343647344,True,-0.3860670405531408
20,25,-7.5,-7.0,113,-2.2437999626381684,0.0464874159877624,0.0032827956096482,0.0432046203781141,0.2548149299819773,True,0.1783704509873841
20,26,-7.0,-6.5,148,-2.2437999626381684,0.0464874159877624,0.0032827956096482,0.0432046203781141,0.2548149299819773,True,0.1783704509873841
20,27,-6.5,-6.0,68,-2.2437999626381684,0.0089771129544689,0.0032827956096482,0.0056943173448206,0.021250963205212286,True,0.0148756742436486
20,28,-6.0,-5.5,210,-2.2437999626381684,0.0089771129544689,0.0032827956096482,0.0056943173448206,0.021250963205212286,True,0.0148756742436486
20,29,-5.5,-5.0,0,-2.2437999626381684,,0.0032827956096482,,,True,
20,30,-5.0,-4.5,120,-2.2437999626381684,-0.084310551141737,0.0032827956096482,-0.0875933467513853,-0.32689484553020515,True,-0.2288263918711436
20,31,-4.5,-4.0,216,-2.2437999626381684,-0.2760552016400216,0.0032827956096482,-0.2793379972496699,-1.0424781658454398,True,-0.7297347160918078
20,32,-4.0,-3.5,0,-2.2437999626381684,,0.0032827956096482,,,True,
20,33,-3.5,-3.0,0,-2.2437999626381684,,0.0032827956096482,,,True,
20,34,-3.0,-2.5,338,-2.2437999626381684,-0.0666808136935526,0.0032827956096482,-0.0699636093032009,-0.2611013747518876,True,-0.1827709623263213
20,35,-2.5,-2.0,10,-2.2437999626381684,-0.0666808136935528,0.0032827956096482,-0.0699636093032011,-0.2611013747518883,True,-0.1827709623263218
20,36,-2.0,-1.5,74,-2.2437999626381684,-0.8355171600459006,0.0032827956096482,-0.8387999556555489,-3.130367683210223,True,-2.191257378247156
20,37,-1.5,-1.0,110,-2.2437999626381684,-0.1622325225388103,0.0032827956096482,-0.1655153181484586,-0.6176965073910419,True,-0.4323875551737293
20,38,-1.0,-0.5,139,-2.2437999626381684,-0.0071350607177018,0.0032827956096482,-0.0104178563273501,-0.03887902062414486,True,-0.0272153144369014
20,39,-0.5,0.0,0,-2.2437999626381684,,0.0032827956096482,,,True,
20,40,0.0,0.5,191,-2.2437999626381684,0.017031433780394,0.0032827956096482,0.0137486381707457,0.06660836497229157,True,0.0466258554806041
20,41,0.5,1.0,78,-2.2437999626381684,-1.034583122475658,0.0032827956096482,-1.037865918085306,-3.873273845061699,True,-2.711291691543189
20,42,1.0,1.5,201,-2.2437999626381684,0.0678640434863696,0.0032827956096482,0.0645812478767214,0.39139912550060657,True,0.2739793878504246
20,43,1.5,2.0,42,-2.2437999626381684,-0.5459641661139921,0.0032827956096482,-0.5492469617236404,-2.0497675607736094,True,-1.4348372925415265
20,44,2.0,2.5,10,-2.2437999626381684,0.075023428383866,0.0032827956096482,0.0717406327742177,0.43714342387959393,True,0.3060003967157157
20,45,2.5,3.0,205,-2.2437999626381684,0.0750234283838655,0.0032827956096482,0.0717406327742173,0.43714342387959126,True,0.3060003967157139
20,46,3.0,3.5,87,-2.2437999626381684,-0.627407323423161,0.0032827956096482,-0.6306901190328092,-2.3537101467743193,True,-1.6475971027420235
20,47,3.5,4.0,200,-2.2437999626381684,-0.0413618298561269,0.0032827956096482,-0.0446446254657751,-0.16661194584573416,True,-0.1166283620920139
20,48,4.0,4.5,55,-2.2437999626381684,-0.8316957851471976,0.0032827956096482,-0.8349785807568458,-3.116106465851214,True,-2.1812745260958497
20,49,4.5,5.0,192,-2.2437999626381684,-0.06581366040191,0.0032827956096482,-0.0690964560115583,-0.2578651935596439,True,-0.1805056354917507
20,50,5.0,5.5,129,-2.2437999626381684,-1.0404116500738214,0.0032827956096482,-1.0436944456834696,-3.8950256755320893,True,-2.7265179728724624
20,51,5.5,6.0,143,-2.2437999626381684,-0.0583088251256589,0.0032827956096482,-0.0615916207353072,-0.22985745028522744,True,-0.1609002151996592
20,52,6.0,6.5,0,-2.2437999626381684,,0.0032827956096482,,,True,
20,53,6.5,7.0,186,-2.2437999626381684,0.00212099036403,0.0032827956096482,-0.0011618052456182,-0.004335810428393429,True,-0.0030350672998754
20,54,7.0,7.5,0,-2.2437999626381684,,0.0032827956096482,,,True,
20,55,7.5,8.0,41,-2.2437999626381684,0.0913394960027953,0.0032827956096482,0.088056700393147,0.5413935900905269,True,0.3789755130633688
20,56,8.0,8.5,197,-2.2437999626381684,0.0913394960027956,0.0032827956096482,0.0880567003931473,0.5413935900905289,True,0.3789755130633702
20,57,8.5,9.0,10,-2.2437999626381684,-0.2428685175345357,0.0032827956096482,-0.246151313144184,-0.9186267961162548,True,-0.6430387572813783
20,58,9.0,9.5,248,-2.2437999626381684,-0.1865279238889164,0.0032827956096482,-0.1898107194985647,-0.7083659676410199,True,-0.4958561773487139
20,59,9.5,10.0,296,-2.2437999626381684,-0.0247687121930923,0.0032827956096482,-0.0280515078027405,-0.10468709839450416,True,-0.0732809688761529
20,60,10.0,10.5,232,-2.2437999626381684,-0.0100245029070632,0.0032827956096482,-0.0133072985167115,-0.04966230261062529,True,-0.0347636118274377
20,61,10.5,11.0,187,-2.2437999626381684,-0.1196015194830632,0.0032827956096482,-0.1228843150927115,-0.4585993193562011,True,-0.3210195235493407
20,62,11.0,11.5,145,-2.2437999626381684,0.2867072345429711,0.0032827956096482,0.2834244389333228,1.7896796165248792,True,1.2527757315674153
20,63,11.5,12.0,98,-2.2437999626381684,-0.5627232171100494,0.0032827956096482,-0.5660060127196976,-2.1123116647469207,True,-1.4786181653228443
20,64,12.0,12.5,0,-2.2437999626381684,,0.0032827956096482,,,True,
20,65,12.5,13.0,94,-2.2437999626381684,-0.6503651401892515,0.0032827956096482,-0.6536479357988998,-2.439387795177944,True,-1.7075714566245606
20,66,13.0,13.5,50,-2.2437999626381684,-0.7470327998580664,0.0032827956096482,-0.7503155954677146,-2.8001476113874313,True,-1.960103327971202
20,67,13.5,14.0,167,-2.2437999626381684,-0.6033904791333996,0.0032827956096482,-0.6066732747430479,-2.2640802502650805,True,-1.5848561751855563
20,68,14.0,14.5,212,-2.2437999626381684,-0.7390289535112144,0.0032827956096482,-0.7423117491208627,-2.77027757887654,True,-1.939194305213578
20,69,14.5,15.0,0,-2.2437999626381684,,0.0032827956096482,,,True,
20,70,15.0,15.5,114,-2.2437999626381684,-0.75442432816453,0.0032827956096482,-0.7577071237741783,-2.8277324976098015,True,-1.9794127483268609
20,71,15.5,16.0,0,-2.2437999626381684,,0.0032827956096482,,,True,
20,72,16.0,16.5,123,-2.2437999626381684,-0.6786151296974582,0.0032827956096482,-0.6818979253071065,-2.5448156193108207,True,-1.7813709335175745
20,73,16.5,17.0,56,-2.2437999626381684,-0.8185712206135608,0.0032827956096482,-0.8218540162232091,-3.067126119112647,True,-2.1469882833788527
20,74,17.0,17.5,0,-2.2437999626381684,,0.0032827956096482,,,True,
20,75,17.5,18.0,58,-2.2437999626381684,-0.6260252106498427,0.0032827956096482,-0.629308006259491,-2.3485521575171955,True,-1.6439865102620368
20,76,18.0,18.5,0,-2.2437999626381684,,0.0032827956096482,,,True,
20,77,18.5,19.0,52,-2.2437999626381684,-0.7300617940660887,0.0032827956096482,-0.733344589675737,-2.736812500644297,True,-1.915768750451008
20,78,19.0,19.5,126,-2.2437999626381684,-0.8146214889010343,0.0032827956096482,-0.8179042845106825,-3.052385879289219,True,-2.136670115502453
20,79,19.5,20.0,140,-2.2437999626381684,-0.7565967228728506,0.0032827956096482,-0.7598795184824989,-2.835839787249307,True,-1.985087851074515
21,0,-20.0,-19.5,170,-2.4531825303746,-0.4497564907888426,0.037047722964938,-0.4868042137537807,-0.664742993248304,True,-0.4653200952738128
21,1,-19.5,-19.0,209,-2.4531825303746,0.1002870701805107,0.037047722964938,0.0632393472155727,0.25317473175217303,True,0.1772223122265211
21,2,-19.0,-18.5,0,-2.4531825303746,,0.037047722964938,,,True,
21,3,-18.5,-18.0,0,-2.4531825303746,,0.037047722964938,,,True,
21,4,-18.0,-17.5,200,-2.4531825303746,0.0414080273804957,0.037047722964938,0.0043603044155577,0.005954101724636286,True,0.0041678712072454
21,5,-17.5,-17.0,69,-2.4531825303746,0.0414080273804957,0.037047722964938,0.0043603044155577,0.005954101724636286,True,0.0041678712072454
21,6,-17.0,-16.5,0,-2.4531825303746,,0.037047722964938,,,True,
21,7,-16.5,-16.0,173,-2.4531825303746,0.0796385746023525,0.037047722964938,0.0425908516374144,0.13657442184250773,True,0.0956020952897554
21,8,-16.0,-15.5,101,-2.4531825303746,0.0796385746023525,0.037047722964938,0.0425908516374145,0.1365744218425083,True,0.0956020952897558
21,9,-15.5,-15.0,51,-2.4531825303746,-0.746476474140863,0.037047722964938,-0.783524197105801,-1.069921346921659,True,-0.7489449428451613
21,10,-15.0,-14.5,115,-2.4531825303746,0.0127723147554439,0.037047722964938,-0.024275408209494,-0.03314866030240501,True,-0.0232040622116835
21,11,-14.5,-14.0,163,-2.4531825303746,0.0127723147554439,0.037047722964938,-0.024275408209494,-0.03314866030240501,True,-0.0232040622116835
21,12,-14.0,-13.5,53,-2.4531825303746,-0.3858003960305715,0.037047722964938,-0.4228481189955095,-0.5774093904056865,True,-0.4041865732839805
21,13,-13.5,-13.0,152,-2.4531825303746,0.0613231311744321,0.037047722964938,0.0242754082094941,0.033148660302405576,True,0.0232040622116839
21,14,-13.0,-12.5,147,-2.4531825303746,0.061323131174432,0.037047722964938,0.024275408209494,0.03314866030240501,True,0.0232040622116835
21,15,-12.5,-12.0,71,-2.4531825303746,-0.8665647940803046,0.037047722964938,-0.9036125170452426,-1.2339048684182095,True,-0.8637334078927466
21,16,-12.0,-11.5,272,-2.4531825303746,-0.0366055046881519,0.037047722964938,-0.0736532276530899,-0.100575273650522,True,-0.0704026915553654
21,17,-11.5,-11.0,29,-2.4531825303746,-0.5548814556164688,0.037047722964938,-0.5919291785814068,-0.8082936894219896,True,-0.5658055825953927
21,18,-11.0,-10.5,175,-2.4531825303746,0.2325407345234204,0.037047722964938,0.1954930115584824,1.0,True,0.7
21,19,-10.5,-10.0,16,-2.4531825303746,0.2325407345234205,0.037047722964938,0.1954930115584824,1.0,True,0.7
21,20,-10.0,-9.5,42,-2.4531825303746,-0.6915675484314159,0.037047722964938,-0.7286152713963538,-0.9949418734477339,True,-0.6964593114134137
21,21,-9.5,-9.0,0,-2.4531825303746,,0.037047722964938,,,True,
21,22,-9.0,-8.5,199,-2.4531825303746,0.1635005700001494,0.037047722964938,0.1264528470352114,0.610136024236895,True,0.4270952169658265
21,23,-8.5,-8.0,0,-2.4531825303746,,0.037047722964938,,,True,
21,24,-8.0,-7.5,0,-2.4531825303746,,0.037047722964938,,,True,
21,25,-7.5,-7.0,177,-2.4531825303746,0.1236237572318161,0.037047722964938,0.0865760342668781,0.3849550317816529,True,0.269468522247157
21,26,-7.0,-6.5,221,-2.4531825303746,-0.1577687017324466,0.037047722964938,-0.1948164246973846,-0.26602656597539875,True,-0.1862185961827791
21,27,-6.5,-6.0,41,-2.4531825303746,-0.7472986062563363,0.037047722964938,-0.7843463292212742,-1.0710439883200789,True,-0.7497307918240552
21,28,-6.0,-5.5,0,-2.4531825303746,,0.037047722964938,,,True,
21,29,-5.5,-5.0,190,-2.4531825303746,0.1522070062867407,0.037047722964938,0.1151592833218026,0.5463622241562274,True,0.3824535569093591
21,30,-5.0,-4.5,160,-2.4531825303746,0.1784654112303594,0.037047722964938,0.1414176882654214,0.6946412182635805,True,0.4862488527845063
21,31,-4.5,-4.0,144,-2.4531825303746,-0.03920582578753,0.037047722964938,-0.076253548752468,-0.10412607535307587,True,-0.0728882527471531
21,32,-4.0,-3.5,73,-2.4531825303746,0.2968959467163556,0.037047722964938,0.2598482237514176,1.363408445791856,True,0.9543859120542992
21,33,-3.5,-3.0,143,-2.4531825303746,0.296895946716355,0.037047722964938,0.259848223751417,1.3634084457918527,True,0.9543859120542968
21,34,-3.0,-2.5,116,-2.4531825303746,0.1212019703994027,0.037047722964938,0.0841542474344647,0.37127940615916205,True,0.2598955843114134
21,35,-2.5,-2.0,158,-2.4531825303746,-0.13087587277432,0.037047722964938,-0.167923595739258,-0.229303753983509,True,-0.1605126277884563
21,36,-2.0,-1.5,51,-2.4531825303746,-0.6968592118354949,0.037047722964938,-0.7339069348004329,-1.0021677685223997,True,-0.7015174379656798
21,37,-1.5,-1.0,280,-2.4531825303746,0.2079655552345012,0.037047722964938,0.1709178322695632,0.8612260389466518,True,0.6028582272626563
21,38,-1.0,-0.5,0,-2.4531825303746,,0.037047722964938,,,True,
21,39,-0.5,0.0,0,-2.4531825303746,,0.037047722964938,,,True,
21,40,0.0,0.5,111,-2.4531825303746,0.1876124733093846,0.037047722964938,0.1505647503444466,0.7462939049758014,True,0.522405733483061
21,41,0.5,1.0,138,-2.4531825303746,-0.1980184344512004,0.037047722964938,-0.2350661574161384,-0.3209885549002549,True,-0.2246919884301784
21,42,1.0,1.5,2,-2.4531825303746,0.2782855270007816,0.037047722964938,0.2412378040358435,1.2583169780783312,True,0.8808218846548318
21,43,1.5,2.0,223,-2.4531825303746,0.2782855270007824,0.037047722964938,0.2412378040358444,1.2583169780783363,True,0.8808218846548354
21,44,2.0,2.5,42,-2.4531825303746,-0.6060119487581055,0.037047722964938,-0.6430596717230435,-0.8781136213308461,True,-0.6146795349315922
21,45,2.5,3.0,191,-2.4531825303746,0.2924048540924617,0.037047722964938,0.2553571311275237,1.338047625203408,True,0.9366333376423854
21,46,3.0,3.5,206,-2.4531825303746,0.2924048540924616,0.037047722964938,0.2553571311275236,1.3380476252034075,True,0.9366333376423852
21,47,3.5,4.0,0,-2.4531825303746,,0.037047722964938,,,True,
21,48,4.0,4.5,0,-2.4531825303746,,0.037047722964938,,,True,
21,49,4.5,5.0,199,-2.4531825303746,0.1245638137569287,0.037047722964938,0.0875160907919907,0.3902634515522766,True,0.2731844160865936
21,50,5.0,5.5,17,-2.4531825303746,0.1245638137569287,0.037047722964938,0.0875160907919907,0.3902634515522766,True,0.2731844160865936
21,51,5.5,6.0,50,-2.4531825303746,-0.5340001750148164,0.037047722964938,-0.5710478979797544,-0.7797797929152909,True,-0.5458458550407036
21,52,6.0,6.5,96,-2.4531825303746,0.0693622725536347,0.037047722964938,0.0323145495886967,0.07854501243249358,True,0.0549815087027455
21,53,6.5,7.0,0,-2.4531825303746,,0.037047722964938,,,True,
21,54,7.0,7.5,0,-2.4531825303746,,0.037047722964938,,,True,
21,55,7.5,8.0,89,-2.4531825303746,-0.6552070955684587,0.037047722964938,-0.6922548185333967,-0.9452907907555633,True,-0.6617035535288943
21,56,8.0,8.5,0,-2.4531825303746,,0.037047722964938,,,True,
21,57,8.5,9.0,57,-2.4531825303746,-0.6931176822439584,0.037047722964938,-0.7301654052088964,-0.9970586188689354,True,-0.6979410332082547
21,58,9.0,9.5,262,-2.4531825303746,0.4447288967842988,0.037047722964938,0.4076811738193607,2.198208624213364,True,1.5387460369493546
21,59,9.5,10.0,351,-2.4531825303746,0.6093455371959345,0.037047722964938,0.5722978142309966,3.127784883928295,True,2.1894494187498066
21,60,10.0,10.5,350,-2.4531825303746,0.6093455371959345,0.037047722964938,0.5722978142309966,3.127784883928295,True,2.1894494187498066
21,61,10.5,11.0,350,-2.4531825303746,0.6093455371959345,0.037047722964938,0.5722978142309966,3.127784883928295,True,2.1894494187498066
21,62,11.0,11.5,149,-2.4531825303746,0.4481309253416089,0.037047722964938,0.4110832023766709,2.2174195920343562,True,1.5521937144240494
21,63,11.5,12.0,139,-2.4531825303746,-0.1413099992507631,0.037047722964938,-0.1783577222157011,-0.2435518074512433,True,-0.1704862652158703
21,64,12.0,12.5,0,-2.4531825303746,,0.037047722964938,,,True,
21,65,12.5,13.0,0,-2.4531825303746,,0.037047722964938,,,True,
21,66,13.0,13.5,0,-2.4531825303746,,0.037047722964938,,,True,
21,67,13.5,14.0,0,-2.4531825303746,,0.037047722964938,,,True,
21,68,14.0,14.5,0,-2.4531825303746,,0.037047722964938,,,True,
21,69,14.5,15.0,0,-2.4531825303746,,0.037047722964938,,,True,
21,70,15.0,15.5,0,-2.4531825303746,,0.037047722964938,,,True,
21,71,15.5,16.0,93,-2.4531825303746,-0.6282128164095098,0.037047722964938,-0.6652605393744477,-0.9084294460471216,True,-0.6359006122329851
21,72,16.0,16.5,71,-2.4531825303746,-0.9576382578239736,0.037047722964938,-0.9946859807889116,-1.3582678981209024,True,-0.9507875286846316
21,73,16.5,17.0,57,-2.4531825303746,-0.5670629705547331,0.037047722964938,-0.6041106935196711,-0.8249278443318655,True,-0.5774494910323058
21,74,17.0,17.5,0,-2.4531825303746,,0.037047722964938,,,True,
21,75,17.5,18.0,43,-2.4531825303746,-0.5587259432591207,0.037047722964938,-0.5957736662240587,-0.8135434307982529,True,-0.569480401558777
21,76,18.0,18.5,0,-2.4531825303746,,0.037047722964938,,,True,
21,77,18.5,19.0,30,-2.4531825303746,-0.6781210428201699,0.037047722964938,-0.7151687657851079,-0.9765803430085772,True,-0.683606240106004
21,78,19.0,19.5,105,-2.4531825303746,-0.5695840095305893,0.037047722964938,-0.6066317324955273,-0.8283703843665619,True,-0.5798592690565932
21,79,19.5,20.0,21,-2.4531825303746,-0.6031428253402387,0.037047722964938,-0.6401905483051766,-0.874195763524964,True,-0.6119370344674747
22,0,-20.0,-19.5,227,-2.320086347342573,-0.187869991602103,0.0716358557264864,-0.2595058473285894,-0.34803812964698416,True,-0.2436266907528889
22,1,-19.5,-19.0,172,-2.320086347342573,0.09737165524705,0.0716358557264864,0.0257357995205636,0.2545662147421857,True,0.17819635031953
22,2,-19.0,-18.5,197,-2.320086347342573,-0.1386333569576222,0.0716358557264864,-0.2102692126841086,-0.2820040637167513,True,-0.1974028446017259
22,3,-18.5,-18.0,143,-2.320086347342573,-0.248261773730505,0.0716358557264864,-0.3198976294569914,-0.4290330016870084,True,-0.3003231011809059
22,4,-18.0,-17.5,190,-2.320086347342573,0.1684226967102171,0.0716358557264864,0.0967868409837307,1.0852329301187824,True,0.7596630510831477
22,5,-17.5,-17.0,0,-2.320086347342573,,0.0716358557264864,,,True,
22,6,-17.0,-16.5,241,-2.320086347342573,0.0598735962741142,0.0716358557264864,-0.0117622594523721,-0.015775038683589288,True,-0.0110425270785125
22,7,-16.5,-16.0,32,-2.320086347342573,0.0183951839684959,0.0716358557264864,-0.0532406717579904,-0.07140410904243458,True,-0.0499828763297042
22,8,-16.0,-15.5,185,-2.320086347342573,0.0183951839684959,0.0716358557264864,-0.0532406717579904,-0.07140410904243458,True,-0.0499828763297042
22,9,-15.5,-15.0,171,-2.320086347342573,0.1145009430993844,0.0716358557264864,0.042865087372898,0.45482688628230716,True,0.318378820397615
22,10,-15.0,-14.5,62,-2.320086347342573,-0.3526924460007332,0.0716358557264864,-0.4243283017272196,-0.5690909473127417,True,-0.3983636631189192
22,11,-14.5,-14.0,213,-2.320086347342573,0.0267347152759862,0.0716358557264864,-0.0449011404505001,-0.060219486775652864,True,-0.042153640742957
22,12,-14.0,-13.5,51,-2.320086347342573,0.0267347152759862,0.0716358557264864,-0.0449011404505001,-0.060219486775652864,True,-0.042153640742957
22,13,-13.5,-13.0,173,-2.320086347342573,0.1491201036565105,0.0716358557264864,0.0774842479300241,0.8595638724951077,True,0.6016947107465753
22,14,-13.0,-12.5,47,-2.320086347342573,-0.7541981469955202,0.0716358557264864,-0.8258340027220066,-1.1075731998528449,True,-0.7753012398969914
22,15,-12.5,-12.0,245,-2.320086347342573,0.1961035601766476,0.0716358557264864,0.1244677044501612,1.408853407186212,True,0.9861973850303484
22,16,-12.0,-11.5,62,-2.320086347342573,0.1559578525548267,0.0716358557264864,0.0843219968283403,0.9395048600016555,True,0.6576534020011587
22,17,-11.5,-11.0,239,-2.320086347342573,0.1559578525548273,0.0716358557264864,0.0843219968283409,0.9395048600016626,True,0.6576534020011637
22,18,-11.0,-10.5,0,-2.320086347342573,,0.0716358557264864,,,True,
22,19,-10.5,-10.0,216,-2.320086347342573,0.1166777675202511,0.0716358557264864,0.0450419117937647,0.480276416006235,True,0.3361934912043645
22,20,-10.0,-9.5,0,-2.320086347342573,,0.0716358557264864,,,True,
22,21,-9.5,-9.0,243,-2.320086347342573,0.0017606597941273,0.0716358557264864,-0.069875195932359,-0.09371362052671386,True,-0.0655995343686997
22,22,-9.0,-8.5,0,-2.320086347342573,,0.0716358557264864,,,True,
22,23,-8.5,-8.0,70,-2.320086347342573,0.1611323017301422,0.0716358557264864,0.0894964460036558,1.0,True,0.7
22,24,-8.0,-7.5,77,-2.320086347342573,0.1611323017301422,0.0716358557264864,0.0894964460036558,1.0,True,0.7
22,25,-7.5,-7.0,193,-2.320086347342573,0.0716358557264862,0.0716358557264864,-1.3877787807814454e-16,-1.8612294720872553e-16,True,-1.3028606304610786e-16
22,26,-7.0,-6.5,39,-2.320086347342573,0.0716358557264865,0.0716358557264864,1.249000902703301e-16,1.67510652487853e-16,True,1.172574567414971e-16
22,27,-6.5,-6.0,244,-2.320086347342573,0.1220888547506284,0.0716358557264864,0.050452999024142,0.5435381214465962,True,0.3804766850126173
22,28,-6.0,-5.5,99,-2.320086347342573,-0.4862754770613474,0.0716358557264864,-0.5579113327878338,-0.7482467881599133,True,-0.5237727517119393
22,29,-5.5,-5.0,190,-2.320086347342573,0.0965150298257278,0.0716358557264864,0.0248791740992413,0.24455129855820887,True,0.1711859089907462
22,30,-5.0,-4.5,110,-2.320086347342573,-0.7195667481973722,0.0716358557264864,-0.7912026039238587,-1.0611270508013189,True,-0.7427889355609232
22,31,-4.5,-4.0,228,-2.320086347342573,0.1752640543114645,0.0716358557264864,0.1036281985849781,1.1652161074278848,True,0.8156512751995194
22,32,-4.0,-3.5,63,-2.320086347342573,-0.6284110628764353,0.0716358557264864,-0.7000469186029217,-0.9388729491986811,True,-0.6572110644390767
22,33,-3.5,-3.0,257,-2.320086347342573,-0.1332413138156241,0.0716358557264864,-0.2048771695421105,-0.27477248635756885,True,-0.1923407404502982
22,34,-3.0,-2.5,48,-2.320086347342573,-0.8975873236570898,0.0716358557264864,-0.9692231793835762,-1.2998806232525322,True,-0.9099164362767724
22,35,-2.5,-2.0,204,-2.320086347342573,0.108440929813356,0.0716358557264864,0.0368050740868696,0.3839785042208943,True,0.268784952954626
22,36,-2.0,-1.5,0,-2.320086347342573,,0.0716358557264864,,,True,
22,37,-1.5,-1.0,216,-2.320086347342573,0.1006660328286958,0.0716358557264864,0.0290301771022093,0.29308119986558545,True,0.2051568399059098
22,38,-1.0,-0.5,139,-2.320086347342573,0.0049237956021532,0.0716358557264864,-0.0667120601243331,-0.08947135823560344,True,-0.0626299507649224
22,39,-0.5,0.0,144,-2.320086347342573,0.0049237956021532,0.0716358557264864,-0.0667120601243331,-0.08947135823560344,True,-0.0626299507649224
22,40,0.0,0.5,209,-2.320086347342573,-0.0496815466834305,0.0716358557264864,-0.1213174024099169,-0.16270570495051173,True,-0.1138939934653582
22,41,0.5,1.0,149,-2.320086347342573,-0.0496815466834305,0.0716358557264864,-0.1213174024099169,-0.16270570495051173,True,-0.1138939934653582
22,42,1.0,1.5,109,-2.320086347342573,0.1530825116530552,0.0716358557264864,0.0814466559265688,0.9058888857206777,True,0.6341222200044744
22,43,1.5,2.0,132,-2.320086347342573,0.1530825116530549,0.0716358557264864,0.0814466559265685,0.905888885720674,True,0.6341222200044718
22,44,2.0,2.5,150,-2.320086347342573,0.1218101864843142,0.0716358557264864,0.0501743307578278,0.5402801754870157,True,0.378196122840911
22,45,2.5,3.0,53,-2.320086347342573,0.1218101864843144,0.0716358557264864,0.050174330757828,0.540280175487018,True,0.3781961228409126
22,46,3.0,3.5,0,-2.320086347342573,,0.0716358557264864,,,True,
22,47,3.5,4.0,119,-2.320086347342573,-0.0937505982211916,0.0716358557264864,-0.165386453947678,-0.22180922970885028,True,-0.1552664607961952
22,48,4.0,4.5,105,-2.320086347342573,-0.0937505982211916,0.0716358557264864,-0.165386453947678,-0.22180922970885028,True,-0.1552664607961952
22,49,4.5,5.0,13,-2.320086347342573,-0.0778479017703661,0.0716358557264864,-0.1494837574968525,-0.2004812142284096,True,-0.1403368499598867
22,50,5.0,5.5,192,-2.320086347342573,-0.2217716130192534,0.0716358557264864,-0.2934074687457398,-0.39350553252629217,True,-0.2754538727684045
22,51,5.5,6.0,0,-2.320086347342573,,0.0716358557264864,,,True,
22,52,6.0,6.5,187,-2.320086347342573,0.0539429730804379,0.0716358557264864,-0.0176928826460484,-0.023728936544528713,True,-0.0166102555811701
22,53,6.5,7.0,0,-2.320086347342573,,0.0716358557264864,,,True,
22,54,7.0,7.5,184,-2.320086347342573,-0.0140843839801904,0.0716358557264864,-0.0857202397066768,-0.11496431470627658,True,-0.0804750202943936
22,55,7.5,8.0,166,-2.320086347342573,-0.0133536975307757,0.0716358557264864,-0.0849895532572621,-0.11398434933042643,True,-0.0797890445312985
22,56,8.0,8.5,73,-2.320086347342573,0.0150597528974186,0.0716358557264864,-0.0565761028290677,-0.07587744636216857,True,-0.053114212453518
22,57,8.5,9.0,122,-2.320086347342573,0.0337867997705467,0.0716358557264864,-0.0378490559559396,-0.050761533042180576,True,-0.0355330731295264
22,58,9.0,9.5,201,-2.320086347342573,0.4290052419542332,0.0716358557264864,0.3573693862277468,4.1317364363978815,True,2.8922155054785166
22,59,9.5,10.0,349,-2.320086347342573,0.4290052419542315,0.0716358557264864,0.3573693862277451,4.131736436397861,True,2.892215505478503
22,60,10.0,10.5,351,-2.320086347342573,0.4290052419542315,0.0716358557264864,0.3573693862277451,4.131736436397861,True,2.892215505478503
22,61,10.5,11.0,351,-2.320086347342573,0.4290052419542315,0.0716358557264864,0.3573693862277451,4.131736436397861,True,2.892215505478503
22,62,11.0,11.5,349,-2.320086347342573,0.4290052419542315,0.0716358557264864,0.3573693862277451,4.131736436397861,True,2.892215505478503
22,63,11.5,12.0,214,-2.320086347342573,0.4290052419542329,0.0716358557264864,0.3573693862277465,4.131736436397878,True,2.8922155054785144
22,64,12.0,12.5,64,-2.320086347342573,-0.8458111391097043,0.0716358557264864,-0.9174469948361909,-1.2304406217433876,True,-0.8613084352203714
22,65,12.5,13.0,0,-2.320086347342573,,0.0716358557264864,,,True,
22,66,13.0,13.5,0,-2.320086347342573,,0.0716358557264864,,,True,
22,67,13.5,14.0,0,-2.320086347342573,,0.0716358557264864,,,True,
22,68,14.0,14.5,0,-2.320086347342573,,0.0716358557264864,,,True,
22,69,14.5,15.0,0,-2.320086347342573,,0.0716358557264864,,,True,
22,70,15.0,15.5,0,-2.320086347342573,,0.0716358557264864,,,True,
22,71,15.5,16.0,51,-2.320086347342573,-0.7693126200184568,0.0716358557264864,-0.8409484757449432,-1.1278440838258055,True,-0.7894908586780638
22,72,16.0,16.5,55,-2.320086347342573,-0.7527856023921348,0.0716358557264864,-0.8244214581186211,-1.1056787555200251,True,-0.7739751288640175
22,73,16.5,17.0,0,-2.320086347342573,,0.0716358557264864,,,True,
22,74,17.0,17.5,0,-2.320086347342573,,0.0716358557264864,,,True,
22,75,17.5,18.0,0,-2.320086347342573,,0.0716358557264864,,,True,
22,76,18.0,18.5,90,-2.320086347342573,-0.6206050868313745,0.0716358557264864,-0.6922409425578608,-0.928403908401492,True,-0.6498827358810444
22,77,18.5,19.0,0,-2.320086347342573,,0.0716358557264864,,,True,
22,78,19.0,19.5,67,-2.320086347342573,-0.595976088086964,0.0716358557264864,-0.6676119438134505,-0.8953725499703705,True,-0.6267607849792594
22,79,19.5,20.0,0,-2.320086347342573,,0.0716358557264864,,,True,
23,0,-20.0,-19.5,0,-2.4226497116116605,,0.05758853596833,,,True,
23,1,-19.5,-19.0,318,-2.4226497116116605,-0.1524211749235297,0.05758853596833,-0.2100097108918597,-0.5968430541847553,True,-0.4177901379293287
23,2,-19.0,-18.5,42,-2.4226497116116605,-0.1524211749235285,0.05758853596833,-0.2100097108918586,-0.596843054184752,True,-0.4177901379293264
23,3,-18.5,-18.0,302,-2.4226497116116605,-0.0329066725953903,0.05758853596833,-0.0904952085637204,-0.25718542461148086,True,-0.1800297972280366
23,4,-18.0,-17.5,0,-2.4226497116116605,,0.05758853596833,,,True,
23,5,-17.5,-17.0,195,-2.4226497116116605,0.0966257118508341,0.05758853596833,0.0390371758825041,0.35078215782726063,True,0.2455475104790824
23,6,-17.0,-16.5,13,-2.4226497116116605,0.1817985928808438,0.05758853596833,0.1242100569125138,1.1968984229453872,True,0.837828896061771
23,7,-16.5,-16.0,271,-2.4226497116116605,-0.0849434678516147,0.05758853596833,-0.1425320038199448,-0.40507287076250376,True,-0.2835510095337526
23,8,-16.0,-15.5,146,-2.4226497116116605,-0.403601941880918,0.05758853596833,-0.461190477849248,-1.3106933588523944,True,-0.917485351196676
23,9,-15.5,-15.0,149,-2.4226497116116605,0.1203638320978583,0.05758853596833,0.0627752961295283,0.5865991150728456,True,0.4106193805509919
23,10,-15.0,-14.5,176,-2.4226497116116605,0.0811959958022113,0.05758853596833,0.0236074598338813,0.19750175264413616,True,0.1382512268508953
23,11,-14.5,-14.0,19,-2.4226497116116605,0.081195995802211,0.05758853596833,0.0236074598338809,0.19750175264413217,True,0.1382512268508925
23,12,-14.0,-13.5,193,-2.4226497116116605,-0.0337843916919237,0.05758853596833,-0.0913729276602538,-0.2596798832918276,True,-0.1817759183042793
23,13,-13.5,-13.0,129,-2.4226497116116605,-0.298067440168139,0.05758853596833,-0.355655976136469,-1.0107665885300665,True,-0.7075366119710464
23,14,-13.0,-12.5,0,-2.4226497116116605,,0.05758853596833,,,True,
23,15,-12.5,-12.0,164,-2.4226497116116605,0.0923945764965859,0.05758853596833,0.0348060405282559,0.30874961883301943,True,0.2161247331831136
23,16,-12.0,-11.5,62,-2.4226497116116605,-0.4188336937339966,0.05758853596833,-0.4764222297023267,-1.3539816680356636,True,-0.9477871676249644
23,17,-11.5,-11.0,255,-2.4226497116116605,0.2027279417274314,0.05758853596833,0.1451394057591014,1.4048127527564171,True,0.983368926929492
23,18,-11.0,-10.5,0,-2.4226497116116605,,0.05758853596833,,,True,
23,19,-10.5,-10.0,273,-2.4226497116116605,-0.1037443762162494,0.05758853596833,-0.1613329121845794,-0.4585046455225496,True,-0.3209532518657847
23,20,-10.0,-9.5,0,-2.4226497116116605,,0.05758853596833,,,True,
23,21,-9.5,-9.0,303,-2.4226497116116605,0.184324709339881,0.05758853596833,0.1267361733715509,1.2219931267727806,True,0.8553951887409463
23,22,-9.0,-8.5,62,-2.4226497116116605,0.1110137717868369,0.05758853596833,0.0534252358185068,0.4937146427699384,True,0.3456002499389569
23,23,-8.5,-8.0,238,-2.4226497116116605,0.1110137717868369,0.05758853596833,0.0534252358185068,0.4937146427699384,True,0.3456002499389569
23,24,-8.0,-7.5,100,-2.4226497116116605,0.05758853596833,0.05758853596833,0.0,0.0,True,0.0
23,25,-7.5,-7.0,218,-2.4226497116116605,-0.1879316817297864,0.05758853596833,-0.2455202176981165,-0.6977631461552087,True,-0.4884342023086461
23,26,-7.0,-6.5,206,-2.4226497116116605,0.1619781419051346,0.05758853596833,0.1043896059368046,1.0,True,0.7
23,27,-6.5,-6.0,119,-2.4226497116116605,0.1619781419051346,0.05758853596833,0.1043896059368046,1.0,True,0.7
23,28,-6.0,-5.5,0,-2.4226497116116605,,0.05758853596833,,,True,
23,29,-5.5,-5.0,154,-2.4226497116116605,0.0079657490528255,0.05758853596833,-0.0496227869155045,-0.14102688668077687,True,-0.0987188206765438
23,30,-5.0,-4.5,49,-2.4226497116116605,-0.3563302173625868,0.05758853596833,-0.4139187533309169,-1.1763481406323224,True,-0.8234436984426257
23,31,-4.5,-4.0,0,-2.4226497116116605,,0.05758853596833,,,True,
23,32,-4.0,-3.5,215,-2.4226497116116605,-0.0126506077355363,0.05758853596833,-0.0702391437038664,-0.1996181265785576,True,-0.1397326886049903
23,33,-3.5,-3.0,73,-2.4226497116116605,0.0595877386520275,0.05758853596833,0.0019992026836975,0.005681690768512999,True,0.0039771835379591
23,34,-3.0,-2.5,125,-2.4226497116116605,0.0595877386520274,0.05758853596833,0.0019992026836973,0.005681690768512429,True,0.0039771835379587
23,35,-2.5,-2.0,237,-2.4226497116116605,-0.1097928964916236,0.05758853596833,-0.1673814324599537,-0.475694409267864,True,-0.3329860864875048
23,36,-2.0,-1.5,123,-2.4226497116116605,0.0512802139188313,0.05758853596833,-0.0063083220494987,-0.01792811476580986,True,-0.0125496803360669
23,37,-1.5,-1.0,205,-2.4226497116116605,0.071819671678448,0.05758853596833,0.014231135710118,0.10435637289186116,True,0.0730494610243028
23,38,-1.0,-0.5,128,-2.4226497116116605,-0.1310090856662514,0.05758853596833,-0.1885976216345815,-0.5359903598282969,True,-0.3751932518798078
23,39,-0.5,0.0,123,-2.4226497116116605,-0.2885964070018932,0.05758853596833,-0.3461849429702233,-0.9838501172049002,True,-0.6886950820434301
23,40,0.0,0.5,173,-2.4226497116116605,0.1285340701356112,0.05758853596833,0.0709455341672811,0.667763110114809,True,0.4674341770803663
23,41,0.5,1.0,177,-2.4226497116116605,0.1243118510013503,0.05758853596833,0.0667233150330203,0.6258191457779411,True,0.4380734020445587
23,42,1.0,1.5,146,-2.4226497116116605,-0.1185099802241755,0.05758853596833,-0.1760985161925055,-0.5004681726163575,True,-0.3503277208314502
23,43,1.5,2.0,194,-2.4226497116116605,0.1091900603871839,0.05758853596833,0.0516015244188539,0.47559770391020945,True,0.3329183927371466
23,44,2.0,2.5,108,-2.4226497116116605,-0.1458513053598087,0.05758853596833,-0.2034398413281388,-0.5781716270428656,True,-0.4047201389300059
23,45,2.5,3.0,175,-2.4226497116116605,0.1535755310084245,0.05758853596833,0.0959869950400944,0.9165275887913159,True,0.6415693121539211
23,46,3.0,3.5,79,-2.4226497116116605,-0.2863206188883327,0.05758853596833,-0.3439091548566627,-0.9773823766294452,True,-0.6841676636406115
23,47,3.5,4.0,172,-2.4226497116116605,-0.0244318818681126,0.05758853596833,-0.0820204178364426,-0.23310025274126348,True,-0.1631701769188844
23,48,4.0,4.5,50,-2.4226497116116605,-0.7032716504537369,0.05758853596833,-0.7608601864220669,-2.1623481863920357,True,-1.513643730474425
23,49,4.5,5.0,182,-2.4226497116116605,0.1203639525390688,0.05758853596833,0.0627754165707387,0.5866003115483656,True,0.4106202180838559
23,50,5.0,5.5,49,-2.4226497116116605,-0.6689834239869902,0.05758853596833,-0.7265719599553202,-2.064901788698886,True,-1.44543125208922
23,51,5.5,6.0,200,-2.4226497116116605,-0.1849026740620288,0.05758853596833,-0.2424912100303588,-0.6891547719048178,True,-0.4824083403333724
23,52,6.0,6.5,62,-2.4226497116116605,-0.629776227606105,0.05758853596833,-0.687364763574435,-1.9534757849459512,True,-1.3674330494621658
23,53,6.5,7.0,232,-2.4226497116116605,-0.397582400926009,0.05758853596833,-0.4551709368943391,-1.2935859537087908,True,-0.9055101675961535
23,54,7.0,7.5,15,-2.4226497116116605,-0.9315838683922468,0.05758853596833,-0.9891724043605769,-2.8112065695754853,True,-1.9678445987028397
23,55,7.5,8.0,86,-2.4226497116116605,0.0177176426789449,0.05758853596833,-0.0398708932893851,-0.11331221600588114,True,-0.0793185512041168
23,56,8.0,8.5,92,-2.4226497116116605,-0.7124520193969489,0.05758853596833,-0.7700405553652789,-2.188438596284705,True,-1.5319070173992932
23,57,8.5,9.0,122,-2.4226497116116605,-0.4474681511874097,0.05758853596833,-0.5050566871557397,-1.435360176528629,True,-1.0047521235700403
23,58,9.0,9.5,269,-2.4226497116116605,-0.0151434958982115,0.05758853596833,-0.0727320318665415,-0.20670286079600603,True,-0.1446920025572042
23,59,9.5,10.0,299,-2.4226497116116605,0.097099415968131,0.05758853596833,0.0395108799998009,0.3554879838325713,True,0.2488415886827999
23,60,10.0,10.5,281,-2.4226497116116605,-0.1481738190312363,0.05758853596833,-0.2057623549995663,-0.5847721606427353,True,-0.4093405124499147
23,61,10.5,11.0,244,-2.4226497116116605,-0.2264057935326211,0.05758853596833,-0.2839943295009511,-0.807105739399737,True,-0.5649740175798158
23,62,11.0,11.5,166,-2.4226497116116605,-0.1627952572811344,0.05758853596833,-0.2203837932494644,-0.6263259717716722,True,-0.4384281802401705
23,63,11.5,12.0,106,-2.4226497116116605,-0.2745584734264692,0.05758853596833,-0.3321470093947992,-0.9439546137350003,True,-0.6607682296145002
23,64,12.0,12.5,47,-2.4226497116116605,-0.0101462963557805,0.05758853596833,-0.0677348323241106,-0.19250092782534015,True,-0.1347506494777381
23,65,12.5,13.0,41,-2.4226497116116605,-0.6013614635867871,0.05758853596833,-0.6589499995551171,-1.8727216404389788,True,-1.310905148307285
23,66,13.0,13.5,0,-2.4226497116116605,,0.05758853596833,,,True,
23,67,13.5,14.0,0,-2.4226497116116605,,0.05758853596833,,,True,
23,68,14.0,14.5,45,-2.4226497116116605,-0.6351150055574556,0.05758853596833,-0.6927035415257856,-1.9686484763637264,True,-1.3780539334546085
23,69,14.5,15.0,50,-2.4226497116116605,-0.381066465679709,0.05758853596833,-0.438655001648039,-1.2466480231090233,True,-0.8726536161763163
23,70,15.0,15.5,46,-2.4226497116116605,-0.5396888187712213,0.05758853596833,-0.5972773547395513,-1.697449318339893,True,-1.188214522837925
23,71,15.5,16.0,95,-2.4226497116116605,-0.7506133351043328,0.05758853596833,-0.8082018710726628,-2.296892229794214,True,-1.6078245608559496
23,72,16.0,16.5,0,-2.4226497116116605,,0.05758853596833,,,True,
23,73,16.5,17.0,0,-2.4226497116116605,,0.05758853596833,,,True,
23,74,17.0,17.5,0,-2.4226497116116605,,0.05758853596833,,,True,
23,75,17.5,18.0,49,-2.4226497116116605,-0.4237286924855382,0.05758853596833,-0.4813172284538682,-1.3678931485700325,True,-0.9575252039990227
23,76,18.0,18.5,0,-2.4226497116116605,,0.05758853596833,,,True,
23,77,18.5,19.0,0,-2.4226497116116605,,0.05758853596833,,,True,
23,78,19.0,19.5,140,-2.4226497116116605,-0.7102326563286396,0.05758853596833,-0.7678211922969697,-2.1821312144669345,True,-1.527491850126854
23,79,19.5,20.0,66,-2.4226497116116605,-0.7758377113952258,0.05758853596833,-0.8334262473635559,-2.3685793614103052,True,-1.6580055529872135
24,0,-20.0,-19.5,150,-2.427716202606411,-0.1805657360250841,0.0563012864360463,-0.2368670224611304,-1.313735702893135,True,-0.9196149920251944
24,1,-19.5,-19.0,0,-2.427716202606411,,0.0563012864360463,,,True,
24,2,-19.0,-18.5,157,-2.427716202606411,0.0674921098163807,0.0563012864360463,0.0111908233803343,0.08971142152803659,True,0.0627979950696256
24,3,-18.5,-18.0,147,-2.427716202606411,0.0695263693737509,0.0563012864360463,0.0132250829377045,0.11019573119546458,True,0.0771370118368252
24,4,-18.0,-17.5,29,-2.427716202606411,0.0695263693737511,0.0563012864360463,0.0132250829377047,0.11019573119546658,True,0.0771370118368266
24,5,-17.5,-17.0,165,-2.427716202606411,-0.0128243891264738,0.0563012864360463,-0.0691256755625202,-0.38339177412504755,True,-0.2683742418875333
24,6,-17.0,-16.5,22,-2.427716202606411,0.2065022598801813,0.0563012864360463,0.150200973444135,1.4894968867140441,True,1.0426478206998309
24,7,-16.5,-16.0,177,-2.427716202606411,0.2065022598801817,0.0563012864360463,0.1502009734441353,1.489496886714047,True,1.0426478206998329
24,8,-16.0,-15.5,44,-2.427716202606411,0.2035272913830859,0.0563012864360463,0.1472260049470395,1.4595399543626342,True,1.021677968053844
24,9,-15.5,-15.0,140,-2.427716202606411,0.2035272913830859,0.0563012864360463,0.1472260049470395,1.4595399543626342,True,1.021677968053844
24,10,-15.0,-14.5,108,-2.427716202606411,0.1578912138518955,0.0563012864360463,0.1015899274158492,1.0000000000000007,True,0.7000000000000004
24,11,-14.5,-14.0,77,-2.427716202606411,0.1578912138518955,0.0563012864360463,0.1015899274158491,0.9999999999999997,True,0.6999999999999997
24,12,-14.0,-13.5,124,-2.427716202606411,0.0556060675130964,0.0563012864360463,-0.0006952189229498,-0.003855893112161429,True,-0.002699125178513
24,13,-13.5,-13.0,102,-2.427716202606411,0.1528423984216987,0.0563012864360463,0.0965411119856524,0.9491601264198866,True,0.6644120884939205
24,14,-13.0,-12.5,98,-2.427716202606411,0.1528423984216987,0.0563012864360463,0.0965411119856523,0.9491601264198855,True,0.6644120884939198
24,15,-12.5,-12.0,142,-2.427716202606411,0.0842939238924878,0.0563012864360463,0.0279926374564414,0.2589000392059403,True,0.1812300274441582
24,16,-12.0,-11.5,144,-2.427716202606411,0.0799430785820956,0.0563012864360463,0.0236417921460492,0.21508849002075844,True,0.1505619430145309
24,17,-11.5,-11.0,1,-2.427716202606411,0.0799430785820956,0.0563012864360463,0.0236417921460492,0.21508849002075844,True,0.1505619430145309
24,18,-11.0,-10.5,53,-2.427716202606411,0.0168011296608803,0.0563012864360463,-0.039500156775166,-0.21907974223776658,True,-0.1533558195664366
24,19,-10.5,-10.0,184,-2.427716202606411,-0.4515628476979256,0.0563012864360463,-0.507864134133972,-2.8167671392086415,True,-1.9717369974460488
24,20,-10.0,-9.5,227,-2.427716202606411,-0.0268920360651986,0.0563012864360463,-0.083193322501245,-0.4614151724312886,True,-0.322990620701902
24,21,-9.5,-9.0,53,-2.427716202606411,-0.4881852860848948,0.0563012864360463,-0.5444865725209412,-3.0198861902950402,True,-2.113920333206528
24,22,-9.0,-8.5,129,-2.427716202606411,0.0825923308555527,0.0563012864360463,0.0262910444195063,0.24176556953109787,True,0.1692358986717685
24,23,-8.5,-8.0,60,-2.427716202606411,0.0084088750222437,0.0563012864360463,-0.0478924114138026,-0.26562570896623616,True,-0.1859379962763653
24,24,-8.0,-7.5,73,-2.427716202606411,0.0084088750222437,0.0563012864360463,-0.0478924114138026,-0.26562570896623616,True,-0.1859379962763653
24,25,-7.5,-7.0,107,-2.427716202606411,0.0569965053589962,0.0563012864360463,0.0006952189229498,0.003855893112161429,True,0.002699125178513
24,26,-7.0,-6.5,220,-2.427716202606411,-0.1877729591741531,0.0563012864360463,-0.2440742456101995,-1.3537091287895309,True,-0.9475963901526716
24,27,-6.5,-6.0,26,-2.427716202606411,0.0088285101915215,0.0563012864360463,-0.0474727762445248,-0.2632982861855479,True,-0.1843088003298835
24,28,-6.0,-5.5,197,-2.427716202606411,-0.0722260485151937,0.0563012864360463,-0.12852733495124,-0.7128512317532801,True,-0.4989958622272961
24,29,-5.5,-5.0,41,-2.427716202606411,0.1123727448117746,0.0563012864360463,0.0560714583757282,0.5416443235933696,True,0.3791510265153587
24,30,-5.0,-4.5,167,-2.427716202606411,-0.0966674107867891,0.0563012864360463,-0.1529686972228355,-0.8484103733759152,True,-0.5938872613631406
24,31,-4.5,-4.0,124,-2.427716202606411,0.1164532742782173,0.0563012864360463,0.060151987842171,0.5827338831310602,True,0.4079137181917421
24,32,-4.0,-3.5,0,-2.427716202606411,,0.0563012864360463,,,True,
24,33,-3.5,-3.0,171,-2.427716202606411,-0.0212859996870862,0.0563012864360463,-0.0775872861231325,-0.430322409643456,True,-0.3012256867504192
24,34,-3.0,-2.5,0,-2.427716202606411,,0.0563012864360463,,,True,
24,35,-2.5,-2.0,290,-2.427716202606411,0.0681894725395022,0.0563012864360463,0.0118881861034558,0.09673362964262386,True,0.0677135407498367
24,36,-2.0,-1.5,43,-2.427716202606411,-0.0290440291778848,0.0563012864360463,-0.0853453156139312,-0.47335077306974355,True,-0.3313455411488205
24,37,-1.5,-1.0,145,-2.427716202606411,-0.0290440291778848,0.0563012864360463,-0.0853453156139312,-0.47335077306974355,True,-0.3313455411488205
24,38,-1.0,-0.5,130,-2.427716202606411,0.3146653569150385,0.0563012864360463,0.2583640704789922,2.57866290106197,True,1.8050640307433787
24,39,-0.5,0.0,82,-2.427716202606411,0.3146653569150392,0.0563012864360463,0.2583640704789928,2.5786629010619757,True,1.805064030743383
24,40,0.0,0.5,68,-2.427716202606411,0.1822882264384825,0.0563012864360463,0.1259869400024361,1.2456697125856682,True,0.8719687988099677
24,41,0.5,1.0,88,-2.427716202606411,0.1822882264384824,0.0563012864360463,0.125986940002436,1.245669712585667,True,0.8719687988099669
24,42,1.0,1.5,132,-2.427716202606411,0.0449482832632455,0.0563012864360463,-0.0113530031728007,-0.06296716802616457,True,-0.0440770176183152
24,43,1.5,2.0,53,-2.427716202606411,-0.991257776720474,0.0563012864360463,-1.04755906315652,-5.810077434412974,True,-4.067054204089081
24,44,2.0,2.5,60,-2.427716202606411,0.1434466406119448,0.0563012864360463,0.0871453541758984,0.854548004855632,True,0.5981836033989424
24,45,2.5,3.0,117,-2.427716202606411,0.1434466406119448,0.0563012864360463,0.0871453541758984,0.854548004855632,True,0.5981836033989424
24,46,3.0,3.5,154,-2.427716202606411,-0.0491185562661585,0.0563012864360463,-0.1054198427022048,-0.5846901342038503,True,-0.4092830939426952
24,47,3.5,4.0,4,-2.427716202606411,-0.0491185562661586,0.0563012864360463,-0.105419842702205,-0.5846901342038515,True,-0.409283093942696
24,48,4.0,4.5,155,-2.427716202606411,-0.087806425662827,0.0563012864360463,-0.1441077120988734,-0.7992646864871285,True,-0.5594852805409899
24,49,4.5,5.0,51,-2.427716202606411,0.1920964284490771,0.0563012864360463,0.1357951420130307,1.3444350085567691,True,0.9411045059897384
24,50,5.0,5.5,75,-2.427716202606411,0.1920964284490769,0.0563012864360463,0.1357951420130305,1.3444350085567676,True,0.9411045059897372
24,51,5.5,6.0,133,-2.427716202606411,0.1077353100123962,0.0563012864360463,0.0514340235763498,0.4949469146276332,True,0.3464628402393432
24,52,6.0,6.5,75,-2.427716202606411,-0.6393838326145544,0.0563012864360463,-0.6956851190506008,-3.858478775863419,True,-2.700935143104393
24,53,6.5,7.0,141,-2.427716202606411,0.128597731400255,0.0563012864360463,0.0722964449642086,0.7050244824448563,True,0.4935171377113994
24,54,7.0,7.5,0,-2.427716202606411,,0.0563012864360463,,,True,
24,55,7.5,8.0,214,-2.427716202606411,-0.0171032882317522,0.0563012864360463,-0.0734045746677986,-0.4071238346933531,True,-0.2849866842853472
24,56,8.0,8.5,74,-2.427716202606411,0.1132228219426343,0.0563012864360463,0.0569215355065879,0.5502043144394932,True,0.3851430201076453
24,57,8.5,9.0,77,-2.427716202606411,0.1132228219426343,0.0563012864360463,0.056921535506588,0.5502043144394944,True,0.385143020107646
24,58,9.0,9.5,252,-2.427716202606411,-0.2629358992170034,0.0563012864360463,-0.3192371856530497,-1.7705853863737298,True,-1.2394097704616107
24,59,9.5,10.0,291,-2.427716202606411,0.2523212148514024,0.0563012864360463,0.196019928415356,1.950878355400258,True,1.3656148487801805
24,60,10.0,10.5,278,-2.427716202606411,0.1086366013494847,0.0563012864360463,0.0523353149134383,0.5040226153083066,True,0.3528158307158146
24,61,10.5,11.0,238,-2.427716202606411,-0.1059208069961268,0.0563012864360463,-0.1622220934321732,-0.8997324900931878,True,-0.6298127430652314
24,62,11.0,11.5,21,-2.427716202606411,0.1010189606881786,0.0563012864360463,0.0447176742521322,0.42731553548850765,True,0.2991208748419553
24,63,11.5,12.0,241,-2.427716202606411,-0.3292589279667811,0.0563012864360463,-0.3855602144028274,-2.1384328388695235,True,-1.4969029872086663
24,64,12.0,12.5,107,-2.427716202606411,-0.2343953049896792,0.0563012864360463,-0.2906965914257256,-1.6122906721976602,True,-1.128603470538362
24,65,12.5,13.0,0,-2.427716202606411,,0.0563012864360463,,,True,
24,66,13.0,13.5,0,-2.427716202606411,,0.0563012864360463,,,True,
24,67,13.5,14.0,0,-2.427716202606411,,0.0563012864360463,,,True,
24,68,14.0,14.5,41,-2.427716202606411,-0.776804138015936,0.0563012864360463,-0.8331054244519823,-4.620653094738469,True,-3.2344571663169286
24,69,14.5,15.0,91,-2.427716202606411,-0.663406614757568,0.0563012864360463,-0.7197079011936144,-3.9917163462781846,True,-2.794201442394729
24,70,15.0,15.5,0,-2.427716202606411,,0.0563012864360463,,,True,
24,71,15.5,16.0,0,-2.427716202606411,,0.0563012864360463,,,True,
24,72,16.0,16.5,0,-2.427716202606411,,0.0563012864360463,,,True,
24,73,16.5,17.0,101,-2.427716202606411,-0.7774254102275702,0.0563012864360463,-0.8337266966636165,-4.624098857163136,True,-3.236869200014195
24,74,17.0,17.5,0,-2.427716202606411,,0.0563012864360463,,,True,
24,75,17.5,18.0,88,-2.427716202606411,-0.8518333790653909,0.0563012864360463,-0.9081346655014372,-5.036787817518713,True,-3.5257514722630985
24,76,18.0,18.5,63,-2.427716202606411,-0.7185696094378807,0.0563012864360463,-0.7748708958739271,-4.297666895396617,True,-3.008366826777632
24,77,18.5,19.0,0,-2.427716202606411,,0.0563012864360463,,,True,
24,78,19.0,19.5,0,-2.427716202606411,,0.0563012864360463,,,True,
24,79,19.5,20.0,0,-2.427716202606411,,0.0563012864360463,,,True,
25,0,-20.0,-19.5,190,-2.386936300579253,0.0459609398700376,0.0368809712454573,0.0090799686245803,0.05836056783031101,True,0.0408523974812177
25,1,-19.5,-19.0,26,-2.386936300579253,-0.7066442299994725,0.0368809712454573,-0.7435252012449298,-3.1864686204320947,True,-2.2305280343024663
25,2,-19.0,-18.5,249,-2.386936300579253,-0.4437746366546823,0.0368809712454573,-0.4806556079001396,-2.059908674573593,True,-1.441936072201515
25,3,-18.5,-18.0,55,-2.386936300579253,-0.7313460598489395,0.0368809712454573,-0.7682270310943968,-3.292331347816167,True,-2.3046319434713167
25,4,-18.0,-17.5,170,-2.386936300579253,0.0659630648940237,0.0368809712454573,0.0290820936485664,0.24935131211814915,True,0.1745459184827044
25,5,-17.5,-17.0,166,-2.386936300579253,-0.0741740129946393,0.0368809712454573,-0.1110549842400966,-0.47593978231153017,True,-0.3331578476180711
25,6,-17.0,-16.5,143,-2.386936300579253,-0.0741740129946393,0.0368809712454573,-0.1110549842400966,-0.47593978231153017,True,-0.3331578476180711
25,7,-16.5,-16.0,197,-2.386936300579253,0.0045487921609628,0.0368809712454573,-0.0323321790844944,-0.13856352671090413,True,-0.0969944686976329
25,8,-16.0,-15.5,37,-2.386936300579253,0.0045487921609628,0.0368809712454573,-0.0323321790844944,-0.13856352671090413,True,-0.0969944686976329
25,9,-15.5,-15.0,159,-2.386936300579253,0.0536085234691954,0.0368809712454573,0.0167275522237381,0.13138369321599244,True,0.0919685852511947
25,10,-15.0,-14.5,135,-2.386936300579253,0.1797422320484922,0.0368809712454573,0.1428612608030349,1.3357742693401065,True,0.9350419885380744
25,11,-14.5,-14.0,288,-2.386936300579253,-0.1175137067117763,0.0368809712454573,-0.1543946779572336,-0.6616773656746292,True,-0.4631741559722404
25,12,-14.0,-13.5,123,-2.386936300579253,0.1104187402591617,0.0368809712454573,0.0735377690137044,0.673837336259307,True,0.4716861353815149
25,13,-13.5,-13.0,190,-2.386936300579253,0.060415404720782,0.0368809712454573,0.0235344334753247,0.196379353175145,True,0.1374655472226015
25,14,-13.0,-12.5,100,-2.386936300579253,-0.1801358416619942,0.0368809712454573,-0.2170168129074516,-0.930052220527196,True,-0.6510365543690372
25,15,-12.5,-12.0,215,-2.386936300579253,0.1341873177982255,0.0368809712454573,0.0973063465527682,0.9007921377819065,True,0.6305544964473345
25,16,-12.0,-11.5,148,-2.386936300579253,0.1341873177982254,0.0368809712454573,0.0973063465527681,0.9007921377819057,True,0.630554496447334
25,17,-11.5,-11.0,108,-2.386936300579253,0.0233439205915995,0.0368809712454573,-0.0135370506538577,-0.05801469412131972,True,-0.0406102858849238
25,18,-11.0,-10.5,170,-2.386936300579253,0.0195598670376768,0.0368809712454573,-0.0173211042077804,-0.074231720642304,True,-0.0519622044496128
25,19,-10.5,-10.0,267,-2.386936300579253,-0.1037278297941721,0.0368809712454573,-0.1406088010396294,-0.6025962960222042,True,-0.4218174072155429
25,20,-10.0,-9.5,92,-2.386936300579253,0.0009108229992895,0.0368809712454573,-0.0359701482461677,-0.15415449061685116,True,-0.1079081434317958
25,21,-9.5,-9.0,181,-2.386936300579253,0.1688202013767457,0.0368809712454573,0.1319392301312884,1.2314850118422171,True,0.8620395082895519
25,22,-9.0,-8.5,137,-2.386936300579253,-0.4863791910434943,0.0368809712454573,-0.5232601622889517,-2.2424957280051836,True,-1.5697470096036286
25,23,-8.5,-8.0,199,-2.386936300579253,-0.0416572197543381,0.0368809712454573,-0.0785381909997954,-0.33658506894900886,True,-0.2356095482643062
25,24,-8.0,-7.5,90,-2.386936300579253,0.0368809712454572,0.0368809712454573,-2.775557561562892e-17,-1.1894993013437536e-16,True,-8.326495109406274e-17
25,25,-7.5,-7.0,162,-2.386936300579253,0.0368809712454573,0.0368809712454573,3.4694469519536136e-17,1.4868741266796915e-16,True,1.0408118886757839e-16
25,26,-7.0,-6.5,125,-2.386936300579253,0.077002115835983,0.0368809712454573,0.0401211445905256,0.3547579403192956,True,0.2483305582235069
25,27,-6.5,-6.0,348,-2.386936300579253,0.0770021158359836,0.0368809712454573,0.0401211445905263,0.35475794031930213,True,0.2483305582235115
25,28,-6.0,-5.5,0,-2.386936300579253,,0.0368809712454573,,,True,
25,29,-5.5,-5.0,45,-2.386936300579253,0.0823876642180252,0.0368809712454573,0.0455066929725679,0.406181971148568,True,0.2843273798039976
25,30,-5.0,-4.5,164,-2.386936300579253,0.0823876642180252,0.0368809712454573,0.0455066929725679,0.406181971148568,True,0.2843273798039976
25,31,-4.5,-4.0,225,-2.386936300579253,-0.2345408303859485,0.0368809712454573,-0.2714218016314058,-1.1632114854365427,True,-0.8142480398055798
25,32,-4.0,-3.5,85,-2.386936300579253,-0.0121433890111921,0.0368809712454573,-0.0490243602566494,-0.21009992039679615,True,-0.1470699442777573
25,33,-3.5,-3.0,85,-2.386936300579253,0.1254696464770581,0.0368809712454573,0.0885886752316008,0.8175512555211528,True,0.572285878864807
25,34,-3.0,-2.5,145,-2.386936300579253,0.1254696464770578,0.0368809712454573,0.0885886752316005,0.81755125552115,True,0.572285878864805
25,35,-2.5,-2.0,10,-2.386936300579253,-0.0760792575699143,0.0368809712454573,-0.1129602288153716,-0.4841049420710073,True,-0.3388734594497051
25,36,-2.0,-1.5,288,-2.386936300579253,-0.0760792575699144,0.0368809712454573,-0.1129602288153717,-0.4841049420710078,True,-0.3388734594497054
25,37,-1.5,-1.0,65,-2.386936300579253,-0.6102992120882222,0.0368809712454573,-0.6471801833336795,-2.773570206504581,True,-1.9414991445532064
25,38,-1.0,-0.5,232,-2.386936300579253,0.2333251461967838,0.0368809712454573,0.1964441749513265,1.847411939938673,True,1.293188357957071
25,39,-0.5,0.0,0,-2.386936300579253,,0.0368809712454573,,,True,
25,40,0.0,0.5,154,-2.386936300579253,0.0800662935153339,0.0368809712454573,0.0431853222698766,0.38401631036286016,True,0.2688114172540021
25,41,0.5,1.0,53,-2.386936300579253,0.0800662935153342,0.0368809712454573,0.0431853222698769,0.384016310362863,True,0.2688114172540041
25,42,1.0,1.5,171,-2.386936300579253,0.1252908246494032,0.0368809712454573,0.0884098534039458,0.815843771245468,True,0.5710906398718276
25,43,1.5,2.0,36,-2.386936300579253,0.125290824649403,0.0368809712454573,0.0884098534039457,0.8158437712454669,True,0.5710906398718268
25,44,2.0,2.5,193,-2.386936300579253,0.2127244471088004,0.0368809712454573,0.1758434758633431,1.6507056976296424,True,1.1554939883407496
25,45,2.5,3.0,67,-2.386936300579253,0.2233286876749249,0.0368809712454573,0.1864477164294676,1.7519605290989337,True,1.2263723703692535
25,46,3.0,3.5,236,-2.386936300579253,-0.0606119661362792,0.0368809712454573,-0.0974929373817365,-0.417817963884076,True,-0.2924725747188532
25,47,3.5,4.0,0,-2.386936300579253,,0.0368809712454573,,,True,
25,48,4.0,4.5,174,-2.386936300579253,0.0079912682521743,0.0368809712454573,-0.0288897029932829,-0.12381037238221901,True,-0.0866672606675533
25,49,4.5,5.0,1,-2.386936300579253,0.0079912682521743,0.0368809712454573,-0.0288897029932829,-0.12381037238221901,True,-0.0866672606675533
25,50,5.0,5.5,178,-2.386936300579253,0.1038518088320117,0.0368809712454573,0.0669708375865544,0.6111328426390272,True,0.427792989847319
25,51,5.5,6.0,0,-2.386936300579253,,0.0368809712454573,,,True,
25,52,6.0,6.5,51,-2.386936300579253,-0.2050502604188004,0.0368809712454573,-0.2419312316642577,-1.0368260237983449,True,-0.7257782166588413
25,53,6.5,7.0,118,-2.386936300579253,-0.2050502604188008,0.0368809712454573,-0.2419312316642581,-1.0368260237983464,True,-0.7257782166588425
25,54,7.0,7.5,0,-2.386936300579253,,0.0368809712454573,,,True,
25,55,7.5,8.0,142,-2.386936300579253,-0.0831091572344491,0.0368809712454573,-0.1199901284799064,-0.5142324409753076,True,-0.3599627086827153
25,56,8.0,8.5,0,-2.386936300579253,,0.0368809712454573,,,True,
25,57,8.5,9.0,171,-2.386936300579253,0.1593606404699191,0.0368809712454573,0.1224796692244618,1.1411601800523743,True,0.798812126036662
25,58,9.0,9.5,148,-2.386936300579253,0.1698724841877276,0.0368809712454573,0.1329915129422703,1.2415327581206614,True,0.8690729306844629
25,59,9.5,10.0,0,-2.386936300579253,,0.0368809712454573,,,True,
25,60,10.0,10.5,59,-2.386936300579253,-0.868002598838487,0.0368809712454573,-0.9048835700839444,-3.877989739136252,True,-2.7145928173953764
25,61,10.5,11.0,145,-2.386936300579253,-0.1423631662768408,0.0368809712454573,-0.1792441375222981,-0.768172778346849,True,-0.5377209448427943
25,62,11.0,11.5,71,-2.386936300579253,0.0064117540593853,0.0368809712454573,-0.0304692171860719,-0.13057957455912186,True,-0.0914057021913853
25,63,11.5,12.0,87,-2.386936300579253,0.0064117540593853,0.0368809712454573,-0.0304692171860719,-0.13057957455912186,True,-0.0914057021913853
25,64,12.0,12.5,145,-2.386936300579253,0.1771496249509203,0.0368809712454573,0.140268653705463,1.3110187016882995,True,0.9177130911818095
25,65,12.5,13.0,13,-2.386936300579253,0.1771496249509201,0.0368809712454573,0.1402686537054628,1.3110187016882975,True,0.9177130911818082
25,66,13.0,13.5,198,-2.386936300579253,0.1592132844235037,0.0368809712454573,0.1223323131780464,1.1397531475022606,True,0.7978272032515824
25,67,13.5,14.0,157,-2.386936300579253,0.1592132844235035,0.0368809712454573,0.1223323131780462,1.1397531475022586,True,0.7978272032515811
25,68,14.0,14.5,56,-2.386936300579253,0.1892175444597887,0.0368809712454573,0.1523365732143314,1.4262495047275048,True,0.9983746533092532
25,69,14.5,15.0,229,-2.386936300579253,0.1892175444597888,0.0368809712454573,0.1523365732143315,1.426249504727506,True,0.998374653309254
25,70,15.0,15.5,0,-2.386936300579253,,0.0368809712454573,,,True,
25,71,15.5,16.0,191,-2.386936300579253,0.2164617474913343,0.0368809712454573,0.179580776245877,1.6863913950658604,True,1.1804739765461023
25,72,16.0,16.5,17,-2.386936300579253,-0.6913132433227249,0.0368809712454573,-0.7281942145681822,-3.120765793031055,True,-2.1845360551217383
25,73,16.5,17.0,235,-2.386936300579253,-0.0018846016291037,0.0368809712454573,-0.038765572874561,-0.16613462638661902,True,-0.1162942384706333
25,74,17.0,17.5,56,-2.386936300579253,0.1147351686076284,0.0368809712454573,0.0778541973621711,0.7150528502084588,True,0.5005369951459211
25,75,17.5,18.0,272,-2.386936300579253,0.3697350658114794,0.0368809712454573,0.3328540945660221,3.149925150120726,True,2.204947605084508
25,76,18.0,18.5,0,-2.386936300579253,,0.0368809712454573,,,True,
25,77,18.5,19.0,247,-2.386936300579253,0.2179580962426348,0.0368809712454573,0.1810771249971775,1.7006793150434807,True,1.1904755205304365
25,78,19.0,19.5,115,-2.386936300579253,-0.2347973272119404,0.0368809712454573,-0.2716782984573977,-1.1643107341047725,True,-0.8150175138733406
25,79,19.5,20.0,350,-2.386936300579253,0.3296001167631847,0.0368809712454573,0.2927191455177274,2.766695679177208,True,1.9366869754240457
26,0,-20.0,-19.5,99,-2.3981700251128326,0.2396828039014203,0.1249740603500345,0.1147087435513858,1.4340342079908481,True,1.0038239455935936
26,1,-19.5,-19.0,154,-2.3981700251128326,0.285153011892674,0.1249740603500345,0.1601789515426394,2.0208658662316736,True,1.4146061063621715
26,2,-19.0,-18.5,351,-2.3981700251128326,0.2851530118926743,0.1249740603500345,0.1601789515426398,2.020865866231679,True,1.414606106362175
26,3,-18.5,-18.0,0,-2.3981700251128326,,0.1249740603500345,,,True,
26,4,-18.0,-17.5,235,-2.3981700251128326,0.2760339624483361,0.1249740603500345,0.1510599020983015,1.9031767870871443,True,1.3322237509610009
26,5,-17.5,-17.0,51,-2.3981700251128326,-0.7638606200156989,0.1249740603500345,-0.8888346803657334,-1.3022424298142163,True,-0.9115697008699514
26,6,-17.0,-16.5,190,-2.3981700251128326,0.1683696982220377,0.1249740603500345,0.0433956378720032,0.5136780031504131,True,0.3595746022052892
26,7,-16.5,-16.0,41,-2.3981700251128326,0.1683696982220386,0.1249740603500345,0.043395637872004,0.5136780031504237,True,0.3595746022052965
26,8,-16.0,-15.5,217,-2.3981700251128326,0.2217721028288628,0.1249740603500345,0.0967980424788283,1.2028813966228769,True,0.8420169776360137
26,9,-15.5,-15.0,91,-2.3981700251128326,0.2217721028288618,0.1249740603500345,0.0967980424788273,1.202881396622864,True,0.8420169776360047
26,10,-15.0,-14.5,123,-2.3981700251128326,0.1753986635549557,0.1249740603500345,0.0504246032049212,0.6043927714406084,True,0.4230749400084259
26,11,-14.5,-14.0,139,-2.3981700251128326,0.1753986635549556,0.1249740603500345,0.050424603204921,0.6043927714406058,True,0.423074940008424
26,12,-14.0,-13.5,0,-2.3981700251128326,,0.1249740603500345,,,True,
26,13,-13.5,-13.0,175,-2.3981700251128326,0.1974639882606583,0.1249740603500345,0.0724899279106238,0.8891645298886994,True,0.6224151709220895
26,14,-13.0,-12.5,24,-2.3981700251128326,-0.5668415252922655,0.1249740603500345,-0.6918155856423001,-1.0135873735928835,True,-0.7095111615150185
26,15,-12.5,-12.0,227,-2.3981700251128326,0.0348848819539829,0.1249740603500345,-0.0900891783960515,-0.13199074379744843,True,-0.0923935206582139
26,16,-12.0,-11.5,62,-2.3981700251128326,0.1336297282713159,0.1249740603500345,0.0086556679212813,0.06532918149250386,True,0.0457304270447527
26,17,-11.5,-11.0,133,-2.3981700251128326,0.2229308682038473,0.1249740603500345,0.0979568078538128,1.2178362480861693,True,0.8524853736603184
26,18,-11.0,-10.5,111,-2.3981700251128326,0.1069846109218863,0.1249740603500345,-0.0179894494281481,-0.026356559720073003,True,-0.0184495918040511
26,19,-10.5,-10.0,213,-2.3981700251128326,0.1296654169426118,0.1249740603500345,0.0046913565925773,0.014166376359662714,True,0.0099164634517639
26,20,-10.0,-9.5,164,-2.3981700251128326,0.259922792939226,0.1249740603500345,0.1349487325891914,1.6952484591356043,True,1.186673921394923
26,21,-9.5,-9.0,0,-2.3981700251128326,,0.1249740603500345,,,True,
26,22,-9.0,-8.5,248,-2.3981700251128326,0.207295137318667,0.1249740603500345,0.0823210769686325,1.0160438594319847,True,0.7112307016023892
26,23,-8.5,-8.0,148,-2.3981700251128326,-0.5513849449250146,0.1249740603500345,-0.6763590052750491,-0.9909417509380775,True,-0.6936592256566542
26,24,-8.0,-7.5,110,-2.3981700251128326,0.1709736680972555,0.1249740603500345,0.045999607747221,0.5472844463005556,True,0.3830991124103889
26,25,-7.5,-7.0,140,-2.3981700251128326,-0.216394278193822,0.1249740603500345,-0.3413683385438565,-0.5001428774854674,True,-0.3501000142398272
26,26,-7.0,-6.5,89,-2.3981700251128326,-0.1991980060118947,0.1249740603500345,-0.3241720663619293,-0.4749484113326335,True,-0.3324638879328434
26,27,-6.5,-6.0,142,-2.3981700251128326,-0.142545695633601,0.1249740603500345,-0.2675197559836355,-0.3919464268789419,True,-0.2743624988152593
26,28,-6.0,-5.5,94,-2.3981700251128326,-0.007287939585425,0.1249740603500345,-0.1322619999354596,-0.19377865420054186,True,-0.1356450579403793
26,29,-5.5,-5.0,254,-2.3981700251128326,-0.1249513220382437,0.1249740603500345,-0.2499253823882783,-0.36616869753511244,True,-0.2563180882745787
26,30,-5.0,-4.5,110,-2.3981700251128326,0.1249740603500347,0.1249740603500345,2.0816681711721683e-16,3.049877189961488e-16,True,2.1349140329730415e-16
26,31,-4.5,-4.0,190,-2.3981700251128326,0.1249740603500345,0.1249740603500345,0.0,0.0,True,0.0
26,32,-4.0,-3.5,0,-2.3981700251128326,,0.1249740603500345,,,True,
26,33,-3.5,-3.0,244,-2.3981700251128326,0.2052232267599053,0.1249740603500345,0.0802491664098707,0.9893040937120051,True,0.6925128655984035
26,34,-3.0,-2.5,11,-2.3981700251128326,0.2052232267599056,0.1249740603500345,0.0802491664098711,0.9893040937120103,True,0.6925128655984072
26,35,-2.5,-2.0,180,-2.3981700251128326,0.1786749076220771,0.1249740603500345,0.0537008472720425,0.64667548409238,True,0.4526728388646659
26,36,-2.0,-1.5,142,-2.3981700251128326,-0.9045536172130308,0.1249740603500345,-1.0295276775630653,-1.5083734399731688,True,-1.055861407981218
26,37,-1.5,-1.0,61,-2.3981700251128326,-0.7210137906977014,0.1249740603500345,-0.845987851047736,-1.2394670224708115,True,-0.867626915729568
26,38,-1.0,-0.5,285,-2.3981700251128326,0.0650153689109842,0.1249740603500345,-0.0599586914390502,-0.08784620329614187,True,-0.0614923423072993
26,39,-0.5,0.0,128,-2.3981700251128326,0.0621108197616604,0.1249740603500345,-0.062863240588374,-0.09210169334989844,True,-0.0644711853449289
26,40,0.0,0.5,55,-2.3981700251128326,-0.719567159356153,0.1249740603500345,-0.8445412197061876,-1.2373475454129539,True,-0.8661432817890676
26,41,0.5,1.0,0,-2.3981700251128326,,0.1249740603500345,,,True,
26,42,1.0,1.5,30,-2.3981700251128326,-0.728526652065746,0.1249740603500345,-0.8535007124157805,-1.2504742064375238,True,-0.8753319445062666
26,43,1.5,2.0,19,-2.3981700251128326,-0.7285266520657461,0.1249740603500345,-0.8535007124157806,-1.250474206437524,True,-0.8753319445062667
26,44,2.0,2.5,0,-2.3981700251128326,,0.1249740603500345,,,True,
26,45,2.5,3.0,0,-2.3981700251128326,,0.1249740603500345,,,True,
26,46,3.0,3.5,46,-2.3981700251128326,-0.8639065618113612,0.1249740603500345,-0.9888806221613956,-1.4488209479740006,True,-1.0141746635818003
26,47,3.5,4.0,12,-2.3981700251128326,-0.8639065618113603,0.1249740603500345,-0.9888806221613948,-1.4488209479739993,True,-1.0141746635817994
26,48,4.0,4.5,128,-2.3981700251128326,-0.0121060223192055,0.1249740603500345,-0.13708008266924,-0.2008376854297264,True,-0.1405863798008085
26,49,4.5,5.0,0,-2.3981700251128326,,0.1249740603500345,,,True,
26,50,5.0,5.5,41,-2.3981700251128326,0.0310453570617612,0.1249740603500345,-0.0939287032882732,-0.13761607810924814,True,-0.0963312546764737
26,51,5.5,6.0,77,-2.3981700251128326,0.0310453570617612,0.1249740603500345,-0.0939287032882732,-0.13761607810924814,True,-0.0963312546764737
26,52,6.0,6.5,170,-2.3981700251128326,-0.1395864402331595,0.1249740603500345,-0.2645605005831941,-0.38761078603566845,True,-0.2713275502249679
26,53,6.5,7.0,105,-2.3981700251128326,-0.0179196791988935,0.1249740603500345,-0.1428937395489281,-0.20935534436940245,True,-0.1465487410585817
26,54,7.0,7.5,0,-2.3981700251128326,,0.1249740603500345,,,True,
26,55,7.5,8.0,185,-2.3981700251128326,0.0345684254857034,0.1249740603500345,-0.090405634864331,-0.13245438799280446,True,-0.0927180715949631
26,56,8.0,8.5,49,-2.3981700251128326,-0.7077204431241381,0.1249740603500345,-0.8326945034741726,-1.219990778319943,True,-0.8539935448239601
26,57,8.5,9.0,152,-2.3981700251128326,0.2454605169094756,0.1249740603500345,0.120486456559441,1.5086005021676596,True,1.0560203515173616
26,58,9.0,9.5,332,-2.3981700251128326,-0.0186273348408461,0.1249740603500345,-0.1436013951908806,-0.21039213920088756,True,-0.1472744974406213
26,59,9.5,10.0,268,-2.3981700251128326,0.202846988955004,0.1249740603500345,0.0778729286049694,0.9586367263735271,True,0.6710457084614689
26,60,10.0,10.5,242,-2.3981700251128326,0.1896298672636489,0.1249740603500345,0.0646558069136143,0.7880585438237431,True,0.5516409806766202
26,61,10.5,11.0,189,-2.3981700251128326,-0.1302300139233679,0.1249740603500345,-0.2552040742734024,-0.37390257279737843,True,-0.2617318009581649
26,62,11.0,11.5,114,-2.3981700251128326,-0.1528717157430823,0.1249740603500345,-0.2778457760931168,-0.40707520370856376,True,-0.2849526425959946
26,63,11.5,12.0,179,-2.3981700251128326,-0.1528717157430821,0.1249740603500345,-0.2778457760931166,-0.4070752037085634,True,-0.2849526425959944
26,64,12.0,12.5,130,-2.3981700251128326,-0.8159270917120645,0.1249740603500345,-0.940901152062099,-1.3785256466052498,True,-0.9649679526236749
26,65,12.5,13.0,136,-2.3981700251128326,-0.7314367535188402,0.1249740603500345,-0.8564108138688747,-1.2547378312386217,True,-0.8783164818670351
26,66,13.0,13.5,55,-2.3981700251128326,-0.5748907641820293,0.1249740603500345,-0.6998648245320639,-1.0253804107476083,True,-0.7177662875233258
26,67,13.5,14.0,0,-2.3981700251128326,,0.1249740603500345,,,True,
26,68,14.0,14.5,0,-2.3981700251128326,,0.1249740603500345,,,True,
26,69,14.5,15.0,0,-2.3981700251128326,,0.1249740603500345,,,True,
26,70,15.0,15.5,81,-2.3981700251128326,-0.7964121692326173,0.1249740603500345,-0.9213862295826518,-1.349934097885735,True,-0.9449538685200144
26,71,15.5,16.0,187,-2.3981700251128326,-0.6038730166899766,0.1249740603500345,-0.7288470770400112,-1.0678426590837202,True,-0.7474898613586042
26,72,16.0,16.5,49,-2.3981700251128326,-0.7416146367147828,0.1249740603500345,-0.8665886970648173,-1.2696495708863096,True,-0.8887546996204166
26,73,16.5,17.0,66,-2.3981700251128326,-0.5406153181443194,0.1249740603500345,-0.665589378494354,-0.9751630406144502,True,-0.6826141284301152
26,74,17.0,17.5,50,-2.3981700251128326,-0.4201466310865186,0.1249740603500345,-0.5451206914365532,-0.7986629116071899,True,-0.5590640381250329
26,75,17.5,18.0,0,-2.3981700251128326,,0.1249740603500345,,,True,
26,76,18.0,18.5,41,-2.3981700251128326,-0.0622685690711661,0.1249740603500345,-0.1872426294212007,-0.27433143877997085,True,-0.1920320071459796
26,77,18.5,19.0,283,-2.3981700251128326,-0.2110844672665919,0.1249740603500345,-0.3360585276166264,-0.4923634093386069,True,-0.3446543865370248
26,78,19.0,19.5,72,-2.3981700251128326,-0.5440069964898846,0.1249740603500345,-0.6689810568399192,-0.9801322295395039,True,-0.6860925606776527
26,79,19.5,20.0,0,-2.3981700251128326,,0.1249740603500345,,,True,
27,0,-20.0,-19.5,78,-2.4774913504395504,0.0774767718484955,0.134235564962322,-0.0567587931138265,-0.07279026051019585,True,-0.0509531823571371
27,1,-19.5,-19.0,220,-2.4774913504395504,0.0774767718484953,0.134235564962322,-0.0567587931138267,-0.07279026051019614,True,-0.0509531823571373
27,2,-19.0,-18.5,109,-2.4774913504395504,-0.7149931347189666,0.134235564962322,-0.8492286996812887,-1.0890925421646718,True,-0.7623647795152702
27,3,-18.5,-18.0,203,-2.4774913504395504,0.2924599021185083,0.134235564962322,0.1582243371561863,1.2961230032582471,True,0.907286102280773
27,4,-18.0,-17.5,0,-2.4774913504395504,,0.134235564962322,,,True,
27,5,-17.5,-17.0,214,-2.4774913504395504,0.0106958176749028,0.134235564962322,-0.1235397472874192,-0.15843343198614343,True,-0.1109034023903004
27,6,-17.0,-16.5,0,-2.4774913504395504,,0.134235564962322,,,True,
27,7,-16.5,-16.0,260,-2.4774913504395504,0.2257083750235493,0.134235564962322,0.0914728100612273,0.6739687413527745,True,0.4717781189469421
27,8,-16.0,-15.5,0,-2.4774913504395504,,0.134235564962322,,,True,
27,9,-15.5,-15.0,92,-2.4774913504395504,0.2603950147439289,0.134235564962322,0.1261594497816068,0.9972638279582685,True,0.6980846795707879
27,10,-15.0,-14.5,81,-2.4774913504395504,0.260395014743929,0.134235564962322,0.126159449781607,0.9972638279582705,True,0.6980846795707893
27,11,-14.5,-14.0,237,-2.4774913504395504,-0.1237505348903239,0.134235564962322,-0.2579860998526459,-0.3308540295883946,True,-0.2315978207118762
27,12,-14.0,-13.5,149,-2.4774913504395504,0.161117091608522,0.134235564962322,0.0268815266461999,0.07194892236891244,True,0.0503642456582387
27,13,-13.5,-13.0,43,-2.4774913504395504,0.2287238860669581,0.134235564962322,0.0944883211046361,0.7020746608594682,True,0.4914522626016277
27,14,-13.0,-12.5,144,-2.4774913504395504,0.1870443231210724,0.134235564962322,0.0528087581587504,0.31360238389940304,True,0.2195216687295821
27,15,-12.5,-12.0,87,-2.4774913504395504,-0.6668232898918501,0.134235564962322,-0.8010588548541722,-1.027317170255867,True,-0.7191220191791069
27,16,-12.0,-11.5,45,-2.4774913504395504,-0.8097615953454322,0.134235564962322,-0.9439971603077544,-1.21062826480269,True,-0.847439785361883
27,17,-11.5,-11.0,152,-2.4774913504395504,0.1893070221241226,0.134235564962322,0.0550714571618006,0.3346917565238573,True,0.2342842295667001
27,18,-11.0,-10.5,168,-2.4774913504395504,-0.2524458023392954,0.134235564962322,-0.3866813673016174,-0.4958991535263449,True,-0.3471294074684414
27,19,-10.5,-10.0,78,-2.4774913504395504,0.1866013061112502,0.134235564962322,0.0523657411489281,0.30947326606865344,True,0.2166312862480574
27,20,-10.0,-9.5,237,-2.4774913504395504,0.0546620978884959,0.134235564962322,-0.079573467073826,-0.102048917537542,True,-0.0714342422762794
27,21,-9.5,-9.0,130,-2.4774913504395504,-0.177531470038141,0.134235564962322,-0.3117670350004631,-0.3998253389684373,True,-0.2798777372779061
27,22,-9.0,-8.5,111,-2.4774913504395504,-0.7225545673017488,0.134235564962322,-0.8567901322640709,-1.0987896942240398,True,-0.7691527859568279
27,23,-8.5,-8.0,142,-2.4774913504395504,0.263330679953721,0.134235564962322,0.129095114991399,1.0246255483755649,True,0.7172378838628953
27,24,-8.0,-7.5,47,-2.4774913504395504,-0.6431557521358011,0.134235564962322,-0.7773913170981231,-0.9969647588604592,True,-0.6978753312023214
27,25,-7.5,-7.0,209,-2.4774913504395504,-0.1232321411734377,0.134235564962322,-0.2574677061357597,-0.33018921605680085,True,-0.2311324512397606
27,26,-7.0,-6.5,182,-2.4774913504395504,-0.0267695339978962,0.134235564962322,-0.1610050989602182,-0.20648083678032358,True,-0.1445365857462265
27,27,-6.5,-6.0,36,-2.4774913504395504,0.24689135905623,0.134235564962322,0.112655794093908,0.8714036820854357,True,0.609982577459805
27,28,-6.0,-5.5,227,-2.4774913504395504,-0.0835921756847121,0.134235564962322,-0.2178277406470341,-0.27935297983252116,True,-0.1955470858827648
27,29,-5.5,-5.0,171,-2.4774913504395504,0.2988798758296553,0.134235564962322,0.1646443108673332,1.355960046387299,True,0.9491720324711092
27,30,-5.0,-4.5,25,-2.4774913504395504,0.2988798758296551,0.134235564962322,0.164644310867333,1.3559600463872974,True,0.949172032471108
27,31,-4.5,-4.0,191,-2.4774913504395504,0.1564548957680402,0.134235564962322,0.0222193308057182,0.028495159762593,True,0.0199466118338151
27,32,-4.0,-3.5,96,-2.4774913504395504,-0.3306757562616065,0.134235564962322,-0.4649113212239285,-0.5962250838942775,True,-0.4173575587259942
27,33,-3.5,-3.0,140,-2.4774913504395504,0.2012456321621261,0.134235564962322,0.0670100671998041,0.4459649728774687,True,0.3121754810142281
27,34,-3.0,-2.5,147,-2.4774913504395504,0.2505852768202387,0.134235564962322,0.1163497118579167,0.9058326574216405,True,0.6340828601951484
27,35,-2.5,-2.0,15,-2.4774913504395504,0.2505852768202387,0.134235564962322,0.1163497118579166,0.9058326574216397,True,0.6340828601951477
27,36,-2.0,-1.5,120,-2.4774913504395504,0.2374848766965104,0.134235564962322,0.1032493117341883,0.783731034816813,True,0.5486117243717691
27,37,-1.5,-1.0,22,-2.4774913504395504,0.1120162341566035,0.134235564962322,-0.0222193308057184,-0.028495159762593144,True,-0.0199466118338152
27,38,-1.0,-0.5,153,-2.4774913504395504,0.1120162341566037,0.134235564962322,-0.0222193308057182,-0.028495159762593,True,-0.0199466118338151
27,39,-0.5,0.0,29,-2.4774913504395504,0.0391828889590439,0.134235564962322,-0.095052676003278,-0.1219002143790193,True,-0.0853301500653135
27,40,0.0,0.5,200,-2.4774913504395504,0.0391828889590437,0.134235564962322,-0.0950526760032782,-0.12190021437901959,True,-0.0853301500653137
27,41,0.5,1.0,57,-2.4774913504395504,-0.3531775922196125,0.134235564962322,-0.4874131571819345,-0.6250825421220486,True,-0.437557779485434
27,42,1.0,1.5,155,-2.4774913504395504,0.2183695365191758,0.134235564962322,0.0841339715568537,0.6055674649829215,True,0.423897225488045
27,43,1.5,2.0,139,-2.4774913504395504,0.2523913087512459,0.134235564962322,0.1181557437889238,0.9226656874947202,True,0.6458659812463041
27,44,2.0,2.5,169,-2.4774913504395504,-0.4619071482511352,0.134235564962322,-0.5961427132134574,-0.7645226583489831,True,-0.5351658608442882
27,45,2.5,3.0,184,-2.4774913504395504,-0.054340710530082,0.134235564962322,-0.188576275492404,-0.2418394660296393,True,-0.1692876262207475
27,46,3.0,3.5,27,-2.4774913504395504,-0.8579305533228028,0.134235564962322,-0.9921661182851248,-1.272402499371877,True,-0.8906817495603139
27,47,3.5,4.0,172,-2.4774913504395504,0.0101043854129473,0.134235564962322,-0.1241311795493746,-0.15919191373073457,True,-0.1114343396115142
27,48,4.0,4.5,49,-2.4774913504395504,0.0077023814504721,0.134235564962322,-0.1265331835118498,-0.16227236143906515,True,-0.1135906530073456
27,49,4.5,5.0,132,-2.4774913504395504,0.0077023814504721,0.134235564962322,-0.1265331835118498,-0.16227236143906515,True,-0.1135906530073456
27,50,5.0,5.5,72,-2.4774913504395504,0.1260056371515785,0.134235564962322,-0.0082299278107434,-0.010554463131778286,True,-0.0073881241922448
27,51,5.5,6.0,192,-2.4774913504395504,-0.4008758034336541,0.134235564962322,-0.5351113683959761,-0.6862530679501367,True,-0.4803771475650957
27,52,6.0,6.5,139,-2.4774913504395504,0.0942311669011816,0.134235564962322,-0.0400043980611403,-0.05130360243186043,True,-0.0359125217023023
27,53,6.5,7.0,94,-2.4774913504395504,0.1169026804460404,0.134235564962322,-0.0173328845162816,-0.022228541343419287,True,-0.0155599789403935
27,54,7.0,7.5,50,-2.4774913504395504,0.1169026804460403,0.134235564962322,-0.0173328845162816,-0.022228541343419287,True,-0.0155599789403935
27,55,7.5,8.0,128,-2.4774913504395504,0.1316635856395716,0.134235564962322,-0.0025719793227503,-0.003298432448244286,True,-0.002308902713771
27,56,8.0,8.5,83,-2.4774913504395504,-0.4066761183906557,0.134235564962322,-0.5409116833529778,-0.69369167637711,True,-0.485584173463977
27,57,8.5,9.0,212,-2.4774913504395504,0.0129871228040032,0.134235564962322,-0.1212484421583187,-0.1554949498919047,True,-0.1088464649243333
27,58,9.0,9.5,257,-2.4774913504395504,-0.0520348649924049,0.134235564962322,-0.1862704299547269,-0.23888233660218314,True,-0.1672176356215282
27,59,9.5,10.0,305,-2.4774913504395504,0.1480278597534208,0.134235564962322,0.0137922947910987,0.017687915401304145,True,0.0123815407809129
27,60,10.0,10.5,242,-2.4774913504395504,0.1100292501971531,0.134235564962322,-0.0242063147651688,-0.03104336546083486,True,-0.0217303558225844
27,61,10.5,11.0,174,-2.4774913504395504,0.1409428172210284,0.134235564962322,0.0067072522587063,0.008601709311185,True,0.0060211965178295
27,62,11.0,11.5,72,-2.4774913504395504,0.0795805467138767,0.134235564962322,-0.0546550182484452,-0.07009227642517829,True,-0.0490645934976248
27,63,11.5,12.0,111,-2.4774913504395504,-0.5864237541360362,0.134235564962322,-0.7206593190983582,-0.9242088617189317,True,-0.6469462032032521
27,64,12.0,12.5,46,-2.4774913504395504,-0.1133969425171451,0.134235564962322,-0.2476325074794672,-0.31757607484843603,True,-0.2223032523939052
27,65,12.5,13.0,146,-2.4774913504395504,0.0334122376189864,0.134235564962322,-0.1008233273433356,-0.12930078072851728,True,-0.0905105465099621
27,66,13.0,13.5,0,-2.4774913504395504,,0.134235564962322,,,True,
27,67,13.5,14.0,0,-2.4774913504395504,,0.134235564962322,,,True,
27,68,14.0,14.5,48,-2.4774913504395504,-0.984931569942013,0.134235564962322,-1.119167134904335,-1.4352748329367022,True,-1.0046923830556915
27,69,14.5,15.0,0,-2.4774913504395504,,0.134235564962322,,,True,
27,70,15.0,15.5,97,-2.4774913504395504,-0.5970544648722286,0.134235564962322,-0.7312900298345506,-0.9378422066412619,True,-0.6564895446488833
27,71,15.5,16.0,0,-2.4774913504395504,,0.134235564962322,,,True,
27,72,16.0,16.5,0,-2.4774913504395504,,0.134235564962322,,,True,
27,73,16.5,17.0,42,-2.4774913504395504,-0.6822925509144078,0.134235564962322,-0.8165281158767298,-1.0471557094135626,True,-0.7330089965894938
27,74,17.0,17.5,0,-2.4774913504395504,,0.134235564962322,,,True,
27,75,17.5,18.0,0,-2.4774913504395504,,0.134235564962322,,,True,
27,76,18.0,18.5,0,-2.4774913504395504,,0.134235564962322,,,True,
27,77,18.5,19.0,0,-2.4774913504395504,,0.134235564962322,,,True,
27,78,19.0,19.5,0,-2.4774913504395504,,0.134235564962322,,,True,
27,79,19.5,20.0,43,-2.4774913504395504,-0.5650889218770984,0.134235564962322,-0.6993244868394204,-0.8968480262805348,True,-0.6277936183963744
28,0,-20.0,-19.5,294,-2.3233405469852664,-0.0067787931514305,0.036471128649358,-0.0432499218007885,-0.1403562668159753,True,-0.0982493867711827
28,1,-19.5,-19.0,93,-2.3233405469852664,-0.8086584237347065,0.036471128649358,-0.8451295523840645,-2.74264609066463,True,-1.919852263465241
28,2,-19.0,-18.5,246,-2.3233405469852664,0.0208716460375067,0.036471128649358,-0.0155994826118512,-0.05062402548945729,True,-0.0354368178426201
28,3,-18.5,-18.0,114,-2.3233405469852664,0.062206464539356,0.036471128649358,0.025735335889998,0.3149623307226837,True,0.2204736315058786
28,4,-18.0,-17.5,182,-2.3233405469852664,0.062206464539356,0.036471128649358,0.025735335889998,0.3149623307226837,True,0.2204736315058786
28,5,-17.5,-17.0,240,-2.3233405469852664,-0.0596223844712402,0.036471128649358,-0.0960935131205982,-0.3118462694328666,True,-0.2182923886030066
28,6,-17.0,-16.5,164,-2.3233405469852664,-0.0596223844712404,0.036471128649358,-0.0960935131205985,-0.3118462694328676,True,-0.2182923886030073
28,7,-16.5,-16.0,110,-2.3233405469852664,0.0048325299197313,0.036471128649358,-0.0316385987296266,-0.10267476610554442,True,-0.0718723362738811
28,8,-16.0,-15.5,244,-2.3233405469852664,0.0048325299197313,0.036471128649358,-0.0316385987296266,-0.10267476610554442,True,-0.0718723362738811
28,9,-15.5,-15.0,281,-2.3233405469852664,-0.3999774594603604,0.036471128649358,-0.4364485881097184,-1.4163793119983523,True,-0.9914655183988466
28,10,-15.0,-14.5,207,-2.3233405469852664,-0.0900236789964768,0.036471128649358,-0.1264948076458348,-0.41050568957215033,True,-0.2873539827005052
28,11,-14.5,-14.0,147,-2.3233405469852664,0.1074042054705035,0.036471128649358,0.0709330768211455,1.0000000000000047,True,0.7000000000000033
28,12,-14.0,-13.5,352,-2.3233405469852664,0.1074042054705025,0.036471128649358,0.0709330768211445,0.9999999999999896,True,0.6999999999999926
28,13,-13.5,-13.0,141,-2.3233405469852664,0.1074042054705035,0.036471128649358,0.0709330768211455,1.0000000000000047,True,0.7000000000000033
28,14,-13.0,-12.5,12,-2.3233405469852664,-0.1872205666833113,0.036471128649358,-0.2236916953326693,-0.7259326714911563,True,-0.5081528700438094
28,15,-12.5,-12.0,211,-2.3233405469852664,-0.187220566683311,0.036471128649358,-0.223691695332669,-0.7259326714911551,True,-0.5081528700438086
28,16,-12.0,-11.5,0,-2.3233405469852664,,0.036471128649358,,,True,
28,17,-11.5,-11.0,105,-2.3233405469852664,-0.3412079183191398,0.036471128649358,-0.3776790469684978,-1.2256581949738303,True,-0.8579607364816813
28,18,-11.0,-10.5,260,-2.3233405469852664,-0.010868946819481,0.036471128649358,-0.0473400754688391,-0.15362978675886643,True,-0.1075408507312065
28,19,-10.5,-10.0,0,-2.3233405469852664,,0.036471128649358,,,True,
28,20,-10.0,-9.5,245,-2.3233405469852664,0.1192108926930475,0.036471128649358,0.0827397640436895,1.178947560877856,True,0.8252632926144992
28,21,-9.5,-9.0,0,-2.3233405469852664,,0.036471128649358,,,True,
28,22,-9.0,-8.5,216,-2.3233405469852664,0.0449064159766281,0.036471128649358,0.0084352873272701,0.052754868543341146,True,0.0369284079803388
28,23,-8.5,-8.0,15,-2.3233405469852664,0.0449064159766279,0.036471128649358,0.0084352873272698,0.052754868543336574,True,0.0369284079803356
28,24,-8.0,-7.5,73,-2.3233405469852664,0.1038210181282257,0.036471128649358,0.0673498894788676,0.9456915709730468,True,0.6619840996811327
28,25,-7.5,-7.0,192,-2.3233405469852664,-0.1052383353101666,0.036471128649358,-0.1417094639595246,-0.459880862339253,True,-0.3219166036374771
28,26,-7.0,-6.5,152,-2.3233405469852664,0.0107849338604557,0.036471128649358,-0.0256861947889022,-0.08335780179867386,True,-0.0583504612590717
28,27,-6.5,-6.0,114,-2.3233405469852664,-0.3078665158917719,0.036471128649358,-0.3443376445411299,-1.1174574265037904,True,-0.7822201985526532
28,28,-6.0,-5.5,317,-2.3233405469852664,0.0787289081660571,0.036471128649358,0.042257779516699,0.5653840562253664,True,0.3957688393577564
28,29,-5.5,-5.0,0,-2.3233405469852664,,0.036471128649358,,,True,
28,30,-5.0,-4.5,48,-2.3233405469852664,-0.8251837809935086,0.036471128649358,-0.8616549096428666,-2.7962747992511843,True,-1.957392359475829
28,31,-4.5,-4.0,178,-2.3233405469852664,0.0671947748460084,0.036471128649358,0.0307236461966504,0.3905674471665963,True,0.2733972130166174
28,32,-4.0,-3.5,96,-2.3233405469852664,-0.1579234952953,0.036471128649358,-0.194394623944658,-0.6308567176523814,True,-0.4415997023566669
28,33,-3.5,-3.0,122,-2.3233405469852664,-0.1579234952953,0.036471128649358,-0.194394623944658,-0.6308567176523814,True,-0.4415997023566669
28,34,-3.0,-2.5,33,-2.3233405469852664,0.0427756219379105,0.036471128649358,0.0063044932885524,0.02045957785133957,True,0.0143217044959377
28,35,-2.5,-2.0,155,-2.3233405469852664,0.0427756219379106,0.036471128649358,0.0063044932885526,0.020459577851342715,True,0.0143217044959399
28,36,-2.0,-1.5,197,-2.3233405469852664,0.104276881909469,0.036471128649358,0.067805753260111,0.9526008512993943,True,0.666820595909576
28,37,-1.5,-1.0,0,-2.3233405469852664,,0.036471128649358,,,True,
28,38,-1.0,-0.5,181,-2.3233405469852664,0.0301666353608055,0.036471128649358,-0.0063044932885524,-0.02045957785133957,True,-0.0143217044959377
28,39,-0.5,0.0,0,-2.3233405469852664,,0.036471128649358,,,True,
28,40,0.0,0.5,161,-2.3233405469852664,-0.0308371882937685,0.036471128649358,-0.0673083169431265,-0.2184314722074586,True,-0.152902030545221
28,41,0.5,1.0,0,-2.3233405469852664,,0.036471128649358,,,True,
28,42,1.0,1.5,238,-2.3233405469852664,-0.0883059445459188,0.036471128649358,-0.1247770731952769,-0.4049312333691543,True,-0.283451863358408
28,43,1.5,2.0,0,-2.3233405469852664,,0.036471128649358,,,True,
28,44,2.0,2.5,150,-2.3233405469852664,0.0553201906504138,0.036471128649358,0.0188490620010557,0.21059080865761987,True,0.1474135660603339
28,45,2.5,3.0,62,-2.3233405469852664,0.2113051676224168,0.036471128649358,0.1748340389730588,2.5747705854733955,True,1.8023394098313767
28,46,3.0,3.5,100,-2.3233405469852664,0.2113051676224168,0.036471128649358,0.1748340389730587,2.5747705854733947,True,1.802339409831376
28,47,3.5,4.0,106,-2.3233405469852664,-0.0833540164258616,0.036471128649358,-0.1198251450752197,-0.388861050683654,True,-0.2722027354785578
28,48,4.0,4.5,59,-2.3233405469852664,-0.0833540164258618,0.036471128649358,-0.1198251450752198,-0.3888610506836542,True,-0.2722027354785579
28,49,4.5,5.0,161,-2.3233405469852664,0.0986440088117531,0.036471128649358,0.0621728801623951,0.8672264458822637,True,0.6070585121175845
28,50,5.0,5.5,47,-2.3233405469852664,-1.208215379670513,0.036471128649358,-1.244686508319871,-4.039303295591242,True,-2.827512306913869
28,51,5.5,6.0,195,-2.3233405469852664,-0.3622164642847109,0.036471128649358,-0.3986875929340689,-1.2938359155380703,True,-0.9056851408766492
28,52,6.0,6.5,37,-2.3233405469852664,-0.1911524206032213,0.036471128649358,-0.2276235492525793,-0.7386924711598407,True,-0.5170847298118885
28,53,6.5,7.0,169,-2.3233405469852664,-0.1340593174993051,0.036471128649358,-0.1705304461486631,-0.5534117936706351,True,-0.3873882555694445
28,54,7.0,7.5,17,-2.3233405469852664,-0.867619767169866,0.036471128649358,-0.904090895819224,-2.933989651680334,True,-2.0537927561762337
28,55,7.5,8.0,145,-2.3233405469852664,-0.3390024077726912,0.036471128649358,-0.3754735364220492,-1.2185007895073277,True,-0.8529505526551293
28,56,8.0,8.5,0,-2.3233405469852664,,0.036471128649358,,,True,
28,57,8.5,9.0,110,-2.3233405469852664,-0.2596354146486419,0.036471128649358,-0.2961065432979999,-0.9609360495151814,True,-0.6726552346606269
28,58,9.0,9.5,266,-2.3233405469852664,0.246312758131197,0.036471128649358,0.2098416294818389,3.105361666246263,True,2.173753166372384
28,59,9.5,10.0,348,-2.3233405469852664,0.2463127581311969,0.036471128649358,0.2098416294818388,3.105361666246261,True,2.1737531663723826
28,60,10.0,10.5,350,-2.3233405469852664,0.2463127581311969,0.036471128649358,0.2098416294818388,3.105361666246261,True,2.1737531663723826
28,61,10.5,11.0,243,-2.3233405469852664,-0.051309940371537,0.036471128649358,-0.087781069020895,-0.2848704143706373,True,-0.1994092900594461
28,62,11.0,11.5,70,-2.3233405469852664,-0.7709033630080457,0.036471128649358,-0.8073744916574037,-2.6201219529005724,True,-1.8340853670304005
28,63,11.5,12.0,126,-2.3233405469852664,-0.2477689756524483,0.036471128649358,-0.2842401043018063,-0.9224266370455645,True,-0.6456986459318951
28,64,12.0,12.5,5,-2.3233405469852664,-0.2477689756524479,0.036471128649358,-0.2842401043018059,-0.9224266370455632,True,-0.6456986459318942
28,65,12.5,13.0,0,-2.3233405469852664,,0.036471128649358,,,True,
28,66,13.0,13.5,0,-2.3233405469852664,,0.036471128649358,,,True,
28,67,13.5,14.0,0,-2.3233405469852664,,0.036471128649358,,,True,
28,68,14.0,14.5,0,-2.3233405469852664,,0.036471128649358,,,True,
28,69,14.5,15.0,0,-2.3233405469852664,,0.036471128649358,,,True,
28,70,15.0,15.5,81,-2.3233405469852664,-0.966112859808476,0.036471128649358,-1.002583988457834,-3.253623126478046,True,-2.277536188534632
28,71,15.5,16.0,51,-2.3233405469852664,-0.7886178193020306,0.036471128649358,-0.8250889479513885,-2.677609570232013,True,-1.874326699162409
28,72,16.0,16.5,45,-2.3233405469852664,-0.64537549832517,0.036471128649358,-0.681846626974528,-2.212754222863471,True,-1.5489279560044296
28,73,16.5,17.0,0,-2.3233405469852664,,0.036471128649358,,,True,
28,74,17.0,17.5,0,-2.3233405469852664,,0.036471128649358,,,True,
28,75,17.5,18.0,0,-2.3233405469852664,,0.036471128649358,,,True,
28,76,18.0,18.5,0,-2.3233405469852664,,0.036471128649358,,,True,
28,77,18.5,19.0,0,-2.3233405469852664,,0.036471128649358,,,True,
28,78,19.0,19.5,0,-2.3233405469852664,,0.036471128649358,,,True,
28,79,19.5,20.0,87,-2.3233405469852664,-0.206354488950513,0.036471128649358,-0.242825617599871,-0.7880267929867131,True,-0.5516187550906991
29,0,-20.0,-19.5,119,-2.534601837985851,0.0880980911872024,0.0094334263275608,0.0786646648596415,0.36994503303254533,True,0.2589615231227817
29,1,-19.5,-19.0,47,-2.534601837985851,0.0880980911872027,0.0094334263275608,0.0786646648596418,0.3699450330325467,True,0.2589615231227827
29,2,-19.0,-18.5,205,-2.534601837985851,0.0153661576833546,0.0094334263275608,0.0059327313557938,0.020756842403027,True,0.0145297896821189
29,3,-18.5,-18.0,142,-2.534601837985851,0.178097431663512,0.0094334263275608,0.1686640053359512,0.8096699435469418,True,0.5667689604828592
29,4,-18.0,-17.5,86,-2.534601837985851,0.2833553022429032,0.0094334263275608,0.2739218759153424,1.3239460201993267,True,0.9267622141395286
29,5,-17.5,-17.0,94,-2.534601837985851,0.2833553022429032,0.0094334263275608,0.2739218759153424,1.3239460201993267,True,0.9267622141395286
29,6,-17.0,-16.5,173,-2.534601837985851,0.1149569976667321,0.0094334263275608,0.1055235713391713,0.5011741085537669,True,0.3508218759876368
29,7,-16.5,-16.0,210,-2.534601837985851,0.1149569976667319,0.0094334263275608,0.1055235713391711,0.501174108553766,True,0.3508218759876362
29,8,-16.0,-15.5,15,-2.534601837985851,0.1721266652245705,0.0094334263275608,0.1626932388970097,0.7804975660142752,True,0.5463482962099926
29,9,-15.5,-15.0,283,-2.534601837985851,0.1721266652245697,0.0094334263275608,0.1626932388970088,0.7804975660142708,True,0.5463482962099895
29,10,-15.0,-14.5,114,-2.534601837985851,-0.7459192495927328,0.0094334263275608,-0.7553526759202936,-2.642751797192148,True,-1.8499262580345035
29,11,-14.5,-14.0,317,-2.534601837985851,0.0094334263275608,0.0094334263275608,0.0,0.0,True,0.0
29,12,-14.0,-13.5,0,-2.534601837985851,,0.0094334263275608,,,True,
29,13,-13.5,-13.0,190,-2.534601837985851,-0.2453967545447634,0.0094334263275608,-0.2548301808723243,-0.8915741480079157,True,-0.624101903605541
29,14,-13.0,-12.5,76,-2.534601837985851,-0.2453967545447627,0.0094334263275608,-0.2548301808723236,-0.8915741480079133,True,-0.6241019036055393
29,15,-12.5,-12.0,228,-2.534601837985851,-0.0634997900880094,0.0094334263275608,-0.0729332164155703,-0.2551713853696481,True,-0.1786199697587537
29,16,-12.0,-11.5,216,-2.534601837985851,-0.0717127695348044,0.0094334263275608,-0.0811461958623653,-0.28390612992705,True,-0.198734290948935
29,17,-11.5,-11.0,245,-2.534601837985851,0.1096893328382722,0.0094334263275608,0.1002559065107114,0.47543699278096757,True,0.3328058949466773
29,18,-11.0,-10.5,57,-2.534601837985851,0.1096893328382728,0.0094334263275608,0.100255906510712,0.47543699278097057,True,0.3328058949466794
29,19,-10.5,-10.0,233,-2.534601837985851,0.1995201418399971,0.0094334263275608,0.1900867155124363,0.9143384807326159,True,0.6400369365128311
29,20,-10.0,-9.5,115,-2.534601837985851,0.1995201418399971,0.0094334263275608,0.1900867155124363,0.9143384807326159,True,0.6400369365128311
29,21,-9.5,-9.0,103,-2.534601837985851,-0.1824148370607648,0.0094334263275608,-0.1918482633883256,-0.6712193641731277,True,-0.4698535549211893
29,22,-9.0,-8.5,151,-2.534601837985851,-0.1656594742009716,0.0094334263275608,-0.1750929005285325,-0.6125973896678073,True,-0.4288181727674651
29,23,-8.5,-8.0,43,-2.534601837985851,0.26859793672895,0.0094334263275608,0.2591645104013891,1.251843478161705,True,0.8762904347131935
29,24,-8.0,-7.5,162,-2.534601837985851,0.2685979367289499,0.0094334263275608,0.2591645104013891,1.251843478161705,True,0.8762904347131935
29,25,-7.5,-7.0,133,-2.534601837985851,-0.0199354122408874,0.0094334263275608,-0.0293688385684482,-0.10275273178009173,True,-0.0719269122460642
29,26,-7.0,-6.5,103,-2.534601837985851,-0.0199354122408874,0.0094334263275608,-0.0293688385684482,-0.10275273178009173,True,-0.0719269122460642
29,27,-6.5,-6.0,246,-2.534601837985851,0.1384563424789779,0.0094334263275608,0.1290229161514171,0.615988808750728,True,0.4311921661255096
29,28,-6.0,-5.5,0,-2.534601837985851,,0.0094334263275608,,,True,
29,29,-5.5,-5.0,94,-2.534601837985851,-0.5839857471082347,0.0094334263275608,-0.5934191734357955,-2.076195182832997,True,-1.4533366279830977
29,30,-5.0,-4.5,238,-2.534601837985851,0.189679205962058,0.0094334263275608,0.1802457796344971,0.8662569656303604,True,0.6063798759412522
29,31,-4.5,-4.0,0,-2.534601837985851,,0.0094334263275608,,,True,
29,32,-4.0,-3.5,151,-2.534601837985851,0.0135470297633188,0.0094334263275608,0.004113603435758,0.014392261018391288,True,0.0100745827128739
29,33,-3.5,-3.0,220,-2.534601837985851,-0.1619117619651185,0.0094334263275608,-0.1713451882926794,-0.5994852718950163,True,-0.4196396903265114
29,34,-3.0,-2.5,94,-2.534601837985851,0.0951266649967667,0.0094334263275608,0.0856932386692059,0.4042857178986536,True,0.2830000025290575
29,35,-2.5,-2.0,182,-2.534601837985851,0.21244369620908,0.0094334263275608,0.2030102698815191,0.9774812633174367,True,0.6842368843222056
29,36,-2.0,-1.5,51,-2.534601837985851,0.2239660787335289,0.0094334263275608,0.214532652405968,1.0337781050238448,True,0.7236446735166913
29,37,-1.5,-1.0,197,-2.534601837985851,0.0174626145881172,0.0094334263275608,0.0080291882605564,0.028091714482545285,True,0.0196642001377817
29,38,-1.0,-0.5,19,-2.534601837985851,-0.1000307768419541,0.0094334263275608,-0.109464203169515,-0.38298231922192616,True,-0.2680876234553483
29,39,-0.5,0.0,191,-2.534601837985851,-0.3228725862972714,0.0094334263275608,-0.3323060126248322,-1.1626387779881269,True,-0.8138471445916888
29,40,0.0,0.5,43,-2.534601837985851,-0.6326945834068337,0.0094334263275608,-0.6421280097343945,-2.246612749051885,True,-1.5726289243363192
29,41,0.5,1.0,174,-2.534601837985851,-0.014148719009146,0.0094334263275608,-0.0235821453367068,-0.08250683284374115,True,-0.0577547829906188
29,42,1.0,1.5,80,-2.534601837985851,-0.7195633844141368,0.0094334263275608,-0.7289968107416976,-2.5505405529777456,True,-1.7853783870844218
29,43,1.5,2.0,155,-2.534601837985851,-0.1931147470990095,0.0094334263275608,-0.2025481734265703,-0.7086551307822994,True,-0.4960585915476095
29,44,2.0,2.5,0,-2.534601837985851,,0.0094334263275608,,,True,
29,45,2.5,3.0,200,-2.534601837985851,-0.1571519781100135,0.0094334263275608,-0.1665854044375744,-0.5828322199653344,True,-0.4079825539757341
29,46,3.0,3.5,41,-2.534601837985851,0.1504244343485015,0.0094334263275608,0.1409910080209407,0.6744633275472255,True,0.4721243292830578
29,47,3.5,4.0,58,-2.534601837985851,0.1504244343485015,0.0094334263275608,0.1409910080209406,0.6744633275472252,True,0.4721243292830576
29,48,4.0,4.5,152,-2.534601837985851,0.0762784681299851,0.0094334263275608,0.0668450418024243,0.3121959132763084,True,0.2185371392934159
29,49,4.5,5.0,44,-2.534601837985851,-0.3988073480320398,0.0094334263275608,-0.4082407743596006,-1.4283116675418968,True,-0.9998181672793276
29,50,5.0,5.5,115,-2.534601837985851,-0.1162993391301885,0.0094334263275608,-0.1257327654577493,-0.43990112496069145,True,-0.307930787472484
29,51,5.5,6.0,88,-2.534601837985851,-0.2968736488258557,0.0094334263275608,-0.3063070751534166,-1.0716763164545688,True,-0.7501734215181981
29,52,6.0,6.5,137,-2.534601837985851,-0.2715082827225746,0.0094334263275608,-0.2809417090501354,-0.9829305305550072,True,-0.688051371388505
29,53,6.5,7.0,0,-2.534601837985851,,0.0094334263275608,,,True,
29,54,7.0,7.5,99,-2.534601837985851,0.0496605979175335,0.0094334263275608,0.0402271715899726,0.18214450917368502,True,0.1275011564215795
29,55,7.5,8.0,99,-2.534601837985851,0.1857552478628875,0.0094334263275608,0.1763218215353267,0.8470850237595848,True,0.5929595166317093
29,56,8.0,8.5,137,-2.534601837985851,-0.3363935721731456,0.0094334263275608,-0.3458269985007065,-1.2099446403520102,True,-0.8469612482464071
29,57,8.5,9.0,157,-2.534601837985851,-0.4431867465467033,0.0094334263275608,-0.4526201728742642,-1.58358183328274,True,-1.108507283297918
29,58,9.0,9.5,331,-2.534601837985851,0.1179457238373551,0.0094334263275608,0.1085122975097943,0.5157766305386383,True,0.3610436413770468
29,59,9.5,10.0,295,-2.534601837985851,0.1552652521358094,0.0094334263275608,0.1458318258082486,0.698114924959773,True,0.4886804474718411
29,60,10.0,10.5,219,-2.534601837985851,0.2089011125429381,0.0094334263275608,0.1994676862153773,0.9601726666395086,True,0.672120866647656
29,61,10.5,11.0,267,-2.534601837985851,0.0479641340184949,0.0094334263275608,0.0385307076909341,0.1738558102538083,True,0.1216990671776658
29,62,11.0,11.5,69,-2.534601837985851,0.1961527347212209,0.0094334263275608,0.1867193083936601,0.8978857735668432,True,0.6285200414967902
29,63,11.5,12.0,198,-2.534601837985851,0.2349668681042296,0.0094334263275608,0.2255334417766688,1.0875265113568051,True,0.7612685579497636
29,64,12.0,12.5,0,-2.534601837985851,,0.0094334263275608,,,True,
29,65,12.5,13.0,93,-2.534601837985851,-0.4808039228849334,0.0094334263275608,-0.4902373492124943,-1.7151930177563113,True,-1.200635112429418
29,66,13.0,13.5,0,-2.534601837985851,,0.0094334263275608,,,True,
29,67,13.5,14.0,49,-2.534601837985851,-0.4061036650659023,0.0094334263275608,-0.4155370913934631,-1.4538392860555016,True,-1.017687500238851
29,68,14.0,14.5,94,-2.534601837985851,-0.4474898955703572,0.0094334263275608,-0.456923321897918,-1.5986372572964187,True,-1.119046080107493
29,69,14.5,15.0,0,-2.534601837985851,,0.0094334263275608,,,True,
29,70,15.0,15.5,0,-2.534601837985851,,0.0094334263275608,,,True,
29,71,15.5,16.0,46,-2.534601837985851,-0.8669688166114299,0.0094334263275608,-0.8764022429389907,-3.0662678195564483,True,-2.1463874736895137
29,72,16.0,16.5,49,-2.534601837985851,-0.8201110821559044,0.0094334263275608,-0.8295445084834653,-2.902326701860905,True,-2.0316286913026333
29,73,16.5,17.0,0,-2.534601837985851,,0.0094334263275608,,,True,
29,74,17.0,17.5,0,-2.534601837985851,,0.0094334263275608,,,True,
29,75,17.5,18.0,0,-2.534601837985851,,0.0094334263275608,,,True,
29,76,18.0,18.5,0,-2.534601837985851,,0.0094334263275608,,,True,
29,77,18.5,19.0,57,-2.534601837985851,-0.5155873175278289,0.0094334263275608,-0.5250207438553898,-1.8368896525010805,True,-1.2858227567507563
29,78,19.0,19.5,0,-2.534601837985851,,0.0094334263275608,,,True,
29,79,19.5,20.0,135,-2.534601837985851,-0.2027287962821712,0.0094334263275608,-0.212162222609732,-0.7422917968947728,True,-0.5196042578263409
30,0,-20.0,-19.5,82,-2.4574252750256624,-0.5711082601859905,0.0519136977227399,-0.6230219579087304,-1.270376343185644,True,-0.8892634402299507
30,1,-19.5,-19.0,273,-2.4574252750256624,0.2290289769751066,0.0519136977227399,0.1771152792523667,0.9643593115691869,True,0.6750515180984308
30,2,-19.0,-18.5,0,-2.4574252750256624,,0.0519136977227399,,,True,
30,3,-18.5,-18.0,330,-2.4574252750256624,0.1407867549128828,0.0519136977227399,0.0888730571901429,0.46748345768411487,True,0.3272384203788804
30,4,-18.0,-17.5,113,-2.4574252750256624,-0.2917357384035152,0.0519136977227399,-0.3436494361262551,-0.7007202691046003,True,-0.4905041883732202
30,5,-17.5,-17.0,61,-2.4574252750256624,-0.5984388340124032,0.0519136977227399,-0.6503525317351431,-1.3261048997702416,True,-0.928273429839169
30,6,-17.0,-16.5,187,-2.4574252750256624,0.2241038443732862,0.0519136977227399,0.1721901466505463,0.9366267884092296,True,0.6556387518864607
30,7,-16.5,-16.0,5,-2.4574252750256624,0.0817836538509722,0.0519136977227399,0.0298699561282322,0.13524775988707702,True,0.0946734319209539
30,8,-16.0,-15.5,270,-2.4574252750256624,0.0817836538509727,0.0519136977227399,0.0298699561282328,0.13524775988708043,True,0.0946734319209563
30,9,-15.5,-15.0,110,-2.4574252750256624,-0.1967932056813762,0.0519136977227399,-0.2487069034041161,-0.5071271765959676,True,-0.3549890236171773
30,10,-15.0,-14.5,195,-2.4574252750256624,0.2277311350846693,0.0519136977227399,0.1758174373619294,0.95705140065706,True,0.669935980459942
30,11,-14.5,-14.0,130,-2.4574252750256624,0.1360594000862819,0.0519136977227399,0.084145702363542,0.4408645850946564,True,0.3086052095662595
30,12,-14.0,-13.5,249,-2.4574252750256624,-0.0499191477860015,0.0519136977227399,-0.1018328455087414,-0.2076428226186773,True,-0.1453499758330741
30,13,-13.5,-13.0,27,-2.4574252750256624,-0.1261985573626577,0.0519136977227399,-0.1781122550853976,-0.36318077143130706,True,-0.2542265400019149
30,14,-13.0,-12.5,206,-2.4574252750256624,0.1086804459883733,0.0519136977227399,0.0567667482656334,0.2866986894728786,True,0.200689082631015
30,15,-12.5,-12.0,57,-2.4574252750256624,-0.6521320961583915,0.0519136977227399,-0.7040457938811314,-1.4355884406837731,True,-1.004911908478641
30,16,-12.0,-11.5,218,-2.4574252750256624,-0.2725474459260377,0.0519136977227399,-0.3244611436487776,-0.6615942759994176,True,-0.4631159931995923
30,17,-11.5,-11.0,47,-2.4574252750256624,0.0605658038467304,0.0519136977227399,0.0086521061239905,0.01764212448553743,True,0.0123494871398762
30,18,-11.0,-10.5,146,-2.4574252750256624,0.0605658038467302,0.0519136977227399,0.0086521061239903,0.017642124485537144,True,0.012349487139876
30,19,-10.5,-10.0,166,-2.4574252750256624,-0.1610977961603187,0.0519136977227399,-0.2130114938830586,-0.43434225587168374,True,-0.3040395791101786
30,20,-10.0,-9.5,0,-2.4574252750256624,,0.0519136977227399,,,True,
30,21,-9.5,-9.0,201,-2.4574252750256624,-0.2012952508511855,0.0519136977227399,-0.2532089485739254,-0.516307096512236,True,-0.3614149675585652
30,22,-9.0,-8.5,77,-2.4574252750256624,-0.4160603124639589,0.0519136977227399,-0.4679740101866988,-0.9542249742889344,True,-0.667957482002254
30,23,-8.5,-8.0,246,-2.4574252750256624,-0.0174574229640015,0.0519136977227399,-0.0693711206867415,-0.14145156443045115,True,-0.0990160951013158
30,24,-8.0,-7.5,190,-2.4574252750256624,-0.05119969003468,0.0519136977227399,-0.1031133877574199,-0.21025391932003817,True,-0.1471777435240267
30,25,-7.5,-7.0,186,-2.4574252750256624,0.1025605621721574,0.0519136977227399,0.0506468644494175,0.25223874019014775,True,0.1765671181331034
30,26,-7.0,-6.5,26,-2.4574252750256624,-0.5283059721647513,0.0519136977227399,-0.5802196698874912,-1.1831001028442623,True,-0.8281700719909836
30,27,-6.5,-6.0,167,-2.4574252750256624,0.0628292723090117,0.0519136977227399,0.0109155745862718,0.028519095383547573,True,0.0199633667684833
30,28,-6.0,-5.5,73,-2.4574252750256624,0.0519136977227399,0.0519136977227399,0.0,0.0,True,0.0
30,29,-5.5,-5.0,173,-2.4574252750256624,-0.2246913789816821,0.0519136977227399,-0.2766050767044221,-0.5640131000034923,True,-0.3948091700024446
30,30,-5.0,-4.5,148,-2.4574252750256624,-0.1340182596656307,0.0519136977227399,-0.1859319573883706,-0.3791255783363415,True,-0.265387904835439
30,31,-4.5,-4.0,23,-2.4574252750256624,0.0928798382079516,0.0519136977227399,0.0409661404852117,0.19772834965908656,True,0.1384098447613606
30,32,-4.0,-3.5,240,-2.4574252750256624,0.2658682251731504,0.0519136977227399,0.2139545274504105,1.1717943973717602,True,0.820256078160232
30,33,-3.5,-3.0,30,-2.4574252750256624,0.0852673103325889,0.0519136977227399,0.033353612609849,0.1548635939911303,True,0.1084045157937912
30,34,-3.0,-2.5,244,-2.4574252750256624,0.0852673103325894,0.0519136977227399,0.0333536126098495,0.15486359399113317,True,0.1084045157937932
30,35,-2.5,-2.0,73,-2.4574252750256624,0.2907969383300822,0.0519136977227399,0.2388832406073423,1.3121634332667567,True,0.9185144032867296
30,36,-2.0,-1.5,206,-2.4574252750256624,0.2907969383300823,0.0519136977227399,0.2388832406073424,1.312163433266757,True,0.9185144032867298
30,37,-1.5,-1.0,46,-2.4574252750256624,-0.6494052745580383,0.0519136977227399,-0.7013189722807782,-1.4300283001314174,True,-1.001019810091992
30,38,-1.0,-0.5,302,-2.4574252750256624,-0.0066863967001627,0.0519136977227399,-0.0586000944229026,-0.11948884420251231,True,-0.0836421909417586
30,39,-0.5,0.0,13,-2.4574252750256624,0.1333686719909539,0.0519136977227399,0.081454974268214,0.4257135860752086,True,0.297999510252646
30,40,0.0,0.5,24,-2.4574252750256624,-0.4751792329864101,0.0519136977227399,-0.5270929307091501,-1.074771733697688,True,-0.7523402135883815
30,41,0.5,1.0,131,-2.4574252750256624,-0.0249658107687442,0.0519136977227399,-0.0768795084914841,-0.15676158379899158,True,-0.1097331086592941
30,42,1.0,1.5,55,-2.4574252750256624,0.0865156080661066,0.0519136977227399,0.0346019103433667,0.16189253079427487,True,0.1133247715559924
30,43,1.5,2.0,144,-2.4574252750256624,0.0803099893845485,0.0519136977227399,0.0283962916618086,0.12694982412591743,True,0.0888648768881422
30,44,2.0,2.5,11,-2.4574252750256624,0.0803099893845482,0.0519136977227399,0.0283962916618083,0.1269498241259157,True,0.088864876888141
30,45,2.5,3.0,125,-2.4574252750256624,0.0728734817741847,0.0519136977227399,0.0209597840514448,0.08507620645775829,True,0.0595533445204308
30,46,3.0,3.5,0,-2.4574252750256624,,0.0519136977227399,,,True,
30,47,3.5,4.0,158,-2.4574252750256624,-0.3953223566258486,0.0519136977227399,-0.4472360543485885,-0.9119391316017921,True,-0.6383573921212544
30,48,4.0,4.5,74,-2.4574252750256624,-0.4174353859980448,0.0519136977227399,-0.4693490837207847,-0.9570288255267093,True,-0.6699201778686965
30,49,4.5,5.0,88,-2.4574252750256624,0.1194441553923894,0.0519136977227399,0.0675304576696495,0.3473071734401113,True,0.2431150214080779
30,50,5.0,5.5,133,-2.4574252750256624,-0.1947959453617571,0.0519136977227399,-0.246709643084497,-0.5030546519778237,True,-0.3521382563844766
30,51,5.5,6.0,5,-2.4574252750256624,0.0396412591327264,0.0519136977227399,-0.0122724385900134,-0.025024183273225,True,-0.0175169282912575
30,52,6.0,6.5,157,-2.4574252750256624,-0.2461956941239649,0.0519136977227399,-0.2981093918467048,-0.6078615918365312,True,-0.4255031142855718
30,53,6.5,7.0,13,-2.4574252750256624,-0.2374117370039316,0.0519136977227399,-0.2893254347266715,-0.5899506158537517,True,-0.4129654310976262
30,54,7.0,7.5,145,-2.4574252750256624,-0.3442645485881019,0.0519136977227399,-0.3961782463108418,-0.8078294278542891,True,-0.5654805994980023
30,55,7.5,8.0,141,-2.4574252750256624,-0.0486904046725319,0.0519136977227399,-0.1006041023952718,-0.20513734722830143,True,-0.143596143059811
30,56,8.0,8.5,0,-2.4574252750256624,,0.0519136977227399,,,True,
30,57,8.5,9.0,74,-2.4574252750256624,-0.0617203876743897,0.0519136977227399,-0.1136340853971296,-0.23170620559283472,True,-0.1621943439149843
30,58,9.0,9.5,284,-2.4574252750256624,0.1973769849281302,0.0519136977227399,0.1454632872053902,0.7861327188116403,True,0.5502929031681482
30,59,9.5,10.0,328,-2.4574252750256624,0.2292354772279471,0.0519136977227399,0.1773217795052072,0.9655220768198768,True,0.6758654537739137
30,60,10.0,10.5,250,-2.4574252750256624,-0.0241720163687727,0.0519136977227399,-0.0760857140915126,-0.1551429929704083,True,-0.1086000950792858
30,61,10.5,11.0,221,-2.4574252750256624,0.0569687791172573,0.0519136977227399,0.0050550813945174,0.01030759146600343,True,0.0072153140262024
30,62,11.0,11.5,107,-2.4574252750256624,-0.0762241615962768,0.0519136977227399,-0.1281378593190167,-0.2612802054228333,True,-0.1828961437959833
30,63,11.5,12.0,133,-2.4574252750256624,-0.4718155737420275,0.0519136977227399,-0.5237292714647674,-1.0679130458515247,True,-0.7475391320960673
30,64,12.0,12.5,127,-2.4574252750256624,-0.1058460450546762,0.0519136977227399,-0.1577597427774161,-0.32168086949006275,True,-0.2251766086430439
30,65,12.5,13.0,0,-2.4574252750256624,,0.0519136977227399,,,True,
30,66,13.0,13.5,0,-2.4574252750256624,,0.0519136977227399,,,True,
30,67,13.5,14.0,0,-2.4574252750256624,,0.0519136977227399,,,True,
30,68,14.0,14.5,92,-2.4574252750256624,-0.5425585367730577,0.0519136977227399,-0.5944722344957976,-1.212161872944458,True,-0.8485133110611206
30,69,14.5,15.0,53,-2.4574252750256624,-0.9827835435072196,0.0519136977227399,-1.0346972412299595,-2.1098050894227893,True,-1.4768635625959523
30,70,15.0,15.5,0,-2.4574252750256624,,0.0519136977227399,,,True,
30,71,15.5,16.0,52,-2.4574252750256624,-0.5262562721965126,0.0519136977227399,-0.5781699699192525,-1.1789206508727472,True,-0.8252444556109231
30,72,16.0,16.5,43,-2.4574252750256624,-0.7038535437536168,0.0519136977227399,-0.7557672414763567,-1.541051342313824,True,-1.0787359396196767
30,73,16.5,17.0,57,-2.4574252750256624,-0.4668554797999426,0.0519136977227399,-0.5187691775226826,-1.057799139071812,True,-0.7404593973502683
30,74,17.0,17.5,0,-2.4574252750256624,,0.0519136977227399,,,True,
30,75,17.5,18.0,126,-2.4574252750256624,-0.7476854363521253,0.0519136977227399,-0.7995991340748652,-1.6304270035202246,True,-1.141298902464157
30,76,18.0,18.5,17,-2.4574252750256624,-0.4348190614226471,0.0519136977227399,-0.486732759145387,-0.9924751043242659,True,-0.6947325730269861
30,77,18.5,19.0,42,-2.4574252750256624,-0.4348190614226473,0.0519136977227399,-0.4867327591453872,-0.9924751043242664,True,-0.6947325730269864
30,78,19.0,19.5,48,-2.4574252750256624,-0.8948591328123473,0.0519136977227399,-0.9467728305350872,-1.9305223371579523,True,-1.3513656360105666
30,79,19.5,20.0,124,-2.4574252750256624,-0.7630455246413396,0.0519136977227399,-0.8149592223640795,-1.6617470758614297,True,-1.1632229531030007
31,0,-20.0,-19.5,61,-2.337824710659492,0.116280889318312,0.032717134786945,0.083563754531367,1.0168727124448727,True,0.7118108987114108
31,1,-19.5,-19.0,192,-2.337824710659492,0.1162808893183114,0.032717134786945,0.0835637545313664,1.016872712444865,True,0.7118108987114055
31,2,-19.0,-18.5,0,-2.337824710659492,,0.032717134786945,,,True,
31,3,-18.5,-18.0,248,-2.337824710659492,0.0767276187310252,0.032717134786945,0.0440104839440801,0.5149039649647141,True,0.3604327754752999
31,4,-18.0,-17.5,80,-2.337824710659492,0.2005229100733668,0.032717134786945,0.1678057752864217,2.085984343815353,True,1.460189040670747
31,5,-17.5,-17.0,100,-2.337824710659492,0.2005229100733668,0.032717134786945,0.1678057752864218,2.085984343815354,True,1.4601890406707476
31,6,-17.0,-16.5,181,-2.337824710659492,0.0985292872363479,0.032717134786945,0.0658121524494029,0.7915879425499209,True,0.5541115597849446
31,7,-16.5,-16.0,70,-2.337824710659492,-0.3516665913098889,0.032717134786945,-0.3843837260968339,-0.7993422684584844,True,-0.559539587920939
31,8,-16.0,-15.5,270,-2.337824710659492,0.167290493853417,0.032717134786945,0.1345733590664719,1.664233269935023,True,1.164963288954516
31,9,-15.5,-15.0,12,-2.337824710659492,0.1672904938534176,0.032717134786945,0.1345733590664726,1.6642332699350322,True,1.1649632889545225
31,10,-15.0,-14.5,255,-2.337824710659492,0.1512751511945886,0.032717134786945,0.1185580164076435,1.4609832889460534,True,1.0226883022622373
31,11,-14.5,-14.0,0,-2.337824710659492,,0.032717134786945,,,True,
31,12,-14.0,-13.5,222,-2.337824710659492,0.1804281634967658,0.032717134786945,0.1477110287098208,1.8309628343366986,True,1.281673984035689
31,13,-13.5,-13.0,180,-2.337824710659492,0.0185987816119772,0.032717134786945,-0.0141183531749677,-0.029359714492526858,True,-0.0205518001447688
31,14,-13.0,-12.5,29,-2.337824710659492,0.0115161056573933,0.032717134786945,-0.0212010291295516,-0.044088439669792145,True,-0.0308619077688545
31,15,-12.5,-12.0,162,-2.337824710659492,0.0115161056573933,0.032717134786945,-0.0212010291295516,-0.044088439669792145,True,-0.0308619077688545
31,16,-12.0,-11.5,0,-2.337824710659492,,0.032717134786945,,,True,
31,17,-11.5,-11.0,0,-2.337824710659492,,0.032717134786945,,,True,
31,18,-11.0,-10.5,159,-2.337824710659492,-0.3565120792245614,0.032717134786945,-0.3892292140115065,-0.8094186661791486,True,-0.566593066325404
31,19,-10.5,-10.0,58,-2.337824710659492,-0.092719581630757,0.032717134786945,-0.125436716417702,-0.260850974278891,True,-0.1825956819952237
31,20,-10.0,-9.5,201,-2.337824710659492,-0.0582592760136028,0.032717134786945,-0.0909764108005479,-0.189189306539999,True,-0.1324325145779993
31,21,-9.5,-9.0,133,-2.337824710659492,0.032717134786945,0.032717134786945,0.0,0.0,True,0.0
31,22,-9.0,-8.5,54,-2.337824710659492,0.032717134786945,0.032717134786945,0.0,0.0,True,0.0
31,23,-8.5,-8.0,254,-2.337824710659492,-0.1986745622173482,0.032717134786945,-0.2313916970042933,-0.48118885225456887,True,-0.3368321965781982
31,24,-8.0,-7.5,233,-2.337824710659492,-0.1086834169665027,0.032717134786945,-0.1414005517534478,-0.29404844723163015,True,-0.2058339130621411
31,25,-7.5,-7.0,28,-2.337824710659492,-0.8697926065468693,0.032717134786945,-0.9025097413338145,-1.8768073020914333,True,-1.3137651114640032
31,26,-7.0,-6.5,234,-2.337824710659492,-0.0349609366584909,0.032717134786945,-0.0676780714454359,-0.14073942126379657,True,-0.0985175948846576
31,27,-6.5,-6.0,71,-2.337824710659492,-0.5856265840781483,0.032717134786945,-0.6183437188650933,-1.285872000731277,True,-0.9001104005118938
31,28,-6.0,-5.5,130,-2.337824710659492,0.1231693999934009,0.032717134786945,0.0904522652064558,1.1042944862763753,True,0.7730061403934627
31,29,-5.5,-5.0,109,-2.337824710659492,0.0410884174837531,0.032717134786945,0.008371282696808,0.06260849241189444,True,0.0438259446883261
31,30,-5.0,-4.5,93,-2.337824710659492,0.0410884174837531,0.032717134786945,0.008371282696808,0.06260849241189444,True,0.0438259446883261
31,31,-4.5,-4.0,241,-2.337824710659492,0.0076896611891459,0.032717134786945,-0.025027473597799,-0.05204569330390872,True,-0.0364319853127361
31,32,-4.0,-3.5,30,-2.337824710659492,0.0581592200651335,0.032717134786945,0.0254420852781884,0.279253266991188,True,0.1954772868938316
31,33,-3.5,-3.0,181,-2.337824710659492,0.0581592200651338,0.032717134786945,0.0254420852781887,0.27925326699119174,True,0.1954772868938342
31,34,-3.0,-2.5,223,-2.337824710659492,0.098813734931717,0.032717134786945,0.0660966001447719,0.7951978552385036,True,0.5566384986669525
31,35,-2.5,-2.0,55,-2.337824710659492,-0.7078001392990104,0.032717134786945,-0.7405172740859555,-1.5399370928399887,True,-1.077955964987992
31,36,-2.0,-1.5,222,-2.337824710659492,0.0396041196985848,0.032717134786945,0.0068869849116398,0.04377133712623429,True,0.030639935988364
31,37,-1.5,-1.0,133,-2.337824710659492,0.0977341326387181,0.032717134786945,0.0650169978517731,0.7814966719293414,True,0.5470476703505389
31,38,-1.0,-0.5,55,-2.337824710659492,0.0977341326387178,0.032717134786945,0.0650169978517728,0.7814966719293376,True,0.5470476703505363
31,39,-0.5,0.0,273,-2.337824710659492,0.1094727038771597,0.032717134786945,0.0767555690902146,0.9304703424824159,True,0.6513292397376911
31,40,0.0,0.5,0,-2.337824710659492,,0.032717134786945,,,True,
31,41,0.5,1.0,150,-2.337824710659492,0.087792583314961,0.032717134786945,0.055075448528016,0.6553289242826386,True,0.4587302469978469
31,42,1.0,1.5,164,-2.337824710659492,-0.2006781040278371,0.032717134786945,-0.2333952388147822,-0.48535530246308817,True,-0.3397487117241617
31,43,1.5,2.0,50,-2.337824710659492,-0.2006781040278376,0.032717134786945,-0.2333952388147827,-0.4853553024630893,True,-0.3397487117241625
31,44,2.0,2.5,130,-2.337824710659492,-0.0124899098153681,0.032717134786945,-0.0452070446023131,-0.09400996746052001,True,-0.065806977222364
31,45,2.5,3.0,168,-2.337824710659492,-0.4615480365826078,0.032717134786945,-0.4942651713695528,-1.0278453963553846,True,-0.7194917774487692
31,46,3.0,3.5,116,-2.337824710659492,-0.2800287865828006,0.032717134786945,-0.3127459213697456,-0.6503684138174296,True,-0.4552578896722007
31,47,3.5,4.0,71,-2.337824710659492,-0.2325537651280224,0.032717134786945,-0.2652708999149674,-0.5516420922581824,True,-0.3861494645807277
31,48,4.0,4.5,87,-2.337824710659492,-0.2325537651280221,0.032717134786945,-0.2652708999149671,-0.5516420922581818,True,-0.3861494645807273
31,49,4.5,5.0,133,-2.337824710659492,0.0054467087806999,0.032717134786945,-0.027270426006245,-0.056710008009469286,True,-0.0396970056066285
31,50,5.0,5.5,46,-2.337824710659492,-0.2677266632824579,0.032717134786945,-0.3004437980694029,-0.6247856264148365,True,-0.4373499384903855
31,51,5.5,6.0,72,-2.337824710659492,-0.2677266632824576,0.032717134786945,-0.3004437980694027,-0.624785626414836,True,-0.4373499384903852
31,52,6.0,6.5,118,-2.337824710659492,0.0036957217707991,0.032717134786945,-0.0290214130161459,-0.060351259793846146,True,-0.0422458818556923
31,53,6.5,7.0,0,-2.337824710659492,,0.032717134786945,,,True,
31,54,7.0,7.5,54,-2.337824710659492,-0.2566581784980216,0.032717134786945,-0.2893753132849667,-0.6017682426514027,True,-0.4212377698559819
31,55,7.5,8.0,247,-2.337824710659492,0.058234941179006,0.032717134786945,0.0255178063920609,0.28021424018313945,True,0.1961499681281976
31,56,8.0,8.5,53,-2.337824710659492,-0.679068936696943,0.032717134786945,-0.7117860714838881,-1.4801893379163287,True,-1.03613253654143
31,57,8.5,9.0,0,-2.337824710659492,,0.032717134786945,,,True,
31,58,9.0,9.5,157,-2.337824710659492,0.0020753286887197,0.032717134786945,-0.0306418060982252,-0.06372093596400072,True,-0.0446046551748005
31,59,9.5,10.0,238,-2.337824710659492,0.1062094817916015,0.032717134786945,0.0734923470046565,0.8890569402854385,True,0.6223398581998069
31,60,10.0,10.5,228,-2.337824710659492,-0.0641990525427192,0.032717134786945,-0.0969161873296642,-0.20154132386688284,True,-0.141078926706818
31,61,10.5,11.0,167,-2.337824710659492,-0.2515697812148736,0.032717134786945,-0.2842869160018186,-0.5911867045919456,True,-0.4138306932143619
31,62,11.0,11.5,122,-2.337824710659492,-0.1677951415153597,0.032717134786945,-0.2005122763023048,-0.4169737866396599,True,-0.2918816506477619
31,63,11.5,12.0,63,-2.337824710659492,0.1821014459097868,0.032717134786945,0.1493843111228418,1.8521983848884829,True,1.296538869421938
31,64,12.0,12.5,0,-2.337824710659492,,0.032717134786945,,,True,
31,65,12.5,13.0,60,-2.337824710659492,-1.0511056917959083,0.032717134786945,-1.0838228265828536,-2.2538555562822533,True,-1.5776988893975772
31,66,13.0,13.5,155,-2.337824710659492,-0.6772914248037817,0.032717134786945,-0.7100085595907267,-1.476492926511717,True,-1.0335450485582018
31,67,13.5,14.0,73,-2.337824710659492,-0.7983084199413577,0.032717134786945,-0.8310255547283028,-1.728152902852469,True,-1.2097070319967282
31,68,14.0,14.5,78,-2.337824710659492,-0.8765240482438836,0.032717134786945,-0.9092411830308288,-1.890805620726629,True,-1.3235639345086403
31,69,14.5,15.0,0,-2.337824710659492,,0.032717134786945,,,True,
31,70,15.0,15.5,0,-2.337824710659492,,0.032717134786945,,,True,
31,71,15.5,16.0,51,-2.337824710659492,-0.6731679691592874,0.032717134786945,-0.7058851039462325,-1.467918025533917,True,-1.027542617873742
31,72,16.0,16.5,0,-2.337824710659492,,0.032717134786945,,,True,
31,73,16.5,17.0,236,-2.337824710659492,-0.8519563909795735,0.032717134786945,-0.8846735257665186,-1.8397161349989815,True,-1.287801294499287
31,74,17.0,17.5,0,-2.337824710659492,,0.032717134786945,,,True,
31,75,17.5,18.0,181,-2.337824710659492,0.0317956765799074,0.032717134786945,-0.0009214582070375,-0.0019162114405370002,True,-0.0013413480083759
31,76,18.0,18.5,31,-2.337824710659492,0.0317956765799074,0.032717134786945,-0.0009214582070375,-0.0019162114405370002,True,-0.0013413480083759
31,77,18.5,19.0,127,-2.337824710659492,0.1052681522277899,0.032717134786945,0.0725510174408448,0.8771105698564788,True,0.6139773988995352
31,78,19.0,19.5,40,-2.337824710659492,0.1052681522277896,0.032717134786945,0.0725510174408445,0.8771105698564751,True,0.6139773988995325
31,79,19.5,20.0,192,-2.337824710659492,-0.0701029733023704,0.032717134786945,-0.1028201080893154,-0.21381877759974416,True,-0.1496731443198209
32,0,-20.0,-19.5,95,-2.537449166136201,-0.2809900261921049,0.0763014676139999,-0.3572914938061048,-0.9965660331028404,True,-0.6975962231719882
32,1,-19.5,-19.0,161,-2.537449166136201,0.0920482005163538,0.0763014676139999,0.0157467329023539,0.06595910474169557,True,0.0461713733191869
32,2,-19.0,-18.5,66,-2.537449166136201,0.2251418668375936,0.0763014676139999,0.1488403992235937,0.852708972071464,True,0.5968962804500247
32,3,-18.5,-18.0,127,-2.537449166136201,0.2409326408079095,0.0763014676139999,0.1646311731939096,0.9460521766699069,True,0.6622365236689348
32,4,-18.0,-17.5,191,-2.537449166136201,-0.181218140076134,0.0763014676139999,-0.2575196076901339,-0.7182798872374706,True,-0.5027959210662294
32,5,-17.5,-17.0,151,-2.537449166136201,0.3154724182157361,0.0763014676139999,0.2391709506017361,1.3866753979496653,True,0.9706727785647656
32,6,-17.0,-16.5,44,-2.537449166136201,0.0737645659214716,0.0763014676139999,-0.0025369016925282,-0.007075987253888287,True,-0.0049531910777218
32,7,-16.5,-16.0,262,-2.537449166136201,-0.0718544982448071,0.0763014676139999,-0.148155965858807,-0.4132401854955897,True,-0.2892681298469128
32,8,-16.0,-15.5,243,-2.537449166136201,0.3712219054101323,0.0763014676139999,0.2949204377961324,1.7162245257648807,True,1.2013571680354165
32,9,-15.5,-15.0,15,-2.537449166136201,0.4232489847185813,0.0763014676139999,0.3469475171045814,2.023769571858072,True,1.4166387003006504
32,10,-15.0,-14.5,219,-2.537449166136201,0.0375871308234271,0.0763014676139999,-0.0387143367905728,-0.10798295987568572,True,-0.07558807191298
32,11,-14.5,-14.0,141,-2.537449166136201,-0.3601608351108391,0.0763014676139999,-0.436462302724839,-1.2173911586640518,True,-0.8521738110648361
32,12,-14.0,-13.5,114,-2.537449166136201,0.2453231197327167,0.0763014676139999,0.1690216521187168,0.9720053929805087,True,0.6804037750863561
32,13,-13.5,-13.0,202,-2.537449166136201,0.032837075408742,0.0763014676139999,-0.0434643922052578,-0.1212319287531823,True,-0.0848623501272276
32,14,-13.0,-12.5,0,-2.537449166136201,,0.0763014676139999,,,True,
32,15,-12.5,-12.0,224,-2.537449166136201,-0.12924828808832,0.0763014676139999,-0.2055497557023199,-0.5733243253663455,True,-0.4013270277564418
32,16,-12.0,-11.5,136,-2.537449166136201,0.3172377360675307,0.0763014676139999,0.2409362684535307,1.3971106322029772,True,0.977977442542084
32,17,-11.5,-11.0,1,-2.537449166136201,0.3172377360675305,0.0763014676139999,0.2409362684535305,1.397110632202976,True,0.9779774425420832
32,18,-11.0,-10.5,125,-2.537449166136201,0.2045019002854882,0.0763014676139999,0.1282004326714883,0.7307009802909539,True,0.5114906862036677
32,19,-10.5,-10.0,124,-2.537449166136201,0.2106762237604008,0.0763014676139999,0.1343747561464008,0.7671989467908312,True,0.5370392627535818
32,20,-10.0,-9.5,43,-2.537449166136201,0.0763014676139999,0.0763014676139999,0.0,0.0,True,0.0
32,21,-9.5,-9.0,133,-2.537449166136201,-0.0007228077398325,0.0763014676139999,-0.0770242753538324,-0.21483796248349987,True,-0.1503865737384499
32,22,-9.0,-8.5,164,-2.537449166136201,0.0898345047924429,0.0763014676139999,0.013533037178443,0.05287339701994929,True,0.0370113779139645
32,23,-8.5,-8.0,0,-2.537449166136201,,0.0763014676139999,,,True,
32,24,-8.0,-7.5,207,-2.537449166136201,-0.0968562387692067,0.0763014676139999,-0.1731577063832066,-0.48297564185825603,True,-0.3380829493007792
32,25,-7.5,-7.0,210,-2.537449166136201,0.0041719285345324,0.0763014676139999,-0.0721295390794674,-0.20118544627029375,True,-0.1408298123892056
32,26,-7.0,-6.5,4,-2.537449166136201,0.2199563903736219,0.0763014676139999,0.143654922759622,0.8220563269619322,True,0.5754394288733525
32,27,-6.5,-6.0,147,-2.537449166136201,0.2237106407981146,0.0763014676139999,0.1474091731841147,0.8442486378737326,True,0.5909740465116128
32,28,-6.0,-5.5,44,-2.537449166136201,0.2040627791150273,0.0763014676139999,0.1277613115010274,0.7281052254954704,True,0.5096736578468293
32,29,-5.5,-5.0,100,-2.537449166136201,0.2040627791150272,0.0763014676139999,0.1277613115010273,0.7281052254954699,True,0.5096736578468288
32,30,-5.0,-4.5,125,-2.537449166136201,0.2320644269340387,0.0763014676139999,0.1557629593200387,0.8936299519197084,True,0.6255409663437959
32,31,-4.5,-4.0,0,-2.537449166136201,,0.0763014676139999,,,True,
32,32,-4.0,-3.5,163,-2.537449166136201,0.0578689361465638,0.0763014676139999,-0.018432531467436,-0.05141246036636572,True,-0.035988722256456
32,33,-3.5,-3.0,215,-2.537449166136201,-0.0659312281635374,0.0763014676139999,-0.1422326957775374,-0.3967188580354656,True,-0.2777032006248259
32,34,-3.0,-2.5,97,-2.537449166136201,-0.5036135139747023,0.0763014676139999,-0.5799149815887022,-1.6175128228840159,True,-1.132258976018811
32,35,-2.5,-2.0,181,-2.537449166136201,-0.0513301724078133,0.0763014676139999,-0.1276316400218132,-0.35599324193251985,True,-0.2491952693527639
32,36,-2.0,-1.5,173,-2.537449166136201,-0.4094364331242273,0.0763014676139999,-0.4857379007382272,-1.354831842509779,True,-0.9483822897568452
32,37,-1.5,-1.0,124,-2.537449166136201,0.159298879848048,0.0763014676139999,0.082997412234048,0.46349464872725904,True,0.3244462541090813
32,38,-1.0,-0.5,79,-2.537449166136201,0.2571626669642025,0.0763014676139999,0.1808611993502026,1.0419919105292366,True,0.7293943373704656
32,39,-0.5,0.0,134,-2.537449166136201,-0.2302614117588901,0.0763014676139999,-0.30656287937289,-0.8550725608906323,True,-0.5985507926234426
32,40,0.0,0.5,128,-2.537449166136201,0.088825603236474,0.0763014676139999,0.0125241356224741,0.046909528210508714,True,0.0328366697473561
32,41,0.5,1.0,0,-2.537449166136201,,0.0763014676139999,,,True,
32,42,1.0,1.5,106,-2.537449166136201,0.1205317110034174,0.0763014676139999,0.0442302433894175,0.23433224161730914,True,0.1640325691321164
32,43,1.5,2.0,121,-2.537449166136201,-0.2297281040686261,0.0763014676139999,-0.306029571682626,-0.8535850462463626,True,-0.5975095323724537
32,44,2.0,2.5,109,-2.537449166136201,-0.0417906103051567,0.0763014676139999,-0.1180920779191567,-0.32938526573664156,True,-0.2305696860156491
32,45,2.5,3.0,0,-2.537449166136201,,0.0763014676139999,,,True,
32,46,3.0,3.5,171,-2.537449166136201,-0.0432828610028733,0.0763014676139999,-0.1195843286168732,-0.33354748729522515,True,-0.2334832411066576
32,47,3.5,4.0,186,-2.537449166136201,-0.1378206068020475,0.0763014676139999,-0.2141220744160474,-0.5972344430241388,True,-0.4180641101168971
32,48,4.0,4.5,99,-2.537449166136201,-0.0715855461873776,0.0763014676139999,-0.1478870138013776,-0.4124900179444062,True,-0.2887430125610843
32,49,4.5,5.0,89,-2.537449166136201,-0.2922312542495107,0.0763014676139999,-0.3685327218635106,-1.0279203369320065,True,-0.7195442358524045
32,50,5.0,5.5,94,-2.537449166136201,0.0359828063797751,0.0763014676139999,-0.0403186612342247,-0.11245778022359972,True,-0.0787204461565198
32,51,5.5,6.0,112,-2.537449166136201,-0.2647797698505674,0.0763014676139999,-0.3410812374645673,-0.9513519959989148,True,-0.6659463971992403
32,52,6.0,6.5,119,-2.537449166136201,0.2216315471862628,0.0763014676139999,0.1453300795722629,0.8319585968184166,True,0.5823710177728916
32,53,6.5,7.0,253,-2.537449166136201,-0.2690840880923819,0.0763014676139999,-0.3453855557063818,-0.9633577040267278,True,-0.6743503928187095
32,54,7.0,7.5,18,-2.537449166136201,-0.1045010785330817,0.0763014676139999,-0.1808025461470817,-0.5042988129084078,True,-0.3530091690358855
32,55,7.5,8.0,190,-2.537449166136201,-0.158890408669758,0.0763014676139999,-0.2351918762837579,-0.6560028414595126,True,-0.4592019890216588
32,56,8.0,8.5,64,-2.537449166136201,-0.5883624617459321,0.0763014676139999,-0.664663929359932,-1.853896627576125,True,-1.2977276393032875
32,57,8.5,9.0,166,-2.537449166136201,-0.1873568708338452,0.0763014676139999,-0.2636583384478452,-0.7354021828016036,True,-0.5147815279611225
32,58,9.0,9.5,246,-2.537449166136201,0.2250209370590882,0.0763014676139999,0.1487194694450883,0.851994125979797,True,0.5963958881858579
32,59,9.5,10.0,295,-2.537449166136201,0.1678488912519835,0.0763014676139999,0.0915474236379836,0.5140358992889384,True,0.3598251295022569
32,60,10.0,10.5,209,-2.537449166136201,0.1309602327048644,0.0763014676139999,0.0546587650908644,0.2959778352194564,True,0.2071844846536195
32,61,10.5,11.0,225,-2.537449166136201,0.0190154198035751,0.0763014676139999,-0.0572860478104248,-0.15978362319914602,True,-0.1118485362394022
32,62,11.0,11.5,173,-2.537449166136201,0.0010634801918377,0.0763014676139999,-0.0752379874221621,-0.20985560519567087,True,-0.1468989236369696
32,63,11.5,12.0,60,-2.537449166136201,-0.26758699438294,0.0763014676139999,-0.3438884619969399,-0.9591819742232879,True,-0.6714273819563015
32,64,12.0,12.5,299,-2.537449166136201,0.2090764863888874,0.0763014676139999,0.1327750187748875,0.7577425000673428,True,0.5304197500471399
32,65,12.5,13.0,64,-2.537449166136201,-0.691588354147885,0.0763014676139999,-0.7678898217618849,-2.1418167708984885,True,-1.499271739628942
32,66,13.0,13.5,0,-2.537449166136201,,0.0763014676139999,,,True,
32,67,13.5,14.0,136,-2.537449166136201,-0.6391845059106216,0.0763014676139999,-0.7154859735246215,-1.995650696243843,True,-1.39695548737069
32,68,14.0,14.5,45,-2.537449166136201,-0.5347336338457905,0.0763014676139999,-0.6110351014597905,-1.7043138101654138,True,-1.1930196671157896
32,69,14.5,15.0,0,-2.537449166136201,,0.0763014676139999,,,True,
32,70,15.0,15.5,101,-2.537449166136201,-0.3067320469752958,0.0763014676139999,-0.3830335145892957,-1.0683662969789154,True,-0.7478564078852408
32,71,15.5,16.0,100,-2.537449166136201,-0.3594537499747791,0.0763014676139999,-0.435755217588779,-1.2154189397858388,True,-0.8507932578500871
32,72,16.0,16.5,92,-2.537449166136201,-0.4452110944839178,0.0763014676139999,-0.5215125620979177,-1.4546153889274045,True,-1.018230772249183
32,73,16.5,17.0,71,-2.537449166136201,-0.6515996946438484,0.0763014676139999,-0.7279011622578483,-2.0302794394425527,True,-1.4211956076097867
32,74,17.0,17.5,109,-2.537449166136201,-0.4382023266327704,0.0763014676139999,-0.5145037942467703,-1.4350663649639424,True,-1.0045464554747596
32,75,17.5,18.0,161,-2.537449166136201,-0.391845905324907,0.0763014676139999,-0.4681473729389069,-1.3057679190381861,True,-0.9140375433267302
32,76,18.0,18.5,89,-2.537449166136201,-0.5986042991830725,0.0763014676139999,-0.6749057667970724,-1.8824634070359076,True,-1.3177243849251352
32,77,18.5,19.0,51,-2.537449166136201,-0.4586464260454725,0.0763014676139999,-0.5349478936594725,-1.4920895390536488,True,-1.044462677337554
32,78,19.0,19.5,16,-2.537449166136201,-0.3992171329332329,0.0763014676139999,-0.4755186005472328,-1.3263279244793287,True,-0.92842954713553
32,79,19.5,20.0,109,-2.537449166136201,-0.4762267767688146,0.0763014676139999,-0.5525282443828146,-1.5411250763800015,True,-1.078787553466001
33,0,-20.0,-19.5,207,-2.513569403751424,-0.1301348358525233,0.0426124477876763,-0.1727472836401996,-0.8932486981689598,True,-0.6252740887182718
33,1,-19.5,-19.0,102,-2.513569403751424,-0.1748346269355774,0.0426124477876763,-0.2174470747232537,-1.1243842005744575,True,-0.7870689404021203
33,2,-19.0,-18.5,127,-2.513569403751424,-0.0483354283849513,0.0426124477876763,-0.0909478761726276,-0.4702769865929539,True,-0.3291938906150677
33,3,-18.5,-18.0,186,-2.513569403751424,0.1341260799835441,0.0426124477876763,0.0915136321958678,0.5082425748111998,True,0.3557698023678399
33,4,-18.0,-17.5,156,-2.513569403751424,-0.1604831630783339,0.0426124477876763,-0.2030956108660102,-1.0501750660678792,True,-0.7351225462475154
33,5,-17.5,-17.0,99,-2.513569403751424,0.0038363131879339,0.0426124477876763,-0.0387761345997423,-0.20050521791929315,True,-0.1403536525435052
33,6,-17.0,-16.5,211,-2.513569403751424,-0.07874241305292,0.0426124477876763,-0.1213548608405963,-0.627506662785593,True,-0.4392546639499151
33,7,-16.5,-16.0,175,-2.513569403751424,-0.132074216971965,0.0426124477876763,-0.1746866647596412,-0.9032769291413371,True,-0.6322938503989359
33,8,-16.0,-15.5,173,-2.513569403751424,-0.2631858482142895,0.0426124477876763,-0.3057982960019658,-1.5812342981610692,True,-1.1068640087127484
33,9,-15.5,-15.0,149,-2.513569403751424,-0.1706249545805203,0.0426124477876763,-0.2132374023681966,-1.102616655107841,True,-0.7718316585754885
33,10,-15.0,-14.5,140,-2.513569403751424,0.1238803700816149,0.0426124477876763,0.0812679222939386,0.45091428766655517,True,0.3156400013665886
33,11,-14.5,-14.0,128,-2.513569403751424,0.2094267735678513,0.0426124477876763,0.166814325780175,0.9295759743816114,True,0.650703182067128
33,12,-14.0,-13.5,0,-2.513569403751424,,0.0426124477876763,,,True,
33,13,-13.5,-13.0,206,-2.513569403751424,-0.0601425984793207,0.0426124477876763,-0.102755046266997,-0.5313299831646501,True,-0.371930988215255
33,14,-13.0,-12.5,90,-2.513569403751424,0.0290039759992652,0.0426124477876763,-0.013608471788411,-0.07036724082090515,True,-0.0492570685746336
33,15,-12.5,-12.0,39,-2.513569403751424,0.2220129534896679,0.0426124477876763,0.1794005057019916,1.0000000000000022,True,0.7000000000000015
33,16,-12.0,-11.5,85,-2.513569403751424,0.2220129534896674,0.0426124477876763,0.1794005057019911,0.9999999999999993,True,0.6999999999999995
33,17,-11.5,-11.0,105,-2.513569403751424,-0.0066032434712237,0.0426124477876763,-0.0492156912589,-0.25448650317455757,True,-0.1781405522221903
33,18,-11.0,-10.5,43,-2.513569403751424,-0.0674679817763,0.0426124477876763,-0.1100804295639763,-0.5692083738156086,True,-0.398445861670926
33,19,-10.5,-10.0,207,-2.513569403751424,-0.2992239967330393,0.0426124477876763,-0.3418364445207156,-1.767581826008979,True,-1.2373072782062853
33,20,-10.0,-9.5,100,-2.513569403751424,0.072813504796219,0.0426124477876763,0.0302010570085427,0.16517753104544358,True,0.1156242717318105
33,21,-9.5,-9.0,140,-2.513569403751424,0.0467514338107015,0.0426124477876763,0.0041389860230252,0.021402037698649002,True,0.0149814263890543
33,22,-9.0,-8.5,86,-2.513569403751424,0.1550709161371502,0.0426124477876763,0.1124584683494739,0.6254361702481908,True,0.4378053191737335
33,23,-8.5,-8.0,95,-2.513569403751424,-0.3450064768764986,0.0426124477876763,-0.3876189246641749,-2.0043157411556174,True,-1.403021018808932
33,24,-8.0,-7.5,175,-2.513569403751424,-0.1844495820818464,0.0426124477876763,-0.2270620298695227,-1.1741016027030264,True,-0.8218711218921184
33,25,-7.5,-7.0,187,-2.513569403751424,-0.1423622286297733,0.0426124477876763,-0.1849746764174495,-0.9564745993242436,True,-0.6695322195269705
33,26,-7.0,-6.5,178,-2.513569403751424,0.0918468878673013,0.0426124477876763,0.049234440079625,0.2716758860132693,True,0.1901731202092885
33,27,-6.5,-6.0,48,-2.513569403751424,0.2574457884855909,0.0426124477876763,0.2148333406979146,1.1982589550590952,True,0.8387812685413666
33,28,-6.0,-5.5,53,-2.513569403751424,0.2574457884855908,0.0426124477876763,0.2148333406979145,1.1982589550590945,True,0.8387812685413661
33,29,-5.5,-5.0,112,-2.513569403751424,0.0960983845962417,0.0426124477876763,0.0534859368085654,0.295464479249285,True,0.2068251354744995
33,30,-5.0,-4.5,73,-2.513569403751424,0.0063391675978357,0.0426124477876763,-0.0362732801898405,-0.18756335628048598,True,-0.1312943493963402
33,31,-4.5,-4.0,147,-2.513569403751424,-0.1408406434964081,0.0426124477876763,-0.1834530912840844,-0.9486067248726692,True,-0.6640247074108684
33,32,-4.0,-3.5,141,-2.513569403751424,-0.0414018456841291,0.0426124477876763,-0.0840142934718054,-0.43442453444061807,True,-0.3040971741084326
33,33,-3.5,-3.0,160,-2.513569403751424,-0.0335426659415867,0.0426124477876763,-0.076155113729263,-0.39378596736292304,True,-0.2756501771540461
33,34,-3.0,-2.5,110,-2.513569403751424,0.0050960305289617,0.0426124477876763,-0.0375164172587145,-0.19399142012622558,True,-0.1357939940883579
33,35,-2.5,-2.0,85,-2.513569403751424,0.214621398102116,0.0426124477876763,0.1720089503144398,0.9586416935713452,True,0.6710491854999416
33,36,-2.0,-1.5,59,-2.513569403751424,0.2146213981021159,0.0426124477876763,0.1720089503144395,0.9586416935713435,True,0.6710491854999404
33,37,-1.5,-1.0,150,-2.513569403751424,0.0426124477876763,0.0426124477876763,0.0,0.0,True,0.0
33,38,-1.0,-0.5,110,-2.513569403751424,0.1574463216642899,0.0426124477876763,0.1148338738766136,0.6387273849564268,True,0.4471091694694987
33,39,-0.5,0.0,140,-2.513569403751424,-0.0218433120222836,0.0426124477876763,-0.0644557598099599,-0.3332904710655589,True,-0.2333033297458912
33,40,0.0,0.5,55,-2.513569403751424,0.0906763224428984,0.0426124477876763,0.0480638746552221,0.26512616799332744,True,0.1855883175953292
33,41,0.5,1.0,59,-2.513569403751424,0.1044542368672064,0.0426124477876763,0.0618417890795301,0.34221835993820604,True,0.2395528519567442
33,42,1.0,1.5,135,-2.513569403751424,-0.2313616025889462,0.0426124477876763,-0.2739740503766226,-1.4166761912199777,True,-0.9916733338539844
33,43,1.5,2.0,152,-2.513569403751424,-0.3124028755248942,0.0426124477876763,-0.3550153233125706,-1.8357277098462605,True,-1.2850093968923824
33,44,2.0,2.5,23,-2.513569403751424,-0.2466954174223591,0.0426124477876763,-0.2893078652100354,-1.4959649062103562,True,-1.0471754343472492
33,45,2.5,3.0,214,-2.513569403751424,-0.0771093887245791,0.0426124477876763,-0.1197218365122554,-0.6190625540006066,True,-0.4333437878004246
33,46,3.0,3.5,119,-2.513569403751424,-0.3882306572258374,0.0426124477876763,-0.4308431050135137,-2.227821095409896,True,-1.559474766786927
33,47,3.5,4.0,188,-2.513569403751424,-0.0697499920156917,0.0426124477876763,-0.112362439803368,-0.5810082854124271,True,-0.4067057997886989
33,48,4.0,4.5,1,-2.513569403751424,-0.3960464704565321,0.0426124477876763,-0.4386589182442084,-2.2682354211598215,True,-1.587764794811875
33,49,4.5,5.0,93,-2.513569403751424,-0.4634568380803794,0.0426124477876763,-0.5060692858680558,-2.6168036987861587,True,-1.8317625891503109
33,50,5.0,5.5,126,-2.513569403751424,-0.115832957053877,0.0426124477876763,-0.1584454048415533,-0.8192959601052502,True,-0.5735071720736751
33,51,5.5,6.0,129,-2.513569403751424,-0.3827571097728517,0.0426124477876763,-0.4253695575605281,-2.1995182530512936,True,-1.5396627771359053
33,52,6.0,6.5,47,-2.513569403751424,0.0326496035062808,0.0426124477876763,-0.0099628442813954,-0.051516281453965286,True,-0.0360613970177757
33,53,6.5,7.0,82,-2.513569403751424,0.0198770816520549,0.0426124477876763,-0.0227353661356213,-0.11756095826859343,True,-0.0822926707880154
33,54,7.0,7.5,74,-2.513569403751424,-0.0289590313199852,0.0426124477876763,-0.0715714791076615,-0.3700847225598185,True,-0.2590593057918729
33,55,7.5,8.0,216,-2.513569403751424,-0.1205091581278299,0.0426124477876763,-0.1631216059155062,-0.8434758512946516,True,-0.5904330959062561
33,56,8.0,8.5,122,-2.513569403751424,-0.141829080501916,0.0426124477876763,-0.1844415282895923,-0.9537177752451363,True,-0.6676024426715954
33,57,8.5,9.0,55,-2.513569403751424,-0.141829080501916,0.0426124477876763,-0.1844415282895923,-0.9537177752451363,True,-0.6676024426715954
33,58,9.0,9.5,254,-2.513569403751424,-0.176951144163484,0.0426124477876763,-0.2195635919511603,-1.135328374159366,True,-0.7947298619115561
33,59,9.5,10.0,263,-2.513569403751424,0.132591341331849,0.0426124477876763,0.0899788935441727,0.4996551817502471,True,0.3497586272251729
33,60,10.0,10.5,226,-2.513569403751424,0.0551553963407841,0.0426124477876763,0.0125429485531078,0.06637431275660285,True,0.046462018929622
33,61,10.5,11.0,299,-2.513569403751424,0.0639974152419854,0.0426124477876763,0.0213849674543091,0.11584846372890371,True,0.0810939246102326
33,62,11.0,11.5,90,-2.513569403751424,0.0191073635143421,0.0426124477876763,-0.0235050842733341,-0.12154104820101187,True,-0.0850787337407083
33,63,11.5,12.0,122,-2.513569403751424,-0.1675008586114094,0.0426124477876763,-0.2101133063990857,-1.086462452283005,True,-0.7605237165981035
33,64,12.0,12.5,0,-2.513569403751424,,0.0426124477876763,,,True,
33,65,12.5,13.0,0,-2.513569403751424,,0.0426124477876763,,,True,
33,66,13.0,13.5,42,-2.513569403751424,-0.5904062165314226,0.0426124477876763,-0.6330186643190988,-3.273238721353219,True,-2.291267104947253
33,67,13.5,14.0,0,-2.513569403751424,,0.0426124477876763,,,True,
33,68,14.0,14.5,0,-2.513569403751424,,0.0426124477876763,,,True,
33,69,14.5,15.0,0,-2.513569403751424,,0.0426124477876763,,,True,
33,70,15.0,15.5,0,-2.513569403751424,,0.0426124477876763,,,True,
33,71,15.5,16.0,104,-2.513569403751424,-0.5159482295159076,0.0426124477876763,-0.5585606773035838,-2.888228326003577,True,-2.0217598282025038
33,72,16.0,16.5,0,-2.513569403751424,,0.0426124477876763,,,True,
33,73,16.5,17.0,49,-2.513569403751424,-0.4230922461567333,0.0426124477876763,-0.4657046939444096,-2.408084820965681,True,-1.6856593746759765
33,74,17.0,17.5,0,-2.513569403751424,,0.0426124477876763,,,True,
33,75,17.5,18.0,0,-2.513569403751424,,0.0426124477876763,,,True,
33,76,18.0,18.5,48,-2.513569403751424,-0.4390045457470148,0.0426124477876763,-0.4816169935346911,-2.4903647885251,True,-1.74325535196757
33,77,18.5,19.0,0,-2.513569403751424,,0.0426124477876763,,,True,
33,78,19.0,19.5,128,-2.513569403751424,-0.6292556964837682,0.0426124477876763,-0.6718681442714445,-3.4741231964124744,True,-2.431886237488732
33,79,19.5,20.0,213,-2.513569403751424,0.1765186906232158,0.0426124477876763,0.1339062428355394,0.7454438794376952,True,0.5218107156063866
34,0,-20.0,-19.5,153,-2.4881341074234884,-0.1573853822947413,0.0494585351157459,-0.2068439174104872,-0.45408847871531016,True,-0.3178619351007171
34,1,-19.5,-19.0,145,-2.4881341074234884,-0.0521876053478498,0.0494585351157459,-0.1016461404635957,-0.22314575100025028,True,-0.1562020257001752
34,2,-19.0,-18.5,218,-2.4881341074234884,-0.3143056765984609,0.0494585351157459,-0.3637642117142068,-0.7985786557144529,True,-0.559005059000117
34,3,-18.5,-18.0,28,-2.4881341074234884,-0.0739964929982399,0.0494585351157459,-0.1234550281139859,-0.2710232266331726,True,-0.1897162586432208
34,4,-18.0,-17.5,127,-2.4881341074234884,-0.1754280228569617,0.0494585351157459,-0.2248865579727076,-0.49369783879451745,True,-0.3455884871561622
34,5,-17.5,-17.0,129,-2.4881341074234884,0.0049306672938742,0.0494585351157459,-0.0445278678218716,-0.09775289509501872,True,-0.0684270265665131
34,6,-17.0,-16.5,115,-2.4881341074234884,0.0230197074631601,0.0494585351157459,-0.0264388276525857,-0.058041673055116004,True,-0.0406291711385812
34,7,-16.5,-16.0,100,-2.4881341074234884,-0.0079658929322978,0.0494585351157459,-0.0574244280480438,-0.12606496482893872,True,-0.0882454753802571
34,8,-16.0,-15.5,132,-2.4881341074234884,-0.3694825072281331,0.0494585351157459,-0.418941042343879,-0.9197094261747587,True,-0.643796598322331
34,9,-15.5,-15.0,159,-2.4881341074234884,-0.3724244870495042,0.0494585351157459,-0.4218830221652502,-0.9261680117508887,True,-0.648317608225622
34,10,-15.0,-14.5,110,-2.4881341074234884,0.0494585351157459,0.0494585351157459,0.0,0.0,True,0.0
34,11,-14.5,-14.0,109,-2.4881341074234884,0.0652031638785981,0.0494585351157459,0.0157446287628522,0.04514117542554,True,0.031598822797878
34,12,-14.0,-13.5,161,-2.4881341074234884,0.1277440390271587,0.0494585351157459,0.0782855039114127,0.3301085818131783,True,0.2310760072692248
34,13,-13.5,-13.0,95,-2.4881341074234884,-0.1007108989999496,0.0494585351157459,-0.1501694341156956,-0.32966988220306204,True,-0.2307689175421434
34,14,-13.0,-12.5,146,-2.4881341074234884,-0.0193561661674365,0.0494585351157459,-0.0688147012831825,-0.15107025340714472,True,-0.1057491773850013
34,15,-12.5,-12.0,160,-2.4881341074234884,0.2824877822375028,0.0494585351157459,0.2330292471217569,1.0351982220303646,True,0.7246387554212552
34,16,-12.0,-11.5,109,-2.4881341074234884,0.2201332553843184,0.0494585351157459,0.1706747202685724,0.7510799113787856,True,0.5257559379651499
34,17,-11.5,-11.0,127,-2.4881341074234884,-0.1684735171597172,0.0494585351157459,-0.2179320522754631,-0.4784304770474874,True,-0.3349013339332412
34,18,-11.0,-10.5,233,-2.4881341074234884,-0.2377035363605428,0.0494585351157459,-0.2871620714762888,-0.6304124859646171,True,-0.4412887401752319
34,19,-10.5,-10.0,134,-2.4881341074234884,-0.3991306448826265,0.0494585351157459,-0.4485891799983724,-0.9847965599557031,True,-0.6893575919689922
34,20,-10.0,-9.5,206,-2.4881341074234884,-0.0294021333585917,0.0494585351157459,-0.0788606684743377,-0.1731243607561303,True,-0.1211870525292912
34,21,-9.5,-9.0,0,-2.4881341074234884,,0.0494585351157459,,,True,
34,22,-9.0,-8.5,121,-2.4881341074234884,0.3442989450767938,0.0494585351157459,0.2948404099610479,1.3168406953452292,True,0.9217884867416604
34,23,-8.5,-8.0,120,-2.4881341074234884,0.2048788365391018,0.0494585351157459,0.1554203014233559,0.6815731741617879,True,0.4771012219132515
34,24,-8.0,-7.5,58,-2.4881341074234884,-0.4337575870346802,0.0494585351157459,-0.4832161221504262,-1.0608137601771874,True,-0.7425696321240312
34,25,-7.5,-7.0,130,-2.4881341074234884,0.2200797774727443,0.0494585351157459,0.1706212423569984,0.7508362393527056,True,0.5255853675468939
34,26,-7.0,-6.5,131,-2.4881341074234884,0.1315755409432901,0.0494585351157459,0.0821170058275442,0.3475668147051176,True,0.2432967702935823
34,27,-6.5,-6.0,132,-2.4881341074234884,-0.5683624153456718,0.0494585351157459,-0.6178209504614177,-1.356314360246439,True,-0.9494200521725072
34,28,-6.0,-5.5,204,-2.4881341074234884,-0.1407318340431596,0.0494585351157459,-0.1901903691589055,-0.41752862002840774,True,-0.2922700340198854
34,29,-5.5,-5.0,118,-2.4881341074234884,0.3278442789537415,0.0494585351157459,0.2783857438379956,1.2418650331575427,True,0.8693055232102799
34,30,-5.0,-4.5,42,-2.4881341074234884,-0.6472677471815834,0.0494585351157459,-0.6967262822973294,-1.529536771349736,True,-1.0706757399448152
34,31,-4.5,-4.0,135,-2.4881341074234884,0.1737664215291813,0.0494585351157459,0.1243078864134353,0.5398095005519702,True,0.3778666503863791
34,32,-4.0,-3.5,180,-2.4881341074234884,-0.1317202540580782,0.0494585351157459,-0.1811787891738242,-0.39774532305029975,True,-0.2784217261352098
34,33,-3.5,-3.0,123,-2.4881341074234884,-0.1702098990095757,0.0494585351157459,-0.2196684341253216,-0.4822423899262519,True,-0.3375696729483763
34,34,-3.0,-2.5,46,-2.4881341074234884,0.1199390066963935,0.0494585351157459,0.0704804715806476,0.2945449633830486,True,0.206181474368134
34,35,-2.5,-2.0,195,-2.4881341074234884,-0.0110036160933403,0.0494585351157459,-0.0604621512090863,-0.1327337376225743,True,-0.092913616335802
34,36,-2.0,-1.5,107,-2.4881341074234884,-0.0257166515120019,0.0494585351157459,-0.0751751866277478,-0.16503355070958814,True,-0.1155234854967117
34,37,-1.5,-1.0,54,-2.4881341074234884,0.1247883304968953,0.0494585351157459,0.0753297953811494,0.3166409002064502,True,0.2216486301445151
34,38,-1.0,-0.5,120,-2.4881341074234884,0.1410862350068759,0.0494585351157459,0.0916276998911299,0.39090227833283914,True,0.2736315948329874
34,39,-0.5,0.0,151,-2.4881341074234884,0.2728317322818375,0.0494585351157459,0.2233731971660915,0.9912004444924088,True,0.6938403111446861
34,40,0.0,0.5,11,-2.4881341074234884,0.272831732281838,0.0494585351157459,0.2233731971660921,0.9912004444924115,True,0.693840311144688
34,41,0.5,1.0,128,-2.4881341074234884,0.2129727640147758,0.0494585351157459,0.1635142288990299,0.7184531428982912,True,0.5029172000288038
34,42,1.0,1.5,44,-2.4881341074234884,-0.7386291764626512,0.0494585351157459,-0.7880877115783972,-1.730104295668888,True,-1.2110730069682214
34,43,1.5,2.0,27,-2.4881341074234884,0.2003270555987569,0.0494585351157459,0.150868520483011,0.660832990946673,True,0.4625830936626711
34,44,2.0,2.5,116,-2.4881341074234884,0.2003270555987566,0.0494585351157459,0.1508685204830107,0.6608329909466718,True,0.4625830936626702
34,45,2.5,3.0,181,-2.4881341074234884,-0.254890811272176,0.0494585351157459,-0.3043493463879219,-0.6681440451788866,True,-0.4677008316252206
34,46,3.0,3.5,14,-2.4881341074234884,0.1190901115997848,0.0494585351157459,0.0696315764840389,0.2906769741136126,True,0.2034738818795288
34,47,3.5,4.0,199,-2.4881341074234884,-0.2752476591321797,0.0494585351157459,-0.3247061942479256,-0.7128338295917563,True,-0.4989836807142294
34,48,4.0,4.5,97,-2.4881341074234884,0.0886387532549815,0.0494585351157459,0.0391802181392355,0.15192540423413473,True,0.1063477829638943
34,49,4.5,5.0,205,-2.4881341074234884,-0.2535167590184016,0.0494585351157459,-0.3029752941341475,-0.6651275615162149,True,-0.4655892930613504
34,50,5.0,5.5,71,-2.4881341074234884,-0.632911443870758,0.0494585351157459,-0.682369978986504,-1.4980200992038923,True,-1.0486140694427246
34,51,5.5,6.0,221,-2.4881341074234884,-0.3491380775616343,0.0494585351157459,-0.3985966126773803,-0.8750469036638471,True,-0.6125328325646929
34,52,6.0,6.5,139,-2.4881341074234884,0.0028569577787478,0.0494585351157459,-0.0466015773369981,-0.10230534996441928,True,-0.0716137449750935
34,53,6.5,7.0,65,-2.4881341074234884,-0.5483734896589433,0.0494585351157459,-0.5978320247746892,-1.3124322825432453,True,-0.9187025977802716
34,54,7.0,7.5,186,-2.4881341074234884,-0.2750255968297986,0.0494585351157459,-0.3244841319455446,-0.7123463318962446,True,-0.4986424323273712
34,55,7.5,8.0,93,-2.4881341074234884,-0.3631103153643454,0.0494585351157459,-0.4125688504800914,-0.9057204293227649,True,-0.6340043005259354
34,56,8.0,8.5,166,-2.4881341074234884,-0.1846050355964151,0.0494585351157459,-0.234063570712161,-0.5138443135189327,True,-0.3596910194632529
34,57,8.5,9.0,120,-2.4881341074234884,0.0996201122468333,0.0494585351157459,0.0501615771310873,0.2019619504622796,True,0.1413733653235957
34,58,9.0,9.5,198,-2.4881341074234884,-0.1800582760033483,0.0494585351157459,-0.2295168111190943,-0.5038627236682505,True,-0.3527039065677753
34,59,9.5,10.0,188,-2.4881341074234884,0.1207171987016582,0.0494585351157459,0.0712586635859122,0.2980907941199079,True,0.2086635558839355
34,60,10.0,10.5,181,-2.4881341074234884,0.2517767326897327,0.0494585351157459,0.2023181975739867,0.8952633695633736,True,0.6266843586943615
34,61,10.5,11.0,221,-2.4881341074234884,0.0324801203228514,0.0494585351157459,-0.0169784147928944,-0.03727304452952714,True,-0.026091131170669
34,62,11.0,11.5,61,-2.4881341074234884,-0.033278415068632,0.0494585351157459,-0.0827369501843779,-0.18163403745738443,True,-0.1271438262201691
34,63,11.5,12.0,135,-2.4881341074234884,0.0811212833426625,0.0494585351157459,0.0316627482269165,0.11767206354419457,True,0.0823704444809362
34,64,12.0,12.5,50,-2.4881341074234884,-0.7081433729708584,0.0494585351157459,-0.7576019080866043,-1.6631782177676948,True,-1.1642247524373863
34,65,12.5,13.0,0,-2.4881341074234884,,0.0494585351157459,,,True,
34,66,13.0,13.5,54,-2.4881341074234884,-0.7579477186065373,0.0494585351157459,-0.8074062537222833,-1.7725146673294956,True,-1.2407602671306468
34,67,13.5,14.0,69,-2.4881341074234884,-0.3999619478464922,0.0494585351157459,-0.4494204829622381,-0.98662153553603,True,-0.690635074875221
34,68,14.0,14.5,60,-2.4881341074234884,-0.8313620914133898,0.0494585351157459,-0.8808206265291357,-1.9336826691786622,True,-1.3535778684250634
34,69,14.5,15.0,49,-2.4881341074234884,-0.6354028145451097,0.0494585351157459,-0.6848613496608557,-1.5034894537471406,True,-1.0524426176229984
34,70,15.0,15.5,147,-2.4881341074234884,-0.5170988958957605,0.0494585351157459,-0.5665574310115065,-1.2437745580031523,True,-0.8706421906022066
34,71,15.5,16.0,95,-2.4881341074234884,-0.4212941067445332,0.0494585351157459,-0.4707526418602791,-1.0334524392579958,True,-0.7234167074805969
34,72,16.0,16.5,0,-2.4881341074234884,,0.0494585351157459,,,True,
34,73,16.5,17.0,188,-2.4881341074234884,-0.0892201721915249,0.0494585351157459,-0.1386787073072709,-0.3044440659397976,True,-0.2131108461578583
34,74,17.0,17.5,0,-2.4881341074234884,,0.0494585351157459,,,True,
34,75,17.5,18.0,136,-2.4881341074234884,0.1041429837872236,0.0494585351157459,0.0546844486714777,0.22257040803867115,True,0.1557992856270698
34,76,18.0,18.5,51,-2.4881341074234884,-0.3562456494491157,0.0494585351157459,-0.4057041845648617,-0.890650294598187,True,-0.6234552062187309
34,77,18.5,19.0,262,-2.4881341074234884,0.0600218360486763,0.0494585351157459,0.0105633009329304,0.02318982018372457,True,0.0162328741286072
34,78,19.0,19.5,130,-2.4881341074234884,0.3118320974659033,0.0494585351157459,0.2623735623501574,1.1689055515647684,True,0.8182338860953379
34,79,19.5,20.0,304,-2.4881341074234884,0.3118320974659053,0.0494585351157459,0.2623735623501593,1.168905551564777,True,0.8182338860953439
35,0,-20.0,-19.5,67,-2.4772075506178632,0.0846278865159115,0.0438355229130145,0.040792363602897,0.119761310032958,True,0.0838329170230706
35,1,-19.5,-19.0,210,-2.4772075506178632,0.0079055157621713,0.0438355229130145,-0.0359300071508431,-0.07211230437886915,True,-0.0504786130652084
35,2,-19.0,-18.5,0,-2.4772075506178632,,0.0438355229130145,,,True,
35,3,-18.5,-18.0,98,-2.4772075506178632,0.1665394045028562,0.0438355229130145,0.1227038815898417,0.40334600184236713,True,0.282342201289657
35,4,-18.0,-17.5,67,-2.4772075506178632,0.2676675713941832,0.0438355229130145,0.2238320484811687,0.7534603782564179,True,0.5274222647794925
35,5,-17.5,-17.0,274,-2.4772075506178632,0.1419720283234202,0.0438355229130145,0.0981365054104057,0.31829164106832314,True,0.2228041487478262
35,6,-17.0,-16.5,177,-2.4772075506178632,-0.1777398603048904,0.0438355229130145,-0.221575383217905,-0.44470660443771215,True,-0.3112946231063985
35,7,-16.5,-16.0,49,-2.4772075506178632,-0.3685505161330093,0.0438355229130145,-0.4123860390460238,-0.827667733113304,True,-0.5793674131793127
35,8,-16.0,-15.5,170,-2.4772075506178632,0.2869812047225739,0.0438355229130145,0.2431456818095594,0.8203258312446602,True,0.5742280818712621
35,9,-15.5,-15.0,90,-2.4772075506178632,-0.3871276864418854,0.0438355229130145,-0.4309632093548999,-0.8649525172266943,True,-0.605466762058686
35,10,-15.0,-14.5,129,-2.4772075506178632,0.0227542238417614,0.0438355229130145,-0.021081299071253,-0.04231062490318743,True,-0.0296174374322312
35,11,-14.5,-14.0,182,-2.4772075506178632,-0.0214200856767491,0.0438355229130145,-0.0652556085897636,-0.13096942311471158,True,-0.0916785961802981
35,12,-14.0,-13.5,61,-2.4772075506178632,-0.5109781810196958,0.0438355229130145,-0.5548137039327103,-1.1135231485926553,True,-0.7794662040148587
35,13,-13.5,-13.0,206,-2.4772075506178632,0.349094189118625,0.0438355229130145,0.3052586662056105,1.0353663038204974,True,0.7247564126743482
35,14,-13.0,-12.5,0,-2.4772075506178632,,0.0438355229130145,,,True,
35,15,-12.5,-12.0,0,-2.4772075506178632,,0.0438355229130145,,,True,
35,16,-12.0,-11.5,303,-2.4772075506178632,0.0191811044042617,0.0438355229130145,-0.0246544185087527,-0.049481953185346865,True,-0.0346373672297428
35,17,-11.5,-11.0,23,-2.4772075506178632,0.0191811044042617,0.0438355229130145,-0.0246544185087527,-0.049481953185346865,True,-0.0346373672297428
35,18,-11.0,-10.5,140,-2.4772075506178632,0.0517525890663996,0.0438355229130145,0.0079170661533851,0.015889723646413143,True,0.0111228065524892
35,19,-10.5,-10.0,100,-2.4772075506178632,0.0517525890663996,0.0438355229130145,0.0079170661533851,0.015889723646413143,True,0.0111228065524892
35,20,-10.0,-9.5,216,-2.4772075506178632,0.0595460143800318,0.0438355229130145,0.0157104914670173,0.03292572018599515,True,0.0230480041301966
35,21,-9.5,-9.0,160,-2.4772075506178632,-0.4167065312678876,0.0438355229130145,-0.4605420541809021,-0.9243179009382299,True,-0.6470225306567609
35,22,-9.0,-8.5,76,-2.4772075506178632,0.3731120395942578,0.0438355229130145,0.3292765166812433,1.1185181595356164,True,0.7829627116749314
35,23,-8.5,-8.0,56,-2.4772075506178632,0.3731120395942579,0.0438355229130145,0.3292765166812434,1.1185181595356168,True,0.7829627116749317
35,24,-8.0,-7.5,216,-2.4772075506178632,-0.0532807104543275,0.0438355229130145,-0.0971162333673421,-0.194914388725657,True,-0.1364400721079599
35,25,-7.5,-7.0,156,-2.4772075506178632,-0.171630000389116,0.0438355229130145,-0.2154655233021305,-0.4324439829439604,True,-0.3027107880607723
35,26,-7.0,-6.5,180,-2.4772075506178632,0.0438355229130145,0.0438355229130145,0.0,0.0,True,0.0
35,27,-6.5,-6.0,170,-2.4772075506178632,0.1261256411880418,0.0438355229130145,0.0822901182750273,0.26343009140451273,True,0.1844010639831589
35,28,-6.0,-5.5,0,-2.4772075506178632,,0.0438355229130145,,,True,
35,29,-5.5,-5.0,128,-2.4772075506178632,0.2527286223013403,0.0438355229130145,0.2088930993883258,0.7017404568269856,True,0.4912183197788899
35,30,-5.0,-4.5,188,-2.4772075506178632,-0.0250167124593841,0.0438355229130145,-0.0688522353723986,-0.1381879311488933,True,-0.0967315518042253
35,31,-4.5,-4.0,129,-2.4772075506178632,0.1703948498041669,0.0438355229130145,0.1265593268911524,0.41669388373285404,True,0.2916857186129978
35,32,-4.0,-3.5,131,-2.4772075506178632,0.2464958863980735,0.0438355229130145,0.202660363485059,0.6801621912338727,True,0.4761135338637108
35,33,-3.5,-3.0,48,-2.4772075506178632,0.2464958863980744,0.0438355229130145,0.2026603634850599,0.6801621912338757,True,0.4761135338637129
35,34,-3.0,-2.5,143,-2.4772075506178632,0.3320686601485387,0.0438355229130145,0.2882331372355242,0.9764224641196676,True,0.6834957248837673
35,35,-2.5,-2.0,73,-2.4772075506178632,-0.7136973730442719,0.0438355229130145,-0.7575328959572865,-1.52038496794444,True,-1.064269477561108
35,36,-2.0,-1.5,188,-2.4772075506178632,-0.1140905890299328,0.0438355229130145,-0.1579261119429473,-0.3169611351868032,True,-0.2218727946307622
35,37,-1.5,-1.0,137,-2.4772075506178632,0.2021588846456613,0.0438355229130145,0.1583233617326468,0.5266636932605472,True,0.368664585282383
35,38,-1.0,-0.5,159,-2.4772075506178632,-0.5648734647109656,0.0438355229130145,-0.6087089876239801,-1.22169215300765,True,-0.8551845071053551
35,39,-0.5,0.0,163,-2.4772075506178632,-0.2917272191947135,0.0438355229130145,-0.335562742107728,-0.673481708352865,True,-0.4714371958470055
35,40,0.0,0.5,0,-2.4772075506178632,,0.0438355229130145,,,True,
35,41,0.5,1.0,136,-2.4772075506178632,0.1194096134577975,0.0438355229130145,0.075574090544783,0.2401786281076376,True,0.1681250396753463
35,42,1.0,1.5,0,-2.4772075506178632,,0.0438355229130145,,,True,
35,43,1.5,2.0,182,-2.4772075506178632,0.0216931365547588,0.0438355229130145,-0.0221423863582556,-0.04444025012401315,True,-0.0311081750868092
35,44,2.0,2.5,184,-2.4772075506178632,-0.2384208622236578,0.0438355229130145,-0.2822563851366723,-0.5664946926507203,True,-0.3965462848555042
35,45,2.5,3.0,85,-2.4772075506178632,-0.3900795776766109,0.0438355229130145,-0.4339151005896254,-0.8708770270192522,True,-0.6096139189134765
35,46,3.0,3.5,168,-2.4772075506178632,-0.2402984985971971,0.0438355229130145,-0.2841340215102116,-0.5702631496152029,True,-0.399184204730642
35,47,3.5,4.0,0,-2.4772075506178632,,0.0438355229130145,,,True,
35,48,4.0,4.5,84,-2.4772075506178632,0.020852447112581,0.0438355229130145,-0.0229830758004334,-0.046127532085519854,True,-0.0322892724598639
35,49,4.5,5.0,79,-2.4772075506178632,0.0008011782477601,0.0438355229130145,-0.0430343446652543,-0.08637086400282458,True,-0.0604596048019772
35,50,5.0,5.5,137,-2.4772075506178632,-0.5954899169910174,0.0438355229130145,-0.6393254399040319,-1.2831400374055362,True,-0.8981980261838752
35,51,5.5,6.0,216,-2.4772075506178632,-0.2265882627766078,0.0438355229130145,-0.2704237856896224,-0.5427464086791464,True,-0.3799224860754024
35,52,6.0,6.5,128,-2.4772075506178632,-0.387957467846818,0.0438355229130145,-0.4317929907598326,-0.8666179065206409,True,-0.6066325345644485
35,53,6.5,7.0,92,-2.4772075506178632,-0.4254390214571041,0.0438355229130145,-0.4692745443701186,-0.9418441983271101,True,-0.659290938828977
35,54,7.0,7.5,162,-2.4772075506178632,-0.4474922146372423,0.0438355229130145,-0.4913277375502569,-0.986105435806291,True,-0.6902738050644036
35,55,7.5,8.0,0,-2.4772075506178632,,0.0438355229130145,,,True,
35,56,8.0,8.5,109,-2.4772075506178632,-0.5094157763942199,0.0438355229130145,-0.5532512993072344,-1.1103873685901002,True,-0.7772711580130701
35,57,8.5,9.0,0,-2.4772075506178632,,0.0438355229130145,,,True,
35,58,9.0,9.5,222,-2.4772075506178632,-0.0014954131796616,0.0438355229130145,-0.0453309360926761,-0.09098017285580802,True,-0.0636861209990656
35,59,9.5,10.0,266,-2.4772075506178632,0.2919193413364349,0.0438355229130145,0.2480838184234203,0.8374220832025069,True,0.5861954582417548
35,60,10.0,10.5,195,-2.4772075506178632,0.0629121973441905,0.0438355229130145,0.019076674431176,0.044579733955062144,True,0.0312058137685435
35,61,10.5,11.0,113,-2.4772075506178632,0.0129463510013199,0.0438355229130145,-0.0308891719116945,-0.06199523861923472,True,-0.0433966670334643
35,62,11.0,11.5,71,-2.4772075506178632,-0.0713600163751893,0.0438355229130145,-0.1151955392882038,-0.23119994820385142,True,-0.161839963742696
35,63,11.5,12.0,85,-2.4772075506178632,-0.4725043747831919,0.0438355229130145,-0.5163398976962065,-1.0363053842239305,True,-0.7254137689567512
35,64,12.0,12.5,0,-2.4772075506178632,,0.0438355229130145,,,True,
35,65,12.5,13.0,93,-2.4772075506178632,-0.8678477872822739,0.0438355229130145,-0.9116833101952884,-1.829768195868421,True,-1.2808377371078947
35,66,13.0,13.5,74,-2.4772075506178632,-0.5136611049637191,0.0438355229130145,-0.5574966278767336,-1.1189078351935937,True,-0.7832354846355155
35,67,13.5,14.0,0,-2.4772075506178632,,0.0438355229130145,,,True,
35,68,14.0,14.5,83,-2.4772075506178632,-0.6196940633606894,0.0438355229130145,-0.663529586273704,-1.331718284632507,True,-0.932202799242755
35,69,14.5,15.0,35,-2.4772075506178632,-0.5588758615997711,0.0438355229130145,-0.6027113845127856,-1.2096548333577442,True,-0.8467583833504209
35,70,15.0,15.5,0,-2.4772075506178632,,0.0438355229130145,,,True,
35,71,15.5,16.0,59,-2.4772075506178632,-0.8474911323658725,0.0438355229130145,-0.891326655278887,-1.7889119475157769,True,-1.2522383632610437
35,72,16.0,16.5,64,-2.4772075506178632,-0.3850001204424889,0.0438355229130145,-0.4288356433555034,-0.860682446077237,True,-0.6024777122540659
35,73,16.5,17.0,0,-2.4772075506178632,,0.0438355229130145,,,True,
35,74,17.0,17.5,100,-2.4772075506178632,-0.6016992683432614,0.0438355229130145,-0.6455347912562759,-1.2956023403722046,True,-0.9069216382605432
35,75,17.5,18.0,0,-2.4772075506178632,,0.0438355229130145,,,True,
35,76,18.0,18.5,104,-2.4772075506178632,0.119770685176382,0.0438355229130145,0.0759351622633675,0.24142868932677158,True,0.1690000825287401
35,77,18.5,19.0,14,-2.4772075506178632,0.1197706851763817,0.0438355229130145,0.0759351622633672,0.24142868932677072,True,0.1690000825287395
35,78,19.0,19.5,158,-2.4772075506178632,0.1638785963044399,0.0438355229130145,0.1200430733914254,0.3941340559346854,True,0.2758938391542798
35,79,19.5,20.0,181,-2.4772075506178632,0.3913008845570339,0.0438355229130145,0.3474653616440193,1.1814894988527571,True,0.8270426491969299
36,0,-20.0,-19.5,97,-2.43139166302716,0.0142838650145753,-0.0217216338813359,0.0360054988959113,0.12717491142943715,True,0.089022438000606
36,1,-19.5,-19.0,115,-2.43139166302716,-0.3695685233099441,-0.0217216338813359,-0.3478468894286082,-1.153826140699912,True,-0.8076782984899383
36,2,-19.0,-18.5,139,-2.43139166302716,0.0152434657869764,-0.0217216338813359,0.0369650996683124,0.130724426002714,True,0.0915070982018998
36,3,-18.5,-18.0,152,-2.43139166302716,0.1703962494331034,-0.0217216338813359,0.1921178833144394,0.7046267012774635,True,0.4932386908942244
36,4,-18.0,-17.5,167,-2.43139166302716,-0.0534673935702889,-0.0217216338813359,-0.0317457596889529,-0.10530232840563915,True,-0.0737116298839474
36,5,-17.5,-17.0,42,-2.43139166302716,-0.2959440664550428,-0.0217216338813359,-0.2742224325737068,-0.9096100056826889,True,-0.6367270039778822
36,6,-17.0,-16.5,155,-2.43139166302716,0.034622674136402,-0.0217216338813359,0.056344308017738,0.20240713451360587,True,0.1416849941595241
36,7,-16.5,-16.0,198,-2.43139166302716,-0.2367991948597983,-0.0217216338813359,-0.2150775609784623,-0.7134234045978489,True,-0.4993963832184942
36,8,-16.0,-15.5,61,-2.43139166302716,-0.2179263022558603,-0.0217216338813359,-0.1962046683745243,-0.6508210427575111,True,-0.4555747299302577
36,9,-15.5,-15.0,104,-2.43139166302716,-0.2137742658829938,-0.0217216338813359,-0.1920526320016578,-0.6370485231526363,True,-0.4459339662068454
36,10,-15.0,-14.5,192,-2.43139166302716,-0.1922882036284826,-0.0217216338813359,-0.1705665697471466,-0.5657781422943109,True,-0.3960446996060176
36,11,-14.5,-14.0,227,-2.43139166302716,-0.0967953954406589,-0.0217216338813359,-0.0750737615593229,-0.2490235537540926,True,-0.1743164876278648
36,12,-14.0,-13.5,32,-2.43139166302716,0.249780356657677,-0.0217216338813359,0.271501990539013,0.9982644864734284,True,0.6987851405313998
36,13,-13.5,-13.0,192,-2.43139166302716,-0.0059907050911669,-0.0217216338813359,0.015730928790169,0.05218030520669943,True,0.0365262136446896
36,14,-13.0,-12.5,76,-2.43139166302716,-0.2200358055023877,-0.0217216338813359,-0.1983141716210517,-0.6578183742378438,True,-0.4604728619664907
36,15,-12.5,-12.0,125,-2.43139166302716,0.2513443264965849,-0.0217216338813359,0.2730659603779209,1.0040495315620006,True,0.7028346720934003
36,16,-12.0,-11.5,157,-2.43139166302716,0.2373380442170479,-0.0217216338813359,0.2590596780983838,0.9522410039966791,True,0.6665687027976753
36,17,-11.5,-11.0,98,-2.43139166302716,-0.5048026771331583,-0.0217216338813359,-0.4830810432518223,-1.6024048301715108,True,-1.1216833811200575
36,18,-11.0,-10.5,185,-2.43139166302716,-0.13815324039142,-0.0217216338813359,-0.116431606510084,-0.38620966660273426,True,-0.270346766621914
36,19,-10.5,-10.0,53,-2.43139166302716,-0.6904882218448993,-0.0217216338813359,-0.6687665879635634,-2.2183333951514816,True,-1.5528333766060372
36,20,-10.0,-9.5,189,-2.43139166302716,-0.037452562671505,-0.0217216338813359,-0.015730928790169,-0.05218030520669943,True,-0.0365262136446896
36,21,-9.5,-9.0,66,-2.43139166302716,0.2037933321129732,-0.0217216338813359,0.2255149659943092,0.8281608157618778,True,0.5797125710333144
36,22,-9.0,-8.5,220,-2.43139166302716,-0.178380825964369,-0.0217216338813359,-0.156659192083033,-0.5196466505802424,True,-0.3637526554061697
36,23,-8.5,-8.0,161,-2.43139166302716,0.1990018479537339,-0.0217216338813359,0.2207234818350699,0.8104373589452588,True,0.5673061512616812
36,24,-8.0,-7.5,0,-2.43139166302716,,-0.0217216338813359,,,True,
36,25,-7.5,-7.0,0,-2.43139166302716,,-0.0217216338813359,,,True,
36,26,-7.0,-6.5,103,-2.43139166302716,-0.2453619483879381,-0.0217216338813359,-0.2236403145066021,-0.7418265013550669,True,-0.5192785509485468
36,27,-6.5,-6.0,76,-2.43139166302716,-0.0577487957722397,-0.0217216338813359,-0.0360271618909037,-0.119503961163016,True,-0.0836527728141112
36,28,-6.0,-5.5,84,-2.43139166302716,-0.0577487957722397,-0.0217216338813359,-0.0360271618909037,-0.119503961163016,True,-0.0836527728141112
36,29,-5.5,-5.0,124,-2.43139166302716,0.2424861885734268,-0.0217216338813359,0.2642078224547628,0.9712837287879241,True,0.6798986101515468
36,30,-5.0,-4.5,63,-2.43139166302716,-0.6512571411985989,-0.0217216338813359,-0.6295355073172629,-2.088201869605964,True,-1.4617413087241746
36,31,-4.5,-4.0,186,-2.43139166302716,-0.1279738624468286,-0.0217216338813359,-0.1062522285654926,-0.35244414296149357,True,-0.2467109000730455
36,32,-4.0,-3.5,93,-2.43139166302716,0.0015013669942297,-0.0217216338813359,0.0232230008755657,0.07989309975209671,True,0.0559251698264677
36,33,-3.5,-3.0,39,-2.43139166302716,0.0958720954620293,-0.0217216338813359,0.1175937293433653,0.4289656366041142,True,0.3002759456228799
36,34,-3.0,-2.5,164,-2.43139166302716,-0.0904521817746425,-0.0217216338813359,-0.0687305478933066,-0.22798278562787172,True,-0.1595879499395102
36,35,-2.5,-2.0,22,-2.43139166302716,0.2978432370420831,-0.0217216338813359,0.3195648709234191,1.1760466426207592,True,0.8232326498345314
36,36,-2.0,-1.5,181,-2.43139166302716,0.2978432370420824,-0.0217216338813359,0.3195648709234184,1.1760466426207565,True,0.8232326498345295
36,37,-1.5,-1.0,58,-2.43139166302716,0.2040509300744629,-0.0217216338813359,0.2257725639557989,0.829113657552601,True,0.5803795602868207
36,38,-1.0,-0.5,98,-2.43139166302716,0.2040509300744627,-0.0217216338813359,0.2257725639557987,0.8291136575526002,True,0.5803795602868201
36,39,-0.5,0.0,179,-2.43139166302716,0.1742882271131698,-0.0217216338813359,0.1960098609945058,0.7190229292626673,True,0.5033160504838671
36,40,0.0,0.5,74,-2.43139166302716,0.1296048040671102,-0.0217216338813359,0.1513264379484462,0.5537412143584312,True,0.3876188500509018
36,41,0.5,1.0,70,-2.43139166302716,-0.3170958555614128,-0.0217216338813359,-0.2953742216800769,-0.9797715852028944,True,-0.685840109642026
36,42,1.0,1.5,172,-2.43139166302716,-0.3223398435994675,-0.0217216338813359,-0.3006182097181316,-0.9971661650128915,True,-0.698016315509024
36,43,1.5,2.0,41,-2.43139166302716,-0.0169411842671049,-0.0217216338813359,0.004780449614231,0.015856998860214286,True,0.01109989920215
36,44,2.0,2.5,127,-2.43139166302716,0.1163969671008457,-0.0217216338813359,0.1381186009821816,0.5048860954990383,True,0.3534202668493268
36,45,2.5,3.0,109,-2.43139166302716,-0.0262057197095137,-0.0217216338813359,-0.0044840858281778,-0.014873944838754715,True,-0.0104117613871283
36,46,3.0,3.5,68,-2.43139166302716,-0.3865014628352626,-0.0217216338813359,-0.3647798289539266,-1.2099935777446895,True,-0.8469955044212827
36,47,3.5,4.0,125,-2.43139166302716,-0.0649849952272203,-0.0217216338813359,-0.0432633613458843,-0.14350680938221413,True,-0.1004547665675499
36,48,4.0,4.5,166,-2.43139166302716,-0.0922142934789428,-0.0217216338813359,-0.0704926595976069,-0.23382780137774586,True,-0.1636794609644221
36,49,4.5,5.0,120,-2.43139166302716,0.023939340624277,-0.0217216338813359,0.045660974505613,0.16289002585436602,True,0.1140230180980562
36,50,5.0,5.5,108,-2.43139166302716,-0.1771466732295032,-0.0217216338813359,-0.1554250393481672,-0.5155529020650736,True,-0.3608870314455515
36,51,5.5,6.0,58,-2.43139166302716,-0.0671360599644428,-0.0217216338813359,-0.0454144260831068,-0.15064200247887258,True,-0.1054494017352108
36,52,6.0,6.5,85,-2.43139166302716,0.1641139741957503,-0.0217216338813359,0.1858356080770863,0.6813888838958404,True,0.4769722187270883
36,53,6.5,7.0,199,-2.43139166302716,-0.1816343606315089,-0.0217216338813359,-0.1599127267501729,-0.5304387935106735,True,-0.3713071554574714
36,54,7.0,7.5,101,-2.43139166302716,-0.1316937504731969,-0.0217216338813359,-0.1099721165918609,-0.3647832041281776,True,-0.2553482428897243
36,55,7.5,8.0,64,-2.43139166302716,-0.1316937504731969,-0.0217216338813359,-0.109972116591861,-0.364783204128178,True,-0.2553482428897246
36,56,8.0,8.5,115,-2.43139166302716,-0.0774357234361973,-0.0217216338813359,-0.0557140895548613,-0.1848065194410443,True,-0.129364563608731
36,57,8.5,9.0,4,-2.43139166302716,-0.077435723436197,-0.0217216338813359,-0.0557140895548611,-0.18480651944104373,True,-0.1293645636087306
36,58,9.0,9.5,205,-2.43139166302716,-0.1270902465359982,-0.0217216338813359,-0.1053686126546622,-0.3495131432393767,True,-0.2446592002675637
36,59,9.5,10.0,223,-2.43139166302716,0.0653676211802533,-0.0217216338813359,0.0870892550615893,0.3161311338323147,True,0.2212917936826203
36,60,10.0,10.5,281,-2.43139166302716,0.1350117680379818,-0.0217216338813359,0.1567334019193177,0.5737412997728782,True,0.4016189098410148
36,61,10.5,11.0,129,-2.43139166302716,0.024095587492344,-0.0217216338813359,0.04581722137368,0.16346797509240701,True,0.1144275825646849
36,62,11.0,11.5,140,-2.43139166302716,-0.1776363857012526,-0.0217216338813359,-0.1559147518199166,-0.5171773036868889,True,-0.3620241125808222
36,63,11.5,12.0,0,-2.43139166302716,,-0.0217216338813359,,,True,
36,64,12.0,12.5,136,-2.43139166302716,0.1910229461287676,-0.0217216338813359,0.2127445800101036,0.780923805891734,True,0.5466466641242138
36,65,12.5,13.0,153,-2.43139166302716,-0.0953129516466071,-0.0217216338813359,-0.0735913177652711,-0.24410621094126758,True,-0.1708743476588873
36,66,13.0,13.5,0,-2.43139166302716,,-0.0217216338813359,,,True,
36,67,13.5,14.0,48,-2.43139166302716,-0.6750579453320668,-0.0217216338813359,-0.6533363114507308,-2.1671503691138487,True,-1.517005258379694
36,68,14.0,14.5,85,-2.43139166302716,-0.773067392641216,-0.0217216338813359,-0.7513457587598801,-2.4922527799090353,True,-1.7445769459363245
36,69,14.5,15.0,152,-2.43139166302716,-0.6057438258320751,-0.0217216338813359,-0.5840221919507391,-1.937231846254376,True,-1.3560622923780632
36,70,15.0,15.5,40,-2.43139166302716,-0.5898469435995287,-0.0217216338813359,-0.5681253097181928,-1.884501064887695,True,-1.3191507454213864
36,71,15.5,16.0,30,-2.43139166302716,-0.8374913129106272,-0.0217216338813359,-0.8157696790292912,-2.705950258748988,True,-1.8941651811242917
36,72,16.0,16.5,25,-2.43139166302716,-0.9275438108419358,-0.0217216338813359,-0.9058221769606,-3.0046590565167315,True,-2.103261339561712
36,73,16.5,17.0,58,-2.43139166302716,-0.6922596700363379,-0.0217216338813359,-0.670538036155002,-2.224209380512555,True,-1.5569465663587885
36,74,17.0,17.5,0,-2.43139166302716,,-0.0217216338813359,,,True,
36,75,17.5,18.0,8,-2.43139166302716,-0.6143496159761881,-0.0217216338813359,-0.5926279820948521,-1.965777697694836,True,-1.376044388386385
36,76,18.0,18.5,53,-2.43139166302716,-0.6143496159761881,-0.0217216338813359,-0.5926279820948521,-1.965777697694836,True,-1.376044388386385
36,77,18.5,19.0,117,-2.43139166302716,0.1849008755591122,-0.0217216338813359,0.2066225094404482,0.7582785774481932,True,0.5307950042137352
36,78,19.0,19.5,188,-2.43139166302716,0.1849008755591125,-0.0217216338813359,0.2066225094404485,0.7582785774481943,True,0.5307950042137359
36,79,19.5,20.0,163,-2.43139166302716,0.4616908164044228,-0.0217216338813359,0.4834124502857587,1.7821105261330032,True,1.2474773682931022
37,0,-20.0,-19.5,197,-2.564098898056576,-0.0047509651779442,0.0039940612270814,-0.0087450264050257,-0.04588618852834757,True,-0.0321203319698433
37,1,-19.5,-19.0,85,-2.564098898056576,0.065190621869528,0.0039940612270814,0.0611965606424466,0.29707071615176217,True,0.2079495013062335
37,2,-19.0,-18.5,90,-2.564098898056576,0.065190621869528,0.0039940612270814,0.0611965606424465,0.2970707161517617,True,0.2079495013062332
37,3,-18.5,-18.0,165,-2.564098898056576,0.0717020487677773,0.0039940612270814,0.0677079875406959,0.3286795881459684,True,0.2300757117021779
37,4,-18.0,-17.5,172,-2.564098898056576,0.0890846652853817,0.0039940612270814,0.0850906040583003,0.41306123121978633,True,0.2891428618538504
37,5,-17.5,-17.0,124,-2.564098898056576,-0.0160229469825586,0.0039940612270814,-0.0200170082096401,-0.1255111677817503,True,-0.0878578174472252
37,6,-17.0,-16.5,91,-2.564098898056576,-0.1863954834828146,0.0039940612270814,-0.190389544709896,-1.3290182279713807,True,-0.9303127595799664
37,7,-16.5,-16.0,229,-2.564098898056576,-0.1166292341508815,0.0039940612270814,-0.1206232953779629,-0.8361913008227939,True,-0.5853339105759557
37,8,-16.0,-15.5,142,-2.564098898056576,0.0556563923906614,0.0039940612270814,0.0516623311635799,0.250788043571669,True,0.1755516305001683
37,9,-15.5,-15.0,40,-2.564098898056576,0.2437215950599736,0.0039940612270814,0.2397275338328921,1.16372602331571,True,0.814608216320997
37,10,-15.0,-14.5,73,-2.564098898056576,0.2437215950599736,0.0039940612270814,0.2397275338328921,1.16372602331571,True,0.814608216320997
37,11,-14.5,-14.0,102,-2.564098898056576,0.1189307258233624,0.0039940612270814,0.1149366645962809,0.5579450365390173,True,0.3905615255773121
37,12,-14.0,-13.5,136,-2.564098898056576,-0.1395441416744501,0.0039940612270814,-0.1435382029015315,-0.9980615972608932,True,-0.6986431180826251
37,13,-13.5,-13.0,84,-2.564098898056576,-0.0057106251369556,0.0039940612270814,-0.0097046863640371,-0.05266520091952458,True,-0.0368656406436672
37,14,-13.0,-12.5,47,-2.564098898056576,0.0946645122661649,0.0039940612270814,0.0906704510390834,0.4401478700961671,True,0.308103509067317
37,15,-12.5,-12.0,102,-2.564098898056576,0.2062465317171134,0.0039940612270814,0.202252470490032,0.9818082196315875,True,0.6872657537421112
37,16,-12.0,-11.5,112,-2.564098898056576,-0.0802646622851595,0.0039940612270814,-0.0842587235122409,-0.5793129336858235,True,-0.4055190535800764
37,17,-11.5,-11.0,99,-2.564098898056576,0.0738479220645104,0.0039940612270814,0.069853860837429,0.3390964499816528,True,0.2373675149871569
37,18,-11.0,-10.5,33,-2.564098898056576,0.0854196101025479,0.0039940612270814,0.0814255488754664,0.3952696992044233,True,0.2766887894430963
37,19,-10.5,-10.0,166,-2.564098898056576,-0.0617487285998149,0.0039940612270814,-0.0657427898268964,-0.4485168712800633,True,-0.3139618098960443
37,20,-10.0,-9.5,45,-2.564098898056576,0.0031699445239286,0.0039940612270814,-0.0008241167031528,-0.004000566970236144,True,-0.0028003968791653
37,21,-9.5,-9.0,150,-2.564098898056576,-0.0905801075973309,0.0039940612270814,-0.0945741688244123,-0.6521809646326989,True,-0.4565266752428892
37,22,-9.0,-8.5,186,-2.564098898056576,-0.1297951734517206,0.0039940612270814,-0.1337892346788021,-0.9291951453864646,True,-0.6504366017705252
37,23,-8.5,-8.0,207,-2.564098898056576,-0.0232084603836006,0.0039940612270814,-0.027202521610682,-0.17626944307002215,True,-0.1233886101490155
37,24,-8.0,-7.5,111,-2.564098898056576,0.0048181779302343,0.0039940612270814,0.0008241167031528,0.004000566970236144,True,0.0028003968791653
37,25,-7.5,-7.0,20,-2.564098898056576,0.2438288590915683,0.0039940612270814,0.2398347978644869,1.1642467225567894,True,0.8149727057897526
37,26,-7.0,-6.5,90,-2.564098898056576,0.2438288590915683,0.0039940612270814,0.2398347978644868,1.164246722556789,True,0.8149727057897522
37,27,-6.5,-6.0,147,-2.564098898056576,0.1962852614589466,0.0039940612270814,0.1922912002318651,0.9334525333265249,True,0.6534167733285674
37,28,-6.0,-5.5,93,-2.564098898056576,0.2041042258893207,0.0039940612270814,0.2001101646622393,0.9714086756082417,True,0.6799860729257692
37,29,-5.5,-5.0,135,-2.564098898056576,-0.0178621358477601,0.0039940612270814,-0.0218561970748416,-0.13850314894115986,True,-0.0969522042588119
37,30,-5.0,-4.5,46,-2.564098898056576,-0.6077497886124339,0.0039940612270814,-0.6117438498395154,-4.305453817189899,True,-3.0138176720329293
37,31,-4.5,-4.0,185,-2.564098898056576,-0.142288210258216,0.0039940612270814,-0.1462822714852974,-1.0174456246519619,True,-0.7122119372563733
37,32,-4.0,-3.5,139,-2.564098898056576,0.0078489065109801,0.0039940612270814,0.0038548452838986,0.01871284328923057,True,0.0130989903024614
37,33,-3.5,-3.0,134,-2.564098898056576,-0.0713525987801446,0.0039940612270814,-0.075346660007226,-0.5163583544474749,True,-0.3614508481132324
37,34,-3.0,-2.5,103,-2.564098898056576,-0.1933001527270633,0.0039940612270814,-0.1972942139541448,-1.3777926276159806,True,-0.9644548393311864
37,35,-2.5,-2.0,88,-2.564098898056576,0.0749811444914601,0.0039940612270814,0.0709870832643786,0.34459753034301616,True,0.2412182712401113
37,36,-2.0,-1.5,101,-2.564098898056576,0.0186134724289726,0.0039940612270814,0.0146194112018911,0.07096802352729814,True,0.0496776164691087
37,37,-1.5,-1.0,121,-2.564098898056576,-0.0316294889600332,0.0039940612270814,-0.0356235501871146,-0.23575536465093402,True,-0.1650287552556538
37,38,-1.0,-0.5,35,-2.564098898056576,0.1422664359667514,0.0039940612270814,0.13827237473967,0.671225195610542,True,0.4698576369273793
37,39,-0.5,0.0,121,-2.564098898056576,-0.0833201010688718,0.0039940612270814,-0.0873141622959532,-0.6008964718763782,True,-0.4206275303134647
37,40,0.0,0.5,193,-2.564098898056576,0.2167574477927301,0.0039940612270814,0.2127633865656486,1.0328320898166825,True,0.7229824628716778
37,41,0.5,1.0,51,-2.564098898056576,-0.587511000124759,0.0039940612270814,-0.5915050613518404,-4.162487554346447,True,-2.9137412880425124
37,42,1.0,1.5,151,-2.564098898056576,0.125760009353979,0.0039940612270814,0.1217659481268975,0.5910969020678217,True,0.4137678314474752
37,43,1.5,2.0,127,-2.564098898056576,-0.0586879290681783,0.0039940612270814,-0.0626819902952598,-0.4268954649089477,True,-0.2988268254362634
37,44,2.0,2.5,0,-2.564098898056576,,0.0039940612270814,,,True,
37,45,2.5,3.0,190,-2.564098898056576,-0.1185707663281166,0.0039940612270814,-0.122564827555198,-0.8499062324126296,True,-0.5949343626888407
37,46,3.0,3.5,124,-2.564098898056576,0.1166223922839702,0.0039940612270814,0.1126283310568887,0.5467395326599523,True,0.3827176728619666
37,47,3.5,4.0,14,-2.564098898056576,0.1166223922839702,0.0039940612270814,0.1126283310568887,0.5467395326599523,True,0.3827176728619666
37,48,4.0,4.5,106,-2.564098898056576,0.1324687798907438,0.0039940612270814,0.1284747186636624,0.6236637529975493,True,0.4365646270982845
37,49,4.5,5.0,107,-2.564098898056576,0.242798940191449,0.0039940612270814,0.2388048789643675,1.159247115683058,True,0.8114729809781405
37,50,5.0,5.5,156,-2.564098898056576,0.2427989401914489,0.0039940612270814,0.2388048789643675,1.159247115683058,True,0.8114729809781405
37,51,5.5,6.0,50,-2.564098898056576,-0.5200579517692746,0.0039940612270814,-0.5240520129963561,-3.6860010172864315,True,-2.5802007121005017
37,52,6.0,6.5,99,-2.564098898056576,0.1735476565942302,0.0039940612270814,0.1695535953671487,0.8230757982645224,True,0.5761530587851657
37,53,6.5,7.0,171,-2.564098898056576,-0.0690693989855548,0.0039940612270814,-0.0730634602126362,-0.5002298919085127,True,-0.3501609243359589
37,54,7.0,7.5,42,-2.564098898056576,-0.4576078306908936,0.0039940612270814,-0.461601891917975,-3.244855025265493,True,-2.271398517685845
37,55,7.5,8.0,142,-2.564098898056576,-0.051752632259576,0.0039940612270814,-0.0557466934866574,-0.377904712965479,True,-0.2645332990758353
37,56,8.0,8.5,0,-2.564098898056576,,0.0039940612270814,,,True,
37,57,8.5,9.0,112,-2.564098898056576,0.0939106335899742,0.0039940612270814,0.0899165723628927,0.4364882644602226,True,0.3055417851221558
37,58,9.0,9.5,215,-2.564098898056576,0.18821919561047,0.0039940612270814,0.1842251343833885,0.8942968694627588,True,0.6260078086239311
37,59,9.5,10.0,292,-2.564098898056576,0.2153492325057416,0.0039940612270814,0.2113551712786602,1.0259960925088316,True,0.7181972647561821
37,60,10.0,10.5,202,-2.564098898056576,-0.0237030529040986,0.0039940612270814,-0.02769711413118,-0.17976323146199943,True,-0.1258342620233996
37,61,10.5,11.0,141,-2.564098898056576,0.1358306223024314,0.0039940612270814,0.1318365610753499,0.6399833781912675,True,0.4479883647338872
37,62,11.0,11.5,145,-2.564098898056576,-0.1779408675130029,0.0039940612270814,-0.1819349287400844,-1.2692950459381958,True,-0.888506532156737
37,63,11.5,12.0,100,-2.564098898056576,0.2780043749711101,0.0039940612270814,0.2740103137440287,1.3301473037432017,True,0.931103112620241
37,64,12.0,12.5,51,-2.564098898056576,-0.6522093606774346,0.0039940612270814,-0.6562034219045161,-4.619515050134903,True,-3.233660535094432
37,65,12.5,13.0,77,-2.564098898056576,0.190295348801086,0.0039940612270814,0.1863012875740046,0.9043752841432938,True,0.6330626989003056
37,66,13.0,13.5,206,-2.564098898056576,0.118695504734525,0.0039940612270814,0.1147014435074436,0.5568031864647435,True,0.3897622305253204
37,67,13.5,14.0,0,-2.564098898056576,,0.0039940612270814,,,True,
37,68,14.0,14.5,98,-2.564098898056576,-0.5180085064905627,0.0039940612270814,-0.5220025677176442,-3.671523790421887,True,-2.5700666532953207
37,69,14.5,15.0,47,-2.564098898056576,-0.5780512684620785,0.0039940612270814,-0.58204532968916,-4.095664261828769,True,-2.866964983280138
37,70,15.0,15.5,0,-2.564098898056576,,0.0039940612270814,,,True,
37,71,15.5,16.0,0,-2.564098898056576,,0.0039940612270814,,,True,
37,72,16.0,16.5,0,-2.564098898056576,,0.0039940612270814,,,True,
37,73,16.5,17.0,0,-2.564098898056576,,0.0039940612270814,,,True,
37,74,17.0,17.5,0,-2.564098898056576,,0.0039940612270814,,,True,
37,75,17.5,18.0,53,-2.564098898056576,-0.3972430079439245,0.0039940612270814,-0.401237069171006,-2.8184395251184746,True,-1.972907667582932
37,76,18.0,18.5,46,-2.564098898056576,-0.4524927455040245,0.0039940612270814,-0.456486806731106,-3.2087221997390087,True,-2.246105539817306
37,77,18.5,19.0,0,-2.564098898056576,,0.0039940612270814,,,True,
37,78,19.0,19.5,0,-2.564098898056576,,0.0039940612270814,,,True,
37,79,19.5,20.0,0,-2.564098898056576,,0.0039940612270814,,,True,
38,0,-20.0,-19.5,113,-2.459390995847306,0.0609920339400617,0.077655962242744,-0.0166639283026822,-0.041588691747161004,True,-0.0291120842230127
38,1,-19.5,-19.0,113,-2.459390995847306,0.0413660067272644,0.077655962242744,-0.0362899555154795,-0.09056998722255287,True,-0.063398991055787
38,2,-19.0,-18.5,114,-2.459390995847306,0.1095070923726667,0.077655962242744,0.0318511301299227,0.17111825747950832,True,0.1197827802356558
38,3,-18.5,-18.0,0,-2.459390995847306,,0.077655962242744,,,True,
38,4,-18.0,-17.5,105,-2.459390995847306,-0.0389703580893909,0.077655962242744,-0.116626320332135,-0.29106798815967816,True,-0.2037475917117747
38,5,-17.5,-17.0,96,-2.459390995847306,-0.4269539732875958,0.077655962242744,-0.5046099355303398,-1.2593709406411842,True,-0.8815596584488289
38,6,-17.0,-16.5,108,-2.459390995847306,-0.0714655000239954,0.077655962242744,-0.1491214622667394,-0.3721671393712796,True,-0.2605169975598957
38,7,-16.5,-16.0,114,-2.459390995847306,-0.0263688594041669,0.077655962242744,-0.1040248216469109,-0.25961803021142615,True,-0.1817326211479983
38,8,-16.0,-15.5,160,-2.459390995847306,-0.1505586182603325,0.077655962242744,-0.2282145805030765,-0.5695623305833863,True,-0.3986936314083704
38,9,-15.5,-15.0,112,-2.459390995847306,-0.0081540319336106,0.077655962242744,-0.0858099941763546,-0.21415871046754814,True,-0.1499110973272837
38,10,-15.0,-14.5,134,-2.459390995847306,-0.5265825311452732,0.077655962242744,-0.6042384933880173,-1.5080170765760244,True,-1.055611953603217
38,11,-14.5,-14.0,172,-2.459390995847306,-0.1232307403238201,0.077655962242744,-0.2008867025665642,-0.501359283200932,True,-0.3509514982406524
38,12,-14.0,-13.5,203,-2.459390995847306,-0.2809675956935974,0.077655962242744,-0.3586235579363415,-0.8950281310250254,True,-0.6265196917175178
38,13,-13.5,-13.0,155,-2.459390995847306,-0.1763781150390002,0.077655962242744,-0.2540340772817442,-0.6340008635085426,True,-0.4438006044559798
38,14,-13.0,-12.5,126,-2.459390995847306,-0.123914108449547,0.077655962242744,-0.2015700706922911,-0.5030647865981183,True,-0.3521453506186828
38,15,-12.5,-12.0,40,-2.459390995847306,0.1581485915791572,0.077655962242744,0.0804926293364132,0.4802676848214933,True,0.3361873793750453
38,16,-12.0,-11.5,34,-2.459390995847306,0.1653809685029701,0.077655962242744,0.0877250062602261,0.5262343022324099,True,0.3683640115626869
38,17,-11.5,-11.0,145,-2.459390995847306,-0.0801970918460206,0.077655962242744,-0.1578530540887646,-0.39395884863408226,True,-0.2757711940438576
38,18,-11.0,-10.5,104,-2.459390995847306,0.1356628348658231,0.077655962242744,0.058006872623079,0.3373555845638826,True,0.2361489091947178
38,19,-10.5,-10.0,132,-2.459390995847306,-0.0906846472612558,0.077655962242744,-0.1683406095039998,-0.42013297165135927,True,-0.2940930801559515
38,20,-10.0,-9.5,43,-2.459390995847306,-0.2093763327278086,0.077655962242744,-0.2870322949705526,-0.7163555567560334,True,-0.5014488897292233
38,21,-9.5,-9.0,94,-2.459390995847306,-0.0592306687100387,0.077655962242744,-0.1368866309527827,-0.3416322847528306,True,-0.2391425993269814
38,22,-9.0,-8.5,207,-2.459390995847306,0.088669019705804,0.077655962242744,0.01101305746306,0.03867829701439829,True,0.0270748079100788
38,23,-8.5,-8.0,0,-2.459390995847306,,0.077655962242744,,,True,
38,24,-8.0,-7.5,154,-2.459390995847306,0.077655962242744,0.077655962242744,0.0,0.0,True,0.0
38,25,-7.5,-7.0,120,-2.459390995847306,-0.0114150919213518,0.077655962242744,-0.0890710541640958,-0.2222974407918583,True,-0.1556082085543008
38,26,-7.0,-6.5,19,-2.459390995847306,-0.0114150919213518,0.077655962242744,-0.0890710541640958,-0.2222974407918583,True,-0.1556082085543008
38,27,-6.5,-6.0,120,-2.459390995847306,0.1227338768513974,0.077655962242744,0.0450779146086534,0.25518336472089503,True,0.1786283553046265
38,28,-6.0,-5.5,205,-2.459390995847306,0.2456986479384491,0.077655962242744,0.168042685695705,1.0367071496565328,True,0.7256950047595729
38,29,-5.5,-5.0,49,-2.459390995847306,-0.4912703997625589,0.077655962242744,-0.5689263620053029,-1.4198874758998992,True,-0.9939212331299294
38,30,-5.0,-4.5,202,-2.459390995847306,0.116116380732258,0.077655962242744,0.038460418489514,0.21312472818535058,True,0.1491873097297454
38,31,-4.5,-4.0,96,-2.459390995847306,0.2384792799201976,0.077655962242744,0.1608233176774536,0.9908232125858668,True,0.6935762488101067
38,32,-4.0,-3.5,63,-2.459390995847306,0.2384792799201971,0.077655962242744,0.1608233176774531,0.9908232125858636,True,0.6935762488101045
38,33,-3.5,-3.0,134,-2.459390995847306,0.1742737192078856,0.077655962242744,0.0966177569651415,0.5827537112302473,True,0.4079275978611731
38,34,-3.0,-2.5,194,-2.459390995847306,0.0964609462482468,0.077655962242744,0.0188049840055027,0.08820122841626486,True,0.0617408598913854
38,35,-2.5,-2.0,58,-2.459390995847306,0.2527311253062586,0.077655962242744,0.1750751630635146,1.0814032710039545,True,0.756982289702768
38,36,-2.0,-1.5,108,-2.459390995847306,0.2527311253062586,0.077655962242744,0.1750751630635145,1.0814032710039538,True,0.7569822897027676
38,37,-1.5,-1.0,164,-2.459390995847306,-0.1545574726200921,0.077655962242744,-0.2322134348628362,-0.5795423976053423,True,-0.4056796783237396
38,38,-1.0,-0.5,53,-2.459390995847306,-0.654857984331665,0.077655962242744,-0.732513946574409,-1.8281581732247394,True,-1.2797107212573176
38,39,-0.5,0.0,110,-2.459390995847306,0.1261969730612799,0.077655962242744,0.0485410108185358,0.27719366924646943,True,0.1940355684725286
38,40,0.0,0.5,138,-2.459390995847306,0.1199901485816817,0.077655962242744,0.0423341863389377,0.23774512705959686,True,0.1664215889417178
38,41,0.5,1.0,123,-2.459390995847306,-0.053266136055873,0.077655962242744,-0.130922098298617,-0.326746412378425,True,-0.2287224886648975
38,42,1.0,1.5,0,-2.459390995847306,,0.077655962242744,,,True,
38,43,1.5,2.0,107,-2.459390995847306,0.1380193264690721,0.077655962242744,0.060363364226328,0.3523326728848653,True,0.2466328710194057
38,44,2.0,2.5,140,-2.459390995847306,-0.0862854760362017,0.077655962242744,-0.1639414382789457,-0.4091538211954426,True,-0.2864076748368098
38,45,2.5,3.0,172,-2.459390995847306,-0.2901245629443441,0.077655962242744,-0.3677805251870881,-0.9178814631693345,True,-0.6425170242185341
38,46,3.0,3.5,63,-2.459390995847306,-0.100742336074105,0.077655962242744,-0.1783982983168491,-0.4452342630232823,True,-0.3116639841162976
38,47,3.5,4.0,90,-2.459390995847306,-0.0174331556775866,0.077655962242744,-0.0950891179203306,-0.2373169124270386,True,-0.166121838698927
38,48,4.0,4.5,112,-2.459390995847306,0.0486925570887813,0.077655962242744,-0.0289634051539626,-0.07228488427320014,True,-0.0505994189912401
38,49,4.5,5.0,39,-2.459390995847306,-0.0072977581522923,0.077655962242744,-0.0849537203950364,-0.21202168096912632,True,-0.1484151766783884
38,50,5.0,5.5,107,-2.459390995847306,-0.0072977581522923,0.077655962242744,-0.0849537203950364,-0.21202168096912632,True,-0.1484151766783884
38,51,5.5,6.0,105,-2.459390995847306,-0.0344383544706015,0.077655962242744,-0.1120943167133455,-0.27975732370677614,True,-0.1958301265947433
38,52,6.0,6.5,147,-2.459390995847306,-0.2810960948979081,0.077655962242744,-0.3587520571406521,-0.8953488305444159,True,-0.6267441813810911
38,53,6.5,7.0,48,-2.459390995847306,0.1025044990442896,0.077655962242744,0.0248485368015456,0.126612069292617,True,0.0886284485048319
38,54,7.0,7.5,147,-2.459390995847306,-0.2851819863798472,0.077655962242744,-0.3628379486225913,-0.9055461188589227,True,-0.6338822832012458
38,55,7.5,8.0,91,-2.459390995847306,0.064154368484559,0.077655962242744,-0.013501593758185,-0.03369635362714372,True,-0.0235874475390006
38,56,8.0,8.5,216,-2.459390995847306,-0.383545311799563,0.077655962242744,-0.461201274042307,-1.1510345742699917,True,-0.8057242019889942
38,57,8.5,9.0,214,-2.459390995847306,-0.2161274734494701,0.077655962242744,-0.2937834356922141,-0.7332045917083557,True,-0.513243214195849
38,58,9.0,9.5,222,-2.459390995847306,-0.291515219445604,0.077655962242744,-0.369171181688348,-0.9213521684860259,True,-0.6449465179402181
38,59,9.5,10.0,298,-2.459390995847306,0.1118448798041872,0.077655962242744,0.0341889175614431,0.18597646821503144,True,0.130183527750522
38,60,10.0,10.5,220,-2.459390995847306,0.1005219810158613,0.077655962242744,0.0228660187731173,0.11401183444825215,True,0.0798082841137765
38,61,10.5,11.0,91,-2.459390995847306,0.1202180283964212,0.077655962242744,0.0425620661536772,0.23919345647745557,True,0.1674354195342189
38,62,11.0,11.5,62,-2.459390995847306,-0.088024769473887,0.077655962242744,-0.1656807317166311,-0.41349463071669545,True,-0.2894462415016868
38,63,11.5,12.0,8,-2.459390995847306,-0.0880247694738869,0.077655962242744,-0.1656807317166309,-0.4134946307166949,True,-0.2894462415016864
38,64,12.0,12.5,43,-2.459390995847306,-0.2661043378539727,0.077655962242744,-0.3437603000967167,-0.8579334293782813,True,-0.6005534005647969
38,65,12.5,13.0,299,-2.459390995847306,-0.0634199864041345,0.077655962242744,-0.1410759486468785,-0.3520876971289529,True,-0.246461387990267
38,66,13.0,13.5,14,-2.459390995847306,-0.063419986404134,0.077655962242744,-0.141075948646878,-0.3520876971289516,True,-0.2464613879902661
38,67,13.5,14.0,0,-2.459390995847306,,0.077655962242744,,,True,
38,68,14.0,14.5,54,-2.459390995847306,-0.9853066243918588,0.077655962242744,-1.0629625866346029,-2.652869272558979,True,-1.8570084907912852
38,69,14.5,15.0,7,-2.459390995847306,-0.604992413656122,0.077655962242744,-0.6826483758988661,-1.7037070948263986,True,-1.192594966378479
38,70,15.0,15.5,42,-2.459390995847306,-0.6049924136561214,0.077655962242744,-0.6826483758988655,-1.7037070948263973,True,-1.192594966378478
38,71,15.5,16.0,47,-2.459390995847306,-0.6566213150897475,0.077655962242744,-0.7342772773324916,-1.8325589734450802,True,-1.282791281411556
38,72,16.0,16.5,44,-2.459390995847306,-0.7284995060092146,0.077655962242744,-0.8061554682519587,-2.0119476428629723,True,-1.4083633500040804
38,73,16.5,17.0,72,-2.459390995847306,-0.2742623686119464,0.077655962242744,-0.3519183308546905,-0.8782936841930251,True,-0.6148055789351176
38,74,17.0,17.5,66,-2.459390995847306,-0.5678802533950468,0.077655962242744,-0.6455362156377908,-1.611085105273031,True,-1.1277595736911217
38,75,17.5,18.0,155,-2.459390995847306,0.044304001185164,0.077655962242744,-0.0333519610575799,-0.08323754173640743,True,-0.0582662792154852
38,76,18.0,18.5,208,-2.459390995847306,-0.3628468427299418,0.077655962242744,-0.4405028049726858,-1.0993767518082818,True,-0.7695637262657972
38,77,18.5,19.0,170,-2.459390995847306,0.4556890021734089,0.077655962242744,0.3780330399306649,2.371337019584885,True,1.6599359137094194
38,78,19.0,19.5,209,-2.459390995847306,0.45568900217341,0.077655962242744,0.378033039930666,2.3713370195848924,True,1.6599359137094245
38,79,19.5,20.0,0,-2.459390995847306,,0.077655962242744,,,True,
39,0,-20.0,-19.5,49,-2.530338877853028,0.2329844660829707,0.0328198015607194,0.2001646645222513,1.7615547074394846,True,1.2330882952076392
39,1,-19.5,-19.0,132,-2.530338877853028,0.1720507521456641,0.0328198015607194,0.1392309505849447,1.2169267657421445,True,0.8518487360195011
39,2,-19.0,-18.5,154,-2.530338877853028,-0.0465265479979959,0.0328198015607194,-0.0793463495587153,-0.3292444826040876,True,-0.2304711378228613
39,3,-18.5,-18.0,87,-2.530338877853028,0.2001856590940676,0.0328198015607194,0.1673658575333482,1.4683976752114205,True,1.0278783726479943
39,4,-18.0,-17.5,204,-2.530338877853028,0.1972340194453771,0.0328198015607194,0.1644142178846577,1.4420158034589043,True,1.009411062421233
39,5,-17.5,-17.0,0,-2.530338877853028,,0.0328198015607194,,,True,
39,6,-17.0,-16.5,217,-2.530338877853028,0.2833519015875155,0.0328198015607194,0.2505321000267961,2.2117408351985355,True,1.5482185846389749
39,7,-16.5,-16.0,4,-2.530338877853028,0.2833519015875163,0.0328198015607194,0.2505321000267969,2.211740835198542,True,1.5482185846389795
39,8,-16.0,-15.5,194,-2.530338877853028,0.231824435808668,0.0328198015607194,0.1990046342479486,1.7511863110333485,True,1.225830417723344
39,9,-15.5,-15.0,52,-2.530338877853028,-0.7987180753808337,0.0328198015607194,-0.8315378769415531,-3.450432938401658,True,-2.4153030568811604
39,10,-15.0,-14.5,185,-2.530338877853028,0.1612008411350593,0.0328198015607194,0.1283810395743399,1.119949832621265,True,0.7839648828348854
39,11,-14.5,-14.0,160,-2.530338877853028,-0.0910786860023207,0.0328198015607194,-0.1238984875630401,-0.5141117853561228,True,-0.3598782497492859
39,12,-14.0,-13.5,50,-2.530338877853028,0.1444256533688171,0.0328198015607194,0.1116058518080976,0.9700125418446839,True,0.6790087792912787
39,13,-13.5,-13.0,162,-2.530338877853028,0.0227062238277583,0.0328198015607194,-0.010113577732961,-0.04196588357856243,True,-0.0293761185049937
39,14,-13.0,-12.5,42,-2.530338877853028,-0.4669239550456864,0.0328198015607194,-0.4997437566064058,-2.0736665957990073,True,-1.451566617059305
39,15,-12.5,-12.0,145,-2.530338877853028,0.0604266064043683,0.0328198015607194,0.0276068048436489,0.21922574260485286,True,0.153458019823397
39,16,-12.0,-11.5,156,-2.530338877853028,0.1105106360751174,0.0328198015607194,0.077690834514398,0.6668787778285631,True,0.4668151444799941
39,17,-11.5,-11.0,146,-2.530338877853028,0.32486002081977,0.0328198015607194,0.2920402192590506,2.5827420442246236,True,1.8079194309572364
39,18,-11.0,-10.5,198,-2.530338877853028,-0.1056876043272251,0.0328198015607194,-0.1385074058879445,-0.5747309037155534,True,-0.4023116326008873
39,19,-10.5,-10.0,156,-2.530338877853028,0.0622987263188223,0.0328198015607194,0.0294789247581029,0.23595882433804147,True,0.165171177036629
39,20,-10.0,-9.5,72,-2.530338877853028,-0.0183603296185292,0.0328198015607194,-0.0511801311792487,-0.21236989355448171,True,-0.1486589254881372
39,21,-9.5,-9.0,265,-2.530338877853028,-0.416443134576635,0.0328198015607194,-0.4492629361373544,-1.8641984638786633,True,-1.3049389247150642
39,22,-9.0,-8.5,215,-2.530338877853028,-0.1109401946564311,0.0328198015607194,-0.1437599962171505,-0.5965263157904459,True,-0.4175684210533121
39,23,-8.5,-8.0,64,-2.530338877853028,-0.1162993048683264,0.0328198015607194,-0.1491191064290458,-0.6187637278295224,True,-0.4331346094806657
39,24,-8.0,-7.5,189,-2.530338877853028,0.1875494622604391,0.0328198015607194,0.1547296606997197,1.3554548488565012,True,0.9488183941995508
39,25,-7.5,-7.0,169,-2.530338877853028,0.1284351375960749,0.0328198015607194,0.0956153360353555,0.827088680335967,True,0.5789620762351769
39,26,-7.0,-6.5,22,-2.530338877853028,0.1440576749587661,0.0328198015607194,0.1112378733980467,0.9667235362826516,True,0.6767064753978561
39,27,-6.5,-6.0,254,-2.530338877853028,0.0132993430120609,0.0328198015607194,-0.0195204585486584,-0.08099935675417143,True,-0.05669954972792
39,28,-6.0,-5.5,198,-2.530338877853028,-0.1488564844532201,0.0328198015607194,-0.1816762860139395,-0.7538584335984949,True,-0.5277009035189464
39,29,-5.5,-5.0,45,-2.530338877853028,-0.6443055632033,0.0328198015607194,-0.6771253647640194,-2.8097044365583703,True,-1.9667931055908592
39,30,-5.0,-4.5,114,-2.530338877853028,0.1005732494862166,0.0328198015607194,0.0677534479254972,0.578058024028257,True,0.4046406168197799
39,31,-4.5,-4.0,132,-2.530338877853028,0.1152402895632041,0.0328198015607194,0.0824204880024847,0.7091526074987617,True,0.4964068252491332
39,32,-4.0,-3.5,73,-2.530338877853028,0.1380662184356964,0.0328198015607194,0.1052464168749769,0.9131716612519264,True,0.6392201628763484
39,33,-3.5,-3.0,150,-2.530338877853028,0.0328198015607194,0.0328198015607194,0.0,0.0,True,0.0
39,34,-3.0,-2.5,197,-2.530338877853028,0.1202589503910486,0.0328198015607194,0.0874391488303291,0.7540095961858161,True,0.5278067173300712
39,35,-2.5,-2.0,58,-2.530338877853028,0.0040559570891463,0.0328198015607194,-0.0287638444715731,-0.11935441445531901,True,-0.0835480901187233
39,36,-2.0,-1.5,215,-2.530338877853028,-0.1561085009455949,0.0328198015607194,-0.1889283025063144,-0.7839503840303347,True,-0.5487652688212342
39,37,-1.5,-1.0,209,-2.530338877853028,-0.0234185245577934,0.0328198015607194,-0.0562383261185128,-0.23335866978616288,True,-0.163351068850314
39,38,-1.0,-0.5,0,-2.530338877853028,,0.0328198015607194,,,True,
39,39,-0.5,0.0,198,-2.530338877853028,0.0401877974149736,0.0328198015607194,0.0073679958542542,0.03833046854293372,True,0.0268313279800536
39,40,0.0,0.5,141,-2.530338877853028,0.0366682584395085,0.0328198015607194,0.003848456878789,0.01596901685998043,True,0.0111783118019863
39,41,0.5,1.0,112,-2.530338877853028,-0.2642358492518618,0.0328198015607194,-0.2970556508125812,-1.2326204620671948,True,-0.8628343234470363
39,42,1.0,1.5,191,-2.530338877853028,-0.0828443944880446,0.0328198015607194,-0.1156641960487641,-0.47994392427232,True,-0.335960746990624
39,43,1.5,2.0,158,-2.530338877853028,0.1714587362011776,0.0328198015607194,0.1386389346404582,1.2116353038491534,True,0.8481447126944073
39,44,2.0,2.5,59,-2.530338877853028,0.0975409836305605,0.0328198015607194,0.0647211820698411,0.5509555120536175,True,0.3856688584375322
39,45,2.5,3.0,10,-2.530338877853028,0.0975409836305605,0.0328198015607194,0.0647211820698411,0.5509555120536175,True,0.3856688584375322
39,46,3.0,3.5,156,-2.530338877853028,0.1126254845985177,0.0328198015607194,0.0798056830377982,0.6857813774548748,True,0.4800469642184123
39,47,3.5,4.0,108,-2.530338877853028,-0.0677345933787038,0.0328198015607194,-0.1005543949394233,-0.41724641296697285,True,-0.292072489076881
39,48,4.0,4.5,130,-2.530338877853028,-0.4106838113643629,0.0328198015607194,-0.4435036129250823,-1.840300384109145,True,-1.2882102688764014
39,49,4.5,5.0,203,-2.530338877853028,-0.2585775885887017,0.0328198015607194,-0.2913973901494211,-1.2091417372759221,True,-0.8463992160931454
39,50,5.0,5.5,174,-2.530338877853028,-0.2327463456520051,0.0328198015607194,-0.2655661472127245,-1.1019560348080382,True,-0.7713692243656266
39,51,5.5,6.0,235,-2.530338877853028,-0.3753058627058113,0.0328198015607194,-0.4081256642665307,-1.693501010647617,True,-1.1854507074533318
39,52,6.0,6.5,0,-2.530338877853028,,0.0328198015607194,,,True,
39,53,6.5,7.0,238,-2.530338877853028,0.0761298650410203,0.0328198015607194,0.0433100634803009,0.35958208848621803,True,0.2517074619403526
39,54,7.0,7.5,68,-2.530338877853028,0.195715925076211,0.0328198015607194,0.1628961235154916,1.4284470160314389,True,0.9999129112220072
39,55,7.5,8.0,111,-2.530338877853028,-0.1589794913629229,0.0328198015607194,-0.1917992929236423,-0.7958634431662807,True,-0.5571044102163965
39,56,8.0,8.5,191,-2.530338877853028,-0.0209068627774229,0.0328198015607194,-0.0537266643381423,-0.222936630360863,True,-0.1560556412526041
39,57,8.5,9.0,136,-2.530338877853028,-0.0167435211768996,0.0328198015607194,-0.049563322737619,-0.2056610120269153,True,-0.1439627084188407
39,58,9.0,9.5,9,-2.530338877853028,0.0708603445161801,0.0328198015607194,0.0380405429554607,0.3124829059199227,True,0.2187380341439459
39,59,9.5,10.0,127,-2.530338877853028,0.0708603445161804,0.0328198015607194,0.038040542955461,0.31248290591992545,True,0.2187380341439478
39,60,10.0,10.5,7,-2.530338877853028,0.022007923517469,0.0328198015607194,-0.0108118780432503,-0.04486345259896629,True,-0.0314044168192764
39,61,10.5,11.0,129,-2.530338877853028,0.022007923517469,0.0328198015607194,-0.0108118780432503,-0.04486345259896629,True,-0.0314044168192764
39,62,11.0,11.5,97,-2.530338877853028,-0.3784697158471407,0.0328198015607194,-0.4112895174078601,-1.7066292918646562,True,-1.1946405043052593
39,63,11.5,12.0,27,-2.530338877853028,0.1264425214905244,0.0328198015607194,0.093622719929805,0.8092785988878625,True,0.5664950192215037
39,64,12.0,12.5,117,-2.530338877853028,-0.1202106267582153,0.0328198015607194,-0.1530304283189347,-0.6349936005217951,True,-0.4444955203652565
39,65,12.5,13.0,292,-2.530338877853028,-0.03122865133892,0.0328198015607194,-0.0640484528996394,-0.2657664763888033,True,-0.1860365334721623
39,66,13.0,13.5,51,-2.530338877853028,-0.6577502054867352,0.0328198015607194,-0.6905700070474546,-2.865492438363432,True,-2.0058447068544023
39,67,13.5,14.0,190,-2.530338877853028,0.0423661773632344,0.0328198015607194,0.009546375802515,0.05780091455376943,True,0.0404606401876386
39,68,14.0,14.5,199,-2.530338877853028,-0.2220915899428396,0.0328198015607194,-0.254911391503559,-1.057744555007808,True,-0.7404211885054656
39,69,14.5,15.0,19,-2.530338877853028,0.2011861254726779,0.0328198015607194,0.1683663239119584,1.4773398832160154,True,1.0341379182512107
39,70,15.0,15.5,230,-2.530338877853028,0.2320782143767989,0.0328198015607194,0.1992584128160795,1.7534545938980737,True,1.2274182157286515
39,71,15.5,16.0,4,-2.530338877853028,0.2162423704587566,0.0328198015607194,0.1834225688980371,1.611913195535297,True,1.1283392368747078
39,72,16.0,16.5,180,-2.530338877853028,0.2162423704587574,0.0328198015607194,0.183422568898038,1.6119131955353052,True,1.1283392368747136
39,73,16.5,17.0,134,-2.530338877853028,0.2802358509463473,0.0328198015607194,0.2474160493856279,2.183889451501979,True,1.5287226160513854
39,74,17.0,17.5,52,-2.530338877853028,-0.6118512690957979,0.0328198015607194,-0.6446710706565173,-2.6750366499351386,True,-1.872525654954597
39,75,17.5,18.0,177,-2.530338877853028,0.1956303054258132,0.0328198015607194,0.1628105038650937,1.4276817442147067,True,0.9993772209502946
39,76,18.0,18.5,159,-2.530338877853028,-0.280792640760974,0.0328198015607194,-0.3136124423216934,-1.30132220177316,True,-0.910925541241212
39,77,18.5,19.0,85,-2.530338877853028,0.0940302936651222,0.0328198015607194,0.0612104921044028,0.5195768264907876,True,0.3637037785435513
39,78,19.0,19.5,150,-2.530338877853028,0.042443632183624,0.0328198015607194,0.0096238306229046,0.05849320879742458,True,0.0409452461581972
39,79,19.5,20.0,177,-2.530338877853028,0.1561144815666831,0.0328198015607194,0.1232946800059637,1.0744877499176326,True,0.7521414249423428
40,0,-20.0,-19.5,114,-2.4708926794353614,0.065710803370447,0.0383745521117026,0.0273362512587444,0.14154549932235472,True,0.0990818495256483
40,1,-19.5,-19.0,193,-2.4708926794353614,-0.3114321410709675,0.0383745521117026,-0.3498066931826701,-1.5715124098545374,True,-1.100058686898176
40,2,-19.0,-18.5,61,-2.4708926794353614,-0.0205603445565427,0.0383745521117026,-0.0589348966682453,-0.264766007319584,True,-0.1853362051237088
40,3,-18.5,-18.0,140,-2.4708926794353614,0.196689193709286,0.0383745521117026,0.1583146415975834,0.8653862475674967,True,0.6057703732972477
40,4,-18.0,-17.5,102,-2.4708926794353614,0.0035634823613612,0.0383745521117026,-0.0348110697503413,-0.156389312094739,True,-0.1094725184663173
40,5,-17.5,-17.0,65,-2.4708926794353614,0.0035634823613612,0.0383745521117026,-0.0348110697503413,-0.156389312094739,True,-0.1094725184663173
40,6,-17.0,-16.5,197,-2.4708926794353614,0.031204564702033,0.0383745521117026,-0.0071699874096695,-0.032211288155405145,True,-0.0225479017087836
40,7,-16.5,-16.0,98,-2.4708926794353614,0.1313532678070164,0.0383745521117026,0.0929787156953138,0.5043129027963306,True,0.3530190319574314
40,8,-16.0,-15.5,58,-2.4708926794353614,0.1313532678070164,0.0383745521117026,0.0929787156953138,0.5043129027963306,True,0.3530190319574314
40,9,-15.5,-15.0,196,-2.4708926794353614,0.16736917922871,0.0383745521117026,0.1289946271170074,0.7033517229006802,True,0.4923462060304761
40,10,-15.0,-14.5,193,-2.4708926794353614,-0.1831594177724511,0.0383745521117026,-0.2215339698841537,-0.9952450586629781,True,-0.6966715410640846
40,11,-14.5,-14.0,90,-2.4708926794353614,0.2187112691298893,0.0383745521117026,0.1803367170181867,0.9870893430867093,True,0.6909625401606965
40,12,-14.0,-13.5,190,-2.4708926794353614,-0.1282895443618368,0.0383745521117026,-0.1666640964735393,-0.7487412362020993,True,-0.5241188653414695
40,13,-13.5,-13.0,68,-2.4708926794353614,-0.0283805403401768,0.0383745521117026,-0.0667550924518795,-0.2998983674515716,True,-0.2099288572161001
40,14,-13.0,-12.5,198,-2.4708926794353614,-0.1937435550337991,0.0383745521117026,-0.2321181071455017,-1.0427944720331972,True,-0.729956130423238
40,15,-12.5,-12.0,269,-2.4708926794353614,-0.1332516806652961,0.0383745521117026,-0.1716262327769987,-0.7710337163983086,True,-0.539723601478816
40,16,-12.0,-11.5,86,-2.4708926794353614,0.0623693685602928,0.0383745521117026,0.0239948164485902,0.12307934878456502,True,0.0861555441491955
40,17,-11.5,-11.0,153,-2.4708926794353614,0.1016861639084715,0.0383745521117026,0.0633116117967689,0.3403602184746227,True,0.2382521529322359
40,18,-11.0,-10.5,40,-2.4708926794353614,0.167315133371239,0.0383745521117026,0.1289405812595364,0.7030530431428196,True,0.4921371301999737
40,19,-10.5,-10.0,225,-2.4708926794353614,0.0475881691318154,0.0383745521117026,0.0092136170201128,0.041392328302858,True,0.0289746298120006
40,20,-10.0,-9.5,146,-2.4708926794353614,-0.1736488561006731,0.0383745521117026,-0.2120234082123757,-0.9525187015544215,True,-0.6667630910880951
40,21,-9.5,-9.0,103,-2.4708926794353614,0.0980901252586451,0.0383745521117026,0.0597155731469425,0.320487021832986,True,0.2243409152830902
40,22,-9.0,-8.5,254,-2.4708926794353614,-0.0643779537176046,0.0383745521117026,-0.1027525058293072,-0.4616173480994066,True,-0.3231321436695846
40,23,-8.5,-8.0,76,-2.4708926794353614,0.1907827615108802,0.0383745521117026,0.1524082093991776,0.8327448607639707,True,0.5829214025347794
40,24,-8.0,-7.5,90,-2.4708926794353614,0.2166686311717412,0.0383745521117026,0.1782940790600386,0.9758008810419792,True,0.6830606167293853
40,25,-7.5,-7.0,183,-2.4708926794353614,0.2322444684410178,0.0383745521117026,0.1938699163293152,1.0618793988369448,True,0.7433155791858613
40,26,-7.0,-6.5,42,-2.4708926794353614,-0.0210315602415172,0.0383745521117026,-0.0594061123532198,-0.2668829516522323,True,-0.1868180661565626
40,27,-6.5,-6.0,170,-2.4708926794353614,-0.0210315602415171,0.0383745521117026,-0.0594061123532197,-0.26688295165223186,True,-0.1868180661565623
40,28,-6.0,-5.5,86,-2.4708926794353614,-0.3836231428276345,0.0383745521117026,-0.4219976949393371,-1.8958316906213848,True,-1.3270821834349693
40,29,-5.5,-5.0,238,-2.4708926794353614,-0.0444824822584498,0.0383745521117026,-0.0828570343701524,-0.3722366103739527,True,-0.2605656272617669
40,30,-5.0,-4.5,128,-2.4708926794353614,0.1859055569329998,0.0383745521117026,0.1475310048212972,0.8057914114059148,True,0.5640539879841403
40,31,-4.5,-4.0,77,-2.4708926794353614,0.1859055569329992,0.0383745521117026,0.1475310048212966,0.8057914114059115,True,0.564053987984138
40,32,-4.0,-3.5,104,-2.4708926794353614,0.3097719669366725,0.0383745521117026,0.2713974148249699,1.4903284153158736,True,1.0432298907211115
40,33,-3.5,-3.0,16,-2.4708926794353614,0.2124690766503085,0.0383745521117026,0.1740945245386059,0.9525924061231305,True,0.6668146842861913
40,34,-3.0,-2.5,234,-2.4708926794353614,-0.0015972819796923,0.0383745521117026,-0.0399718340913949,-0.17957413206633788,True,-0.1257018924464365
40,35,-2.5,-2.0,189,-2.4708926794353614,-0.1781932829037513,0.0383745521117026,-0.2165678350154539,-0.9729346148456621,True,-0.6810542303919634
40,36,-2.0,-1.5,73,-2.4708926794353614,0.0291609350915898,0.0383745521117026,-0.0092136170201127,-0.04139232830285757,True,-0.0289746298120003
40,37,-1.5,-1.0,187,-2.4708926794353614,0.2321719036118565,0.0383745521117026,0.1937973515001539,1.0614783755834105,True,0.7430348629083873
40,38,-1.0,-0.5,57,-2.4708926794353614,-0.3849348478606795,0.0383745521117026,-0.4233093999723821,-1.9017245473839122,True,-1.3312071831687384
40,39,-0.5,0.0,170,-2.4708926794353614,0.2198113906213594,0.0383745521117026,0.1814368385096568,0.9931690693796209,True,0.6952183485657346
40,40,0.0,0.5,144,-2.4708926794353614,0.135115959377606,0.0383745521117026,0.0967414072659034,0.5251070923937551,True,0.3675749646756285
40,41,0.5,1.0,114,-2.4708926794353614,-0.5322325315403286,0.0383745521117026,-0.5706070836520312,-2.5634618507479647,True,-1.7944232955235753
40,42,1.0,1.5,159,-2.4708926794353614,-0.2167718670330144,0.0383745521117026,-0.255146419144717,-1.146249548193992,True,-0.8023746837357945
40,43,1.5,2.0,115,-2.4708926794353614,0.1769280188400847,0.0383745521117026,0.1385534667283821,0.7561778234410305,True,0.5293244764087213
40,44,2.0,2.5,0,-2.4708926794353614,,0.0383745521117026,,,True,
40,45,2.5,3.0,94,-2.4708926794353614,-0.0387753349524215,0.0383745521117026,-0.0771498870641241,-0.34659715580923456,True,-0.2426180090664642
40,46,3.0,3.5,118,-2.4708926794353614,-9.138946760143788e-05,0.0383745521117026,-0.038465941579304,-0.1728088848118433,True,-0.1209662193682903
40,47,3.5,4.0,100,-2.4708926794353614,-0.2603758776611132,0.0383745521117026,-0.2987504297728158,-1.3421412939980177,True,-0.9394989057986124
40,48,4.0,4.5,169,-2.4708926794353614,-0.4214322189228772,0.0383745521117026,-0.4598067710345798,-2.0656895962783826,True,-1.4459827173948678
40,49,4.5,5.0,155,-2.4708926794353614,-0.2631282549442285,0.0383745521117026,-0.3015028070559311,-1.3545063948989278,True,-0.9481544764292494
40,50,5.0,5.5,145,-2.4708926794353614,-0.2306585885004954,0.0383745521117026,-0.269033140612198,-1.2086358762535978,True,-0.8460451133775184
40,51,5.5,6.0,101,-2.4708926794353614,-0.2245907114921732,0.0383745521117026,-0.2629652636038758,-1.181375837478211,True,-0.8269630862347477
40,52,6.0,6.5,93,-2.4708926794353614,-0.0989045691463507,0.0383745521117026,-0.1372791212580534,-0.6167287444048385,True,-0.4317101210833869
40,53,6.5,7.0,47,-2.4708926794353614,-0.6182841188810846,0.0383745521117026,-0.6566586709927872,-2.9500500436818875,True,-2.065035030577321
40,54,7.0,7.5,133,-2.4708926794353614,-0.0085874736721485,0.0383745521117026,-0.0469620257838511,-0.21097768496010857,True,-0.147684379472076
40,55,7.5,8.0,44,-2.4708926794353614,-0.0613384249181776,0.0383745521117026,-0.0997129770298802,-0.44796221421689003,True,-0.313573549951823
40,56,8.0,8.5,89,-2.4708926794353614,-0.3840888453338001,0.0383745521117026,-0.4224633974455027,-1.8979238669061806,True,-1.3285467068343264
40,57,8.5,9.0,101,-2.4708926794353614,-0.084897220076902,0.0383745521117026,-0.1232717721886046,-0.5538004948292706,True,-0.3876603463804894
40,58,9.0,9.5,213,-2.4708926794353614,-0.3238027841287,0.0383745521117026,-0.3621773362404026,-1.6270877303443472,True,-1.1389614112410429
40,59,9.5,10.0,277,-2.4708926794353614,-0.1009196378224173,0.0383745521117026,-0.13929418993412,-0.6257814740777216,True,-0.438047031854405
40,60,10.0,10.5,245,-2.4708926794353614,0.3173920261430126,0.0383745521117026,0.27901747403131,1.5324400135980056,True,1.072708009518604
40,61,10.5,11.0,198,-2.4708926794353614,-0.0246995063903456,0.0383745521117026,-0.0630740585020482,-0.2833612609696356,True,-0.1983528826787449
40,62,11.0,11.5,0,-2.4708926794353614,,0.0383745521117026,,,True,
40,63,11.5,12.0,64,-2.4708926794353614,0.0079359109358054,0.0383745521117026,-0.0304386411758971,-0.13674610371749557,True,-0.0957222726022469
40,64,12.0,12.5,0,-2.4708926794353614,,0.0383745521117026,,,True,
40,65,12.5,13.0,0,-2.4708926794353614,,0.0383745521117026,,,True,
40,66,13.0,13.5,0,-2.4708926794353614,,0.0383745521117026,,,True,
40,67,13.5,14.0,0,-2.4708926794353614,,0.0383745521117026,,,True,
40,68,14.0,14.5,0,-2.4708926794353614,,0.0383745521117026,,,True,
40,69,14.5,15.0,97,-2.4708926794353614,-0.8652017387635056,0.0383745521117026,-0.9035762908752082,-4.059331573793542,True,-2.841532101655479
40,70,15.0,15.5,7,-2.4708926794353614,-1.0635291084760363,0.0383745521117026,-1.1019036605877388,-4.950320593704301,True,-3.4652244155930108
40,71,15.5,16.0,0,-2.4708926794353614,,0.0383745521117026,,,True,
40,72,16.0,16.5,49,-2.4708926794353614,-0.8725230812950144,0.0383745521117026,-0.910897633406717,-4.092222827360991,True,-2.8645559791526933
40,73,16.5,17.0,0,-2.4708926794353614,,0.0383745521117026,,,True,
40,74,17.0,17.5,0,-2.4708926794353614,,0.0383745521117026,,,True,
40,75,17.5,18.0,15,-2.4708926794353614,-0.530925845807495,0.0383745521117026,-0.5693003979191976,-2.557591543275445,True,-1.7903140802928112
40,76,18.0,18.5,26,-2.4708926794353614,-0.530925845807495,0.0383745521117026,-0.5693003979191976,-2.557591543275445,True,-1.7903140802928112
40,77,18.5,19.0,25,-2.4708926794353614,0.3541057085979255,0.0383745521117026,0.3157311564862229,1.73533500497979,True,1.214734503485853
40,78,19.0,19.5,262,-2.4708926794353614,0.3541057085979265,0.0383745521117026,0.3157311564862239,1.7353350049797955,True,1.2147345034858568
40,79,19.5,20.0,60,-2.4708926794353614,-0.5450509391922511,0.0383745521117026,-0.5834254913039537,-2.6210487611535105,True,-1.8347341328074571
41,0,-20.0,-19.5,164,-2.618571304897716,-0.0042457293525777,0.0439690449456297,-0.0482147742982074,-0.15427037139173413,True,-0.1079892599742139
41,1,-19.5,-19.0,136,-2.618571304897716,0.1745615092231512,0.0439690449456297,0.1305924642775214,0.5506702844147604,True,0.3854691990903323
41,2,-19.0,-18.5,135,-2.618571304897716,-0.1299917722610518,0.0439690449456297,-0.1739608172066815,-0.5566136162350993,True,-0.3896295313645695
41,3,-18.5,-18.0,101,-2.618571304897716,0.1474568207624821,0.0439690449456297,0.1034877758168524,0.4336563229823342,True,0.3035594260876339
41,4,-18.0,-17.5,150,-2.618571304897716,0.1278599725632819,0.0439690449456297,0.0838909276176521,0.34905454485432474,True,0.2443381813980273
41,5,-17.5,-17.0,169,-2.618571304897716,0.2004937106826327,0.0439690449456297,0.156524665737003,0.6626224887664498,True,0.4638357421365148
41,6,-17.0,-16.5,153,-2.618571304897716,-0.1724996750569592,0.0439690449456297,-0.2164687200025889,-0.6926239999164387,True,-0.4848367999415071
41,7,-16.5,-16.0,107,-2.618571304897716,0.2655648350463658,0.0439690449456297,0.221595790100736,0.9435417860943386,True,0.6604792502660369
41,8,-16.0,-15.5,137,-2.618571304897716,0.3006298734657875,0.0439690449456297,0.2566608285201577,1.0949214656354138,True,0.7664450259447897
41,9,-15.5,-15.0,128,-2.618571304897716,0.1079278875054666,0.0439690449456297,0.0639588425598368,0.26300551183896886,True,0.1841038582872782
41,10,-15.0,-14.5,10,-2.618571304897716,0.1079278875054667,0.0439690449456297,0.063958842559837,0.2630055118389697,True,0.1841038582872788
41,11,-14.5,-14.0,98,-2.618571304897716,0.165060310462902,0.0439690449456297,0.1210912655172723,0.5096525502723123,True,0.3567567851906186
41,12,-14.0,-13.5,108,-2.618571304897716,0.2881658908831035,0.0439690449456297,0.2441968459374738,1.0411130634713033,True,0.7287791444299122
41,13,-13.5,-13.0,53,-2.618571304897716,0.1683700367439511,0.0439690449456297,0.1244009917983214,0.5239410075613362,True,0.3667587052929353
41,14,-13.0,-12.5,151,-2.618571304897716,-0.1161921367793969,0.0439690449456297,-0.1601611817250266,-0.5124596214936036,True,-0.3587217350455225
41,15,-12.5,-12.0,164,-2.618571304897716,0.0470591490837324,0.0439690449456297,0.0030901041381027,0.009887249706403001,True,0.0069210747944821
41,16,-12.0,-11.5,91,-2.618571304897716,-0.0081471509883467,0.0439690449456297,-0.0521161959339764,-0.16675355260468058,True,-0.1167274868232764
41,17,-11.5,-11.0,62,-2.618571304897716,0.1618905644149729,0.0439690449456297,0.1179215194693431,0.495968403253202,True,0.3471778822772414
41,18,-11.0,-10.5,142,-2.618571304897716,0.3072388596829736,0.0439690449456297,0.2632698147373438,1.1234531958357972,True,0.786417237085058
41,19,-10.5,-10.0,125,-2.618571304897716,-0.2642871546248841,0.0439690449456297,-0.3082561995705138,-0.9863117495359875,True,-0.6904182246751912
41,20,-10.0,-9.5,177,-2.618571304897716,0.0442017182230398,0.0439690449456297,0.0002326732774101,0.0007444729015421428,True,0.0005211310310795
41,21,-9.5,-9.0,197,-2.618571304897716,-0.1348709301029489,0.0439690449456297,-0.1788399750485786,-0.5722252104674577,True,-0.4005576473272204
41,22,-9.0,-8.5,85,-2.618571304897716,0.2786426103838196,0.0439690449456297,0.2346735654381899,1.0,True,0.7
41,23,-8.5,-8.0,58,-2.618571304897716,0.2786426103838196,0.0439690449456297,0.2346735654381899,1.0,True,0.7
41,24,-8.0,-7.5,117,-2.618571304897716,0.2217369212448449,0.0439690449456297,0.1777678762992152,0.7543317967348712,True,0.5280322577144098
41,25,-7.5,-7.0,156,-2.618571304897716,0.0437363716682195,0.0439690449456297,-0.0002326732774101,-0.0007444729015421428,True,-0.0005211310310795
41,26,-7.0,-6.5,9,-2.618571304897716,-0.3070676250876043,0.0439690449456297,-0.3510366700332341,-1.1231942541761128,True,-0.7862359779232789
41,27,-6.5,-6.0,223,-2.618571304897716,-0.0919810997710495,0.0439690449456297,-0.1359501447166793,-0.43499279259266177,True,-0.3044949548148632
41,28,-6.0,-5.5,116,-2.618571304897716,-0.402744094859879,0.0439690449456297,-0.4467131398055088,-1.42932540878711,True,-1.000527786150977
41,29,-5.5,-5.0,164,-2.618571304897716,0.0640042805912484,0.0439690449456297,0.0200352356456187,0.073382404645118,True,0.0513676832515826
41,30,-5.0,-4.5,59,-2.618571304897716,0.1117056523928375,0.0439690449456297,0.0677366074472078,0.2793145439635423,True,0.1955201807744796
41,31,-4.5,-4.0,60,-2.618571304897716,0.1117056523928375,0.0439690449456297,0.0677366074472077,0.2793145439635419,True,0.1955201807744793
41,32,-4.0,-3.5,139,-2.618571304897716,0.1089508973031917,0.0439690449456297,0.064981852357562,0.26742195917020145,True,0.187195371419141
41,33,-3.5,-3.0,130,-2.618571304897716,-0.0065497798990312,0.0439690449456297,-0.050518824844661,-0.16164252523213787,True,-0.1131497676624965
41,34,-3.0,-2.5,41,-2.618571304897716,-0.1348992145438172,0.0439690449456297,-0.1788682594894469,-0.5723157107603839,True,-0.4006209975322687
41,35,-2.5,-2.0,178,-2.618571304897716,-0.1593120321116921,0.0439690449456297,-0.2032810770573218,-0.6504281666980806,True,-0.4552997166886564
41,36,-2.0,-1.5,33,-2.618571304897716,-0.3927603612386156,0.0439690449456297,-0.4367294061842453,-1.3973809619645987,True,-0.978166673375219
41,37,-1.5,-1.0,153,-2.618571304897716,0.042230168163545,0.0439690449456297,-0.0017388767820847,-0.005563795970867857,True,-0.0038946571796075
41,38,-1.0,-0.5,71,-2.618571304897716,-0.1661300876356606,0.0439690449456297,-0.2100991325812903,-0.6722435536445501,True,-0.470570487551185
41,39,-0.5,0.0,173,-2.618571304897716,-0.0836171404100494,0.0439690449456297,-0.1275861853556791,-0.4082310554341234,True,-0.2857617388038864
41,40,0.0,0.5,116,-2.618571304897716,-0.1574370488497256,0.0439690449456297,-0.2014060937953554,-0.6444288777169105,True,-0.4511002144018373
41,41,0.5,1.0,147,-2.618571304897716,-0.1477846518844098,0.0439690449456297,-0.1917536968300396,-0.6135445920112511,True,-0.4294812144078758
41,42,1.0,1.5,168,-2.618571304897716,0.0659781815304141,0.0439690449456297,0.0220091365847844,0.08190395502936701,True,0.0573327685205569
41,43,1.5,2.0,92,-2.618571304897716,0.0757932751155535,0.0439690449456297,0.0318242301699237,0.12427680812058457,True,0.0869937656844092
41,44,2.0,2.5,134,-2.618571304897716,-0.275416028859424,0.0439690449456297,-0.3193850738050537,-1.0219202447809441,True,-0.7153441713466608
41,45,2.5,3.0,62,-2.618571304897716,0.0383277079211077,0.0439690449456297,-0.0056413370245219,-0.018050300360968146,True,-0.0126352102526777
41,46,3.0,3.5,155,-2.618571304897716,0.0132921247706199,0.0439690449456297,-0.0306769201750098,-0.09815538779218758,True,-0.0687087714545313
41,47,3.5,4.0,3,-2.618571304897716,0.0132921247706199,0.0439690449456297,-0.0306769201750098,-0.09815538779218758,True,-0.0687087714545313
41,48,4.0,4.5,200,-2.618571304897716,-0.1770785769664604,0.0439690449456297,-0.2210476219120901,-0.7072748804489509,True,-0.4950924163142656
41,49,4.5,5.0,98,-2.618571304897716,-0.4660927762296229,0.0439690449456297,-0.5100618211752527,-1.6320189761497257,True,-1.142413283304808
41,50,5.0,5.5,212,-2.618571304897716,-0.2467700098911382,0.0439690449456297,-0.290739054836768,-0.9302630287210026,True,-0.6511841201047018
41,51,5.5,6.0,60,-2.618571304897716,-0.6422665458810016,0.0439690449456297,-0.6862355908266313,-2.195713264242878,True,-1.5369992849700145
41,52,6.0,6.5,84,-2.618571304897716,0.1906050913732446,0.0439690449456297,0.1466360464276149,0.61993221692777,True,0.433952551849439
41,53,6.5,7.0,171,-2.618571304897716,0.1021865234920141,0.0439690449456297,0.0582174785463843,0.23821940340556944,True,0.1667535823838986
41,54,7.0,7.5,166,-2.618571304897716,-0.1557695618218271,0.0439690449456297,-0.1997386067674569,-0.6390935039268403,True,-0.4473654527487882
41,55,7.5,8.0,93,-2.618571304897716,0.1729607951923993,0.0439690449456297,0.1289917502467695,0.5437598235131146,True,0.3806318764591802
41,56,8.0,8.5,92,-2.618571304897716,-0.572654628010769,0.0439690449456297,-0.6166236729563987,-1.9729795362633413,True,-1.3810856753843388
41,57,8.5,9.0,215,-2.618571304897716,0.2699095841016331,0.0439690449456297,0.2259405391560034,0.9622985520731969,True,0.6736089864512378
41,58,9.0,9.5,207,-2.618571304897716,0.0746112358009758,0.0439690449456297,0.0306421908553461,0.11917381263814987,True,0.0834216688467049
41,59,9.5,10.0,323,-2.618571304897716,0.2786893948399579,0.0439690449456297,0.2347203498943282,1.0002019737121919,True,0.7001413815985342
41,60,10.0,10.5,234,-2.618571304897716,0.3489035093598205,0.0439690449456297,0.3049344644141907,1.3033241328309453,True,0.9123268929816616
41,61,10.5,11.0,188,-2.618571304897716,0.2139524893639695,0.0439690449456297,0.1699834444183398,0.7207255365779293,True,0.5045078756045505
41,62,11.0,11.5,121,-2.618571304897716,0.2853833193953442,0.0439690449456297,0.2414142744497145,1.0291003921866249,True,0.7203702745306373
41,63,11.5,12.0,143,-2.618571304897716,-0.125999656225561,0.0439690449456297,-0.1699687011711907,-0.5438402447447559,True,-0.3806881713213291
41,64,12.0,12.5,79,-2.618571304897716,0.4248505989137004,0.0439690449456297,0.3808815539680706,1.6311961842237612,True,1.1418373289566328
41,65,12.5,13.0,160,-2.618571304897716,-0.4800976116772449,0.0439690449456297,-0.5240666566228747,-1.6768295388295784,True,-1.173780677180705
41,66,13.0,13.5,65,-2.618571304897716,-0.2847119203488465,0.0439690449456297,-0.3286809652944762,-1.051663837971295,True,-0.7361646865799065
41,67,13.5,14.0,121,-2.618571304897716,-0.3991054759365914,0.0439690449456297,-0.4430745208822211,-1.4176831041031397,True,-0.9923781728721978
41,68,14.0,14.5,81,-2.618571304897716,-0.4602999760402795,0.0439690449456297,-0.5042690209859093,-1.6134840467714224,True,-1.1294388327399956
41,69,14.5,15.0,0,-2.618571304897716,,0.0439690449456297,,,True,
41,70,15.0,15.5,77,-2.618571304897716,-0.4251016421456909,0.0439690449456297,-0.4690706870913206,-1.500861720496417,True,-1.0506032043474918
41,71,15.5,16.0,60,-2.618571304897716,-0.5515338565984093,0.0439690449456297,-0.595502901544039,-1.905400473677419,True,-1.3337803315741932
41,72,16.0,16.5,54,-2.618571304897716,-0.5123984324908858,0.0439690449456297,-0.5563674774365155,-1.7801808392496135,True,-1.2461265874747294
41,73,16.5,17.0,171,-2.618571304897716,0.1192729565187656,0.0439690449456297,0.0753039115731358,0.31198343939924084,True,0.2183884075794686
41,74,17.0,17.5,41,-2.618571304897716,-0.4213157040085063,0.0439690449456297,-0.4652847489541361,-1.488748045985007,True,-1.0421236321895049
41,75,17.5,18.0,95,-2.618571304897716,-0.3939858425012431,0.0439690449456297,-0.4379548874468729,-1.401302072293766,True,-0.980911450605636
41,76,18.0,18.5,2,-2.618571304897716,-0.3660744945789309,0.0439690449456297,-0.4100435395245607,-1.311995545970794,True,-0.9183968821795556
41,77,18.5,19.0,59,-2.618571304897716,-0.1362877004687546,0.0439690449456297,-0.1802567454143843,-0.5767583788518584,True,-0.4037308651963009
41,78,19.0,19.5,42,-2.618571304897716,-0.2811286655549008,0.0439690449456297,-0.3250977105005306,-1.0401986790879576,True,-0.7281390753615703
41,79,19.5,20.0,276,-2.618571304897716,-0.0661285045926456,0.0439690449456297,-0.1100975495382753,-0.3522735531548692,True,-0.2465914872084084
42,0,-20.0,-19.5,131,-2.4703446177432387,0.1365682353847771,0.0616698535430747,0.0748983818417024,0.4532276143890119,True,0.3172593300723083
42,1,-19.5,-19.0,83,-2.4703446177432387,0.0997787815181254,0.0616698535430747,0.0381089279750507,0.21352443845008143,True,0.149467106915057
42,2,-19.0,-18.5,96,-2.4703446177432387,0.1906474143485519,0.0616698535430747,0.1289775608054771,0.8055826941021422,True,0.5639078858714995
42,3,-18.5,-18.0,42,-2.4703446177432387,0.190647414348552,0.0616698535430747,0.1289775608054773,0.8055826941021436,True,0.5639078858715004
42,4,-18.0,-17.5,214,-2.4703446177432387,0.0810047296391188,0.0616698535430747,0.019334876096044,0.09120134344161158,True,0.0638409404091281
42,5,-17.5,-17.0,0,-2.4703446177432387,,0.0616698535430747,,,True,
42,6,-17.0,-16.5,103,-2.4703446177432387,0.1960606000976327,0.0616698535430747,0.1343907465545579,0.8408525249809916,True,0.5885967674866941
42,7,-16.5,-16.0,58,-2.4703446177432387,0.196060600097633,0.0616698535430747,0.1343907465545583,0.8408525249809942,True,0.5885967674866959
42,8,-16.0,-15.5,152,-2.4703446177432387,0.2052798705668327,0.0616698535430747,0.143610017023758,0.9009210549275706,True,0.6306447384492994
42,9,-15.5,-15.0,142,-2.4703446177432387,0.0962888978163332,0.0616698535430747,0.0346190442732585,0.19078595991736816,True,0.1335501719421577
42,10,-15.0,-14.5,95,-2.4703446177432387,0.1575905420550523,0.0616698535430747,0.0959206885119775,0.5901993045014025,True,0.4131395131509817
42,11,-14.5,-14.0,32,-2.4703446177432387,0.1575905420550523,0.0616698535430747,0.0959206885119775,0.5901993045014025,True,0.4131395131509817
42,12,-14.0,-13.5,171,-2.4703446177432387,-0.0532980870849972,0.0616698535430747,-0.114967940628072,-0.2455911612840773,True,-0.1719138128988541
42,13,-13.5,-13.0,34,-2.4703446177432387,-0.8962555485076981,0.0616698535430747,-0.9579254020507728,-2.0462923022535424,True,-1.4324046115774796
42,14,-13.0,-12.5,195,-2.4703446177432387,-0.0353682175791764,0.0616698535430747,-0.0970380711222511,-0.20728989703988399,True,-0.1451029279279188
42,15,-12.5,-12.0,154,-2.4703446177432387,0.0361024770836028,0.0616698535430747,-0.0255673764594719,-0.05461628382108886,True,-0.0382313986747622
42,16,-12.0,-11.5,4,-2.4703446177432387,0.2122855713114937,0.0616698535430747,0.1506157177684189,0.9465669817265863,True,0.6625968872086103
42,17,-11.5,-11.0,162,-2.4703446177432387,0.2122855713114939,0.0616698535430747,0.1506157177684192,0.9465669817265883,True,0.6625968872086118
42,18,-11.0,-10.5,63,-2.4703446177432387,0.1530213588989235,0.0616698535430747,0.0913515053558488,0.56042860668293,True,0.392300024678051
42,19,-10.5,-10.0,63,-2.4703446177432387,0.1530213588989235,0.0616698535430747,0.0913515053558488,0.56042860668293,True,0.392300024678051
42,20,-10.0,-9.5,249,-2.4703446177432387,-0.0452319344830323,0.0616698535430747,-0.106901788026107,-0.22836048137636517,True,-0.1598523369634556
42,21,-9.5,-9.0,210,-2.4703446177432387,-0.1113326744113657,0.0616698535430747,-0.1730025279544405,-0.36956295392698135,True,-0.2586940677488869
42,22,-9.0,-8.5,111,-2.4703446177432387,-0.1278760821462178,0.0616698535430747,-0.1895459356892925,-0.4049024989775625,True,-0.2834317492842937
42,23,-8.5,-8.0,232,-2.4703446177432387,0.0616817857753395,0.0616698535430747,1.1932232264776075e-05,2.548928651421071e-05,True,1.7842500559947495e-05
42,24,-8.0,-7.5,0,-2.4703446177432387,,0.0616698535430747,,,True,
42,25,-7.5,-7.0,138,-2.4703446177432387,0.1939984206500578,0.0616698535430747,0.132328567106983,0.8274163113114059,True,0.5791914179179841
42,26,-7.0,-6.5,67,-2.4703446177432387,-0.3484592125906971,0.0616698535430747,-0.4101290661337718,-0.8761057480710683,True,-0.6132740236497478
42,27,-6.5,-6.0,198,-2.4703446177432387,0.3103726441773435,0.0616698535430747,0.2487027906342687,1.5856572756385074,True,1.109960092946955
42,28,-6.0,-5.5,51,-2.4703446177432387,-0.4179804052295143,0.0616698535430747,-0.479650258772589,-1.0246148919310587,True,-0.717230424351741
42,29,-5.5,-5.0,285,-2.4703446177432387,-0.0076361356631438,0.0616698535430747,-0.0693059892062186,-0.14804943256451528,True,-0.1036346027951607
42,30,-5.0,-4.5,241,-2.4703446177432387,-0.4015191134555871,0.0616698535430747,-0.4631889669986619,-0.9894507606009749,True,-0.6926155324206824
42,31,-4.5,-4.0,92,-2.4703446177432387,0.0848164611485851,0.0616698535430747,0.0231466076055103,0.11603683439391917,True,0.0812257840757434
42,32,-4.0,-3.5,194,-2.4703446177432387,0.2025814528807712,0.0616698535430747,0.1409115993376964,0.8833394052596187,True,0.6183375836817331
42,33,-3.5,-3.0,19,-2.4703446177432387,0.3200350334995407,0.0616698535430747,0.258365179956466,1.6486129644096466,True,1.1540290750867526
42,34,-3.0,-2.5,250,-2.4703446177432387,0.0616579213108099,0.0616698535430747,-1.1932232264769138e-05,-2.548928651419589e-05,True,-1.784250055993712e-05
42,35,-2.5,-2.0,125,-2.4703446177432387,-0.4868334121076554,0.0616698535430747,-0.5485032656507302,-1.1716966768593204,True,-0.8201876738015242
42,36,-2.0,-1.5,208,-2.4703446177432387,0.1111787741398305,0.0616698535430747,0.0495089205967557,0.2878015518589346,True,0.2014610863012542
42,37,-1.5,-1.0,0,-2.4703446177432387,,0.0616698535430747,,,True,
42,38,-1.0,-0.5,172,-2.4703446177432387,0.2396217625964807,0.0616698535430747,0.177951909053406,1.1246770426379604,True,0.7872739298465722
42,39,-0.5,0.0,75,-2.4703446177432387,-0.2078493412351217,0.0616698535430747,-0.2695191947781965,-0.5757390423131975,True,-0.4030173296192382
42,40,0.0,0.5,215,-2.4703446177432387,-0.1391312807752801,0.0616698535430747,-0.2008011343183548,-0.4289455259874717,True,-0.3002618681912302
42,41,0.5,1.0,132,-2.4703446177432387,0.1561143533210463,0.0616698535430747,0.0944444997779715,0.5805811370475152,True,0.4064067959332607
42,42,1.0,1.5,185,-2.4703446177432387,-0.2436602481192084,0.0616698535430747,-0.3053301016622832,-0.6522372570350793,True,-0.4565660799245555
42,43,1.5,2.0,113,-2.4703446177432387,-0.1340692251612091,0.0616698535430747,-0.1957390787042839,-0.4181321104391662,True,-0.2926924773074163
42,44,2.0,2.5,0,-2.4703446177432387,,0.0616698535430747,,,True,
42,45,2.5,3.0,115,-2.4703446177432387,-0.00057617845387,0.0616698535430747,-0.0622460319969448,-0.13296815790508143,True,-0.093077710533557
42,46,3.0,3.5,173,-2.4703446177432387,-0.1528271255190811,0.0616698535430747,-0.2144969790621558,-0.4582021900367816,True,-0.3207415330257471
42,47,3.5,4.0,10,-2.4703446177432387,0.0105684127273435,0.0616698535430747,-0.0511014408157312,-0.10916140729897172,True,-0.0764129851092802
42,48,4.0,4.5,110,-2.4703446177432387,0.1254266119112803,0.0616698535430747,0.0637567583682056,0.38063391562432874,True,0.2664437409370301
42,49,4.5,5.0,149,-2.4703446177432387,-0.3571232649934515,0.0616698535430747,-0.4187931185365262,-0.8946136440931616,True,-0.626229550865213
42,50,5.0,5.5,111,-2.4703446177432387,-0.2502492101490496,0.0616698535430747,-0.3119190636921243,-0.6663124055306091,True,-0.4664186838714264
42,51,5.5,6.0,104,-2.4703446177432387,-0.0920078756449697,0.0616698535430747,-0.1536777291880445,-0.32828188248486617,True,-0.2297973177394063
42,52,6.0,6.5,125,-2.4703446177432387,0.0321888526794178,0.0616698535430747,-0.0294810008636569,-0.06297645411728371,True,-0.0440835178820986
42,53,6.5,7.0,0,-2.4703446177432387,,0.0616698535430747,,,True,
42,54,7.0,7.5,87,-2.4703446177432387,-0.0084393951069325,0.0616698535430747,-0.0701092486500073,-0.14976533195816158,True,-0.1048357323707131
42,55,7.5,8.0,95,-2.4703446177432387,-0.3202810039312541,0.0616698535430747,-0.3819508574743289,-0.8159122806594421,True,-0.5711385964616095
42,56,8.0,8.5,236,-2.4703446177432387,0.1027330562771983,0.0616698535430747,0.0410632027341235,0.23277313523456614,True,0.1629411946641963
42,57,8.5,9.0,0,-2.4703446177432387,,0.0616698535430747,,,True,
42,58,9.0,9.5,205,-2.4703446177432387,-0.1454341389037365,0.0616698535430747,-0.2071039924468112,-0.44240950767419274,True,-0.3096866553719349
42,59,9.5,10.0,223,-2.4703446177432387,0.103266779750939,0.0616698535430747,0.0415969262078643,0.23625063213333902,True,0.1653754424933373
42,60,10.0,10.5,228,-2.4703446177432387,0.2060256906710495,0.0616698535430747,0.1443558371279747,0.9057804760080749,True,0.6340463332056524
42,61,10.5,11.0,234,-2.4703446177432387,-0.0042104712125245,0.0616698535430747,-0.0658803247555992,-0.140731628087884,True,-0.0985121396615188
42,62,11.0,11.5,76,-2.4703446177432387,0.1175936813895724,0.0616698535430747,0.0559238278464977,0.32959813972594487,True,0.2307186978081614
42,63,11.5,12.0,150,-2.4703446177432387,0.2662739451965301,0.0616698535430747,0.2046040916534553,1.2983304172733245,True,0.9088312920913272
42,64,12.0,12.5,23,-2.4703446177432387,0.266273945196529,0.0616698535430747,0.2046040916534542,1.2983304172733174,True,0.9088312920913222
42,65,12.5,13.0,0,-2.4703446177432387,,0.0616698535430747,,,True,
42,66,13.0,13.5,0,-2.4703446177432387,,0.0616698535430747,,,True,
42,67,13.5,14.0,47,-2.4703446177432387,-0.8314472155774845,0.0616698535430747,-0.8931170691205592,-1.9078506318342503,True,-1.335495442283975
42,68,14.0,14.5,56,-2.4703446177432387,-0.5940657076635357,0.0616698535430747,-0.6557355612066105,-1.4007631787802541,True,-0.9805342251461778
42,69,14.5,15.0,0,-2.4703446177432387,,0.0616698535430747,,,True,
42,70,15.0,15.5,0,-2.4703446177432387,,0.0616698535430747,,,True,
42,71,15.5,16.0,0,-2.4703446177432387,,0.0616698535430747,,,True,
42,72,16.0,16.5,0,-2.4703446177432387,,0.0616698535430747,,,True,
42,73,16.5,17.0,0,-2.4703446177432387,,0.0616698535430747,,,True,
42,74,17.0,17.5,0,-2.4703446177432387,,0.0616698535430747,,,True,
42,75,17.5,18.0,0,-2.4703446177432387,,0.0616698535430747,,,True,
42,76,18.0,18.5,50,-2.4703446177432387,-1.2490642277210586,0.0616698535430747,-1.3107340812641337,-2.79995191175649,True,-1.959966338229543
42,77,18.5,19.0,235,-2.4703446177432387,0.2003862324729156,0.0616698535430747,0.1387163789298409,0.8690363578277052,True,0.6083254504793936
42,78,19.0,19.5,296,-2.4703446177432387,0.0346939262813397,0.0616698535430747,-0.026975927261735,-0.05762518895903958,True,-0.0403376322713277
42,79,19.5,20.0,116,-2.4703446177432387,-0.6274894750900352,0.0616698535430747,-0.6891593286331099,-1.4721620558230133,True,-1.0305134390761093
43,0,-20.0,-19.5,204,-2.401870523128089,-0.035765794739173,0.071780581706303,-0.1075463764454761,-0.3576546701300737,True,-0.2503582690910516
43,1,-19.5,-19.0,44,-2.401870523128089,-0.7217674851192123,0.071780581706303,-0.7935480668255154,-2.6390119449233764,True,-1.8473083614463632
43,2,-19.0,-18.5,215,-2.401870523128089,-0.3243541981166863,0.071780581706303,-0.3961347798229894,-1.3173800799924613,True,-0.9221660559947228
43,3,-18.5,-18.0,59,-2.401870523128089,0.0434432627790872,0.071780581706303,-0.0283373189272158,-0.09423817694520172,True,-0.0659667238616412
43,4,-18.0,-17.5,185,-2.401870523128089,-0.2078455152013683,0.071780581706303,-0.2796260969076715,-0.9299204934159375,True,-0.6509443453911562
43,5,-17.5,-17.0,181,-2.401870523128089,0.0319570629087024,0.071780581706303,-0.0398235187976006,-0.1324365166891103,True,-0.0927055616823772
43,6,-17.0,-16.5,26,-2.401870523128089,-0.1143958674749536,0.071780581706303,-0.1861764491812567,-0.6191456999173658,True,-0.433401989942156
43,7,-16.5,-16.0,176,-2.401870523128089,-0.114395867474954,0.071780581706303,-0.1861764491812571,-0.619145699917367,True,-0.4334019899421569
43,8,-16.0,-15.5,196,-2.401870523128089,0.1258079544082487,0.071780581706303,0.0540273727019456,0.7807161656063409,True,0.5465013159244386
43,9,-15.5,-15.0,70,-2.401870523128089,-0.4425353185239901,0.071780581706303,-0.5143159002302933,-1.7104015004426973,True,-1.197281050309888
43,10,-15.0,-14.5,277,-2.401870523128089,-0.0744155130573803,0.071780581706303,-0.1461960947636834,-0.48618761296452445,True,-0.3403313290751671
43,11,-14.5,-14.0,186,-2.401870523128089,0.0878776751174883,0.071780581706303,0.0160970934111852,0.204070195314616,True,0.1428491367202312
43,12,-14.0,-13.5,97,-2.401870523128089,-0.738271482314946,0.071780581706303,-0.8100520640212491,-2.6938973986965244,True,-1.885728179087567
43,13,-13.5,-13.0,185,-2.401870523128089,-0.066237509129174,0.071780581706303,-0.1380180908354771,-0.45899096167848186,True,-0.3212936731749373
43,14,-13.0,-12.5,162,-2.401870523128089,-0.4066032667855227,0.071780581706303,-0.4783838484918258,-1.5909063901808125,True,-1.1136344731265686
43,15,-12.5,-12.0,163,-2.401870523128089,-0.0209267455213795,0.071780581706303,-0.0927073272276826,-0.30830614321132127,True,-0.2158143002479249
43,16,-12.0,-11.5,211,-2.401870523128089,0.071780581706303,0.071780581706303,0.0,0.0,True,0.0
43,17,-11.5,-11.0,3,-2.401870523128089,0.071780581706303,0.071780581706303,0.0,0.0,True,0.0
43,18,-11.0,-10.5,169,-2.401870523128089,0.1365228931201126,0.071780581706303,0.0647423114138095,0.9436131003416521,True,0.6605291702391565
43,19,-10.5,-10.0,73,-2.401870523128089,0.1402318774234265,0.071780581706303,0.0684512957171234,1.0,True,0.7
43,20,-10.0,-9.5,85,-2.401870523128089,0.1402318774234265,0.071780581706303,0.0684512957171234,1.0,True,0.7
43,21,-9.5,-9.0,204,-2.401870523128089,-0.0102761227322851,0.071780581706303,-0.0820567044385882,-0.2728865864934376,True,-0.1910206105454063
43,22,-9.0,-8.5,33,-2.401870523128089,0.129939553431797,0.071780581706303,0.058158971725494,0.8435279869885992,True,0.5904695908920194
43,23,-8.5,-8.0,98,-2.401870523128089,0.1299395534317967,0.071780581706303,0.0581589717254937,0.8435279869885945,True,0.5904695908920161
43,24,-8.0,-7.5,175,-2.401870523128089,0.0503705194435709,0.071780581706303,-0.0214100622627321,-0.07120099262408842,True,-0.0498406948368619
43,25,-7.5,-7.0,0,-2.401870523128089,,0.071780581706303,,,True,
43,26,-7.0,-6.5,204,-2.401870523128089,0.0124163699142623,0.071780581706303,-0.0593642117920407,-0.19742076197963115,True,-0.1381945333857418
43,27,-6.5,-6.0,93,-2.401870523128089,0.1217327715202111,0.071780581706303,0.049952189813908,0.7187620267355231,True,0.5031334187148662
43,28,-6.0,-5.5,61,-2.401870523128089,0.1217327715202112,0.071780581706303,0.0499521898139081,0.7187620267355247,True,0.5031334187148673
43,29,-5.5,-5.0,240,-2.401870523128089,0.1399048402382297,0.071780581706303,0.0681242585319266,0.9950281232169776,True,0.6965196862518843
43,30,-5.0,-4.5,97,-2.401870523128089,-0.9245440032416404,0.071780581706303,-0.9963245849479436,-3.313362593417519,True,-2.319353815392263
43,31,-4.5,-4.0,201,-2.401870523128089,0.1414519997160076,0.071780581706303,0.0696714180097045,1.018549259758585,True,0.7129844818310095
43,32,-4.0,-3.5,0,-2.401870523128089,,0.071780581706303,,,True,
43,33,-3.5,-3.0,253,-2.401870523128089,-0.0431832208528424,0.071780581706303,-0.1149638025591455,-0.3823219548641492,True,-0.2676253684049044
43,34,-3.0,-2.5,178,-2.401870523128089,-0.1104617351636424,0.071780581706303,-0.1822423168699455,-0.6060624065461249,True,-0.4242436845822874
43,35,-2.5,-2.0,17,-2.401870523128089,0.1041923675509268,0.071780581706303,0.0324117858446237,0.45209899510736873,True,0.3164692965751581
43,36,-2.0,-1.5,175,-2.401870523128089,0.1594928267067957,0.071780581706303,0.0877122450004926,1.2928201161691333,True,0.9049740813183932
43,37,-1.5,-1.0,0,-2.401870523128089,,0.071780581706303,,,True,
43,38,-1.0,-0.5,188,-2.401870523128089,0.0742674076745548,0.071780581706303,0.0024868259682518,0.008270152382092714,True,0.0057891066674649
43,39,-0.5,0.0,167,-2.401870523128089,-0.0359253147900719,0.071780581706303,-0.107705896496375,-0.3581851676983697,True,-0.2507296173888588
43,40,0.0,0.5,111,-2.401870523128089,-0.362701368892662,0.071780581706303,-0.4344819505989651,-1.4449068751072782,True,-1.0114348125750947
43,41,0.5,1.0,193,-2.401870523128089,0.0774918796744219,0.071780581706303,0.0057112979681188,0.046177155703456,True,0.0323240089924192
43,42,1.0,1.5,178,-2.401870523128089,-0.2731350870346793,0.071780581706303,-0.3449156687409824,-1.1470465468336006,True,-0.8029325827835204
43,43,1.5,2.0,56,-2.401870523128089,-1.0675378313010808,0.071780581706303,-1.139318413007384,-3.788900794661926,True,-2.652230556263348
43,44,2.0,2.5,126,-2.401870523128089,-0.1125755469122218,0.071780581706303,-0.1843561286185249,-0.6130920682478236,True,-0.4291644477734765
43,45,2.5,3.0,191,-2.401870523128089,-0.447399101283571,0.071780581706303,-0.519179682989874,-1.726576425865165,True,-1.2086034981056155
43,46,3.0,3.5,0,-2.401870523128089,,0.071780581706303,,,True,
43,47,3.5,4.0,232,-2.401870523128089,-0.0228225714149242,0.071780581706303,-0.0946031531212273,-0.3146108743142193,True,-0.2202276120199535
43,48,4.0,4.5,0,-2.401870523128089,,0.071780581706303,,,True,
43,49,4.5,5.0,262,-2.401870523128089,-0.3786652603684372,0.071780581706303,-0.4504458420747402,-1.4979961611294375,True,-1.048597312790606
43,50,5.0,5.5,119,-2.401870523128089,0.0239615352239857,0.071780581706303,-0.0478190464823173,-0.15902632762563215,True,-0.1113184293379425
43,51,5.5,6.0,0,-2.401870523128089,,0.071780581706303,,,True,
43,52,6.0,6.5,182,-2.401870523128089,-0.3211541152637507,0.071780581706303,-0.3929346969700538,-1.3067379308565874,True,-0.9147165515996112
43,53,6.5,7.0,146,-2.401870523128089,0.0292870611936453,0.071780581706303,-0.0424935205126577,-0.14131583567880787,True,-0.0989210849751655
43,54,7.0,7.5,95,-2.401870523128089,-0.1078858121285144,0.071780581706303,-0.1796663938348174,-0.597495954250298,True,-0.4182471679752086
43,55,7.5,8.0,90,-2.401870523128089,-0.1078858121285143,0.071780581706303,-0.1796663938348174,-0.597495954250298,True,-0.4182471679752086
43,56,8.0,8.5,209,-2.401870523128089,-0.1767849542075133,0.071780581706303,-0.2485655359138164,-0.826625942139779,True,-0.5786381594978453
43,57,8.5,9.0,105,-2.401870523128089,-0.176784954207514,0.071780581706303,-0.2485655359138171,-0.8266259421397814,True,-0.5786381594978469
43,58,9.0,9.5,150,-2.401870523128089,0.0203827371689125,0.071780581706303,-0.0513978445373904,-0.17092792654652417,True,-0.1196495485825669
43,59,9.5,10.0,190,-2.401870523128089,0.0181730308070927,0.071780581706303,-0.0536075508992103,-0.17827649398358417,True,-0.1247935457885089
43,60,10.0,10.5,284,-2.401870523128089,0.0445992954961459,0.071780581706303,-0.0271812862101571,-0.09039369130333715,True,-0.063275583912336
43,61,10.5,11.0,158,-2.401870523128089,0.1806353198890989,0.071780581706303,0.1088547381827958,1.6142449441288167,True,1.1299714608901716
43,62,11.0,11.5,81,-2.401870523128089,-0.5411284143017691,0.071780581706303,-0.6129089960080721,-2.0382812702030626,True,-1.4267968891421436
43,63,11.5,12.0,268,-2.401870523128089,0.2211025766011721,0.071780581706303,0.149321994894869,2.2294600426757474,True,1.5606220298730231
43,64,12.0,12.5,0,-2.401870523128089,,0.071780581706303,,,True,
43,65,12.5,13.0,60,-2.401870523128089,-0.6913368267929487,0.071780581706303,-0.7631174084992518,-2.5378121888252374,True,-1.776468532177666
43,66,13.0,13.5,0,-2.401870523128089,,0.071780581706303,,,True,
43,67,13.5,14.0,57,-2.401870523128089,-0.7977985351315292,0.071780581706303,-0.8695791168378323,-2.8918597024262485,True,-2.024301791698374
43,68,14.0,14.5,135,-2.401870523128089,-0.6743554943722493,0.071780581706303,-0.7461360760785524,-2.481339315949102,True,-1.7369375211643714
43,69,14.5,15.0,138,-2.401870523128089,-0.7097699671866255,0.071780581706303,-0.7815505488929286,-2.599113173245705,True,-1.8193792212719933
43,70,15.0,15.5,129,-2.401870523128089,-0.6177236736845187,0.071780581706303,-0.6895042553908218,-2.2930053542074487,True,-1.605103747945214
43,71,15.5,16.0,0,-2.401870523128089,,0.071780581706303,,,True,
43,72,16.0,16.5,45,-2.401870523128089,-0.4890947121902794,0.071780581706303,-0.5608752938965825,-1.86523874492778,True,-1.305667121449446
43,73,16.5,17.0,83,-2.401870523128089,-0.5835886321010927,0.071780581706303,-0.6553692138073958,-2.179486354861282,True,-1.5256404484028974
43,74,17.0,17.5,320,-2.401870523128089,0.128302985962051,0.071780581706303,0.056522404255748,0.8186475997574553,True,0.5730533198302187
43,75,17.5,18.0,62,-2.401870523128089,0.0892124608366219,0.071780581706303,0.0174318791303188,0.22436265876422815,True,0.1570538611349597
43,76,18.0,18.5,153,-2.401870523128089,-0.1401336598045869,0.071780581706303,-0.21191424151089,-0.7047389289016842,True,-0.4933172502311789
43,77,18.5,19.0,224,-2.401870523128089,0.3043385711854189,0.071780581706303,0.2325579894791158,3.4948791684432114,True,2.4464154179102477
43,78,19.0,19.5,42,-2.401870523128089,-0.7346982481590087,0.071780581706303,-0.8064788298653118,-2.6820143029979246,True,-1.877410012098547
43,79,19.5,20.0,228,-2.401870523128089,0.3412465128086377,0.071780581706303,0.2694659311023347,4.055982756572491,True,2.8391879296007434
44,0,-20.0,-19.5,134,-2.6081470253017804,0.0123179747024394,-5.895289710011742e-05,0.0123769275995395,0.044959137125958004,True,0.0314713959881706
44,1,-19.5,-19.0,68,-2.6081470253017804,-0.2799011962839119,-5.895289710011742e-05,-0.2798422433868118,-1.0165257648054355,True,-0.7115680353638049
44,2,-19.0,-18.5,116,-2.6081470253017804,-0.0801432864494591,-5.895289710011742e-05,-0.080084333552359,-0.2909060027106753,True,-0.2036342018974727
44,3,-18.5,-18.0,121,-2.6081470253017804,0.0971930837082323,-5.895289710011742e-05,0.0972520366053324,0.5413526743307386,True,0.378946872031517
44,4,-18.0,-17.5,31,-2.6081470253017804,0.1321148184003845,-5.895289710011742e-05,0.1321737712974846,0.7463855923414966,True,0.5224699146390476
44,5,-17.5,-17.0,89,-2.6081470253017804,0.0550618631229939,-5.895289710011742e-05,0.055120816020094,0.293991334119664,True,0.2057939338837648
44,6,-17.0,-16.5,181,-2.6081470253017804,-0.0884868989241202,-5.895289710011742e-05,-0.0884279460270201,-0.32121413971457113,True,-0.2248498978001998
44,7,-16.5,-16.0,163,-2.6081470253017804,0.0264038027304964,-5.895289710011742e-05,0.0264627556275965,0.12573377765518687,True,0.0880136443586308
44,8,-16.0,-15.5,94,-2.6081470253017804,0.1708664078757137,-5.895289710011742e-05,0.1709253607728138,0.9739044008349147,True,0.6817330805844403
44,9,-15.5,-15.0,154,-2.6081470253017804,0.1708664078757137,-5.895289710011742e-05,0.1709253607728139,0.9739044008349153,True,0.6817330805844406
44,10,-15.0,-14.5,131,-2.6081470253017804,0.0948734799118787,-5.895289710011742e-05,0.0949324328089788,0.5277337880071423,True,0.3694136516049996
44,11,-14.5,-14.0,56,-2.6081470253017804,-0.45125625024432,-5.895289710011742e-05,-0.4511972973472198,-1.6389722731391,True,-1.14728059119737
44,12,-14.0,-13.5,191,-2.6081470253017804,0.0753192430589274,-5.895289710011742e-05,0.0753781959560275,0.4129267122196073,True,0.2890486985537251
44,13,-13.5,-13.0,160,-2.6081470253017804,-0.0631753100583605,-5.895289710011742e-05,-0.0631163571612603,-0.22926990027877545,True,-0.1604889301951428
44,14,-13.0,-12.5,77,-2.6081470253017804,-0.2751230613836735,-5.895289710011742e-05,-0.2750641084865734,-0.9991692100014683,True,-0.6994184470010277
44,15,-12.5,-12.0,222,-2.6081470253017804,-0.0171410448987633,-5.895289710011742e-05,-0.0170820920016632,-0.062050626904336145,True,-0.0434354388330353
44,16,-12.0,-11.5,156,-2.6081470253017804,-0.2774101665906617,-5.895289710011742e-05,-0.2773512136935616,-1.0074771099867845,True,-0.7052339769907491
44,17,-11.5,-11.0,167,-2.6081470253017804,0.1198218900826616,-5.895289710011742e-05,0.1198808429797617,0.6742112004878693,True,0.4719478403415085
44,18,-11.0,-10.5,77,-2.6081470253017804,0.1727483732167235,-5.895289710011742e-05,0.1728073261138236,0.9849538188796906,True,0.6894676732157834
44,19,-10.5,-10.0,95,-2.6081470253017804,-0.1429368022176903,-5.895289710011742e-05,-0.1428778493205902,-0.5190031829955429,True,-0.36330222809688
44,20,-10.0,-9.5,123,-2.6081470253017804,0.1885439024828308,-5.895289710011742e-05,0.1886028553799309,1.077692724478275,True,0.7543849071347924
44,21,-9.5,-9.0,75,-2.6081470253017804,0.2318375707922552,-5.895289710011742e-05,0.2318965236893554,1.331879042057338,True,0.9323153294401366
44,22,-9.0,-8.5,187,-2.6081470253017804,-0.3519735535795726,-5.895289710011742e-05,-0.3519146006824725,-1.2783282976704748,True,-0.8948298083693323
44,23,-8.5,-8.0,130,-2.6081470253017804,0.1469401119183508,-5.895289710011742e-05,0.146999064815451,0.8334280378886738,True,0.5833996265220717
44,24,-8.0,-7.5,200,-2.6081470253017804,0.1429073979093832,-5.895289710011742e-05,0.1429663508064833,0.809751117825842,True,0.5668257824780893
44,25,-7.5,-7.0,11,-2.6081470253017804,-0.0420934475293403,-5.895289710011742e-05,-0.0420344946322402,-0.15269012386091257,True,-0.1068830867026388
44,26,-7.0,-6.5,120,-2.6081470253017804,0.17776197473319,-5.895289710011742e-05,0.1778209276302902,1.0143897377344124,True,0.7100728164140886
44,27,-6.5,-6.0,112,-2.6081470253017804,0.175038755628634,-5.895289710011742e-05,0.1750977085257341,0.9984011402517319,True,0.6988807981762123
44,28,-6.0,-5.5,157,-2.6081470253017804,-0.1399499808494274,-5.895289710011742e-05,-0.1398910279523273,-0.508153567015607,True,-0.3557074969109249
44,29,-5.5,-5.0,85,-2.6081470253017804,-0.1838280342160737,-5.895289710011742e-05,-0.1837690813189735,-0.6675404101772773,True,-0.4672782871240941
44,30,-5.0,-4.5,179,-2.6081470253017804,0.1465788083273419,-5.895289710011742e-05,0.146637761224442,0.8313067478037061,True,0.5819147234625942
44,31,-4.5,-4.0,1,-2.6081470253017804,-0.0132963048166123,-5.895289710011742e-05,-0.0132373519195122,-0.04808462482692843,True,-0.0336592373788499
44,32,-4.0,-3.5,198,-2.6081470253017804,-0.0132963048166123,-5.895289710011742e-05,-0.0132373519195122,-0.04808462482692843,True,-0.0336592373788499
44,33,-3.5,-3.0,114,-2.6081470253017804,0.0235289349155456,-5.895289710011742e-05,0.0235878878126457,0.10885481839984842,True,0.0761983728798939
44,34,-3.0,-2.5,8,-2.6081470253017804,0.1323928937392344,-5.895289710011742e-05,0.1324518466363345,0.7480182316892791,True,0.5236127621824953
44,35,-2.5,-2.0,158,-2.6081470253017804,0.1323928937392343,-5.895289710011742e-05,0.1324518466363345,0.7480182316892791,True,0.5236127621824953
44,36,-2.0,-1.5,134,-2.6081470253017804,0.0131783990224121,-5.895289710011742e-05,0.0132373519195122,0.04808462482692843,True,0.0336592373788499
44,37,-1.5,-1.0,112,-2.6081470253017804,-0.0871656123308677,-5.895289710011742e-05,-0.0871066594337675,-0.31641457175628845,True,-0.2214902002294019
44,38,-1.0,-0.5,30,-2.6081470253017804,-0.0871656123308679,-5.895289710011742e-05,-0.0871066594337678,-0.31641457175628956,True,-0.2214902002294027
44,39,-0.5,0.0,218,-2.6081470253017804,-0.0726165330693409,-5.895289710011742e-05,-0.0725575801722408,-0.26356510291074486,True,-0.1844955720375214
44,40,0.0,0.5,200,-2.6081470253017804,-0.1112227973077232,-5.895289710011742e-05,-0.1111638444106231,-0.40380219437429826,True,-0.2826615360620088
44,41,0.5,1.0,57,-2.6081470253017804,-0.6299983484747974,-5.895289710011742e-05,-0.6299393955776973,-2.2882521885216933,True,-1.601776531965185
44,42,1.0,1.5,0,-2.6081470253017804,,-5.895289710011742e-05,,,True,
44,43,1.5,2.0,0,-2.6081470253017804,,-5.895289710011742e-05,,,True,
44,44,2.0,2.5,204,-2.6081470253017804,-0.2789695684366321,-5.895289710011742e-05,-0.278910615539532,-1.013141630592857,True,-0.7091991414149997
44,45,2.5,3.0,121,-2.6081470253017804,-0.1531877845229455,-5.895289710011742e-05,-0.1531288316258454,-0.55623983283705,True,-0.389367882985935
44,46,3.0,3.5,55,-2.6081470253017804,0.0981778888309765,-5.895289710011742e-05,0.0982368417280766,0.5471346742734151,True,0.3829942719913906
44,47,3.5,4.0,87,-2.6081470253017804,-0.0165481808842593,-5.895289710011742e-05,-0.0164892279871592,-0.059897050880661,True,-0.0419279356164627
44,48,4.0,4.5,71,-2.6081470253017804,0.0751813593162422,-5.895289710011742e-05,0.0752403122133423,0.4121171674945756,True,0.2884820172462029
44,49,4.5,5.0,69,-2.6081470253017804,-0.129592222183402,-5.895289710011742e-05,-0.1295332692863018,-0.47052905249548116,True,-0.3293703367468368
44,50,5.0,5.5,100,-2.6081470253017804,0.0498825134915307,-5.895289710011742e-05,0.0499414663886308,0.2635822728946646,True,0.1845075910262652
44,51,5.5,6.0,52,-2.6081470253017804,-0.4916840768627761,-5.895289710011742e-05,-0.491625123965676,-1.7858261822393886,True,-1.250078327567572
44,52,6.0,6.5,122,-2.6081470253017804,-0.1479693636394831,-5.895289710011742e-05,-0.147910410742383,-0.5372839410623192,True,-0.3760987587436235
44,53,6.5,7.0,82,-2.6081470253017804,-0.0098710848040708,-5.895289710011742e-05,-0.0098121319069707,-0.035642527626961004,True,-0.0249497693388727
44,54,7.0,7.5,0,-2.6081470253017804,,-5.895289710011742e-05,,,True,
44,55,7.5,8.0,137,-2.6081470253017804,-0.0274604748286355,-5.895289710011742e-05,-0.0274015219315354,-0.09953591245259301,True,-0.0696751387168151
44,56,8.0,8.5,0,-2.6081470253017804,,-5.895289710011742e-05,,,True,
44,57,8.5,9.0,110,-2.6081470253017804,0.1213042886448096,-5.895289710011742e-05,0.1213632415419097,0.6829146771487942,True,0.4780402740041559
44,58,9.0,9.5,212,-2.6081470253017804,-0.0301243710047898,-5.895289710011742e-05,-0.0300654181076897,-0.1092125040388193,True,-0.0764487528271735
44,59,9.5,10.0,320,-2.6081470253017804,0.2556719166831853,-5.895289710011742e-05,0.2557308695802854,1.4718155466432137,True,1.0302708826502496
44,60,10.0,10.5,328,-2.6081470253017804,0.4524346495524162,-5.895289710011742e-05,0.4524936024495163,2.6270513226316208,True,1.8389359258421345
44,61,10.5,11.0,93,-2.6081470253017804,0.1558856421391214,-5.895289710011742e-05,0.1559445950362215,0.8859491448865507,True,0.6201644014205855
44,62,11.0,11.5,133,-2.6081470253017804,0.4708022526263367,-5.895289710011742e-05,0.4708612055234368,2.7348914195886476,True,1.9144239937120533
44,63,11.5,12.0,0,-2.6081470253017804,,-5.895289710011742e-05,,,True,
44,64,12.0,12.5,0,-2.6081470253017804,,-5.895289710011742e-05,,,True,
44,65,12.5,13.0,338,-2.6081470253017804,0.3201344049594612,-5.895289710011742e-05,0.3201933578565614,1.8502885002359035,True,1.2952019501651324
44,66,13.0,13.5,75,-2.6081470253017804,0.3201344049594622,-5.895289710011742e-05,0.3201933578565623,1.8502885002359086,True,1.295201950165136
44,67,13.5,14.0,45,-2.6081470253017804,-0.4205283494785042,-5.895289710011742e-05,-0.4204693965814041,-1.5273533036482754,True,-1.0691473125537927
44,68,14.0,14.5,0,-2.6081470253017804,,-5.895289710011742e-05,,,True,
44,69,14.5,15.0,87,-2.6081470253017804,-0.4782413616897942,-5.895289710011742e-05,-0.4781824087926941,-1.736995576263332,True,-1.2158969033843323
44,70,15.0,15.5,4,-2.6081470253017804,-0.2052465782162891,-5.895289710011742e-05,-0.205187625319189,-0.7453431806144157,True,-0.521740226430091
44,71,15.5,16.0,0,-2.6081470253017804,,-5.895289710011742e-05,,,True,
44,72,16.0,16.5,0,-2.6081470253017804,,-5.895289710011742e-05,,,True,
44,73,16.5,17.0,43,-2.6081470253017804,-0.4594379345710549,-5.895289710011742e-05,-0.4593789816739548,-1.6686922068309369,True,-1.1680845447816557
44,74,17.0,17.5,103,-2.6081470253017804,-0.2310939723282129,-5.895289710011742e-05,-0.2310350194311128,-0.8392337303393652,True,-0.5874636112375556
44,75,17.5,18.0,29,-2.6081470253017804,0.2550026620337655,-5.895289710011742e-05,0.2550616149308656,1.4678862105185213,True,1.0275203473629648
44,76,18.0,18.5,289,-2.6081470253017804,0.2550026620337653,-5.895289710011742e-05,0.2550616149308655,1.4678862105185204,True,1.0275203473629642
44,77,18.5,19.0,0,-2.6081470253017804,,-5.895289710011742e-05,,,True,
44,78,19.0,19.5,116,-2.6081470253017804,0.3980988567696921,-5.895289710011742e-05,0.3981578096667922,2.3080343481061996,True,1.6156240436743396
44,79,19.5,20.0,352,-2.6081470253017804,0.3980988567696912,-5.895289710011742e-05,0.3981578096667913,2.3080343481061947,True,1.615624043674336
45,0,-20.0,-19.5,66,-2.5263805993345354,-0.2844496351450834,0.0759506732032388,-0.3604003083483222,-0.7207150314202224,True,-0.5045005219941556
45,1,-19.5,-19.0,111,-2.5263805993345354,-0.0238398626160442,0.0759506732032388,-0.099790535819283,-0.1995573740989286,True,-0.13969016186925
45,2,-19.0,-18.5,229,-2.5263805993345354,-0.1187666504263956,0.0759506732032388,-0.1947173236296344,-0.38938840718793416,True,-0.2725718850315539
45,3,-18.5,-18.0,78,-2.5263805993345354,-0.0987319139793862,0.0759506732032388,-0.174682587182625,-0.3493236919992146,True,-0.2445265843994502
45,4,-18.0,-17.5,31,-2.5263805993345354,0.0534426544862109,0.0759506732032388,-0.0225080187170278,-0.04501069239144871,True,-0.0315074846740141
45,5,-17.5,-17.0,162,-2.5263805993345354,-0.196051938392743,0.0759506732032388,-0.2720026115959818,-0.5439406299655934,True,-0.3807584409759154
45,6,-17.0,-16.5,200,-2.5263805993345354,0.009014585457894,0.0759506732032388,-0.0669360877453447,-0.13385627998938257,True,-0.0936993959925678
45,7,-16.5,-16.0,148,-2.5263805993345354,-0.3728534645783483,0.0759506732032388,-0.448804137781587,-0.8975016967803546,True,-0.6282511877462482
45,8,-16.0,-15.5,74,-2.5263805993345354,0.0598780849303627,0.0759506732032388,-0.016072588272876,-0.032141359742940426,True,-0.0224989518200583
45,9,-15.5,-15.0,20,-2.5263805993345354,0.0598780849303628,0.0759506732032388,-0.0160725882728759,-0.03214135974294029,True,-0.0224989518200582
45,10,-15.0,-14.5,139,-2.5263805993345354,0.1927766668644562,0.0759506732032388,0.1168259936612174,0.6278382197503068,True,0.4394867538252148
45,11,-14.5,-14.0,207,-2.5263805993345354,-0.0924112429777933,0.0759506732032388,-0.168361916181032,-0.3366838509835757,True,-0.235678695688503
45,12,-14.0,-13.5,163,-2.5263805993345354,0.1276113457693897,0.0759506732032388,0.0516606725661509,0.20692110199050814,True,0.1448447713933557
45,13,-13.5,-13.0,76,-2.5263805993345354,0.2933368218754236,0.0759506732032388,0.2173861486721848,1.277378341664929,True,0.8941648391654502
45,14,-13.0,-12.5,202,-2.5263805993345354,0.1043771215789087,0.0759506732032388,0.0284264483756699,0.056846146242570575,True,0.0397923023697994
45,15,-12.5,-12.0,203,-2.5263805993345354,0.1547935296819438,0.0759506732032388,0.078842856478705,0.3824967964645318,True,0.2677477575251722
45,16,-12.0,-11.5,93,-2.5263805993345354,-0.3512790493797658,0.0759506732032388,-0.4272297225830046,-0.8543579897203396,True,-0.5980505928042377
45,17,-11.5,-11.0,313,-2.5263805993345354,-0.0692523878847114,0.0759506732032388,-0.1452030610879502,-0.29037164039596647,True,-0.2032601482771765
45,18,-11.0,-10.5,112,-2.5263805993345354,-0.5556880662212282,0.0759506732032388,-0.631638739424467,-1.2631274818182425,True,-0.8841892372727698
45,19,-10.5,-10.0,101,-2.5263805993345354,0.0422225760828727,0.0759506732032388,-0.033728097120366,-0.06744818473450129,True,-0.0472137293141509
45,20,-10.0,-9.5,173,-2.5263805993345354,0.0416230989827169,0.0759506732032388,-0.0343275742205219,-0.06864699657529744,True,-0.0480528976027082
45,21,-9.5,-9.0,137,-2.5263805993345354,-0.4700167917515938,0.0759506732032388,-0.5459674649548326,-1.0918052774778462,True,-0.7642636942344923
45,22,-9.0,-8.5,155,-2.5263805993345354,0.120415019103949,0.0759506732032388,0.0444643459007102,0.16043844791049014,True,0.1123069135373431
45,23,-8.5,-8.0,106,-2.5263805993345354,0.0475242248275688,0.0759506732032388,-0.0284264483756699,-0.056846146242570575,True,-0.0397923023697994
45,24,-8.0,-7.5,79,-2.5263805993345354,-0.1608620305884634,0.0759506732032388,-0.2368127037917022,-0.4735691710035657,True,-0.331498419702496
45,25,-7.5,-7.0,175,-2.5263805993345354,0.0137666256812815,0.0759506732032388,-0.0621840475219572,-0.1243533280229853,True,-0.0870473296160897
45,26,-7.0,-6.5,219,-2.5263805993345354,0.1983981088640974,0.0759506732032388,0.1224474356608586,0.6641483479654502,True,0.4649038435758151
45,27,-6.5,-6.0,174,-2.5263805993345354,-0.6197907065496834,0.0759506732032388,-0.6957413797529222,-1.3913175398405855,True,-0.9739222778884098
45,28,-6.0,-5.5,190,-2.5263805993345354,-0.0244213190712289,0.0759506732032388,-0.1003719922744677,-0.2007201489291957,True,-0.140504104250437
45,29,-5.5,-5.0,24,-2.5263805993345354,0.3473061642461123,0.0759506732032388,0.2713554910428735,1.6259781744643698,True,1.1381847221250587
45,30,-5.0,-4.5,116,-2.5263805993345354,0.3473061642461127,0.0759506732032388,0.2713554910428739,1.6259781744643722,True,1.1381847221250605
45,31,-4.5,-4.0,202,-2.5263805993345354,0.1818813134273636,0.0759506732032388,0.1059306402241248,0.5574627395309278,True,0.3902239176716495
45,32,-4.0,-3.5,46,-2.5263805993345354,0.1818813134273637,0.0759506732032388,0.1059306402241248,0.5574627395309278,True,0.3902239176716495
45,33,-3.5,-3.0,213,-2.5263805993345354,-0.0017021103384435,0.0759506732032388,-0.0776527835416823,-0.15528712665811958,True,-0.1087009886606837
45,34,-3.0,-2.5,119,-2.5263805993345354,-0.419007803195358,0.0759506732032388,-0.4949584763985968,-0.9897994136135725,True,-0.6928595895295007
45,35,-2.5,-2.0,126,-2.5263805993345354,0.2334833470881,0.0759506732032388,0.1575326738848612,0.8907716055662039,True,0.6235401238963427
45,36,-2.0,-1.5,12,-2.5263805993345354,0.2334833470880997,0.0759506732032388,0.1575326738848609,0.890771605566202,True,0.6235401238963414
45,37,-1.5,-1.0,185,-2.5263805993345354,0.2456223644660273,0.0759506732032388,0.1696716912627885,0.9691801842594515,True,0.678426128981616
45,38,-1.0,-0.5,75,-2.5263805993345354,0.1601143849591905,0.0759506732032388,0.0841637117559517,0.4168653690377936,True,0.2918057583264555
45,39,-0.5,0.0,130,-2.5263805993345354,-0.2447276055822252,0.0759506732032388,-0.320678278785464,-0.6412804051967578,True,-0.4488962836377304
45,40,0.0,0.5,154,-2.5263805993345354,0.11945855444127,0.0759506732032388,0.0435078812380312,0.15426043263658973,True,0.1079823028456128
45,41,0.5,1.0,111,-2.5263805993345354,-0.0596881441828799,0.0759506732032388,-0.1356388173861188,-0.2712454242401967,True,-0.1898717969681377
45,42,1.0,1.5,150,-2.5263805993345354,-0.05968814418288,0.0759506732032388,-0.1356388173861188,-0.2712454242401967,True,-0.1898717969681377
45,43,1.5,2.0,111,-2.5263805993345354,0.1553511204151267,0.0759506732032388,0.0794004472118879,0.38609839744426944,True,0.2702688782109886
45,44,2.0,2.5,105,-2.5263805993345354,-0.0544096065229847,0.0759506732032388,-0.1303602797262235,-0.2606896024296132,True,-0.1824827217007292
45,45,2.5,3.0,51,-2.5263805993345354,-0.5933287405342927,0.0759506732032388,-0.6692794137375315,-1.3383998918074138,True,-0.9368799242651896
45,46,3.0,3.5,198,-2.5263805993345354,-0.3479026120164854,0.0759506732032388,-0.4238532852197242,-0.8476059168058702,True,-0.5933241417641091
45,47,3.5,4.0,272,-2.5263805993345354,-0.3028799928994687,0.0759506732032388,-0.3788306661027075,-0.7575713702200211,True,-0.5302999591540147
45,48,4.0,4.5,189,-2.5263805993345354,-0.3033165694209764,0.0759506732032388,-0.3792672426242152,-0.7584444195879801,True,-0.5309110937115861
45,49,4.5,5.0,123,-2.5263805993345354,-0.2315017293653616,0.0759506732032388,-0.3074524025686004,-0.6148317935491112,True,-0.4303822554843778
45,50,5.0,5.5,152,-2.5263805993345354,-0.0590877383157238,0.0759506732032388,-0.1350384115189626,-0.2700447550859569,True,-0.1890313285601698
45,51,5.5,6.0,225,-2.5263805993345354,-0.3418353090570986,0.0759506732032388,-0.4177859822603374,-0.835472751706621,True,-0.5848309261946347
45,52,6.0,6.5,170,-2.5263805993345354,-0.5035953780947152,0.0759506732032388,-0.579546051297954,-1.1589544761626036,True,-0.8112681333138225
45,53,6.5,7.0,119,-2.5263805993345354,-0.0843820543508309,0.0759506732032388,-0.1603327275540697,-0.3206273804436916,True,-0.2244391663105841
45,54,7.0,7.5,182,-2.5263805993345354,-0.0543350032870655,0.0759506732032388,-0.1302856764903043,-0.2605404136740153,True,-0.1823782895718107
45,55,7.5,8.0,123,-2.5263805993345354,-0.1254967824661119,0.0759506732032388,-0.2014474556693506,-0.4028470730439533,True,-0.2819929511307673
45,56,8.0,8.5,116,-2.5263805993345354,-0.3935279028661764,0.0759506732032388,-0.4694785760694152,-0.938845663738914,True,-0.6571919646172397
45,57,8.5,9.0,191,-2.5263805993345354,-0.208419460739433,0.0759506732032388,-0.2843701339426718,-0.5686727377086042,True,-0.3980709163960229
45,58,9.0,9.5,202,-2.5263805993345354,-0.1331439947947117,0.0759506732032388,-0.2090946679979505,-0.4181396816961003,True,-0.2926977771872702
45,59,9.5,10.0,351,-2.5263805993345354,-0.0017793321705488,0.0759506732032388,-0.0777300053737876,-0.15544155198424414,True,-0.1088090863889709
45,60,10.0,10.5,271,-2.5263805993345354,0.0096214880636761,0.0759506732032388,-0.0663291851395626,-0.13264261890068973,True,-0.0928498332304828
45,61,10.5,11.0,219,-2.5263805993345354,0.1267099773550125,0.0759506732032388,0.0507593041517737,0.20109896548225903,True,0.1407692758375813
45,62,11.0,11.5,221,-2.5263805993345354,0.1650371383742315,0.0759506732032388,0.0890864651709927,0.4486625142690496,True,0.3140637599883347
45,63,11.5,12.0,160,-2.5263805993345354,0.0403578822887625,0.0759506732032388,-0.0355927909144762,-0.07117712950863386,True,-0.0498239906560437
45,64,12.0,12.5,168,-2.5263805993345354,0.3613219529864314,0.0759506732032388,0.2853712797831926,1.7165092314831616,True,1.201556462038213
45,65,12.5,13.0,0,-2.5263805993345354,,0.0759506732032388,,,True,
45,66,13.0,13.5,0,-2.5263805993345354,,0.0759506732032388,,,True,
45,67,13.5,14.0,43,-2.5263805993345354,-0.7811190312858046,0.0759506732032388,-0.8570697044890434,-1.7139358782211132,True,-1.1997551147547791
45,68,14.0,14.5,0,-2.5263805993345354,,0.0759506732032388,,,True,
45,69,14.5,15.0,44,-2.5263805993345354,-0.5296138359025636,0.0759506732032388,-0.6055645091058024,-1.2109852131018346,True,-0.8476896491712842
45,70,15.0,15.5,16,-2.5263805993345354,-0.5296138359025636,0.0759506732032388,-0.6055645091058024,-1.2109852131018346,True,-0.8476896491712842
45,71,15.5,16.0,0,-2.5263805993345354,,0.0759506732032388,,,True,
45,72,16.0,16.5,0,-2.5263805993345354,,0.0759506732032388,,,True,
45,73,16.5,17.0,0,-2.5263805993345354,,0.0759506732032388,,,True,
45,74,17.0,17.5,0,-2.5263805993345354,,0.0759506732032388,,,True,
45,75,17.5,18.0,5,-2.5263805993345354,-0.9632762759326012,0.0759506732032388,-1.03922694913584,-2.0782071101207076,True,-1.4547449770844951
45,76,18.0,18.5,80,-2.5263805993345354,-0.9632762759326002,0.0759506732032388,-1.039226949135839,-2.0782071101207054,True,-1.4547449770844938
45,77,18.5,19.0,0,-2.5263805993345354,,0.0759506732032388,,,True,
45,78,19.0,19.5,105,-2.5263805993345354,-0.6928049445095494,0.0759506732032388,-0.7687556177127882,-1.5373286768635581,True,-1.0761300738044906
45,79,19.5,20.0,0,-2.5263805993345354,,0.0759506732032388,,,True,
46,0,-20.0,-19.5,306,-2.4610885550413024,-0.033602862070415,0.0218768324585797,-0.0554796945289947,-0.14377818267440315,True,-0.1006447278720822
46,1,-19.5,-19.0,88,-2.4610885550413024,-0.4971747935372033,0.0218768324585797,-0.5190516259957831,-1.3451461860675096,True,-0.9416023302472566
46,2,-19.0,-18.5,265,-2.4610885550413024,0.1216192629614809,0.0218768324585797,0.0997424305029011,0.6425002714257597,True,0.4497501899980318
46,3,-18.5,-18.0,128,-2.4610885550413024,-0.1651492758125731,0.0218768324585797,-0.1870261082711529,-0.4846867703252976,True,-0.3392807392277083
46,4,-18.0,-17.5,203,-2.4610885550413024,0.1199493804270386,0.0218768324585797,0.0980725479684588,0.6308879934197542,True,0.4416215953938279
46,5,-17.5,-17.0,0,-2.4610885550413024,,0.0218768324585797,,,True,
46,6,-17.0,-16.5,251,-2.4610885550413024,-0.105397726626238,0.0218768324585797,-0.1272745590848177,-0.32983787962887,True,-0.230886515740209
46,7,-16.5,-16.0,0,-2.4610885550413024,,0.0218768324585797,,,True,
46,8,-16.0,-15.5,247,-2.4610885550413024,-0.0397482191378915,0.0218768324585797,-0.0616250515964713,-0.15970415844893301,True,-0.1117929109142531
46,9,-15.5,-15.0,102,-2.4610885550413024,0.0101623014434268,0.0218768324585797,-0.0117145310151528,-0.030358746466445576,True,-0.0212511225265119
46,10,-15.0,-14.5,142,-2.4610885550413024,0.0101623014434268,0.0218768324585797,-0.0117145310151528,-0.030358746466445576,True,-0.0212511225265119
46,11,-14.5,-14.0,198,-2.4610885550413024,0.159019119862016,0.0218768324585797,0.1371422874034362,0.9025769694905598,True,0.6318038786433918
46,12,-14.0,-13.5,27,-2.4610885550413024,0.1590191198620156,0.0218768324585797,0.1371422874034358,0.9025769694905568,True,0.6318038786433897
46,13,-13.5,-13.0,183,-2.4610885550413024,0.094591298236873,0.0218768324585797,0.0727144657782933,0.4545491827442595,True,0.3181844279209816
46,14,-13.0,-12.5,50,-2.4610885550413024,0.1200717815588907,0.0218768324585797,0.0981949491003109,0.6317391646500653,True,0.4422174152550457
46,15,-12.5,-12.0,163,-2.4610885550413024,0.1200717815588912,0.0218768324585797,0.0981949491003115,0.6317391646500696,True,0.4422174152550487
46,16,-12.0,-11.5,126,-2.4610885550413024,-0.0419092020354029,0.0218768324585797,-0.0637860344939827,-0.16530444512016315,True,-0.1157131115841142
46,17,-11.5,-11.0,84,-2.4610885550413024,-0.0419092020354029,0.0218768324585797,-0.0637860344939827,-0.16530444512016315,True,-0.1157131115841142
46,18,-11.0,-10.5,191,-2.4610885550413024,0.0335913634737326,0.0218768324585797,0.0117145310151528,0.030358746466445576,True,0.0212511225265119
46,19,-10.5,-10.0,24,-2.4610885550413024,0.1730288617073303,0.0218768324585797,0.1511520292487505,1.000000000000002,True,0.7000000000000014
46,20,-10.0,-9.5,138,-2.4610885550413024,0.1730288617073299,0.0218768324585797,0.1511520292487502,0.9999999999999999,True,0.6999999999999998
46,21,-9.5,-9.0,150,-2.4610885550413024,0.1742652792883845,0.0218768324585797,0.1523884468298047,1.008597984820239,True,0.7060185893741674
46,22,-9.0,-8.5,66,-2.4610885550413024,0.1742652792883844,0.0218768324585797,0.1523884468298047,1.008597984820239,True,0.7060185893741674
46,23,-8.5,-8.0,190,-2.4610885550413024,0.1084095066296018,0.0218768324585797,0.0865326741710221,0.550640299389703,True,0.3854482095727921
46,24,-8.0,-7.5,67,-2.4610885550413024,-0.3319971820381942,0.0218768324585797,-0.353874014496774,-0.9170808010388574,True,-0.6419565607272001
46,25,-7.5,-7.0,227,-2.4610885550413024,-0.0471940502497255,0.0218768324585797,-0.0690708827083053,-0.17900037258364732,True,-0.1253002608085531
46,26,-7.0,-6.5,120,-2.4610885550413024,-0.3596002763132453,0.0218768324585797,-0.3814771087718251,-0.9886154907077584,True,-0.6920308434954309
46,27,-6.5,-6.0,310,-2.4610885550413024,-0.1097777754265318,0.0218768324585797,-0.1316546078851116,-0.3411889777536505,True,-0.2388322844275553
46,28,-6.0,-5.5,85,-2.4610885550413024,-0.4035296880047526,0.0218768324585797,-0.4254065204633324,-1.1024605836301733,True,-0.7717224085411213
46,29,-5.5,-5.0,214,-2.4610885550413024,-0.1818459049959202,0.0218768324585797,-0.2037227374544999,-0.5279568535719786,True,-0.369569797500385
46,30,-5.0,-4.5,60,-2.4610885550413024,-0.5849326976139151,0.0218768324585797,-0.6068095300724948,-1.572574834883699,True,-1.1008023844185892
46,31,-4.5,-4.0,228,-2.4610885550413024,0.1007012052573409,0.0218768324585797,0.0788243727987611,0.49703716465264675,True,0.3479260152568527
46,32,-4.0,-3.5,113,-2.4610885550413024,-0.0044737772204479,0.0218768324585797,-0.0263506096790277,-0.0682888181735233,True,-0.0478021727214663
46,33,-3.5,-3.0,130,-2.4610885550413024,-0.0044737772204479,0.0218768324585797,-0.0263506096790277,-0.0682888181735233,True,-0.0478021727214663
46,34,-3.0,-2.5,159,-2.4610885550413024,-0.1304583430003315,0.0218768324585797,-0.1523351754589113,-0.3947836207609609,True,-0.2763485345326726
46,35,-2.5,-2.0,81,-2.4610885550413024,-0.5169794328164966,0.0218768324585797,-0.5388562652750764,-1.3964708205715932,True,-0.9775295744001152
46,36,-2.0,-1.5,176,-2.4610885550413024,-0.0016097959370235,0.0218768324585797,-0.0234866283956033,-0.06086667881893372,True,-0.0426066751732536
46,37,-1.5,-1.0,66,-2.4610885550413024,0.168338585752922,0.0218768324585797,0.1464617532943422,0.9673840601454889,True,0.6771688421018422
46,38,-1.0,-0.5,149,-2.4610885550413024,0.1683385857529214,0.0218768324585797,0.1464617532943416,0.9673840601454848,True,0.6771688421018394
46,39,-0.5,0.0,106,-2.4610885550413024,0.1048064386164656,0.0218768324585797,0.0829296061578858,0.5255847481277949,True,0.3679093236894564
46,40,0.0,0.5,69,-2.4610885550413024,0.1048064386164655,0.0218768324585797,0.0829296061578857,0.525584748127794,True,0.3679093236894558
46,41,0.5,1.0,189,-2.4610885550413024,-0.1669692464000434,0.0218768324585797,-0.1888460788586232,-0.48940330789474273,True,-0.3425823155263199
46,42,1.0,1.5,120,-2.4610885550413024,-0.4293106738117471,0.0218768324585797,-0.4511875062703269,-1.1692731953136613,True,-0.8184912367195628
46,43,1.5,2.0,89,-2.4610885550413024,-0.2455595891532705,0.0218768324585797,-0.2674364216118503,-0.6930737994637272,True,-0.485151659624609
46,44,2.0,2.5,146,-2.4610885550413024,-0.205560154476116,0.0218768324585797,-0.2274369869346957,-0.5894134229113799,True,-0.4125893960379659
46,45,2.5,3.0,114,-2.4610885550413024,-0.3836002497396408,0.0218768324585797,-0.4054770821982206,-1.050812526808556,True,-0.7355687687659892
46,46,3.0,3.5,170,-2.4610885550413024,-0.1208387758192439,0.0218768324585797,-0.1427156082778237,-0.3698540695232865,True,-0.2588978486663005
46,47,3.5,4.0,167,-2.4610885550413024,-0.1049246032273069,0.0218768324585797,-0.1268014356858866,-0.32861175855779057,True,-0.2300282309904534
46,48,4.0,4.5,117,-2.4610885550413024,-0.2774481402723928,0.0218768324585797,-0.2993249727309726,-0.7757144478478142,True,-0.5430001134934699
46,49,4.5,5.0,16,-2.4610885550413024,-0.0396125307740833,0.0218768324585797,-0.0614893632326631,-0.1593525158069893,True,-0.1115467610648925
46,50,5.0,5.5,131,-2.4610885550413024,-0.3022201329583779,0.0218768324585797,-0.3240969654169577,-0.839912207403847,True,-0.5879385451826928
46,51,5.5,6.0,115,-2.4610885550413024,-0.2045465913128979,0.0218768324585797,-0.2264234237714776,-0.5867867273091347,True,-0.4107507091163943
46,52,6.0,6.5,9,-2.4610885550413024,-0.2045465913128981,0.0218768324585797,-0.2264234237714778,-0.5867867273091352,True,-0.4107507091163946
46,53,6.5,7.0,141,-2.4610885550413024,-0.3895845320485986,0.0218768324585797,-0.4114613645071784,-1.0663210699304522,True,-0.7464247489513165
46,54,7.0,7.5,179,-2.4610885550413024,-0.2696206876529066,0.0218768324585797,-0.2914975201114863,-0.755429244006045,True,-0.5288004708042315
46,55,7.5,8.0,56,-2.4610885550413024,0.0171564416239788,0.0218768324585797,-0.0047203908346008,-0.01223311017614043,True,-0.0085631771232983
46,56,8.0,8.5,98,-2.4610885550413024,0.0171564416239788,0.0218768324585797,-0.0047203908346008,-0.01223311017614043,True,-0.0085631771232983
46,57,8.5,9.0,204,-2.4610885550413024,-0.0244345671811067,0.0218768324585797,-0.0463113996396864,-0.12001812435759229,True,-0.0840126870503146
46,58,9.0,9.5,213,-2.4610885550413024,0.0059134286829442,0.0218768324585797,-0.0159634037756355,-0.04136989584466915,True,-0.0289589270912684
46,59,9.5,10.0,252,-2.4610885550413024,0.0166726045752722,0.0218768324585797,-0.0052042278833075,-0.013486996163873144,True,-0.0094408973147112
46,60,10.0,10.5,199,-2.4610885550413024,-0.0588119995487587,0.0218768324585797,-0.0806888320073385,-0.20910882308611656,True,-0.1463761761602816
46,61,10.5,11.0,237,-2.4610885550413024,-0.0521815154265475,0.0218768324585797,-0.0740583478851272,-0.19192561821384013,True,-0.1343479327496881
46,62,11.0,11.5,45,-2.4610885550413024,-0.5171492897111918,0.0218768324585797,-0.5390261221697715,-1.3969110125344606,True,-0.9778377087741223
46,63,11.5,12.0,118,-2.4610885550413024,-0.0936116693189459,0.0218768324585797,-0.1154885017775257,-0.2992937694832527,True,-0.2095056386382769
46,64,12.0,12.5,47,-2.4610885550413024,-0.9592696184527943,0.0218768324585797,-0.981146450911374,-2.5426861998267394,True,-1.7798803398787173
46,65,12.5,13.0,0,-2.4610885550413024,,0.0218768324585797,,,True,
46,66,13.0,13.5,0,-2.4610885550413024,,0.0218768324585797,,,True,
46,67,13.5,14.0,0,-2.4610885550413024,,0.0218768324585797,,,True,
46,68,14.0,14.5,0,-2.4610885550413024,,0.0218768324585797,,,True,
46,69,14.5,15.0,53,-2.4610885550413024,-0.7034864509735146,0.0218768324585797,-0.7253632834320943,-1.879812344967039,True,-1.3158686414769272
46,70,15.0,15.5,43,-2.4610885550413024,-0.7034864509735146,0.0218768324585797,-0.7253632834320943,-1.879812344967039,True,-1.3158686414769272
46,71,15.5,16.0,0,-2.4610885550413024,,0.0218768324585797,,,True,
46,72,16.0,16.5,0,-2.4610885550413024,,0.0218768324585797,,,True,
46,73,16.5,17.0,230,-2.4610885550413024,0.1108907150758291,0.0218768324585797,0.0890138826172494,0.5678944964210306,True,0.3975261474947214
46,74,17.0,17.5,200,-2.4610885550413024,0.1108907150758291,0.0218768324585797,0.0890138826172494,0.5678944964210306,True,0.3975261474947214
46,75,17.5,18.0,0,-2.4610885550413024,,0.0218768324585797,,,True,
46,76,18.0,18.5,163,-2.4610885550413024,0.3300391538840657,0.0218768324585797,0.3081623214254859,2.091841566670023,True,1.464289096669016
46,77,18.5,19.0,258,-2.4610885550413024,0.3300391538840675,0.0218768324585797,0.3081623214254877,2.091841566670036,True,1.464289096669025
46,78,19.0,19.5,24,-2.4610885550413024,0.361322446875155,0.0218768324585797,0.3394456144165753,2.309383991159883,True,1.616568793811918
46,79,19.5,20.0,194,-2.4610885550413024,0.3613224468751558,0.0218768324585797,0.339445614416576,2.309383991159888,True,1.6165687938119215
47,0,-20.0,-19.5,100,-2.6161874544153214,0.1760257872927866,0.0196495392881812,0.1563762480046054,0.9165742307609961,True,0.6416019615326972
47,1,-19.5,-19.0,203,-2.6161874544153214,0.0120475282097669,0.0196495392881812,-0.0076020110784142,-0.03949971409634886,True,-0.0276497998674442
47,2,-19.0,-18.5,128,-2.6161874544153214,-0.0301448689572638,0.0196495392881812,-0.0497944082454451,-0.25872954787935604,True,-0.1811106835155492
47,3,-18.5,-18.0,96,-2.6161874544153214,0.2071546675215949,0.0196495392881812,0.1875051282334137,1.1008593633925734,True,0.7706015543748013
47,4,-18.0,-17.5,252,-2.6161874544153214,0.0833833847125452,0.0196495392881812,0.063733845424364,0.3681247741368586,True,0.257687341895801
47,5,-17.5,-17.0,78,-2.6161874544153214,0.3815785855466451,0.0196495392881812,0.3619290462584639,2.133461070588525,True,1.4934227494119672
47,6,-17.0,-16.5,126,-2.6161874544153214,0.3815785855466463,0.0196495392881812,0.361929046258465,2.1334610705885315,True,1.4934227494119718
47,7,-16.5,-16.0,134,-2.6161874544153214,0.0373659549460239,0.0196495392881812,0.0177164156578426,0.09569839433924715,True,0.066988876037473
47,8,-16.0,-15.5,76,-2.6161874544153214,0.0373659549460239,0.0196495392881812,0.0177164156578426,0.09569839433924715,True,0.066988876037473
47,9,-15.5,-15.0,172,-2.6161874544153214,-0.0061259063202452,0.0196495392881812,-0.0257754456084264,-0.13392807794371414,True,-0.0937496545605999
47,10,-15.0,-14.5,181,-2.6161874544153214,0.2333185504061177,0.0196495392881812,0.2136690111179364,1.2557513669625942,True,0.8790259568738158
47,11,-14.5,-14.0,28,-2.6161874544153214,0.1032836609727412,0.0196495392881812,0.0836341216845599,0.48593579152839633,True,0.3401550540698774
47,12,-14.0,-13.5,167,-2.6161874544153214,-0.0925581835630532,0.0196495392881812,-0.1122077228512345,-0.5830263763507546,True,-0.4081184634455282
47,13,-13.5,-13.0,183,-2.6161874544153214,0.171603210883479,0.0196495392881812,0.1519536715952978,0.8903922713017451,True,0.6232745899112215
47,14,-13.0,-12.5,176,-2.6161874544153214,-0.139829576920276,0.0196495392881812,-0.1594791162084572,-0.8286464502083488,True,-0.5800525151458441
47,15,-12.5,-12.0,192,-2.6161874544153214,-0.0372926884043925,0.0196495392881812,-0.0569422276925737,-0.29586930230244474,True,-0.2071085116117113
47,16,-12.0,-11.5,161,-2.6161874544153214,0.0648325713213504,0.0196495392881812,0.0451830320331691,0.2583026706403055,True,0.1808118694482138
47,17,-11.5,-11.0,189,-2.6161874544153214,-0.0242830671118125,0.0196495392881812,-0.0439326063999938,-0.22827188416425973,True,-0.1597903189149818
47,18,-11.0,-10.5,83,-2.6161874544153214,0.1715400420257341,0.0196495392881812,0.1518905027375528,0.8900183072772715,True,0.62301281509409
47,19,-10.5,-10.0,264,-2.6161874544153214,0.0522024111027092,0.0196495392881812,0.0325528718145279,0.18353124507208574,True,0.12847187155046
47,20,-10.0,-9.5,0,-2.6161874544153214,,0.0196495392881812,,,True,
47,21,-9.5,-9.0,191,-2.6161874544153214,0.0069664230011055,0.0196495392881812,-0.0126831162870757,-0.06590091253783628,True,-0.0461306387764854
47,22,-9.0,-8.5,152,-2.6161874544153214,0.2810737493946005,0.0196495392881812,0.2614242101064193,1.5384654612298023,True,1.0769258228608616
47,23,-8.5,-8.0,85,-2.6161874544153214,0.2810737493946004,0.0196495392881812,0.2614242101064192,1.5384654612298017,True,1.0769258228608611
47,24,-8.0,-7.5,167,-2.6161874544153214,0.0884722727504156,0.0196495392881812,0.0688227334622343,0.39825134470775503,True,0.2787759412954285
47,25,-7.5,-7.0,225,-2.6161874544153214,-0.1759164937097423,0.0196495392881812,-0.1955660329979236,-1.0161524773766235,True,-0.7113067341636364
47,26,-7.0,-6.5,56,-2.6161874544153214,0.1460294362760981,0.0196495392881812,0.1263798969879168,0.7389937497111824,True,0.5172956247978276
47,27,-6.5,-6.0,139,-2.6161874544153214,-0.0098594081570015,0.0196495392881812,-0.0295089474451828,-0.15332718873280743,True,-0.1073290321129652
47,28,-6.0,-5.5,175,-2.6161874544153214,-0.019809236479749,0.0196495392881812,-0.0394587757679303,-0.20502605762451986,True,-0.1435182403371639
47,29,-5.5,-5.0,65,-2.6161874544153214,-0.420886559643553,0.0196495392881812,-0.4405360989317342,-2.2890061297509052,True,-1.6023042908256335
47,30,-5.0,-4.5,264,-2.6161874544153214,-0.1055233958742892,0.0196495392881812,-0.1251729351624705,-0.6503930473815887,True,-0.455275133167112
47,31,-4.5,-4.0,140,-2.6161874544153214,-0.1027967000104573,0.0196495392881812,-0.1224462392986385,-0.636225255998742,True,-0.4453576791991194
47,32,-4.0,-3.5,125,-2.6161874544153214,-0.6055337425635431,0.0196495392881812,-0.6251832818517243,-3.248424743957569,True,-2.273897320770298
47,33,-3.5,-3.0,115,-2.6161874544153214,0.032332655575257,0.0196495392881812,0.0126831162870757,0.06590091253783628,True,0.0461306387764854
47,34,-3.0,-2.5,155,-2.6161874544153214,0.0525365061064386,0.0196495392881812,0.0328869668182574,0.18550911069466158,True,0.1298563774862631
47,35,-2.5,-2.0,122,-2.6161874544153214,-0.1619391809343564,0.0196495392881812,-0.1815887202225377,-0.9435269769967741,True,-0.6604688838977418
47,36,-2.0,-1.5,12,-2.6161874544153214,0.0384715473600985,0.0196495392881812,0.0188220080719173,0.10224357820601743,True,0.0715705047442122
47,37,-1.5,-1.0,152,-2.6161874544153214,0.0325920628528184,0.0196495392881812,0.0129425235646371,0.06743662163497101,True,0.0472056351444797
47,38,-1.0,-0.5,165,-2.6161874544153214,-0.1714755461242408,0.0196495392881812,-0.1911250854124221,-0.9930775096957328,True,-0.6951542567870129
47,39,-0.5,0.0,0,-2.6161874544153214,,0.0196495392881812,,,True,
47,40,0.0,0.5,152,-2.6161874544153214,-0.1277071220042659,0.0196495392881812,-0.1473566612924471,-0.7656587094132953,True,-0.5359610965893067
47,41,0.5,1.0,152,-2.6161874544153214,-0.2798816738323843,0.0196495392881812,-0.2995312131205656,-1.5563509654425511,True,-1.0894456758097857
47,42,1.0,1.5,67,-2.6161874544153214,-0.0408653189948459,0.0196495392881812,-0.0605148582830272,-0.31443253319479186,True,-0.2201027732363543
47,43,1.5,2.0,177,-2.6161874544153214,-0.1344304963829379,0.0196495392881812,-0.1540800356711191,-0.8005930659909053,True,-0.5604151461936336
47,44,2.0,2.5,151,-2.6161874544153214,-0.014409527379109,0.0196495392881812,-0.0340590666672902,-0.17696940741989672,True,-0.1238785851939277
47,45,2.5,3.0,136,-2.6161874544153214,-0.4066278163697974,0.0196495392881812,-0.4262773556579786,-2.2149183289206977,True,-1.5504428302444884
47,46,3.0,3.5,141,-2.6161874544153214,-0.285996925096928,0.0196495392881812,-0.3056464643851092,-1.5881255411548498,True,-1.1116878788083948
47,47,3.5,4.0,175,-2.6161874544153214,-0.112565763906767,0.0196495392881812,-0.1322153031949482,-0.6869848809075882,True,-0.4808894166353117
47,48,4.0,4.5,94,-2.6161874544153214,-0.0971735125894992,0.0196495392881812,-0.1168230518776805,-0.6070074223035613,True,-0.4249051956124929
47,49,4.5,5.0,65,-2.6161874544153214,-0.0971735125894991,0.0196495392881812,-0.1168230518776804,-0.607007422303561,True,-0.4249051956124926
47,50,5.0,5.5,160,-2.6161874544153214,-0.1289094076275785,0.0196495392881812,-0.1485589469157598,-0.7719057324566909,True,-0.5403340127196836
47,51,5.5,6.0,61,-2.6161874544153214,-0.2501165144460811,0.0196495392881812,-0.2697660537342624,-1.4016925107699887,True,-0.981184757538992
47,52,6.0,6.5,78,-2.6161874544153214,-0.4347840987361665,0.0196495392881812,-0.4544336380243478,-2.361217129595381,True,-1.6528519907167667
47,53,6.5,7.0,168,-2.6161874544153214,-0.3832485925002484,0.0196495392881812,-0.4028981317884297,-2.09344091338997,True,-1.4654086393729788
47,54,7.0,7.5,172,-2.6161874544153214,-0.150708215214322,0.0196495392881812,-0.1703577545025032,-0.8851713747237243,True,-0.619619962306607
47,55,7.5,8.0,101,-2.6161874544153214,-0.1322958619520917,0.0196495392881812,-0.151945401240273,-0.7895015996869343,True,-0.552651119780854
47,56,8.0,8.5,11,-2.6161874544153214,0.0695827696926603,0.0196495392881812,0.049933230404479,0.28642417486560084,True,0.2004969224059206
47,57,8.5,9.0,128,-2.6161874544153214,-0.1628933605961364,0.0196495392881812,-0.1825428998843177,-0.9484848524126468,True,-0.6639393966888527
47,58,9.0,9.5,203,-2.6161874544153214,-0.0444942441449933,0.0196495392881812,-0.0641437834331745,-0.33328826813510043,True,-0.2333017876945703
47,59,9.5,10.0,329,-2.6161874544153214,-0.0601991680042979,0.0196495392881812,-0.0798487072924791,-0.414890359469709,True,-0.2904232516287963
47,60,10.0,10.5,265,-2.6161874544153214,0.1618625515756818,0.0196495392881812,0.1422130122875005,0.832726891780795,True,0.5829088242465564
47,61,10.5,11.0,211,-2.6161874544153214,-0.0843468770470058,0.0196495392881812,-0.103996416335187,-0.5403607900478966,True,-0.3782525530335276
47,62,11.0,11.5,217,-2.6161874544153214,-0.036705784152708,0.0196495392881812,-0.0563553234408892,-0.29281977371003104,True,-0.2049738415970217
47,63,11.5,12.0,48,-2.6161874544153214,0.1792955179729018,0.0196495392881812,0.1596459786847206,0.9359312634465767,True,0.6551518844126036
47,64,12.0,12.5,104,-2.6161874544153214,0.209152271043159,0.0196495392881812,0.1895027317549778,1.1126853149594422,True,0.7788797204716095
47,65,12.5,13.0,350,-2.6161874544153214,0.2378823541862389,0.0196495392881812,0.2182328148980577,1.2827694022642881,True,0.8979385815850016
47,66,13.0,13.5,351,-2.6161874544153214,0.2378823541862389,0.0196495392881812,0.2182328148980577,1.2827694022642881,True,0.8979385815850016
47,67,13.5,14.0,351,-2.6161874544153214,0.2378823541862389,0.0196495392881812,0.2182328148980577,1.2827694022642881,True,0.8979385815850016
47,68,14.0,14.5,349,-2.6161874544153214,0.2378823541862389,0.0196495392881812,0.2182328148980577,1.2827694022642881,True,0.8979385815850016
47,69,14.5,15.0,352,-2.6161874544153214,0.2378823541862389,0.0196495392881812,0.2182328148980577,1.2827694022642881,True,0.8979385815850016
47,70,15.0,15.5,263,-2.6161874544153214,0.2378823541862385,0.0196495392881812,0.2182328148980573,1.2827694022642857,True,0.897938581585
47,71,15.5,16.0,0,-2.6161874544153214,,0.0196495392881812,,,True,
47,72,16.0,16.5,0,-2.6161874544153214,,0.0196495392881812,,,True,
47,73,16.5,17.0,72,-2.6161874544153214,-0.3848398275894231,0.0196495392881812,-0.4044893668776043,-2.101708900694138,True,-1.4711962304858963
47,74,17.0,17.5,109,-2.6161874544153214,-0.6205193262818279,0.0196495392881812,-0.6401688655700092,-3.326289175663005,True,-2.3284024229641034
47,75,17.5,18.0,0,-2.6161874544153214,,0.0196495392881812,,,True,
47,76,18.0,18.5,64,-2.6161874544153214,-0.4065113231896369,0.0196495392881812,-0.4261608624778181,-2.21431303549728,True,-1.550019124848096
47,77,18.5,19.0,186,-2.6161874544153214,0.2294821682172944,0.0196495392881812,0.2098326289291132,1.2330397179955868,True,0.8631278025969107
47,78,19.0,19.5,349,-2.6161874544153214,0.2294821682172933,0.0196495392881812,0.2098326289291121,1.2330397179955803,True,0.8631278025969062
47,79,19.5,20.0,274,-2.6161874544153214,0.2202058404921079,0.0196495392881812,0.2005563012039266,1.1781232136881836,True,0.8246862495817284
48,0,-20.0,-19.5,274,-2.642832187939896,0.0888102978984346,-0.0184682251161719,0.1072785230146066,0.488836683075214,True,0.3421856781526498
48,1,-19.5,-19.0,119,-2.642832187939896,-0.040025502902069,-0.0184682251161719,-0.021557277785897,-0.07666392800725785,True,-0.0536647496050805
48,2,-19.0,-18.5,166,-2.642832187939896,0.0289402964694298,-0.0184682251161719,0.0474085215856018,0.20929584062774645,True,0.1465070884394225
48,3,-18.5,-18.0,161,-2.642832187939896,0.2377724694393043,-0.0184682251161719,0.2562406945554764,1.1843604835000023,True,0.8290523384500016
48,4,-18.0,-17.5,55,-2.642832187939896,-0.2539981225090912,-0.0184682251161719,-0.2355298973929192,-0.8376125815431322,True,-0.5863288070801925
48,5,-17.5,-17.0,245,-2.642832187939896,0.1815071944374412,-0.0184682251161719,0.1999754195536132,0.9216505787205541,True,0.6451554051043878
48,6,-17.0,-16.5,9,-2.642832187939896,0.1682653471623754,-0.0184682251161719,0.1867335722785473,0.8598226673378878,True,0.6018758671365214
48,7,-16.5,-16.0,171,-2.642832187939896,0.1682653471623752,-0.0184682251161719,0.1867335722785471,0.8598226673378867,True,0.6018758671365206
48,8,-16.0,-15.5,208,-2.642832187939896,0.1081744871683941,-0.0184682251161719,0.126642712284566,0.579250607455283,True,0.4054754252186981
48,9,-15.5,-15.0,58,-2.642832187939896,0.2655655795434453,-0.0184682251161719,0.2840338046596173,1.3141301382069561,True,0.9198910967448692
48,10,-15.0,-14.5,237,-2.642832187939896,-0.0543201233201726,-0.0184682251161719,-0.0358518982040006,-0.12749974139281958,True,-0.0892498189749737
48,11,-14.5,-14.0,40,-2.642832187939896,0.1222258902771734,-0.0184682251161719,0.1406941153933454,0.6448584405744286,True,0.4514009084021
48,12,-14.0,-13.5,97,-2.642832187939896,0.1222258902771732,-0.0184682251161719,0.1406941153933452,0.6448584405744278,True,0.4514009084020994
48,13,-13.5,-13.0,173,-2.642832187939896,0.202443408124876,-0.0184682251161719,0.2209116332410479,1.0194044900643806,True,0.7135831430450664
48,14,-13.0,-12.5,43,-2.642832187939896,-0.6935550409945536,-0.0184682251161719,-0.6750868158783816,-2.4008043856542858,True,-1.680563069958
48,15,-12.5,-12.0,118,-2.642832187939896,0.1029974314878915,-0.0184682251161719,0.1214656566040634,0.5550782595050118,True,0.3885547816535082
48,16,-12.0,-11.5,204,-2.642832187939896,0.0431863403233514,-0.0184682251161719,0.0616545654395233,0.2758124767629759,True,0.1930687337340831
48,17,-11.5,-11.0,133,-2.642832187939896,-0.0833381735926994,-0.0184682251161719,-0.0648699484765274,-0.23069633880640242,True,-0.1614874371644817
48,18,-11.0,-10.5,12,-2.642832187939896,0.0516474824314125,-0.0184682251161719,0.0701157075475845,0.31531865241857404,True,0.2207230566930018
48,19,-10.5,-10.0,186,-2.642832187939896,0.1674607963906113,-0.0184682251161719,0.1859290215067833,0.8560661148882045,True,0.5992462804217431
48,20,-10.0,-9.5,86,-2.642832187939896,-0.019773152928425,-0.0184682251161719,-0.0013049278122531,-0.004640701523022857,True,-0.003248491066116
48,21,-9.5,-9.0,12,-2.642832187939896,0.1059608313400044,-0.0184682251161719,0.1244290564561764,0.5689147597788707,True,0.3982403318452095
48,22,-9.0,-8.5,132,-2.642832187939896,0.1059608313400044,-0.0184682251161719,0.1244290564561764,0.5689147597788707,True,0.3982403318452095
48,23,-8.5,-8.0,129,-2.642832187939896,-0.0171632973039188,-0.0184682251161719,0.0013049278122531,0.004640701523022857,True,0.003248491066116
48,24,-8.0,-7.5,122,-2.642832187939896,-0.0516394809261363,-0.0184682251161719,-0.0331712558099643,-0.11796660007735858,True,-0.082576620054151
48,25,-7.5,-7.0,171,-2.642832187939896,-0.2721042911639535,-0.0184682251161719,-0.2536360660477815,-0.9020033652046824,True,-0.6314023556432776
48,26,-7.0,-6.5,81,-2.642832187939896,-0.0293965377830049,-0.0184682251161719,-0.010928312666833,-0.038864247325281,True,-0.0272049731276967
48,27,-6.5,-6.0,153,-2.642832187939896,-0.1350599785925724,-0.0184682251161719,-0.1165917534764004,-0.41463406852799883,True,-0.2902438479695992
48,28,-6.0,-5.5,162,-2.642832187939896,-0.1971757674877762,-0.0184682251161719,-0.1787075423716042,-0.6355358175925915,True,-0.444875072314814
48,29,-5.5,-5.0,106,-2.642832187939896,-0.4708400890504632,-0.0184682251161719,-0.4523718639342912,-1.6087654644342895,True,-1.1261358251040026
48,30,-5.0,-4.5,183,-2.642832187939896,-0.0647236032778494,-0.0184682251161719,-0.0462553781616775,-0.16449753148587445,True,-0.1151482720401121
48,31,-4.5,-4.0,93,-2.642832187939896,-0.3079700530386091,-0.0184682251161719,-0.2895018279224371,-1.0295524098286228,True,-0.7206866868800359
48,32,-4.0,-3.5,120,-2.642832187939896,-0.0437534234240341,-0.0184682251161719,-0.0252851983078621,-0.08992149389063128,True,-0.0629450457234419
48,33,-3.5,-3.0,198,-2.642832187939896,0.1496296613429063,-0.0184682251161719,0.1680978864590782,0.7728102205495211,True,0.5409671543846647
48,34,-3.0,-2.5,221,-2.642832187939896,-0.2987368317936568,-0.0184682251161719,-0.2802686066774849,-0.996716398907931,True,-0.6977014792355516
48,35,-2.5,-2.0,101,-2.642832187939896,0.1708540532002642,-0.0184682251161719,0.1893222783164361,0.8719096733410261,True,0.6103367713387182
48,36,-2.0,-1.5,113,-2.642832187939896,-0.0209748327831515,-0.0184682251161719,-0.0025066076669796,-0.008914223383505287,True,-0.0062399563684537
48,37,-1.5,-1.0,146,-2.642832187939896,0.203624450794347,-0.0184682251161719,0.2220926759105189,1.0249189322709977,True,0.7174432525896984
48,38,-1.0,-0.5,13,-2.642832187939896,0.1982874971756494,-0.0184682251161719,0.2167557222918214,1.0000000000000024,True,0.7000000000000017
48,39,-0.5,0.0,203,-2.642832187939896,0.1982874971756489,-0.0184682251161719,0.2167557222918208,0.9999999999999997,True,0.6999999999999997
48,40,0.0,0.5,73,-2.642832187939896,0.0866809413615318,-0.0184682251161719,0.1051491664777038,0.47889443978158913,True,0.3352261078471124
48,41,0.5,1.0,41,-2.642832187939896,0.0866809413615317,-0.0184682251161719,0.1051491664777036,0.47889443978158835,True,0.3352261078471118
48,42,1.0,1.5,101,-2.642832187939896,0.1595671808215191,-0.0184682251161719,0.178035405937691,0.819209794636448,True,0.5734468562455136
48,43,1.5,2.0,200,-2.642832187939896,-0.4338236512542124,-0.0184682251161719,-0.4153554261380405,-1.477124282719155,True,-1.0339869979034084
48,44,2.0,2.5,23,-2.642832187939896,-0.1636659426002058,-0.0184682251161719,-0.1451977174840338,-0.5163651677437882,True,-0.3614556174206517
48,45,2.5,3.0,104,-2.642832187939896,-0.0841936837481434,-0.0184682251161719,-0.0657254586319714,-0.233738780881781,True,-0.1636171466172467
48,46,3.0,3.5,101,-2.642832187939896,-0.1054544627330897,-0.0184682251161719,-0.0869862376169178,-0.3093482732151068,True,-0.2165437912505747
48,47,3.5,4.0,85,-2.642832187939896,0.0530718886095073,-0.0184682251161719,0.0715401137256793,0.32196939057638363,True,0.2253785734034685
48,48,4.0,4.5,54,-2.642832187939896,-0.4947242812962784,-0.0184682251161719,-0.4762560561801064,-1.6937045746981367,True,-1.1855932022886957
48,49,4.5,5.0,213,-2.642832187939896,-0.1675536640972223,-0.0184682251161719,-0.1490854389810503,-0.5301910322114497,True,-0.3711337225480148
48,50,5.0,5.5,43,-2.642832187939896,-0.5013927315155371,-0.0184682251161719,-0.4829245063993651,-1.717419516473563,True,-1.202193661531494
48,51,5.5,6.0,124,-2.642832187939896,-0.3785001690513443,-0.0184682251161719,-0.3600319439351723,-1.2803779449470352,True,-0.8962645614629245
48,52,6.0,6.5,85,-2.642832187939896,-0.0727055024971248,-0.0184682251161719,-0.0542372773809528,-0.192883478597807,True,-0.1350184350184649
48,53,6.5,7.0,134,-2.642832187939896,-0.2621875163776596,-0.0184682251161719,-0.2437192912614876,-0.8667364397685776,True,-0.6067155078380043
48,54,7.0,7.5,65,-2.642832187939896,-0.2731496606006266,-0.0184682251161719,-0.2546814354844546,-0.905721001913271,True,-0.6340047013392897
48,55,7.5,8.0,48,-2.642832187939896,-0.2289438641462487,-0.0184682251161719,-0.2104756390300767,-0.7485123770330444,True,-0.5239586639231311
48,56,8.0,8.5,73,-2.642832187939896,-0.2807590840759553,-0.0184682251161719,-0.2622908589597834,-0.9327823173206826,True,-0.6529476221244778
48,57,8.5,9.0,113,-2.642832187939896,-0.317845168125365,-0.0184682251161719,-0.299376943009193,-1.064671181298447,True,-0.745269826908913
48,58,9.0,9.5,171,-2.642832187939896,0.1462071600809967,-0.0184682251161719,0.1646753851971686,0.7568301159362576,True,0.5297810811553803
48,59,9.5,10.0,289,-2.642832187939896,0.0621675107189188,-0.0184682251161719,0.0806357358350908,0.3644380360809903,True,0.2551066252566932
48,60,10.0,10.5,286,-2.642832187939896,0.2382455821376118,-0.0184682251161719,0.2567138072537838,1.1865695083722378,True,0.8305986558605665
48,61,10.5,11.0,164,-2.642832187939896,0.4367611008078207,-0.0184682251161719,0.4552293259239927,2.11346434724695,True,1.4794250430728648
48,62,11.0,11.5,130,-2.642832187939896,0.2315081011086652,-0.0184682251161719,0.2499763262248372,1.1551113310237882,True,0.8085779317166517
48,63,11.5,12.0,81,-2.642832187939896,0.4325116128397318,-0.0184682251161719,0.4509798379559038,2.0936229338810493,True,1.4655360537167343
48,64,12.0,12.5,74,-2.642832187939896,-0.1777239993152584,-0.0184682251161719,-0.1592557741990865,-0.5663596920352467,True,-0.3964517844246727
48,65,12.5,13.0,207,-2.642832187939896,0.1681000433612918,-0.0184682251161719,0.1865682684774637,0.8590508423385268,True,0.6013355896369688
48,66,13.0,13.5,46,-2.642832187939896,-0.5914977463958725,-0.0184682251161719,-0.5730295212797005,-2.037859065589458,True,-1.4265013459126203
48,67,13.5,14.0,43,-2.642832187939896,-0.4356627760656564,-0.0184682251161719,-0.4171945509494845,-1.4836647436039307,True,-1.0385653205227514
48,68,14.0,14.5,11,-2.642832187939896,-0.4356627760656563,-0.0184682251161719,-0.4171945509494844,-1.48366474360393,True,-1.038565320522751
48,69,14.5,15.0,0,-2.642832187939896,,-0.0184682251161719,,,True,
48,70,15.0,15.5,103,-2.642832187939896,-0.4647361086486347,-0.0184682251161719,-0.4462678835324628,-1.5870579409366043,True,-1.110940558655623
48,71,15.5,16.0,78,-2.642832187939896,-0.2863242163631412,-0.0184682251161719,-0.2678559912469692,-0.952573540741981,True,-0.6668014785193866
48,72,16.0,16.5,181,-2.642832187939896,-0.3379751374745908,-0.0184682251161719,-0.3195069123584188,-1.1362591868112286,True,-0.79538143076786
48,73,16.5,17.0,53,-2.642832187939896,-0.541501465394133,-0.0184682251161719,-0.523033240277961,-1.8600577993342386,True,-1.302040459533967
48,74,17.0,17.5,0,-2.642832187939896,,-0.0184682251161719,,,True,
48,75,17.5,18.0,35,-2.642832187939896,-0.3968900895798027,-0.0184682251161719,-0.3784218644636307,-1.3457778325142522,True,-0.9420444827599764
48,76,18.0,18.5,90,-2.642832187939896,-0.455094427110295,-0.0184682251161719,-0.436626201994123,-1.552769326823752,True,-1.0869385287766262
48,77,18.5,19.0,4,-2.642832187939896,-0.4652326948915104,-0.0184682251161719,-0.4467644697753384,-1.5888239455477302,True,-1.112176761883411
48,78,19.0,19.5,324,-2.642832187939896,-0.0639354005313554,-0.0184682251161719,-0.0454671754151834,-0.1616944540652236,True,-0.1131861178456565
48,79,19.5,20.0,92,-2.642832187939896,0.050393470908531,-0.0184682251161719,0.0688616960247029,0.3094635091217956,True,0.2166244563852569
49,0,-20.0,-19.5,63,-2.512040327162924,-0.1793314902377036,0.022058674848564,-0.2013901650862676,-1.0278856303738673,True,-0.719519941261707
49,1,-19.5,-19.0,238,-2.512040327162924,-0.258967753758687,0.022058674848564,-0.2810264286072511,-1.4356070213535523,True,-1.0049249149474866
49,2,-19.0,-18.5,238,-2.512040327162924,0.0021999154088174,0.022058674848564,-0.0198587594397465,-0.09848193984040914,True,-0.0689373578882864
49,3,-18.5,-18.0,50,-2.512040327162924,0.0945781127022007,0.022058674848564,0.0725194378536366,0.3476657929199526,True,0.2433660550439668
49,4,-18.0,-17.5,187,-2.512040327162924,-0.1452183884284612,0.022058674848564,-0.1672770632770252,-0.8532335220836396,True,-0.5972634654585477
49,5,-17.5,-17.0,169,-2.512040327162924,0.1528948472089022,0.022058674848564,0.1308361723603382,0.6272423360213285,True,0.4390696352149299
49,6,-17.0,-16.5,193,-2.512040327162924,-0.0219265446526497,0.022058674848564,-0.0439852195012138,-0.2220044837262776,True,-0.1554031386083943
49,7,-16.5,-16.0,143,-2.512040327162924,-0.21701279092418,0.022058674848564,-0.239071465772744,-1.220806187549001,True,-0.8545643312843008
49,8,-16.0,-15.5,217,-2.512040327162924,0.1481569179995601,0.022058674848564,0.1260982431509961,0.6045282063463434,True,0.4231697444424404
49,9,-15.5,-15.0,173,-2.512040327162924,0.14933114148122,0.022058674848564,0.1272724666326559,0.6101575569025406,True,0.4271102898317784
49,10,-15.0,-14.5,53,-2.512040327162924,0.1493311414812205,0.022058674848564,0.1272724666326565,0.6101575569025435,True,0.4271102898317804
49,11,-14.5,-14.0,189,-2.512040327162924,0.022058674848564,0.022058674848564,0.0,0.0,True,0.0
49,12,-14.0,-13.5,62,-2.512040327162924,0.0278220075966846,0.022058674848564,0.0057633327481205,0.02763002181264643,True,0.0193410152688525
49,13,-13.5,-13.0,79,-2.512040327162924,0.0278220075966846,0.022058674848564,0.0057633327481205,0.02763002181264643,True,0.0193410152688525
49,14,-13.0,-12.5,204,-2.512040327162924,0.1252223931779124,0.022058674848564,0.1031637183293484,0.4945776883424226,True,0.3462043818396958
49,15,-12.5,-12.0,147,-2.512040327162924,-0.5358395298018497,0.022058674848564,-0.5578982046504137,-2.853133920033191,True,-1.9971937440232337
49,16,-12.0,-11.5,170,-2.512040327162924,0.034837671595158,0.022058674848564,0.0127789967465939,0.06126385101871372,True,0.0428846957130996
49,17,-11.5,-11.0,179,-2.512040327162924,0.2660829465382483,0.022058674848564,0.2440242716896842,1.1698779585127967,True,0.8189145709589577
49,18,-11.0,-10.5,0,-2.512040327162924,,0.022058674848564,,,True,
49,19,-10.5,-10.0,221,-2.512040327162924,0.1141151115306303,0.022058674848564,0.0920564366820663,0.44132821488564616,True,0.3089297504199523
49,20,-10.0,-9.5,173,-2.512040327162924,0.0231006806295034,0.022058674848564,0.0010420057809394,0.004995485028284714,True,0.0034968395197993
49,21,-9.5,-9.0,99,-2.512040327162924,0.2217894960969365,0.022058674848564,0.1997308212483725,0.957530510371801,True,0.6702713572602607
49,22,-9.0,-8.5,130,-2.512040327162924,0.1529108481546291,0.022058674848564,0.1308521733060651,0.6273190462337662,True,0.4391233323636363
49,23,-8.5,-8.0,122,-2.512040327162924,0.2696461104731719,0.022058674848564,0.2475874356246079,1.1869601402202616,True,0.8308720981541831
49,24,-8.0,-7.5,81,-2.512040327162924,0.2696461104731719,0.022058674848564,0.2475874356246078,1.1869601402202612,True,0.8308720981541827
49,25,-7.5,-7.0,212,-2.512040327162924,-0.0326939460153782,0.022058674848564,-0.0547526208639423,-0.2771313777660947,True,-0.1939919644362663
49,26,-7.0,-6.5,85,-2.512040327162924,-0.1040635140194174,0.022058674848564,-0.1261221888679815,-0.6425289774734038,True,-0.4497702842313826
49,27,-6.5,-6.0,213,-2.512040327162924,-0.1040635140194178,0.022058674848564,-0.1261221888679818,-0.6425289774734053,True,-0.4497702842313837
49,28,-6.0,-5.5,120,-2.512040327162924,-0.0005180106735296,0.022058674848564,-0.0225766855220936,-0.11239716581761143,True,-0.078678016072328
49,29,-5.5,-5.0,49,-2.512040327162924,-0.0005180106735296,0.022058674848564,-0.0225766855220936,-0.11239716581761143,True,-0.078678016072328
49,30,-5.0,-4.5,161,-2.512040327162924,-0.1848375230981152,0.022058674848564,-0.2068961979466793,-1.0560753931448867,True,-0.7392527752014206
49,31,-4.5,-4.0,181,-2.512040327162924,-0.1080974474047664,0.022058674848564,-0.1301561222533304,-0.6631818918402421,True,-0.4642273242881695
49,32,-4.0,-3.5,136,-2.512040327162924,0.0233632730110833,0.022058674848564,0.0013045981625192,0.006254380453549001,True,0.0043780663174843
49,33,-3.5,-3.0,174,-2.512040327162924,-0.1711466949850784,0.022058674848564,-0.1932053698336424,-0.9859811517137783,True,-0.6901868061996448
49,34,-3.0,-2.5,200,-2.512040327162924,-0.0386246209043925,0.022058674848564,-0.0606832957529565,-0.3074952209235532,True,-0.2152466546464872
49,35,-2.5,-2.0,102,-2.512040327162924,-0.4886468000147194,0.022058674848564,-0.5107054748632834,-2.61151679006994,True,-1.828061753048958
49,36,-2.0,-1.5,84,-2.512040327162924,-0.0014586682375365,0.022058674848564,-0.0235173430861006,-0.11721314026788743,True,-0.0820491981875212
49,37,-1.5,-1.0,119,-2.512040327162924,0.1804322060390933,0.022058674848564,0.1583735311905293,0.7592593231350745,True,0.5314815261945521
49,38,-1.0,-0.5,173,-2.512040327162924,-0.0182315011094225,0.022058674848564,-0.0402901759579865,-0.203086616079484,True,-0.1421606312556388
49,39,-0.5,0.0,57,-2.512040327162924,-0.0160672610948395,0.022058674848564,-0.0381259359434036,-0.19200614959166185,True,-0.1344043047141633
49,40,0.0,0.5,207,-2.512040327162924,-0.4188487795816777,0.022058674848564,-0.4409074544302418,-2.2541651926900634,True,-1.5779156348830443
49,41,0.5,1.0,154,-2.512040327162924,-0.0097000788837724,0.022058674848564,-0.0317587537323365,-0.15940747817065332,True,-0.1115852347194573
49,42,1.0,1.5,195,-2.512040327162924,-0.3364078929148136,0.022058674848564,-0.3584665677633776,-1.832084704489412,True,-1.2824592931425882
49,43,1.5,2.0,32,-2.512040327162924,-0.1512643101465358,0.022058674848564,-0.1733229849950998,-0.8841874054485734,True,-0.6189311838140014
49,44,2.0,2.5,201,-2.512040327162924,-0.2305731055287692,0.022058674848564,-0.2526317803773333,-1.290232226494795,True,-0.9031625585463564
49,45,2.5,3.0,82,-2.512040327162924,-0.1466417935879776,0.022058674848564,-0.1687004684365416,-0.8605210655457052,True,-0.6023647458819936
49,46,3.0,3.5,143,-2.512040327162924,-0.4237137123801283,0.022058674848564,-0.4457723872286923,-2.2790726541894877,True,-1.5953508579326414
49,47,3.5,4.0,178,-2.512040327162924,-0.3575894912833744,0.022058674848564,-0.3796481661319384,-1.9405301584593495,True,-1.3583711109215446
49,48,4.0,4.5,186,-2.512040327162924,-0.3094943344277963,0.022058674848564,-0.3315530092763604,-1.6942927863684867,True,-1.1860049504579406
49,49,4.5,5.0,142,-2.512040327162924,-0.129921448138143,0.022058674848564,-0.151980122986707,-0.7749163146061897,True,-0.5424414202243327
49,50,5.0,5.5,68,-2.512040327162924,-0.6505404196097969,0.022058674848564,-0.672599094458361,-3.4403790301303188,True,-2.408265321091223
49,51,5.5,6.0,186,-2.512040327162924,-0.1633613759582154,0.022058674848564,-0.1854200508067795,-0.9461219096736648,True,-0.6622853367715653
49,52,6.0,6.5,191,-2.512040327162924,-0.2098224050847389,0.022058674848564,-0.231881079933303,-1.1839928818196956,True,-0.8287950172737869
49,53,6.5,7.0,5,-2.512040327162924,-0.0485218021939877,0.022058674848564,-0.0705804770425517,-0.358166766068418,True,-0.2507167362478926
49,54,7.0,7.5,127,-2.512040327162924,-0.2340982198060012,0.022058674848564,-0.2561568946545652,-1.3082800910345047,True,-0.9157960637241532
49,55,7.5,8.0,195,-2.512040327162924,-0.2938169905877755,0.022058674848564,-0.3158756654363396,-1.6140279904738897,True,-1.1298195933317228
49,56,8.0,8.5,190,-2.512040327162924,-0.3863997408813871,0.022058674848564,-0.4084584157299512,-2.088032747370726,True,-1.461622923159508
49,57,8.5,9.0,99,-2.512040327162924,-0.572681945438299,0.022058674848564,-0.594740620286863,-3.0417595572265634,True,-2.129231690058594
49,58,9.0,9.5,213,-2.512040327162924,-0.1632061977438079,0.022058674848564,-0.1852648725923719,-0.9453274289354853,True,-0.6617292002548396
49,59,9.5,10.0,313,-2.512040327162924,0.0577611150874504,0.022058674848564,0.0357024402388864,0.17116124396718857,True,0.119812870777032
49,60,10.0,10.5,206,-2.512040327162924,-0.0418902432149747,0.022058674848564,-0.0639489180635388,-0.3242145396361153,True,-0.2269501777452807
49,61,10.5,11.0,170,-2.512040327162924,0.07870351663395,0.022058674848564,0.0566448417853859,0.27156131400091776,True,0.1900929198006424
49,62,11.0,11.5,69,-2.512040327162924,0.1455041995982585,0.022058674848564,0.1234455247496944,0.5918107960398368,True,0.4142675572278857
49,63,11.5,12.0,190,-2.512040327162924,0.1455041995982578,0.022058674848564,0.1234455247496937,0.5918107960398333,True,0.4142675572278833
49,64,12.0,12.5,0,-2.512040327162924,,0.022058674848564,,,True,
49,65,12.5,13.0,0,-2.512040327162924,,0.022058674848564,,,True,
49,66,13.0,13.5,0,-2.512040327162924,,0.022058674848564,,,True,
49,67,13.5,14.0,0,-2.512040327162924,,0.022058674848564,,,True,
49,68,14.0,14.5,0,-2.512040327162924,,0.022058674848564,,,True,
49,69,14.5,15.0,0,-2.512040327162924,,0.022058674848564,,,True,
49,70,15.0,15.5,50,-2.512040327162924,-0.4802652185867373,0.022058674848564,-0.5023238934353014,-2.5686048064165896,True,-1.7980233644916126
49,71,15.5,16.0,101,-2.512040327162924,-0.515554602223547,0.022058674848564,-0.537613277072111,-2.7492792372231607,True,-1.9244954660562124
49,72,16.0,16.5,51,-2.512040327162924,-0.7355176887566934,0.022058674848564,-0.7575763636052575,-3.875445278173191,True,-2.7128116947212337
49,73,16.5,17.0,31,-2.512040327162924,-0.735517688756693,0.022058674848564,-0.757576363605257,-3.875445278173189,True,-2.712811694721232
49,74,17.0,17.5,143,-2.512040327162924,0.3783403756372578,0.022058674848564,0.3562817007886937,1.7080518502855302,True,1.1956362951998711
49,75,17.5,18.0,352,-2.512040327162924,0.3783403756372547,0.022058674848564,0.3562817007886906,1.7080518502855153,True,1.1956362951998607
49,76,18.0,18.5,351,-2.512040327162924,0.3783403756372547,0.022058674848564,0.3562817007886906,1.7080518502855153,True,1.1956362951998607
49,77,18.5,19.0,351,-2.512040327162924,0.3783403756372547,0.022058674848564,0.3562817007886906,1.7080518502855153,True,1.1956362951998607
49,78,19.0,19.5,261,-2.512040327162924,0.2321261830770527,0.022058674848564,0.2100675082284887,1.0070856721528465,True,0.7049599705069926
49,79,19.5,20.0,155,-2.512040327162924,-0.5564879395400153,0.022058674848564,-0.5785466143885793,-2.9588495572032483,True,-2.0711946900422737
50,0,-20.0,-19.5,87,-2.515159537318377,-0.1114257098868128,0.0705211085723398,-0.1819468184591527,-0.5036651399296038,True,-0.3525655979507227
50,1,-19.5,-19.0,227,-2.515159537318377,0.1107489709463251,0.0705211085723398,0.0402278623739852,0.3754409510215322,True,0.2628086657150725
50,2,-19.0,-18.5,0,-2.515159537318377,,0.0705211085723398,,,True,
50,3,-18.5,-18.0,182,-2.515159537318377,0.1611394785486953,0.0705211085723398,0.0906183699763554,0.8932217210132926,True,0.6252552047093047
50,4,-18.0,-17.5,177,-2.515159537318377,-0.3064010799619519,0.0705211085723398,-0.3769221885342918,-1.04339591336859,True,-0.7303771393580129
50,5,-17.5,-17.0,78,-2.515159537318377,-0.2385785765436811,0.0705211085723398,-0.309099685116021,-0.8556496754083567,True,-0.5989547727858496
50,6,-17.0,-16.5,223,-2.515159537318377,-0.0876090317489343,0.0705211085723398,-0.1581301403212742,-0.4377358171276999,True,-0.3064150719893899
50,7,-16.5,-16.0,152,-2.515159537318377,0.0315349995172224,0.0705211085723398,-0.0389861090551173,-0.107921337887888,True,-0.0755449365215216
50,8,-16.0,-15.5,95,-2.515159537318377,0.0315349995172224,0.0705211085723398,-0.0389861090551173,-0.107921337887888,True,-0.0755449365215216
50,9,-15.5,-15.0,199,-2.515159537318377,-0.1362091157026946,0.0705211085723398,-0.2067302242750345,-0.5722705580616644,True,-0.400589390643165
50,10,-15.0,-14.5,79,-2.515159537318377,-0.0806938689485368,0.0705211085723398,-0.1512149775208767,-0.41859326509522166,True,-0.2930152855666551
50,11,-14.5,-14.0,212,-2.515159537318377,-0.2806666354231489,0.0705211085723398,-0.3511877439954888,-0.9721578300681295,True,-0.6805104810476906
50,12,-14.0,-13.5,216,-2.515159537318377,0.1656738116784341,0.0705211085723398,0.0951527031060942,0.9398136410201643,True,0.657869548714115
50,13,-13.5,-13.0,143,-2.515159537318377,-0.5461718497083796,0.0705211085723398,-0.6166929582807195,-1.7071293016084899,True,-1.194990511125943
50,14,-13.0,-12.5,170,-2.515159537318377,0.0705211085723398,0.0705211085723398,0.0,0.0,True,0.0
50,15,-12.5,-12.0,214,-2.515159537318377,-0.0621401408290409,0.0705211085723398,-0.1326612494013808,-0.3672328392924497,True,-0.2570629875047148
50,16,-12.0,-11.5,74,-2.515159537318377,-0.3309559431049449,0.0705211085723398,-0.4014770516772848,-1.1113686797274824,True,-0.7779580758092377
50,17,-11.5,-11.0,261,-2.515159537318377,-0.1032033355747994,0.0705211085723398,-0.1737244441471392,-0.48090396529909735,True,-0.3366327757093681
50,18,-11.0,-10.5,140,-2.515159537318377,0.0568274424556669,0.0705211085723398,-0.0136936661166729,-0.03790680331325343,True,-0.0265347623192774
50,19,-10.5,-10.0,36,-2.515159537318377,0.0568274424556667,0.0705211085723398,-0.0136936661166731,-0.03790680331325386,True,-0.0265347623192777
50,20,-10.0,-9.5,212,-2.515159537318377,0.1233818742448587,0.0705211085723398,0.0528607656725188,0.505248621322486,True,0.3536740349257402
50,21,-9.5,-9.0,88,-2.515159537318377,-0.4524165628585422,0.0705211085723398,-0.5229376714308821,-1.4475959386716448,True,-1.0133171570701514
50,22,-9.0,-8.5,158,-2.515159537318377,0.1347750175780856,0.0705211085723398,0.0642539090057457,0.622317307636478,True,0.4356221153455346
50,23,-8.5,-8.0,0,-2.515159537318377,,0.0705211085723398,,,True,
50,24,-8.0,-7.5,233,-2.515159537318377,0.1524073752022437,0.0705211085723398,0.0818862666299038,0.8034961871875393,True,0.5624473310312775
50,25,-7.5,-7.0,33,-2.515159537318377,0.149230474922637,0.0705211085723398,0.0787093663502971,0.7708523828039451,True,0.5395966679627615
50,26,-7.0,-6.5,137,-2.515159537318377,0.0507148434711939,0.0705211085723398,-0.0198062651011459,-0.05482769837984843,True,-0.0383793888658939
50,27,-6.5,-6.0,240,-2.515159537318377,0.2291740521590718,0.0705211085723398,0.158652943586732,1.5923016784532316,True,1.114611174917262
50,28,-6.0,-5.5,65,-2.515159537318377,0.3021011045570354,0.0705211085723398,0.2315799959846955,2.341653632631023,True,1.6391575428417162
50,29,-5.5,-5.0,211,-2.515159537318377,0.0983884906978275,0.0705211085723398,0.0278673821254877,0.24843252651751013,True,0.1739027685622571
50,30,-5.0,-4.5,40,-2.515159537318377,0.1152885997170158,0.0705211085723398,0.0447674911446759,0.42208728566282916,True,0.2954610999639804
50,31,-4.5,-4.0,191,-2.515159537318377,0.194960542236047,0.0705211085723398,0.1244394336637071,1.2407454359193442,True,0.8685218051435408
50,32,-4.0,-3.5,98,-2.515159537318377,0.1151410167290862,0.0705211085723398,0.0446199081567464,0.42057081685225844,True,0.2943995717965809
50,33,-3.5,-3.0,151,-2.515159537318377,-0.1645113884903662,0.0705211085723398,-0.2350324970627061,-0.6506169029147824,True,-0.4554318320403476
50,34,-3.0,-2.5,191,-2.515159537318377,0.1473232601713157,0.0705211085723398,0.0768021515989759,0.7512550584373954,True,0.5258785409061767
50,35,-2.5,-2.0,108,-2.515159537318377,0.1163887252721414,0.0705211085723398,0.0458676166998015,0.43339147536290973,True,0.3033740327540368
50,36,-2.0,-1.5,45,-2.515159537318377,0.1163887252721412,0.0705211085723398,0.0458676166998013,0.43339147536290773,True,0.3033740327540354
50,37,-1.5,-1.0,252,-2.515159537318377,-0.2289323818978914,0.0705211085723398,-0.2994534904702313,-0.8289470816658309,True,-0.5802629571660816
50,38,-1.0,-0.5,169,-2.515159537318377,-0.0320117072519355,0.0705211085723398,-0.1025328158242754,-0.2838313165728903,True,-0.1986819216010232
50,39,-0.5,0.0,145,-2.515159537318377,-0.159464749496115,0.0705211085723398,-0.2299858580684549,-0.6366467980416138,True,-0.4456527586291297
50,40,0.0,0.5,79,-2.515159537318377,-0.1504234925204333,0.0705211085723398,-0.2209446010927732,-0.6116187926147502,True,-0.4281331548303251
50,41,0.5,1.0,47,-2.515159537318377,-0.1504234925204333,0.0705211085723398,-0.2209446010927732,-0.6116187926147502,True,-0.4281331548303251
50,42,1.0,1.5,215,-2.515159537318377,-0.4223773712956178,0.0705211085723398,-0.4928984798679577,-1.3644414556746853,True,-0.9551090189722796
50,43,1.5,2.0,239,-2.515159537318377,-0.3383457769112099,0.0705211085723398,-0.4088668854835497,-1.1318252159264075,True,-0.7922776511484853
50,44,2.0,2.5,39,-2.515159537318377,-0.0389811629599723,0.0705211085723398,-0.1095022715323122,-0.30312416221948557,True,-0.2121869135536399
50,45,2.5,3.0,183,-2.515159537318377,-0.3258694990703393,0.0705211085723398,-0.3963906076426792,-1.0972883865509964,True,-0.7681018705856975
50,46,3.0,3.5,141,-2.515159537318377,-0.2046797407617082,0.0705211085723398,-0.2752008493340481,-0.761810926194882,True,-0.5332676483364174
50,47,3.5,4.0,105,-2.515159537318377,-0.2457288264392755,0.0705211085723398,-0.3162499350116154,-0.875442995482292,True,-0.6128100968376043
50,48,4.0,4.5,268,-2.515159537318377,-0.3988812611100641,0.0705211085723398,-0.469402369682404,-1.2993995290027711,True,-0.9095796703019396
50,49,4.5,5.0,152,-2.515159537318377,-0.0863887673651539,0.0705211085723398,-0.1569098759374938,-0.43435788154843147,True,-0.304050517083902
50,50,5.0,5.5,165,-2.515159537318377,-0.261982546159322,0.0705211085723398,-0.3325036547316619,-0.9204365385763782,True,-0.6443055770034647
50,51,5.5,6.0,0,-2.515159537318377,,0.0705211085723398,,,True,
50,52,6.0,6.5,270,-2.515159537318377,-0.3375888018053008,0.0705211085723398,-0.4081099103776407,-1.129729757616833,True,-0.7908108303317831
50,53,6.5,7.0,213,-2.515159537318377,-0.3506809566567647,0.0705211085723398,-0.4212020652291046,-1.1659714575876572,True,-0.8161800203113599
50,54,7.0,7.5,92,-2.515159537318377,-0.2800173114872977,0.0705211085723398,-0.3505384200596376,-0.9703603717021094,True,-0.6792522601914766
50,55,7.5,8.0,112,-2.515159537318377,-0.1792605139496601,0.0705211085723398,-0.249781622522,-0.6914454285312513,True,-0.4840117999718759
50,56,8.0,8.5,135,-2.515159537318377,-0.2838538827770158,0.0705211085723398,-0.3543749913493557,-0.980980767441096,True,-0.6866865372087672
50,57,8.5,9.0,37,-2.515159537318377,-0.0489489470538115,0.0705211085723398,-0.1194700556261514,-0.33071697979622544,True,-0.2315018858573578
50,58,9.0,9.5,281,-2.515159537318377,-0.2508389206971779,0.0705211085723398,-0.3213600292695178,-0.8895887572013279,True,-0.6227121300409295
50,59,9.5,10.0,340,-2.515159537318377,-0.1847725452638724,0.0705211085723398,-0.2552936538362123,-0.7067038323147303,True,-0.4946926826203112
50,60,10.0,10.5,307,-2.515159537318377,0.2588355503168323,0.0705211085723398,0.1883144417444924,1.8970843465784473,True,1.327959042604913
50,61,10.5,11.0,349,-2.515159537318377,0.392213393493731,0.0705211085723398,0.3216922849213911,3.2675901347901637,True,2.2873130943531144
50,62,11.0,11.5,175,-2.515159537318377,0.3922133934937284,0.0705211085723398,0.3216922849213885,3.2675901347901375,True,2.287313094353096
50,63,11.5,12.0,68,-2.515159537318377,-0.5702899756633046,0.0705211085723398,-0.6408110842356445,-1.7738930921864173,True,-1.241725164530492
50,64,12.0,12.5,57,-2.515159537318377,-0.9680187745373507,0.0705211085723398,-1.0385398831096906,-2.8748858593883475,True,-2.012420101571843
50,65,12.5,13.0,121,-2.515159537318377,-0.4042869579131372,0.0705211085723398,-0.4748080664854771,-1.314363577617603,True,-0.920054504332322
50,66,13.0,13.5,111,-2.515159537318377,-0.6108526740817388,0.0705211085723398,-0.6813737826540787,-1.8861787443778546,True,-1.3203251210644982
50,67,13.5,14.0,50,-2.515159537318377,-0.6670292449788531,0.0705211085723398,-0.7375503535511929,-2.041686714680795,True,-1.4291807002765562
50,68,14.0,14.5,43,-2.515159537318377,-0.6091612057443679,0.0705211085723398,-0.6796823143167078,-1.881496422125434,True,-1.3170474954878038
50,69,14.5,15.0,0,-2.515159537318377,,0.0705211085723398,,,True,
50,70,15.0,15.5,98,-2.515159537318377,-0.6086974376050072,0.0705211085723398,-0.679218546177347,-1.8802126192714785,True,-1.3161488334900349
50,71,15.5,16.0,68,-2.515159537318377,-0.7077469237995191,0.0705211085723398,-0.7782680323718589,-2.1544013835851237,True,-1.5080809685095864
50,72,16.0,16.5,0,-2.515159537318377,,0.0705211085723398,,,True,
50,73,16.5,17.0,126,-2.515159537318377,-0.4030229005850019,0.0705211085723398,-0.4735440091573418,-1.310864414420104,True,-0.9176050900940728
50,74,17.0,17.5,109,-2.515159537318377,-0.443592403574593,0.0705211085723398,-0.5141135121469329,-1.4231689030238126,True,-0.9962182321166688
50,75,17.5,18.0,351,-2.515159537318377,0.2741856476642633,0.0705211085723398,0.2036645390919234,2.054812172753936,True,1.4383685209277552
50,76,18.0,18.5,352,-2.515159537318377,0.2741856476642633,0.0705211085723398,0.2036645390919234,2.054812172753936,True,1.4383685209277552
50,77,18.5,19.0,315,-2.515159537318377,0.2741856476642628,0.0705211085723398,0.2036645390919229,2.0548121727539312,True,1.4383685209277517
50,78,19.0,19.5,0,-2.515159537318377,,0.0705211085723398,,,True,
50,79,19.5,20.0,309,-2.515159537318377,0.2635475590150717,0.0705211085723398,0.1930264504427318,1.9455019475924036,True,1.3618513633146825
51,0,-20.0,-19.5,236,-2.6338984705693744,0.1290048318503802,-0.0162559377980923,0.1452607696484725,0.6293985730392875,True,0.4405790011275012
51,1,-19.5,-19.0,211,-2.6338984705693744,-0.2302013432385912,-0.0162559377980923,-0.2139454054404989,-0.9174647534049355,True,-0.6422253273834548
51,2,-19.0,-18.5,138,-2.6338984705693744,-0.1272979427300842,-0.0162559377980923,-0.1110420049319919,-0.4761828161850991,True,-0.3333279713295694
51,3,-18.5,-18.0,139,-2.6338984705693744,-0.1028094091120268,-0.0162559377980923,-0.0865534713139344,-0.3711683317147229,True,-0.259817832200306
51,4,-18.0,-17.5,141,-2.6338984705693744,0.0845889408620124,-0.0162559377980923,0.1008448786601047,0.436689577234087,True,0.3056827040638609
51,5,-17.5,-17.0,121,-2.6338984705693744,0.0680006025301282,-0.0162559377980923,0.0842565403282205,0.36471709281738307,True,0.2553019649721681
51,6,-17.0,-16.5,126,-2.6338984705693744,-0.117444765431102,-0.0162559377980923,-0.1011888276330096,-0.433929312950228,True,-0.3037505190651596
51,7,-16.5,-16.0,152,-2.6338984705693744,0.2093912230521076,-0.0162559377980923,0.2256471608501999,0.9781742112212595,True,0.6847219478548816
51,8,-16.0,-15.5,0,-2.6338984705693744,,-0.0162559377980923,,,True,
51,9,-15.5,-15.0,118,-2.6338984705693744,0.080939160343971,-0.0162559377980923,0.0971950981420633,0.4208541290895177,True,0.2945978903626624
51,10,-15.0,-14.5,145,-2.6338984705693744,0.1168432065690458,-0.0162559377980923,0.1330991443671382,0.5766324448997245,True,0.4036427114298072
51,11,-14.5,-14.0,169,-2.6338984705693744,-0.0331141601822162,-0.0162559377980923,-0.0168582223841239,-0.07229332553625373,True,-0.0506053278753776
51,12,-14.0,-13.5,134,-2.6338984705693744,0.1711417270033692,-0.0162559377980923,0.1873976648014615,0.8122195988160332,True,0.5685537191712232
51,13,-13.5,-13.0,128,-2.6338984705693744,0.0654813601412633,-0.0162559377980923,0.0817372979393556,0.353786755495653,True,0.2476507288469571
51,14,-13.0,-12.5,226,-2.6338984705693744,0.153737707025762,-0.0162559377980923,0.1699936448238543,0.7367080839454502,True,0.5156956587618151
51,15,-12.5,-12.0,257,-2.6338984705693744,-0.1331627747649452,-0.0162559377980923,-0.1169068369668529,-0.5013330486266253,True,-0.3509331340386377
51,16,-12.0,-11.5,139,-2.6338984705693744,-0.2725152842715265,-0.0162559377980923,-0.2562593464734342,-1.0989201550549126,True,-0.7692441085384388
51,17,-11.5,-11.0,205,-2.6338984705693744,-0.1688161773895843,-0.0162559377980923,-0.1525602395914919,-0.6542259802589365,True,-0.4579581861812555
51,18,-11.0,-10.5,154,-2.6338984705693744,0.0006022845860316,-0.0162559377980923,0.0168582223841239,0.07229332553625373,True,0.0506053278753776
51,19,-10.5,-10.0,95,-2.6338984705693744,0.2070884301738043,-0.0162559377980923,0.2233443679718967,0.9681829920145705,True,0.6777280944101993
51,20,-10.0,-9.5,86,-2.6338984705693744,0.2070884301738043,-0.0162559377980923,0.2233443679718966,0.9681829920145703,True,0.6777280944101991
51,21,-9.5,-9.0,127,-2.6338984705693744,0.0728630779126398,-0.0162559377980923,0.0891190157107321,0.38581410848541786,True,0.2700698759397925
51,22,-9.0,-8.5,74,-2.6338984705693744,-0.3763772097378277,-0.0162559377980923,-0.3601212719397354,-1.5443125468190972,True,-1.081018782773368
51,23,-8.5,-8.0,235,-2.6338984705693744,-0.037194119714311,-0.0162559377980923,-0.0209381819162187,-0.08978946693881601,True,-0.0628526268571712
51,24,-8.0,-7.5,166,-2.6338984705693744,-0.1139645599427689,-0.0162559377980923,-0.0977086221446765,-0.4190051043018679,True,-0.2933035730113075
51,25,-7.5,-7.0,145,-2.6338984705693744,0.2804208012108758,-0.0162559377980923,0.2966767390089681,1.2863530718688603,True,0.9004471503082021
51,26,-7.0,-6.5,121,-2.6338984705693744,-0.1280518853531115,-0.0162559377980923,-0.1117959475550192,-0.4794159577489155,True,-0.3355911704242408
51,27,-6.5,-6.0,230,-2.6338984705693744,-0.2468848565073871,-0.0162559377980923,-0.2306289187092947,-0.9890088716605653,True,-0.6923062101623957
51,28,-6.0,-5.5,170,-2.6338984705693744,0.0419407294196551,-0.0162559377980923,0.0581966672177474,0.25165008310130116,True,0.1761550581709108
51,29,-5.5,-5.0,114,-2.6338984705693744,0.087916172314032,-0.0162559377980923,0.1041721101121244,0.4511255688952273,True,0.3157878982266591
51,30,-5.0,-4.5,158,-2.6338984705693744,-0.1306873783130073,-0.0162559377980923,-0.114431440514915,-0.4907177751147653,True,-0.3435024425803357
51,31,-4.5,-4.0,157,-2.6338984705693744,-0.1079861732771315,-0.0162559377980923,-0.0917302354790392,-0.3933679141193766,True,-0.2753575398835636
51,32,-4.0,-3.5,129,-2.6338984705693744,0.2921389846127972,-0.0162559377980923,0.3083949224108895,1.3371952210590419,True,0.9360366547413292
51,33,-3.5,-3.0,175,-2.6338984705693744,-0.1418972658597279,-0.0162559377980923,-0.1256413280616356,-0.5387892758444662,True,-0.3771524930911263
51,34,-3.0,-2.5,82,-2.6338984705693744,0.2831648432249393,-0.0162559377980923,0.2994207810230316,1.2982587562806835,True,0.9087811293964784
51,35,-2.5,-2.0,175,-2.6338984705693744,0.1702758959125387,-0.0162559377980923,0.186531833710631,0.8084629829666615,True,0.5659240880766631
51,36,-2.0,-1.5,124,-2.6338984705693744,0.1882194750549572,-0.0162559377980923,0.2044754128530496,0.8863155046821941,True,0.6204208532775358
51,37,-1.5,-1.0,192,-2.6338984705693744,-0.0753339114691699,-0.0162559377980923,-0.0590779736710776,-0.25334481212251486,True,-0.1773413684857604
51,38,-1.0,-0.5,147,-2.6338984705693744,-0.1445026794392497,-0.0162559377980923,-0.1282467416411574,-0.5499621034278968,True,-0.3849734723995277
51,39,-0.5,0.0,166,-2.6338984705693744,-0.4802023840917966,-0.0162559377980923,-0.4639464462937043,-1.9895473383294033,True,-1.3926831368305823
51,40,0.0,0.5,107,-2.6338984705693744,0.0862663914749612,-0.0162559377980923,0.1025223292730535,0.44396759903981503,True,0.3107773193278705
51,41,0.5,1.0,103,-2.6338984705693744,0.1499362989004745,-0.0162559377980923,0.1661922366985668,0.7202147630603253,True,0.5041503341422277
51,42,1.0,1.5,219,-2.6338984705693744,-0.0977169464823363,-0.0162559377980923,-0.081461008684244,-0.34933026063694905,True,-0.2445311824458643
51,43,1.5,2.0,46,-2.6338984705693744,-0.1599823084822222,-0.0162559377980923,-0.1437263706841299,-0.616343589926612,True,-0.4314405129486284
51,44,2.0,2.5,193,-2.6338984705693744,-0.1998895982175717,-0.0162559377980923,-0.1836336604194794,-0.7874785187684676,True,-0.5512349631379273
51,45,2.5,3.0,181,-2.6338984705693744,-0.2365639078716735,-0.0162559377980923,-0.2203079700735812,-0.9447494187619453,True,-0.6613245931333617
51,46,3.0,3.5,201,-2.6338984705693744,0.0043694317260362,-0.0162559377980923,0.0206253695241285,0.08863799691953958,True,0.0620465978436777
51,47,3.5,4.0,203,-2.6338984705693744,-0.129238767581493,-0.0162559377980923,-0.1129828297834007,-0.48450567962791874,True,-0.3391539757395431
51,48,4.0,4.5,105,-2.6338984705693744,-0.2281164555592783,-0.0162559377980923,-0.211860517761186,-0.908524103538492,True,-0.6359668724769444
51,49,4.5,5.0,41,-2.6338984705693744,0.0986260240117465,-0.0162559377980923,0.1148819618098389,0.4975928291474126,True,0.3483149804031888
51,50,5.0,5.5,167,-2.6338984705693744,-0.1608309908710052,-0.0162559377980923,-0.1445750530729129,-0.6199830052108092,True,-0.4339881036475664
51,51,5.5,6.0,55,-2.6338984705693744,-0.2145594743341868,-0.0162559377980923,-0.1983035365360944,-0.8503875316827658,True,-0.5952712721779361
51,52,6.0,6.5,144,-2.6338984705693744,-0.1468626091234206,-0.0162559377980923,-0.1306066713253283,-0.56008221935786,True,-0.392057553550502
51,53,6.5,7.0,125,-2.6338984705693744,-0.0230580298447864,-0.0162559377980923,-0.0068020920466941,-0.02916949625260114,True,-0.0204186473768208
51,54,7.0,7.5,85,-2.6338984705693744,-0.1780512154039458,-0.0162559377980923,-0.1617952776058535,-0.6938287090816776,True,-0.4856800963571743
51,55,7.5,8.0,128,-2.6338984705693744,0.0044706467512195,-0.0162559377980923,0.0207265845493118,0.08907714258181129,True,0.0623539998072679
51,56,8.0,8.5,200,-2.6338984705693744,-0.2670038225721782,-0.0162559377980923,-0.2507478847740859,-1.0752852850352357,True,-0.7526996995246649
51,57,8.5,9.0,258,-2.6338984705693744,-0.1242523275130313,-0.0162559377980923,-0.107996389714939,-0.4631222664232259,True,-0.3241855864962581
51,58,9.0,9.5,212,-2.6338984705693744,-0.0620405580289292,-0.0162559377980923,-0.0457846202308369,-0.19633875858813787,True,-0.1374371310116965
51,59,9.5,10.0,194,-2.6338984705693744,0.2535942721012606,-0.0162559377980923,0.2698502098993529,1.1699597412249507,True,0.8189718188574655
51,60,10.0,10.5,213,-2.6338984705693744,0.2327962478948846,-0.0162559377980923,0.2490521856929769,1.079722524986451,True,0.7558057674905158
51,61,10.5,11.0,140,-2.6338984705693744,0.2983066132087328,-0.0162559377980923,0.3145625510068252,1.3639549569727822,True,0.9547684698809474
51,62,11.0,11.5,264,-2.6338984705693744,0.0298611467566667,-0.0162559377980923,0.046117084554759,0.19923991653861658,True,0.1394679415770316
51,63,11.5,12.0,47,-2.6338984705693744,-0.3910741425953007,-0.0162559377980923,-0.3748182047972084,-1.6073375874930385,True,-1.125136311245127
51,64,12.0,12.5,47,-2.6338984705693744,-0.4632086740488801,-0.0162559377980923,-0.4469527362507878,-1.9166729993742935,True,-1.3416710995620054
51,65,12.5,13.0,138,-2.6338984705693744,0.1657781791205254,-0.0162559377980923,0.1820341169186177,0.7889485599275725,True,0.5522639919493008
51,66,13.0,13.5,21,-2.6338984705693744,-1.0701426835189451,-0.0162559377980923,-1.053886745720853,-4.519395690170227,True,-3.1635769831191585
51,67,13.5,14.0,0,-2.6338984705693744,,-0.0162559377980923,,,True,
51,68,14.0,14.5,0,-2.6338984705693744,,-0.0162559377980923,,,True,
51,69,14.5,15.0,0,-2.6338984705693744,,-0.0162559377980923,,,True,
51,70,15.0,15.5,0,-2.6338984705693744,,-0.0162559377980923,,,True,
51,71,15.5,16.0,0,-2.6338984705693744,,-0.0162559377980923,,,True,
51,72,16.0,16.5,52,-2.6338984705693744,-0.2243032521448125,-0.0162559377980923,-0.2080473143467202,-0.8921718957257905,True,-0.6245203270080533
51,73,16.5,17.0,105,-2.6338984705693744,-0.4272132282641856,-0.0162559377980923,-0.4109572904660933,-1.7623132797880738,True,-1.2336192958516516
51,74,17.0,17.5,0,-2.6338984705693744,,-0.0162559377980923,,,True,
51,75,17.5,18.0,91,-2.6338984705693744,-0.4575093612635756,-0.0162559377980923,-0.4412534234654833,-1.8922325651972611,True,-1.3245627956380828
51,76,18.0,18.5,189,-2.6338984705693744,0.2071690186128119,-0.0162559377980923,0.2234249564109042,0.9685326442856174,True,0.6779728509999321
51,77,18.5,19.0,351,-2.6338984705693744,0.587636583823126,-0.0162559377980923,0.6038925216212183,2.6192824276757802,True,1.833497699373046
51,78,19.0,19.5,65,-2.6338984705693744,0.5876365838231234,-0.0162559377980923,0.6038925216212158,2.619282427675769,True,1.8334976993730383
51,79,19.5,20.0,93,-2.6338984705693744,-0.2553422593931526,-0.0162559377980923,-0.2390863215950602,-1.0252768580520422,True,-0.7176938006364295
52,0,-20.0,-19.5,161,-2.484057431846645,0.0454519512387785,0.0165547088088582,0.0288972424299203,0.16937179727074772,True,0.1185602580895234
52,1,-19.5,-19.0,78,-2.484057431846645,-0.2745063047090009,0.0165547088088582,-0.2910610135178592,-1.280721332179228,True,-0.8965049325254595
52,2,-19.0,-18.5,231,-2.484057431846645,0.0756897324617043,0.0165547088088582,0.059135023652846,0.3771064331172937,True,0.2639745031821056
52,3,-18.5,-18.0,166,-2.484057431846645,-0.1252525488517007,0.0165547088088582,-0.141807257660559,-0.6239776937098116,True,-0.4367843855968681
52,4,-18.0,-17.5,155,-2.484057431846645,-0.0972717174842668,0.0165547088088582,-0.113826426293125,-0.5008569528340037,True,-0.3505998669838026
52,5,-17.5,-17.0,122,-2.484057431846645,0.1809700335921601,0.0165547088088582,0.1644153247833019,1.100385858148925,True,0.7702701007042474
52,6,-17.0,-16.5,132,-2.484057431846645,-0.060916792247391,0.0165547088088582,-0.0774715010562492,-0.34088867773627785,True,-0.2386220744153945
52,7,-16.5,-16.0,190,-2.484057431846645,-0.0523911236224796,0.0165547088088582,-0.0689458324313378,-0.30337418705597513,True,-0.2123619309391826
52,8,-16.0,-15.5,231,-2.484057431846645,-0.0523911236224795,0.0165547088088582,-0.0689458324313378,-0.30337418705597513,True,-0.2123619309391826
52,9,-15.5,-15.0,0,-2.484057431846645,,0.0165547088088582,,,True,
52,10,-15.0,-14.5,163,-2.484057431846645,-0.1135036126400165,0.0165547088088582,-0.1300583214488747,-0.5722802401248993,True,-0.4005961680874295
52,11,-14.5,-14.0,167,-2.484057431846645,-0.0839579982807962,0.0165547088088582,-0.1005127070896544,-0.44227416983451145,True,-0.309591918884158
52,12,-14.0,-13.5,131,-2.484057431846645,-0.2473637873521685,0.0165547088088582,-0.2639184961610268,-1.161289325234034,True,-0.8129025276638236
52,13,-13.5,-13.0,272,-2.484057431846645,-0.325444916013043,0.0165547088088582,-0.3419996248219012,-1.504860475172591,True,-1.0534023326208135
52,14,-13.0,-12.5,120,-2.484057431846645,0.2269804931016708,0.0165547088088582,0.2104257842928125,1.4164793565731337,True,0.9915355496011936
52,15,-12.5,-12.0,75,-2.484057431846645,0.2269804931016708,0.0165547088088582,0.2104257842928125,1.4164793565731337,True,0.9915355496011936
52,16,-12.0,-11.5,181,-2.484057431846645,0.2091356799081936,0.0165547088088582,0.1925809710993354,1.2938848532540195,True,0.9057193972778136
52,17,-11.5,-11.0,31,-2.484057431846645,-0.6024118133214778,0.0165547088088582,-0.618966522130336,-2.723565135763079,True,-1.9064955950341549
52,18,-11.0,-10.5,270,-2.484057431846645,-0.0696236578790856,0.0165547088088582,-0.0861783666879438,-0.3792004681617766,True,-0.2654403277132436
52,19,-10.5,-10.0,222,-2.484057431846645,-0.0788004749947152,0.0165547088088582,-0.0953551838035734,-0.41958013048564574,True,-0.293706091339952
52,20,-10.0,-9.5,127,-2.484057431846645,-0.0776626949109164,0.0165547088088582,-0.0942174037197746,-0.414573691433442,True,-0.2902015840034094
52,21,-9.5,-9.0,247,-2.484057431846645,0.0283583575102712,0.0165547088088582,0.011803648701413,0.05193819847851829,True,0.0363567389349628
52,22,-9.0,-8.5,98,-2.484057431846645,-0.0467785633591141,0.0165547088088582,-0.0633332721679724,-0.2786779023472967,True,-0.1950745316431077
52,23,-8.5,-8.0,135,-2.484057431846645,-0.046778563359114,0.0165547088088582,-0.0633332721679723,-0.27867790234729645,True,-0.1950745316431075
52,24,-8.0,-7.5,202,-2.484057431846645,0.1067708057131885,0.0165547088088582,0.0902160969043303,0.5906345152876095,True,0.4134441607013266
52,25,-7.5,-7.0,134,-2.484057431846645,-0.0341325022059387,0.0165547088088582,-0.050687211014797,-0.22303293605255461,True,-0.1561230552367882
52,26,-7.0,-6.5,144,-2.484057431846645,0.1171678874075419,0.0165547088088582,0.1006131785986837,0.6620628374822866,True,0.4634439862376006
52,27,-6.5,-6.0,105,-2.484057431846645,-0.2066358412307177,0.0165547088088582,-0.223190550039576,-0.9820789638628852,True,-0.6874552747040196
52,28,-6.0,-5.5,145,-2.484057431846645,0.0047510601074451,0.0165547088088582,-0.011803648701413,-0.05193819847851829,True,-0.0363567389349628
52,29,-5.5,-5.0,113,-2.484057431846645,0.0047510601074451,0.0165547088088582,-0.011803648701413,-0.05193819847851829,True,-0.0363567389349628
52,30,-5.0,-4.5,145,-2.484057431846645,0.1425982305893177,0.0165547088088582,0.1260435217804595,0.8367702024629419,True,0.5857391417240593
52,31,-4.5,-4.0,108,-2.484057431846645,0.0577235206840089,0.0165547088088582,0.0411688118751507,0.2536779171932557,True,0.177574542035279
52,32,-4.0,-3.5,63,-2.484057431846645,0.0577235206840089,0.0165547088088582,0.0411688118751507,0.2536779171932557,True,0.177574542035279
52,33,-3.5,-3.0,181,-2.484057431846645,0.1616048167352843,0.0165547088088582,0.1450501079264261,0.9673461274162196,True,0.6771422891913537
52,34,-3.0,-2.5,73,-2.484057431846645,0.1485842259858056,0.0165547088088582,0.1320295171769474,0.8778942044094113,True,0.6145259430865879
52,35,-2.5,-2.0,70,-2.484057431846645,0.1485842259858056,0.0165547088088582,0.1320295171769474,0.8778942044094113,True,0.6145259430865879
52,36,-2.0,-1.5,238,-2.484057431846645,-0.0981336957204528,0.0165547088088582,-0.1146884045293111,-0.5046498136559153,True,-0.3532548695591407
52,37,-1.5,-1.0,43,-2.484057431846645,0.100416124056911,0.0165547088088582,0.0838614152480528,0.546977625582135,True,0.3828843379074945
52,38,-1.0,-0.5,106,-2.484057431846645,0.1004161240569113,0.0165547088088582,0.083861415248053,0.5469776255821365,True,0.3828843379074955
52,39,-0.5,0.0,189,-2.484057431846645,0.0351557686566221,0.0165547088088582,0.0186010598477639,0.0986366555768143,True,0.06904565890377
52,40,0.0,0.5,71,-2.484057431846645,0.0351557686566219,0.0165547088088582,0.0186010598477637,0.09863665557681286,True,0.069045658903769
52,41,0.5,1.0,85,-2.484057431846645,-0.0164305664492019,0.0165547088088582,-0.0329852752580601,-0.14514120307702816,True,-0.1015988421539197
52,42,1.0,1.5,169,-2.484057431846645,-0.451545791608731,0.0165547088088582,-0.4681005004175892,-2.059727234653476,True,-1.441809064257433
52,43,1.5,2.0,44,-2.484057431846645,-0.243679864616894,0.0165547088088582,-0.2602345734257522,-1.145079395995686,True,-0.8015555771969801
52,44,2.0,2.5,220,-2.484057431846645,-0.4455333543855339,0.0165547088088582,-0.4620880631943921,-2.0332714186818723,True,-1.4232899930773104
52,45,2.5,3.0,205,-2.484057431846645,-0.1649104348792864,0.0165547088088582,-0.1814651436881446,-0.798479596286142,True,-0.5589357174002993
52,46,3.0,3.5,44,-2.484057431846645,-0.1610778127766812,0.0165547088088582,-0.1776325215855394,-0.7816153628195499,True,-0.5471307539736849
52,47,3.5,4.0,155,-2.484057431846645,-0.3426500289002324,0.0165547088088582,-0.3592047377090906,-1.580566097271729,True,-1.1063962680902102
52,48,4.0,4.5,140,-2.484057431846645,-0.1832404600898809,0.0165547088088582,-0.1997951688987391,-0.8791350369542581,True,-0.6153945258679806
52,49,4.5,5.0,72,-2.484057431846645,-0.1775499566063363,0.0165547088088582,-0.1941046654151945,-0.8540957879180122,True,-0.5978670515426086
52,50,5.0,5.5,49,-2.484057431846645,-0.1775499566063363,0.0165547088088582,-0.1941046654151945,-0.8540957879180122,True,-0.5978670515426086
52,51,5.5,6.0,102,-2.484057431846645,-0.2181287693920094,0.0165547088088582,-0.2346834782008676,-1.0326499355209167,True,-0.7228549548646416
52,52,6.0,6.5,138,-2.484057431846645,-0.1890068373335508,0.0165547088088582,-0.2055615461424091,-0.9045081443179068,True,-0.6331557010225347
52,53,6.5,7.0,46,-2.484057431846645,-0.3607498778030851,0.0165547088088582,-0.3773045866119433,-1.6602087203730944,True,-1.162146104261166
52,54,7.0,7.5,129,-2.484057431846645,-0.2119373720071422,0.0165547088088582,-0.2284920808160004,-1.0054066623289486,True,-0.7037846636302639
52,55,7.5,8.0,121,-2.484057431846645,-0.1020551149401855,0.0165547088088582,-0.1186098237490437,-0.5219047705683121,True,-0.3653333393978184
52,56,8.0,8.5,157,-2.484057431846645,-0.514291551074048,0.0165547088088582,-0.5308462598829062,-2.335819974384444,True,-1.6350739820691107
52,57,8.5,9.0,129,-2.484057431846645,-0.3443397386027764,0.0165547088088582,-0.3608944474116346,-1.5880011269072098,True,-1.1116007888350468
52,58,9.0,9.5,155,-2.484057431846645,-0.3424952220742978,0.0165547088088582,-0.359049930883156,-1.5798849191161763,True,-1.1059194433813233
52,59,9.5,10.0,248,-2.484057431846645,-0.0838348093410056,0.0165547088088582,-0.1003895181498639,-0.4417321161215413,True,-0.3092124812850789
52,60,10.0,10.5,245,-2.484057431846645,0.0600869715536479,0.0165547088088582,0.0435322627447896,0.2699149089925547,True,0.1889404362947883
52,61,10.5,11.0,199,-2.484057431846645,-0.0930784826320995,0.0165547088088582,-0.1096331914409577,-0.4824059577622143,True,-0.33768417043355
52,62,11.0,11.5,258,-2.484057431846645,-0.1031432062418318,0.0165547088088582,-0.1196979150506901,-0.5266925699528273,True,-0.3686847989669791
52,63,11.5,12.0,0,-2.484057431846645,,0.0165547088088582,,,True,
52,64,12.0,12.5,195,-2.484057431846645,-0.0104663929682804,0.0165547088088582,-0.0270211017771386,-0.11889775633878916,True,-0.0832284294371524
52,65,12.5,13.0,32,-2.484057431846645,-0.6604899865842396,0.0165547088088582,-0.6770446953930979,-2.979119648312236,True,-2.085383753818565
52,66,13.0,13.5,23,-2.484057431846645,-0.6604899865842401,0.0165547088088582,-0.6770446953930983,-2.979119648312238,True,-2.0853837538185664
52,67,13.5,14.0,50,-2.484057431846645,-0.6011298947089837,0.0165547088088582,-0.6176846035178419,-2.7179244610011253,True,-1.9025471227007875
52,68,14.0,14.5,43,-2.484057431846645,-0.9141657990477732,0.0165547088088582,-0.9307205078566316,-4.095339304642162,True,-2.8667375132495136
52,69,14.5,15.0,0,-2.484057431846645,,0.0165547088088582,,,True,
52,70,15.0,15.5,0,-2.484057431846645,,0.0165547088088582,,,True,
52,71,15.5,16.0,133,-2.484057431846645,-0.667746552861463,0.0165547088088582,-0.6843012616703212,-3.01104985812387,True,-2.107734900686709
52,72,16.0,16.5,0,-2.484057431846645,,0.0165547088088582,,,True,
52,73,16.5,17.0,52,-2.484057431846645,-0.732955812733555,0.0165547088088582,-0.7495105215424133,-3.2979824471519192,True,-2.3085877130063435
52,74,17.0,17.5,0,-2.484057431846645,,0.0165547088088582,,,True,
52,75,17.5,18.0,44,-2.484057431846645,-0.6508761355678876,0.0165547088088582,-0.6674308443767458,-2.936816957435777,True,-2.055771870205044
52,76,18.0,18.5,0,-2.484057431846645,,0.0165547088088582,,,True,
52,77,18.5,19.0,100,-2.484057431846645,-0.6917890666991541,0.0165547088088582,-0.7083437755080123,-3.1168412864535733,True,-2.181788900517501
52,78,19.0,19.5,81,-2.484057431846645,-0.8809163194160526,0.0165547088088582,-0.8974710282249109,-3.949035554326971,True,-2.7643248880288795
52,79,19.5,20.0,196,-2.484057431846645,0.1452188354675641,0.0165547088088582,0.1286641266587059,0.854773851476298,True,0.5983416960334086
53,0,-20.0,-19.5,126,-2.571629998838983,-0.2804641699554517,0.0692151993926319,-0.3496793693480837,-1.5471594122668992,True,-1.0830115885868294
53,1,-19.5,-19.0,197,-2.571629998838983,0.0117696554671384,0.0692151993926319,-0.0574455439254935,-0.25416830893631315,True,-0.1779178162554192
53,2,-19.0,-18.5,213,-2.571629998838983,-0.1899182905923684,0.0692151993926319,-0.2591334899850004,-1.1465383811784802,True,-0.8025768668249361
53,3,-18.5,-18.0,127,-2.571629998838983,0.0763417585998233,0.0692151993926319,0.0071265592071913,0.031531523220941576,True,0.0220720662546591
53,4,-18.0,-17.5,175,-2.571629998838983,-0.0077157209657465,0.0692151993926319,-0.0769309203583785,-0.34038152650732806,True,-0.2382670685551296
53,5,-17.5,-17.0,57,-2.571629998838983,-0.0077157209657465,0.0692151993926319,-0.0769309203583785,-0.34038152650732806,True,-0.2382670685551296
53,6,-17.0,-16.5,244,-2.571629998838983,0.1092243680904625,0.0692151993926319,0.0400091686978305,0.23122783430680172,True,0.1618594840147612
53,7,-16.5,-16.0,80,-2.571629998838983,0.0910846535007137,0.0692151993926319,0.0218694541080817,0.11998923622578014,True,0.0839924653580461
53,8,-16.0,-15.5,229,-2.571629998838983,0.0910846535007139,0.0692151993926319,0.0218694541080819,0.1199892362257813,True,0.0839924653580469
53,9,-15.5,-15.0,82,-2.571629998838983,0.1346910368571467,0.0692151993926319,0.0654758374645148,0.3873976856781476,True,0.2711783799747033
53,10,-15.0,-14.5,199,-2.571629998838983,-0.1124144701364201,0.0692151993926319,-0.1816296695290521,-0.8036220532046078,True,-0.5625354372432254
53,11,-14.5,-14.0,144,-2.571629998838983,0.1413561461375004,0.0692151993926319,0.0721409467448684,0.42827029195511374,True,0.2997892043685796
53,12,-14.0,-13.5,11,-2.571629998838983,0.1413561461375008,0.0692151993926319,0.0721409467448688,0.4282702919551162,True,0.2997892043685813
53,13,-13.5,-13.0,203,-2.571629998838983,-0.0523995736488432,0.0692151993926319,-0.1216147730414752,-0.5380856215012281,True,-0.3766599350508596
53,14,-13.0,-12.5,23,-2.571629998838983,0.0677410635677113,0.0692151993926319,-0.0014741358249206,-0.006522326783927001,True,-0.0045656287487489
53,15,-12.5,-12.0,164,-2.571629998838983,-0.1135666945661342,0.0692151993926319,-0.1827818939587662,-0.8087200802194686,True,-0.566104056153628
53,16,-12.0,-11.5,207,-2.571629998838983,0.2307555624476686,0.0692151993926319,0.1615403630550366,0.9764964335739413,True,0.6835475035017589
53,17,-11.5,-11.0,18,-2.571629998838983,0.1521525155838388,0.0692151993926319,0.0829373161912068,0.49447712203689226,True,0.3461339854258246
53,18,-11.0,-10.5,252,-2.571629998838983,-0.1412819385346711,0.0692151993926319,-0.2104971379273031,-0.9313464183106674,True,-0.6519424928174672
53,19,-10.5,-10.0,248,-2.571629998838983,-0.1530765494648974,0.0692151993926319,-0.2222917488575294,-0.9835317769972441,True,-0.6884722438980708
53,20,-10.0,-9.5,53,-2.571629998838983,0.0314061890017154,0.0692151993926319,-0.0378090103909165,-0.16728629545363258,True,-0.1171004068175428
53,21,-9.5,-9.0,236,-2.571629998838983,-0.0675676343109327,0.0692151993926319,-0.1367828337035647,-0.6051968378790714,True,-0.42363778651535
53,22,-9.0,-8.5,167,-2.571629998838983,0.1541385141991371,0.0692151993926319,0.0849233148065051,0.5066559080185351,True,0.3546591356129746
53,23,-8.5,-8.0,94,-2.571629998838983,-0.2521727560770481,0.0692151993926319,-0.3213879554696801,-1.4219838053961982,True,-0.9953886637773386
53,24,-8.0,-7.5,200,-2.571629998838983,0.1372450977859048,0.0692151993926319,0.0680298983932728,0.4030600135346789,True,0.2821420094742752
53,25,-7.5,-7.0,44,-2.571629998838983,0.1372450977859053,0.0692151993926319,0.0680298983932733,0.40306001353468207,True,0.2821420094742774
53,26,-7.0,-6.5,159,-2.571629998838983,0.2690829051295107,0.0692151993926319,0.1998677057368787,1.2115320978345254,True,0.8480724684841677
53,27,-6.5,-6.0,125,-2.571629998838983,0.0475246484711452,0.0692151993926319,-0.0216905509214867,-0.095970031283221,True,-0.0671790218982547
53,28,-6.0,-5.5,251,-2.571629998838983,-0.2586502910937498,0.0692151993926319,-0.3278654904863818,-1.4506437154391105,True,-1.0154506008073774
53,29,-5.5,-5.0,210,-2.571629998838983,0.0822850508301458,0.0692151993926319,0.0130698514375138,0.066027225969171,True,0.0462190581784197
53,30,-5.0,-4.5,98,-2.571629998838983,0.2887190171196999,0.0692151993926319,0.2195038177270679,1.331947088861175,True,0.9323629622028224
53,31,-4.5,-4.0,60,-2.571629998838983,0.2887190171196999,0.0692151993926319,0.2195038177270679,1.331947088861175,True,0.9323629622028224
53,32,-4.0,-3.5,188,-2.571629998838983,0.0899858030914796,0.0692151993926319,0.0207706036988476,0.11325073003709758,True,0.0792755110259683
53,33,-3.5,-3.0,110,-2.571629998838983,0.0592709110654095,0.0692151993926319,-0.0099442883272223,-0.04399859022979029,True,-0.0307990131608532
53,34,-3.0,-2.5,172,-2.571629998838983,0.0733140078673621,0.0692151993926319,0.0040988084747301,0.01813521376048186,True,0.0126946496323373
53,35,-2.5,-2.0,196,-2.571629998838983,0.0266696958314382,0.0692151993926319,-0.0425455035611937,-0.18824295069810487,True,-0.1317700654886734
53,36,-2.0,-1.5,181,-2.571629998838983,-0.1902970051479341,0.0692151993926319,-0.2595122045405661,-1.1482140070248041,True,-0.8037498049173629
53,37,-1.5,-1.0,257,-2.571629998838983,-0.0271932281735249,0.0692151993926319,-0.0964084275661569,-0.42655992662338815,True,-0.2985919486363717
53,38,-1.0,-0.5,49,-2.571629998838983,0.0706893352175526,0.0692151993926319,0.0014741358249206,0.006522326783927001,True,0.0045656287487489
53,39,-0.5,0.0,115,-2.571629998838983,0.0706893352175528,0.0692151993926319,0.0014741358249208,0.006522326783927858,True,0.0045656287487495
53,40,0.0,0.5,157,-2.571629998838983,0.0577821849349228,0.0692151993926319,-0.0114330144577091,-0.05058547194764629,True,-0.0354098303633524
53,41,0.5,1.0,0,-2.571629998838983,,0.0692151993926319,,,True,
53,42,1.0,1.5,228,-2.571629998838983,-0.1799832169339326,0.0692151993926319,-0.2491984163265646,-1.102580561330913,True,-0.7718063929316391
53,43,1.5,2.0,176,-2.571629998838983,-0.2875234643074004,0.0692151993926319,-0.3567386637000324,-1.5783933215505437,True,-1.1048753250853804
53,44,2.0,2.5,157,-2.571629998838983,-0.1303388850027689,0.0692151993926319,-0.1995540843954009,-0.8829287827424402,True,-0.6180501479197081
53,45,2.5,3.0,70,-2.571629998838983,-0.2917619581416522,0.0692151993926319,-0.3609771575342842,-1.5971465743996422,True,-1.1180026020797496
53,46,3.0,3.5,96,-2.571629998838983,-0.1285278226780128,0.0692151993926319,-0.1977430220706448,-0.8749157217283685,True,-0.6124410052098579
53,47,3.5,4.0,14,-2.571629998838983,-0.2315593652429801,0.0692151993926319,-0.3007745646356121,-1.3307796782922117,True,-0.931545774804548
53,48,4.0,4.5,237,-2.571629998838983,-0.2244830418107518,0.0692151993926319,-0.2936982412033838,-1.2994704236946986,True,-0.909629296586289
53,49,4.5,5.0,124,-2.571629998838983,-0.281294272257607,0.0692151993926319,-0.350509471650239,-1.5508322071255676,True,-1.0855825449878973
53,50,5.0,5.5,86,-2.571629998838983,-0.0907637154943155,0.0692151993926319,-0.1599789148869475,-0.707828100905783,True,-0.4954796706340481
53,51,5.5,6.0,136,-2.571629998838983,-0.1024159686646873,0.0692151993926319,-0.1716311680573193,-0.7593835964452181,True,-0.5315685175116527
53,52,6.0,6.5,140,-2.571629998838983,-0.1095323931145433,0.0692151993926319,-0.1787475925071753,-0.7908702783441466,True,-0.5536091948409025
53,53,6.5,7.0,30,-2.571629998838983,-0.0949070132011544,0.0692151993926319,-0.1641222125937864,-0.7261601576608345,True,-0.5083121103625842
53,54,7.0,7.5,153,-2.571629998838983,-0.2071243885391921,0.0692151993926319,-0.2763395879318241,-1.2226669112557447,True,-0.8558668378790212
53,55,7.5,8.0,174,-2.571629998838983,-0.2345150651007907,0.0692151993926319,-0.3037302644934228,-1.34385719803086,True,-0.940700038621602
53,56,8.0,8.5,47,-2.571629998838983,-0.6348780070792407,0.0692151993926319,-0.7040932064718727,-3.1152665184023647,True,-2.180686562881655
53,57,8.5,9.0,111,-2.571629998838983,-0.1092270924608554,0.0692151993926319,-0.1784422918534874,-0.7895194729454605,True,-0.5526636310618224
53,58,9.0,9.5,156,-2.571629998838983,-0.2457275239857741,0.0692151993926319,-0.3149427233784061,-1.393466819927911,True,-0.9754267739495376
53,59,9.5,10.0,60,-2.571629998838983,0.0680012543112051,0.0692151993926319,-0.0012139450814268,-0.005371110575399572,True,-0.0037597774027797
53,60,10.0,10.5,161,-2.571629998838983,-0.4726376964698461,0.0692151993926319,-0.5418528958624781,-2.397432852446041,True,-1.6782029967122287
53,61,10.5,11.0,0,-2.571629998838983,,0.0692151993926319,,,True,
53,62,11.0,11.5,103,-2.571629998838983,-0.2213500714040749,0.0692151993926319,-0.2905652707967069,-1.2856085688701475,True,-0.8999259982091031
53,63,11.5,12.0,65,-2.571629998838983,-0.093507523137568,0.0692151993926319,-0.1627227225302,-0.7199681016974291,True,-0.5039776711882004
53,64,12.0,12.5,108,-2.571629998838983,-0.2884335932427312,0.0692151993926319,-0.3576487926353632,-1.5824201949440146,True,-1.1076941364608102
53,65,12.5,13.0,174,-2.571629998838983,0.132814533337573,0.0692151993926319,0.063599333944941,0.3758903590452656,True,0.2631232513316859
53,66,13.0,13.5,188,-2.571629998838983,0.1451805377122972,0.0692151993926319,0.0759653383196652,0.45172269828645045,True,0.3162058888005153
53,67,13.5,14.0,50,-2.571629998838983,-0.5310781627404471,0.0692151993926319,-0.600293362133079,-2.6560032039551755,True,-1.8592022427686228
53,68,14.0,14.5,242,-2.571629998838983,0.0863929393934153,0.0692151993926319,0.0171777400007833,0.0912181275453953,True,0.0638526892817767
53,69,14.5,15.0,100,-2.571629998838983,0.1756513558024153,0.0692151993926319,0.1064361564097833,0.6385796121566434,True,0.4470057285096503
53,70,15.0,15.5,81,-2.571629998838983,0.2696928284553456,0.0692151993926319,0.2004776290627136,1.21527234497938,True,0.8506906414855661
53,71,15.5,16.0,219,-2.571629998838983,0.1047185491530899,0.0692151993926319,0.0355033497604579,0.20359669494568428,True,0.142517686461979
53,72,16.0,16.5,197,-2.571629998838983,-0.3764510450633383,0.0692151993926319,-0.4456662444559703,-1.9718541763707116,True,-1.380297923459498
53,73,16.5,17.0,249,-2.571629998838983,-0.1557886296690912,0.0692151993926319,-0.2250038290617232,-0.9955313994587118,True,-0.6968719796210983
53,74,17.0,17.5,75,-2.571629998838983,0.2624964018879736,0.0692151993926319,0.1932812024953416,1.171141529216718,True,0.8197990704517025
53,75,17.5,18.0,72,-2.571629998838983,0.2624964018879737,0.0692151993926319,0.1932812024953417,1.1711415292167187,True,0.819799070451703
53,76,18.0,18.5,198,-2.571629998838983,0.0340521698371922,0.0692151993926319,-0.0351630295554397,-0.15557913022418857,True,-0.108905391156932
53,77,18.5,19.0,134,-2.571629998838983,0.0220228939033181,0.0692151993926319,-0.0471923054893138,-0.20880276626124272,True,-0.1461619363828699
53,78,19.0,19.5,194,-2.571629998838983,-0.0202274242988636,0.0692151993926319,-0.0894426236914956,-0.39573966676996963,True,-0.2770177667389787
53,79,19.5,20.0,88,-2.571629998838983,0.2072148033056143,0.0692151993926319,0.1379996039129823,0.8321368830546086,True,0.582495818138226
54,0,-20.0,-19.5,0,-2.552604603968852,,-0.0597482912854841,,,True,
54,1,-19.5,-19.0,207,-2.552604603968852,0.2371257401483415,-0.0597482912854841,0.2968740314338257,0.7963240881343309,True,0.5574268616940316
54,2,-19.0,-18.5,86,-2.552604603968852,-0.395967771815062,-0.0597482912854841,-0.3362194805295779,-0.886836187595246,True,-0.6207853313166721
54,3,-18.5,-18.0,225,-2.552604603968852,0.1172806996978617,-0.0597482912854841,0.1770289909833459,0.47449736190428976,True,0.3321481533330028
54,4,-18.0,-17.5,25,-2.552604603968852,-0.3877409792276747,-0.0597482912854841,-0.3279926879421906,-0.8651366199115301,True,-0.605595633938071
54,5,-17.5,-17.0,266,-2.552604603968852,0.2012585656462983,-0.0597482912854841,0.2610068569317825,0.7000079176384499,True,0.4900055423469149
54,6,-17.0,-16.5,0,-2.552604603968852,,-0.0597482912854841,,,True,
54,7,-16.5,-16.0,48,-2.552604603968852,-0.6328669818088892,-0.0597482912854841,-0.573118690523405,-1.5116982327817357,True,-1.0581887629472149
54,8,-16.0,-15.5,62,-2.552604603968852,-0.1161567271694854,-0.0597482912854841,-0.0564084358840012,-0.14878686430894558,True,-0.1041508050162619
54,9,-15.5,-15.0,55,-2.552604603968852,-0.7784752251670569,-0.0597482912854841,-0.7187269338815727,-1.895764793169031,True,-1.3270353552183216
54,10,-15.0,-14.5,0,-2.552604603968852,,-0.0597482912854841,,,True,
54,11,-14.5,-14.0,0,-2.552604603968852,,-0.0597482912854841,,,True,
54,12,-14.0,-13.5,0,-2.552604603968852,,-0.0597482912854841,,,True,
54,13,-13.5,-13.0,0,-2.552604603968852,,-0.0597482912854841,,,True,
54,14,-13.0,-12.5,0,-2.552604603968852,,-0.0597482912854841,,,True,
54,15,-12.5,-12.0,49,-2.552604603968852,-0.3913010371022295,-0.0597482912854841,-0.3315527458167454,-0.8745268793578764,True,-0.6121688155505135
54,16,-12.0,-11.5,0,-2.552604603968852,,-0.0597482912854841,,,True,
54,17,-11.5,-11.0,71,-2.552604603968852,-0.4388707100957427,-0.0597482912854841,-0.3791224188102586,-1.0,True,-0.7
54,18,-11.0,-10.5,164,-2.552604603968852,0.3133974078849649,-0.0597482912854841,0.3731456991704491,1.00114075004639,True,0.700798525032473
54,19,-10.5,-10.0,101,-2.552604603968852,-0.0346201058631405,-0.0597482912854841,0.0251281854223436,0.06658946032030144,True,0.046612622224211
54,20,-10.0,-9.5,181,-2.552604603968852,0.0585335194468915,-0.0597482912854841,0.1182818107323757,0.3167402062944333,True,0.2217181444061033
54,21,-9.5,-9.0,139,-2.552604603968852,-0.3355100683837634,-0.0597482912854841,-0.2757617770982792,-0.727368689943633,True,-0.5091580829605431
54,22,-9.0,-8.5,139,-2.552604603968852,0.2604062622631034,-0.0597482912854841,0.3201545535485876,0.8588406027014541,True,0.6011884218910178
54,23,-8.5,-8.0,100,-2.552604603968852,-0.4720443095472006,-0.0597482912854841,-0.4122960182617164,-1.0875010229032653,True,-0.7612507160322857
54,24,-8.0,-7.5,212,-2.552604603968852,0.2374142119014298,-0.0597482912854841,0.297162503186914,0.7970987377949034,True,0.5579691164564323
54,25,-7.5,-7.0,0,-2.552604603968852,,-0.0597482912854841,,,True,
54,26,-7.0,-6.5,217,-2.552604603968852,0.3678051042435922,-0.0597482912854841,0.4275533955290763,1.147244841922017,True,0.8030713893454118
54,27,-6.5,-6.0,68,-2.552604603968852,-0.2619108502493604,-0.0597482912854841,-0.2021625589638762,-0.533238207327047,True,-0.3732667451289328
54,28,-6.0,-5.5,213,-2.552604603968852,0.1720167829906114,-0.0597482912854841,0.2317650742760956,0.6214832899539303,True,0.4350383029677512
54,29,-5.5,-5.0,85,-2.552604603968852,-0.1825666704536974,-0.0597482912854841,-0.1228183791682132,-0.3239544091157552,True,-0.2267680863810286
54,30,-5.0,-4.5,200,-2.552604603968852,0.2155152345343942,-0.0597482912854841,0.2752635258198784,0.7382921641784427,True,0.5168045149249099
54,31,-4.5,-4.0,125,-2.552604603968852,-0.6823014249970819,-0.0597482912854841,-0.6225531337115977,-1.642090002657348,True,-1.1494630018601435
54,32,-4.0,-3.5,260,-2.552604603968852,-0.0597482912854841,-0.0597482912854841,0.0,0.0,True,0.0
54,33,-3.5,-3.0,0,-2.552604603968852,,-0.0597482912854841,,,True,
54,34,-3.0,-2.5,43,-2.552604603968852,-0.254826840849441,-0.0597482912854841,-0.1950785495639568,-0.5145529250845722,True,-0.3601870475592005
54,35,-2.5,-2.0,128,-2.552604603968852,0.3129726040252762,-0.0597482912854841,0.3727208953107604,1.0,True,0.7
54,36,-2.0,-1.5,0,-2.552604603968852,,-0.0597482912854841,,,True,
54,37,-1.5,-1.0,169,-2.552604603968852,0.0477389206545664,-0.0597482912854841,0.1074872119400505,0.2877528541500096,True,0.2014269979050067
54,38,-1.0,-0.5,85,-2.552604603968852,-0.428865776093876,-0.0597482912854841,-0.3691174848083918,-0.9736102812562133,True,-0.6815271968793493
54,39,-0.5,0.0,216,-2.552604603968852,-0.2391105622625349,-0.0597482912854841,-0.1793622709770508,-0.47309856151455176,True,-0.3311689930601862
54,40,0.0,0.5,76,-2.552604603968852,-0.6140365345862101,-0.0597482912854841,-0.5542882433007259,-1.4620297186332663,True,-1.0234208030432863
54,41,0.5,1.0,200,-2.552604603968852,0.1047901798598566,-0.0597482912854841,0.1645384711453408,0.4409558561960285,True,0.3086690993372199
54,42,1.0,1.5,99,-2.552604603968852,-0.4382002372336758,-0.0597482912854841,-0.3784519459481917,-0.9982315135460177,True,-0.6987620594822124
54,43,1.5,2.0,196,-2.552604603968852,-0.2442077574833142,-0.0597482912854841,-0.18445946619783,-0.4865432827124565,True,-0.3405802978987195
54,44,2.0,2.5,114,-2.552604603968852,-0.5745576205015989,-0.0597482912854841,-0.5148093292161147,-1.3578973536612826,True,-0.9505281475628978
54,45,2.5,3.0,160,-2.552604603968852,-0.0021121047379468,-0.0597482912854841,0.0576361865475373,0.15388505085186358,True,0.1077195355963045
54,46,3.0,3.5,21,-2.552604603968852,-0.1429262050151134,-0.0597482912854841,-0.0831779137296292,-0.21939592491167786,True,-0.1535771474381745
54,47,3.5,4.0,169,-2.552604603968852,-0.142926205015114,-0.0597482912854841,-0.0831779137296298,-0.21939592491167945,True,-0.1535771474381756
54,48,4.0,4.5,90,-2.552604603968852,0.0182971204857849,-0.0597482912854841,0.078045411771269,0.20869110802332544,True,0.1460837756163278
54,49,4.5,5.0,73,-2.552604603968852,-0.2999104108062669,-0.0597482912854841,-0.2401621195207827,-0.6334685252179136,True,-0.4434279676525395
54,50,5.0,5.5,289,-2.552604603968852,-0.28957289516328,-0.0597482912854841,-0.2298246038777958,-0.6062015657080341,True,-0.4243410959956238
54,51,5.5,6.0,170,-2.552604603968852,-0.0691113077515238,-0.0597482912854841,-0.0093630164660396,-0.024696551829939434,True,-0.0172875862809576
54,52,6.0,6.5,27,-2.552604603968852,0.1211209587635062,-0.0597482912854841,0.1808692500489904,0.4848098287224913,True,0.3393668801057439
54,53,6.5,7.0,136,-2.552604603968852,-0.1030286881857392,-0.0597482912854841,-0.043280396900255,-0.11415942385067901,True,-0.0799115966954753
54,54,7.0,7.5,44,-2.552604603968852,0.0831549914258335,-0.0597482912854841,0.1429032827113176,0.3828576500548343,True,0.268000355038384
54,55,7.5,8.0,144,-2.552604603968852,-0.0545539625427034,-0.0597482912854841,0.0051943287427807,0.013700927418329002,True,0.0095906491928303
54,56,8.0,8.5,156,-2.552604603968852,-0.3905256329921783,-0.0597482912854841,-0.3307773417066941,-0.872481618852089,True,-0.6107371331964623
54,57,8.5,9.0,0,-2.552604603968852,,-0.0597482912854841,,,True,
54,58,9.0,9.5,120,-2.552604603968852,-0.1351767670261243,-0.0597482912854841,-0.0754284757406402,-0.1989554613450339,True,-0.1392688229415237
54,59,9.5,10.0,284,-2.552604603968852,0.0957739680763279,-0.0597482912854841,0.1555222593618121,0.41674410817222335,True,0.2917208757205563
54,60,10.0,10.5,221,-2.552604603968852,0.0853993871464438,-0.0597482912854841,0.1451476784319279,0.3888846539626613,True,0.2722192577738629
54,61,10.5,11.0,145,-2.552604603968852,0.0571645017162964,-0.0597482912854841,0.1169127930017805,0.3130639048577429,True,0.21914473340042
54,62,11.0,11.5,83,-2.552604603968852,0.0065018604552387,-0.0597482912854841,0.0662501517407228,0.1770166231519113,True,0.1239116362063379
54,63,11.5,12.0,26,-2.552604603968852,0.402960372758929,-0.0597482912854841,0.4627086640444132,1.2416492906459824,True,0.8691545034521877
54,64,12.0,12.5,352,-2.552604603968852,0.4029603727589283,-0.0597482912854841,0.4627086640444124,1.2416492906459804,True,0.8691545034521863
54,65,12.5,13.0,45,-2.552604603968852,0.4029603727589293,-0.0597482912854841,0.4627086640444134,1.241649290645983,True,0.8691545034521881
54,66,13.0,13.5,0,-2.552604603968852,,-0.0597482912854841,,,True,
54,67,13.5,14.0,0,-2.552604603968852,,-0.0597482912854841,,,True,
54,68,14.0,14.5,0,-2.552604603968852,,-0.0597482912854841,,,True,
54,69,14.5,15.0,99,-2.552604603968852,-0.4176125960390858,-0.0597482912854841,-0.3578643047536017,-0.9439281007876877,True,-0.6607496705513813
54,70,15.0,15.5,0,-2.552604603968852,,-0.0597482912854841,,,True,
54,71,15.5,16.0,30,-2.552604603968852,-0.4705004754657177,-0.0597482912854841,-0.4107521841802336,-1.0834288973710229,True,-0.758400228159716
54,72,16.0,16.5,180,-2.552604603968852,-0.4352499176484142,-0.0597482912854841,-0.37550162636293,-0.9904495427659193,True,-0.6933146799361435
54,73,16.5,17.0,48,-2.552604603968852,-0.5634920185871017,-0.0597482912854841,-0.5037437273016175,-1.3287099425099649,True,-0.9300969597569754
54,74,17.0,17.5,172,-2.552604603968852,0.2198054275136953,-0.0597482912854841,0.2795537187991794,0.7498128642110323,True,0.5248690049477226
54,75,17.5,18.0,350,-2.552604603968852,0.2432574468580292,-0.0597482912854841,0.3030057381435134,0.8127899100754312,True,0.5689529370528018
54,76,18.0,18.5,103,-2.552604603968852,-0.1212380333620355,-0.0597482912854841,-0.0614897420765514,-0.16218967548665458,True,-0.1135327728406582
54,77,18.5,19.0,243,-2.552604603968852,0.2687937226938588,-0.0597482912854841,0.328542013979343,0.8813639288371684,True,0.6169547501860179
54,78,19.0,19.5,151,-2.552604603968852,-0.420632995892275,-0.0597482912854841,-0.3608847046067909,-0.9518949202194366,True,-0.6663264441536055
54,79,19.5,20.0,0,-2.552604603968852,,-0.0597482912854841,,,True,
55,0,-20.0,-19.5,250,-2.5331279754531284,-0.1304624955580137,0.0255839423207364,-0.1560464378787502,-0.3672865617132189,True,-0.2571005931992532
55,1,-19.5,-19.0,135,-2.5331279754531284,-0.5470538380985791,0.0255839423207364,-0.5726377804193156,-1.3478177671746812,True,-0.9434724370222768
55,2,-19.0,-18.5,241,-2.5331279754531284,0.0138333484857666,0.0255839423207364,-0.0117505938349698,-0.027657377293598,True,-0.0193601641055186
55,3,-18.5,-18.0,90,-2.5331279754531284,0.1913257992197441,0.0255839423207364,0.1657418568990076,0.7726709144742692,True,0.5408696401319883
55,4,-18.0,-17.5,75,-2.5331279754531284,0.3122702182931433,0.0255839423207364,0.2866862759724067,1.3556614017569402,True,0.948962981229858
55,5,-17.5,-17.0,221,-2.5331279754531284,0.1446279678477217,0.0255839423207364,0.1190440255269852,0.5475725455276429,True,0.38330078186935
55,6,-17.0,-16.5,7,-2.5331279754531284,0.1613356212537791,0.0255839423207364,0.1357516789330426,0.6281087378974298,True,0.4396761165282008
55,7,-16.5,-16.0,195,-2.5331279754531284,0.1613356212537795,0.0255839423207364,0.135751678933043,0.6281087378974316,True,0.4396761165282021
55,8,-16.0,-15.5,97,-2.5331279754531284,0.1715588851984417,0.0255839423207364,0.1459749428777053,0.6773881149400462,True,0.4741716804580324
55,9,-15.5,-15.0,81,-2.5331279754531284,0.1715588851984417,0.0255839423207364,0.1459749428777052,0.6773881149400459,True,0.4741716804580321
55,10,-15.0,-14.5,212,-2.5331279754531284,0.0409665107800949,0.0255839423207364,0.0153825684593584,0.047891420666385145,True,0.0335239944664696
55,11,-14.5,-14.0,140,-2.5331279754531284,0.0155091417297166,0.0255839423207364,-0.0100748005910198,-0.023713062081539858,True,-0.0165991434570779
55,12,-14.0,-13.5,107,-2.5331279754531284,-0.1683483322342234,0.0255839423207364,-0.1939322745549599,-0.45645847027832004,True,-0.319520929194824
55,13,-13.5,-13.0,220,-2.5331279754531284,0.0835335102045395,0.0255839423207364,0.057949567883803,0.25307786851362,True,0.177154507959534
55,14,-13.0,-12.5,83,-2.5331279754531284,-0.4533210369146374,0.0255839423207364,-0.4789049792353739,-1.1271988364602958,True,-0.789039185522207
55,15,-12.5,-12.0,257,-2.5331279754531284,0.0368359264884926,0.0255839423207364,0.0112519841677561,0.027980693347401147,True,0.0195864853431808
55,16,-12.0,-11.5,166,-2.5331279754531284,-0.286017171505966,0.0255839423207364,-0.3116011138267026,-0.7334156631780695,True,-0.5133909642246486
55,17,-11.5,-11.0,69,-2.5331279754531284,-0.0351637356034753,0.0255839423207364,-0.0607476779242117,-0.14298183322955602,True,-0.1000872832606892
55,18,-11.0,-10.5,260,-2.5331279754531284,-0.1465561839126528,0.0255839423207364,-0.1721401262333892,-0.4051662822721229,True,-0.283616397590486
55,19,-10.5,-10.0,93,-2.5331279754531284,-0.1650370286728016,0.0255839423207364,-0.1906209709935381,-0.448664653793971,True,-0.3140652576557797
55,20,-10.0,-9.5,179,-2.5331279754531284,0.2373493682981197,0.0255839423207364,0.2117654259773833,0.9945191251569502,True,0.6961633876098651
55,21,-9.5,-9.0,168,-2.5331279754531284,0.3895336199550315,0.0255839423207364,0.363949677634295,1.7280955209091826,True,1.2096668646364277
55,22,-9.0,-8.5,39,-2.5331279754531284,-0.139454152251693,0.0255839423207364,-0.1650380945724295,-0.3884502275810243,True,-0.271915159306717
55,23,-8.5,-8.0,227,-2.5331279754531284,0.0356587429117563,0.0255839423207364,0.0100748005910198,0.023713062081539858,True,0.0165991434570779
55,24,-8.0,-7.5,88,-2.5331279754531284,-0.6578892115374246,0.0255839423207364,-0.6834731538581611,-1.6086910288776177,True,-1.1260837202143323
55,25,-7.5,-7.0,206,-2.5331279754531284,0.1210715043580577,0.0255839423207364,0.0954875620373212,0.4340229147657537,True,0.3038160403360276
55,26,-7.0,-6.5,165,-2.5331279754531284,-0.0466695533970214,0.0255839423207364,-0.0722534957177579,-0.17006308105896145,True,-0.119044156741273
55,27,-6.5,-6.0,131,-2.5331279754531284,-0.40614678921241,0.0255839423207364,-0.4317307315331465,-1.0161647912395924,True,-0.7113153538677146
55,28,-6.0,-5.5,180,-2.5331279754531284,0.044681517552667,0.0255839423207364,0.0190975752319305,0.06579893244074686,True,0.0460592527085228
55,29,-5.5,-5.0,137,-2.5331279754531284,-0.398515877805657,0.0255839423207364,-0.4240998201263936,-0.9982039120844898,True,-0.6987427384591428
55,30,-5.0,-4.5,188,-2.5331279754531284,0.048487479856088,0.0255839423207364,0.0229035375353515,0.08414487874277758,True,0.0589014151199443
55,31,-4.5,-4.0,108,-2.5331279754531284,-0.3696283077868769,0.0255839423207364,-0.3952122501076134,-0.9302112272614518,True,-0.6511478590830162
55,32,-4.0,-3.5,213,-2.5331279754531284,0.3410949104737268,0.0255839423207364,0.3155109681529903,1.4946055669270013,True,1.0462238968489008
55,33,-3.5,-3.0,141,-2.5331279754531284,-0.0136200929765711,0.0255839423207364,-0.0392040352973076,-0.09227455317384459,True,-0.0645921872216912
55,34,-3.0,-2.5,174,-2.5331279754531284,0.1541207588486909,0.0255839423207364,0.1285368165279544,0.5933308111320192,True,0.4153315677924135
55,35,-2.5,-2.0,185,-2.5331279754531284,0.1143155447562595,0.0255839423207364,0.088731602435523,0.401457045166396,True,0.2810199316164772
55,36,-2.0,-1.5,74,-2.5331279754531284,0.11431554475626,0.0255839423207364,0.0887316024355235,0.4014570451663986,True,0.281019931616479
55,37,-1.5,-1.0,127,-2.5331279754531284,0.2487197291936527,0.0255839423207364,0.2231357868729162,1.0493278735874472,True,0.734529511511213
55,38,-1.0,-0.5,85,-2.5331279754531284,-0.3781398116075751,0.0255839423207364,-0.4037237539283116,-0.9502447571248006,True,-0.6651713299873604
55,39,-0.5,0.0,199,-2.5331279754531284,0.1745699317331893,0.0255839423207364,0.1489859894124528,0.6919023149334989,True,0.4843316204534492
55,40,0.0,0.5,175,-2.5331279754531284,-0.2222604683090669,0.0255839423207364,-0.2478444106298034,-0.5833514859902853,True,-0.4083460401931997
55,41,0.5,1.0,149,-2.5331279754531284,-0.0776361550840456,0.0255839423207364,-0.1032200974047821,-0.24294918353063275,True,-0.1700644284714429
55,42,1.0,1.5,233,-2.5331279754531284,-0.2141558862864019,0.0255839423207364,-0.2397398286071384,-0.5642757281217184,True,-0.3949930096852029
55,43,1.5,2.0,42,-2.5331279754531284,-0.4147786030875525,0.0255839423207364,-0.440362545408289,-1.0364814949250232,True,-0.7255370464475162
55,44,2.0,2.5,274,-2.5331279754531284,-0.2075100144541129,0.0255839423207364,-0.2330939567748494,-0.5486333369973225,True,-0.3840433358981258
55,45,2.5,3.0,29,-2.5331279754531284,0.1550861890819891,0.0255839423207364,0.1295022467612526,0.597984491280802,True,0.4185891438965614
55,46,3.0,3.5,115,-2.5331279754531284,-0.0510380389900326,0.0255839423207364,-0.0766219813107691,-0.1803451873034983,True,-0.1262416311124488
55,47,3.5,4.0,124,-2.5331279754531284,-0.3077977099157646,0.0255839423207364,-0.3333816522365011,-0.784680524930399,True,-0.5492763674512793
55,48,4.0,4.5,34,-2.5331279754531284,0.047337265161977,0.0255839423207364,0.0217533228412405,0.0786004788429153,True,0.0550203351900407
55,49,4.5,5.0,105,-2.5331279754531284,0.0473372651619769,0.0255839423207364,0.0217533228412404,0.07860047884291473,True,0.0550203351900403
55,50,5.0,5.5,12,-2.5331279754531284,0.088487354365331,0.0255839423207364,0.0629034120445945,0.27695696970198946,True,0.1938698787913926
55,51,5.5,6.0,144,-2.5331279754531284,-0.038680623054288,0.0255839423207364,-0.0642645653750245,-0.15125953259456842,True,-0.1058816728161979
55,52,6.0,6.5,184,-2.5331279754531284,-0.1117456279814205,0.0255839423207364,-0.137329570302157,-0.323232663196227,True,-0.2262628642373589
55,53,6.5,7.0,0,-2.5331279754531284,,0.0255839423207364,,,True,
55,54,7.0,7.5,224,-2.5331279754531284,-0.1849458740228838,0.0255839423207364,-0.2105298163436203,-0.4955241108614473,True,-0.3468668776030131
55,55,7.5,8.0,177,-2.5331279754531284,-0.3200354548311401,0.0255839423207364,-0.3456193971518767,-0.813484509911999,True,-0.5694391569383993
55,56,8.0,8.5,91,-2.5331279754531284,-0.1996106891908161,0.0255839423207364,-0.2251946315115526,-0.530040692043357,True,-0.3710284844303499
55,57,8.5,9.0,144,-2.5331279754531284,-0.121019954243516,0.0255839423207364,-0.1466038965642525,-0.3450616485374908,True,-0.2415431539762435
55,58,9.0,9.5,235,-2.5331279754531284,-0.2628953892958392,0.0255839423207364,-0.2884793316165757,-0.6789939153696509,True,-0.4752957407587556
55,59,9.5,10.0,276,-2.5331279754531284,0.2352297561677593,0.0255839423207364,0.2096458138470228,0.984301921930903,True,0.6890113453516321
55,60,10.0,10.5,203,-2.5331279754531284,0.0712475360454604,0.0255839423207364,0.0456635937247239,0.1938555735402823,True,0.1356989014781976
55,61,10.5,11.0,181,-2.5331279754531284,-0.1040967417280412,0.0255839423207364,-0.1296806840487777,-0.3052294766376073,True,-0.2136606336463251
55,62,11.0,11.5,89,-2.5331279754531284,0.0441688393541012,0.0255839423207364,0.0185848970333647,0.06332766080133628,True,0.0443293625609354
55,63,11.5,12.0,81,-2.5331279754531284,-0.6526134420913096,0.0255839423207364,-0.678197384412046,-1.5962734482740744,True,-1.117391413791852
55,64,12.0,12.5,51,-2.5331279754531284,-0.3290460629192123,0.0255839423207364,-0.3546300052399488,-0.8346927816841804,True,-0.5842849471789262
55,65,12.5,13.0,61,-2.5331279754531284,-0.6576297161940665,0.0255839423207364,-0.683213658514803,-1.6080802545867194,True,-1.1256561782107035
55,66,13.0,13.5,0,-2.5331279754531284,,0.0255839423207364,,,True,
55,67,13.5,14.0,47,-2.5331279754531284,-0.4503280042510779,0.0255839423207364,-0.4759119465718144,-1.1201541343124115,True,-0.784107894018688
55,68,14.0,14.5,0,-2.5331279754531284,,0.0255839423207364,,,True,
55,69,14.5,15.0,60,-2.5331279754531284,-0.8865159849339168,0.0255839423207364,-0.9120999272546532,-2.14680995461453,True,-1.5027669682301708
55,70,15.0,15.5,55,-2.5331279754531284,-0.4991393556128151,0.0255839423207364,-0.5247232979335517,-1.235041431055182,True,-0.8645290017386275
55,71,15.5,16.0,35,-2.5331279754531284,-0.4991393556128151,0.0255839423207364,-0.5247232979335515,-1.2350414310551818,True,-0.8645290017386272
55,72,16.0,16.5,199,-2.5331279754531284,-0.1332868977878385,0.0255839423207364,-0.158870840108575,-0.3739343583434346,True,-0.2617540508404042
55,73,16.5,17.0,255,-2.5331279754531284,-0.0280885393793295,0.0255839423207364,-0.053672481700066,-0.1263289411165557,True,-0.088430258781589
55,74,17.0,17.5,57,-2.5331279754531284,-0.5295394203199776,0.0255839423207364,-0.555123362640714,-1.306594075216331,True,-0.9146158526514316
55,75,17.5,18.0,180,-2.5331279754531284,-0.6476493324744956,0.0255839423207364,-0.6732332747952321,-1.5845894215323435,True,-1.1092125950726404
55,76,18.0,18.5,222,-2.5331279754531284,0.0873098752927534,0.0255839423207364,0.0617259329720169,0.2712811468442969,True,0.1898968027910078
55,77,18.5,19.0,26,-2.5331279754531284,-0.6075946862047186,0.0255839423207364,-0.633178628525455,-1.490312784980751,True,-1.0432189494865256
55,78,19.0,19.5,182,-2.5331279754531284,0.2635010200216848,0.0255839423207364,0.2379170777009483,1.120578386910196,True,0.7844048708371371
55,79,19.5,20.0,68,-2.5331279754531284,-0.3746772647365834,0.0255839423207364,-0.40026120705732,-0.942094959203713,True,-0.6594664714425991
56,0,-20.0,-19.5,205,-2.504084139819032,-0.0011916400977221,0.0523332527662353,-0.0535248928639574,-0.15851592748970916,True,-0.1109611492427964
56,1,-19.5,-19.0,99,-2.504084139819032,0.2383618481611646,0.0523332527662353,0.1860285953949292,1.4045722101352465,True,0.9832005470946724
56,2,-19.0,-18.5,172,-2.504084139819032,0.2377682939788505,0.0523332527662353,0.1854350412126152,1.39981259105396,True,0.979868813737772
56,3,-18.5,-18.0,46,-2.504084139819032,0.2377682939788504,0.0523332527662353,0.185435041212615,1.3998125910539583,True,0.9798688137377708
56,4,-18.0,-17.5,135,-2.504084139819032,0.1171710519428207,0.0523332527662353,0.0648377991765854,0.43276198059842036,True,0.3029333864188942
56,5,-17.5,-17.0,184,-2.504084139819032,0.1171710519428211,0.0523332527662353,0.0648377991765858,0.4327619805984236,True,0.3029333864188965
56,6,-17.0,-16.5,150,-2.504084139819032,-0.590467769138282,0.0523332527662353,-0.6428010219045174,-1.9036787320155664,True,-1.3325751124108964
56,7,-16.5,-16.0,282,-2.504084139819032,0.1956379207966614,0.0523332527662353,0.143304668030426,1.0619756520269168,True,0.7433829564188418
56,8,-16.0,-15.5,8,-2.504084139819032,-0.5736206754100568,0.0523332527662353,-0.6259539281762921,-1.8537854478828302,True,-1.297649813517981
56,9,-15.5,-15.0,267,-2.504084139819032,0.0010337494870843,0.0523332527662353,-0.051299503279151,-0.15192535485730574,True,-0.106347748400114
56,10,-15.0,-14.5,42,-2.504084139819032,0.2012921096785112,0.0523332527662353,0.1489588569122759,1.1073157171686245,True,0.7751210020180371
56,11,-14.5,-14.0,314,-2.504084139819032,0.0695681692952777,0.0523332527662353,0.0172349165290423,0.051041835539077436,True,0.0357292848773542
56,12,-14.0,-13.5,66,-2.504084139819032,-0.2606277494105713,0.0523332527662353,-0.3129610021768066,-0.9268454521572956,True,-0.6487918165101069
56,13,-13.5,-13.0,231,-2.504084139819032,0.240273379449853,0.0523332527662353,0.1879401266836177,1.419900483555287,True,0.9939303384887008
56,14,-13.0,-12.5,63,-2.504084139819032,-0.6526305508209022,0.0523332527662353,-0.7049638035871375,-2.0877760831079994,True,-1.4614432581755996
56,15,-12.5,-12.0,105,-2.504084139819032,-0.1216299196135838,0.0523332527662353,-0.1739631723798191,-0.515198296406274,True,-0.3606388074843918
56,16,-12.0,-11.5,215,-2.504084139819032,-0.2089352566353717,0.0523332527662353,-0.261268509401607,-0.7737562445367869,True,-0.5416293711757508
56,17,-11.5,-11.0,271,-2.504084139819032,-0.1306458294623591,0.0523332527662353,-0.1829790822285945,-0.5418992431129718,True,-0.3793294701790802
56,18,-11.0,-10.5,20,-2.504084139819032,-0.0463671047092324,0.0523332527662353,-0.0987003574754677,-0.29230471789183227,True,-0.2046133025242826
56,19,-10.5,-10.0,227,-2.504084139819032,0.153159389474041,0.0523332527662353,0.1008261367078056,0.7213468867810083,True,0.5049428207467058
56,20,-10.0,-9.5,93,-2.504084139819032,-0.4991774158714767,0.0523332527662353,-0.551510668637712,-1.6333190125532349,True,-1.1433233087872643
56,21,-9.5,-9.0,275,-2.504084139819032,0.1712568934448886,0.0523332527662353,0.1189236406786532,0.8664679688825463,True,0.6065275782177824
56,22,-9.0,-8.5,55,-2.504084139819032,-0.430364474892362,0.0523332527662353,-0.4826977276585974,-1.4295269715243373,True,-1.000668880067036
56,23,-8.5,-8.0,340,-2.504084139819032,0.092273728309806,0.0523332527662353,0.0399404755435707,0.23311419751874818,True,0.1631799382631237
56,24,-8.0,-7.5,42,-2.504084139819032,-0.2366066158822527,0.0523332527662353,-0.288939868648488,-0.8557059868196709,True,-0.5989941907737696
56,25,-7.5,-7.0,250,-2.504084139819032,0.1025010489089563,0.0523332527662353,0.0501677961427209,0.3151254977919159,True,0.2205878484543411
56,26,-7.0,-6.5,270,-2.504084139819032,-0.2692142815045031,0.0523332527662353,-0.3215475342707384,-0.9522747809417403,True,-0.6665923466592182
56,27,-6.5,-6.0,219,-2.504084139819032,0.1617930977378203,0.0523332527662353,0.109459844971585,0.7905792564938121,True,0.5534054795456684
56,28,-6.0,-5.5,104,-2.504084139819032,0.1864221772402651,0.0523332527662353,0.1340889244740297,0.9880760314257082,True,0.6916532219979957
56,29,-5.5,-5.0,144,-2.504084139819032,0.1864221772402647,0.0523332527662353,0.1340889244740293,0.9880760314257049,True,0.6916532219979934
56,30,-5.0,-4.5,194,-2.504084139819032,0.002716863620793,0.0523332527662353,-0.0496163891454422,-0.14694075080300129,True,-0.1028585255621009
56,31,-4.5,-4.0,173,-2.504084139819032,-0.0572531777797857,0.0523332527662353,-0.109586430546021,-0.32454422136707417,True,-0.2271809549569519
56,32,-4.0,-3.5,178,-2.504084139819032,0.126113314498507,0.0523332527662353,0.0737800617322717,0.5044685994010839,True,0.3531280195807587
56,33,-3.5,-3.0,129,-2.504084139819032,0.1261133144985069,0.0523332527662353,0.0737800617322716,0.5044685994010831,True,0.3531280195807582
56,34,-3.0,-2.5,260,-2.504084139819032,0.078830955207824,0.0523332527662353,0.0264977024415886,0.12531868151015443,True,0.0877230770571081
56,35,-2.5,-2.0,121,-2.504084139819032,-0.1375758388780864,0.0523332527662353,-0.1899090916443217,-0.5624227194109718,True,-0.3936959035876802
56,36,-2.0,-1.5,204,-2.504084139819032,0.0350983362371929,0.0523332527662353,-0.0172349165290423,-0.051041835539077436,True,-0.0357292848773542
56,37,-1.5,-1.0,101,-2.504084139819032,0.2025280930452786,0.0523332527662353,0.1501948402790433,1.1172268764054853,True,0.7820588134838397
56,38,-1.0,-0.5,147,-2.504084139819032,0.1222818000046714,0.0523332527662353,0.0699485472384361,0.4737442779516269,True,0.3316209945661388
56,39,-0.5,0.0,200,-2.504084139819032,-0.108122701374507,0.0523332527662353,-0.1604559541407424,-0.47519617566564687,True,-0.3326373229659528
56,40,0.0,0.5,12,-2.504084139819032,0.0312822986161065,0.0523332527662353,-0.0210509541501287,-0.062343170496993144,True,-0.0436402193478952
56,41,0.5,1.0,205,-2.504084139819032,0.0312822986161067,0.0523332527662353,-0.0210509541501286,-0.06234317049699286,True,-0.043640219347895
56,42,1.0,1.5,90,-2.504084139819032,0.077462567675786,0.0523332527662353,0.0251293149095507,0.1143457937736203,True,0.0800420556415342
56,43,1.5,2.0,143,-2.504084139819032,0.077462567675786,0.0523332527662353,0.0251293149095507,0.1143457937736203,True,0.0800420556415342
56,44,2.0,2.5,165,-2.504084139819032,0.0440298324902424,0.0523332527662353,-0.0083034202759929,-0.02459088278291886,True,-0.0172136179480432
56,45,2.5,3.0,65,-2.504084139819032,-0.6703822584492916,0.0523332527662353,-0.7227155112155269,-2.1403484143855676,True,-1.498243890069897
56,46,3.0,3.5,156,-2.504084139819032,0.1176092984551324,0.0523332527662353,0.0652760456888971,0.43627621152199675,True,0.3053933480653977
56,47,3.5,4.0,135,-2.504084139819032,-0.4472323504373831,0.0523332527662353,-0.4995656032036184,-1.4794818017674538,True,-1.0356372612372176
56,48,4.0,4.5,215,-2.504084139819032,-0.2289056045761678,0.0523332527662353,-0.2812388573424031,-0.8328991602297423,True,-0.5830294121608196
56,49,4.5,5.0,114,-2.504084139819032,-0.2568782077220992,0.0523332527662353,-0.3092114604883346,-0.9157410473354094,True,-0.6410187331347865
56,50,5.0,5.5,218,-2.504084139819032,-0.22145828110073,0.0523332527662353,-0.2737915338669653,-0.8108436394270123,True,-0.5675905475989086
56,51,5.5,6.0,161,-2.504084139819032,0.1119547741078897,0.0523332527662353,0.0596215213416544,0.3909334563352482,True,0.2736534194346737
56,52,6.0,6.5,39,-2.504084139819032,-0.4571193355763492,0.0523332527662353,-0.5094525883425846,-1.5087624697991229,True,-1.056133728859386
56,53,6.5,7.0,158,-2.504084139819032,0.0134939644119309,0.0523332527662353,-0.0388392883543043,-0.11502397271809515,True,-0.0805167809026666
56,54,7.0,7.5,62,-2.504084139819032,-0.269208857939215,0.0523332527662353,-0.3215421107054503,-0.9522587188548133,True,-0.6665811031983693
56,55,7.5,8.0,299,-2.504084139819032,-0.2970265977551508,0.0523332527662353,-0.3493598505213861,-1.0346419725457288,True,-0.7242493807820101
56,56,8.0,8.5,125,-2.504084139819032,-0.1660855986832045,0.0523332527662353,-0.2184188514494399,-0.6468554156053123,True,-0.4527987909237186
56,57,8.5,9.0,125,-2.504084139819032,-0.0156240062760402,0.0523332527662353,-0.0679572590422755,-0.20125790768277432,True,-0.140880535377942
56,58,9.0,9.5,183,-2.504084139819032,-0.1758152167358938,0.0523332527662353,-0.2281484695021292,-0.6756700352564469,True,-0.4729690246795128
56,59,9.5,10.0,299,-2.504084139819032,0.0563303735769984,0.0523332527662353,0.003997120810763,0.011837619445907714,True,0.0082863336121354
56,60,10.0,10.5,312,-2.504084139819032,0.1294639164379802,0.0523332527662353,0.0771306636717449,0.5313365575422248,True,0.3719355902795573
56,61,10.5,11.0,258,-2.504084139819032,0.4213883899822329,0.0523332527662353,0.3690551372159976,2.872233708934291,True,2.0105635962540034
56,62,11.0,11.5,241,-2.504084139819032,0.1342599121037816,0.0523332527662353,0.0819266593375462,0.5697949041681751,True,0.3988564329177226
56,63,11.5,12.0,293,-2.504084139819032,0.1893175124111645,0.0523332527662353,0.1369842596449292,1.0112932758437458,True,0.707905293090622
56,64,12.0,12.5,141,-2.504084139819032,-0.4591732062990824,0.0523332527662353,-0.5115064590653178,-1.5148450830494755,True,-1.0603915581346328
56,65,12.5,13.0,180,-2.504084139819032,-0.4836743739652175,0.0523332527662353,-0.5360076267314529,-1.5874061870399063,True,-1.1111843309279343
56,66,13.0,13.5,3,-2.504084139819032,-0.4403649202306363,0.0523332527662353,-0.4926981729968717,-1.4591436560852167,True,-1.0214005592596516
56,67,13.5,14.0,140,-2.504084139819032,-0.5073850821396755,0.0523332527662353,-0.5597183349059108,-1.6576263163405842,True,-1.160338421438409
56,68,14.0,14.5,24,-2.504084139819032,-0.4030988093055264,0.0523332527662353,-0.4554320620717617,-1.3487787058508922,True,-0.9441450940956244
56,69,14.5,15.0,141,-2.504084139819032,-0.4093968211833347,0.0523332527662353,-0.46173007394957,-1.3674304983297567,True,-0.9572013488308296
56,70,15.0,15.5,111,-2.504084139819032,-0.543993501889254,0.0523332527662353,-0.5963267546554893,-1.7660434901084312,True,-1.2362304430759017
56,71,15.5,16.0,82,-2.504084139819032,-0.5359243153365661,0.0523332527662353,-0.5882575681028015,-1.7421462990624281,True,-1.2195024093436997
56,72,16.0,16.5,61,-2.504084139819032,-0.6833097470006997,0.0523332527662353,-0.735642999766935,-2.1786336444568817,True,-1.525043551119817
56,73,16.5,17.0,68,-2.504084139819032,-0.36888119408233,0.0523332527662353,-0.4212144468485653,-1.2474419871137417,True,-0.8732093909796191
56,74,17.0,17.5,187,-2.504084139819032,-0.4358065664380291,0.0523332527662353,-0.4881398192042644,-1.4456439246406734,True,-1.0119507472484712
56,75,17.5,18.0,64,-2.504084139819032,-0.3836525714612617,0.0523332527662353,-0.435985824227497,-1.2911879613742263,True,-0.9038315729619584
56,76,18.0,18.5,151,-2.504084139819032,-0.522238179576501,0.0523332527662353,-0.5745714323427363,-1.7016143075408217,True,-1.191130015278575
56,77,18.5,19.0,137,-2.504084139819032,-0.4573921369218088,0.0523332527662353,-0.5097253896880442,-1.5095703809593728,True,-1.0566992666715609
56,78,19.0,19.5,147,-2.504084139819032,-0.4978711935466176,0.0523332527662353,-0.5502044463128529,-1.6294505873728415,True,-1.140615411160989
56,79,19.5,20.0,196,-2.504084139819032,-0.5607320202187738,0.0523332527662353,-0.6130652729850091,-1.8156152242275665,True,-1.2709306569592964
57,0,-20.0,-19.5,182,-2.565683776562161,0.2416918901314344,0.0572092849967428,0.1844826051346915,1.0461759523259977,True,0.7323231666281984
57,1,-19.5,-19.0,52,-2.565683776562161,-0.2747292727025006,0.0572092849967428,-0.3319385576992434,-0.7880259993866447,True,-0.5516181995706513
57,2,-19.0,-18.5,161,-2.565683776562161,0.2112150842589838,0.0572092849967428,0.1540057992622409,0.8682959929691916,True,0.6078071950784341
57,3,-18.5,-18.0,159,-2.565683776562161,0.0238410688463464,0.0572092849967428,-0.0333682161503964,-0.07921653351127286,True,-0.055451573457891
57,4,-18.0,-17.5,137,-2.565683776562161,0.0238410688463464,0.0572092849967428,-0.0333682161503964,-0.07921653351127286,True,-0.055451573457891
57,5,-17.5,-17.0,234,-2.565683776562161,0.1265865148450425,0.0572092849967428,0.0693772298482996,0.3743555665748267,True,0.2620488966023787
57,6,-17.0,-16.5,138,-2.565683776562161,-0.5308811213578618,0.0572092849967428,-0.5880904063546047,-1.3961334694271395,True,-0.9772934285989976
57,7,-16.5,-16.0,187,-2.565683776562161,0.1905022659777888,0.0572092849967428,0.1332929809810459,0.7474042141704698,True,0.5231829499193288
57,8,-16.0,-15.5,169,-2.565683776562161,0.2538738502973465,0.0572092849967428,0.1966645653006036,1.1172767949886953,True,0.7820937564920866
57,9,-15.5,-15.0,24,-2.565683776562161,0.2538738502973474,0.0572092849967428,0.1966645653006045,1.1172767949887001,True,0.7820937564920901
57,10,-15.0,-14.5,203,-2.565683776562161,0.1747311075778128,0.0572092849967428,0.1175218225810699,0.6553547708351566,True,0.4587483395846096
57,11,-14.5,-14.0,61,-2.565683776562161,0.1097798831185607,0.0572092849967428,0.0525705981218178,0.27626251243578387,True,0.1933837587050487
57,12,-14.0,-13.5,152,-2.565683776562161,0.1097798831185608,0.0572092849967428,0.0525705981218179,0.2762625124357844,True,0.1933837587050491
57,13,-13.5,-13.0,203,-2.565683776562161,0.2637354651546312,0.0572092849967428,0.2065261801578883,1.1748347837539141,True,0.8223843486277398
57,14,-13.0,-12.5,106,-2.565683776562161,-0.5157960476412845,0.0572092849967428,-0.5730053326380274,-1.3603213288499132,True,-0.9522249301949391
57,15,-12.5,-12.0,218,-2.565683776562161,0.0787317586391209,0.0572092849967428,0.021522473642378,0.09504801300229301,True,0.0665336091016051
57,16,-12.0,-11.5,203,-2.565683776562161,0.0262122981111921,0.0572092849967428,-0.0309969868855507,-0.07358720763796486,True,-0.0515110453465754
57,17,-11.5,-11.0,160,-2.565683776562161,-0.3313727519182159,0.0572092849967428,-0.3885820369149588,-0.9224982783140726,True,-0.6457487948198508
57,18,-11.0,-10.5,0,-2.565683776562161,,0.0572092849967428,,,True,
57,19,-10.5,-10.0,161,-2.565683776562161,0.1562784727547106,0.0572092849967428,0.0990691877579677,0.5476547071835888,True,0.3833582950285121
57,20,-10.0,-9.5,79,-2.565683776562161,-0.0772936174646311,0.0572092849967428,-0.134502902461374,-0.3193114559127646,True,-0.2235180191389352
57,21,-9.5,-9.0,196,-2.565683776562161,-0.0772936174646313,0.0572092849967428,-0.1345029024613742,-0.31931145591276516,True,-0.2235180191389356
57,22,-9.0,-8.5,52,-2.565683776562161,-0.0005640970222471,0.0572092849967428,-0.05777338201899,-0.137154681333258,True,-0.0960082769332806
57,23,-8.5,-8.0,235,-2.565683776562161,-0.1229090675846847,0.0572092849967428,-0.1801183525814276,-0.4276030654126659,True,-0.2993221457888661
57,24,-8.0,-7.5,132,-2.565683776562161,-0.4935569350212355,0.0572092849967428,-0.5507662200179785,-1.3075254166505086,True,-0.915267791655356
57,25,-7.5,-7.0,144,-2.565683776562161,0.1903950468586475,0.0572092849967428,0.1331857618619046,0.7467784224574225,True,0.5227448957201958
57,26,-7.0,-6.5,125,-2.565683776562161,0.2429156624294817,0.0572092849967428,0.1857063774327388,1.0533185829399039,True,0.7373230080579326
57,27,-6.5,-6.0,159,-2.565683776562161,-0.3316340680436839,0.0572092849967428,-0.3888433530404268,-0.9231186458373729,True,-0.646183052086161
57,28,-6.0,-5.5,165,-2.565683776562161,0.0572092849967428,0.0572092849967428,0.0,0.0,True,0.0
57,29,-5.5,-5.0,182,-2.565683776562161,-0.5567476334101014,0.0572092849967428,-0.6139569184068443,-1.4575408700976018,True,-1.0202786090683211
57,30,-5.0,-4.5,206,-2.565683776562161,0.1853282492192967,0.0572092849967428,0.1281189642225538,0.71720571192047,True,0.502043998344329
57,31,-4.5,-4.0,89,-2.565683776562161,-0.2206462596804496,0.0572092849967428,-0.2778555446771925,-0.6596322970040555,True,-0.4617426079028388
57,32,-4.0,-3.5,253,-2.565683776562161,0.1570909178009414,0.0572092849967428,0.0998816328041985,0.5523965981943462,True,0.3866776187360423
57,33,-3.5,-3.0,2,-2.565683776562161,-0.2373432070310763,0.0572092849967428,-0.2945524920278192,-0.6992710443489947,True,-0.4894897310442962
57,34,-3.0,-2.5,186,-2.565683776562161,0.2314965844489622,0.0572092849967428,0.1742872994522193,0.9866703542650238,True,0.6906692479855167
57,35,-2.5,-2.0,31,-2.565683776562161,0.2541572946759896,0.0572092849967428,0.1969480096792467,1.1189311374668391,True,0.7832517962267874
57,36,-2.0,-1.5,239,-2.565683776562161,0.0373405237963303,0.0572092849967428,-0.0198687612004125,-0.04716867034084043,True,-0.0330180692385883
57,37,-1.5,-1.0,21,-2.565683776562161,0.1844980758931128,0.0572092849967428,0.1272887908963699,0.7123603485927408,True,0.4986522440149185
57,38,-1.0,-0.5,185,-2.565683776562161,0.1844980758931132,0.0572092849967428,0.1272887908963703,0.712360348592743,True,0.4986522440149201
57,39,-0.5,0.0,153,-2.565683776562161,-0.3255458379999217,0.0572092849967428,-0.3827551229966646,-0.9086651168530164,True,-0.6360655817971115
57,40,0.0,0.5,321,-2.565683776562161,-0.1203077513869676,0.0572092849967428,-0.1775170363837105,-0.421427510482756,True,-0.2949992573379292
57,41,0.5,1.0,69,-2.565683776562161,-0.1257675326718598,0.0572092849967428,-0.1829768176686027,-0.434389094799086,True,-0.3040723663593602
57,42,1.0,1.5,209,-2.565683776562161,-0.2253512188831542,0.0572092849967428,-0.2825605038798971,-0.670801924911953,True,-0.4695613474383671
57,43,1.5,2.0,177,-2.565683776562161,-0.1681325895916366,0.0572092849967428,-0.2253418745883795,-0.5349642330104409,True,-0.3744749631073086
57,44,2.0,2.5,224,-2.565683776562161,-0.2306370685078503,0.0572092849967428,-0.2878463535045932,-0.6833505934425993,True,-0.4783454154098195
57,45,2.5,3.0,86,-2.565683776562161,-0.4449918000505471,0.0572092849967428,-0.5022010850472901,-1.192231220984034,True,-0.8345618546888237
57,46,3.0,3.5,109,-2.565683776562161,-0.1287135074834859,0.0572092849967428,-0.1859227924802288,-0.4413828732898722,True,-0.3089680113029105
57,47,3.5,4.0,129,-2.565683776562161,-0.447302676040948,0.0572092849967428,-0.5045119610376909,-1.1977172674813623,True,-0.8384020872369536
57,48,4.0,4.5,173,-2.565683776562161,-0.0326506943154786,0.0572092849967428,-0.0898599793122215,-0.21332863676095298,True,-0.1493300457326671
57,49,4.5,5.0,106,-2.565683776562161,-0.3353807822323952,0.0572092849967428,-0.3925900672291381,-0.9320133889291063,True,-0.6524093722503744
57,50,5.0,5.5,160,-2.565683776562161,-0.2983944954998213,0.0572092849967428,-0.3556037804965641,-0.8442075137452846,True,-0.5909452596216992
57,51,5.5,6.0,287,-2.565683776562161,-0.1804687651751885,0.0572092849967428,-0.2376780501719314,-0.5642504574256402,True,-0.3949753201979481
57,52,6.0,6.5,87,-2.565683776562161,-0.1552277063115683,0.0572092849967428,-0.2124369913083112,-0.5043278899045643,True,-0.353029522933195
57,53,6.5,7.0,112,-2.565683776562161,-0.0352828440462489,0.0572092849967428,-0.0924921290429918,-0.21957739085720032,True,-0.1537041736000402
57,54,7.0,7.5,0,-2.565683776562161,,0.0572092849967428,,,True,
57,55,7.5,8.0,141,-2.565683776562161,0.1279113033382874,0.0572092849967428,0.0707020183415445,0.38208778511245856,True,0.267461449578721
57,56,8.0,8.5,0,-2.565683776562161,,0.0572092849967428,,,True,
57,57,8.5,9.0,139,-2.565683776562161,-0.0768683382739185,0.0572092849967428,-0.1340776232706614,-0.3183018381642193,True,-0.2228112867149535
57,58,9.0,9.5,220,-2.565683776562161,-0.3754252365564275,0.0572092849967428,-0.4326345215531704,-1.0270793895688397,True,-0.7189555726981878
57,59,9.5,10.0,300,-2.565683776562161,-0.055786172189963,0.0572092849967428,-0.1129954571867059,-0.268252530507117,True,-0.1877767713549819
57,60,10.0,10.5,194,-2.565683776562161,0.0657793370688594,0.0572092849967428,0.0085700520721165,0.020345403365415002,True,0.0142417823557905
57,61,10.5,11.0,95,-2.565683776562161,0.0309268602457792,0.0572092849967428,-0.0262824247509636,-0.062394782258010574,True,-0.0436763475806074
57,62,11.0,11.5,198,-2.565683776562161,0.3069616428131724,0.0572092849967428,0.2497523578164295,1.4271273224546939,True,0.9989891257182856
57,63,11.5,12.0,86,-2.565683776562161,-0.3893076752460098,0.0572092849967428,-0.4465169602427527,-1.0600364605945987,True,-0.742025522416219
57,64,12.0,12.5,145,-2.565683776562161,-0.2465961112304986,0.0572092849967428,-0.3038053962272415,-0.7212375466122998,True,-0.5048662826286098
57,65,12.5,13.0,0,-2.565683776562161,,0.0572092849967428,,,True,
57,66,13.0,13.5,34,-2.565683776562161,-0.6369619212254424,0.0572092849967428,-0.6941712062221853,-1.6479705229794617,True,-1.153579366085623
57,67,13.5,14.0,190,-2.565683776562161,-0.63708462258445,0.0572092849967428,-0.6942939075811929,-1.6482618174338577,True,-1.1537832722037002
57,68,14.0,14.5,51,-2.565683776562161,-0.5006889384572886,0.0572092849967428,-0.5578982234540315,-1.3244568758165658,True,-0.927119813071596
57,69,14.5,15.0,0,-2.565683776562161,,0.0572092849967428,,,True,
57,70,15.0,15.5,68,-2.565683776562161,-0.4363350628367122,0.0572092849967428,-0.4935443478334551,-1.1716800260832572,True,-0.8201760182582799
57,71,15.5,16.0,0,-2.565683776562161,,0.0572092849967428,,,True,
57,72,16.0,16.5,139,-2.565683776562161,-0.3781597004734506,0.0572092849967428,-0.4353689854701935,-1.0335710387340784,True,-0.7234997271138549
57,73,16.5,17.0,121,-2.565683776562161,-0.5361815551133797,0.0572092849967428,-0.5933908401101227,-1.4087167608541007,True,-0.9861017325978704
57,74,17.0,17.5,99,-2.565683776562161,-0.4169951565462594,0.0572092849967428,-0.4742044415430023,-1.1257668634539646,True,-0.7880368044177752
57,75,17.5,18.0,120,-2.565683776562161,-0.3916149834515087,0.0572092849967428,-0.4488242684482516,-1.0655140371290446,True,-0.7458598259903312
57,76,18.0,18.5,286,-2.565683776562161,0.3043560258027936,0.0572092849967428,0.2471467408060507,1.4119194607829253,True,0.9883436225480476
57,77,18.5,19.0,351,-2.565683776562161,0.4156511086188458,0.0572092849967428,0.358441823622103,2.0615008142484252,True,1.4430505699738976
57,78,19.0,19.5,349,-2.565683776562161,0.4156511086188458,0.0572092849967428,0.358441823622103,2.0615008142484252,True,1.4430505699738976
57,79,19.5,20.0,71,-2.565683776562161,0.0355421192201506,0.0572092849967428,-0.0216671657765922,-0.05143810373619057,True,-0.0360066726153334
58,0,-20.0,-19.5,79,-2.6164254492840096,-0.3817631277111863,0.0519258562037781,-0.4336889839149646,-1.2240098746609895,True,-0.8568069122626926
58,1,-19.5,-19.0,241,-2.6164254492840096,0.1129608358228397,0.0519258562037781,0.0610349796190615,0.34948148282257646,True,0.2446370379758035
58,2,-19.0,-18.5,146,-2.6164254492840096,0.1215851945862028,0.0519258562037781,0.0696593383824246,0.40281165522682605,True,0.2819681586587782
58,3,-18.5,-18.0,163,-2.6164254492840096,-0.2976910764402052,0.0519258562037781,-0.3496169326439834,-0.9867314914063597,True,-0.6907120439844517
58,4,-18.0,-17.5,88,-2.6164254492840096,-0.1134374680349182,0.0519258562037781,-0.1653633242386964,-0.466708515276971,True,-0.3266959606938797
58,5,-17.5,-17.0,79,-2.6164254492840096,0.2596716750157312,0.0519258562037781,0.207745818811953,1.2566926230833984,True,0.8796848361583788
58,6,-17.0,-16.5,189,-2.6164254492840096,0.2806028783671834,0.0519258562037781,0.2286770221634052,1.386124238115849,True,0.9702869666810942
58,7,-16.5,-16.0,26,-2.6164254492840096,0.2141007188840618,0.0519258562037781,0.1621748626802836,0.9748969541169651,True,0.6824278678818755
58,8,-16.0,-15.5,100,-2.6164254492840096,0.2141007188840618,0.0519258562037781,0.1621748626802836,0.9748969541169651,True,0.6824278678818755
58,9,-15.5,-15.0,220,-2.6164254492840096,0.0672863916772308,0.0519258562037781,0.0153605354734526,0.06704587832277772,True,0.0469321148259444
58,10,-15.0,-14.5,21,-2.6164254492840096,0.2555258790632034,0.0519258562037781,0.2036000228594252,1.2310563967890586,True,0.8617394777523409
58,11,-14.5,-14.0,180,-2.6164254492840096,0.2555258790632042,0.0519258562037781,0.203600022859426,1.2310563967890635,True,0.8617394777523444
58,12,-14.0,-13.5,202,-2.6164254492840096,-0.0518652251918821,0.0519258562037781,-0.1037910813956603,-0.2929318318930146,True,-0.2050522823251102
58,13,-13.5,-13.0,137,-2.6164254492840096,-0.1860307813273922,0.0519258562037781,-0.2379566375311704,-0.6715902060735471,True,-0.470113144251483
58,14,-13.0,-12.5,182,-2.6164254492840096,0.0602360047522931,0.0519258562037781,0.0083101485485149,0.02345391342768414,True,0.0164177393993789
58,15,-12.5,-12.0,130,-2.6164254492840096,0.0939406551240254,0.0519258562037781,0.0420147989202472,0.23186699765797744,True,0.1623068983605842
58,16,-12.0,-11.5,165,-2.6164254492840096,-0.3179056605818607,0.0519258562037781,-0.3698315167856389,-1.0437835529510062,True,-0.7306484870657043
58,17,-11.5,-11.0,190,-2.6164254492840096,0.0876875386387076,0.0519258562037781,0.0357616824349294,0.19319980055081398,True,0.1352398603855698
58,18,-11.0,-10.5,163,-2.6164254492840096,0.0297117150393958,0.0519258562037781,-0.0222141411643822,-0.06269545492455557,True,-0.0438868184471889
58,19,-10.5,-10.0,16,-2.6164254492840096,0.0297117150393959,0.0519258562037781,-0.0222141411643822,-0.06269545492455557,True,-0.0438868184471889
58,20,-10.0,-9.5,234,-2.6164254492840096,0.0892357447323212,0.0519258562037781,0.037309888528543,0.202773393226535,True,0.1419413752585745
58,21,-9.5,-9.0,64,-2.6164254492840096,-0.2957437891966691,0.0519258562037781,-0.3476696454004473,-0.9812356201638545,True,-0.6868649341146981
58,22,-9.0,-8.5,151,-2.6164254492840096,0.1685064571471574,0.0519258562037781,0.1165806009433792,0.6929571710222503,True,0.4850700197155752
58,23,-8.5,-8.0,178,-2.6164254492840096,0.1280888056080999,0.0519258562037781,0.0761629494043217,0.4430278274159222,True,0.3101194791911455
58,24,-8.0,-7.5,144,-2.6164254492840096,-0.2848021173861723,0.0519258562037781,-0.3367279735899505,-0.9503547012609804,True,-0.6652482908826862
58,25,-7.5,-7.0,186,-2.6164254492840096,0.1567068977187016,0.0519258562037781,0.1047810415149234,0.6199926114671755,True,0.4339948280270229
58,26,-7.0,-6.5,178,-2.6164254492840096,-0.2016215827186845,0.0519258562037781,-0.2535474389224627,-0.7155924647533799,True,-0.5009147253273659
58,27,-6.5,-6.0,54,-2.6164254492840096,-0.5195915839071327,0.0519258562037781,-0.5715174401109109,-1.6130061315412345,True,-1.129104292078864
58,28,-6.0,-5.5,96,-2.6164254492840096,0.1932263509129336,0.0519258562037781,0.1413004947091554,0.8458167902143324,True,0.5920717531500327
58,29,-5.5,-5.0,111,-2.6164254492840096,-0.0417774997735207,0.0519258562037781,-0.0937033559772989,-0.2644610245105425,True,-0.1851227171573797
58,30,-5.0,-4.5,168,-2.6164254492840096,0.0741323102378502,0.0519258562037781,0.022206454034072,0.10937876672883871,True,0.0765651367101871
58,31,-4.5,-4.0,0,-2.6164254492840096,,0.0519258562037781,,,True,
58,32,-4.0,-3.5,159,-2.6164254492840096,0.0906306535933937,0.0519258562037781,0.0387047973896155,0.2113990466913733,True,0.1479793326839613
58,33,-3.5,-3.0,0,-2.6164254492840096,,0.0519258562037781,,,True,
58,34,-3.0,-2.5,175,-2.6164254492840096,0.0436157076552632,0.0519258562037781,-0.0083101485485149,-0.02345391342768414,True,-0.0164177393993789
58,35,-2.5,-2.0,101,-2.6164254492840096,0.2111253928613502,0.0519258562037781,0.159199536657572,0.9564985254217069,True,0.6695489677951948
58,36,-2.0,-1.5,89,-2.6164254492840096,-0.070424953980483,0.0519258562037781,-0.1223508101842611,-0.3453133590953092,True,-0.2417193513667164
58,37,-1.5,-1.0,175,-2.6164254492840096,0.2345750528808643,0.0519258562037781,0.1826491966770861,1.1015034406826834,True,0.7710524084778784
58,38,-1.0,-0.5,106,-2.6164254492840096,-0.4498681221468695,0.0519258562037781,-0.5017939783506478,-1.416224085292987,True,-0.9913568597050908
58,39,-0.5,0.0,291,-2.6164254492840096,-0.1783838416775504,0.0519258562037781,-0.2303096978813286,-0.6500080815799764,True,-0.4550056571059834
58,40,0.0,0.5,93,-2.6164254492840096,-0.1447120392059823,0.0519258562037781,-0.1966378954097605,-0.5549754193463541,True,-0.3884827935424478
58,41,0.5,1.0,140,-2.6164254492840096,0.1567461807733213,0.0519258562037781,0.1048203245695431,0.6202355248399741,True,0.4341648673879819
58,42,1.0,1.5,0,-2.6164254492840096,,0.0519258562037781,,,True,
58,43,1.5,2.0,217,-2.6164254492840096,-0.1620251938547087,0.0519258562037781,-0.2139510500584869,-0.603838713175669,True,-0.4226870992229682
58,44,2.0,2.5,98,-2.6164254492840096,-0.2418104528131201,0.0519258562037781,-0.2937363090168983,-0.8290183890251897,True,-0.5803128723176327
58,45,2.5,3.0,133,-2.6164254492840096,-0.1925617083956865,0.0519258562037781,-0.2444875645994647,-0.6900225839267285,True,-0.48301580874871
58,46,3.0,3.5,113,-2.6164254492840096,-0.053600880627284,0.0519258562037781,-0.1055267368310621,-0.29783041006939115,True,-0.2084812870485738
58,47,3.5,4.0,116,-2.6164254492840096,-0.3256455800326067,0.0519258562037781,-0.3775714362363849,-1.0656280963638298,True,-0.7459396674546808
58,48,4.0,4.5,233,-2.6164254492840096,-0.2067020015884133,0.0519258562037781,-0.2586278577921915,-0.7299310416935344,True,-0.510951729185474
58,49,4.5,5.0,210,-2.6164254492840096,-0.2649767748137716,0.0519258562037781,-0.3169026310175498,-0.8944012046835496,True,-0.6260808432784847
58,50,5.0,5.5,0,-2.6164254492840096,,0.0519258562037781,,,True,
58,51,5.5,6.0,209,-2.6164254492840096,-0.2305582326624762,0.0519258562037781,-0.2824840888662544,-0.7972610027712932,True,-0.5580827019399052
58,52,6.0,6.5,114,-2.6164254492840096,0.1394591245305251,0.0519258562037781,0.0875332683267469,0.5133381061348676,True,0.3593366742944073
58,53,6.5,7.0,1,-2.6164254492840096,-0.0055811419493747,0.0519258562037781,-0.0575069981531529,-0.16230325466457302,True,-0.1136122782652011
58,54,7.0,7.5,93,-2.6164254492840096,-0.0055811419493747,0.0519258562037781,-0.0575069981531529,-0.16230325466457302,True,-0.1136122782652011
58,55,7.5,8.0,115,-2.6164254492840096,0.0552085138068321,0.0519258562037781,0.0032826576030539,0.009264716122134144,True,0.0064853012854939
58,56,8.0,8.5,33,-2.6164254492840096,0.0031924026737757,0.0519258562037781,-0.0487334535300024,-0.13754148839240815,True,-0.0962790418746857
58,57,8.5,9.0,183,-2.6164254492840096,-0.1808052144034058,0.0519258562037781,-0.232731070607184,-0.6568419746153201,True,-0.4597893822307241
58,58,9.0,9.5,259,-2.6164254492840096,-0.2545364801544404,0.0519258562037781,-0.3064623363582186,-0.8649353334455167,True,-0.6054547334118616
58,59,9.5,10.0,219,-2.6164254492840096,0.1045850928701236,0.0519258562037781,0.0526592366663455,0.2976886680825923,True,0.2083820676578146
58,60,10.0,10.5,325,-2.6164254492840096,0.1470233730827863,0.0519258562037781,0.0950975168790081,0.5601129088151977,True,0.3920790361706384
58,61,10.5,11.0,243,-2.6164254492840096,0.0915896799525976,0.0519258562037781,0.0396638237488194,0.2173293474221166,True,0.1521305431954816
58,62,11.0,11.5,119,-2.6164254492840096,0.1640086268961001,0.0519258562037781,0.1120827706923219,0.6651440814563431,True,0.4656008570194401
58,63,11.5,12.0,303,-2.6164254492840096,0.3474718421770594,0.0519258562037781,0.2955459859732813,1.7996197183390763,True,1.2597338028373533
58,64,12.0,12.5,114,-2.6164254492840096,-0.0776407076703763,0.0519258562037781,-0.1295665638741545,-0.3656785380533313,True,-0.2559749766373319
58,65,12.5,13.0,0,-2.6164254492840096,,0.0519258562037781,,,True,
58,66,13.0,13.5,0,-2.6164254492840096,,0.0519258562037781,,,True,
58,67,13.5,14.0,102,-2.6164254492840096,-0.4304326010670747,0.0519258562037781,-0.4823584572708529,-1.3613707904130892,True,-0.9529595532891624
58,68,14.0,14.5,0,-2.6164254492840096,,0.0519258562037781,,,True,
58,69,14.5,15.0,0,-2.6164254492840096,,0.0519258562037781,,,True,
58,70,15.0,15.5,39,-2.6164254492840096,-0.6398117643295967,0.0519258562037781,-0.691737620533375,-1.952306167807487,True,-1.3666143174652408
58,71,15.5,16.0,29,-2.6164254492840096,-0.6398117643295967,0.0519258562037781,-0.691737620533375,-1.952306167807487,True,-1.3666143174652408
58,72,16.0,16.5,57,-2.6164254492840096,-0.5544083622703625,0.0519258562037781,-0.6063342184741407,-1.7112702841968441,True,-1.1978891989377909
58,73,16.5,17.0,43,-2.6164254492840096,-0.4604150851893962,0.0519258562037781,-0.5123409413931744,-1.4459910090345143,True,-1.01219370632416
58,74,17.0,17.5,0,-2.6164254492840096,,0.0519258562037781,,,True,
58,75,17.5,18.0,0,-2.6164254492840096,,0.0519258562037781,,,True,
58,76,18.0,18.5,0,-2.6164254492840096,,0.0519258562037781,,,True,
58,77,18.5,19.0,49,-2.6164254492840096,-0.4747672426919689,0.0519258562037781,-0.5266930988957471,-1.4864974160620978,True,-1.0405481912434684
58,78,19.0,19.5,47,-2.6164254492840096,-0.6239465430424288,0.0519258562037781,-0.675872399246207,-1.9075294078725773,True,-1.335270585510804
58,79,19.5,20.0,43,-2.6164254492840096,-0.3422954994633134,0.0519258562037781,-0.3942213556670916,-1.1126195269773653,True,-0.7788336688841557
59,0,-20.0,-19.5,40,-2.516957166196584,0.1634335068720298,0.0448638159227312,0.1185696909492985,0.8358256414737448,True,0.5850779490316214
59,1,-19.5,-19.0,129,-2.516957166196584,0.1634335068720295,0.0448638159227312,0.1185696909492982,0.8358256414737426,True,0.5850779490316198
59,2,-19.0,-18.5,51,-2.516957166196584,0.2093177718417733,0.0448638159227312,0.164453955919042,1.1707817782594219,True,0.8195472447815952
59,3,-18.5,-18.0,160,-2.516957166196584,0.2093177718417741,0.0448638159227312,0.1644539559190428,1.1707817782594276,True,0.8195472447815993
59,4,-18.0,-17.5,83,-2.516957166196584,-0.2871298136341582,0.0448638159227312,-0.3319936295568895,-1.0238567479066834,True,-0.7166997235346784
59,5,-17.5,-17.0,181,-2.516957166196584,0.2079895747802849,0.0448638159227312,0.1631257588575536,1.1610859106913218,True,0.8127601374839253
59,6,-17.0,-16.5,59,-2.516957166196584,0.0337036398399188,0.0448638159227312,-0.0111601760828124,-0.034417592908228434,True,-0.0240923150357599
59,7,-16.5,-16.0,143,-2.516957166196584,0.0170349239346803,0.0448638159227312,-0.0278288919880508,-0.08582333006437887,True,-0.0600763310450652
59,8,-16.0,-15.5,152,-2.516957166196584,-0.1947063466148045,0.0448638159227312,-0.2395701625375358,-0.7388260065066266,True,-0.5171782045546386
59,9,-15.5,-15.0,112,-2.516957166196584,0.1376541163675586,0.0448638159227312,0.0927903004448273,0.6476355275477397,True,0.4533448692834178
59,10,-15.0,-14.5,152,-2.516957166196584,0.2099753490924732,0.0448638159227312,0.1651115331697419,1.1755821065566676,True,0.8229074745896673
59,11,-14.5,-14.0,82,-2.516957166196584,0.2099753490924724,0.0448638159227312,0.1651115331697411,1.1755821065566618,True,0.8229074745896632
59,12,-14.0,-13.5,150,-2.516957166196584,0.1205346715099828,0.0448638159227312,0.0756708555872515,0.5226632060516835,True,0.3658642442361784
59,13,-13.5,-13.0,132,-2.516957166196584,0.2238601585652206,0.0448638159227312,0.1789963426424894,1.276941519071251,True,0.8938590633498756
59,14,-13.0,-12.5,56,-2.516957166196584,0.1173526590193798,0.0448638159227312,0.0724888430966485,0.4994344453477913,True,0.3496041117434539
59,15,-12.5,-12.0,188,-2.516957166196584,0.0029557150627352,0.0448638159227312,-0.0419081008599959,-0.12924311805238445,True,-0.0904701826366691
59,16,-12.0,-11.5,131,-2.516957166196584,0.1067542977504202,0.0448638159227312,0.0618904818276889,0.4220661765251232,True,0.2954463235675862
59,17,-11.5,-11.0,143,-2.516957166196584,-0.1822398120058364,0.0448638159227312,-0.2271036279285677,-0.7003796495706812,True,-0.4902657546994768
59,18,-11.0,-10.5,158,-2.516957166196584,0.0940091846981731,0.0448638159227312,0.0491453687754418,0.32902657278095404,True,0.2303186009466678
59,19,-10.5,-10.0,60,-2.516957166196584,0.1414916758515892,0.0448638159227312,0.0966278599288579,0.6756497956264316,True,0.4729548569385021
59,20,-10.0,-9.5,217,-2.516957166196584,-0.1112406930746781,0.0448638159227312,-0.1561045089974093,-0.48142084873429575,True,-0.336994594114007
59,21,-9.5,-9.0,214,-2.516957166196584,0.002179302826245,0.0448638159227312,-0.0426845130964862,-0.13163754624833787,True,-0.0921462823738365
59,22,-9.0,-8.5,0,-2.516957166196584,,0.0448638159227312,,,True,
59,23,-8.5,-8.0,186,-2.516957166196584,0.1450637237730276,0.0448638159227312,0.1001999078502963,0.7017258234971467,True,0.4912080764480027
59,24,-8.0,-7.5,58,-2.516957166196584,-0.6668541530182716,0.0448638159227312,-0.7117179689410028,-2.1949133363771898,True,-1.5364393354640329
59,25,-7.5,-7.0,164,-2.516957166196584,0.1707329964470371,0.0448638159227312,0.1258691805243058,0.8891120748548621,True,0.6223784523984034
59,26,-7.0,-6.5,91,-2.516957166196584,0.044863815922731,0.0448638159227312,-2.5673907444456745e-16,-7.917743306467365e-16,True,-5.542420314527155e-16
59,27,-6.5,-6.0,214,-2.516957166196584,0.0448638159227312,0.0448638159227312,0.0,0.0,True,0.0
59,28,-6.0,-5.5,176,-2.516957166196584,0.1799100098718531,0.0448638159227312,0.1350461939491219,0.9561044733608347,True,0.6692731313525843
59,29,-5.5,-5.0,174,-2.516957166196584,-0.3708771076057549,0.0448638159227312,-0.4157409235284861,-1.2821304749242401,True,-0.897491332446968
59,30,-5.0,-4.5,274,-2.516957166196584,0.0843442288661649,0.0448638159227312,0.0394804129434337,0.2584721840416256,True,0.1809305288291379
59,31,-4.5,-4.0,72,-2.516957166196584,-0.4299900790781085,0.0448638159227312,-0.4748538950008397,-1.4644328125069361,True,-1.0251029687548552
59,32,-4.0,-3.5,198,-2.516957166196584,0.1544680608347917,0.0448638159227312,0.1096042449120604,0.7703776895195411,True,0.5392643826636787
59,33,-3.5,-3.0,82,-2.516957166196584,0.0169709743653165,0.0448638159227312,-0.0278928415574147,-0.086020548300784,True,-0.0602143838105488
59,34,-3.0,-2.5,210,-2.516957166196584,-0.2565233166943182,0.0448638159227312,-0.3013871326170495,-0.9294673812689401,True,-0.6506271668882581
59,35,-2.5,-2.0,199,-2.516957166196584,-0.2470318395928609,0.0448638159227312,-0.2918956555155922,-0.9001959976857693,True,-0.6301371983800385
59,36,-2.0,-1.5,105,-2.516957166196584,-0.040006268280307,0.0448638159227312,-0.0848700842030383,-0.26173637284145274,True,-0.1832154609890169
59,37,-1.5,-1.0,164,-2.516957166196584,-0.0515755048197801,0.0448638159227312,-0.0964393207425114,-0.2974154938983173,True,-0.2081908457288221
59,38,-1.0,-0.5,118,-2.516957166196584,0.0638550084364875,0.0448638159227312,0.0189911925137562,0.10890042724437801,True,0.0762302990710646
59,39,-0.5,0.0,115,-2.516957166196584,-0.1516411524214213,0.0448638159227312,-0.1965049683441525,-0.6060144530630939,True,-0.4242101171441657
59,40,0.0,0.5,125,-2.516957166196584,-0.0552144233626383,0.0448638159227312,-0.1000782392853696,-0.30863779147722215,True,-0.2160464540340555
59,41,0.5,1.0,198,-2.516957166196584,-0.1912436961996166,0.0448638159227312,-0.2361075121223479,-0.7281473136715747,True,-0.5097031195701023
59,42,1.0,1.5,56,-2.516957166196584,-0.6634859751871384,0.0448638159227312,-0.7083497911098696,-2.1845259936888435,True,-1.5291681955821903
59,43,1.5,2.0,115,-2.516957166196584,-0.0067660646622553,0.0448638159227312,-0.0516298805849866,-0.1592247468757426,True,-0.1114573228130198
59,44,2.0,2.5,152,-2.516957166196584,-0.1161448388104408,0.0448638159227312,-0.1610086547331721,-0.49654506274701704,True,-0.3475815439229119
59,45,2.5,3.0,24,-2.516957166196584,-0.2243562131108625,0.0448638159227312,-0.2692200290335937,-0.8302651582970957,True,-0.5811856108079669
59,46,3.0,3.5,137,-2.516957166196584,-0.4525165065582479,0.0448638159227312,-0.4973803224809792,-1.5339035273894914,True,-1.073732469172644
59,47,3.5,4.0,208,-2.516957166196584,-0.1413686257929997,0.0448638159227312,-0.186232441715731,-0.574334340042256,True,-0.4020340380295792
59,48,4.0,4.5,0,-2.516957166196584,,0.0448638159227312,,,True,
59,49,4.5,5.0,206,-2.516957166196584,-0.2192579863807778,0.0448638159227312,-0.2641218023035091,-0.8145424052824601,True,-0.5701796836977221
59,50,5.0,5.5,157,-2.516957166196584,-0.175221706444938,0.0448638159227312,-0.2200855223676693,-0.6787360573558613,True,-0.4751152401491029
59,51,5.5,6.0,149,-2.516957166196584,-0.2159351793964434,0.0448638159227312,-0.2607989953191747,-0.8042949846995924,True,-0.5630064892897146
59,52,6.0,6.5,162,-2.516957166196584,-0.326280135207161,0.0448638159227312,-0.3711439511298923,-1.1445949710428802,True,-0.8012164797300161
59,53,6.5,7.0,139,-2.516957166196584,0.0136156353495314,0.0448638159227312,-0.0312481805731998,-0.09636829653140914,True,-0.0674578075719864
59,54,7.0,7.5,117,-2.516957166196584,-0.0884077786899661,0.0448638159227312,-0.1332715946126974,-0.4110049389520362,True,-0.2877034572664253
59,55,7.5,8.0,51,-2.516957166196584,-0.368583181620334,0.0448638159227312,-0.4134469975430652,-1.2750560873749779,True,-0.8925392611624844
59,56,8.0,8.5,153,-2.516957166196584,-0.137574967430294,0.0448638159227312,-0.1824387833530252,-0.5626348302682488,True,-0.3938443811877741
59,57,8.5,9.0,130,-2.516957166196584,0.0214926201810836,0.0448638159227312,-0.0233711957416476,-0.07207595067011201,True,-0.0504531654690784
59,58,9.0,9.5,106,-2.516957166196584,-0.6249596333001288,0.0448638159227312,-0.6698234492228601,-2.065712102091519,True,-1.445998471464063
59,59,9.5,10.0,129,-2.516957166196584,-0.0823831547096514,0.0448638159227312,-0.1272469706323827,-0.39242520920216545,True,-0.2746976464415158
59,60,10.0,10.5,0,-2.516957166196584,,0.0448638159227312,,,True,
59,61,10.5,11.0,112,-2.516957166196584,-0.1453173154438721,0.0448638159227312,-0.1901811313666034,-0.5865119608894723,True,-0.4105583726226306
59,62,11.0,11.5,0,-2.516957166196584,,0.0448638159227312,,,True,
59,63,11.5,12.0,167,-2.516957166196584,0.1013575598744492,0.0448638159227312,0.0564937439517179,0.3826698721194149,True,0.2678689104835904
59,64,12.0,12.5,73,-2.516957166196584,0.1197070077608464,0.0448638159227312,0.0748431918381151,0.5166212425997008,True,0.3616348698197905
59,65,12.5,13.0,76,-2.516957166196584,0.1197070077608464,0.0448638159227312,0.0748431918381151,0.5166212425997008,True,0.3616348698197905
59,66,13.0,13.5,192,-2.516957166196584,0.2636761166775749,0.0448638159227312,0.2188123007548436,1.5675988832140302,True,1.097319218249821
59,67,13.5,14.0,32,-2.516957166196584,0.3248049627132675,0.0448638159227312,0.2799411467905361,2.013840794853755,True,1.4096885563976285
59,68,14.0,14.5,195,-2.516957166196584,0.3248049627132663,0.0448638159227312,0.279941146790535,2.013840794853747,True,1.4096885563976227
59,69,14.5,15.0,114,-2.516957166196584,-0.0838290429689737,0.0448638159227312,-0.128692858891705,-0.39688427804936616,True,-0.2778189946345563
59,70,15.0,15.5,206,-2.516957166196584,-0.177842543312972,0.0448638159227312,-0.2227063592357032,-0.6868186266391353,True,-0.4807730386473947
59,71,15.5,16.0,217,-2.516957166196584,0.0660244776957611,0.0448638159227312,0.0211606617730299,0.12473760023692301,True,0.0873163201658461
59,72,16.0,16.5,79,-2.516957166196584,-0.3933041717124724,0.0448638159227312,-0.4381679876352037,-1.3512947566366516,True,-0.945906329645656
59,73,16.5,17.0,230,-2.516957166196584,0.302447972820076,0.0448638159227312,0.2575841568973447,1.8506342801647244,True,1.295443996115307
59,74,17.0,17.5,0,-2.516957166196584,,0.0448638159227312,,,True,
59,75,17.5,18.0,217,-2.516957166196584,-0.0767826355706479,0.0448638159227312,-0.1216464514933792,-0.37515340395728003,True,-0.262607382770096
59,76,18.0,18.5,138,-2.516957166196584,0.2070993664028801,0.0448638159227312,0.1622355504801488,1.1545873700864677,True,0.8082111590605274
59,77,18.5,19.0,138,-2.516957166196584,-0.3479523058764278,0.0448638159227312,-0.3928161217991591,-1.2114311877833337,True,-0.8480018314483335
59,78,19.0,19.5,238,-2.516957166196584,0.1769186611161073,0.0448638159227312,0.132054845193376,0.9342675620871336,True,0.6539872934609935
59,79,19.5,20.0,0,-2.516957166196584,,0.0448638159227312,,,True,
60,0,-20.0,-19.5,71,-2.570133666871989,-0.6553749028550618,0.0628029525905819,-0.7181778554456437,-1.4484511414555896,True,-1.0139157990189127
60,1,-19.5,-19.0,226,-2.570133666871989,0.0963057603911496,0.0628029525905819,0.0335028078005677,0.1516448047520023,True,0.1061513633264016
60,2,-19.0,-18.5,204,-2.570133666871989,-0.0833634357348787,0.0628029525905819,-0.1461663883254607,-0.2947944863617122,True,-0.2063561404531985
60,3,-18.5,-18.0,84,-2.570133666871989,0.0494576160210221,0.0628029525905819,-0.0133453365695597,-0.02691543305145914,True,-0.0188408031360214
60,4,-18.0,-17.5,181,-2.570133666871989,0.063741462832431,0.0628029525905819,0.0009385102418491,0.0018928267152298573,True,0.0013249787006609
60,5,-17.5,-17.0,71,-2.570133666871989,0.0637414628324312,0.0628029525905819,0.0009385102418493,0.0018928267152302858,True,0.0013249787006612
60,6,-17.0,-16.5,110,-2.570133666871989,0.0832283077691952,0.0628029525905819,0.0204253551786133,0.07968392625618372,True,0.0557787483793286
60,7,-16.5,-16.0,54,-2.570133666871989,0.1632800762578894,0.0628029525905819,0.1004771236673075,0.5201822214608202,True,0.3641275550225741
60,8,-16.0,-15.5,161,-2.570133666871989,0.0240325293333904,0.0628029525905819,-0.0387704232571914,-0.07819381145739815,True,-0.0547356680201787
60,9,-15.5,-15.0,238,-2.570133666871989,0.0580264863516996,0.0628029525905819,-0.0047764662388822,-0.009633376918228572,True,-0.00674336384276
60,10,-15.0,-14.5,48,-2.570133666871989,0.1346935702898669,0.0628029525905819,0.071890617699285,0.362880173267475,True,0.2540161212872325
60,11,-14.5,-14.0,158,-2.570133666871989,0.0539523175565446,0.0628029525905819,-0.0088506350340372,-0.01785033097365986,True,-0.0124952316815619
60,12,-14.0,-13.5,232,-2.570133666871989,-0.0308887475323116,0.0628029525905819,-0.0936917001228935,-0.1889613400899287,True,-0.1322729380629501
60,13,-13.5,-13.0,0,-2.570133666871989,,0.0628029525905819,,,True,
60,14,-13.0,-12.5,234,-2.570133666871989,0.1404314091204073,0.0628029525905819,0.0776284565298254,0.3944535947012436,True,0.2761175162908705
60,15,-12.5,-12.0,43,-2.570133666871989,0.2339081282216552,0.0628029525905819,0.1711051756310733,0.9088249344329542,True,0.6361774541030679
60,16,-12.0,-11.5,166,-2.570133666871989,0.2339081282216561,0.0628029525905819,0.1711051756310742,0.9088249344329592,True,0.6361774541030714
60,17,-11.5,-11.0,160,-2.570133666871989,0.3668282764174024,0.0628029525905819,0.3040253238268205,1.6402403645223407,True,1.1481682551656385
60,18,-11.0,-10.5,13,-2.570133666871989,0.366828276417403,0.0628029525905819,0.3040253238268212,1.6402403645223447,True,1.1481682551656411
60,19,-10.5,-10.0,58,-2.570133666871989,-0.7858419397810856,0.0628029525905819,-0.8486448923716675,-1.7115825191845297,True,-1.1981077634291708
60,20,-10.0,-9.5,177,-2.570133666871989,0.0517209468729823,0.0628029525905819,-0.0110820057175995,-0.02235065271027314,True,-0.0156454568971912
60,21,-9.5,-9.0,129,-2.570133666871989,0.1182986283610373,0.0628029525905819,0.0554956757704554,0.2726642529202762,True,0.1908649770441933
60,22,-9.0,-8.5,59,-2.570133666871989,0.1182986283610375,0.0628029525905819,0.0554956757704555,0.27266425292027663,True,0.1908649770441936
60,23,-8.5,-8.0,217,-2.570133666871989,-0.0948343744441673,0.0628029525905819,-0.1576373270347492,-0.31792955539934775,True,-0.2225506887795434
60,24,-8.0,-7.5,65,-2.570133666871989,-0.1639498814877441,0.0628029525905819,-0.2267528340783259,-0.4573246012232406,True,-0.3201272208562684
60,25,-7.5,-7.0,154,-2.570133666871989,-0.0248960907814894,0.0628029525905819,-0.0876990433720713,-0.17687509927191586,True,-0.1238125694903411
60,26,-7.0,-6.5,170,-2.570133666871989,0.1297737395226239,0.0628029525905819,0.0669707869320419,0.3358079785292417,True,0.2350655849704692
60,27,-6.5,-6.0,61,-2.570133666871989,-0.5649907425466816,0.0628029525905819,-0.6277936951372635,-1.266160586023549,True,-0.8863124102164842
60,28,-6.0,-5.5,155,-2.570133666871989,0.1762780480101885,0.0628029525905819,0.1134750954196066,0.5917057431281073,True,0.4141940201896751
60,29,-5.5,-5.0,100,-2.570133666871989,-0.4255215526609986,0.0628029525905819,-0.4883245052515805,-0.984873289630304,True,-0.6894113027412128
60,30,-5.0,-4.5,220,-2.570133666871989,0.0983236935110476,0.0628029525905819,0.0355207409204657,0.16274882051497172,True,0.1139241743604802
60,31,-4.5,-4.0,58,-2.570133666871989,0.316754365314624,0.0628029525905819,0.2539514127240421,1.364700262268165,True,0.9552901835877154
60,32,-4.0,-3.5,305,-2.570133666871989,-0.1831912048399558,0.0628029525905819,-0.2459941574305377,-0.496131307057039,True,-0.3472919149399273
60,33,-3.5,-3.0,240,-2.570133666871989,0.1177067687565495,0.0628029525905819,0.0549038161659676,0.2694074460851567,True,0.1885852122596097
60,34,-3.0,-2.5,121,-2.570133666871989,-0.3975025200774247,0.0628029525905819,-0.4603054726680066,-0.9283633326322903,True,-0.6498543328426032
60,35,-2.5,-2.0,188,-2.570133666871989,-0.0142136942745662,0.0628029525905819,-0.0770166468651481,-0.15533039513406302,True,-0.1087312765938441
60,36,-2.0,-1.5,59,-2.570133666871989,-0.356858188569762,0.0628029525905819,-0.4196611411603438,-0.846390144626594,True,-0.5924731012386157
60,37,-1.5,-1.0,255,-2.570133666871989,0.099393085662173,0.0628029525905819,0.0365901330715911,0.1686333303561563,True,0.1180433312493094
60,38,-1.0,-0.5,61,-2.570133666871989,-0.4630225359607819,0.0628029525905819,-0.5258254885513639,-1.060506841478784,True,-0.7423547890351487
60,39,-0.5,0.0,216,-2.570133666871989,0.0628029525905819,0.0628029525905819,0.0,0.0,True,0.0
60,40,0.0,0.5,74,-2.570133666871989,0.2055641566666216,0.0628029525905819,0.1427612040760397,0.7528574725637721,True,0.5270002307946404
60,41,0.5,1.0,49,-2.570133666871989,0.2055641566666215,0.0628029525905819,0.1427612040760396,0.7528574725637714,True,0.52700023079464
60,42,1.0,1.5,139,-2.570133666871989,0.0482048163610769,0.0628029525905819,-0.0145981362295049,-0.029442131812362573,True,-0.0206094922686538
60,43,1.5,2.0,71,-2.570133666871989,-0.3069740376399116,0.0628029525905819,-0.3697769902304935,-0.7457817022929758,True,-0.5220471916050831
60,44,2.0,2.5,191,-2.570133666871989,0.1119903161532177,0.0628029525905819,0.0491873635626358,0.23795170595692475,True,0.1665661941698473
60,45,2.5,3.0,158,-2.570133666871989,-0.0130012163418946,0.0628029525905819,-0.0758041689324765,-0.15288501891945086,True,-0.1070195132436156
60,46,3.0,3.5,115,-2.570133666871989,-0.2896765116976224,0.0628029525905819,-0.3524794642882043,-0.7108953283878384,True,-0.4976267298714869
60,47,3.5,4.0,134,-2.570133666871989,0.1115128825164381,0.0628029525905819,0.0487099299258562,0.23532454721895804,True,0.1647271830532706
60,48,4.0,4.5,192,-2.570133666871989,-0.153018703273042,0.0628029525905819,-0.2158216558636239,-0.4352781437301803,True,-0.3046947006111262
60,49,4.5,5.0,85,-2.570133666871989,-0.0904022412244354,0.0628029525905819,-0.1532051938150173,-0.3089906437181733,True,-0.2162934506027213
60,50,5.0,5.5,227,-2.570133666871989,-0.1189158361157974,0.0628029525905819,-0.1817187887063793,-0.3664980546669107,True,-0.2565486382668375
60,51,5.5,6.0,49,-2.570133666871989,0.0303075369382979,0.0628029525905819,-0.0324954156522839,-0.065538113625653,True,-0.0458766795379571
60,52,6.0,6.5,74,-2.570133666871989,0.0303075369382979,0.0628029525905819,-0.0324954156522839,-0.065538113625653,True,-0.0458766795379571
60,53,6.5,7.0,127,-2.570133666871989,0.0207157282522034,0.0628029525905819,-0.0420872243383784,-0.084883274625328,True,-0.0594182922377296
60,54,7.0,7.5,28,-2.570133666871989,-0.0525268995633194,0.0628029525905819,-0.1153298521539013,-0.23260207026651517,True,-0.1628214491865606
60,55,7.5,8.0,110,-2.570133666871989,-0.0525268995633193,0.0628029525905819,-0.1153298521539012,-0.2326020702665149,True,-0.1628214491865604
60,56,8.0,8.5,84,-2.570133666871989,0.0806377823749929,0.0628029525905819,0.017834829784411,0.06542912537703015,True,0.0458003877639211
60,57,8.5,9.0,156,-2.570133666871989,-0.0320687196194803,0.0628029525905819,-0.0948716722100622,-0.191341157155556,True,-0.1339388100088892
60,58,9.0,9.5,127,-2.570133666871989,0.0399785145505241,0.0628029525905819,-0.0228244380400577,-0.04603328142398586,True,-0.0322232969967901
60,59,9.5,10.0,222,-2.570133666871989,0.1373802899631057,0.0628029525905819,0.0745773373725238,0.3776642993161282,True,0.2643650095212897
60,60,10.0,10.5,257,-2.570133666871989,0.1148978888631812,0.0628029525905819,0.0520949362725993,0.25395111291697614,True,0.1777657790418833
60,61,10.5,11.0,211,-2.570133666871989,-0.0909339312671812,0.0628029525905819,-0.1537368838577631,-0.31006297843787556,True,-0.2170440849065129
60,62,11.0,11.5,0,-2.570133666871989,,0.0628029525905819,,,True,
60,63,11.5,12.0,111,-2.570133666871989,-0.5586065715183964,0.0628029525905819,-0.6214095241089783,-1.2532847228330455,True,-0.8772993059831318
60,64,12.0,12.5,0,-2.570133666871989,,0.0628029525905819,,,True,
60,65,12.5,13.0,0,-2.570133666871989,,0.0628029525905819,,,True,
60,66,13.0,13.5,0,-2.570133666871989,,0.0628029525905819,,,True,
60,67,13.5,14.0,0,-2.570133666871989,,0.0628029525905819,,,True,
60,68,14.0,14.5,0,-2.570133666871989,,0.0628029525905819,,,True,
60,69,14.5,15.0,0,-2.570133666871989,,0.0628029525905819,,,True,
60,70,15.0,15.5,20,-2.570133666871989,-0.3443584302549239,0.0628029525905819,-0.4071613828455058,-0.8211801091712243,True,-0.574826076419857
60,71,15.5,16.0,333,-2.570133666871989,0.3872221239178607,0.0628029525905819,0.3244191713272789,1.7524609341139292,True,1.2267226538797504
60,72,16.0,16.5,133,-2.570133666871989,0.4758985547266831,0.0628029525905819,0.4130956021361012,2.240417881643888,True,1.5682925171507214
60,73,16.5,17.0,54,-2.570133666871989,-0.8561057365878947,0.0628029525905819,-0.9189086891784766,-1.85329348383781,True,-1.2973054386864669
60,74,17.0,17.5,168,-2.570133666871989,0.2677821505972203,0.0628029525905819,0.2049791980066384,1.0952224293273676,True,0.7666557005291573
60,75,17.5,18.0,107,-2.570133666871989,-0.5162012679704082,0.0628029525905819,-0.5790042205609901,-1.1677599327519856,True,-0.8174319529263899
60,76,18.0,18.5,69,-2.570133666871989,-0.5311258546420803,0.0628029525905819,-0.5939288072326622,-1.1978604634720846,True,-0.8385023244304591
60,77,18.5,19.0,96,-2.570133666871989,0.4279122641955482,0.0628029525905819,0.3651093116049663,1.9763652620550447,True,1.3834556834385312
60,78,19.0,19.5,0,-2.570133666871989,,0.0628029525905819,,,True,
60,79,19.5,20.0,122,-2.570133666871989,-0.6218241999799674,0.0628029525905819,-0.6846271525705493,-1.3807846804145252,True,-0.9665492762901676
61,0,-20.0,-19.5,255,-2.4663759573126525,-0.2796351196477581,0.0198062818590271,-0.2994414015067853,-0.8733457248143539,True,-0.6113420073700477
61,1,-19.5,-19.0,176,-2.4663759573126525,0.227022339339016,0.0198062818590271,0.2072160574799889,1.1137766589190838,True,0.7796436612433587
61,2,-19.0,-18.5,159,-2.4663759573126525,0.2270223393390161,0.0198062818590271,0.207216057479989,1.1137766589190845,True,0.7796436612433592
61,3,-18.5,-18.0,174,-2.4663759573126525,-0.066554070621077,0.0198062818590271,-0.0863603524801041,-0.25187714274791256,True,-0.1763139999235388
61,4,-18.0,-17.5,312,-2.4663759573126525,0.1390862598510571,0.0198062818590271,0.1192799779920299,0.6309378461146508,True,0.4416564922802555
61,5,-17.5,-17.0,106,-2.4663759573126525,-0.2515422013997067,0.0198062818590271,-0.2713484832587339,-0.7914103948097659,True,-0.5539872763668361
61,6,-17.0,-16.5,351,-2.4663759573126525,0.0239999325324584,0.0198062818590271,0.0041936506734313,0.012231130593753428,True,0.0085617914156274
61,7,-16.5,-16.0,104,-2.4663759573126525,0.0239999325324586,0.0198062818590271,0.0041936506734315,0.012231130593754,True,0.0085617914156278
61,8,-16.0,-15.5,241,-2.4663759573126525,0.1512916277158384,0.0198062818590271,0.1314853458568112,0.6979549949799164,True,0.4885684964859415
61,9,-15.5,-15.0,133,-2.4663759573126525,0.1512916277158388,0.0198062818590271,0.1314853458568116,0.6979549949799185,True,0.4885684964859429
61,10,-15.0,-14.5,165,-2.4663759573126525,-0.3183434651393088,0.0198062818590271,-0.338149746998336,-0.9862418302946669,True,-0.6903692812062668
61,11,-14.5,-14.0,323,-2.4663759573126525,0.0996904251121097,0.0198062818590271,0.0798841432530826,0.41462347111004744,True,0.2902364297770332
61,12,-14.0,-13.5,47,-2.4663759573126525,-0.7746273516866893,0.0198062818590271,-0.7944336335457164,-2.3170316930611974,True,-1.621922185142838
61,13,-13.5,-13.0,220,-2.4663759573126525,0.206300986669641,0.0198062818590271,0.1864947048106139,0.9999999999999997,True,0.6999999999999997
61,14,-13.0,-12.5,2,-2.4663759573126525,0.2063009866696414,0.0198062818590271,0.1864947048106143,1.000000000000002,True,0.7000000000000013
61,15,-12.5,-12.0,255,-2.4663759573126525,0.0695376595654139,0.0198062818590271,0.0497313777063868,0.2490608760510926,True,0.1743426132357648
61,16,-12.0,-11.5,68,-2.4663759573126525,0.0695376595654138,0.0198062818590271,0.0497313777063867,0.249060876051092,True,0.1743426132357644
61,17,-11.5,-11.0,92,-2.4663759573126525,-0.1344920856107697,0.0198062818590271,-0.1542983674697968,-0.450024007693965,True,-0.3150168053857755
61,18,-11.0,-10.5,247,-2.4663759573126525,-0.1344920856107696,0.0198062818590271,-0.1542983674697968,-0.450024007693965,True,-0.3150168053857755
61,19,-10.5,-10.0,55,-2.4663759573126525,-0.3784227631228595,0.0198062818590271,-0.3982290449818866,-1.1614680941972308,True,-0.8130276659380615
61,20,-10.0,-9.5,262,-2.4663759573126525,-0.0486930793652252,0.0198062818590271,-0.0684993612242523,-0.19978407787528088,True,-0.1398488545126966
61,21,-9.5,-9.0,107,-2.4663759573126525,-0.0113601521373871,0.0198062818590271,-0.0311664339964143,-0.09089949402958687,True,-0.0636296458207108
61,22,-9.0,-8.5,114,-2.4663759573126525,0.0088372295620272,0.0198062818590271,-0.0109690522969999,-0.03199215232310772,True,-0.0223945066261754
61,23,-8.5,-8.0,267,-2.4663759573126525,-0.0017865514518975,0.0198062818590271,-0.0215928333109246,-0.06297729226430171,True,-0.0440841045850112
61,24,-8.0,-7.5,49,-2.4663759573126525,-0.3655156845900751,0.0198062818590271,-0.3853219664491022,-1.1238235273479973,True,-0.786676469143598
61,25,-7.5,-7.0,151,-2.4663759573126525,0.1557920658075768,0.0198062818590271,0.1359857839485497,0.7226659691098514,True,0.505866178376896
61,26,-7.0,-6.5,114,-2.4663759573126525,0.1390454294472719,0.0198062818590271,0.1192391475882447,0.6307136548179183,True,0.4414995583725428
61,27,-6.5,-6.0,115,-2.4663759573126525,0.1390454294472719,0.0198062818590271,0.1192391475882447,0.6307136548179183,True,0.4414995583725428
61,28,-6.0,-5.5,221,-2.4663759573126525,-0.2164138031484236,0.0198062818590271,-0.2362200850074508,-0.6889555028744601,True,-0.482268852012122
61,29,-5.5,-5.0,132,-2.4663759573126525,-0.1351783569559297,0.0198062818590271,-0.1549846388149569,-0.4520255750869247,True,-0.3164179025608473
61,30,-5.0,-4.5,240,-2.4663759573126525,0.074086257295354,0.0198062818590271,0.0542799754363268,0.27403628478704717,True,0.191825399350933
61,31,-4.5,-4.0,155,-2.4663759573126525,-0.2102575594622919,0.0198062818590271,-0.230063841321319,-0.6710003067087198,True,-0.4697002146961038
61,32,-4.0,-3.5,107,-2.4663759573126525,0.0754754365895367,0.0198062818590271,0.0556691547305095,0.28166398078033417,True,0.1971647865462339
61,33,-3.5,-3.0,169,-2.4663759573126525,0.0121859833067454,0.0198062818590271,-0.0076202985522816,-0.02222523381521543,True,-0.0155576636706508
61,34,-3.0,-2.5,24,-2.4663759573126525,0.0121859833067454,0.0198062818590271,-0.0076202985522816,-0.02222523381521543,True,-0.0155576636706508
61,35,-2.5,-2.0,198,-2.4663759573126525,0.28054573018167,0.0198062818590271,0.2607394483226429,1.407662520583788,True,0.9853637644086516
61,36,-2.0,-1.5,44,-2.4663759573126525,0.2805457301816697,0.0198062818590271,0.2607394483226425,1.4076625205837858,True,0.98536376440865
61,37,-1.5,-1.0,216,-2.4663759573126525,0.0274265804113088,0.0198062818590271,0.0076202985522816,0.02222523381521543,True,0.0155576636706508
61,38,-1.0,-0.5,114,-2.4663759573126525,0.0274265804113089,0.0198062818590271,0.0076202985522818,0.022225233815216145,True,0.0155576636706513
61,39,-0.5,0.0,195,-2.4663759573126525,0.1052478686952333,0.0198062818590271,0.0854415868362061,0.4451382436303574,True,0.3115967705412502
61,40,0.0,0.5,0,-2.4663759573126525,,0.0198062818590271,,,True,
61,41,0.5,1.0,146,-2.4663759573126525,0.1982862595530645,0.0198062818590271,0.1784799776940374,0.9559927921684385,True,0.6691949545179069
61,42,1.0,1.5,214,-2.4663759573126525,-0.1774075266239063,0.0198062818590271,-0.1972138084829334,-0.57519045678466,True,-0.402633319749262
61,43,1.5,2.0,0,-2.4663759573126525,,0.0198062818590271,,,True,
61,44,2.0,2.5,218,-2.4663759573126525,-0.2741004115393441,0.0198062818590271,-0.2939066933983713,-0.8572032887976391,True,-0.6000423021583473
61,45,2.5,3.0,135,-2.4663759573126525,0.0878684255841921,0.0198062818590271,0.0680621437251649,0.34971131843878844,True,0.2447979229071519
61,46,3.0,3.5,119,-2.4663759573126525,-0.3472885025835236,0.0198062818590271,-0.3670947844425508,-1.070662436728155,True,-0.7494637057097084
61,47,3.5,4.0,234,-2.4663759573126525,-0.1637677976166111,0.0198062818590271,-0.1835740794756383,-0.5354090539585795,True,-0.3747863377710057
61,48,4.0,4.5,147,-2.4663759573126525,-0.1684685423388786,0.0198062818590271,-0.1882748241979057,-0.5491191664746767,True,-0.3843834165322737
61,49,4.5,5.0,54,-2.4663759573126525,-0.1684685423388787,0.0198062818590271,-0.1882748241979058,-0.5491191664746772,True,-0.384383416532274
61,50,5.0,5.5,197,-2.4663759573126525,-0.1264883309921966,0.0198062818590271,-0.1462946128512238,-0.42668039240422856,True,-0.29867627468296
61,51,5.5,6.0,257,-2.4663759573126525,-0.2799363664390016,0.0198062818590271,-0.2997426482980288,-0.8742243361083257,True,-0.611957035275828
61,52,6.0,6.5,69,-2.4663759573126525,-0.6935596420496899,0.0198062818590271,-0.713365923908717,-2.0805909828731624,True,-1.4564136880112135
61,53,6.5,7.0,187,-2.4663759573126525,-0.2339089779895627,0.0198062818590271,-0.2537152598485898,-0.7399816337818863,True,-0.5179871436473203
61,54,7.0,7.5,159,-2.4663759573126525,0.0176065739935289,0.0198062818590271,-0.0021997078654982,-0.006415630739458143,True,-0.0044909415176207
61,55,7.5,8.0,14,-2.4663759573126525,-0.3340594670911589,0.0198062818590271,-0.3538657489501861,-1.0320788556584135,True,-0.7224551989608894
61,56,8.0,8.5,205,-2.4663759573126525,-0.3477435491203121,0.0198062818590271,-0.3675498309793392,-1.0719896177575516,True,-0.750392732430286
61,57,8.5,9.0,221,-2.4663759573126525,-0.2569011694707153,0.0198062818590271,-0.2767074513297424,-0.8070402704070647,True,-0.5649281892849453
61,58,9.0,9.5,291,-2.4663759573126525,-0.106241284384061,0.0198062818590271,-0.1260475662430881,-0.3676281988653482,True,-0.2573397392057437
61,59,9.5,10.0,181,-2.4663759573126525,-0.0372517418227813,0.0198062818590271,-0.0570580236818084,-0.1664144663968063,True,-0.1164901264777644
61,60,10.0,10.5,151,-2.4663759573126525,0.0932331891595569,0.0198062818590271,0.0734269073005297,0.37916812491445473,True,0.2654176874401183
61,61,10.5,11.0,275,-2.4663759573126525,-0.2198075969271878,0.0198062818590271,-0.2396138787862149,-0.6988537843835321,True,-0.4891976490684724
61,62,11.0,11.5,110,-2.4663759573126525,-0.2879753440223986,0.0198062818590271,-0.3077816258814257,-0.8976706821012629,True,-0.628369477470884
61,63,11.5,12.0,155,-2.4663759573126525,-0.1640004307122378,0.0198062818590271,-0.1838067125712649,-0.5360875477089211,True,-0.3752612833962447
61,64,12.0,12.5,169,-2.4663759573126525,-0.2235932215691809,0.0198062818590271,-0.2433995034282081,-0.7098948731581639,True,-0.4969264112107147
61,65,12.5,13.0,0,-2.4663759573126525,,0.0198062818590271,,,True,
61,66,13.0,13.5,58,-2.4663759573126525,-0.7315316727196237,0.0198062818590271,-0.7513379545786508,-2.1913395650038625,True,-1.5339376955027038
61,67,13.5,14.0,111,-2.4663759573126525,-0.6261325393541349,0.0198062818590271,-0.645938821213162,-1.8839342360790925,True,-1.3187539652553646
61,68,14.0,14.5,117,-2.4663759573126525,-0.5605173371225673,0.0198062818590271,-0.5803236189815945,-1.6925620475192873,True,-1.184793433263501
61,69,14.5,15.0,79,-2.4663759573126525,-0.6862607315434183,0.0198062818590271,-0.7060670134024454,-2.059303103994762,True,-1.4415121727963334
61,70,15.0,15.5,100,-2.4663759573126525,-0.2750921861633419,0.0198062818590271,-0.2948984680223691,-0.8600958818842641,True,-0.6020671173189849
61,71,15.5,16.0,65,-2.4663759573126525,-0.602947522719631,0.0198062818590271,-0.6227538045786581,-1.8163132088744263,True,-1.2714192462120983
61,72,16.0,16.5,34,-2.4663759573126525,-0.5917749655776183,0.0198062818590271,-0.6115812474366454,-1.7837275177638412,True,-1.2486092624346887
61,73,16.5,17.0,0,-2.4663759573126525,,0.0198062818590271,,,True,
61,74,17.0,17.5,0,-2.4663759573126525,,0.0198062818590271,,,True,
61,75,17.5,18.0,93,-2.4663759573126525,-0.5164511541127371,0.0198062818590271,-0.5362574359717642,-1.564039363792635,True,-1.0948275546548445
61,76,18.0,18.5,3,-2.4663759573126525,-0.5780222088316989,0.0198062818590271,-0.597828490690726,-1.7436164601478208,True,-1.2205315221034745
61,77,18.5,19.0,302,-2.4663759573126525,0.1072319506363618,0.0198062818590271,0.0874256687773347,0.45603242693417884,True,0.3192226988539252
61,78,19.0,19.5,351,-2.4663759573126525,0.236728799669696,0.0198062818590271,0.2169225178106689,1.1670728237002375,True,0.8169509765901661
61,79,19.5,20.0,156,-2.4663759573126525,0.2367287996696963,0.0198062818590271,0.2169225178106692,1.167072823700239,True,0.8169509765901672
62,0,-20.0,-19.5,73,-2.604849800087117,0.4251404676178578,0.0908697269626561,0.3342707406552017,3.0814923160550207,True,2.1570446212385144
62,1,-19.5,-19.0,154,-2.604849800087117,0.2526980819460747,0.0908697269626561,0.1618283549834185,1.47240175403159,True,1.030681227822113
62,2,-19.0,-18.5,49,-2.604849800087117,0.0997328724506347,0.0908697269626561,0.0088631454879786,0.045056186071702864,True,0.031539330250192
62,3,-18.5,-18.0,295,-2.604849800087117,0.0878062245084299,0.0908697269626561,-0.0030635024542261,-0.007843166517128857,True,-0.0054902165619902
62,4,-18.0,-17.5,216,-2.604849800087117,-0.0017418503918844,0.0908697269626561,-0.0926115773545405,-0.23710378348272687,True,-0.1659726484379088
62,5,-17.5,-17.0,81,-2.604849800087117,-0.3888462609665057,0.0908697269626561,-0.4797159879291618,-1.2281669202082968,True,-0.8597168441458076
62,6,-17.0,-16.5,236,-2.604849800087117,-0.114117060015362,0.0908697269626561,-0.2049867869780181,-0.5248063378770753,True,-0.3673644365139527
62,7,-16.5,-16.0,146,-2.604849800087117,0.2192872772854708,0.0908697269626561,0.1284175503228147,1.1606395950963058,True,0.812447716567414
62,8,-16.0,-15.5,44,-2.604849800087117,0.2192872772854713,0.0908697269626561,0.1284175503228152,1.1606395950963104,True,0.8124477165674173
62,9,-15.5,-15.0,201,-2.604849800087117,0.1675525051283566,0.0908697269626561,0.0766827781657004,0.6778932373366151,True,0.4745252661356305
62,10,-15.0,-14.5,107,-2.604849800087117,0.1167002245472533,0.0908697269626561,0.0258304975845972,0.20338156538513058,True,0.1423670957695914
62,11,-14.5,-14.0,47,-2.604849800087117,0.1167002245472531,0.0908697269626561,0.025830497584597,0.20338156538512858,True,0.14236709576959
62,12,-14.0,-13.5,142,-2.604849800087117,0.1015880477345839,0.0908697269626561,0.0107183207719278,0.062367156507843434,True,0.0436570095554904
62,13,-13.5,-13.0,153,-2.604849800087117,0.1966199695458989,0.0908697269626561,0.1057502425832427,0.9491269161912017,True,0.6643888413338411
62,14,-13.0,-12.5,155,-2.604849800087117,-0.3054977307805571,0.0908697269626561,-0.3963674577432132,-1.0147783523928733,True,-0.7103448466750113
62,15,-12.5,-12.0,218,-2.604849800087117,-0.0933064079859215,0.0908697269626561,-0.1841761349485776,-0.4715269912352063,True,-0.3300688938646444
62,16,-12.0,-11.5,208,-2.604849800087117,-0.1926478857382716,0.0908697269626561,-0.2835176127009278,-0.725860638330707,True,-0.5081024468314949
62,17,-11.5,-11.0,98,-2.604849800087117,0.1887898119482482,0.0908697269626561,0.0979200849855921,0.8760623233971966,True,0.6132436263780375
62,18,-11.0,-10.5,68,-2.604849800087117,0.25263718964317,0.0908697269626561,0.1617674626805139,1.4718335571261598,True,1.0302834899883118
62,19,-10.5,-10.0,208,-2.604849800087117,0.0523638294947923,0.0908697269626561,-0.0385058974678638,-0.09858264200680786,True,-0.0690078494047655
62,20,-10.0,-9.5,182,-2.604849800087117,-0.0993001184391952,0.0908697269626561,-0.1901698454018514,-0.48687206434772584,True,-0.3408104450434081
62,21,-9.5,-9.0,96,-2.604849800087117,-0.2963065061600409,0.0908697269626561,-0.387176233122697,-0.9912470165208888,True,-0.693872911564622
62,22,-9.0,-8.5,284,-2.604849800087117,0.0681693752393841,0.0908697269626561,-0.0227003517232719,-0.058117348108341293,True,-0.0406821436758389
62,23,-8.5,-8.0,204,-2.604849800087117,-0.3048536874265283,0.0908697269626561,-0.3957234143891844,-1.013129475218667,True,-0.7091906326530669
62,24,-8.0,-7.5,109,-2.604849800087117,0.1449121265474459,0.0908697269626561,0.0540423995847897,0.46663183919915036,True,0.3266422874394052
62,25,-7.5,-7.0,173,-2.604849800087117,0.2014636174224296,0.0908697269626561,0.1105938904597735,0.994323855757585,True,0.6960266990303094
62,26,-7.0,-6.5,0,-2.604849800087117,,0.0908697269626561,,,True,
62,27,-6.5,-6.0,29,-2.604849800087117,0.2029843644171611,0.0908697269626561,0.112114637454505,1.0085142163636223,True,0.7059599514545356
62,28,-6.0,-5.5,189,-2.604849800087117,0.2029843644171618,0.0908697269626561,0.1121146374545057,1.008514216363629,True,0.7059599514545402
62,29,-5.5,-5.0,160,-2.604849800087117,0.1722986907086581,0.0908697269626561,0.081428963746002,0.7221807388874862,True,0.5055265172212403
62,30,-5.0,-4.5,2,-2.604849800087117,0.1722986907086587,0.0908697269626561,0.0814289637460026,0.7221807388874918,True,0.5055265172212442
62,31,-4.5,-4.0,278,-2.604849800087117,0.0908697269626561,0.0908697269626561,0.0,0.0,True,0.0
62,32,-4.0,-3.5,207,-2.604849800087117,0.0472442051328026,0.0908697269626561,-0.0436255218298534,-0.11168988346530316,True,-0.0781829184257122
62,33,-3.5,-3.0,0,-2.604849800087117,,0.0908697269626561,,,True,
62,34,-3.0,-2.5,163,-2.604849800087117,-0.0613511431268456,0.0908697269626561,-0.1522208700895017,-0.38971525217720543,True,-0.2728006765240438
62,35,-2.5,-2.0,0,-2.604849800087117,,0.0908697269626561,,,True,
62,36,-2.0,-1.5,145,-2.604849800087117,0.1621621418676292,0.0908697269626561,0.0712924149049731,0.627594799310926,True,0.4393163595176482
62,37,-1.5,-1.0,46,-2.604849800087117,-0.7091902881816133,0.0908697269626561,-0.8000600151442694,-2.0483103951220385,True,-1.433817276585427
62,38,-1.0,-0.5,231,-2.604849800087117,-0.0684443032783885,0.0908697269626561,-0.1593140302410446,-0.40787513193328956,True,-0.2855125923533027
62,39,-0.5,0.0,255,-2.604849800087117,-0.2549826419923561,0.0908697269626561,-0.3458523689550122,-0.8854498276362316,True,-0.6198148793453621
62,40,0.0,0.5,142,-2.604849800087117,-0.3613529000020206,0.0908697269626561,-0.4522226269646767,-1.1577785293445908,True,-0.8104449705412134
62,41,0.5,1.0,157,-2.604849800087117,-0.2602522544194397,0.0908697269626561,-0.3511219813820958,-0.8989410679286405,True,-0.6292587475500483
62,42,1.0,1.5,140,-2.604849800087117,0.008056652029261,0.0908697269626561,-0.082813074933395,-0.21201769745674087,True,-0.1484123882197186
62,43,1.5,2.0,152,-2.604849800087117,-0.1502427567552523,0.0908697269626561,-0.2411124837179084,-0.6172951996657755,True,-0.4321066397660428
62,44,2.0,2.5,61,-2.604849800087117,0.0347420351482621,0.0908697269626561,-0.0561276918143939,-0.14369788818517315,True,-0.1005885217296212
62,45,2.5,3.0,120,-2.604849800087117,0.1039676071095973,0.0908697269626561,0.0130978801469412,0.08457124813643058,True,0.0591998736955014
62,46,3.0,3.5,0,-2.604849800087117,,0.0908697269626561,,,True,
62,47,3.5,4.0,90,-2.604849800087117,0.0837833551465188,0.0908697269626561,-0.0070863718161373,-0.018142500287402143,True,-0.0126997502011815
62,48,4.0,4.5,70,-2.604849800087117,-0.0769279360478233,0.0908697269626561,-0.1677976630104794,-0.42959489402750917,True,-0.3007164258192564
62,49,4.5,5.0,17,-2.604849800087117,-0.0769279360478232,0.0908697269626561,-0.1677976630104793,-0.42959489402750883,True,-0.3007164258192562
62,50,5.0,5.5,109,-2.604849800087117,0.1203370656960187,0.0908697269626561,0.0294673387333625,0.2373175767970526,True,0.1661223037579368
62,51,5.5,6.0,119,-2.604849800087117,0.0238904003951225,0.0908697269626561,-0.0669793265675335,-0.17148019932206357,True,-0.1200361395254445
62,52,6.0,6.5,89,-2.604849800087117,-0.3223508473639613,0.0908697269626561,-0.4132205743266174,-1.0579256328900315,True,-0.7405479430230221
62,53,6.5,7.0,206,-2.604849800087117,-0.1287602630191399,0.0908697269626561,-0.219629989981796,-0.5622958066203819,True,-0.3936070646342673
62,54,7.0,7.5,165,-2.604849800087117,-0.005770799634702,0.0908697269626561,-0.0966405265973581,-0.247418682939356,True,-0.1731930780575492
62,55,7.5,8.0,238,-2.604849800087117,-0.4490843202124587,0.0908697269626561,-0.5399540471751147,-1.3823881543656036,True,-0.9676717080559224
62,56,8.0,8.5,183,-2.604849800087117,-0.1016806060438572,0.0908697269626561,-0.1925503330065133,-0.49296657902636387,True,-0.3450766053184547
62,57,8.5,9.0,138,-2.604849800087117,0.1130834750792041,0.0908697269626561,0.022213748116548,0.16963303301839516,True,0.1187431231128766
62,58,9.0,9.5,241,-2.604849800087117,-0.0019713830206555,0.0908697269626561,-0.0928411099833116,-0.2376914319848793,True,-0.1663840023894155
62,59,9.5,10.0,222,-2.604849800087117,0.1233595963068082,0.0908697269626561,0.0324898693441521,0.26552134735091987,True,0.1858649431456439
62,60,10.0,10.5,351,-2.604849800087117,0.142379796152,0.0908697269626561,0.0515100691893439,0.44300221401527845,True,0.3101015498106949
62,61,10.5,11.0,203,-2.604849800087117,0.1401268779010195,0.0908697269626561,0.0492571509383634,0.4219798332326154,True,0.2953858832628308
62,62,11.0,11.5,14,-2.604849800087117,0.0980804064449936,0.0908697269626561,0.0072106794823375,0.029636731954415286,True,0.0207457123680907
62,63,11.5,12.0,74,-2.604849800087117,-0.7931640055511888,0.0908697269626561,-0.884033732513845,-2.263299564620936,True,-1.5843096952346551
62,64,12.0,12.5,331,-2.604849800087117,0.380180842855143,0.0908697269626561,0.2893111158924869,2.661966063295477,True,1.8633762443068336
62,65,12.5,13.0,47,-2.604849800087117,0.3801808428551451,0.0908697269626561,0.289311115892489,2.6619660632954956,True,1.863376244306847
62,66,13.0,13.5,86,-2.604849800087117,-0.2880921107983093,0.0908697269626561,-0.3789618377609654,-0.9702165549422745,True,-0.6791515884595921
62,67,13.5,14.0,111,-2.604849800087117,-0.2611891892014678,0.0908697269626561,-0.3520589161641239,-0.9013398045449597,True,-0.6309378631814717
62,68,14.0,14.5,92,-2.604849800087117,-0.4739359912704485,0.0908697269626561,-0.5648057182331047,-1.4460133014804166,True,-1.0122093110362915
62,69,14.5,15.0,0,-2.604849800087117,,0.0908697269626561,,,True,
62,70,15.0,15.5,0,-2.604849800087117,,0.0908697269626561,,,True,
62,71,15.5,16.0,48,-2.604849800087117,-0.5755804204501018,0.0908697269626561,-0.666450147412758,-1.7062429554487963,True,-1.1943700688141574
62,72,16.0,16.5,123,-2.604849800087117,-0.3299722409358027,0.0908697269626561,-0.4208419678984588,-1.077437893699246,True,-0.7542065255894721
62,73,16.5,17.0,54,-2.604849800087117,-0.3669947722361388,0.0908697269626561,-0.4578644991987949,-1.1722228276801485,True,-0.8205559793761039
62,74,17.0,17.5,53,-2.604849800087117,-0.4513091765669301,0.0908697269626561,-0.5421789035295862,-1.3880842225508074,True,-0.9716589557855652
62,75,17.5,18.0,48,-2.604849800087117,-0.2550100787590488,0.0908697269626561,-0.3458798057217049,-0.8855200711346709,True,-0.6198640497942696
62,76,18.0,18.5,57,-2.604849800087117,-0.5916598556331712,0.0908697269626561,-0.6825295825958273,-1.7474094599731265,True,-1.2231866219811884
62,77,18.5,19.0,76,-2.604849800087117,-0.5563748393385124,0.0908697269626561,-0.6472445663011686,-1.6570729048393626,True,-1.1599510333875538
62,78,19.0,19.5,66,-2.604849800087117,-0.4576682885151166,0.0908697269626561,-0.5485380154777728,-1.4043647950836897,True,-0.9830553565585828
62,79,19.5,20.0,168,-2.604849800087117,0.3612634391206911,0.0908697269626561,0.270393712158035,2.4854444054182143,True,1.7398110837927498
63,0,-20.0,-19.5,301,-2.435984391902552,-0.0685332431095301,-0.0114134703133603,-0.0571197727961697,-0.3738560312173094,True,-0.2616992218521166
63,1,-19.5,-19.0,83,-2.435984391902552,-0.562907584166083,-0.0114134703133603,-0.5514941138527226,-3.6742328882875275,True,-2.571963021801269
63,2,-19.0,-18.5,210,-2.435984391902552,0.1252587819796577,-0.0114134703133603,0.136672252293018,0.777140378847387,True,0.5439982651931708
63,3,-18.5,-18.0,23,-2.435984391902552,0.0232825897123372,-0.0114134703133603,0.0346960600256975,0.197287370190355,True,0.1381011591332485
63,4,-18.0,-17.5,156,-2.435984391902552,0.0232825897123372,-0.0114134703133603,0.0346960600256975,0.197287370190355,True,0.1381011591332485
63,5,-17.5,-17.0,153,-2.435984391902552,0.1007794858336802,-0.0114134703133603,0.1121929561470406,0.6379471690946413,True,0.4465630183662489
63,6,-17.0,-16.5,54,-2.435984391902552,0.1007794858336804,-0.0114134703133603,0.1121929561470408,0.6379471690946424,True,0.4465630183662497
63,7,-16.5,-16.0,216,-2.435984391902552,-0.1344299552741577,-0.0114134703133603,-0.1230164849607973,-0.8137736517806221,True,-0.5696415562464354
63,8,-16.0,-15.5,78,-2.435984391902552,-0.1344299552741581,-0.0114134703133603,-0.1230164849607977,-0.8137736517806248,True,-0.5696415562464373
63,9,-15.5,-15.0,282,-2.435984391902552,0.0691305198791113,-0.0114134703133603,0.0805439901924717,0.45798606521724344,True,0.3205902456520704
63,10,-15.0,-14.5,14,-2.435984391902552,-0.039526235303855,-0.0114134703133603,-0.0281127649904946,-0.1802091339084663,True,-0.1261463937359264
63,11,-14.5,-14.0,173,-2.435984391902552,-0.039526235303855,-0.0114134703133603,-0.0281127649904946,-0.1802091339084663,True,-0.1261463937359264
63,12,-14.0,-13.5,111,-2.435984391902552,-0.3053816745872074,-0.0114134703133603,-0.293968204273847,-1.9550244231927494,True,-1.3685170962349245
63,13,-13.5,-13.0,121,-2.435984391902552,0.0032039892178112,-0.0114134703133603,0.0146174595311716,0.08311722275188815,True,0.0581820559263217
63,14,-13.0,-12.5,183,-2.435984391902552,-0.0114134703133603,-0.0114134703133603,0.0,0.0,True,0.0
63,15,-12.5,-12.0,56,-2.435984391902552,-0.0114134703133603,-0.0114134703133603,0.0,0.0,True,0.0
63,16,-12.0,-11.5,69,-2.435984391902552,0.0899541775995222,-0.0114134703133603,0.1013676479128825,0.5763927277132495,True,0.4034749093992746
63,17,-11.5,-11.0,171,-2.435984391902552,0.0899541775995218,-0.0114134703133603,0.1013676479128822,0.5763927277132479,True,0.4034749093992735
63,18,-11.0,-10.5,42,-2.435984391902552,-0.0176349418192369,-0.0114134703133603,-0.0062214715058765,-0.03537628627571886,True,-0.0247634003930032
63,19,-10.5,-10.0,184,-2.435984391902552,-0.0176349418192369,-0.0114134703133603,-0.0062214715058765,-0.03537628627571886,True,-0.0247634003930032
63,20,-10.0,-9.5,0,-2.435984391902552,,-0.0114134703133603,,,True,
63,21,-9.5,-9.0,170,-2.435984391902552,-0.0124103539106572,-0.0114134703133603,-0.0009968835972968,-0.00566844025376143,True,-0.003967908177633
63,22,-9.0,-8.5,130,-2.435984391902552,0.1411469846358315,-0.0114134703133603,0.1525604549491919,0.867483251114912,True,0.6072382757804383
63,23,-8.5,-8.0,92,-2.435984391902552,0.1411469846358315,-0.0114134703133603,0.1525604549491919,0.867483251114912,True,0.6072382757804383
63,24,-8.0,-7.5,19,-2.435984391902552,-0.0835053116655188,-0.0114134703133603,-0.0720918413521585,-0.4738075547107215,True,-0.331665288297505
63,25,-7.5,-7.0,229,-2.435984391902552,-0.2148721497947002,-0.0114134703133603,-0.2034586794813398,-1.3507949635261867,True,-0.9455564744683306
63,26,-7.0,-6.5,256,-2.435984391902552,-0.0398268586816286,-0.0114134703133603,-0.0284133883682682,-0.18221605529637214,True,-0.1275512387074605
63,27,-6.5,-6.0,0,-2.435984391902552,,-0.0114134703133603,,,True,
63,28,-6.0,-5.5,202,-2.435984391902552,-0.451780536169853,-0.0114134703133603,-0.4403670658564926,-2.9323636063635004,True,-2.05265452445445
63,29,-5.5,-5.0,139,-2.435984391902552,0.0523728812231087,-0.0114134703133603,0.0637863515364691,0.36269944020580513,True,0.2538896081440636
63,30,-5.0,-4.5,201,-2.435984391902552,-0.0112183054024104,-0.0114134703133603,0.0001951649109499,0.0011097390310664285,True,0.0007768173217465
63,31,-4.5,-4.0,2,-2.435984391902552,-0.0112183054024104,-0.0114134703133603,0.0001951649109499,0.0011097390310664285,True,0.0007768173217465
63,32,-4.0,-3.5,144,-2.435984391902552,0.1577819735874483,-0.0114134703133603,0.1691954439008087,0.9620724702072061,True,0.6734507291450442
63,33,-3.5,-3.0,0,-2.435984391902552,,-0.0114134703133603,,,True,
63,34,-3.0,-2.5,253,-2.435984391902552,-0.0239145091781205,-0.0114134703133603,-0.0125010388647601,-0.07598734219052071,True,-0.0531911395333645
63,35,-2.5,-2.0,21,-2.435984391902552,0.1705958077302457,-0.0114134703133603,0.1820092780436061,1.0349339893023286,True,0.72445379251163
63,36,-2.0,-1.5,295,-2.435984391902552,0.1705958077302446,-0.0114134703133603,0.182009278043605,1.0349339893023224,True,0.7244537925116257
63,37,-1.5,-1.0,0,-2.435984391902552,,-0.0114134703133603,,,True,
63,38,-1.0,-0.5,219,-2.435984391902552,0.1688988860136172,-0.0114134703133603,0.1803123563269776,1.0252850198618624,True,0.7176995139033036
63,39,-0.5,0.0,0,-2.435984391902552,,-0.0114134703133603,,,True,
63,40,0.0,0.5,134,-2.435984391902552,-0.6767542021105463,-0.0114134703133603,-0.6653407317971859,-4.434257654776449,True,-3.103980358343514
63,41,0.5,1.0,213,-2.435984391902552,-0.1085325138553706,-0.0114134703133603,-0.0971190435420102,-0.6408858030034558,True,-0.448620062102419
63,42,1.0,1.5,0,-2.435984391902552,,-0.0114134703133603,,,True,
63,43,1.5,2.0,109,-2.435984391902552,-0.037238848439626,-0.0114134703133603,-0.0258253781262656,-0.16493884570189415,True,-0.1154571919913259
63,44,2.0,2.5,130,-2.435984391902552,-0.0657335376971247,-0.0114134703133603,-0.0543200673837643,-0.35516557303137375,True,-0.2486159011219616
63,45,2.5,3.0,0,-2.435984391902552,,-0.0114134703133603,,,True,
63,46,3.0,3.5,145,-2.435984391902552,-0.2930023429000267,-0.0114134703133603,-0.2815888725866663,-1.8723816636210235,True,-1.3106671645347163
63,47,3.5,4.0,46,-2.435984391902552,-0.0603127704062242,-0.0114134703133603,-0.0488993000928639,-0.3189772569544996,True,-0.2232840798681497
63,48,4.0,4.5,146,-2.435984391902552,-0.2877044659579614,-0.0114134703133603,-0.276290995644601,-1.8370137470462469,True,-1.2859096229323728
63,49,4.5,5.0,113,-2.435984391902552,-0.0936326250323384,-0.0114134703133603,-0.082219154718978,-0.5414161417355192,True,-0.3789912992148634
63,50,5.0,5.5,108,-2.435984391902552,-0.1474783464027799,-0.0114134703133603,-0.1360648760894195,-0.900882962532611,True,-0.6306180737728276
63,51,5.5,6.0,96,-2.435984391902552,-0.4328841262640566,-0.0114134703133603,-0.4214706559506962,-2.806213705861952,True,-1.9643495941033664
63,52,6.0,6.5,104,-2.435984391902552,-0.2439766549636275,-0.0114134703133603,-0.2325631846502672,-1.5450927401679166,True,-1.0815649181175415
63,53,6.5,7.0,57,-2.435984391902552,-0.6676122874985783,-0.0114134703133603,-0.6561988171852179,-4.373227457800268,True,-3.061259220460187
63,54,7.0,7.5,120,-2.435984391902552,-0.1035205123692809,-0.0114134703133603,-0.0921070420559206,-0.6074263526668141,True,-0.4251984468667699
63,55,7.5,8.0,206,-2.435984391902552,-0.2467725234272896,-0.0114134703133603,-0.2353590531139293,-1.563757583398175,True,-1.0946303083787223
63,56,8.0,8.5,22,-2.435984391902552,-0.3650468872167147,-0.0114134703133603,-0.3536334169033543,-2.3533413878510623,True,-1.6473389714957434
63,57,8.5,9.0,217,-2.435984391902552,-0.3650468872167153,-0.0114134703133603,-0.353633416903355,-2.3533413878510667,True,-1.6473389714957465
63,58,9.0,9.5,230,-2.435984391902552,-0.2071064541670864,-0.0114134703133603,-0.195692983853726,-1.2989522200827195,True,-0.9092665540579036
63,59,9.5,10.0,298,-2.435984391902552,-0.1855930368536548,-0.0114134703133603,-0.1741795665402944,-1.1553315287944126,True,-0.8087320701560887
63,60,10.0,10.5,247,-2.435984391902552,0.0686736290510287,-0.0114134703133603,0.080087099364389,0.4553881105829199,True,0.3187716774080439
63,61,10.5,11.0,227,-2.435984391902552,-0.1198289354020376,-0.0114134703133603,-0.1084154650886772,-0.7162991995819489,True,-0.5014094397073642
63,62,11.0,11.5,272,-2.435984391902552,0.0913471812067595,-0.0114134703133603,0.1027606515201199,0.5843135699683644,True,0.409019498977855
63,63,11.5,12.0,128,-2.435984391902552,0.2706904236038124,-0.0114134703133603,0.2821038939171728,1.6040880523655099,True,1.1228616366558568
63,64,12.0,12.5,0,-2.435984391902552,,-0.0114134703133603,,,True,
63,65,12.5,13.0,0,-2.435984391902552,,-0.0114134703133603,,,True,
63,66,13.0,13.5,0,-2.435984391902552,,-0.0114134703133603,,,True,
63,67,13.5,14.0,48,-2.435984391902552,-0.5717954414588843,-0.0114134703133603,-0.5603819711455239,-3.7335670326434296,True,-2.6134969228504006
63,68,14.0,14.5,58,-2.435984391902552,-0.7560997851076701,-0.0114134703133603,-0.7446863147943097,-4.963958134932427,True,-3.474770694452699
63,69,14.5,15.0,9,-2.435984391902552,-0.79041434291954,-0.0114134703133603,-0.7790008726061797,-5.193037524896032,True,-3.635126267427222
63,70,15.0,15.5,157,-2.435984391902552,-0.8228386604492894,-0.0114134703133603,-0.8114251901359291,-5.409497924019454,True,-3.7866485468136175
63,71,15.5,16.0,0,-2.435984391902552,,-0.0114134703133603,,,True,
63,72,16.0,16.5,0,-2.435984391902552,,-0.0114134703133603,,,True,
63,73,16.5,17.0,68,-2.435984391902552,-0.6818450438082496,-0.0114134703133603,-0.6704315734948892,-4.468243431801608,True,-3.1277704022611257
63,74,17.0,17.5,0,-2.435984391902552,,-0.0114134703133603,,,True,
63,75,17.5,18.0,0,-2.435984391902552,,-0.0114134703133603,,,True,
63,76,18.0,18.5,46,-2.435984391902552,-0.3751906946262322,-0.0114134703133603,-0.3637772243128718,-2.4210600868947876,True,-1.6947420608263513
63,77,18.5,19.0,341,-2.435984391902552,0.2745078678236868,-0.0114134703133603,0.2859213381370472,1.6257946533579448,True,1.1380562573505613
63,78,19.0,19.5,351,-2.435984391902552,0.2745078678236868,-0.0114134703133603,0.2859213381370472,1.6257946533579448,True,1.1380562573505613
63,79,19.5,20.0,232,-2.435984391902552,0.2745078678236869,-0.0114134703133603,0.2859213381370473,1.6257946533579455,True,1.1380562573505617
64,0,-20.0,-19.5,169,-2.5094438104701173,-0.0722759942624817,0.0051342089472949,-0.0774102032097766,-0.3208473180510379,True,-0.2245931226357265
64,1,-19.5,-19.0,88,-2.5094438104701173,-0.0722759942624818,0.0051342089472949,-0.0774102032097768,-0.3208473180510387,True,-0.2245931226357271
64,2,-19.0,-18.5,170,-2.5094438104701173,0.0265584657283169,0.0051342089472949,0.0214242567810219,0.113698879031499,True,0.0795892153220493
64,3,-18.5,-18.0,70,-2.5094438104701173,-0.0567123377017337,0.0051342089472949,-0.0618465466490287,-0.25633957540823415,True,-0.1794377027857639
64,4,-18.0,-17.5,59,-2.5094438104701173,-0.0567123377017337,0.0051342089472949,-0.0618465466490287,-0.25633957540823415,True,-0.1794377027857639
64,5,-17.5,-17.0,197,-2.5094438104701173,0.091817815528026,0.0051342089472949,0.086683606580731,0.5088518519265032,True,0.3561962963485522
64,6,-17.0,-16.5,170,-2.5094438104701173,0.1012733086263181,0.0051342089472949,0.0961390996790231,0.5661059652366387,True,0.3962741756656471
64,7,-16.5,-16.0,75,-2.5094438104701173,0.0868847770818912,0.0051342089472949,0.0817505681345962,0.47898172889619056,True,0.3352872102273334
64,8,-16.0,-15.5,115,-2.5094438104701173,-0.1947886230632552,0.0051342089472949,-0.1999228320105502,-0.8286337176240868,True,-0.5800436023368607
64,9,-15.5,-15.0,257,-2.5094438104701173,-0.290724163938177,0.0051342089472949,-0.295858372885472,-1.226264258808442,True,-0.8583849811659094
64,10,-15.0,-14.5,187,-2.5094438104701173,-0.1770723415689116,0.0051342089472949,-0.1822065505162066,-0.755203844460035,True,-0.5286426911220244
64,11,-14.5,-14.0,49,-2.5094438104701173,-0.177072341568911,0.0051342089472949,-0.182206550516206,-0.7552038444600324,True,-0.5286426911220227
64,12,-14.0,-13.5,123,-2.5094438104701173,0.0920047501037969,0.0051342089472949,0.0868705411565019,0.5099837625811365,True,0.3569886338067956
64,13,-13.5,-13.0,182,-2.5094438104701173,-0.0138959601136747,0.0051342089472949,-0.0190301690609697,-0.0788756320497403,True,-0.0552129424348182
64,14,-13.0,-12.5,94,-2.5094438104701173,-0.0604905158782847,0.0051342089472949,-0.0656247248255797,-0.2719992466763785,True,-0.1903994726734649
64,15,-12.5,-12.0,76,-2.5094438104701173,-0.0604905158782847,0.0051342089472949,-0.0656247248255798,-0.27199924667637887,True,-0.1903994726734652
64,16,-12.0,-11.5,204,-2.5094438104701173,0.0051342089472949,0.0051342089472949,0.0,0.0,True,0.0
64,17,-11.5,-11.0,125,-2.5094438104701173,0.0323608757999647,0.0051342089472949,0.0272266668526697,0.14883314863125158,True,0.1041832040418761
64,18,-11.0,-10.5,28,-2.5094438104701173,0.0792260413091849,0.0051342089472949,0.0740918323618899,0.43260719071138476,True,0.3028250334979693
64,19,-10.5,-10.0,154,-2.5094438104701173,0.0979721075128732,0.0051342089472949,0.0928378985655782,0.5461168075434392,True,0.3822817652804074
64,20,-10.0,-9.5,104,-2.5094438104701173,-0.2981925576115054,0.0051342089472949,-0.3033267665588004,-1.2572190164615538,True,-0.8800533115230876
64,21,-9.5,-9.0,144,-2.5094438104701173,0.0612667737274836,0.0051342089472949,0.0561325647801886,0.3238617312836266,True,0.2267032118985386
64,22,-9.0,-8.5,251,-2.5094438104701173,0.1175755814700006,0.0051342089472949,0.1124413725227056,0.6648181283044258,True,0.465372689813098
64,23,-8.5,-8.0,117,-2.5094438104701173,-0.1371991007329816,0.0051342089472949,-0.1423333096802766,-0.5899385195578066,True,-0.4129569636904646
64,24,-8.0,-7.5,224,-2.5094438104701173,0.1536741166098811,0.0051342089472949,0.1485399076625861,0.8833989680072162,True,0.6183792776050513
64,25,-7.5,-7.0,119,-2.5094438104701173,-0.3138546619039418,0.0051342089472949,-0.3189888708512368,-1.3221348020931463,True,-0.9254943614652024
64,26,-7.0,-6.5,245,-2.5094438104701173,0.1227999511065087,0.0051342089472949,0.1176657421592137,0.6964522956644225,True,0.4875166069650957
64,27,-6.5,-6.0,0,-2.5094438104701173,,0.0051342089472949,,,True,
64,28,-6.0,-5.5,157,-2.5094438104701173,-0.0939510248080863,0.0051342089472949,-0.0990852337553813,-0.41068528683127326,True,-0.2874797007818913
64,29,-5.5,-5.0,245,-2.5094438104701173,-0.0266442424153173,0.0051342089472949,-0.0317784513626123,-0.131714302104064,True,-0.0922000114728448
64,30,-5.0,-4.5,0,-2.5094438104701173,,0.0051342089472949,,,True,
64,31,-4.5,-4.0,337,-2.5094438104701173,-0.0189916046902975,0.0051342089472949,-0.0241258136375925,-0.09999589563721858,True,-0.069997126946053
64,32,-4.0,-3.5,85,-2.5094438104701173,-0.59112980520513,0.0051342089472949,-0.596264014152425,-2.471375889205649,True,-1.7299631224439544
64,33,-3.5,-3.0,182,-2.5094438104701173,0.2018156469523972,0.0051342089472949,0.1966814380051022,1.1749015479891745,True,0.822431083592422
64,34,-3.0,-2.5,0,-2.5094438104701173,,0.0051342089472949,,,True,
64,35,-2.5,-2.0,145,-2.5094438104701173,0.0290556251957681,0.0051342089472949,0.0239214162484731,0.12881947079934172,True,0.0901736295595392
64,36,-2.0,-1.5,55,-2.5094438104701173,0.2834850886176702,0.0051342089472949,0.2783508796703752,1.6694195407021757,True,1.168593678491523
64,37,-1.5,-1.0,181,-2.5094438104701173,0.2834850886176689,0.0051342089472949,0.2783508796703739,1.6694195407021681,True,1.1685936784915176
64,38,-1.0,-0.5,109,-2.5094438104701173,-0.1947613448326992,0.0051342089472949,-0.1998955537799941,-0.8285206556922975,True,-0.5799644589846082
64,39,-0.5,0.0,101,-2.5094438104701173,0.0962391091973719,0.0051342089472949,0.0911049002500769,0.5356233006590753,True,0.3749363104613527
64,40,0.0,0.5,189,-2.5094438104701173,-0.2029627348668753,0.0051342089472949,-0.2080969438141703,-0.8625135130631151,True,-0.6037594591441805
64,41,0.5,1.0,140,-2.5094438104701173,-0.2597711025825098,0.0051342089472949,-0.2649053115298048,-1.097971006631825,True,-0.7685797046422774
64,42,1.0,1.5,176,-2.5094438104701173,-0.2717119548623313,0.0051342089472949,-0.2768461638096263,-1.147463066726824,True,-0.8032241467087767
64,43,1.5,2.0,210,-2.5094438104701173,-0.1674201787618502,0.0051342089472949,-0.1725543877091452,-0.7151978708076301,True,-0.5006385095653411
64,44,2.0,2.5,0,-2.5094438104701173,,0.0051342089472949,,,True,
64,45,2.5,3.0,256,-2.5094438104701173,-0.2597105862929767,0.0051342089472949,-0.2648447952402717,-1.0977201806632835,True,-0.7684041264642985
64,46,3.0,3.5,117,-2.5094438104701173,-0.1180174967895654,0.0051342089472949,-0.1231517057368604,-0.5104352250827312,True,-0.3573046575579118
64,47,3.5,4.0,55,-2.5094438104701173,-0.4685502509586701,0.0051342089472949,-0.4736844599059651,-1.9633120991999768,True,-1.3743184694399837
64,48,4.0,4.5,182,-2.5094438104701173,-0.3278364773502247,0.0051342089472949,-0.3329706862975197,-1.3800861806119131,True,-0.9660603264283392
64,49,4.5,5.0,188,-2.5094438104701173,-0.2995651885674661,0.0051342089472949,-0.3046993975147611,-1.2629082530561193,True,-0.8840357771392835
64,50,5.0,5.5,0,-2.5094438104701173,,0.0051342089472949,,,True,
64,51,5.5,6.0,130,-2.5094438104701173,-0.1673625321934899,0.0051342089472949,-0.1724967411407849,-0.7149589391670151,True,-0.5004712574169106
64,52,6.0,6.5,220,-2.5094438104701173,-0.1452637417952474,0.0051342089472949,-0.1503979507425424,-0.6233645841924678,True,-0.4363552089347274
64,53,6.5,7.0,116,-2.5094438104701173,-0.4163929891718777,0.0051342089472949,-0.4215271981191727,-1.7471323597432964,True,-1.2229926518203074
64,54,7.0,7.5,111,-2.5094438104701173,-0.0912451881600901,0.0051342089472949,-0.0963793971073851,-0.3994702222067673,True,-0.2796291555447371
64,55,7.5,8.0,166,-2.5094438104701173,-0.0965691257879904,0.0051342089472949,-0.1017033347352854,-0.4215367074833113,True,-0.2950756952383179
64,56,8.0,8.5,49,-2.5094438104701173,-0.027282259693784,0.0051342089472949,-0.032416468641079,-0.13435873557895772,True,-0.0940511149052704
64,57,8.5,9.0,117,-2.5094438104701173,-0.0272822596937841,0.0051342089472949,-0.0324164686410791,-0.13435873557895828,True,-0.0940511149052708
64,58,9.0,9.5,233,-2.5094438104701173,-0.2613417528421514,0.0051342089472949,-0.2664759617894464,-1.1044809872610777,True,-0.7731366910827544
64,59,9.5,10.0,228,-2.5094438104701173,0.0963195919495106,0.0051342089472949,0.0911853830022156,0.5361106331083256,True,0.3752774431758279
64,60,10.0,10.5,181,-2.5094438104701173,0.0353097326381186,0.0051342089472949,0.0301755236908236,0.16668882065088717,True,0.116682174455621
64,61,10.5,11.0,209,-2.5094438104701173,0.0835294875758271,0.0051342089472949,0.0783952786285321,0.4586650596784635,True,0.3210655417749244
64,62,11.0,11.5,117,-2.5094438104701173,0.2129476746445535,0.0051342089472949,0.2078134656972585,1.242307273764957,True,0.8696150916354699
64,63,11.5,12.0,352,-2.5094438104701173,0.5567147340458614,0.0051342089472949,0.5515805250985664,3.323856904932226,True,2.326699833452558
64,64,12.0,12.5,351,-2.5094438104701173,0.5567147340458614,0.0051342089472949,0.5515805250985664,3.323856904932226,True,2.326699833452558
64,65,12.5,13.0,220,-2.5094438104701173,0.5020621242300259,0.0051342089472949,0.4969279152827309,2.992928979485836,True,2.095050285640085
64,66,13.0,13.5,55,-2.5094438104701173,-0.779237950341139,0.0051342089472949,-0.784372159288434,-3.2510404730446614,True,-2.275728331131263
64,67,13.5,14.0,39,-2.5094438104701173,-0.5431496300572219,0.0051342089472949,-0.5482838390045169,-2.2725092039689785,True,-1.590756442778285
64,68,14.0,14.5,12,-2.5094438104701173,-0.5431496300572217,0.0051342089472949,-0.5482838390045167,-2.2725092039689776,True,-1.5907564427782843
64,69,14.5,15.0,49,-2.5094438104701173,-0.569841575830207,0.0051342089472949,-0.574975784777502,-2.383141121464635,True,-1.6681987850252444
64,70,15.0,15.5,0,-2.5094438104701173,,0.0051342089472949,,,True,
64,71,15.5,16.0,0,-2.5094438104701173,,0.0051342089472949,,,True,
64,72,16.0,16.5,0,-2.5094438104701173,,0.0051342089472949,,,True,
64,73,16.5,17.0,56,-2.5094438104701173,-0.5939348540051562,0.0051342089472949,-0.5990690629524512,-2.4830021651637653,True,-1.7381015156146356
64,74,17.0,17.5,62,-2.5094438104701173,-0.4137869154320058,0.0051342089472949,-0.4189211243793008,-1.736330789208528,True,-1.2154315524459696
64,75,17.5,18.0,42,-2.5094438104701173,-0.2941096526445452,0.0051342089472949,-0.2992438615918402,-1.2402963234031663,True,-0.8682074263822164
64,76,18.0,18.5,52,-2.5094438104701173,-0.5614277442851403,0.0051342089472949,-0.5665619532324353,-2.3482677433590093,True,-1.6437874203513063
64,77,18.5,19.0,0,-2.5094438104701173,,0.0051342089472949,,,True,
64,78,19.0,19.5,41,-2.5094438104701173,-0.5984347376410105,0.0051342089472949,-0.6035689465883055,-2.501653137984403,True,-1.7511571965890822
64,79,19.5,20.0,127,-2.5094438104701173,-0.2029792216504671,0.0051342089472949,-0.2081134305977621,-0.8625818469529563,True,-0.6038072928670694
65,0,-20.0,-19.5,141,-2.5284044644956363,0.0042436764582589,0.0066429947281624,-0.0023993182699034,-0.003914905499769857,True,-0.0027404338498389
65,1,-19.5,-19.0,80,-2.5284044644956363,0.2974364387432793,0.0066429947281624,0.290793444015117,0.7916626460931884,True,0.5541638522652318
65,2,-19.0,-18.5,143,-2.5284044644956363,0.1265395484325946,0.0066429947281624,0.1198965537044322,0.3139154115262029,True,0.219740788068342
65,3,-18.5,-18.0,180,-2.5284044644956363,0.2783229225426332,0.0066429947281624,0.2716799278144708,0.738230254836043,True,0.5167611783852301
65,4,-18.0,-17.5,0,-2.5284044644956363,,0.0066429947281624,,,True,
65,5,-17.5,-17.0,198,-2.5284044644956363,0.1321138781691573,0.0066429947281624,0.1254708834409949,0.32949861266793157,True,0.2306490288675521
65,6,-17.0,-16.5,89,-2.5284044644956363,-0.5990084694766729,0.0066429947281624,-0.6056514642048353,-0.9882258130992814,True,-0.6917580691694969
65,7,-16.5,-16.0,226,-2.5284044644956363,0.2414391902623388,0.0066429947281624,0.2347961955341763,0.6351207069362234,True,0.4445844948553563
65,8,-16.0,-15.5,0,-2.5284044644956363,,0.0066429947281624,,,True,
65,9,-15.5,-15.0,199,-2.5284044644956363,0.286898747076995,0.0066429947281624,0.2802557523488326,0.7622042221093778,True,0.5335429554765644
65,10,-15.0,-14.5,0,-2.5284044644956363,,0.0066429947281624,,,True,
65,11,-14.5,-14.0,139,-2.5284044644956363,-0.6403220234587202,0.0066429947281624,-0.6469650181868827,-1.055636069474261,True,-0.7389452486319827
65,12,-14.0,-13.5,0,-2.5284044644956363,,0.0066429947281624,,,True,
65,13,-13.5,-13.0,220,-2.5284044644956363,0.0302247764644068,0.0066429947281624,0.0235817817362444,0.044664661134551864,True,0.0312652627941863
65,14,-13.0,-12.5,90,-2.5284044644956363,0.3940728475319689,0.0066429947281624,0.3874298528038065,1.0618125415848483,True,0.7432687791093937
65,15,-12.5,-12.0,205,-2.5284044644956363,0.2291550052867754,0.0066429947281624,0.222512010558613,0.6007799100363176,True,0.4205459370254223
65,16,-12.0,-11.5,56,-2.5284044644956363,-0.3151441590925773,0.0066429947281624,-0.3217871538207397,-0.5250517674334472,True,-0.367536237203413
65,17,-11.5,-11.0,123,-2.5284044644956363,0.122357114984357,0.0066429947281624,0.1157141202561946,0.3022232970001666,True,0.2115563079001166
65,18,-11.0,-10.5,0,-2.5284044644956363,,0.0066429947281624,,,True,
65,19,-10.5,-10.0,203,-2.5284044644956363,-0.0284582373742616,0.0066429947281624,-0.035101232102424,-0.05727377160847215,True,-0.0400916401259305
65,20,-10.0,-9.5,37,-2.5284044644956363,0.3741932011942774,0.0066429947281624,0.367550206466115,1.0062384112145661,True,0.7043668878501962
65,21,-9.5,-9.0,150,-2.5284044644956363,0.3741932011942788,0.0066429947281624,0.3675502064661164,1.00623841121457,True,0.704366887850199
65,22,-9.0,-8.5,57,-2.5284044644956363,0.1718656915797309,0.0066429947281624,0.1652226968515685,0.44062596490587314,True,0.3084381754341112
65,23,-8.5,-8.0,109,-2.5284044644956363,-0.040943652501086,0.0066429947281624,-0.0475866472292484,-0.07764590020851986,True,-0.0543521301459639
65,24,-8.0,-7.5,141,-2.5284044644956363,-0.0367074481831558,0.0066429947281624,-0.0433504429113182,-0.07073379530337043,True,-0.0495136567123593
65,25,-7.5,-7.0,0,-2.5284044644956363,,0.0066429947281624,,,True,
65,26,-7.0,-6.5,143,-2.5284044644956363,0.0159510987446096,0.0066429947281624,0.0093081040164472,0.015187792325645573,True,0.0106314546279519
65,27,-6.5,-6.0,184,-2.5284044644956363,0.3686142830974779,0.0066429947281624,0.3619712883693156,0.9906423831781507,True,0.6934496682247054
65,28,-6.0,-5.5,0,-2.5284044644956363,,0.0066429947281624,,,True,
65,29,-5.5,-5.0,145,-2.5284044644956363,0.1959329409468184,0.0066429947281624,0.189289946218656,0.507906661516894,True,0.3555346630618258
65,30,-5.0,-4.5,22,-2.5284044644956363,-0.7495422222932966,0.0066429947281624,-0.756185217021459,-1.2338478400705266,True,-0.8636934880493685
65,31,-4.5,-4.0,153,-2.5284044644956363,0.0052210802578281,0.0066429947281624,-0.0014219144703342,-0.002320101026171,True,-0.0016240707183197
65,32,-4.0,-3.5,15,-2.5284044644956363,-0.5903250991860781,0.0066429947281624,-0.5969680939142405,-0.9740573826190028,True,-0.6818401678333019
65,33,-3.5,-3.0,207,-2.5284044644956363,0.1169470521217815,0.0066429947281624,0.1103040573936191,0.2870993086892606,True,0.2009695160824824
65,34,-3.0,-2.5,113,-2.5284044644956363,-0.6168240767710191,0.0066429947281624,-0.6234670714991816,-1.017295078253998,True,-0.7121065547777986
65,35,-2.5,-2.0,252,-2.5284044644956363,-0.1625775765974752,0.0066429947281624,-0.1692205713256376,-0.27611282490823047,True,-0.1932789774357613
65,36,-2.0,-1.5,181,-2.5284044644956363,0.0066429947281624,0.0066429947281624,0.0,0.0,True,0.0
65,37,-1.5,-1.0,183,-2.5284044644956363,-0.373525036408335,0.0066429947281624,-0.3801680311364974,-0.6203103333985445,True,-0.4342172333789811
65,38,-1.0,-0.5,131,-2.5284044644956363,0.2240400562250286,0.0066429947281624,0.2173970614968662,0.5864809209513902,True,0.4105366446659731
65,39,-0.5,0.0,160,-2.5284044644956363,-0.0570214158857319,0.0066429947281624,-0.0636644106138943,-0.10387957045064444,True,-0.0727156993154511
65,40,0.0,0.5,50,-2.5284044644956363,0.2234132820647476,0.0066429947281624,0.2167702873365851,0.584728755530311,True,0.4093101288712177
65,41,0.5,1.0,158,-2.5284044644956363,0.0932047420331794,0.0066429947281624,0.086561747305017,0.2207269892957326,True,0.1545088925070128
65,42,1.0,1.5,82,-2.5284044644956363,-0.4005818074719705,0.0066429947281624,-0.4072248022001329,-0.6644581662107827,True,-0.4651207163475478
65,43,1.5,2.0,184,-2.5284044644956363,-0.0485768949861349,0.0066429947281624,-0.0552198897142973,-0.09010086433755929,True,-0.0630706050362915
65,44,2.0,2.5,118,-2.5284044644956363,0.2091154358959325,0.0066429947281624,0.2024724411677701,0.5447587101128816,True,0.3813310970790171
65,45,2.5,3.0,134,-2.5284044644956363,-0.4615125869760012,0.0066429947281624,-0.4681555817041636,-0.763877341556455,True,-0.5347141390895185
65,46,3.0,3.5,125,-2.5284044644956363,0.0980114482343873,0.0066429947281624,0.0913684535062249,0.23416427648585228,True,0.1639149935400966
65,47,3.5,4.0,89,-2.5284044644956363,-0.2793872014004488,0.0066429947281624,-0.2860301961286112,-0.46670806535777704,True,-0.3266956457504439
65,48,4.0,4.5,228,-2.5284044644956363,-0.2793872014004477,0.0066429947281624,-0.2860301961286101,-0.4667080653577753,True,-0.3266956457504427
65,49,4.5,5.0,111,-2.5284044644956363,0.1244320007889859,0.0066429947281624,0.1177890060608235,0.308023700702081,True,0.2156165904914567
65,50,5.0,5.5,80,-2.5284044644956363,-0.1715746637461102,0.0066429947281624,-0.1782176584742726,-0.29079313906326704,True,-0.2035551973442869
65,51,5.5,6.0,142,-2.5284044644956363,-0.4254365855797863,0.0066429947281624,-0.4320795803079487,-0.7050130641292518,True,-0.4935091448904762
65,52,6.0,6.5,120,-2.5284044644956363,-0.1272432662912984,0.0066429947281624,-0.1338862610194608,-0.21845874562936943,True,-0.1529211219405586
65,53,6.5,7.0,188,-2.5284044644956363,-0.1842478207422073,0.0066429947281624,-0.1908908154703698,-0.31147160121054474,True,-0.2180301208473813
65,54,7.0,7.5,103,-2.5284044644956363,0.0438688153668418,0.0066429947281624,0.0372258206386794,0.08280696929541115,True,0.0579648785067878
65,55,7.5,8.0,59,-2.5284044644956363,-0.3455407590155042,0.0066429947281624,-0.3521837537436666,-0.574649112523211,True,-0.4022543787662477
65,56,8.0,8.5,97,-2.5284044644956363,0.136214015149798,0.0066429947281624,0.1295710204216356,0.3409606650217563,True,0.2386724655152294
65,57,8.5,9.0,88,-2.5284044644956363,0.1016008405700005,0.0066429947281624,0.0949578458418381,0.244198527308074,True,0.1709389691156518
65,58,9.0,9.5,26,-2.5284044644956363,0.1016008405700004,0.0066429947281624,0.094957845841838,0.24419852730807373,True,0.1709389691156516
65,59,9.5,10.0,130,-2.5284044644956363,-0.36426007446762,0.0066429947281624,-0.3709030691957824,-0.6051929348808709,True,-0.4236350544166096
65,60,10.0,10.5,63,-2.5284044644956363,-0.2087054202781343,0.0066429947281624,-0.2153484150062967,-0.35137843313669304,True,-0.2459649031956851
65,61,10.5,11.0,121,-2.5284044644956363,0.1887229516412046,0.0066429947281624,0.1820799569130422,0.4877509264081249,True,0.3414256484856874
65,62,11.0,11.5,70,-2.5284044644956363,-0.0726285682581512,0.0066429947281624,-0.0792715629863136,-0.12934535688880316,True,-0.0905417498221622
65,63,11.5,12.0,94,-2.5284044644956363,0.1431769147329954,0.0066429947281624,0.136533920004833,0.3604256536145428,True,0.25229795753018
65,64,12.0,12.5,161,-2.5284044644956363,0.1362840120157263,0.0066429947281624,0.1296410172875639,0.3411563432992533,True,0.2388094403094773
65,65,12.5,13.0,99,-2.5284044644956363,-0.0152544381842898,0.0066429947281624,-0.0218974329124522,-0.035729474332413004,True,-0.0250106320326891
65,66,13.0,13.5,61,-2.5284044644956363,-0.0152544381842898,0.0066429947281624,-0.0218974329124522,-0.035729474332413004,True,-0.0250106320326891
65,67,13.5,14.0,134,-2.5284044644956363,0.2753476894801536,0.0066429947281624,0.2687046947519912,0.7299129041504463,True,0.5109390329053124
65,68,14.0,14.5,45,-2.5284044644956363,-0.9658104154847968,0.0066429947281624,-0.9724534102129592,-1.5867270514578544,True,-1.110708936020498
65,69,14.5,15.0,174,-2.5284044644956363,0.1023315697793781,0.0066429947281624,0.0956885750512157,0.24624130209679487,True,0.1723689114677564
65,70,15.0,15.5,138,-2.5284044644956363,0.0607449425950881,0.0066429947281624,0.0541019478669257,0.12998467451191845,True,0.0909892721583429
65,71,15.5,16.0,78,-2.5284044644956363,0.0607449425950882,0.0066429947281624,0.0541019478669258,0.12998467451191872,True,0.0909892721583431
65,72,16.0,16.5,100,-2.5284044644956363,0.1165074491643222,0.0066429947281624,0.1098644544361598,0.28587038581739416,True,0.2001092700721759
65,73,16.5,17.0,73,-2.5284044644956363,0.1165074491643223,0.0066429947281624,0.1098644544361599,0.28587038581739443,True,0.2001092700721761
65,74,17.0,17.5,178,-2.5284044644956363,0.0284998176065037,0.0066429947281624,0.0218568228783413,0.03984248840451072,True,0.0278897418831575
65,75,17.5,18.0,0,-2.5284044644956363,,0.0066429947281624,,,True,
65,76,18.0,18.5,207,-2.5284044644956363,-0.1084653265389511,0.0066429947281624,-0.1151083212671135,-0.1878192675188753,True,-0.1314734872632127
65,77,18.5,19.0,0,-2.5284044644956363,,0.0066429947281624,,,True,
65,78,19.0,19.5,170,-2.5284044644956363,0.2322365645717169,0.0066429947281624,0.2255935698435545,0.609394498773764,True,0.4265761491416348
65,79,19.5,20.0,215,-2.5284044644956363,0.0725596599062536,0.0066429947281624,0.0659166651780912,0.16301306088184359,True,0.1141091426172905
66,0,-20.0,-19.5,150,-2.5412328055080744,0.1992795683017912,0.0968665541279408,0.1024130141738503,0.6415677918936991,True,0.4490974543255893
66,1,-19.5,-19.0,62,-2.5412328055080744,-0.8915194745884137,0.0968665541279408,-0.9883860287163546,-2.18418194830162,True,-1.528927363811134
66,2,-19.0,-18.5,235,-2.5412328055080744,0.3431909842324088,0.0968665541279408,0.2463244301044679,1.6547054475951881,True,1.1582938133166316
66,3,-18.5,-18.0,120,-2.5412328055080744,0.2394990265460554,0.0968665541279408,0.1426324724181146,0.9247131377696869,True,0.6472991964387808
66,4,-18.0,-17.5,144,-2.5412328055080744,-0.0546353103324473,0.0968665541279408,-0.1515018644603882,-0.3347959480145403,True,-0.2343571636101782
66,5,-17.5,-17.0,116,-2.5412328055080744,0.0595561992499042,0.0968665541279408,-0.0373103548780365,-0.08245017760436316,True,-0.0577151243230542
66,6,-17.0,-16.5,220,-2.5412328055080744,0.0595561992499042,0.0968665541279408,-0.0373103548780365,-0.08245017760436316,True,-0.0577151243230542
66,7,-16.5,-16.0,206,-2.5412328055080744,-0.0292706975812246,0.0968665541279408,-0.1261372517091655,-0.27874403339082543,True,-0.1951208233735778
66,8,-16.0,-15.5,140,-2.5412328055080744,0.04673506178699,0.0968665541279408,-0.0501314923409507,-0.11078293038473173,True,-0.0775480512693122
66,9,-15.5,-15.0,267,-2.5412328055080744,0.1224122463859381,0.0968665541279408,0.0255456922579973,0.10042115788778343,True,0.0702948105214484
66,10,-15.0,-14.5,0,-2.5412328055080744,,0.0968665541279408,,,True,
66,11,-14.5,-14.0,245,-2.5412328055080744,0.1299882729869772,0.0968665541279408,0.0331217188590363,0.15375645294046572,True,0.107629517058326
66,12,-14.0,-13.5,129,-2.5412328055080744,-0.3823416366481055,0.0968665541279408,-0.4792081907760463,-1.0589768059860882,True,-0.7412837641902617
66,13,-13.5,-13.0,198,-2.5412328055080744,-0.391871502485247,0.0968665541279408,-0.4887380566131879,-1.080036351878551,True,-0.7560254463149856
66,14,-13.0,-12.5,194,-2.5412328055080744,0.0494965491166705,0.0968665541279408,-0.0473700050112702,-0.1046804657598673,True,-0.0732763260319071
66,15,-12.5,-12.0,96,-2.5412328055080744,0.225114573034253,0.0968665541279408,0.1282480189063122,0.823446456351441,True,0.5764125194460087
66,16,-12.0,-11.5,146,-2.5412328055080744,0.2251145730342534,0.0968665541279408,0.1282480189063126,0.8234464563514438,True,0.5764125194460106
66,17,-11.5,-11.0,139,-2.5412328055080744,0.1225357755387025,0.0968665541279408,0.0256692214107617,0.10129080422843828,True,0.0709035629599068
66,18,-11.0,-10.5,183,-2.5412328055080744,-0.3179161322943497,0.0968665541279408,-0.4147826864222905,-0.9166062953441539,True,-0.6416244067409077
66,19,-10.5,-10.0,6,-2.5412328055080744,0.1192197672338224,0.0968665541279408,0.0223532131058815,0.07794607609434286,True,0.05456225326604
66,20,-10.0,-9.5,176,-2.5412328055080744,0.1192197672338224,0.0968665541279408,0.0223532131058815,0.07794607609434286,True,0.05456225326604
66,21,-9.5,-9.0,214,-2.5412328055080744,0.2366917499546429,0.0968665541279408,0.139825195826702,0.9049498854499358,True,0.633464919814955
66,22,-9.0,-8.5,91,-2.5412328055080744,-0.1143485365952695,0.0968665541279408,-0.2112150907232104,-0.46675304482568464,True,-0.3267271313779792
66,23,-8.5,-8.0,260,-2.5412328055080744,-0.0070796982755952,0.0968665541279408,-0.1039462524035361,-0.22970531907281974,True,-0.1607937233509738
66,24,-8.0,-7.5,72,-2.5412328055080744,0.2158892310384229,0.0968665541279408,0.1190226769104821,0.7584999661632966,True,0.5309499763143076
66,25,-7.5,-7.0,237,-2.5412328055080744,-0.0402980560038278,0.0968665541279408,-0.1371646101317687,-0.3031128088533667,True,-0.2121789661973567
66,26,-7.0,-6.5,175,-2.5412328055080744,-0.0848001486631199,0.0968665541279408,-0.1816667027910607,-0.4014556269669624,True,-0.2810189388768737
66,27,-6.5,-6.0,220,-2.5412328055080744,-0.0708356658923579,0.0968665541279408,-0.1677022200202987,-0.3705962559326714,True,-0.25941737915287
66,28,-6.0,-5.5,94,-2.5412328055080744,0.1133092212336295,0.0968665541279408,0.0164426671056887,0.03633577937237772,True,0.0254350455606644
66,29,-5.5,-5.0,205,-2.5412328055080744,-0.0592032156486633,0.0968665541279408,-0.1560697697766042,-0.34489032009524206,True,-0.2414232240666694
66,30,-5.0,-4.5,84,-2.5412328055080744,0.2816964818463357,0.0968665541279408,0.1848299277183948,1.2217836006168157,True,0.8552485204317709
66,31,-4.5,-4.0,158,-2.5412328055080744,0.1359890160588301,0.0968665541279408,0.0391224619308892,0.1960017378538953,True,0.1372012164977267
66,32,-4.0,-3.5,164,-2.5412328055080744,0.0083581937248535,0.0968665541279408,-0.0885083604030873,-0.19558993900112617,True,-0.1369129573007883
66,33,-3.5,-3.0,235,-2.5412328055080744,0.1394805903776026,0.0968665541279408,0.0426140362496617,0.22058245229655057,True,0.1544077166075854
66,34,-3.0,-2.5,0,-2.5412328055080744,,0.0968665541279408,,,True,
66,35,-2.5,-2.0,264,-2.5412328055080744,0.0804238870222521,0.0968665541279408,-0.0164426671056887,-0.03633577937237772,True,-0.0254350455606644
66,36,-2.0,-1.5,51,-2.5412328055080744,-0.3442156586358724,0.0968665541279408,-0.4410822127638133,-0.9747242260059622,True,-0.6823069582041735
66,37,-1.5,-1.0,299,-2.5412328055080744,0.387191733531311,0.0968665541279408,0.2903251794033701,1.9644711163263675,True,1.375129781428457
66,38,-1.0,-0.5,219,-2.5412328055080744,-0.602163781089228,0.0968665541279408,-0.6990303352171688,-1.5447501230662697,True,-1.0813250861463888
66,39,-0.5,0.0,302,-2.5412328055080744,0.2830354036775226,0.0968665541279408,0.1861688495495817,1.231209622287468,True,0.8618467356012276
66,40,0.0,0.5,131,-2.5412328055080744,-0.4908433063387516,0.0968665541279408,-0.5877098604666925,-1.2987489005053487,True,-0.909124230353744
66,41,0.5,1.0,0,-2.5412328055080744,,0.0968665541279408,,,True,
66,42,1.0,1.5,207,-2.5412328055080744,-0.0423232812066598,0.0968665541279408,-0.1391898353346007,-0.3075882467903193,True,-0.2153117727532235
66,43,1.5,2.0,65,-2.5412328055080744,-0.2291234676782826,0.0968665541279408,-0.3259900218062235,-0.7203880875171087,True,-0.5042716612619761
66,44,2.0,2.5,173,-2.5412328055080744,0.0557644375154586,0.0968665541279408,-0.0411021166124822,-0.09082939108170558,True,-0.0635805737571939
66,45,2.5,3.0,164,-2.5412328055080744,-0.3031022928105518,0.0968665541279408,-0.3999688469384926,-0.8838699758844677,True,-0.6187089831191274
66,46,3.0,3.5,151,-2.5412328055080744,0.0794241059900233,0.0968665541279408,-0.0174424481379174,-0.03854514253555829,True,-0.0269815997748908
66,47,3.5,4.0,74,-2.5412328055080744,-0.2601865925503653,0.0968665541279408,-0.3570531466783061,-0.7890328423317408,True,-0.5523229896322185
66,48,4.0,4.5,136,-2.5412328055080744,-0.054856425958831,0.0968665541279408,-0.1517229800867719,-0.3352845797288736,True,-0.2346992058102115
66,49,4.5,5.0,71,-2.5412328055080744,-0.1693204562048926,0.0968665541279408,-0.2661870103328335,-0.5882325791233954,True,-0.4117628053863768
66,50,5.0,5.5,151,-2.5412328055080744,-0.0979548880756799,0.0968665541279408,-0.1948214422036207,-0.4305255890311176,True,-0.3013679123217823
66,51,5.5,6.0,201,-2.5412328055080744,-0.0156325608318338,0.0968665541279408,-0.1124991149597747,-0.24860583714863943,True,-0.1740240860040476
66,52,6.0,6.5,54,-2.5412328055080744,-0.5221798827655321,0.0968665541279408,-0.6190464368934729,-1.3679979414310275,True,-0.9575985590017192
66,53,6.5,7.0,176,-2.5412328055080744,-0.2009109333368918,0.0968665541279408,-0.2977774874648327,-0.6580427017731046,True,-0.4606298912411732
66,54,7.0,7.5,95,-2.5412328055080744,-0.2009109333368912,0.0968665541279408,-0.297777487464832,-0.6580427017731032,True,-0.4606298912411722
66,55,7.5,8.0,185,-2.5412328055080744,0.0113507954398031,0.0968665541279408,-0.0855157586881377,-0.18897674693411728,True,-0.1322837228538821
66,56,8.0,8.5,0,-2.5412328055080744,,0.0968665541279408,,,True,
66,57,8.5,9.0,139,-2.5412328055080744,0.1059253249499759,0.0968665541279408,0.009058770822035,0.02001849796378329,True,0.0140129485746483
66,58,9.0,9.5,120,-2.5412328055080744,0.0801779656648999,0.0968665541279408,-0.0166885884630408,-0.03687922795807643,True,-0.0258154595706535
66,59,9.5,10.0,153,-2.5412328055080744,-0.1961481560468198,0.0968665541279408,-0.2930147101747606,-0.647517692436149,True,-0.4532623847053042
66,60,10.0,10.5,199,-2.5412328055080744,-0.2068118674730281,0.0968665541279408,-0.3036784216009689,-0.6710828636570242,True,-0.4697580045599169
66,61,10.5,11.0,169,-2.5412328055080744,-0.2846142167822479,0.0968665541279408,-0.3814807709101887,-0.8430141556415475,True,-0.5901099089490832
66,62,11.0,11.5,214,-2.5412328055080744,-0.2281368315417622,0.0968665541279408,-0.325003385669703,-0.7182077725629112,True,-0.5027454407940378
66,63,11.5,12.0,115,-2.5412328055080744,-0.0476978428660214,0.0968665541279408,-0.1445643969939623,-0.31946520601004585,True,-0.2236256442070321
66,64,12.0,12.5,277,-2.5412328055080744,-0.0966446321211649,0.0968665541279408,-0.1935111862491058,-0.42763012377730086,True,-0.2993410866441106
66,65,12.5,13.0,216,-2.5412328055080744,0.0092908217252738,0.0968665541279408,-0.0875757324026669,-0.19352897376708256,True,-0.1354702816369578
66,66,13.0,13.5,169,-2.5412328055080744,-0.230825795795462,0.0968665541279408,-0.3276923499234029,-0.7241499722823744,True,-0.5069049805976621
66,67,13.5,14.0,259,-2.5412328055080744,0.2058353351054518,0.0968665541279408,0.1089687809775109,0.6877204488447538,True,0.4814043141913276
66,68,14.0,14.5,160,-2.5412328055080744,-0.4884003132174906,0.0968665541279408,-0.5852668673454315,-1.2933502593669133,True,-0.9053451815568392
66,69,14.5,15.0,195,-2.5412328055080744,0.0947733769611537,0.0968665541279408,-0.0020931771667871,-0.004625601383936,True,-0.0032379209687552
66,70,15.0,15.5,43,-2.5412328055080744,-0.3932619743252645,0.0968665541279408,-0.4901285284532054,-1.0831090819701854,True,-0.7581763573791298
66,71,15.5,16.0,285,-2.5412328055080744,-0.0243005710992425,0.0968665541279408,-0.1211671252271834,-0.2677608140541259,True,-0.1874325698378881
66,72,16.0,16.5,65,-2.5412328055080744,-0.1311783256828432,0.0968665541279408,-0.2280448798107841,-0.5039443045671265,True,-0.3527610131969885
66,73,16.5,17.0,256,-2.5412328055080744,0.3705339122814166,0.0968665541279408,0.2736673581534757,1.8471999056925357,True,1.293039933984775
66,74,17.0,17.5,99,-2.5412328055080744,-0.4872065237533101,0.0968665541279408,-0.584073077881251,-1.2907121672430066,True,-0.9034985170701046
66,75,17.5,18.0,199,-2.5412328055080744,-0.5706960073386742,0.0968665541279408,-0.6675625614666151,-1.4752111561218841,True,-1.0326478092853189
66,76,18.0,18.5,168,-2.5412328055080744,-0.0404397516467072,0.0968665541279408,-0.137306305774648,-0.3034259345515637,True,-0.2123981541860946
66,77,18.5,19.0,65,-2.5412328055080744,0.3266595460349748,0.0968665541279408,0.2297929919070339,1.5383239747814041,True,1.0768267823469828
66,78,19.0,19.5,312,-2.5412328055080744,0.229055280407943,0.0968665541279408,0.1321887262800022,0.8511890715190291,True,0.5958323500633204
66,79,19.5,20.0,182,-2.5412328055080744,0.1237302581417262,0.0968665541279408,0.0268637040137853,0.10969997244054872,True,0.0767899807083841
67,0,-20.0,-19.5,124,-2.5498757973255604,-0.4244288719864894,-0.0157645090049774,-0.4086643629815119,-0.9847239082241697,True,-0.6893067357569187
67,1,-19.5,-19.0,319,-2.5498757973255604,0.1016416717584318,-0.0157645090049774,0.1174061807634093,0.4237428988137657,True,0.296620029169636
67,2,-19.0,-18.5,259,-2.5498757973255604,-0.0015446879040111,-0.0157645090049774,0.0142198211009663,0.03520980820665043,True,0.0246468657446553
67,3,-18.5,-18.0,199,-2.5498757973255604,0.1011823824928797,-0.0157645090049774,0.1169468914978572,0.422013512503294,True,0.2954094587523058
67,4,-18.0,-17.5,203,-2.5498757973255604,0.2337427064459733,-0.0157645090049774,0.2495072154509508,0.9211499538494455,True,0.6448049676946118
67,5,-17.5,-17.0,33,-2.5498757973255604,0.233742706445974,-0.0157645090049774,0.2495072154509515,0.9211499538494482,True,0.6448049676946137
67,6,-17.0,-16.5,232,-2.5498757973255604,0.2859596373407556,-0.0157645090049774,0.3017241463457331,1.1177651422225672,True,0.782435599555797
67,7,-16.5,-16.0,100,-2.5498757973255604,-0.2817122030052514,-0.0157645090049774,-0.2659476940002739,-0.6408316367703515,True,-0.448582145739246
67,8,-16.0,-15.5,270,-2.5498757973255604,0.2397726947036969,-0.0157645090049774,0.2555372037086744,0.9438549894933252,True,0.6606984926453277
67,9,-15.5,-15.0,178,-2.5498757973255604,-0.0256855758542055,-0.0157645090049774,-0.009921066849228,-0.023905954632914717,True,-0.0167341682430403
67,10,-15.0,-14.5,222,-2.5498757973255604,0.3332838654910877,-0.0157645090049774,0.3490483744960652,1.2959575766101634,True,0.9071703036271144
67,11,-14.5,-14.0,78,-2.5498757973255604,-0.4543962838349317,-0.0157645090049774,-0.4386317748299542,-1.0569338428009618,True,-0.7398536899606732
67,12,-14.0,-13.5,296,-2.5498757973255604,0.2504363131646039,-0.0157645090049774,0.2662008221695814,0.9840072794977889,True,0.6888050956484522
67,13,-13.5,-13.0,98,-2.5498757973255604,-0.3195569543975803,-0.0157645090049774,-0.3037924453926028,-0.7320229293629775,True,-0.5124160505540842
67,14,-13.0,-12.5,284,-2.5498757973255604,0.1568179513765696,-0.0157645090049774,0.1725824603815471,0.6315010804025696,True,0.4420507562817987
67,15,-12.5,-12.0,180,-2.5498757973255604,-0.2696798782754105,-0.0157645090049774,-0.253915369270433,-0.6118383628118701,True,-0.428286853968309
67,16,-12.0,-11.5,237,-2.5498757973255604,0.0090569789161114,-0.0157645090049774,0.0248214879210889,0.07512882840160715,True,0.052590179881125
67,17,-11.5,-11.0,203,-2.5498757973255604,0.2929096738542545,-0.0157645090049774,0.308674182859232,1.1439344845198987,True,0.800754139163929
67,18,-11.0,-10.5,120,-2.5498757973255604,-0.2691055202622857,-0.0157645090049774,-0.2533410112573082,-0.6104543809464641,True,-0.4273180666625248
67,19,-10.5,-10.0,244,-2.5498757973255604,0.3099659418955756,-0.0157645090049774,0.3257304509005531,1.2081573581438616,True,0.8457101507007031
67,20,-10.0,-9.5,55,-2.5498757973255604,-0.1213248488105136,-0.0157645090049774,-0.1055603398055361,-0.2543598115783869,True,-0.1780518681048708
67,21,-9.5,-9.0,299,-2.5498757973255604,0.0275096421535572,-0.0157645090049774,0.0432741511585346,0.14460962316005013,True,0.1012267362120351
67,22,-9.0,-8.5,111,-2.5498757973255604,-0.4766340765205243,-0.0157645090049774,-0.4608695675155468,-1.110518368654581,True,-0.7773628580582066
67,23,-8.5,-8.0,307,-2.5498757973255604,0.1302758755152335,-0.0157645090049774,0.146040384520211,0.5315607898518712,True,0.3720925528963098
67,24,-8.0,-7.5,168,-2.5498757973255604,-0.313499712347657,-0.0157645090049774,-0.2977352033426795,-0.7174273061455694,True,-0.5021991143018986
67,25,-7.5,-7.0,231,-2.5498757973255604,-0.0467142739634554,-0.0157645090049774,-0.0309497649584779,-0.07457702767664758,True,-0.0522039193736533
67,26,-7.0,-6.5,118,-2.5498757973255604,-0.5406985122474715,-0.0157645090049774,-0.524934003242494,-1.2648890142057556,True,-0.8854223099440289
67,27,-6.5,-6.0,201,-2.5498757973255604,-0.1241996715290465,-0.0157645090049774,-0.108435162524069,-0.261287028432315,True,-0.1829009199026205
67,28,-6.0,-5.5,290,-2.5498757973255604,0.057032617706821,-0.0157645090049774,0.0727971267117985,0.25577405393512803,True,0.1790418377545896
67,29,-5.5,-5.0,245,-2.5498757973255604,-0.0508473756529356,-0.0157645090049774,-0.0350828666479581,-0.08453621281101914,True,-0.0591753489677134
67,30,-5.0,-4.5,208,-2.5498757973255604,-0.1400223097133556,-0.0157645090049774,-0.1242578007083781,-0.2994134997438709,True,-0.2095894498207096
67,31,-4.5,-4.0,278,-2.5498757973255604,0.1016452560777168,-0.0157645090049774,0.1174097650826943,0.4237563950418919,True,0.2966294765293243
67,32,-4.0,-3.5,188,-2.5498757973255604,-0.3789630517295845,-0.0157645090049774,-0.363198542724607,-0.8751687713696686,True,-0.612618139958768
67,33,-3.5,-3.0,240,-2.5498757973255604,-0.0107837779311201,-0.0157645090049774,0.0049807310738573,0.012001645881425143,True,0.0084011521169976
67,34,-3.0,-2.5,173,-2.5498757973255604,-0.0207452400788348,-0.0157645090049774,-0.0049807310738573,-0.012001645881425143,True,-0.0084011521169976
67,35,-2.5,-2.0,138,-2.5498757973255604,0.172077886253516,-0.0157645090049774,0.1878423952584935,0.6889601251794084,True,0.4822720876255858
67,36,-2.0,-1.5,215,-2.5498757973255604,0.2425769443415017,-0.0157645090049774,0.2583414533464792,0.954413979869325,True,0.6680897859085274
67,37,-1.5,-1.0,96,-2.5498757973255604,0.0101326168865964,-0.0157645090049774,0.0258971258915739,0.07917898528682014,True,0.0554252897007741
67,38,-1.0,-0.5,286,-2.5498757973255604,0.0619688799941928,-0.0157645090049774,0.0777333889991703,0.27436082498542974,True,0.1920525774898008
67,39,-0.5,0.0,128,-2.5498757973255604,-0.4281432031422672,-0.0157645090049774,-0.4123786941372897,-0.9936740174665599,True,-0.6955718122265919
67,40,0.0,0.5,118,-2.5498757973255604,-0.553392044377055,-0.0157645090049774,-0.5376275353720775,-1.2954755436418397,True,-0.9068328805492878
67,41,0.5,1.0,193,-2.5498757973255604,0.1816487830848248,-0.0157645090049774,0.1974132920898023,0.7249979322879744,True,0.507498552601582
67,42,1.0,1.5,0,-2.5498757973255604,,-0.0157645090049774,,,True,
67,43,1.5,2.0,158,-2.5498757973255604,-0.0611791844448394,-0.0157645090049774,-0.0454146754398619,-0.10943189752001,True,-0.076602328264007
67,44,2.0,2.5,171,-2.5498757973255604,-0.2523464331428224,-0.0157645090049774,-0.2365819241378449,-0.5700714279379242,True,-0.3990499995565469
67,45,2.5,3.0,175,-2.5498757973255604,-0.0840159174466376,-0.0157645090049774,-0.0682514084416601,-0.164459639133046,True,-0.1151217473931322
67,46,3.0,3.5,135,-2.5498757973255604,0.0520538073211331,-0.0157645090049774,0.0678183163261106,0.2370270742662426,True,0.1659189519863698
67,47,3.5,4.0,21,-2.5498757973255604,0.1960904272759272,-0.0157645090049774,0.2118549362809047,0.7793758236039677,True,0.5455630765227774
67,48,4.0,4.5,89,-2.5498757973255604,0.1960904272759269,-0.0157645090049774,0.2118549362809044,0.7793758236039664,True,0.5455630765227765
67,49,4.5,5.0,188,-2.5498757973255604,-0.1069074898710212,-0.0157645090049774,-0.0911429808660437,-0.21961952265867532,True,-0.1537336658610727
67,50,5.0,5.5,79,-2.5498757973255604,-0.5009853708177884,-0.0157645090049774,-0.4852208618128109,-1.169195620362491,True,-0.8184369342537435
67,51,5.5,6.0,191,-2.5498757973255604,-0.0524605226419669,-0.0157645090049774,-0.0366960136369894,-0.08842327650306615,True,-0.0618962935521463
67,52,6.0,6.5,49,-2.5498757973255604,-0.1160727297385729,-0.0157645090049774,-0.1003082207335954,-0.24170422502014785,True,-0.1691929575141035
67,53,6.5,7.0,230,-2.5498757973255604,-0.2363810916013844,-0.0157645090049774,-0.2206165825964069,-0.5316010964313579,True,-0.3721207675019505
67,54,7.0,7.5,175,-2.5498757973255604,-0.26074873813009,-0.0157645090049774,-0.2449842291251124,-0.590317750726603,True,-0.4132224255086221
67,55,7.5,8.0,138,-2.5498757973255604,-0.2344010253570312,-0.0157645090049774,-0.2186365163520537,-0.5268298984818796,True,-0.3687809289373157
67,56,8.0,8.5,198,-2.5498757973255604,0.1111544132278208,-0.0157645090049774,0.1269189222327983,0.4595617304436349,True,0.3216932113105444
67,57,8.5,9.0,100,-2.5498757973255604,-0.2512131534422008,-0.0157645090049774,-0.2354486444372233,-0.5673406598137711,True,-0.3971384618696398
67,58,9.0,9.5,122,-2.5498757973255604,-0.2767649265040173,-0.0157645090049774,-0.2610004174990398,-0.6289106035395159,True,-0.4402374224776611
67,59,9.5,10.0,120,-2.5498757973255604,0.0313128413480074,-0.0157645090049774,0.0470773503529849,0.1589300114560246,True,0.1112510080192172
67,60,10.0,10.5,123,-2.5498757973255604,-0.1111188781005182,-0.0157645090049774,-0.0953543690955407,-0.2297673482389233,True,-0.1608371437672463
67,61,10.5,11.0,149,-2.5498757973255604,0.2053253081326085,-0.0157645090049774,0.221089817137586,0.8141484118837808,True,0.5699038883186466
67,62,11.0,11.5,68,-2.5498757973255604,-0.634715386022158,-0.0157645090049774,-0.6189508770171805,-1.4914335132342071,True,-1.0440034592639449
67,63,11.5,12.0,185,-2.5498757973255604,0.1612568632622739,-0.0157645090049774,0.1770213722672514,0.6482151515213425,True,0.4537506060649397
67,64,12.0,12.5,14,-2.5498757973255604,0.0738779304246501,-0.0157645090049774,0.0896424394296276,0.3192026062545647,True,0.2234418243781953
67,65,12.5,13.0,178,-2.5498757973255604,0.0738779304246504,-0.0157645090049774,0.0896424394296279,0.31920260625456587,True,0.2234418243781961
67,66,13.0,13.5,17,-2.5498757973255604,0.2288692709086834,-0.0157645090049774,0.2446337799136609,0.9027997477042532,True,0.6319598233929772
67,67,13.5,14.0,152,-2.5498757973255604,0.2288692709086825,-0.0157645090049774,0.24463377991366,0.9027997477042499,True,0.6319598233929749
67,68,14.0,14.5,107,-2.5498757973255604,0.1295022085170839,-0.0157645090049774,0.1452667175220614,0.5286476603367382,True,0.3700533622357167
67,69,14.5,15.0,133,-2.5498757973255604,-0.0341449152711102,-0.0157645090049774,-0.0183804062661327,-0.04428970845679786,True,-0.0310027959197585
67,70,15.0,15.5,228,-2.5498757973255604,-0.0545034975233331,-0.0157645090049774,-0.0387389885183556,-0.093346060067812,True,-0.0653422420474684
67,71,15.5,16.0,119,-2.5498757973255604,-0.6029273281654058,-0.0157645090049774,-0.5871628191604283,-1.414836522150418,True,-0.9903855655052926
67,72,16.0,16.5,291,-2.5498757973255604,0.1874625613008384,-0.0157645090049774,0.2032270703058159,0.7468888607572172,True,0.522822202530052
67,73,16.5,17.0,142,-2.5498757973255604,-0.2874401552725099,-0.0157645090049774,-0.2716756462675324,-0.6546337982839832,True,-0.4582436587987882
67,74,17.0,17.5,223,-2.5498757973255604,0.0218996001753664,-0.0157645090049774,0.0376641091803439,0.12348583358793444,True,0.0864400835115541
67,75,17.5,18.0,149,-2.5498757973255604,-0.1513916600119139,-0.0157645090049774,-0.1356271510069364,-0.32680926035848656,True,-0.2287664822509406
67,76,18.0,18.5,152,-2.5498757973255604,-0.1513916600119139,-0.0157645090049774,-0.1356271510069364,-0.32680926035848656,True,-0.2287664822509406
67,77,18.5,19.0,205,-2.5498757973255604,0.2233276465180887,-0.0157645090049774,0.2390921555230662,0.8819335745152285,True,0.6173535021606599
67,78,19.0,19.5,76,-2.5498757973255604,0.3760749703169886,-0.0157645090049774,0.3918394793219661,1.457081200535736,True,1.0199568403750152
67,79,19.5,20.0,55,-2.5498757973255604,0.0131890224678601,-0.0157645090049774,0.0289535314728376,0.09068743185400185,True,0.0634812022978013
68,0,-20.0,-19.5,84,-2.527233577666691,-0.5834886162336712,-0.0329006682777162,-0.5505879479559549,-1.2709277643977046,True,-0.8896494350783932
68,1,-19.5,-19.0,327,-2.527233577666691,0.2009265338443863,-0.0329006682777162,0.2338272021221026,0.9999060067095228,True,0.6999342046966659
68,2,-19.0,-18.5,49,-2.527233577666691,-0.6253627804023978,-0.0329006682777162,-0.5924621121246815,-1.367586323762392,True,-0.9573104266336744
68,3,-18.5,-18.0,170,-2.527233577666691,0.1506119491351644,-0.0329006682777162,0.1835126174128807,0.7795358367861697,True,0.5456750857503188
68,4,-18.0,-17.5,198,-2.527233577666691,-0.3223242213941868,-0.0329006682777162,-0.2894235531164706,-0.6680793335414272,True,-0.467655533478999
68,5,-17.5,-17.0,187,-2.527233577666691,0.2111356610377306,-0.0329006682777162,0.2440363293154469,1.0446204191879003,True,0.7312342934315301
68,6,-17.0,-16.5,177,-2.527233577666691,0.3829286551025161,-0.0329006682777162,0.4158293233802324,1.7970474045737015,True,1.257933183201591
68,7,-16.5,-16.0,124,-2.527233577666691,-0.1887740647182719,-0.0329006682777162,-0.1558733964405556,-0.3598041475530446,True,-0.2518629032871312
68,8,-16.0,-15.5,171,-2.527233577666691,0.18549941100645,-0.0329006682777162,0.2184000792841663,0.932337573006415,True,0.6526363011044904
68,9,-15.5,-15.0,141,-2.527233577666691,-0.1331293831431536,-0.0329006682777162,-0.1002287148654373,-0.2313589626966833,True,-0.1619512738876783
68,10,-15.0,-14.5,117,-2.527233577666691,0.291972223820191,-0.0329006682777162,0.3248728920979074,1.398672175340537,True,0.9790705227383758
68,11,-14.5,-14.0,54,-2.527233577666691,-0.3464176785927008,-0.0329006682777162,-0.3135170103149846,-0.7236945060267661,True,-0.5065861542187362
68,12,-14.0,-13.5,248,-2.527233577666691,-0.0574802093778068,-0.0329006682777162,-0.0245795411000905,-0.056737204902927725,True,-0.0397160434320494
68,13,-13.5,-13.0,51,-2.527233577666691,0.0153342953036002,-0.0329006682777162,0.0482349635813165,0.18704044536082,True,0.130928311752574
68,14,-13.0,-12.5,231,-2.527233577666691,-0.0613831261994561,-0.0329006682777162,-0.0284824579217398,-0.06574634752797785,True,-0.0460224432695845
68,15,-12.5,-12.0,170,-2.527233577666691,0.2743317958092037,-0.0329006682777162,0.3072324640869199,1.3214098041857676,True,0.9249868629300372
68,16,-12.0,-11.5,169,-2.527233577666691,-0.3611435325744405,-0.0329006682777162,-0.3282428642967242,-0.7576863446591593,True,-0.5303804412614115
68,17,-11.5,-11.0,146,-2.527233577666691,-0.0312153871366231,-0.0329006682777162,0.0016852811410931,0.003890151611532143,True,0.0027231061280725
68,18,-11.0,-10.5,147,-2.527233577666691,0.1229501866378019,-0.0329006682777162,0.1558508549155182,0.6583815564288493,True,0.4608670895001945
68,19,-10.5,-10.0,37,-2.527233577666691,0.0580412015961555,-0.0329006682777162,0.0909418698738718,0.37409014975530286,True,0.261863104828712
68,20,-10.0,-9.5,186,-2.527233577666691,0.0544222355651593,-0.0329006682777162,0.0873229038428756,0.3582396331743462,True,0.2507677432220423
68,21,-9.5,-9.0,196,-2.527233577666691,-0.1757442479230279,-0.0329006682777162,-0.1428435796453116,-0.329727288821266,True,-0.2308091021748862
68,22,-9.0,-8.5,225,-2.527233577666691,-0.1138032727058956,-0.0329006682777162,-0.0809026044281793,-0.18674830526454428,True,-0.130723813685181
68,23,-8.5,-8.0,175,-2.527233577666691,0.1837643699973815,-0.0329006682777162,0.2166650382750977,0.9247383592952788,True,0.6473168515066952
68,24,-8.0,-7.5,50,-2.527233577666691,-0.4642905845097105,-0.0329006682777162,-0.4313899162319943,-0.9957817345182806,True,-0.6970472141627964
68,25,-7.5,-7.0,205,-2.527233577666691,0.1937345279150526,-0.0329006682777162,0.2266351961927689,0.9684061229701159,True,0.677884286079081
68,26,-7.0,-6.5,80,-2.527233577666691,-0.5855364899629897,-0.0329006682777162,-0.5526358216852734,-1.2756548921712674,True,-0.8929584245198872
68,27,-6.5,-6.0,304,-2.527233577666691,0.140471256301881,-0.0329006682777162,0.1733719245795973,0.7351211563167588,True,0.5145848094217311
68,28,-6.0,-5.5,43,-2.527233577666691,-0.5513000795753379,-0.0329006682777162,-0.5183994112976216,-1.1966266375999168,True,-0.8376386463199417
68,29,-5.5,-5.0,188,-2.527233577666691,0.2658691912710649,-0.0329006682777162,0.2987698595487812,1.2843448932689545,True,0.8990414252882681
68,30,-5.0,-4.5,94,-2.527233577666691,-0.4825648421077726,-0.0329006682777162,-0.4496641738300563,-1.037964389335474,True,-0.7265750725348317
68,31,-4.5,-4.0,170,-2.527233577666691,-0.0837235503882155,-0.0329006682777162,-0.0508228821104992,-0.11731497607374429,True,-0.082120483251621
68,32,-4.0,-3.5,146,-2.527233577666691,0.1390127555985569,-0.0329006682777162,0.1719134238762731,0.7287331467628217,True,0.5101132027339752
68,33,-3.5,-3.0,116,-2.527233577666691,-0.1004917847618287,-0.0329006682777162,-0.0675911164841124,-0.15602126215296258,True,-0.1092148835070738
68,34,-3.0,-2.5,206,-2.527233577666691,0.1450501119643298,-0.0329006682777162,0.1779507802420461,0.7551758423728959,True,0.5286230896610271
68,35,-2.5,-2.0,67,-2.527233577666691,0.0517536855146021,-0.0329006682777162,0.0846543537923184,0.34655179292904087,True,0.2425862550503286
68,36,-2.0,-1.5,209,-2.527233577666691,-0.0601032570639443,-0.0329006682777162,-0.027202588786228,-0.06279201257539414,True,-0.0439544088027759
68,37,-1.5,-1.0,135,-2.527233577666691,0.1799134307378879,-0.0329006682777162,0.2128140990156042,0.9078718355252127,True,0.6355102848676488
68,38,-1.0,-0.5,125,-2.527233577666691,-0.0345859494188094,-0.0329006682777162,-0.0016852811410931,-0.003890151611532143,True,-0.0027231061280725
68,39,-0.5,0.0,280,-2.527233577666691,-0.1975864996602341,-0.0329006682777162,-0.1646858313825178,-0.38014598082648954,True,-0.2661021865785427
68,40,0.0,0.5,95,-2.527233577666691,-0.2695566336708215,-0.0329006682777162,-0.2366559653931052,-0.5462753737074182,True,-0.3823927615951927
68,41,0.5,1.0,9,-2.527233577666691,-0.3441818850919118,-0.0329006682777162,-0.3112812168141955,-0.7185336011319859,True,-0.5029735207923901
68,42,1.0,1.5,205,-2.527233577666691,-0.0961572309821945,-0.0329006682777162,-0.0632565627044782,-0.14601576754440143,True,-0.102211037281081
68,43,1.5,2.0,0,-2.527233577666691,,-0.0329006682777162,,,True,
68,44,2.0,2.5,158,-2.527233577666691,0.031261615808162,-0.0329006682777162,0.0641622840858783,0.2567996681845487,True,0.1797597677291841
68,45,2.5,3.0,188,-2.527233577666691,-0.3229673774618774,-0.0329006682777162,-0.2900667091841611,-0.6695639372388079,True,-0.4686947560671655
68,46,3.0,3.5,166,-2.527233577666691,-0.5711174589913004,-0.0329006682777162,-0.5382167907135841,-1.2423712962159552,True,-0.8696599073511686
68,47,3.5,4.0,268,-2.527233577666691,-0.2400294138598214,-0.0329006682777162,-0.2071287455821051,-0.4781173916764056,True,-0.3346821741734839
68,48,4.0,4.5,11,-2.527233577666691,-0.0208117629107249,-0.0329006682777162,0.0120889053669913,0.028726250047779858,True,0.0201083750334459
68,49,4.5,5.0,153,-2.527233577666691,0.1066915234887632,-0.0329006682777162,0.1395921917664795,0.5871711036031595,True,0.4110197725222116
68,50,5.0,5.5,93,-2.527233577666691,-0.6501515361843687,-0.0329006682777162,-0.6172508679066524,-1.424806461044985,True,-0.9973645227314896
68,51,5.5,6.0,203,-2.527233577666691,-0.2219516645036429,-0.0329006682777162,-0.1890509962259266,-0.4363883388341013,True,-0.3054718371838709
68,52,6.0,6.5,251,-2.527233577666691,-0.3203093252627753,-0.0329006682777162,-0.287408656985059,-0.6634283282927737,True,-0.4643998298049415
68,53,6.5,7.0,0,-2.527233577666691,,-0.0329006682777162,,,True,
68,54,7.0,7.5,132,-2.527233577666691,-0.181721286190488,-0.0329006682777162,-0.1488206179127717,-0.3435241470910193,True,-0.2404669029637135
68,55,7.5,8.0,104,-2.527233577666691,-0.2728390615086951,-0.0329006682777162,-0.2399383932309788,-0.5538522352956038,True,-0.3876965647069226
68,56,8.0,8.5,114,-2.527233577666691,-0.1934600189128767,-0.0329006682777162,-0.1605593506351604,-0.3706207833161934,True,-0.2594345483213354
68,57,8.5,9.0,182,-2.527233577666691,-0.1660244545717033,-0.0329006682777162,-0.133123786293987,-0.30729099089598916,True,-0.2151036936271924
68,58,9.0,9.5,181,-2.527233577666691,0.0924886693950507,-0.0329006682777162,0.125389337672767,0.524964779371006,True,0.3674753455597042
68,59,9.5,10.0,100,-2.527233577666691,-0.1265511793942708,-0.0329006682777162,-0.0936505111165545,-0.21617442802723014,True,-0.1513220996190611
68,60,10.0,10.5,194,-2.527233577666691,-0.5712050374517471,-0.0329006682777162,-0.5383043691740308,-1.2425734544676175,True,-0.8698014181273321
68,61,10.5,11.0,146,-2.527233577666691,0.082413946225343,-0.0329006682777162,0.1153146145030593,0.48083903591769056,True,0.3365873251423834
68,62,11.0,11.5,116,-2.527233577666691,0.0652241779127242,-0.0329006682777162,0.0981248461904405,0.40555048517465786,True,0.2838853396222605
68,63,11.5,12.0,99,-2.527233577666691,-0.2246360620331286,-0.0329006682777162,-0.1917353937554123,-0.4425847609744146,True,-0.3098093326820902
68,64,12.0,12.5,164,-2.527233577666691,-0.1204089413847514,-0.0329006682777162,-0.0875082731070351,-0.20199623751140444,True,-0.1413973662579831
68,65,12.5,13.0,170,-2.527233577666691,-0.1406534525658717,-0.0329006682777162,-0.1077527842881554,-0.2487268487284953,True,-0.1741087941099467
68,66,13.0,13.5,37,-2.527233577666691,0.1296333301592152,-0.0329006682777162,0.1625339984369315,0.6876527008087029,True,0.481356890566092
68,67,13.5,14.0,199,-2.527233577666691,-0.0676593276011481,-0.0329006682777162,-0.0347586593234318,-0.08023376710549514,True,-0.0561636369738466
68,68,14.0,14.5,0,-2.527233577666691,,-0.0329006682777162,,,True,
68,69,14.5,15.0,187,-2.527233577666691,0.4017900702231857,-0.0329006682777162,0.434690738500902,1.879657512143069,True,1.3157602585001482
68,70,15.0,15.5,0,-2.527233577666691,,-0.0329006682777162,,,True,
68,71,15.5,16.0,137,-2.527233577666691,0.2817849275541463,-0.0329006682777162,0.3146855958318626,1.3540533789779714,True,0.94783736528458
68,72,16.0,16.5,49,-2.527233577666691,-0.2990879481359183,-0.0329006682777162,-0.266187279858202,-0.6144428074701591,True,-0.4301099652291114
68,73,16.5,17.0,180,-2.527233577666691,0.3193865329369014,-0.0329006682777162,0.3522872012146176,1.5187426478147634,True,1.0631198534703343
68,74,17.0,17.5,34,-2.527233577666691,-0.280877059268386,-0.0329006682777162,-0.2479763909906697,-0.5724064273386431,True,-0.4006844991370502
68,75,17.5,18.0,215,-2.527233577666691,0.3101696551172443,-0.0329006682777162,0.3430703233949607,1.4783741355231712,True,1.0348618948662198
68,76,18.0,18.5,45,-2.527233577666691,0.3576909989874472,-0.0329006682777162,0.3905916672651635,1.686510338657593,True,1.180557237060315
68,77,18.5,19.0,96,-2.527233577666691,-0.2059884246852288,-0.0329006682777162,-0.1730877564075125,-0.39954022988024446,True,-0.2796781609161711
68,78,19.0,19.5,235,-2.527233577666691,0.0442642183628723,-0.0329006682777162,0.0771648866405886,0.3137490746237945,True,0.2196243522366561
68,79,19.5,20.0,30,-2.527233577666691,0.1586820858167299,-0.0329006682777162,0.1915827540944462,0.8148817986399565,True,0.5704172590479695
69,0,-20.0,-19.5,183,-2.471868162702857,-0.1789467257007268,0.0478424605612828,-0.2267891862620096,-0.3370926703393703,True,-0.2359648692375592
69,1,-19.5,-19.0,222,-2.471868162702857,-0.0335380971944344,0.0478424605612828,-0.0813805577557172,-0.12096162951918243,True,-0.0846731406634277
69,2,-19.0,-18.5,250,-2.471868162702857,0.0677320781957571,0.0478424605612828,0.0198896176344743,0.02956333337996143,True,0.020694333365973
69,3,-18.5,-18.0,258,-2.471868162702857,-0.2952704036136163,0.0478424605612828,-0.3431128641748991,-0.509992709612192,True,-0.3569948967285344
69,4,-18.0,-17.5,131,-2.471868162702857,0.032471305197493,0.0478424605612828,-0.0153711553637897,-0.02284722606568643,True,-0.0159930582459805
69,5,-17.5,-17.0,305,-2.471868162702857,-0.0228503188351501,0.0478424605612828,-0.0706927793964329,-0.10507563510071743,True,-0.0735529445705022
69,6,-17.0,-16.5,128,-2.471868162702857,-0.4777994541084548,0.0478424605612828,-0.5256419146697376,-0.7812984365736626,True,-0.5469089056015638
69,7,-16.5,-16.0,235,-2.471868162702857,0.2934351292127513,0.0478424605612828,0.2455926686514685,1.2314867341448008,True,0.8620407139013605
69,8,-16.0,-15.5,116,-2.471868162702857,0.355348190308521,0.0478424605612828,0.3075057297472382,1.6389594648086927,True,1.1472716253660848
69,9,-15.5,-15.0,232,-2.471868162702857,0.0482021568723836,0.0478424605612828,0.0003596963111008,0.0005346418496342858,True,0.000374249294744
69,10,-15.0,-14.5,61,-2.471868162702857,-0.8622232784771812,0.0478424605612828,-0.910065739038464,-1.3526945231084755,True,-0.9468861661759328
69,11,-14.5,-14.0,51,-2.471868162702857,-0.8622232784771812,0.0478424605612828,-0.910065739038464,-1.3526945231084755,True,-0.9468861661759328
69,12,-14.0,-13.5,225,-2.471868162702857,0.2469358379970786,0.0478424605612828,0.1990933774357958,0.9254577181302742,True,0.6478204026911919
69,13,-13.5,-13.0,70,-2.471868162702857,0.2469358379970789,0.0478424605612828,0.1990933774357961,0.9254577181302762,True,0.6478204026911933
69,14,-13.0,-12.5,252,-2.471868162702857,0.3198575675437056,0.0478424605612828,0.2720151069824228,1.4053825633440435,True,0.9837677943408304
69,15,-12.5,-12.0,65,-2.471868162702857,-0.2805966254993338,0.0478424605612828,-0.3284390860606166,-0.4881820442535876,True,-0.3417274309775113
69,16,-12.0,-11.5,177,-2.471868162702857,0.123377182477126,0.0478424605612828,0.0755347219158432,0.11227255379159415,True,0.0785907876541159
69,17,-11.5,-11.0,278,-2.471868162702857,0.1846891032517391,0.0478424605612828,0.1368466426904563,0.515788957893067,True,0.3610522705251469
69,18,-11.0,-10.5,23,-2.471868162702857,0.2062014960636152,0.0478424605612828,0.1583590355023324,0.6573699633712208,True,0.4601589743598545
69,19,-10.5,-10.0,264,-2.471868162702857,0.1948031250737865,0.0478424605612828,0.1469606645125037,0.5823530724253628,True,0.407647150697754
69,20,-10.0,-9.5,185,-2.471868162702857,-0.4770313760991644,0.0478424605612828,-0.5248738366604473,-0.7801567883696714,True,-0.54610975185877
69,21,-9.5,-9.0,242,-2.471868162702857,0.3468642257075358,0.0478424605612828,0.299021765146253,1.5831233591205596,True,1.1081863513843917
69,22,-9.0,-8.5,52,-2.471868162702857,-0.6150540950968199,0.0478424605612828,-0.6628965556581027,-0.9853096339761113,True,-0.6897167437832779
69,23,-8.5,-8.0,278,-2.471868162702857,0.1713349857216002,0.0478424605612828,0.1234925251603174,0.4279005763576234,True,0.2995304034503364
69,24,-8.0,-7.5,148,-2.471868162702857,-0.2061338913492859,0.0478424605612828,-0.2539763519105688,-0.3775028610476863,True,-0.2642520027333804
69,25,-7.5,-7.0,221,-2.471868162702857,0.1938358612359725,0.0478424605612828,0.1459934006746897,0.575987151724772,True,0.4031910062073404
69,26,-7.0,-6.5,62,-2.471868162702857,-0.7138879307033512,0.0478424605612828,-0.761730391264634,-1.1322132942149987,True,-0.792549305950499
69,27,-6.5,-6.0,255,-2.471868162702857,0.2283566470840554,0.0478424605612828,0.1805141865227726,0.8031811981057685,True,0.5622268386740379
69,28,-6.0,-5.5,225,-2.471868162702857,-0.5846159787830781,0.0478424605612828,-0.632458439344361,-0.9400673273325942,True,-0.6580471291328159
69,29,-5.5,-5.0,279,-2.471868162702857,-0.0276922613545604,0.0478424605612828,-0.0755347219158432,-0.11227255379159415,True,-0.0785907876541159
69,30,-5.0,-4.5,89,-2.471868162702857,-0.274806900153326,0.0478424605612828,-0.3226493607146088,-0.47957636948758475,True,-0.3357034586413093
69,31,-4.5,-4.0,212,-2.471868162702857,0.2946832569702873,0.0478424605612828,0.2468407964090044,1.2397011240744775,True,0.8677907868521342
69,32,-4.0,-3.5,146,-2.471868162702857,-0.3155229549394679,0.0478424605612828,-0.3633654155007507,-0.5400954967871027,True,-0.3780668477509719
69,33,-3.5,-3.0,223,-2.471868162702857,0.2464531858679848,0.0478424605612828,0.198610725306702,0.9222812061387515,True,0.645596844297126
69,34,-3.0,-2.5,133,-2.471868162702857,-0.0376686520176572,0.0478424605612828,-0.08551111257894,-0.12710116279364245,True,-0.0889708139555497
69,35,-2.5,-2.0,312,-2.471868162702857,-0.1645595129389301,0.0478424605612828,-0.2124019735002129,-0.31570794715855804,True,-0.2209955630109906
69,36,-2.0,-1.5,114,-2.471868162702857,-0.4986708183911352,0.0478424605612828,-0.546513278952418,-0.8123210088384013,True,-0.5686247061868809
69,37,-1.5,-1.0,301,-2.471868162702857,-0.1063117182558664,0.0478424605612828,-0.1541541788171493,-0.22913016549832904,True,-0.1603911158488303
69,38,-1.0,-0.5,24,-2.471868162702857,0.2235289155944902,0.0478424605612828,0.1756864550332074,0.7714081134262324,True,0.5399856793983626
69,39,-0.5,0.0,207,-2.471868162702857,0.2542152991776323,0.0478424605612828,0.2063728386163494,0.973366541769502,True,0.6813565792386513
69,40,0.0,0.5,102,-2.471868162702857,-0.3450809338333899,0.0478424605612828,-0.3929233943946728,-0.5840295934669849,True,-0.4088207154268894
69,41,0.5,1.0,168,-2.471868162702857,-0.1049315230932373,0.0478424605612828,-0.1527739836545202,-0.227078684646757,True,-0.1589550792527299
69,42,1.0,1.5,96,-2.471868162702857,-0.4271509812559883,0.0478424605612828,-0.4749934418172711,-0.7060160598261032,True,-0.4942112418782722
69,43,1.5,2.0,262,-2.471868162702857,-0.1281427373208146,0.0478424605612828,-0.1759851978820975,-0.26157913995838616,True,-0.1831053979708703
69,44,2.0,2.5,153,-2.471868162702857,0.1602677561963107,0.0478424605612828,0.1124252956350279,0.35506304973980474,True,0.2485441348178633
69,45,2.5,3.0,0,-2.471868162702857,,0.0478424605612828,,,True,
69,46,3.0,3.5,259,-2.471868162702857,-0.0699333086332551,0.0478424605612828,-0.1177757691945379,-0.175058384367556,True,-0.1225408690572892
69,47,3.5,4.0,151,-2.471868162702857,-0.037214343927418,0.0478424605612828,-0.0850568044887008,-0.12642589282235472,True,-0.0884981249756483
69,48,4.0,4.5,0,-2.471868162702857,,0.0478424605612828,,,True,
69,49,4.5,5.0,174,-2.471868162702857,0.158002796994701,0.0478424605612828,0.1101603364334182,0.34015651637853833,True,0.2381095614649768
69,50,5.0,5.5,37,-2.471868162702857,-0.3682352907078988,0.0478424605612828,-0.4160777512691816,-0.6184455377078256,True,-0.4329118763954779
69,51,5.5,6.0,166,-2.471868162702857,-0.0303370125974334,0.0478424605612828,-0.0781794731587163,-0.1162036330178033,True,-0.0813425431124623
69,52,6.0,6.5,182,-2.471868162702857,-0.0815477545121268,0.0478424605612828,-0.1293902150734097,-0.19232174969970117,True,-0.1346252247897908
69,53,6.5,7.0,80,-2.471868162702857,-0.4545138279564078,0.0478424605612828,-0.5023562885176907,-0.7466873776008183,True,-0.5226811643205728
69,54,7.0,7.5,158,-2.471868162702857,0.0817226995746639,0.0478424605612828,0.033880239013381,0.05035857497880114,True,0.0352510024851608
69,55,7.5,8.0,90,-2.471868162702857,-0.5791730436037689,0.0478424605612828,-0.6270155041650517,-0.9319771111088024,True,-0.6523839777761616
69,56,8.0,8.5,252,-2.471868162702857,-0.1457468544414135,0.0478424605612828,-0.1935893150026963,-0.28774537366184805,True,-0.2014217615632936
69,57,8.5,9.0,82,-2.471868162702857,-0.0136231316875039,0.0478424605612828,-0.0614655922487867,-0.0913606198189583,True,-0.0639524338732708
69,58,9.0,9.5,165,-2.471868162702857,-0.0417909043451362,0.0478424605612828,-0.089633364906419,-0.13322835548649514,True,-0.0932598488405466
69,59,9.5,10.0,118,-2.471868162702857,-0.2860110379266808,0.0478424605612828,-0.3338534984879636,-0.49622986511107975,True,-0.3473609055777558
69,60,10.0,10.5,47,-2.471868162702857,-0.6043133970785636,0.0478424605612828,-0.6521558576398464,-0.9693449813577105,True,-0.6785414869503973
69,61,10.5,11.0,138,-2.471868162702857,0.0928577011909742,0.0478424605612828,0.0450152406296914,0.06690930868414986,True,0.0468365160789049
69,62,11.0,11.5,0,-2.471868162702857,,0.0478424605612828,,,True,
69,63,11.5,12.0,49,-2.471868162702857,-0.5114712438408492,0.0478424605612828,-0.559313704402132,-0.8313471787693569,True,-0.5819430251385498
69,64,12.0,12.5,35,-2.471868162702857,-0.5372543987201621,0.0478424605612828,-0.585096859281445,-0.8696704898199997,True,-0.6087693428739998
69,65,12.5,13.0,163,-2.471868162702857,0.0326296221118699,0.0478424605612828,-0.0152128384494128,-0.022611908534428286,True,-0.0158283359740998
69,66,13.0,13.5,105,-2.471868162702857,-0.59393229172417,0.0478424605612828,-0.6417747522854528,-0.953914816530786,True,-0.6677403715715502
69,67,13.5,14.0,0,-2.471868162702857,,0.0478424605612828,,,True,
69,68,14.0,14.5,66,-2.471868162702857,-0.6597141858643357,0.0478424605612828,-0.7075566464256186,-1.0516910585164685,True,-0.7361837409615278
69,69,14.5,15.0,140,-2.471868162702857,0.1147911149178289,0.0478424605612828,0.0669486543565461,0.099510479510266,True,0.0696573356571862
69,70,15.0,15.5,117,-2.471868162702857,-0.473962363496656,0.0478424605612828,-0.5218048240579388,-0.7755950997347929,True,-0.542916569814355
69,71,15.5,16.0,250,-2.471868162702857,0.2493544391428485,0.0478424605612828,0.2015119785815657,0.9413754258935723,True,0.6589627981255005
69,72,16.0,16.5,129,-2.471868162702857,0.1277780136365526,0.0478424605612828,0.0799355530752698,0.14123604966766573,True,0.098865234767366
69,73,16.5,17.0,35,-2.471868162702857,-0.4974721746815421,0.0478424605612828,-0.5453146352428249,-0.810539380642137,True,-0.5673775664494959
69,74,17.0,17.5,324,-2.471868162702857,0.1803552347497511,0.0478424605612828,0.1325127741884683,0.4872661680069127,True,0.3410863176048389
69,75,17.5,18.0,133,-2.471868162702857,0.3613180348566593,0.0478424605612828,0.3134755742953765,1.6782492175137975,True,1.1747744522596582
69,76,18.0,18.5,206,-2.471868162702857,0.0826340357967891,0.0478424605612828,0.0347915752355063,0.05171315791000972,True,0.0361992105370068
69,77,18.5,19.0,228,-2.471868162702857,0.2045417780446973,0.0478424605612828,0.1566993174834145,0.6464467458573198,True,0.4525127221001238
69,78,19.0,19.5,45,-2.471868162702857,-0.4571591835693537,0.0478424605612828,-0.5050016441306365,-0.750619355144646,True,-0.5254335486012521
69,79,19.5,20.0,277,-2.471868162702857,-0.0176919837983241,0.0478424605612828,-0.065534444359607,-0.09740844002528785,True,-0.0681859080177015
70,0,-20.0,-19.5,188,-2.5064832220840723,0.3824617257052251,-0.0589468048770463,0.4414085305822715,1.0357424226774197,True,0.7250196958741937
70,1,-19.5,-19.0,65,-2.5064832220840723,-0.5976783071577535,-0.0589468048770463,-0.5387315022807071,-1.0002695221871665,True,-0.7001886655310164
70,2,-19.0,-18.5,135,-2.5064832220840723,-0.3553517493226005,-0.0589468048770463,-0.2964049444455542,-0.5503387696826834,True,-0.3852371387778783
70,3,-18.5,-18.0,288,-2.5064832220840723,0.2422242281069394,-0.0589468048770463,0.3011710329839858,0.7031973372886771,True,0.4922381361020739
70,4,-18.0,-17.5,131,-2.5064832220840723,-0.5864032471705936,-0.0589468048770463,-0.5274564422935472,-0.9793349772083736,True,-0.6855344840458615
70,5,-17.5,-17.0,256,-2.5064832220840723,0.2899980677924628,-0.0589468048770463,0.3489448726695091,0.8164834117669816,True,0.5715383882368871
70,6,-17.0,-16.5,270,-2.5064832220840723,-0.1641120643879394,-0.0589468048770463,-0.105165259510893,-0.1952616534142066,True,-0.1366831573899446
70,7,-16.5,-16.0,182,-2.5064832220840723,-0.5922986540926851,-0.0589468048770463,-0.5333518492156387,-0.990281053018113,True,-0.693196737112679
70,8,-16.0,-15.5,95,-2.5064832220840723,-0.3057502387137456,-0.0589468048770463,-0.2468034338366992,-0.45824302420197977,True,-0.3207701169413858
70,9,-15.5,-15.0,241,-2.5064832220840723,0.2704538048112089,-0.0589468048770463,0.3294006096882553,0.770138113873984,True,0.5390966797117888
70,10,-15.0,-14.5,0,-2.5064832220840723,,-0.0589468048770463,,,True,
70,11,-14.5,-14.0,70,-2.5064832220840723,-0.5009564113698319,-0.0589468048770463,-0.4420096064927856,-0.8206847678610485,True,-0.5744793375027339
70,12,-14.0,-13.5,301,-2.5064832220840723,0.2174746615421934,-0.0589468048770463,0.2764214664192397,0.6445087064477023,True,0.4511560945133916
70,13,-13.5,-13.0,82,-2.5064832220840723,-0.7447487276004637,-0.0589468048770463,-0.6858019227234173,-1.2733370123215069,True,-0.8913359086250547
70,14,-13.0,-12.5,170,-2.5064832220840723,-0.0589468048770463,-0.0589468048770463,0.0,0.0,True,0.0
70,15,-12.5,-12.0,75,-2.5064832220840723,-0.4532047946069715,-0.0589468048770463,-0.3942579897299252,-0.7320237434345184,True,-0.5124166204041628
70,16,-12.0,-11.5,254,-2.5064832220840723,0.2083033700741177,-0.0589468048770463,0.2672501749511641,0.6227608290496567,True,0.4359325803347597
70,17,-11.5,-11.0,117,-2.5064832220840723,-0.5240668291129382,-0.0589468048770463,-0.4651200242358919,-0.8635941696977315,True,-0.604515918788412
70,18,-11.0,-10.5,133,-2.5064832220840723,-0.4651369587101928,-0.0589468048770463,-0.4061901538331464,-0.7541783418488671,True,-0.527924839294207
70,19,-10.5,-10.0,146,-2.5064832220840723,0.3637304654798328,-0.0589468048770463,0.4226772703568791,0.9913249976821805,True,0.6939274983775263
70,20,-10.0,-9.5,157,-2.5064832220840723,0.3637304654798328,-0.0589468048770463,0.4226772703568791,0.9913249976821805,True,0.6939274983775263
70,21,-9.5,-9.0,69,-2.5064832220840723,-0.4067481670924531,-0.0589468048770463,-0.3478013622154068,-0.6457671417514008,True,-0.4520369992259805
70,22,-9.0,-8.5,238,-2.5064832220840723,0.0856845140780552,-0.0589468048770463,0.1446313189551016,0.33199481685022775,True,0.2323963717951594
70,23,-8.5,-8.0,43,-2.5064832220840723,0.3192450575624406,-0.0589468048770463,0.3781918624394869,0.8858367792827169,True,0.6200857454979017
70,24,-8.0,-7.5,82,-2.5064832220840723,0.3728762976554022,-0.0589468048770463,0.4318231025324485,1.0130125034767292,True,0.7091087524337104
70,25,-7.5,-7.0,68,-2.5064832220840723,0.3728762976554022,-0.0589468048770463,0.4318231025324485,1.0130125034767292,True,0.7091087524337104
70,26,-7.0,-6.5,225,-2.5064832220840723,-0.0920520540860362,-0.0589468048770463,-0.0331052492089898,-0.06146693049872743,True,-0.0430268513491092
70,27,-6.5,-6.0,139,-2.5064832220840723,0.0426203791968907,-0.0589468048770463,0.1015671840739371,0.2298768622624226,True,0.1609138035836958
70,28,-6.0,-5.5,199,-2.5064832220840723,-0.5840100327658894,-0.0589468048770463,-0.525063227888843,-0.9748914660735122,True,-0.6824240262514585
70,29,-5.5,-5.0,262,-2.5064832220840723,0.3132088318342308,-0.0589468048770463,0.3721556367112771,0.8715230812020276,True,0.6100661568414193
70,30,-5.0,-4.5,132,-2.5064832220840723,-0.5120311683068975,-0.0589468048770463,-0.4530843634298512,-0.8412474076600583,True,-0.5888731853620408
70,31,-4.5,-4.0,0,-2.5064832220840723,,-0.0589468048770463,,,True,
70,32,-4.0,-3.5,254,-2.5064832220840723,0.0230366046386104,-0.0589468048770463,0.0819834095156567,0.1834378705929303,True,0.1284065094150512
70,33,-3.5,-3.0,6,-2.5064832220840723,-0.5926572384591355,-0.0589468048770463,-0.5337104335820891,-0.9909468410987704,True,-0.6936627887691392
70,34,-3.0,-2.5,0,-2.5064832220840723,,-0.0589468048770463,,,True,
70,35,-2.5,-2.0,319,-2.5064832220840723,0.067048562787924,-0.0589468048770463,0.1259953676649703,0.28780339787019515,True,0.2014623785091366
70,36,-2.0,-1.5,32,-2.5064832220840723,-0.6048470077839596,-0.0589468048770463,-0.5459002029069132,-1.0135797383518446,True,-0.7095058168462912
70,37,-1.5,-1.0,224,-2.5064832220840723,0.4098995149263383,-0.0589468048770463,0.4688463198033847,1.1008056341271149,True,0.7705639438889804
70,38,-1.0,-0.5,255,-2.5064832220840723,-0.083081219902322,-0.0589468048770463,-0.0241344150252757,-0.04481067040520043,True,-0.0313674692836403
70,39,-0.5,0.0,66,-2.5064832220840723,-0.7220737085000426,-0.0589468048770463,-0.6631269036229962,-1.2312360205934512,True,-0.8618652144154157
70,40,0.0,0.5,158,-2.5064832220840723,0.3271321782714983,-0.0589468048770463,0.3860789831485446,0.9045395034084572,True,0.63317765238592
70,41,0.5,1.0,155,-2.5064832220840723,0.3271321782714983,-0.0589468048770463,0.3860789831485446,0.9045395034084572,True,0.63317765238592
70,42,1.0,1.5,0,-2.5064832220840723,,-0.0589468048770463,,,True,
70,43,1.5,2.0,153,-2.5064832220840723,-0.114478433734761,-0.0589468048770463,-0.0555316288577147,-0.10310627024524471,True,-0.0721743891716713
70,44,2.0,2.5,14,-2.5064832220840723,-0.0404015539919941,-0.0589468048770463,0.0185452508850521,0.03443319940100057,True,0.0241032395807004
70,45,2.5,3.0,233,-2.5064832220840723,-0.2846012984510631,-0.0589468048770463,-0.2256544935740167,-0.41897552214991746,True,-0.2932828655049422
70,46,3.0,3.5,25,-2.5064832220840723,-0.4640732485993871,-0.0589468048770463,-0.4051264437223407,-0.7522033379744384,True,-0.5265423365821068
70,47,3.5,4.0,60,-2.5064832220840723,-0.281210802516558,-0.0589468048770463,-0.2222639976395116,-0.4126803459182927,True,-0.2888762421428049
70,48,4.0,4.5,142,-2.5064832220840723,-0.0722251498504676,-0.0589468048770463,-0.0132783449734212,-0.024654069282697717,True,-0.0172578484978884
70,49,4.5,5.0,169,-2.5064832220840723,-0.4259548555572937,-0.0589468048770463,-0.3670080506802473,-0.6814284405842903,True,-0.4769999084090032
70,50,5.0,5.5,251,-2.5064832220840723,-0.2107675471777608,-0.0589468048770463,-0.1518207423007144,-0.281887472175534,True,-0.1973212305228738
70,51,5.5,6.0,79,-2.5064832220840723,-0.5227015571882369,-0.0589468048770463,-0.4637547523111905,-0.8610592522295767,True,-0.6027414765607036
70,52,6.0,6.5,171,-2.5064832220840723,0.0175060785187848,-0.0589468048770463,0.0764528833958311,0.17032333765944646,True,0.1192263363616125
70,53,6.5,7.0,43,-2.5064832220840723,-0.8545406724323709,-0.0589468048770463,-0.7955938675553245,-1.47718909027144,True,-1.034032363190008
70,54,7.0,7.5,150,-2.5064832220840723,0.1146608286785914,-0.0589468048770463,0.1736076335556377,0.40070633251552257,True,0.2804944327608658
70,55,7.5,8.0,0,-2.5064832220840723,,-0.0589468048770463,,,True,
70,56,8.0,8.5,291,-2.5064832220840723,-0.2828889751407101,-0.0589468048770463,-0.2239421702636637,-0.41579623003088273,True,-0.2910573610216179
70,57,8.5,9.0,94,-2.5064832220840723,-0.4878587312327775,-0.0589468048770463,-0.4289119263557311,-0.7963661412409453,True,-0.5574562988686617
70,58,9.0,9.5,205,-2.5064832220840723,-0.5430974528491612,-0.0589468048770463,-0.4841506479721149,-0.898928566945652,True,-0.6292499968619564
70,59,9.5,10.0,281,-2.5064832220840723,-0.0663735515747983,-0.0589468048770463,-0.007426746697752,-0.01378933353500957,True,-0.0096525334745067
70,60,10.0,10.5,48,-2.5064832220840723,-0.610539952062943,-0.0589468048770463,-0.5515931471858966,-1.0241498992384261,True,-0.7169049294668982
70,61,10.5,11.0,112,-2.5064832220840723,-0.376904688478843,-0.0589468048770463,-0.3179578836017967,-0.5903563815362232,True,-0.4132494670753562
70,62,11.0,11.5,274,-2.5064832220840723,-0.2462722206821233,-0.0589468048770463,-0.187325415805077,-0.34780944379084033,True,-0.2434666106535882
70,63,11.5,12.0,142,-2.5064832220840723,-0.3464665854376957,-0.0589468048770463,-0.2875197805606494,-0.5338415747050681,True,-0.3736891022935477
70,64,12.0,12.5,296,-2.5064832220840723,0.0129801378117708,-0.0589468048770463,0.0719269426888172,0.15959097745155346,True,0.1117136842160874
70,65,12.5,13.0,0,-2.5064832220840723,,-0.0589468048770463,,,True,
70,66,13.0,13.5,201,-2.5064832220840723,0.0642514960932803,-0.0589468048770463,0.1231983009703267,0.2811707154654313,True,0.1968195008258019
70,67,13.5,14.0,26,-2.5064832220840723,-0.4009718095908103,-0.0589468048770463,-0.342025004713764,-0.6350421064904409,True,-0.4445294745433086
70,68,14.0,14.5,243,-2.5064832220840723,0.1747581876566856,-0.0589468048770463,0.233704992533732,0.5432151601491709,True,0.3802506121044196
70,69,14.5,15.0,166,-2.5064832220840723,-0.3728685019882851,-0.0589468048770463,-0.3139216971112388,-0.5828623435687441,True,-0.4080036404981209
70,70,15.0,15.5,110,-2.5064832220840723,0.4332388149934325,-0.0589468048770463,0.4921856198704789,1.1561501009540829,True,0.809305070667858
70,71,15.5,16.0,263,-2.5064832220840723,0.1644050210756212,-0.0589468048770463,0.2233518259526676,0.5186647030766538,True,0.3630652921536576
70,72,16.0,16.5,0,-2.5064832220840723,,-0.0589468048770463,,,True,
70,73,16.5,17.0,203,-2.5064832220840723,0.3655224049197016,-0.0589468048770463,0.4244692097967479,0.9955742224918646,True,0.6969019557443051
70,74,17.0,17.5,124,-2.5064832220840723,0.0863634878310998,-0.0589468048770463,0.1453102927081462,0.33360486686217034,True,0.2335234068035192
70,75,17.5,18.0,128,-2.5064832220840723,0.2360371712007421,-0.0589468048770463,0.2949839760777885,0.6885259733352922,True,0.4819681813347045
70,76,18.0,18.5,271,-2.5064832220840723,-0.089848940405487,-0.0589468048770463,-0.0309021355284406,-0.05737638175740157,True,-0.0401634672301811
70,77,18.5,19.0,222,-2.5064832220840723,-0.4366028705486187,-0.0589468048770463,-0.3776560656715724,-0.7011987432722234,True,-0.4908391202905564
70,78,19.0,19.5,0,-2.5064832220840723,,-0.0589468048770463,,,True,
70,79,19.5,20.0,210,-2.5064832220840723,-0.1113313469258749,-0.0589468048770463,-0.0523845420488285,-0.09726303478327644,True,-0.0680841243482935
71,0,-20.0,-19.5,126,-2.592517164539779,-0.3265345617153783,0.0255112492929867,-0.352045811008365,-0.8915229354722024,True,-0.6240660548305417
71,1,-19.5,-19.0,257,-2.592517164539779,-0.1430956568754826,0.0255112492929867,-0.1686069061684693,-0.4269811462822042,True,-0.2988868023975429
71,2,-19.0,-18.5,236,-2.592517164539779,-0.1754130145407503,0.0255112492929867,-0.200924263833737,-0.5088218177843569,True,-0.3561752724490498
71,3,-18.5,-18.0,0,-2.592517164539779,,0.0255112492929867,,,True,
71,4,-18.0,-17.5,266,-2.592517164539779,0.2069397244587254,0.0255112492929867,0.1814284751657387,0.7602769505564291,True,0.5321938653895003
71,5,-17.5,-17.0,42,-2.592517164539779,-0.5439426486847975,0.0255112492929867,-0.5694538979777841,-1.44208848640207,True,-1.0094619404814489
71,6,-17.0,-16.5,247,-2.592517164539779,0.2926628136521886,0.0255112492929867,0.2671515643592019,1.1295666682578027,True,0.7906966677804619
71,7,-16.5,-16.0,81,-2.592517164539779,-0.3257731596252745,0.0255112492929867,-0.3512844089182612,-0.8895947562261556,True,-0.6227163293583089
71,8,-16.0,-15.5,74,-2.592517164539779,-0.2698439642044452,0.0255112492929867,-0.2953552134974319,-0.7479593243562066,True,-0.5235715270493446
71,9,-15.5,-15.0,215,-2.592517164539779,0.2565545081512123,0.0255112492929867,0.2310432588582255,0.9740143419173825,True,0.6818100393421677
71,10,-15.0,-14.5,103,-2.592517164539779,-0.2367648527939337,0.0255112492929867,-0.2622761020869204,-0.6641895830744095,True,-0.4649327081520866
71,11,-14.5,-14.0,289,-2.592517164539779,0.1064530475557348,0.0255112492929867,0.0809417982627481,0.327386618495411,True,0.2291706329467877
71,12,-14.0,-13.5,0,-2.592517164539779,,0.0255112492929867,,,True,
71,13,-13.5,-13.0,157,-2.592517164539779,0.4134514007421985,0.0255112492929867,0.3879401514492118,1.649916362228222,True,1.1549414535597553
71,14,-13.0,-12.5,115,-2.592517164539779,0.1716533173128309,0.0255112492929867,0.1461420680198442,0.608265311029598,True,0.4257857177207186
71,15,-12.5,-12.0,176,-2.592517164539779,0.1502232910015238,0.0255112492929867,0.124712041708537,0.515946095269941,True,0.3611622666889587
71,16,-12.0,-11.5,129,-2.592517164539779,-0.4564781472930299,0.0255112492929867,-0.4819893965860166,-1.220592855458322,True,-0.8544149988208254
71,17,-11.5,-11.0,270,-2.592517164539779,0.1346065764418827,0.0255112492929867,0.109095327148896,0.44867026368928764,True,0.3140691845825013
71,18,-11.0,-10.5,115,-2.592517164539779,-0.2297460843389378,0.0255112492929867,-0.2552573336319245,-0.6464152114990892,True,-0.4524906480493624
71,19,-10.5,-10.0,226,-2.592517164539779,0.3477928907182161,0.0255112492929867,0.3222816414252294,1.3670635992260904,True,0.9569445194582632
71,20,-10.0,-9.5,0,-2.592517164539779,,0.0255112492929867,,,True,
71,21,-9.5,-9.0,187,-2.592517164539779,0.3535692946639685,0.0255112492929867,0.3280580453709818,1.391947986880877,True,0.9743635908166138
71,22,-9.0,-8.5,80,-2.592517164539779,-0.0560004593287849,0.0255112492929867,-0.0815117086217716,-0.20642074262349316,True,-0.1444945198364452
71,23,-8.5,-8.0,146,-2.592517164539779,0.2260695462705121,0.0255112492929867,0.2005582969775254,0.8426870289031037,True,0.5898809202321725
71,24,-8.0,-7.5,198,-2.592517164539779,-0.1217961990048864,0.0255112492929867,-0.1473074482978731,-0.3730422706842519,True,-0.2611295894789763
71,25,-7.5,-7.0,250,-2.592517164539779,0.1853928784834573,0.0255112492929867,0.1598816291904706,0.6674544829759153,True,0.4672181380831406
71,26,-7.0,-6.5,279,-2.592517164539779,-0.3730629241969683,0.0255112492929867,-0.398574173489955,-1.0093516412974115,True,-0.706546148908188
71,27,-6.5,-6.0,123,-2.592517164539779,-0.357402513659677,0.0255112492929867,-0.3829137629526637,-0.969693123183205,True,-0.6787851862282435
71,28,-6.0,-5.5,294,-2.592517164539779,0.0135116898955762,0.0255112492929867,-0.0119995593974105,-0.030387756603921717,True,-0.0212714296227452
71,29,-5.5,-5.0,275,-2.592517164539779,-0.1344372445530873,0.0255112492929867,-0.159948493846074,-0.4050545306861246,True,-0.2835381714802872
71,30,-5.0,-4.5,138,-2.592517164539779,-0.0918971503377059,0.0255112492929867,-0.1174083996306926,-0.2973257394770176,True,-0.2081280176339123
71,31,-4.5,-4.0,198,-2.592517164539779,0.0375108086903972,0.0255112492929867,0.0119995593974105,0.030387756603921717,True,0.0212714296227452
71,32,-4.0,-3.5,64,-2.592517164539779,-0.0092809859954554,0.0255112492929867,-0.0347922352884421,-0.08810806652448529,True,-0.0616756465671397
71,33,-3.5,-3.0,220,-2.592517164539779,0.1299850416103251,0.0255112492929867,0.1044737923173384,0.42876098009544444,True,0.3001326860668111
71,34,-3.0,-2.5,93,-2.592517164539779,-0.2943016646033425,0.0255112492929867,-0.3198129138963292,-0.8098961523845525,True,-0.5669273066691867
71,35,-2.5,-2.0,235,-2.592517164539779,0.2219618592761049,0.0255112492929867,0.1964506099831182,0.824991369719068,True,0.5774939588033475
71,36,-2.0,-1.5,245,-2.592517164539779,0.1004466283735569,0.0255112492929867,0.0749353790805702,0.301511339558873,True,0.2110579376912111
71,37,-1.5,-1.0,199,-2.592517164539779,-0.3677875112509773,0.0255112492929867,-0.393298760543964,-0.9959921537296808,True,-0.6971945076107765
71,38,-1.0,-0.5,293,-2.592517164539779,0.0535427784912269,0.0255112492929867,0.0280315291982402,0.0994524818447943,True,0.069616737291356
71,39,-0.5,0.0,101,-2.592517164539779,-0.3946991309224614,0.0255112492929867,-0.4202103802154481,-1.0641433017269022,True,-0.7449003112088315
71,40,0.0,0.5,267,-2.592517164539779,0.0567247006281244,0.0255112492929867,0.0312134513351377,0.11316000380577644,True,0.0792120026640435
71,41,0.5,1.0,104,-2.592517164539779,-0.285896578273231,0.0255112492929867,-0.3114078275662177,-0.7886110610594912,True,-0.5520277427416438
71,42,1.0,1.5,140,-2.592517164539779,0.0857857732187385,0.0255112492929867,0.0602745239257518,0.2383532906326979,True,0.1668473034428885
71,43,1.5,2.0,14,-2.592517164539779,0.0857857732187388,0.0255112492929867,0.0602745239257521,0.2383532906326993,True,0.1668473034428895
71,44,2.0,2.5,143,-2.592517164539779,0.2612011634920464,0.0255112492929867,0.2356899141990597,0.9940318430972526,True,0.6958222901680767
71,45,2.5,3.0,81,-2.592517164539779,-0.6319081354153889,0.0255112492929867,-0.6574193847083756,-1.664852815639989,True,-1.1653969709479923
71,46,3.0,3.5,207,-2.592517164539779,-0.0947267172289758,0.0255112492929867,-0.1202379665219625,-0.3044913517414963,True,-0.2131439462190474
71,47,3.5,4.0,79,-2.592517164539779,-0.1548521092503307,0.0255112492929867,-0.1803633585433174,-0.4567532571956746,True,-0.3197272800369722
71,48,4.0,4.5,78,-2.592517164539779,0.3488006287910463,0.0255112492929867,0.3232893794980596,1.371404871944255,True,0.9599834103609785
71,49,4.5,5.0,48,-2.592517164539779,-0.4405265359776749,0.0255112492929867,-0.4660377852706616,-1.180196898737113,True,-0.826137829115979
71,50,5.0,5.5,205,-2.592517164539779,-0.0457281895881512,0.0255112492929867,-0.0712394388811379,-0.18040718476606302,True,-0.1262850293362441
71,51,5.5,6.0,39,-2.592517164539779,0.0096268849852214,0.0255112492929867,-0.0158843643077652,-0.040225659993529,True,-0.0281579619954703
71,52,6.0,6.5,158,-2.592517164539779,-0.0709227249944694,0.0255112492929867,-0.0964339742874561,-0.24420997821207116,True,-0.1709469847484498
71,53,6.5,7.0,169,-2.592517164539779,-0.2518284098216051,0.0255112492929867,-0.2773396591145918,-0.7023366257604065,True,-0.4916356380322845
71,54,7.0,7.5,162,-2.592517164539779,-0.2633579123298882,0.0255112492929867,-0.2888691616228749,-0.7315340074627396,True,-0.5120738052239177
71,55,7.5,8.0,326,-2.592517164539779,-0.250902282106884,0.0255112492929867,-0.2764135313998707,-0.699991294348891,True,-0.4899939060442236
71,56,8.0,8.5,172,-2.592517164539779,-0.238208594158368,0.0255112492929867,-0.2637198434513547,-0.6678457224149015,True,-0.467492005690431
71,57,8.5,9.0,41,-2.592517164539779,0.1679309864354972,0.0255112492929867,0.1424197371425105,0.5922297419452948,True,0.4145608193617063
71,58,9.0,9.5,137,-2.592517164539779,-0.1956753246390944,0.0255112492929867,-0.2211865739320811,-0.560134214107387,True,-0.3920939498751709
71,59,9.5,10.0,106,-2.592517164539779,-0.2930762483628116,0.0255112492929867,-0.3185874976557983,-0.8067929009048538,True,-0.5647550306333976
71,60,10.0,10.5,0,-2.592517164539779,,0.0255112492929867,,,True,
71,61,10.5,11.0,192,-2.592517164539779,-0.0820765882682022,0.0255112492929867,-0.1075878375611889,-0.27245608885083,True,-0.190719262195581
71,62,11.0,11.5,198,-2.592517164539779,-0.3957988468333022,0.0255112492929867,-0.4213100961262889,-1.0669282289334214,True,-0.7468497602533949
71,63,11.5,12.0,296,-2.592517164539779,-0.0862633261225563,0.0255112492929867,-0.111774575415543,-0.283058609049196,True,-0.1981410263344372
71,64,12.0,12.5,51,-2.592517164539779,-0.5612531687466173,0.0255112492929867,-0.5867644180396041,-1.4859257518302822,True,-1.0401480262811975
71,65,12.5,13.0,312,-2.592517164539779,0.0318828726276922,0.0255112492929867,0.0063716233347055,0.01613553736887057,True,0.0112948761582094
71,66,13.0,13.5,98,-2.592517164539779,-0.5509108932503862,0.0255112492929867,-0.5764221425433729,-1.4597349109750757,True,-1.0218144376825529
71,67,13.5,14.0,56,-2.592517164539779,0.262601904412394,0.0255112492929867,0.2370906551194073,1.0000661475526194,True,0.7000463032868335
71,68,14.0,14.5,294,-2.592517164539779,-0.0626609643367435,0.0255112492929867,-0.0881722136297303,-0.22328784568435459,True,-0.1563014919790482
71,69,14.5,15.0,124,-2.592517164539779,-0.1647649352116409,0.0255112492929867,-0.1902761845046276,-0.481856557458044,True,-0.3372995902206308
71,70,15.0,15.5,204,-2.592517164539779,0.163802980326341,0.0255112492929867,0.1382917310333543,0.5744465492831703,True,0.4021125844982192
71,71,15.5,16.0,81,-2.592517164539779,-0.4113768891013231,0.0255112492929867,-0.4368881383943098,-1.1063781571456506,True,-0.7744647100019554
71,72,16.0,16.5,324,-2.592517164539779,0.1178815310108606,0.0255112492929867,0.0923702817178739,0.3766198118929729,True,0.263633868325081
71,73,16.5,17.0,48,-2.592517164539779,-0.0994273451671995,0.0255112492929867,-0.1249385944601862,-0.31639525028823473,True,-0.2214766752017643
71,74,17.0,17.5,55,-2.592517164539779,0.4687841087426641,0.0255112492929867,0.4432728594496774,1.8882862146145343,True,1.3218003502301738
71,75,17.5,18.0,163,-2.592517164539779,0.4687841087426661,0.0255112492929867,0.4432728594496794,1.8882862146145427,True,1.3218003502301798
71,76,18.0,18.5,237,-2.592517164539779,0.1046077581954278,0.0255112492929867,0.0790965089024411,0.31943722710790273,True,0.2236060589755319
71,77,18.5,19.0,144,-2.592517164539779,-0.196940076315103,0.0255112492929867,-0.2224513256080897,-0.5633370788811756,True,-0.3943359552168229
71,78,19.0,19.5,202,-2.592517164539779,0.2438217000146868,0.0255112492929867,0.2183104507217001,0.9191621992038674,True,0.6434135394427072
71,79,19.5,20.0,62,-2.592517164539779,0.2438217000146871,0.0255112492929867,0.2183104507217004,0.9191621992038689,True,0.6434135394427082
72,0,-20.0,-19.5,277,-2.633728876103347,-0.0214347058593088,0.0029187143420564,-0.0243534202013652,-0.06754492034697787,True,-0.0472814442428845
72,1,-19.5,-19.0,72,-2.633728876103347,0.0421487455304392,0.0029187143420564,0.0392300311883827,0.12099518436359857,True,0.084696629054519
72,2,-19.0,-18.5,223,-2.633728876103347,-0.0793774539537474,0.0029187143420564,-0.0822961682958038,-0.22825082006715203,True,-0.1597755740470064
72,3,-18.5,-18.0,58,-2.633728876103347,-0.363022623762062,0.0029187143420564,-0.3659413381041185,-1.0149489611534561,True,-0.7104642728074192
72,4,-18.0,-17.5,185,-2.633728876103347,0.0394956687587909,0.0029187143420564,0.0365769544167344,0.1122828117242853,True,0.0785979682069997
72,5,-17.5,-17.0,0,-2.633728876103347,,0.0029187143420564,,,True,
72,6,-17.0,-16.5,209,-2.633728876103347,0.2903637284342366,0.0029187143420564,0.2874450140921801,0.9361021759246155,True,0.6552715231472308
72,7,-16.5,-16.0,207,-2.633728876103347,-0.2340398648521384,0.0029187143420564,-0.2369585791941949,-0.6572115220312147,True,-0.4600480654218502
72,8,-16.0,-15.5,204,-2.633728876103347,0.0067157484416155,0.0029187143420564,0.0037970340995591,0.01053118468325443,True,0.0073718292782781
72,9,-15.5,-15.0,243,-2.633728876103347,-0.1125839456334616,0.0029187143420564,-0.1155026599755181,-0.3203499920505253,True,-0.2242449944353677
72,10,-15.0,-14.5,131,-2.633728876103347,0.0029187143420564,0.0029187143420564,0.0,0.0,True,0.0
72,11,-14.5,-14.0,178,-2.633728876103347,0.4015730391065643,0.0029187143420564,0.3986543247645078,1.3012996575400924,True,0.9109097602780646
72,12,-14.0,-13.5,86,-2.633728876103347,-0.0672361368793937,0.0029187143420564,-0.0701548512214501,-0.19457652348319013,True,-0.1362035664382331
72,13,-13.5,-13.0,0,-2.633728876103347,,0.0029187143420564,,,True,
72,14,-13.0,-12.5,243,-2.633728876103347,-0.075492261017404,0.0029187143420564,-0.0784109753594604,-0.2174751242819973,True,-0.1522325869973981
72,15,-12.5,-12.0,19,-2.633728876103347,0.2861877164182635,0.0029187143420564,0.283269002076207,0.9223886742204019,True,0.6456720719542813
72,16,-12.0,-11.5,126,-2.633728876103347,0.3547058290494434,0.0029187143420564,0.3517871147073869,1.1473935953612262,True,0.8031755167528583
72,17,-11.5,-11.0,16,-2.633728876103347,0.303070268045163,0.0029187143420564,0.3001515537031065,0.9778288644357087,True,0.6844802051049961
72,18,-11.0,-10.5,235,-2.633728876103347,0.1722323510903226,0.0029187143420564,0.1693136367482661,0.5481734922114458,True,0.3837214445480121
72,19,-10.5,-10.0,114,-2.633728876103347,-0.0613522689272396,0.0029187143420564,-0.0642709832692961,-0.17825744432000545,True,-0.1247802110240038
72,20,-10.0,-9.5,292,-2.633728876103347,-0.0900937871000856,0.0029187143420564,-0.0930125014421421,-0.2579728822167849,True,-0.1805810175517494
72,21,-9.5,-9.0,49,-2.633728876103347,-0.3404057614188903,0.0029187143420564,-0.3433244757609468,-0.9522204346123477,True,-0.6665543042286434
72,22,-9.0,-8.5,141,-2.633728876103347,0.2095649070451877,0.0029187143420564,0.2066461927031312,0.670768941590291,True,0.4695382591132037
72,23,-8.5,-8.0,111,-2.633728876103347,0.070691216073784,0.0029187143420564,0.0677725017317276,0.214725091495441,True,0.1503075640468087
72,24,-8.0,-7.5,167,-2.633728876103347,0.1996883227481184,0.0029187143420564,0.196769608406062,0.6383354727516954,True,0.4468348309261868
72,25,-7.5,-7.0,252,-2.633728876103347,-0.1265806518295545,0.0029187143420564,-0.1294993661716109,-0.3591702644113719,True,-0.2514191850879603
72,26,-7.0,-6.5,131,-2.633728876103347,-0.3740033226612513,0.0029187143420564,-0.3769220370033078,-1.0454042494196318,True,-0.7317829745937423
72,27,-6.5,-6.0,244,-2.633728876103347,0.0139129431689536,0.0029187143420564,0.0109942288268971,0.030492813914802144,True,0.0213449697403615
72,28,-6.0,-5.5,121,-2.633728876103347,-0.5160433531985474,0.0029187143420564,-0.5189620675406039,-1.439356411760515,True,-1.0075494882323606
72,29,-5.5,-5.0,0,-2.633728876103347,,0.0029187143420564,,,True,
72,30,-5.0,-4.5,122,-2.633728876103347,0.2857315094982263,0.0029187143420564,0.2828127951561698,0.9208905476940719,True,0.6446233833858502
72,31,-4.5,-4.0,139,-2.633728876103347,-0.3467190413423981,0.0029187143420564,-0.3496377556844546,-0.9697305003869122,True,-0.6788113502708385
72,32,-4.0,-3.5,244,-2.633728876103347,0.0510767188424994,0.0029187143420564,0.0481580045004429,0.1503135332480853,True,0.1052194732736597
72,33,-3.5,-3.0,182,-2.633728876103347,-0.0697936634072774,0.0029187143420564,-0.0727123777493339,-0.20166989780937658,True,-0.1411689284665636
72,34,-3.0,-2.5,115,-2.633728876103347,-0.082312120105641,0.0029187143420564,-0.0852308344476975,-0.2363902021266593,True,-0.1654731414886615
72,35,-2.5,-2.0,253,-2.633728876103347,-0.0139185517186521,0.0029187143420564,-0.0168372660607086,-0.04669864789125929,True,-0.0326890535238815
72,36,-2.0,-1.5,147,-2.633728876103347,-0.4391301143794777,0.0029187143420564,-0.4420488287215341,-1.2260353034025637,True,-0.8582247123817945
72,37,-1.5,-1.0,287,-2.633728876103347,0.104571845404554,0.0029187143420564,0.1016531310624976,0.32598484512885234,True,0.2281893915901966
72,38,-1.0,-0.5,0,-2.633728876103347,,0.0029187143420564,,,True,
72,39,-0.5,0.0,167,-2.633728876103347,0.3199490584739786,0.0029187143420564,0.3170303441319221,1.0332567033464366,True,0.7232796923425056
72,40,0.0,0.5,99,-2.633728876103347,-0.1679414357140692,0.0029187143420564,-0.1708601500561257,-0.4738856033604166,True,-0.3317199223522916
72,41,0.5,1.0,214,-2.633728876103347,0.0766180991921591,0.0029187143420564,0.0736993848501027,0.23418823514388443,True,0.1639317646007191
72,42,1.0,1.5,102,-2.633728876103347,-0.4064987568956156,0.0029187143420564,-0.4094174712376721,-1.1355312828651254,True,-0.7948718980055877
72,43,1.5,2.0,201,-2.633728876103347,0.0873715087921007,0.0029187143420564,0.0844527944500442,0.26950108872544615,True,0.1886507621078123
72,44,2.0,2.5,102,-2.633728876103347,0.1491633249383569,0.0029187143420564,0.1462446105963004,0.47241769260180233,True,0.3306923848212616
72,45,2.5,3.0,172,-2.633728876103347,-0.1740005845224689,0.0029187143420564,-0.1769192988645253,-0.49069082908435374,True,-0.3434835803590476
72,46,3.0,3.5,287,-2.633728876103347,-0.2712046470478794,0.0029187143420564,-0.2741233613899358,-0.7602891280663366,True,-0.5322023896464356
72,47,3.5,4.0,161,-2.633728876103347,-0.4348467702899313,0.0029187143420564,-0.4377654846319878,-1.2141553237958025,True,-0.8499087266570616
72,48,4.0,4.5,108,-2.633728876103347,0.3320464953331373,0.0029187143420564,0.3291277809910808,1.072983174522796,True,0.7510882221659572
72,49,4.5,5.0,21,-2.633728876103347,0.2581369345222907,0.0029187143420564,0.2552182201802342,0.8302734111743258,True,0.5811913878220281
72,50,5.0,5.5,112,-2.633728876103347,0.258136934522291,0.0029187143420564,0.2552182201802345,0.8302734111743268,True,0.5811913878220287
72,51,5.5,6.0,201,-2.633728876103347,-0.0164762448872801,0.0029187143420564,-0.0193949592293366,-0.05379248440040414,True,-0.0376547390802829
72,52,6.0,6.5,85,-2.633728876103347,-0.3144687640810107,0.0029187143420564,-0.3173874784230672,-0.8802834169474267,True,-0.6161983918631987
72,53,6.5,7.0,172,-2.633728876103347,-0.1017843450596447,0.0029187143420564,-0.1047030594017012,-0.29039698526518887,True,-0.2032778896856322
72,54,7.0,7.5,189,-2.633728876103347,-0.3073076586494561,0.0029187143420564,-0.3102263729915125,-0.8604218824290203,True,-0.6022953177003142
72,55,7.5,8.0,165,-2.633728876103347,0.1196786166450087,0.0029187143420564,0.1167599023029523,0.3755935944233299,True,0.2629155160963309
72,56,8.0,8.5,49,-2.633728876103347,-0.4307804492912316,0.0029187143420564,-0.4336991636332881,-1.2028772640534169,True,-0.8420140848373917
72,57,8.5,9.0,204,-2.633728876103347,-0.0210465900422631,0.0029187143420564,-0.0239653043843196,-0.06646846982253457,True,-0.0465279288757742
72,58,9.0,9.5,93,-2.633728876103347,0.3650337408335997,0.0029187143420564,0.3621150264915432,1.1813091672779867,True,0.8269164170945907
72,59,9.5,10.0,127,-2.633728876103347,-0.2316142490546441,0.0029187143420564,-0.2345329633967005,-0.6504840059583409,True,-0.4553388041708386
72,60,10.0,10.5,118,-2.633728876103347,-0.304733019383618,0.0029187143420564,-0.3076517337256745,-0.8532810454256214,True,-0.597296731797935
72,61,10.5,11.0,186,-2.633728876103347,0.0277300841346648,0.0029187143420564,0.0248113697926084,0.07364610182573401,True,0.0515522712780138
72,62,11.0,11.5,140,-2.633728876103347,0.175617610775286,0.0029187143420564,0.1726988964332296,0.5592902620582237,True,0.3915031834407566
72,63,11.5,12.0,113,-2.633728876103347,-0.143976046998967,0.0029187143420564,-0.1468947613410234,-0.40741689964399946,True,-0.2851918297507996
72,64,12.0,12.5,166,-2.633728876103347,0.306025243842022,0.0029187143420564,0.3031065294999655,0.9875326357541665,True,0.6912728450279165
72,65,12.5,13.0,165,-2.633728876103347,-0.2999635953784985,0.0029187143420564,-0.3028823097205549,-0.8400529090134427,True,-0.5880370363094098
72,66,13.0,13.5,152,-2.633728876103347,0.3629697555216558,0.0029187143420564,0.3600510411795993,1.174531297390508,True,0.8221719081733555
72,67,13.5,14.0,77,-2.633728876103347,-0.0590938849345633,0.0029187143420564,-0.0620125992766198,-0.1719937505292803,True,-0.1203956253704962
72,68,14.0,14.5,111,-2.633728876103347,0.1425489184822027,0.0029187143420564,0.1396302041401463,0.4506968082121313,True,0.3154877657484919
72,69,14.5,15.0,148,-2.633728876103347,0.5032274051769166,0.0029187143420564,0.5003086908348601,1.63511989488959,True,1.144583926422713
72,70,15.0,15.5,52,-2.633728876103347,-0.3489619555768822,0.0029187143420564,-0.3518806699189387,-0.975951288352655,True,-0.6831659018468584
72,71,15.5,16.0,270,-2.633728876103347,0.0447438336812689,0.0029187143420564,0.0418251193392125,0.12951712961731587,True,0.0906619907321211
72,72,16.0,16.5,265,-2.633728876103347,0.0620557225803015,0.0029187143420564,0.0591370082382451,0.1863672097923637,True,0.1304570468546546
72,73,16.5,17.0,150,-2.633728876103347,-0.0107333668485246,0.0029187143420564,-0.0136520811905811,-0.03786444486908586,True,-0.0265051114083601
72,74,17.0,17.5,200,-2.633728876103347,0.1116331104154528,0.0029187143420564,0.1087143960733963,0.34917315718122943,True,0.2444212100268606
72,75,17.5,18.0,17,-2.633728876103347,0.3766178742359539,0.0029187143420564,0.3736991598938974,1.2193500140349856,True,0.8535450098244899
72,76,18.0,18.5,195,-2.633728876103347,0.1730986344594042,0.0029187143420564,0.1701799201173477,0.551018258560966,True,0.3857127809926762
72,77,18.5,19.0,48,-2.633728876103347,-0.3485360430739166,0.0029187143420564,-0.3514547574159731,-0.9747700076187898,True,-0.6823390053331528
72,78,19.0,19.5,169,-2.633728876103347,0.3503520814773746,0.0029187143420564,0.3474333671353181,1.1330964322973007,True,0.7931675026081105
72,79,19.5,20.0,42,-2.633728876103347,-0.5436881017088145,0.0029187143420564,-0.546606816050871,-1.5160299270490807,True,-1.0612209489343565
73,0,-20.0,-19.5,74,-2.687400211484172,-0.3881202036379035,0.0090415238997945,-0.3971617275376981,-1.1178641500913151,True,-0.7825049050639206
73,1,-19.5,-19.0,217,-2.687400211484172,0.2121294927098637,0.0090415238997945,0.2030879688100691,1.0165857517209609,True,0.7116100262046726
73,2,-19.0,-18.5,72,-2.687400211484172,0.096795989822722,0.0090415238997945,0.0877544659229274,0.42619080355280575,True,0.298333562486964
73,3,-18.5,-18.0,160,-2.687400211484172,0.0967959898227218,0.0090415238997945,0.0877544659229273,0.42619080355280514,True,0.2983335624869636
73,4,-18.0,-17.5,113,-2.687400211484172,-0.1071864541203424,0.0090415238997945,-0.116227978020137,-0.3271389986941276,True,-0.2289972990858893
73,5,-17.5,-17.0,294,-2.687400211484172,0.105438601342521,0.0090415238997945,0.0963970774427264,0.4704325377630489,True,0.3293027764341342
73,6,-17.0,-16.5,218,-2.687400211484172,-0.2520748129170547,0.0090415238997945,-0.2611163368168493,-0.7349464253274979,True,-0.5144624977292485
73,7,-16.5,-16.0,231,-2.687400211484172,-0.0112865887098021,0.0090415238997945,-0.0203281126095967,-0.057216158430397575,True,-0.0400513109012783
73,8,-16.0,-15.5,179,-2.687400211484172,-0.1192673356368351,0.0090415238997945,-0.1283088595366297,-0.36114223569411297,True,-0.2527995649858791
73,9,-15.5,-15.0,182,-2.687400211484172,0.0329297844755553,0.0090415238997945,0.0238882605757607,0.09925817728431985,True,0.0694807240990239
73,10,-15.0,-14.5,250,-2.687400211484172,0.1073070855953432,0.0090415238997945,0.0982655616955486,0.47999735315478675,True,0.3359981472083507
73,11,-14.5,-14.0,116,-2.687400211484172,0.0177401150366388,0.0090415238997945,0.0086985911368442,0.024483333901445,True,0.0171383337310115
73,12,-14.0,-13.5,223,-2.687400211484172,0.0142251246671048,0.0090415238997945,0.0051836007673102,0.01458992915074343,True,0.0102129504055204
73,13,-13.5,-13.0,113,-2.687400211484172,-0.3585062008926583,0.0090415238997945,-0.3675477247924528,-1.0345116271408925,True,-0.7241581389986247
73,14,-13.0,-12.5,108,-2.687400211484172,0.3078574731380374,0.0090415238997945,0.2988159492382429,1.5066195634784882,True,1.0546336944349417
73,15,-12.5,-12.0,224,-2.687400211484172,0.0502484329495891,0.0090415238997945,0.0412069090497945,0.187912751299774,True,0.1315389259098418
73,16,-12.0,-11.5,90,-2.687400211484172,-0.0720450399409581,0.0090415238997945,-0.0810865638407527,-0.2282288460512963,True,-0.1597601922359074
73,17,-11.5,-11.0,184,-2.687400211484172,0.1092532582688702,0.0090415238997945,0.1002117343690756,0.4899598574224113,True,0.3429719001956879
73,18,-11.0,-10.5,90,-2.687400211484172,-0.0570399275110786,0.0090415238997945,-0.0660814514108732,-0.185994974833532,True,-0.1301964823834724
73,19,-10.5,-10.0,246,-2.687400211484172,-0.0845079727592495,0.0090415238997945,-0.0935494966590441,-0.263307416911934,True,-0.1843151918383538
73,20,-10.0,-9.5,156,-2.687400211484172,-0.1385741333357637,0.0090415238997945,-0.1476156572355583,-0.41548376838534956,True,-0.2908386378697447
73,21,-9.5,-9.0,104,-2.687400211484172,-0.3448823058620281,0.0090415238997945,-0.3539238297618227,-0.9961653747621231,True,-0.6973157623334861
73,22,-9.0,-8.5,201,-2.687400211484172,0.2394712407382021,0.0090415238997945,0.2304297168384075,1.156548811074266,True,0.8095841677519862
73,23,-8.5,-8.0,75,-2.687400211484172,-0.2121718499800522,0.0090415238997945,-0.2212133738798468,-0.6226342646713237,True,-0.4358439852699265
73,24,-8.0,-7.5,156,-2.687400211484172,0.3565579890335454,0.0090415238997945,0.3475164651337508,1.755918664243912,True,1.2291430649707382
73,25,-7.5,-7.0,53,-2.687400211484172,-0.4039395981637631,0.0090415238997945,-0.4129811220635577,-1.162389925840769,True,-0.8136729480885383
73,26,-7.0,-6.5,238,-2.687400211484172,0.0805041890128329,0.0090415238997945,0.0714626651130383,0.3427926871864577,True,0.2399548810305204
73,27,-6.5,-6.0,284,-2.687400211484172,-0.2181986077884207,0.0090415238997945,-0.2272401316882153,-0.6395973707012684,True,-0.4477181594908879
73,28,-6.0,-5.5,145,-2.687400211484172,-0.0039893353420201,0.0090415238997945,-0.0130308592418147,-0.03667707480683186,True,-0.0256739523647823
73,29,-5.5,-5.0,139,-2.687400211484172,0.0038579231324843,0.0090415238997945,-0.0051836007673102,-0.01458992915074343,True,-0.0102129504055204
73,30,-5.0,-4.5,260,-2.687400211484172,-0.1748563749686824,0.0090415238997945,-0.183897898868477,-0.5176049306077104,True,-0.3623234514253973
73,31,-4.5,-4.0,193,-2.687400211484172,-0.0868902588828974,0.0090415238997945,-0.095931782782692,-0.2700126759241666,True,-0.1890088731469166
73,32,-4.0,-3.5,212,-2.687400211484172,0.1485879149758705,0.0090415238997945,0.1395463910760759,0.69131490193594,True,0.483920431355158
73,33,-3.5,-3.0,205,-2.687400211484172,0.2054914958421352,0.0090415238997945,0.1964499719423406,0.9826056876584146,True,0.6878239813608902
73,34,-3.0,-2.5,36,-2.687400211484172,-0.0992168212309829,0.0090415238997945,-0.1082583451307775,-0.3047074140808846,True,-0.2132951898566192
73,35,-2.5,-2.0,240,-2.687400211484172,0.1507336489600688,0.0090415238997945,0.1416921250602742,0.7022989653058271,True,0.491609275714079
73,36,-2.0,-1.5,180,-2.687400211484172,-0.3613662125441672,0.0090415238997945,-0.3704077364439618,-1.0425615077622872,True,-0.729793055433601
73,37,-1.5,-1.0,133,-2.687400211484172,0.1896558730905895,0.0090415238997945,0.1806143491907949,0.9015427576374829,True,0.631079930346238
73,38,-1.0,-0.5,119,-2.687400211484172,0.0809895832759907,0.0090415238997945,0.0719480593761961,0.34527743198015914,True,0.2416942023861114
73,39,-0.5,0.0,105,-2.687400211484172,0.0663003115306297,0.0090415238997945,0.0572587876308351,0.27008270006243784,True,0.1890578900437065
73,40,0.0,0.5,105,-2.687400211484172,0.0663003115306297,0.0090415238997945,0.0572587876308351,0.27008270006243784,True,0.1890578900437065
73,41,0.5,1.0,215,-2.687400211484172,0.0759824095231228,0.0090415238997945,0.0669408856233282,0.31964559028376877,True,0.2237519131986381
73,42,1.0,1.5,110,-2.687400211484172,0.0029110024335846,0.0090415238997945,-0.0061305214662099,-0.017255162552869,True,-0.0120786137870083
73,43,1.5,2.0,63,-2.687400211484172,-0.2396892707613477,0.0090415238997945,-0.2487307946611423,-0.7000856807105699,True,-0.4900599764973989
73,44,2.0,2.5,265,-2.687400211484172,-0.1381155020093562,0.0090415238997945,-0.1471570259091508,-0.4141928899286606,True,-0.2899350229500624
73,45,2.5,3.0,160,-2.687400211484172,-0.1726891712685391,0.0090415238997945,-0.1817306951683337,-0.5115050494903752,True,-0.3580535346432626
73,46,3.0,3.5,136,-2.687400211484172,0.0834648806147912,0.0090415238997945,0.0744233567149966,0.357948538011439,True,0.2505639766080073
73,47,3.5,4.0,103,-2.687400211484172,0.2894417607783524,0.0090415238997945,0.2804002368785578,1.412349093303702,True,0.9886443653125914
73,48,4.0,4.5,164,-2.687400211484172,-0.3163133693134403,0.0090415238997945,-0.3253548932132348,-0.9157543286829951,True,-0.6410280300780965
73,49,4.5,5.0,177,-2.687400211484172,-0.0760791591969702,0.0090415238997945,-0.0851206830967648,-0.23958340763367061,True,-0.1677083853435694
73,50,5.0,5.5,124,-2.687400211484172,-0.1199808094511336,0.0090415238997945,-0.1290223333509282,-0.3631504019995069,True,-0.2542052813996548
73,51,5.5,6.0,164,-2.687400211484172,-0.1052600854043846,0.0090415238997945,-0.1143016093041792,-0.32171697945582556,True,-0.2252018856190779
73,52,6.0,6.5,52,-2.687400211484172,-0.4308599760026024,0.0090415238997945,-0.439901499902397,-1.2381608856447817,True,-0.8667126199513472
73,53,6.5,7.0,219,-2.687400211484172,-0.1362697444669457,0.0090415238997945,-0.1453112683667403,-0.40899776148762645,True,-0.2862984330413385
73,54,7.0,7.5,172,-2.687400211484172,-0.169319623002654,0.0090415238997945,-0.1783611469024486,-0.5020210107543471,True,-0.351414707528043
73,55,7.5,8.0,147,-2.687400211484172,-0.1335511347213266,0.0090415238997945,-0.1425926586211212,-0.4013458752105732,True,-0.2809421126474012
73,56,8.0,8.5,76,-2.687400211484172,0.1812317695404123,0.0090415238997945,0.1721902456406177,0.8584195709279206,True,0.6008936996495444
73,57,8.5,9.0,205,-2.687400211484172,-0.1150002841932716,0.0090415238997945,-0.1240418080930662,-0.3491320556978488,True,-0.2443924389884941
73,58,9.0,9.5,54,-2.687400211484172,-0.2683520352489315,0.0090415238997945,-0.2773935591487261,-0.7807608179193513,True,-0.5465325725435458
73,59,9.5,10.0,177,-2.687400211484172,0.0723675230945709,0.0090415238997945,0.0633259991947763,0.30114090056054876,True,0.2107986303923841
73,60,10.0,10.5,87,-2.687400211484172,-0.3023130389475535,0.0090415238997945,-0.3113545628473481,-0.876348549323316,True,-0.6134439845263211
73,61,10.5,11.0,248,-2.687400211484172,-0.0901466866428069,0.0090415238997945,-0.0991882105426015,-0.2791783220520893,True,-0.1954248254364625
73,62,11.0,11.5,103,-2.687400211484172,-0.2309047461274806,0.0090415238997945,-0.2399462700272752,-0.6753604756293174,True,-0.4727523329405222
73,63,11.5,12.0,188,-2.687400211484172,-0.0704287711718747,0.0090415238997945,-0.0794702950716692,-0.22367964407991758,True,-0.1565757508559423
73,64,12.0,12.5,229,-2.687400211484172,0.1339358422249904,0.0090415238997945,0.1248943183251958,0.6163105925569322,True,0.4314174147898525
73,65,12.5,13.0,67,-2.687400211484172,-0.2942287363212279,0.0090415238997945,-0.3032702602210225,-0.8535942115866801,True,-0.5975159481106761
73,66,13.0,13.5,145,-2.687400211484172,0.2859943046140725,0.0090415238997945,0.276952780714278,1.394701483090964,True,0.9762910381636748
73,67,13.5,14.0,172,-2.687400211484172,-0.1482854827008235,0.0090415238997945,-0.1573270066006181,-0.4428176441127935,True,-0.3099723508789554
73,68,14.0,14.5,172,-2.687400211484172,0.0830042468746639,0.0090415238997945,0.0739627229748693,0.35559054292485015,True,0.2489133800473951
73,69,14.5,15.0,203,-2.687400211484172,6.245819073999062e-06,0.0090415238997945,-0.0090352780807205,-0.025430983783765,True,-0.0178016886486355
73,70,15.0,15.5,46,-2.687400211484172,-0.4259076389086971,0.0090415238997945,-0.4349491628084917,-1.22422187865444,True,-0.8569553150581081
73,71,15.5,16.0,121,-2.687400211484172,0.109376579341751,0.0090415238997945,0.1003350554419564,0.4905911409316163,True,0.3434137986521314
73,72,16.0,16.5,161,-2.687400211484172,0.286038592606874,0.0090415238997945,0.2769970687070794,1.3949281943809178,True,0.9764497360666424
73,73,16.5,17.0,91,-2.687400211484172,0.1425808304448105,0.0090415238997945,0.1335393065450159,0.6605644931511889,True,0.4623951452058322
73,74,17.0,17.5,96,-2.687400211484172,-0.2618514520680554,0.0090415238997945,-0.2708929759678499,-0.762464067782725,True,-0.5337248474479075
73,75,17.5,18.0,52,-2.687400211484172,0.3329641429881004,0.0090415238997945,0.3239226190883059,1.6351412044045222,True,1.1445988430831655
73,76,18.0,18.5,75,-2.687400211484172,0.3329641429881003,0.0090415238997945,0.3239226190883058,1.6351412044045217,True,1.144598843083165
73,77,18.5,19.0,166,-2.687400211484172,-0.0931733269866429,0.0090415238997945,-0.1022148508864375,-0.28769720114089375,True,-0.2013880407986256
73,78,19.0,19.5,195,-2.687400211484172,-0.0327583324491409,0.0090415238997945,-0.0417998563489355,-0.11765121775739729,True,-0.0823558524301781
73,79,19.5,20.0,176,-2.687400211484172,0.1839894892028263,0.0090415238997945,0.1749479653030317,0.8725364035602081,True,0.6107754824921456
74,0,-20.0,-19.5,93,-2.689522543576881,-0.3378739636674861,-0.0070069532479841,-0.330867010419502,-0.9819195771018849,True,-0.6873437039713194
74,1,-19.5,-19.0,121,-2.689522543576881,-0.294323176125771,-0.0070069532479841,-0.2873162228777869,-0.8526731743517412,True,-0.5968712220462188
74,2,-19.0,-18.5,212,-2.689522543576881,-0.1803244412612261,-0.0070069532479841,-0.1733174880132419,-0.5143572165703362,True,-0.3600500515992353
74,3,-18.5,-18.0,229,-2.689522543576881,0.0284163819858881,-0.0070069532479841,0.0354233352338723,0.126156014195815,True,0.0883092099370705
74,4,-18.0,-17.5,72,-2.689522543576881,0.441897570354133,-0.0070069532479841,0.4489045236021171,1.7403895462274224,True,1.2182726823591956
74,5,-17.5,-17.0,115,-2.689522543576881,-0.0371150865887829,-0.0070069532479841,-0.0301081333407988,-0.08935241237813585,True,-0.0625466886646951
74,6,-17.0,-16.5,234,-2.689522543576881,0.2148923802090229,-0.0070069532479841,0.221899333457007,0.8541596518915813,True,0.5979117563241069
74,7,-16.5,-16.0,213,-2.689522543576881,-0.160468684245432,-0.0070069532479841,-0.1534617309974479,-0.45543095339509077,True,-0.3188016673765635
74,8,-16.0,-15.5,183,-2.689522543576881,0.3313881570596657,-0.0070069532479841,0.3383951103076498,1.3089600022400505,True,0.9162720015680352
74,9,-15.5,-15.0,286,-2.689522543576881,-0.3468137694032753,-0.0070069532479841,-0.3398068161552912,-1.0084503885488447,True,-0.7059152719841912
74,10,-15.0,-14.5,329,-2.689522543576881,0.1488048595535802,-0.0070069532479841,0.1558118128015643,0.5961534961294533,True,0.4173074472906173
74,11,-14.5,-14.0,152,-2.689522543576881,-0.1140533892476916,-0.0070069532479841,-0.1070464359997074,-0.3176835038157106,True,-0.2223784526709974
74,12,-14.0,-13.5,165,-2.689522543576881,-0.0089493444395508,-0.0070069532479841,-0.0019423911915667,-0.005764466922741429,True,-0.004035126845919
74,13,-13.5,-13.0,238,-2.689522543576881,0.1006230937891913,-0.0070069532479841,0.1076300470371754,0.4080515361919155,True,0.2856360753343408
74,14,-13.0,-12.5,183,-2.689522543576881,-0.1527274281416387,-0.0070069532479841,-0.1457204748936546,-0.4324570977966239,True,-0.3027199684576367
74,15,-12.5,-12.0,311,-2.689522543576881,0.0553129043686667,-0.0070069532479841,0.0623198576166508,0.2311602309454593,True,0.1618121616618215
74,16,-12.0,-11.5,169,-2.689522543576881,-0.3002695320416101,-0.0070069532479841,-0.293262578793626,-0.8703202745530427,True,-0.6092241921871299
74,17,-11.5,-11.0,102,-2.689522543576881,-0.0820770447441062,-0.0070069532479841,-0.0750700914961221,-0.222786769830611,True,-0.1559507388814277
74,18,-11.0,-10.5,302,-2.689522543576881,0.1098704866114228,-0.0070069532479841,0.1168774398594069,0.4441534242522259,True,0.3109073969765581
74,19,-10.5,-10.0,60,-2.689522543576881,-0.0658322061067218,-0.0070069532479841,-0.0588252528587376,-0.17457668969997273,True,-0.1222036827899809
74,20,-10.0,-9.5,165,-2.689522543576881,0.568895440416937,-0.0070069532479841,0.5759023936649211,2.2361901439789102,True,1.5653331007852371
74,21,-9.5,-9.0,18,-2.689522543576881,-0.3987552335454438,-0.0070069532479841,-0.3917482802974597,-1.1625979429993945,True,-0.8138185600995761
74,22,-9.0,-8.5,42,-2.689522543576881,-0.3987552335454438,-0.0070069532479841,-0.3917482802974597,-1.1625979429993945,True,-0.8138185600995761
74,23,-8.5,-8.0,101,-2.689522543576881,-0.0911491098567885,-0.0070069532479841,-0.0841421566088043,-0.24971008964902172,True,-0.1747970627543152
74,24,-8.0,-7.5,258,-2.689522543576881,0.2514465922005983,-0.0070069532479841,0.2584535454485824,0.9968675583060358,True,0.697807290814225
74,25,-7.5,-7.0,278,-2.689522543576881,0.1713824766260944,-0.0070069532479841,0.1783894298740786,0.684296675497903,True,0.479007672848532
74,26,-7.0,-6.5,75,-2.689522543576881,-0.0988141282730081,-0.0070069532479841,-0.091807175025024,-0.2724576933831926,True,-0.1907203853682348
74,27,-6.5,-6.0,154,-2.689522543576881,-0.3411943557221025,-0.0070069532479841,-0.3341874024741184,-0.9917735603018043,True,-0.694241492211263
74,28,-6.0,-5.5,239,-2.689522543576881,0.0807373357092818,-0.0070069532479841,0.087744288957266,0.3304173936831882,True,0.2312921755782317
74,29,-5.5,-5.0,141,-2.689522543576881,-0.0806981017763774,-0.0070069532479841,-0.0736911485283933,-0.21869445765357315,True,-0.1530861203575012
74,30,-5.0,-4.5,181,-2.689522543576881,-0.0050645620564174,-0.0070069532479841,0.0019423911915667,0.005764466922741429,True,0.004035126845919
74,31,-4.5,-4.0,262,-2.689522543576881,0.0689668712160702,-0.0070069532479841,0.0759738244640543,0.28446541568024175,True,0.1991257909761692
74,32,-4.0,-3.5,66,-2.689522543576881,0.0552984626278757,-0.0070069532479841,0.0623054158758598,0.2311038502855853,True,0.1617726951999097
74,33,-3.5,-3.0,166,-2.689522543576881,0.1158650289832867,-0.0070069532479841,0.1228719822312708,0.4675561607685703,True,0.3272893125379992
74,34,-3.0,-2.5,159,-2.689522543576881,0.0509629878909032,-0.0070069532479841,0.0579699411388873,0.2141781257433986,True,0.149924688020379
74,35,-2.5,-2.0,111,-2.689522543576881,0.5305868740095491,-0.0070069532479841,0.5375938272575332,2.0866332253125366,True,1.4606432577187756
74,36,-2.0,-1.5,153,-2.689522543576881,-0.281036222196242,-0.0070069532479841,-0.2740292689482579,-0.813241258286995,True,-0.5692688808008964
74,37,-1.5,-1.0,246,-2.689522543576881,-0.1790190419929651,-0.0070069532479841,-0.1720120887449809,-0.5104831612639011,True,-0.3573382128847308
74,38,-1.0,-0.5,164,-2.689522543576881,-0.3689141158003347,-0.0070069532479841,-0.3619071625523506,-1.0740379572837622,True,-0.7518265700986335
74,39,-0.5,0.0,242,-2.689522543576881,0.2594702497966866,-0.0070069532479841,0.2664772030446707,1.0281919752456785,True,0.7197343826719749
74,40,0.0,0.5,137,-2.689522543576881,-0.1251784309484665,-0.0070069532479841,-0.1181714777004824,-0.35069947669319873,True,-0.2454896336852391
74,41,0.5,1.0,161,-2.689522543576881,0.4232793315471371,-0.0070069532479841,0.4302862847951212,1.667703808072731,True,1.1673926656509117
74,42,1.0,1.5,80,-2.689522543576881,-0.1105870135210429,-0.0070069532479841,-0.1035800602730587,-0.30739628242343103,True,-0.2151773976964017
74,43,1.5,2.0,295,-2.689522543576881,-0.0603555308805163,-0.0070069532479841,-0.0533485776325322,-0.1583234687601706,True,-0.1108264281321194
74,44,2.0,2.5,61,-2.689522543576881,-0.3491296692710744,-0.0070069532479841,-0.3421227160230903,-1.0153233234356334,True,-0.7107263264049433
74,45,2.5,3.0,138,-2.689522543576881,0.4210692198494657,-0.0070069532479841,0.4280761730974498,1.6590755161158566,True,1.1613528612810995
74,46,3.0,3.5,64,-2.689522543576881,-0.0905547275382115,-0.0070069532479841,-0.0835477742902274,-0.2479461312714432,True,-0.1735622918900102
74,47,3.5,4.0,47,-2.689522543576881,-0.1894373619380245,-0.0070069532479841,-0.1824304086900403,-0.5414017841317249,True,-0.3789812488922074
74,48,4.0,4.5,46,-2.689522543576881,-0.5169718139141289,-0.0070069532479841,-0.5099648606661448,-1.5134312716376135,True,-1.0594018901463294
74,49,4.5,5.0,195,-2.689522543576881,-0.3301590771959174,-0.0070069532479841,-0.3231521239479333,-0.9590239791033204,True,-0.6713167853723242
74,50,5.0,5.5,93,-2.689522543576881,-0.2357577168832097,-0.0070069532479841,-0.2287507636352256,-0.6788674785245217,True,-0.4752072349671651
74,51,5.5,6.0,319,-2.689522543576881,-0.3391748630124301,-0.0070069532479841,-0.332167909764446,-0.9857802779104059,True,-0.6900461945372841
74,52,6.0,6.5,144,-2.689522543576881,-0.2572689606974634,-0.0070069532479841,-0.2502620074494793,-0.7427067576422761,True,-0.5198947303495932
74,53,6.5,7.0,212,-2.689522543576881,-0.3699610093355467,-0.0070069532479841,-0.3629540560875626,-1.077144840789805,True,-0.7540013885528635
74,54,7.0,7.5,228,-2.689522543576881,-0.3262901685185722,-0.0070069532479841,-0.3192832152705881,-0.9475421539207857,True,-0.6632795077445499
74,55,7.5,8.0,194,-2.689522543576881,-0.2900751242366161,-0.0070069532479841,-0.283068170988632,-0.8400661594994078,True,-0.5880463116495854
74,56,8.0,8.5,104,-2.689522543576881,-0.1765801963676166,-0.0070069532479841,-0.1695732431196325,-0.5032453581900239,True,-0.3522717507330167
74,57,8.5,9.0,155,-2.689522543576881,-0.3460398081974163,-0.0070069532479841,-0.3390328549494322,-1.006153490895051,True,-0.7043074436265356
74,58,9.0,9.5,162,-2.689522543576881,-0.289312131003856,-0.0070069532479841,-0.2823051777558719,-0.8378018116833666,True,-0.5864612681783566
74,59,9.5,10.0,66,-2.689522543576881,-0.0850321830506892,-0.0070069532479841,-0.0780252298027051,-0.231556783355376,True,-0.1620897483487632
74,60,10.0,10.5,0,-2.689522543576881,,-0.0070069532479841,,,True,
74,61,10.5,11.0,0,-2.689522543576881,,-0.0070069532479841,,,True,
74,62,11.0,11.5,196,-2.689522543576881,-0.2323613480209412,-0.0070069532479841,-0.225354394772957,-0.6687880176780249,True,-0.4681516123746174
74,63,11.5,12.0,53,-2.689522543576881,-0.0311142828143569,-0.0070069532479841,-0.0241073295663727,-0.07154372635354514,True,-0.0500806084474816
74,64,12.0,12.5,0,-2.689522543576881,,-0.0070069532479841,,,True,
74,65,12.5,13.0,151,-2.689522543576881,-0.3638675302347238,-0.0070069532479841,-0.3568605769867397,-1.059061120644442,True,-0.7413427844511093
74,66,13.0,13.5,157,-2.689522543576881,-0.3372125486363008,-0.0070069532479841,-0.3302055953883167,-0.9799566846186273,True,-0.6859696792330391
74,67,13.5,14.0,168,-2.689522543576881,-0.2738313931673942,-0.0070069532479841,-0.2668244399194101,-0.7918593663173848,True,-0.5543015564221694
74,68,14.0,14.5,156,-2.689522543576881,0.0179594662049547,-0.0070069532479841,0.0249664194529388,0.08533213980910372,True,0.0597324978663726
74,69,14.5,15.0,207,-2.689522543576881,-0.0997135817728537,-0.0070069532479841,-0.0927066285248695,-0.275127016622978,True,-0.1925889116360846
74,70,15.0,15.5,268,-2.689522543576881,0.020628438055653,-0.0070069532479841,0.0276353913036372,0.09575182510228028,True,0.0670262775715962
74,71,15.5,16.0,321,-2.689522543576881,0.0275149986889834,-0.0070069532479841,0.0345219519369676,0.12263700732438045,True,0.0858459051270663
74,72,16.0,16.5,219,-2.689522543576881,0.3092014336386705,-0.0070069532479841,0.3162083868866546,1.2223428744973845,True,0.8556400121481692
74,73,16.5,17.0,240,-2.689522543576881,-0.2915540005352275,-0.0070069532479841,-0.2845470472872434,-0.8444550454988833,True,-0.5911185318492183
74,74,17.0,17.5,287,-2.689522543576881,0.3713711907868944,-0.0070069532479841,0.3783781440348785,1.4650540533613372,True,1.025537837352936
74,75,17.5,18.0,139,-2.689522543576881,-0.046245352699905,-0.0070069532479841,-0.0392383994519209,-0.11644845627593586,True,-0.0815139193931551
74,76,18.0,18.5,176,-2.689522543576881,0.3416977193385257,-0.0070069532479841,0.3487046725865098,1.3492086074952976,True,0.9444460252467082
74,77,18.5,19.0,218,-2.689522543576881,-0.1339784925462858,-0.0070069532479841,-0.1269715392983017,-0.3768155671177035,True,-0.2637708969823924
74,78,19.0,19.5,46,-2.689522543576881,-0.3209641932732625,-0.0070069532479841,-0.3139572400252783,-0.9317361678422732,True,-0.6522153174895912
74,79,19.5,20.0,182,-2.689522543576881,0.2033075735863307,-0.0070069532479841,0.2103145268343149,0.8089324835498941,True,0.5662527384849259
75,0,-20.0,-19.5,303,-2.675430498771445,0.0492692744789358,-0.0436151068862312,0.0928843813651671,0.3280079339864549,True,0.2296055537905184
75,1,-19.5,-19.0,48,-2.675430498771445,-0.2370985319945949,-0.0436151068862312,-0.1934834251083636,-0.6795627545178884,True,-0.4756939281625219
75,2,-19.0,-18.5,152,-2.675430498771445,-0.006948540255447,-0.0436151068862312,0.0366665666307841,0.12928973569516344,True,0.0905028149866144
75,3,-18.5,-18.0,227,-2.675430498771445,-0.023920133129612,-0.0436151068862312,0.0196949737566192,0.06929871018088472,True,0.0485090971266193
75,4,-18.0,-17.5,117,-2.675430498771445,0.1597811370942074,-0.0436151068862312,0.2033962439804386,0.7186442177424335,True,0.5030509524197034
75,5,-17.5,-17.0,270,-2.675430498771445,0.0516458994170283,-0.0436151068862312,0.0952610063032596,0.33640880527509004,True,0.235486163692563
75,6,-17.0,-16.5,47,-2.675430498771445,-0.5036999223269436,-0.0436151068862312,-0.4600848154407123,-1.6159343071254622,True,-1.1311540149878234
75,7,-16.5,-16.0,139,-2.675430498771445,0.2776376866280427,-0.0436151068862312,0.321252793514274,1.1352424311530345,True,0.794669701807124
75,8,-16.0,-15.5,55,-2.675430498771445,-0.1086291350632278,-0.0436151068862312,-0.0650140281769966,-0.22834572028854172,True,-0.1598420042019792
75,9,-15.5,-15.0,234,-2.675430498771445,0.1953412725610881,-0.0436151068862312,0.2389563794473193,0.8443418472991888,True,0.5910392931094322
75,10,-15.0,-14.5,58,-2.675430498771445,-0.7086802760754913,-0.0436151068862312,-0.6650651691892601,-2.335877184596226,True,-1.635114029217358
75,11,-14.5,-14.0,234,-2.675430498771445,0.223262354662502,-0.0436151068862312,0.2668774615487333,0.9430370234769064,True,0.6601259164338344
75,12,-14.0,-13.5,80,-2.675430498771445,-0.3096333405973235,-0.0436151068862312,-0.2660182337110922,-0.9343233589722042,True,-0.6540263512805429
75,13,-13.5,-13.0,61,-2.675430498771445,-0.0403704891483309,-0.0436151068862312,0.0032446177379003,0.011395918622436,True,0.0079771430357052
75,14,-13.0,-12.5,172,-2.675430498771445,0.3038371104833088,-0.0436151068862312,0.3474522173695401,1.2278519060923754,True,0.8594963342646627
75,15,-12.5,-12.0,107,-2.675430498771445,0.0710856915383942,-0.0436151068862312,0.1147007984246254,0.4051243980772486,True,0.283587078654074
75,16,-12.0,-11.5,291,-2.675430498771445,0.1894411647879078,-0.0436151068862312,0.233056271674139,0.8234862023056855,True,0.5764403416139798
75,17,-11.5,-11.0,253,-2.675430498771445,-0.2518038426298536,-0.0436151068862312,-0.2081887357436224,-0.731211526994088,True,-0.5118480688958615
75,18,-11.0,-10.5,265,-2.675430498771445,0.1431646174413116,-0.0436151068862312,0.1867797243275429,0.6599083016827906,True,0.4619358111779534
75,19,-10.5,-10.0,283,-2.675430498771445,-0.3047124654367726,-0.0436151068862312,-0.2610973585505414,-0.9170400000650024,True,-0.6419280000455017
75,20,-10.0,-9.5,165,-2.675430498771445,0.217917511317533,-0.0436151068862312,0.2615326182037643,0.9241441219175035,True,0.6469008853422524
75,21,-9.5,-9.0,246,-2.675430498771445,-0.1464612288361436,-0.0436151068862312,-0.1028461219499124,-0.3612216079213083,True,-0.2528551255449158
75,22,-9.0,-8.5,223,-2.675430498771445,0.1241754156375164,-0.0436151068862312,0.1677905225237477,0.5927854512612848,True,0.4149498158828993
75,23,-8.5,-8.0,56,-2.675430498771445,-0.3191272575249368,-0.0436151068862312,-0.2755121506387055,-0.9676683978812454,True,-0.6773678785168717
75,24,-8.0,-7.5,199,-2.675430498771445,0.5132570595464641,-0.0436151068862312,0.5568721664326953,1.9681075556708711,True,1.3776752889696098
75,25,-7.5,-7.0,206,-2.675430498771445,-0.4693428918492106,-0.0436151068862312,-0.4257277849629793,-1.4952637212319828,True,-1.046684604862388
75,26,-7.0,-6.5,59,-2.675430498771445,-0.3651541260929142,-0.0436151068862312,-0.3215390192066829,-1.1293264084750192,True,-0.7905284859325135
75,27,-6.5,-6.0,191,-2.675430498771445,0.1023393052564265,-0.0436151068862312,0.1459544121426578,0.5155993754039808,True,0.3609195627827866
75,28,-6.0,-5.5,134,-2.675430498771445,-0.1913005686777451,-0.0436151068862312,-0.1476854617915139,-0.5187087170959394,True,-0.3630961019671575
75,29,-5.5,-5.0,200,-2.675430498771445,0.1943315717035843,-0.0436151068862312,0.2379466785898156,0.8407727662852025,True,0.5885409363996417
75,30,-5.0,-4.5,112,-2.675430498771445,-0.1109855999845894,-0.0436151068862312,-0.0673704930983582,-0.23662222145130746,True,-0.1656355550159152
75,31,-4.5,-4.0,157,-2.675430498771445,0.5009040636627261,-0.0436151068862312,0.5445191705489574,1.9244423029904818,True,1.3471096120933372
75,32,-4.0,-3.5,166,-2.675430498771445,-0.1162902298861963,-0.0436151068862312,-0.072675122999965,-0.25525342412727275,True,-0.1786773968890909
75,33,-3.5,-3.0,179,-2.675430498771445,0.1440264215686683,-0.0436151068862312,0.1876415284548996,0.6629545987378697,True,0.4640682191165087
75,34,-3.0,-2.5,284,-2.675430498771445,-0.2613215929736459,-0.0436151068862312,-0.2177064860874146,-0.7646402748923564,True,-0.5352481924246495
75,35,-2.5,-2.0,134,-2.675430498771445,-0.2912324803325633,-0.0436151068862312,-0.247617373446332,-0.8696948809513309,True,-0.6087864166659316
75,36,-2.0,-1.5,227,-2.675430498771445,0.1382324410172203,-0.0436151068862312,0.1818475479034516,0.6424740912411179,True,0.4497318638687825
75,37,-1.5,-1.0,96,-2.675430498771445,-0.0875551270664802,-0.0436151068862312,-0.0439400201802489,-0.15432847092994115,True,-0.1080299296509588
75,38,-1.0,-0.5,0,-2.675430498771445,,-0.0436151068862312,,,True,
75,39,-0.5,0.0,122,-2.675430498771445,-0.0436151068862312,-0.0436151068862312,0.0,0.0,True,0.0
75,40,0.0,0.5,199,-2.675430498771445,0.0351786615960946,-0.0436151068862312,0.0787937684823259,0.278200569219113,True,0.1947403984533791
75,41,0.5,1.0,249,-2.675430498771445,0.0208487652848879,-0.0436151068862312,0.0644638721711191,0.22754738765881247,True,0.1592831713611687
75,42,1.0,1.5,177,-2.675430498771445,-0.1276266537320023,-0.0436151068862312,-0.084011546845771,-0.29506981362277374,True,-0.2065488695359416
75,43,1.5,2.0,201,-2.675430498771445,0.0704197903205302,-0.0436151068862312,0.1140348972067615,0.4027705767684856,True,0.2819394037379399
75,44,2.0,2.5,0,-2.675430498771445,,-0.0436151068862312,,,True,
75,45,2.5,3.0,182,-2.675430498771445,0.175153090143869,-0.0436151068862312,0.2187681970301003,0.7729808515778083,True,0.5410865961044657
75,46,3.0,3.5,94,-2.675430498771445,-0.2832497293326586,-0.0436151068862312,-0.2396346224464273,-0.841657439216529,True,-0.5891602074515703
75,47,3.5,4.0,159,-2.675430498771445,0.2505520251277168,-0.0436151068862312,0.2941671320139481,1.039500291791992,True,0.7276502042543944
75,48,4.0,4.5,251,-2.675430498771445,-0.2527671103755018,-0.0436151068862312,-0.2091520034892706,-0.7345947670943926,True,-0.5142163369660748
75,49,4.5,5.0,213,-2.675430498771445,-0.3531406828109616,-0.0436151068862312,-0.3095255759247303,-1.0871321553840592,True,-0.7609925087688414
75,50,5.0,5.5,248,-2.675430498771445,0.0939034208430619,-0.0436151068862312,0.1375185277292931,0.4857802911948582,True,0.3400462038364007
75,51,5.5,6.0,76,-2.675430498771445,-0.1510208480801751,-0.0436151068862312,-0.1074057411939438,-0.37723614462537663,True,-0.2640653012377636
75,52,6.0,6.5,114,-2.675430498771445,0.3016552061478325,-0.0436151068862312,0.3452703130340637,1.2201393313429225,True,0.8540975319400457
75,53,6.5,7.0,72,-2.675430498771445,-0.3528272534272657,-0.0436151068862312,-0.3092121465410344,-1.0860313120678322,True,-0.7602219184474825
75,54,7.0,7.5,193,-2.675430498771445,-0.0102749863350848,-0.0436151068862312,0.0333401205511463,0.117531445644546,True,0.0822720119511822
75,55,7.5,8.0,113,-2.675430498771445,-0.1087480371088348,-0.0436151068862312,-0.0651329302226035,-0.22876333436367602,True,-0.1601343340545732
75,56,8.0,8.5,218,-2.675430498771445,-0.1027652395961927,-0.0436151068862312,-0.0591501327099614,-0.20775023541146972,True,-0.1454251647880288
75,57,8.5,9.0,138,-2.675430498771445,-0.1462651923077705,-0.0436151068862312,-0.1026500854215392,-0.36053307802200146,True,-0.252373154615401
75,58,9.0,9.5,0,-2.675430498771445,,-0.0436151068862312,,,True,
75,59,9.5,10.0,153,-2.675430498771445,-0.197057230863331,-0.0436151068862312,-0.1534421239770997,-0.5389275715506537,True,-0.3772493000854576
75,60,10.0,10.5,247,-2.675430498771445,-0.1232283707833817,-0.0436151068862312,-0.0796132638971505,-0.27962193081813747,True,-0.1957353515726962
75,61,10.5,11.0,80,-2.675430498771445,-0.3850550328245383,-0.0436151068862312,-0.341439925938307,-1.1992234293096042,True,-0.8394564005167229
75,62,11.0,11.5,140,-2.675430498771445,0.3843154106917689,-0.0436151068862312,0.4279305175780001,1.5123258383242122,True,1.0586280868269484
75,63,11.5,12.0,125,-2.675430498771445,-0.1448131978063993,-0.0436151068862312,-0.101198090920168,-0.3554333058717823,True,-0.2488033141102476
75,64,12.0,12.5,271,-2.675430498771445,-0.052037457972494,-0.0436151068862312,-0.0084223510862627,-0.029581428489245717,True,-0.020706999942472
75,65,12.5,13.0,126,-2.675430498771445,0.0210567762858438,-0.0436151068862312,0.064671883172075,0.22828266297198543,True,0.1597978640803898
75,66,13.0,13.5,152,-2.675430498771445,0.2553286860832696,-0.0436151068862312,0.2989437929695008,1.0563847876305548,True,0.7394693513413884
75,67,13.5,14.0,126,-2.675430498771445,-0.4473502274494857,-0.0436151068862312,-0.4037351205632544,-1.4180199180984894,True,-0.9926139426689424
75,68,14.0,14.5,147,-2.675430498771445,0.3722756210122324,-0.0436151068862312,0.4158907278984637,1.4697677039636414,True,1.0288373927745489
75,69,14.5,15.0,183,-2.675430498771445,-0.1746611674067682,-0.0436151068862312,-0.1310460605205369,-0.4602669288399137,True,-0.3221868501879396
75,70,15.0,15.5,110,-2.675430498771445,-0.3214608693460934,-0.0436151068862312,-0.2778457624598622,-0.9758646331725763,True,-0.6831052432208033
75,71,15.5,16.0,226,-2.675430498771445,0.2992000629168583,-0.0436151068862312,0.3428151698030896,1.2114609143373634,True,0.8480226400361544
75,72,16.0,16.5,49,-2.675430498771445,-0.6381540156339476,-0.0436151068862312,-0.5945389087477163,-2.088171109594405,True,-1.4617197767160834
75,73,16.5,17.0,97,-2.675430498771445,0.4589910983905316,-0.0436151068862312,0.5026062052767628,1.7762887508951526,True,1.2434021256266068
75,74,17.0,17.5,207,-2.675430498771445,0.1643844252957696,-0.0436151068862312,0.2079995321820008,0.7349158772146493,True,0.5144411140502545
75,75,17.5,18.0,118,-2.675430498771445,-0.1608116573630488,-0.0436151068862312,-0.1171965504768175,-0.4116239446216945,True,-0.2881367612351861
75,76,18.0,18.5,291,-2.675430498771445,0.0648625050157442,-0.0436151068862312,0.1084776119019755,0.38312673738455555,True,0.2681887161691889
75,77,18.5,19.0,42,-2.675430498771445,-0.3725344890107585,-0.0436151068862312,-0.3289193821245272,-1.1552481108171346,True,-0.8086736775719943
75,78,19.0,19.5,238,-2.675430498771445,0.1453577592598576,-0.0436151068862312,0.1889728661460889,0.6676605985808095,True,0.4673624190065666
75,79,19.5,20.0,242,-2.675430498771445,-0.0575174648417336,-0.0436151068862312,-0.0139023579555023,-0.04882859945880929,True,-0.0341800196211665
76,0,-20.0,-19.5,117,-2.715044077698366,0.0172989150991657,-0.1012463849974703,0.118545300096636,0.29629068781059403,True,0.2074034814674158
76,1,-19.5,-19.0,175,-2.715044077698366,0.2110202327081581,-0.1012463849974703,0.3122666177056284,0.7804754036209488,True,0.5463327825346641
76,2,-19.0,-18.5,92,-2.715044077698366,-0.2127424536422068,-0.1012463849974703,-0.1114960686447365,-0.7960358489991558,True,-0.557225094299409
76,3,-18.5,-18.0,293,-2.715044077698366,0.2028704561439228,-0.1012463849974703,0.3041168411413931,0.7601059507472243,True,0.532074165523057
76,4,-18.0,-17.5,76,-2.715044077698366,-0.3515238390893577,-0.1012463849974703,-0.2502774540918874,-1.8371725134983128,True,-1.2860207594488189
76,5,-17.5,-17.0,308,-2.715044077698366,0.0729462254128044,-0.1012463849974703,0.1741926104102747,0.43537490147572483,True,0.3047624310330074
76,6,-17.0,-16.5,214,-2.715044077698366,-0.3058757055529642,-0.1012463849974703,-0.2046293205554939,-1.4947206397288932,True,-1.0463044478102252
76,7,-16.5,-16.0,237,-2.715044077698366,-0.3322493506589004,-0.1012463849974703,-0.23100296566143,-1.692575480331672,True,-1.1848028362321703
76,8,-16.0,-15.5,232,-2.715044077698366,0.0300153847086718,-0.1012463849974703,0.1312617697061421,0.32807407799182986,True,0.2296518545942809
76,9,-15.5,-15.0,195,-2.715044077698366,0.1198100090428149,-0.1012463849974703,0.2210563940402852,0.5525056748916565,True,0.3867539724241595
76,10,-15.0,-14.5,222,-2.715044077698366,-0.1589115054868353,-0.1012463849974703,-0.0576651204893649,-0.39219657596744817,True,-0.2745376031772137
76,11,-14.5,-14.0,213,-2.715044077698366,-0.0132737110370456,-0.1012463849974703,0.0879726739604246,0.21987783619446086,True,0.1539144853361226
76,12,-14.0,-13.5,52,-2.715044077698366,-0.5055984313953807,-0.1012463849974703,-0.4043520463979104,-2.993038673795773,True,-2.095127071657041
76,13,-13.5,-13.0,154,-2.715044077698366,-0.3766644049519438,-0.1012463849974703,-0.2754180199544735,-2.0257768050714198,True,-1.4180437635499938
76,14,-13.0,-12.5,182,-2.715044077698366,0.1219931030838465,-0.1012463849974703,0.2232394880813168,0.5579620737066677,True,0.3905734515946674
76,15,-12.5,-12.0,257,-2.715044077698366,0.0785490366196406,-0.1012463849974703,0.1797954216171109,0.44937849997176943,True,0.3145649499802386
76,16,-12.0,-11.5,188,-2.715044077698366,-0.1093235048021527,-0.1012463849974703,-0.0080771198046824,-0.02018785544856729,True,-0.0141314988139971
76,17,-11.5,-11.0,177,-2.715044077698366,0.3854334072178413,-0.1012463849974703,0.4866797922153116,1.2164015803363228,True,0.8514811062354259
76,18,-11.0,-10.5,258,-2.715044077698366,-0.1192575196679592,-0.1012463849974703,-0.0180111346704889,-0.09471274269585145,True,-0.066298919887096
76,19,-10.5,-10.0,213,-2.715044077698366,-0.0931692651927878,-0.1012463849974703,0.0080771198046824,0.02018785544856729,True,0.0141314988139971
76,20,-10.0,-9.5,148,-2.715044077698366,0.2695071633324888,-0.1012463849974703,0.3707535483299592,0.9266569299107897,True,0.6486598509375527
76,21,-9.5,-9.0,196,-2.715044077698366,-0.1857901455708257,-0.1012463849974703,-0.0845437605733554,-0.5938398842047468,True,-0.4156879189433227
76,22,-9.0,-8.5,135,-2.715044077698366,0.2658985200392287,-0.1012463849974703,0.367144905036699,0.9176375305541593,True,0.6423462713879114
76,23,-8.5,-8.0,159,-2.715044077698366,-0.1974080261865578,-0.1012463849974703,-0.0961616411890874,-0.6809971166667242,True,-0.4766979816667069
76,24,-8.0,-7.5,170,-2.715044077698366,-0.192669111012557,-0.1012463849974703,-0.0914227260150866,-0.6454458190506438,True,-0.4518120733354506
76,25,-7.5,-7.0,170,-2.715044077698366,-0.1823296277917566,-0.1012463849974703,-0.0810832427942863,-0.5678791119705481,True,-0.3975153783793836
76,26,-7.0,-6.5,55,-2.715044077698366,-0.247727379980447,-0.1012463849974703,-0.1464809949829766,-1.0584924414174133,True,-0.7409447089921892
76,27,-6.5,-6.0,201,-2.715044077698366,0.2783790521724059,-0.1012463849974703,0.3796254371698763,0.9488312214635998,True,0.6641818550245198
76,28,-6.0,-5.5,47,-2.715044077698366,-0.2390641325735051,-0.1012463849974703,-0.1378177475760348,-0.9935008398425097,True,-0.6954505878897568
76,29,-5.5,-5.0,132,-2.715044077698366,0.5204636721059692,-0.1012463849974703,0.6217100571034395,1.5538945895601064,True,1.0877262126920744
76,30,-5.0,-4.5,134,-2.715044077698366,0.207095624196927,-0.1012463849974703,0.3083420091943973,0.7706662846239741,True,0.5394663992367819
76,31,-4.5,-4.0,225,-2.715044077698366,-0.131605699315071,-0.1012463849974703,-0.0303593143176006,-0.1873486717075703,True,-0.1311440701952992
76,32,-4.0,-3.5,137,-2.715044077698366,0.2896288025390987,-0.1012463849974703,0.390875187536569,0.9769487113272022,True,0.6838640979290415
76,33,-3.5,-3.0,239,-2.715044077698366,-0.2383194103769151,-0.1012463849974703,-0.1370730253794448,-0.987913940841336,True,-0.6915397585889351
76,34,-3.0,-2.5,121,-2.715044077698366,-0.1155906856418495,-0.1012463849974703,-0.0143443006443791,-0.06720418789280286,True,-0.047042931524962
76,35,-2.5,-2.0,150,-2.715044077698366,0.3818565385345621,-0.1012463849974703,0.4831029235320324,1.2074615980551777,True,0.8452231186386243
76,36,-2.0,-1.5,148,-2.715044077698366,-0.2296115143937181,-0.1012463849974703,-0.1283651293962477,-0.922587386062101,True,-0.6458111702434707
76,37,-1.5,-1.0,191,-2.715044077698366,0.0899912699927146,-0.1012463849974703,0.1912376549901849,0.4779770795310922,True,0.3345839556717645
76,38,-1.0,-0.5,257,-2.715044077698366,0.1059285428713921,-0.1012463849974703,0.2071749278688624,0.5178105064084051,True,0.3624673544858836
76,39,-0.5,0.0,116,-2.715044077698366,0.0668643370323103,-0.1012463849974703,0.1681107220297806,0.42017390329212007,True,0.294121732304484
76,40,0.0,0.5,202,-2.715044077698366,0.1643078486853426,-0.1012463849974703,0.2655542336828129,0.663723036550216,True,0.4646061255851512
76,41,0.5,1.0,156,-2.715044077698366,0.0719397732975952,-0.1012463849974703,0.1731861582950655,0.432859387244282,True,0.3030015710709974
76,42,1.0,1.5,261,-2.715044077698366,0.0638772138182696,-0.1012463849974703,0.1651235988157399,0.4127079236966268,True,0.2888955465876387
76,43,1.5,2.0,217,-2.715044077698366,0.0299066260268006,-0.1012463849974703,0.1311530110242709,0.3278022478591235,True,0.2294615735013864
76,44,2.0,2.5,125,-2.715044077698366,-0.331149604241467,-0.1012463849974703,-0.2299032192439967,-1.684325192923514,True,-1.1790276350464597
76,45,2.5,3.0,167,-2.715044077698366,0.1292052661743273,-0.1012463849974703,0.2304516511717976,0.5759880668159584,True,0.4031916467711708
76,46,3.0,3.5,78,-2.715044077698366,-0.3641539938398496,-0.1012463849974703,-0.2629076088423793,-1.9319238171163529,True,-1.352346671981447
76,47,3.5,4.0,182,-2.715044077698366,0.0259066724737557,-0.1012463849974703,0.1271530574712261,0.31780481237685676,True,0.2224633686637997
76,48,4.0,4.5,253,-2.715044077698366,-0.2766473507234598,-0.1012463849974703,-0.1754009657259894,-1.2754497932969961,True,-0.8928148553078973
76,49,4.5,5.0,134,-2.715044077698366,0.1876077615801466,-0.1012463849974703,0.288854146577617,0.7219585567429254,True,0.5053709897200478
76,50,5.0,5.5,184,-2.715044077698366,0.0976983309860676,-0.1012463849974703,0.1989447159835379,0.49724001446699656,True,0.3480680101268976
76,51,5.5,6.0,0,-2.715044077698366,,-0.1012463849974703,,,True,
76,52,6.0,6.5,244,-2.715044077698366,0.0159278057663257,-0.1012463849974703,0.117174190763796,0.2928637537443803,True,0.2050046276210662
76,53,6.5,7.0,151,-2.715044077698366,-0.1813604690814813,-0.1012463849974703,-0.080114084084011,-0.5606084923284738,True,-0.3924259446299316
76,54,7.0,7.5,209,-2.715044077698366,-0.0238156290557721,-0.1012463849974703,0.0774307559416981,0.19352949393150173,True,0.1354706457520512
76,55,7.5,8.0,117,-2.715044077698366,-0.0990840056419097,-0.1012463849974703,0.0021623793555606,0.005404624780941857,True,0.0037832373466593
76,56,8.0,8.5,207,-2.715044077698366,-0.0017433578532836,-0.1012463849974703,0.0995030271441867,0.24869666134173374,True,0.1740876629392136
76,57,8.5,9.0,17,-2.715044077698366,-0.3158717040074826,-0.1012463849974703,-0.2146253190100123,-1.5697105272829353,True,-1.0987973690980546
76,58,9.0,9.5,137,-2.715044077698366,0.2992143401333279,-0.1012463849974703,0.4004607251307982,1.000906687936256,True,0.7006346815553791
76,59,9.5,10.0,135,-2.715044077698366,-0.2171496888974133,-0.1012463849974703,-0.115903303899943,-0.8290988869453804,True,-0.5803692208617662
76,60,10.0,10.5,111,-2.715044077698366,-0.226352250539505,-0.1012463849974703,-0.1251058655420347,-0.8981364189027466,True,-0.6286954932319226
76,61,10.5,11.0,60,-2.715044077698366,0.290410671941686,-0.1012463849974703,0.3916570569391563,0.9789029062457842,True,0.6852320343720489
76,62,11.0,11.5,163,-2.715044077698366,0.1474147531245536,-0.1012463849974703,0.248661138122024,0.6215006380335644,True,0.435050446623495
76,63,11.5,12.0,133,-2.715044077698366,0.0503046661856492,-0.1012463849974703,0.1515510511831195,0.37878486246912174,True,0.2651494037283852
76,64,12.0,12.5,276,-2.715044077698366,0.1554936936914313,-0.1012463849974703,0.2567400786889016,0.6416930442731179,True,0.4491851309911825
76,65,12.5,13.0,82,-2.715044077698366,-0.1762335426371805,-0.1012463849974703,-0.0749871576397102,-0.5221463377667978,True,-0.3655024364367584
76,66,13.0,13.5,117,-2.715044077698366,0.3675973423815694,-0.1012463849974703,0.4688437273790398,1.1718223358292412,True,0.8202756350804687
76,67,13.5,14.0,108,-2.715044077698366,-0.2362301168337968,-0.1012463849974703,-0.1349837318363265,-0.9722400800880857,True,-0.6805680560616599
76,68,14.0,14.5,209,-2.715044077698366,0.0475345023640344,-0.1012463849974703,0.1487808873615047,0.3718611485522882,True,0.2603028039866017
76,69,14.5,15.0,255,-2.715044077698366,-0.2198099537734259,-0.1012463849974703,-0.1185635687759556,-0.8490561693343124,True,-0.5943393185340187
76,70,15.0,15.5,176,-2.715044077698366,0.3607294924457351,-0.1012463849974703,0.4619758774432054,1.1546569148500077,True,0.8082598403950053
76,71,15.5,16.0,182,-2.715044077698366,-0.1848301941516479,-0.1012463849974703,-0.0835838091541776,-0.5866383375749604,True,-0.4106468363024723
76,72,16.0,16.5,188,-2.715044077698366,-0.3332161849146794,-0.1012463849974703,-0.2319697999172091,-1.699828661937707,True,-1.1898800633563948
76,73,16.5,17.0,222,-2.715044077698366,0.1770435716672094,-0.1012463849974703,0.2782899566646797,0.6955545483772259,True,0.4868881838640581
76,74,17.0,17.5,134,-2.715044077698366,-0.1680349556043314,-0.1012463849974703,-0.0667885706068611,-0.46064061400215733,True,-0.3224484298015101
76,75,17.5,18.0,243,-2.715044077698366,0.262384377461339,-0.1012463849974703,0.3636307624588093,0.9088543251413874,True,0.6361980275989711
76,76,18.0,18.5,250,-2.715044077698366,-0.0804531286091137,-0.1012463849974703,0.0207932563883565,0.05197041326907058,True,0.0363792892883494
76,77,18.5,19.0,208,-2.715044077698366,0.3443165222521654,-0.1012463849974703,0.4455629072496357,1.1136345358632127,True,0.7795441751042489
76,78,19.0,19.5,97,-2.715044077698366,-0.3759744231550714,-0.1012463849974703,-0.2747280381576011,-2.0206005680404497,True,-1.4144203976283147
76,79,19.5,20.0,121,-2.715044077698366,0.4767791997416337,-0.1012463849974703,0.578025584739104,1.4447101482290645,True,1.011297103760345
77,0,-20.0,-19.5,123,-2.76629252116114,0.1011379993887295,0.0252914465872534,0.0758465528014761,0.29868268660212044,True,0.2090778806214843
77,1,-19.5,-19.0,235,-2.76629252116114,-0.1609842687442569,0.0252914465872534,-0.1862757153315103,-0.7513189407210437,True,-0.5259232585047305
77,2,-19.0,-18.5,176,-2.76629252116114,0.294040157610143,0.0252914465872534,0.2687487110228896,1.0583287448709384,True,0.7408301214096569
77,3,-18.5,-18.0,123,-2.76629252116114,-0.1182669824785955,0.0252914465872534,-0.1435584290658489,-0.5787339448909079,True,-0.4051137614236355
77,4,-18.0,-17.5,253,-2.76629252116114,0.0352313554825239,0.0252914465872534,0.0099399088952704,0.03914322515342972,True,0.0274002576074008
77,5,-17.5,-17.0,326,-2.76629252116114,0.1783958089809108,0.0252914465872534,0.1531043623936574,0.6029228831261039,True,0.4220460181882727
77,6,-17.0,-16.5,89,-2.76629252116114,-0.2012359362023009,0.0252914465872534,-0.2265273827895543,-0.9139424233364829,True,-0.639759696335538
77,7,-16.5,-16.0,40,-2.76629252116114,0.2270699248854085,0.0252914465872534,0.2017784782981551,0.7946008852152829,True,0.556220619650698
77,8,-16.0,-15.5,185,-2.76629252116114,0.2295220654326066,0.0252914465872534,0.2042306188453532,0.804257381120643,True,0.5629801667844501
77,9,-15.5,-15.0,137,-2.76629252116114,0.2486721154202493,0.0252914465872534,0.2233806688329958,0.8796700158101218,True,0.6157690110670853
77,10,-15.0,-14.5,246,-2.76629252116114,-0.2326349280960037,0.0252914465872534,-0.2579263746832571,-1.0407996129843482,True,-0.7285597290890437
77,11,-14.5,-14.0,223,-2.76629252116114,0.3033914063588622,0.0252914465872534,0.2780999597716088,1.0951538344259353,True,0.7666076840981547
77,12,-14.0,-13.5,46,-2.76629252116114,-0.1761509451027851,0.0252914465872534,-0.2014423916900385,-0.8125948551088387,True,-0.568816398576187
77,13,-13.5,-13.0,182,-2.76629252116114,0.1770261101463877,0.0252914465872534,0.1517346635591343,0.5975290278667624,True,0.4182703195067337
77,14,-13.0,-12.5,282,-2.76629252116114,-0.1765078688936319,0.0252914465872534,-0.2017993154808854,-0.8140368870434495,True,-0.5698258209304146
77,15,-12.5,-12.0,249,-2.76629252116114,0.0088091980932623,0.0252914465872534,-0.016482248493991,-0.06532487771115557,True,-0.0457274143978089
77,16,-12.0,-11.5,205,-2.76629252116114,0.1039038520392102,0.0252914465872534,0.0786124054519567,0.3095745764755263,True,0.2167022035328684
77,17,-11.5,-11.0,231,-2.76629252116114,-0.11875076500011,0.0252914465872534,-0.1440422115873634,-0.580688507358641,True,-0.4064819551510487
77,18,-11.0,-10.5,195,-2.76629252116114,0.0252914465872534,0.0252914465872534,0.0,0.0,True,0.0
77,19,-10.5,-10.0,131,-2.76629252116114,0.2780217932040251,0.0252914465872534,0.2527303466167717,0.9952486451291085,True,0.6966740515903759
77,20,-10.0,-9.5,86,-2.76629252116114,-0.0404919920336244,0.0252914465872534,-0.0657834386208778,-0.26450994858746785,True,-0.1851569640112275
77,21,-9.5,-9.0,179,-2.76629252116114,-0.043809999792028,0.0252914465872534,-0.0691014463792814,-0.27791525602172684,True,-0.1945406792152088
77,22,-9.0,-8.5,164,-2.76629252116114,0.2613821317828991,0.0252914465872534,0.2360906851956456,0.9297218862476571,True,0.6508053203733599
77,23,-8.5,-8.0,159,-2.76629252116114,-0.2215646758012725,0.0252914465872534,-0.246856122388526,-0.9960739383653466,True,-0.6972517568557426
77,24,-8.0,-7.5,139,-2.76629252116114,-0.1858096248609627,0.0252914465872534,-0.2111010714482162,-0.8516175401039222,True,-0.5961322780727455
77,25,-7.5,-7.0,177,-2.76629252116114,0.0810727435981777,0.0252914465872534,0.0557812970109242,0.21966598398984086,True,0.1537661887928886
77,26,-7.0,-6.5,231,-2.76629252116114,-0.2905729437382463,0.0252914465872534,-0.3158643903254997,-1.274878906454372,True,-0.8924152345180604
77,27,-6.5,-6.0,168,-2.76629252116114,0.0615985300740161,0.0252914465872534,0.0363070834867627,0.14297679773130986,True,0.1000837584119169
77,28,-6.0,-5.5,114,-2.76629252116114,0.1418913397585786,0.0252914465872534,0.1165998931713251,0.45916878307030773,True,0.3214181481492154
77,29,-5.5,-5.0,203,-2.76629252116114,0.162225051452255,0.0252914465872534,0.1369336048650015,0.5392426613539627,True,0.3774698629477739
77,30,-5.0,-4.5,186,-2.76629252116114,-0.1487576754577979,0.0252914465872534,-0.1740491220450513,-0.7019214546954267,True,-0.4913450182867986
77,31,-4.5,-4.0,61,-2.76629252116114,-0.2264234614082551,0.0252914465872534,-0.2517149079955085,-1.0157042465386135,True,-0.7109929725770294
77,32,-4.0,-3.5,180,-2.76629252116114,0.2840545146214148,0.0252914465872534,0.2587630680341614,1.0190054194835658,True,0.713303793638496
77,33,-3.5,-3.0,269,-2.76629252116114,-0.1526080835774939,0.0252914465872534,-0.1778995301647473,-0.7174777488183572,True,-0.50223442417285
77,34,-3.0,-2.5,244,-2.76629252116114,0.0271216509118975,0.0252914465872534,0.001830204324644,0.007207319575173144,True,0.0050451237026212
77,35,-2.5,-2.0,216,-2.76629252116114,-0.0795542350577494,0.0252914465872534,-0.1048456816450028,-0.42232795714513244,True,-0.2956295700015927
77,36,-2.0,-1.5,218,-2.76629252116114,0.3105299212830681,0.0252914465872534,0.2852384746958147,1.1232652084720562,True,0.7862856459304394
77,37,-1.5,-1.0,0,-2.76629252116114,,0.0252914465872534,,,True,
77,38,-1.0,-0.5,192,-2.76629252116114,0.2112137256958628,0.0252914465872534,0.1859222791086094,0.7321593898762924,True,0.5125115729134047
77,39,-0.5,0.0,197,-2.76629252116114,0.0883695201489831,0.0252914465872534,0.0630780735617297,0.24840059015492844,True,0.1738804131084499
77,40,0.0,0.5,231,-2.76629252116114,-0.1447615500714149,0.0252914465872534,-0.1700529966586683,-0.6857764383932088,True,-0.4800435068752461
77,41,0.5,1.0,136,-2.76629252116114,0.2413978343198772,0.0252914465872534,0.2161063877326238,0.8510239964208813,True,0.5957167974946169
77,42,1.0,1.5,145,-2.76629252116114,-0.1112609263468001,0.0252914465872534,-0.1365523729340535,-0.5504283039198995,True,-0.3852998127439296
77,43,1.5,2.0,264,-2.76629252116114,0.2077758465092353,0.0252914465872534,0.1824843999219819,0.7186210687035017,True,0.5030347480924512
77,44,2.0,2.5,73,-2.76629252116114,-0.2725433091839062,0.0252914465872534,-0.2978347557711596,-1.2020361611304264,True,-0.8414253127912985
77,45,2.5,3.0,175,-2.76629252116114,-0.4388437588237994,0.0252914465872534,-0.4641352054110528,-1.8739178492404256,True,-1.3117424944682978
77,46,3.0,3.5,115,-2.76629252116114,0.3652402329684348,0.0252914465872534,0.3399487863811814,1.338713666911511,True,0.9370995668380576
77,47,3.5,4.0,94,-2.76629252116114,-0.0647972574417307,0.0252914465872534,-0.0900887040289841,-0.36270729434162274,True,-0.2538951060391359
77,48,4.0,4.5,77,-2.76629252116114,-0.2137617129959552,0.0252914465872534,-0.2390531595832086,-0.9645486608736222,True,-0.6751840626115355
77,49,4.5,5.0,161,-2.76629252116114,0.2911991235643992,0.0252914465872534,0.2659076769771458,1.0471407916922102,True,0.7329985541845471
77,50,5.0,5.5,152,-2.76629252116114,-0.2662017589696009,0.0252914465872534,-0.2914932055568543,-1.1764152354357094,True,-0.8234906648049964
77,51,5.5,6.0,299,-2.76629252116114,-0.0238909871634103,0.0252914465872534,-0.0491824337506637,-0.19743910662237144,True,-0.13820737463566
77,52,6.0,6.5,122,-2.76629252116114,-0.0541823646976138,0.0252914465872534,-0.0794738112848672,-0.3198213486242939,True,-0.2238749440370057
77,53,6.5,7.0,157,-2.76629252116114,-0.2780465686475792,0.0252914465872534,-0.3033380152348326,-1.224270251697028,True,-0.8569891761879196
77,54,7.0,7.5,227,-2.76629252116114,0.0924001574509243,0.0252914465872534,0.0671087108636708,0.2642731846710376,True,0.1849912292697263
77,55,7.5,8.0,93,-2.76629252116114,-0.4882010327821902,0.0252914465872534,-0.5134924793694436,-2.0733295081955325,True,-1.4513306557368726
77,56,8.0,8.5,194,-2.76629252116114,0.1945720339692724,0.0252914465872534,0.1692805873820189,0.6666246356797167,True,0.4666372449758017
77,57,8.5,9.0,197,-2.76629252116114,-0.0547423832999397,0.0252914465872534,-0.0800338298871931,-0.32208391763549316,True,-0.2254587423448452
77,58,9.0,9.5,237,-2.76629252116114,0.1557931914762978,0.0252914465872534,0.1305017448890444,0.5139140848200253,True,0.3597398593740177
77,59,9.5,10.0,126,-2.76629252116114,-0.2622815468048154,0.0252914465872534,-0.2875729933920689,-1.1605769212716233,True,-0.8124038448901363
77,60,10.0,10.5,73,-2.76629252116114,-0.1286170088783425,0.0252914465872534,-0.1539084554655959,-0.6205497861860051,True,-0.4343848503302035
77,61,10.5,11.0,223,-2.76629252116114,-0.0915741830489455,0.0252914465872534,-0.1168656296361989,-0.47089056154462117,True,-0.3296233930812348
77,62,11.0,11.5,38,-2.76629252116114,0.1576681916722845,0.0252914465872534,0.132376745085031,0.5212978099232957,True,0.3649084669463069
77,63,11.5,12.0,184,-2.76629252116114,0.1576681916722852,0.0252914465872534,0.1323767450850317,0.5212978099232983,True,0.3649084669463088
77,64,12.0,12.5,83,-2.76629252116114,-0.2543496668900987,0.0252914465872534,-0.2796411134773521,-1.1285307970517204,True,-0.7899715579362043
77,65,12.5,13.0,231,-2.76629252116114,0.2491432942910951,0.0252914465872534,0.2238518477038416,0.8815255117531312,True,0.6170678582271918
77,66,13.0,13.5,224,-2.76629252116114,0.1077608767019248,0.0252914465872534,0.0824694301146714,0.3247634867950977,True,0.2273344407565684
77,67,13.5,14.0,116,-2.76629252116114,-0.1656214764678384,0.0252914465872534,-0.1909129230550919,-0.770054037109438,True,-0.5390378259766065
77,68,14.0,14.5,168,-2.76629252116114,0.4297364998467743,0.0252914465872534,0.4044450532595209,1.5926990829323544,True,1.114889358052648
77,69,14.5,15.0,44,-2.76629252116114,-0.1230494072583737,0.0252914465872534,-0.1483408538456271,-0.5980557425243742,True,-0.4186390197670619
77,70,15.0,15.5,112,-2.76629252116114,-0.2499811462051917,0.0252914465872534,-0.2752725927924452,-1.1108812413308886,True,-0.777616868931622
77,71,15.5,16.0,181,-2.76629252116114,0.2001126228887193,0.0252914465872534,0.1748211763014659,0.68844339899451,True,0.481910379296157
77,72,16.0,16.5,94,-2.76629252116114,0.0420043458388943,0.0252914465872534,0.0167128992516409,0.06581516845540171,True,0.0460706179187812
77,73,16.5,17.0,214,-2.76629252116114,0.1376792715904071,0.0252914465872534,0.1123878250031537,0.4425817162867502,True,0.3098072014007251
77,74,17.0,17.5,100,-2.76629252116114,-0.2513434080764016,0.0252914465872534,-0.276634854663655,-1.1163850076024668,True,-0.7814695053217268
77,75,17.5,18.0,239,-2.76629252116114,-0.0616976730852954,0.0252914465872534,-0.0869891196725488,-0.35018445405856485,True,-0.2451291178409954
77,76,18.0,18.5,246,-2.76629252116114,0.2567725987819201,0.0252914465872534,0.2314811521946666,0.9115696083937487,True,0.638098725875624
77,77,18.5,19.0,177,-2.76629252116114,0.1288273815442717,0.0252914465872534,0.1035359349570182,0.4077230944663678,True,0.2854061661264574
77,78,19.0,19.5,170,-2.76629252116114,0.1049764605244017,0.0252914465872534,0.0796850139371482,0.3137984940063306,True,0.2196589458044314
77,79,19.5,20.0,164,-2.76629252116114,0.3511280680368338,0.0252914465872534,0.3258366214495803,1.283140154604689,True,0.8981981082232822
78,0,-20.0,-19.5,190,-2.6837863197621603,-0.1561153647019128,-0.0767780394832867,-0.079337325218626,-0.38054396183214284,True,-0.2663807732825
78,1,-19.5,-19.0,225,-2.6837863197621603,-0.0137221251685307,-0.0767780394832867,0.0630559143147559,0.21817406016665444,True,0.1527218421166581
78,2,-19.0,-18.5,238,-2.6837863197621603,0.0602032631064451,-0.0767780394832867,0.1369813025897318,0.47395660308307014,True,0.3317696221581491
78,3,-18.5,-18.0,91,-2.6837863197621603,-0.2019746912356677,-0.0767780394832867,-0.125196651752381,-0.6133581662159957,True,-0.429350716351197
78,4,-18.0,-17.5,285,-2.6837863197621603,0.1940337415525335,-0.0767780394832867,0.2708117810358203,0.9370113248159097,True,0.6559079273711367
78,5,-17.5,-17.0,324,-2.6837863197621603,0.0709053171907001,-0.0767780394832867,0.1476833566739868,0.5109858114778589,True,0.3576900680345012
78,6,-17.0,-16.5,307,-2.6837863197621603,-0.227424804677028,-0.0767780394832867,-0.1506467651937413,-0.7425608466776867,True,-0.5197925926743807
78,7,-16.5,-16.0,196,-2.6837863197621603,-0.2094161414958449,-0.0767780394832867,-0.1326381020125582,-0.6511362029368354,True,-0.4557953420557847
78,8,-16.0,-15.5,233,-2.6837863197621603,0.0968393464393952,-0.0767780394832867,0.1736173859226819,0.6007177980671724,True,0.4205024586470207
78,9,-15.5,-15.0,229,-2.6837863197621603,-0.2122466076603113,-0.0767780394832867,-0.1354685681770245,-0.6655056404738343,True,-0.465853948331684
78,10,-15.0,-14.5,321,-2.6837863197621603,-0.1001928252977559,-0.0767780394832867,-0.0234147858144692,-0.09664180925865673,True,-0.0676492664810597
78,11,-14.5,-14.0,208,-2.6837863197621603,-0.1352219267217426,-0.0767780394832867,-0.0584438872384559,-0.2744741717183196,True,-0.1921319202028237
78,12,-14.0,-13.5,207,-2.6837863197621603,0.1889732238956608,-0.0767780394832867,0.2657512633789476,0.9195018858403083,True,0.6436513200882158
78,13,-13.5,-13.0,135,-2.6837863197621603,-0.2075648044925394,-0.0767780394832867,-0.1307867650092526,-0.6417375138576634,True,-0.4492162597003644
78,14,-13.0,-12.5,211,-2.6837863197621603,-0.138085539412177,-0.0767780394832867,-0.0613074999288903,-0.28901188434033703,True,-0.2023083190382359
78,15,-12.5,-12.0,351,-2.6837863197621603,0.2269002543963705,-0.0767780394832867,0.3036782938796572,1.0507297702398526,True,0.7355108391678967
78,16,-12.0,-11.5,169,-2.6837863197621603,-0.0905271568160908,-0.0767780394832867,-0.0137491173328041,-0.047572076066203714,True,-0.0333004532463426
78,17,-11.5,-11.0,261,-2.6837863197621603,0.1844948030884113,-0.0767780394832867,0.2612728425716981,0.9040065074722271,True,0.6328045552305589
78,18,-11.0,-10.5,218,-2.6837863197621603,-0.0977856604408449,-0.0767780394832867,-0.0210076209575582,-0.08442134695923757,True,-0.0590949428714663
78,19,-10.5,-10.0,155,-2.6837863197621603,-0.2301652850695356,-0.0767780394832867,-0.1533872455862488,-0.7564734531295405,True,-0.5295314171906783
78,20,-10.0,-9.5,193,-2.6837863197621603,0.0931146839411904,-0.0767780394832867,0.1698927234244772,0.5878304305804777,True,0.4114813014063344
78,21,-9.5,-9.0,171,-2.6837863197621603,-0.2744699433765662,-0.0767780394832867,-0.1976919038932794,-0.9813950678562102,True,-0.6869765474993471
78,22,-9.0,-8.5,308,-2.6837863197621603,-0.0036337757341585,-0.0767780394832867,0.0731442637491281,0.25307984466595057,True,0.1771558912661654
78,23,-8.5,-8.0,237,-2.6837863197621603,-0.0630289221504825,-0.0767780394832867,0.0137491173328041,0.047572076066203714,True,0.0333004532463426
78,24,-8.0,-7.5,257,-2.6837863197621603,0.2106094286064385,-0.0767780394832867,0.2873874680897252,0.9943633588622386,True,0.696054351203567
78,25,-7.5,-7.0,74,-2.6837863197621603,-0.1945079456857329,-0.0767780394832867,-0.1177299062024462,-0.5754517128086346,True,-0.4028161989660442
78,26,-7.0,-6.5,236,-2.6837863197621603,0.1787820652190883,-0.0767780394832867,0.255560104702375,0.8842403803902135,True,0.6189682662731494
78,27,-6.5,-6.0,180,-2.6837863197621603,-0.3111176067173167,-0.0767780394832867,-0.23433956723403,-1.1674443892941089,True,-0.8172110725058761
78,28,-6.0,-5.5,298,-2.6837863197621603,0.062929424609796,-0.0767780394832867,0.1397074640930827,0.48338914767971414,True,0.3383724033757999
78,29,-5.5,-5.0,150,-2.6837863197621603,-0.0422700643385821,-0.0767780394832867,0.0345079751447046,0.11939792051652744,True,0.0835785443615692
78,30,-5.0,-4.5,334,-2.6837863197621603,0.0632138203952559,-0.0767780394832867,0.1399918598785426,0.4843731597883697,True,0.3390612118518588
78,31,-4.5,-4.0,145,-2.6837863197621603,-0.2098533835019648,-0.0767780394832867,-0.1330753440186781,-0.6533559509678727,True,-0.4573491656775109
78,32,-4.0,-3.5,245,-2.6837863197621603,0.2040516629183432,-0.0767780394832867,0.28082970240163,0.9716734275315863,True,0.6801713992721103
78,33,-3.5,-3.0,186,-2.6837863197621603,-0.3164605816122297,-0.0767780394832867,-0.239682542128943,-1.1945690887439901,True,-0.836198362120793
78,34,-3.0,-2.5,168,-2.6837863197621603,-0.1118263649427053,-0.0767780394832867,-0.0350483254594185,-0.15570184091030587,True,-0.1089912886372141
78,35,-2.5,-2.0,178,-2.6837863197621603,0.3001744522583776,-0.0767780394832867,0.3769524917416643,1.3042591881658063,True,0.9129814317160644
78,36,-2.0,-1.5,209,-2.6837863197621603,-0.1164647768953853,-0.0767780394832867,-0.0396867374120985,-0.17924968319213472,True,-0.1254747782344943
78,37,-1.5,-1.0,273,-2.6837863197621603,0.1612964739750307,-0.0767780394832867,0.2380745134583175,0.8237400692364064,True,0.5766180484654845
78,38,-1.0,-0.5,46,-2.6837863197621603,-0.4606166985080335,-0.0767780394832867,-0.3838386590247468,-1.9264069546459035,True,-1.3484848682521324
78,39,-0.5,0.0,208,-2.6837863197621603,0.3493324868733337,-0.0767780394832867,0.4261105263566204,1.4743464530688561,True,1.0320425171481993
78,40,0.0,0.5,185,-2.6837863197621603,-0.1870818175290804,-0.0767780394832867,-0.1103037780457937,-0.5377514618646743,True,-0.376426023305272
78,41,0.5,1.0,76,-2.6837863197621603,0.0844688370450296,-0.0767780394832867,0.1612468765283164,0.5579157185124101,True,0.390541002958687
78,42,1.0,1.5,304,-2.6837863197621603,-0.0031426321058516,-0.0767780394832867,0.073635407377435,0.25477920626711315,True,0.1783454443869792
78,43,1.5,2.0,137,-2.6837863197621603,-0.2013055895626041,-0.0767780394832867,-0.1245275500793174,-0.6099613353979167,True,-0.4269729347785417
78,44,2.0,2.5,185,-2.6837863197621603,0.2706349421213599,-0.0767780394832867,0.3474129816046466,1.2020522035876913,True,0.8414365425113839
78,45,2.5,3.0,139,-2.6837863197621603,-0.2976569503823918,-0.0767780394832867,-0.2208789108991051,-1.099108627913197,True,-0.7693760395392378
78,46,3.0,3.5,187,-2.6837863197621603,0.2083479832592181,-0.0767780394832867,0.2851260227425048,0.9865387365629691,True,0.6905771155940783
78,47,3.5,4.0,113,-2.6837863197621603,-0.2104022435281405,-0.0767780394832867,-0.1336242040448537,-0.6561423505940888,True,-0.4592996454158621
78,48,4.0,4.5,294,-2.6837863197621603,-0.0343608942003084,-0.0767780394832867,0.0424171452829782,0.1467637240318403,True,0.1027346068222882
78,49,4.5,5.0,86,-2.6837863197621603,-0.4166377040098576,-0.0767780394832867,-0.3398596645265709,-1.7031386385235934,True,-1.1921970469665153
78,50,5.0,5.5,214,-2.6837863197621603,0.030519332588249,-0.0767780394832867,0.1072973720715358,0.37124992261956674,True,0.2598749458336967
78,51,5.5,6.0,31,-2.6837863197621603,-0.3121100880274829,-0.0767780394832867,-0.2353320485441961,-1.1724829226537754,True,-0.8207380458576428
78,52,6.0,6.5,91,-2.6837863197621603,-0.0110557384669125,-0.0767780394832867,0.0657223010163742,0.227399783383712,True,0.1591798483685984
78,53,6.5,7.0,178,-2.6837863197621603,0.0216983786897722,-0.0767780394832867,0.098476418173059,0.3407293386666162,True,0.2385105370666313
78,54,7.0,7.5,146,-2.6837863197621603,-0.0693221191630493,-0.0767780394832867,0.0074559203202374,0.02579755485623943,True,0.0180582883993676
78,55,7.5,8.0,217,-2.6837863197621603,-0.095880879787013,-0.0767780394832867,-0.0191028403037262,-0.07475134031138073,True,-0.0523259382179665
78,56,8.0,8.5,108,-2.6837863197621603,-0.0891216592332711,-0.0767780394832867,-0.0123436197499844,-0.04270904113077286,True,-0.029896328791541
78,57,8.5,9.0,244,-2.6837863197621603,0.0097660000487336,-0.0767780394832867,0.0865440395320204,0.29944319566397576,True,0.209610236964783
78,58,9.0,9.5,240,-2.6837863197621603,-0.1530190102735906,-0.0767780394832867,-0.0762409707903038,-0.364824688410418,True,-0.2553772818872926
78,59,9.5,10.0,321,-2.6837863197621603,-0.0781981374134174,-0.0767780394832867,-0.0014200979301306,-0.004913552275275571,True,-0.0034394865926929
78,60,10.0,10.5,308,-2.6837863197621603,-0.3248161039737392,-0.0767780394832867,-0.2480380644904525,-1.2369875985181031,True,-0.8658913189626721
78,61,10.5,11.0,292,-2.6837863197621603,0.0478495921268282,-0.0767780394832867,0.1246276316101149,0.4312127846026636,True,0.3018489492218645
78,62,11.0,11.5,243,-2.6837863197621603,-0.2094975130115798,-0.0767780394832867,-0.132719473528293,-0.6515493019970965,True,-0.4560845113979675
78,63,11.5,12.0,233,-2.6837863197621603,0.1480315225012776,-0.0767780394832867,0.2248095619845643,0.7778432116237157,True,0.544490248136601
78,64,12.0,12.5,104,-2.6837863197621603,-0.1207537246066878,-0.0767780394832867,-0.0439756851234011,-0.2010233991300669,True,-0.1407163793910468
78,65,12.5,13.0,351,-2.6837863197621603,-0.0056454614697902,-0.0767780394832867,0.0711325780134964,0.24611939298601343,True,0.1722835750902094
78,66,13.0,13.5,105,-2.6837863197621603,-0.0892556920499311,-0.0767780394832867,-0.0124776525666444,-0.04317279594464029,True,-0.0302209571612482
78,67,13.5,14.0,192,-2.6837863197621603,0.3083113019942375,-0.0767780394832867,0.3850893414775242,1.3324127652430813,True,0.9326889356701568
78,68,14.0,14.5,146,-2.6837863197621603,-0.0008918561526895,-0.0767780394832867,0.0758861833305971,0.2625669123619867,True,0.1837968386533907
78,69,14.5,15.0,197,-2.6837863197621603,-0.3018249153427579,-0.0767780394832867,-0.2250468758594711,-1.1202681502937348,True,-0.7841877052056143
78,70,15.0,15.5,188,-2.6837863197621603,0.2986969313449133,-0.0767780394832867,0.3754749708282,1.2991469518248575,True,0.9094028662774002
78,71,15.5,16.0,156,-2.6837863197621603,-0.1880624171197847,-0.0767780394832867,-0.111284377636498,-0.5427296752573396,True,-0.3799107726801377
78,72,16.0,16.5,175,-2.6837863197621603,0.212260389316332,-0.0767780394832867,0.2890384287996188,1.0000756985399268,True,0.7000529889779488
78,73,16.5,17.0,176,-2.6837863197621603,-0.1161496297971304,-0.0767780394832867,-0.0393715903138436,-0.17764977480948344,True,-0.1243548423666384
78,74,17.0,17.5,211,-2.6837863197621603,0.3559682305961035,-0.0767780394832867,0.4327462700793902,1.4973061891373136,True,1.0481143323961195
78,75,17.5,18.0,171,-2.6837863197621603,-0.3126600156952523,-0.0767780394832867,-0.2358819762119655,-1.1752747423798275,True,-0.8226923196658792
78,76,18.0,18.5,214,-2.6837863197621603,0.2330394039130161,-0.0767780394832867,0.3098174433963029,1.0719712856563264,True,0.7503798999594284
78,77,18.5,19.0,147,-2.6837863197621603,-0.1658508632906595,-0.0767780394832867,-0.0890728238073728,-0.429968201774936,True,-0.3009777412424552
78,78,19.0,19.5,199,-2.6837863197621603,0.1651998631723489,-0.0767780394832867,0.2419779026556357,0.8372458327931531,True,0.5860720829552072
78,79,19.5,20.0,125,-2.6837863197621603,-0.2195125383491989,-0.0767780394832867,-0.1427344988659122,-0.7023926163694898,True,-0.4916748314586428
79,0,-20.0,-19.5,322,-2.695308470002436,0.2057262459812121,-0.0701620878574667,0.2758883338386789,0.8048856006851688,True,0.5634199204796181
79,1,-19.5,-19.0,189,-2.695308470002436,-0.377188399118666,-0.0701620878574667,-0.3070263112611991,-1.5983974351900099,True,-1.1188782046330068
79,2,-19.0,-18.5,247,-2.695308470002436,0.1527143847726793,-0.0701620878574667,0.2228764726301461,0.6502270721472478,True,0.4551589505030735
79,3,-18.5,-18.0,352,-2.695308470002436,0.1837855124564673,-0.0701620878574667,0.2539476003139341,0.7408749908967037,True,0.5186124936276926
79,4,-18.0,-17.5,169,-2.695308470002436,-0.1238761498911205,-0.0701620878574667,-0.0537140620336538,-0.15670715207000385,True,-0.1096950064490027
79,5,-17.5,-17.0,84,-2.695308470002436,-0.1032598330780874,-0.0701620878574667,-0.0330977452206206,-0.09656043868386657,True,-0.0675923070787066
79,6,-17.0,-16.5,233,-2.695308470002436,-0.2459096718912003,-0.0701620878574667,-0.1757475840337335,-0.8288813190980496,True,-0.5802169233686347
79,7,-16.5,-16.0,223,-2.695308470002436,-0.0357660708348157,-0.0701620878574667,0.034396017022651,0.10034805907611158,True,0.0702436413532781
79,8,-16.0,-15.5,301,-2.695308470002436,0.3888616208166354,-0.0701620878574667,0.4590237086741022,1.3391707012190126,True,0.9374194908533088
79,9,-15.5,-15.0,113,-2.695308470002436,-0.3074647597106196,-0.0701620878574667,-0.2373026718531528,-1.1896985901432324,True,-0.8327890131002627
79,10,-15.0,-14.5,276,-2.695308470002436,-0.2635700327391913,-0.0701620878574667,-0.1934079448817245,-0.9324010025649786,True,-0.652680701795485
79,11,-14.5,-14.0,232,-2.695308470002436,0.3463202304523164,-0.0701620878574667,0.4164823183097832,1.2150590649604494,True,0.8505413454723145
79,12,-14.0,-13.5,214,-2.695308470002436,-0.2643789831040661,-0.0701620878574667,-0.1942168952465993,-0.9371428244582626,True,-0.6559999771207837
79,13,-13.5,-13.0,256,-2.695308470002436,-0.2229188183657582,-0.0701620878574667,-0.1527567305082915,-0.6941159029169285,True,-0.4858811320418499
79,14,-13.0,-12.5,284,-2.695308470002436,0.2076472618258434,-0.0701620878574667,0.2778093496833101,0.8104900348071851,True,0.5673430243650295
79,15,-12.5,-12.0,223,-2.695308470002436,-0.2117824349216786,-0.0701620878574667,-0.1416203470642119,-0.6288377979551824,True,-0.4401864585686276
79,16,-12.0,-11.5,293,-2.695308470002436,-0.2023653876625842,-0.0701620878574667,-0.1322032998051175,-0.5736379206794324,True,-0.4015465444756027
79,17,-11.5,-11.0,290,-2.695308470002436,0.1845147764337492,-0.0701620878574667,0.254676864291216,0.7430025693493534,True,0.5201017985445473
79,18,-11.0,-10.5,64,-2.695308470002436,-0.2704699384137138,-0.0701620878574667,-0.200307850556247,-0.9728461586705796,True,-0.6809923110694056
79,19,-10.5,-10.0,221,-2.695308470002436,0.2247409766896912,-0.0701620878574667,0.2949030645471581,0.8603597946650785,True,0.6022518562655549
79,20,-10.0,-9.5,211,-2.695308470002436,-0.1820422436241961,-0.0701620878574667,-0.1118801557667293,-0.4545098090844714,True,-0.31815686635913
79,21,-9.5,-9.0,174,-2.695308470002436,0.0208355879301976,-0.0701620878574667,0.0909976757876643,0.2654795797930907,True,0.1858357058551635
79,22,-9.0,-8.5,251,-2.695308470002436,0.1251522948677416,-0.0701620878574667,0.1953143827252083,0.569816534374214,True,0.3988715740619498
79,23,-8.5,-8.0,244,-2.695308470002436,-0.3016777921464074,-0.0701620878574667,-0.2315157042889406,-1.1557771399737258,True,-0.809043997981608
79,24,-8.0,-7.5,306,-2.695308470002436,0.1283621611940753,-0.0701620878574667,0.1985242490515421,0.5791811028220447,True,0.4054267719754313
79,25,-7.5,-7.0,243,-2.695308470002436,-0.1385315447443018,-0.0701620878574667,-0.068369456886835,-0.199463277802303,True,-0.1396242944616121
79,26,-7.0,-6.5,226,-2.695308470002436,0.2745946232543118,-0.0701620878574667,0.3447567111117785,1.005804445053862,True,0.7040631115377033
79,27,-6.5,-6.0,110,-2.695308470002436,-0.3070863433853921,-0.0701620878574667,-0.2369242555279253,-1.187480428320637,True,-0.8312362998244459
79,28,-6.0,-5.5,124,-2.695308470002436,0.183838924449244,-0.0701620878574667,0.2540010123067108,0.7410308167820961,True,0.5187215717474672
79,29,-5.5,-5.0,193,-2.695308470002436,0.0309149079095464,-0.0701620878574667,0.1010769957670132,0.29488531581388244,True,0.2064197210697177
79,30,-5.0,-4.5,106,-2.695308470002436,-0.2568843629130456,-0.0701620878574667,-0.1867222750555788,-0.8932116320801887,True,-0.625248142456132
79,31,-4.5,-4.0,236,-2.695308470002436,0.3078456761053835,-0.0701620878574667,0.3780077639628503,1.1028121484064024,True,0.7719685038844816
79,32,-4.0,-3.5,106,-2.695308470002436,-0.1921748695574467,-0.0701620878574667,-0.1220127816999799,-0.5139041916980194,True,-0.3597329341886135
79,33,-3.5,-3.0,52,-2.695308470002436,-0.3208025912134004,-0.0701620878574667,-0.2506405033559337,-1.2678809164947453,True,-0.8875166415463216
79,34,-3.0,-2.5,71,-2.695308470002436,-0.2721495322738363,-0.0701620878574667,-0.2019874444163695,-0.9826914288918083,True,-0.6878840002242658
79,35,-2.5,-2.0,321,-2.695308470002436,0.2723839865661704,-0.0701620878574667,0.3425460744236372,0.9993550616606819,True,0.6995485431624773
79,36,-2.0,-1.5,205,-2.695308470002436,-0.0017926309706317,-0.0701620878574667,0.068369456886835,0.199463277802303,True,0.1396242944616121
79,37,-1.5,-1.0,168,-2.695308470002436,0.0793038020222722,-0.0701620878574667,0.149465889879739,0.43605664974635044,True,0.3052396548224453
79,38,-1.0,-0.5,230,-2.695308470002436,-0.1514274600440794,-0.0701620878574667,-0.0812653721866126,-0.27505522529080345,True,-0.1925386577035624
79,39,-0.5,0.0,240,-2.695308470002436,0.1148910703349699,-0.0701620878574667,0.1850531581924366,0.5398801040913201,True,0.3779160728639241
79,40,0.0,0.5,239,-2.695308470002436,-0.3784879898591564,-0.0701620878574667,-0.3083259020016896,-1.6060152422807086,True,-1.124210669596496
79,41,0.5,1.0,243,-2.695308470002436,0.2954753387250967,-0.0701620878574667,0.3656374265825635,1.0667225236858717,True,0.7467057665801102
79,42,1.0,1.5,190,-2.695308470002436,-0.221647575624392,-0.0701620878574667,-0.1514854877669252,-0.6866642632064724,True,-0.4806649842445307
79,43,1.5,2.0,169,-2.695308470002436,-0.267938554229827,-0.0701620878574667,-0.1977764663723602,-0.9580079516993463,True,-0.6706055661895424
79,44,2.0,2.5,148,-2.695308470002436,0.0150433262505474,-0.0701620878574667,0.0852054141080142,0.24858104712778073,True,0.1740067329894465
79,45,2.5,3.0,123,-2.695308470002436,0.1366668295552824,-0.0701620878574667,0.2068289174127491,0.6034094124768842,True,0.4223865887338189
79,46,3.0,3.5,110,-2.695308470002436,-0.1121262561986924,-0.0701620878574667,-0.0419641683412256,-0.12242762994948186,True,-0.0856993409646373
79,47,3.5,4.0,231,-2.695308470002436,0.1877606358153463,-0.0701620878574667,0.2579227236728131,0.7524721451075803,True,0.5267305015753062
79,48,4.0,4.5,112,-2.695308470002436,-0.4054025659057239,-0.0701620878574667,-0.3352404780482572,-1.7637803308295203,True,-1.234646231580664
79,49,4.5,5.0,132,-2.695308470002436,0.3488976828834753,-0.0701620878574667,0.419059770740942,1.2225786085360169,True,0.8558050259752118
79,50,5.0,5.5,173,-2.695308470002436,0.0097747518218373,-0.0701620878574667,0.0799368396793041,0.23321033668561159,True,0.1632472356799281
79,51,5.5,6.0,70,-2.695308470002436,-0.3916544274570895,-0.0701620878574667,-0.3214923395996227,-1.683192909501487,True,-1.1782350366510408
79,52,6.0,6.5,62,-2.695308470002436,0.4436308453514887,-0.0701620878574667,0.5137929332089555,1.4989562186978813,True,1.0492693530885169
79,53,6.5,7.0,273,-2.695308470002436,0.2517306513972197,-0.0701620878574667,0.3218927392546864,0.9391003497186633,True,0.6573702448030643
79,54,7.0,7.5,87,-2.695308470002436,-0.2996232787150735,-0.0701620878574667,-0.2294611908576067,-1.1437342048422823,True,-0.8006139433895976
79,55,7.5,8.0,79,-2.695308470002436,-0.2415494547887421,-0.0701620878574667,-0.1713873669312753,-0.8033230477706033,True,-0.5623261334394223
79,56,8.0,8.5,211,-2.695308470002436,0.2031119487518188,-0.0701620878574667,0.2732740366092856,0.7972585648965508,True,0.5580809954275855
79,57,8.5,9.0,88,-2.695308470002436,-0.2690778059012477,-0.0701620878574667,-0.1989157180437809,-0.964685899756566,True,-0.6752801298295962
79,58,9.0,9.5,87,-2.695308470002436,-0.2579490507218555,-0.0701620878574667,-0.1877869628643887,-0.899452509370736,True,-0.6296167565595151
79,59,9.5,10.0,144,-2.695308470002436,-0.3136939802158612,-0.0701620878574667,-0.2435318923583944,-1.2262123930320148,True,-0.8583486751224103
79,60,10.0,10.5,135,-2.695308470002436,-0.0950329378985495,-0.0701620878574667,-0.0248708500410827,-0.072559027039443,True,-0.0507913189276101
79,61,10.5,11.0,115,-2.695308470002436,0.0921071836898318,-0.0701620878574667,0.1622692715472986,0.4734096519589086,True,0.331386756371236
79,62,11.0,11.5,226,-2.695308470002436,0.0877371633808809,-0.0701620878574667,0.1578992512383477,0.4606604125386109,True,0.3224622887770276
79,63,11.5,12.0,125,-2.695308470002436,-0.3400755777104991,-0.0701620878574667,-0.2699134898530323,-1.3808533228240876,True,-0.9665973259768612
79,64,12.0,12.5,291,-2.695308470002436,0.012834716696398,-0.0701620878574667,0.0829968045538648,0.24213757776125786,True,0.1694963044328805
79,65,12.5,13.0,233,-2.695308470002436,-0.0810520799717728,-0.0701620878574667,-0.010889992114306,-0.031770817281115,True,-0.0222395720967805
79,66,13.0,13.5,177,-2.695308470002436,-0.3485215311922501,-0.0701620878574667,-0.2783594433347833,-1.4303609426588615,True,-1.001252659861203
79,67,13.5,14.0,270,-2.695308470002436,0.2501709666535541,-0.0701620878574667,0.3203330545110209,0.9345500747058794,True,0.6541850522941155
79,68,14.0,14.5,241,-2.695308470002436,0.0273519990265814,-0.0701620878574667,0.0975140868840482,0.284490769525714,True,0.1991435386679998
79,69,14.5,15.0,109,-2.695308470002436,-0.2844186700205985,-0.0701620878574667,-0.2142565821631317,-1.0546093963042042,True,-0.738226577412943
79,70,15.0,15.5,229,-2.695308470002436,0.1255619204246759,-0.0701620878574667,0.1957240082821427,0.5710115893004652,True,0.3997081125103257
79,71,15.5,16.0,228,-2.695308470002436,0.6879554255214086,-0.0701620878574667,0.7581175133788755,2.211756697558316,True,1.5482296882908209
79,72,16.0,16.5,108,-2.695308470002436,-0.2839767189369852,-0.0701620878574667,-0.2138146310795184,-1.0520188129816261,True,-0.7364131690871383
79,73,16.5,17.0,193,-2.695308470002436,-0.1656089740309279,-0.0701620878574667,-0.0954468861734612,-0.3581829626930319,True,-0.2507280738851223
79,74,17.0,17.5,303,-2.695308470002436,0.3666042284481857,-0.0701620878574667,0.4367663163056524,1.2742362606179811,True,0.8919653824325867
79,75,17.5,18.0,115,-2.695308470002436,-0.2931411140472676,-0.0701620878574667,-0.2229790261898009,-1.105737719925152,True,-0.7740164039476063
79,76,18.0,18.5,247,-2.695308470002436,0.1866492490361883,-0.0701620878574667,0.2568113368936551,0.7492297491610406,True,0.5244608244127283
79,77,18.5,19.0,309,-2.695308470002436,0.6331179286889109,-0.0701620878574667,0.7032800165463777,2.051772000257179,True,1.436240400180025
79,78,19.0,19.5,178,-2.695308470002436,-0.2407132519200064,-0.0701620878574667,-0.1705511640625397,-0.7984214799583299,True,-0.5588950359708309
79,79,19.5,20.0,209,-2.695308470002436,-0.1318067854879781,-0.0701620878574667,-0.0616446976305113,-0.17984424636962842,True,-0.1258909724587399
80,0,-20.0,-19.5,99,-2.7138122754636425,0.0371103241307506,-0.1092486403932924,0.146358964524043,0.2854717440977236,True,0.1998302208684065
80,1,-19.5,-19.0,149,-2.7138122754636425,0.5068192801569739,-0.1092486403932924,0.6160679205502663,1.201634517804008,True,0.8411441624628055
80,2,-19.0,-18.5,150,-2.7138122754636425,-0.2353184282338623,-0.1092486403932924,-0.1260697878405699,-0.5451276782990713,True,-0.3815893748093499
80,3,-18.5,-18.0,150,-2.7138122754636425,-0.1894473218386404,-0.1092486403932924,-0.0801986814453479,-0.3360670599865433,True,-0.2352469419905803
80,4,-18.0,-17.5,75,-2.7138122754636425,-0.201844134629493,-0.1092486403932924,-0.0925954942362006,-0.39256635880071533,True,-0.2747964511605007
80,5,-17.5,-17.0,276,-2.7138122754636425,0.1561381602597981,-0.1092486403932924,0.2653868006530905,0.5176343867239315,True,0.362344070706752
80,6,-17.0,-16.5,203,-2.7138122754636425,0.0259415273308607,-0.1092486403932924,0.1351901677241531,0.2636871140116459,True,0.1845809798081521
80,7,-16.5,-16.0,171,-2.7138122754636425,0.1369020343232102,-0.1092486403932924,0.2461506747165026,0.48011450921824506,True,0.3360801564527715
80,8,-16.0,-15.5,98,-2.7138122754636425,-0.1635992851023874,-0.1092486403932924,-0.0543506447090949,-0.21826291339179588,True,-0.1527840393742571
80,9,-15.5,-15.0,87,-2.7138122754636425,-0.2959328019113109,-0.1092486403932924,-0.1866841615180184,-0.82138171783438,True,-0.574967202484066
80,10,-15.0,-14.5,276,-2.7138122754636425,0.2512775994865072,-0.1092486403932924,0.3605262398797997,0.7032029423423093,True,0.4922420596396165
80,11,-14.5,-14.0,87,-2.7138122754636425,-0.39934102640138,-0.1092486403932924,-0.2900923860080875,-1.2926715786942953,True,-0.9048701050860066
80,12,-14.0,-13.5,240,-2.7138122754636425,0.2293619060976221,-0.1092486403932924,0.3386105464909146,0.6604565944490908,True,0.4623196161143635
80,13,-13.5,-13.0,54,-2.7138122754636425,-0.4316103817868423,-0.1092486403932924,-0.3223617413935498,-1.4397413121187796,True,-1.0078189184831456
80,14,-13.0,-12.5,157,-2.7138122754636425,-0.3340426117261451,-0.1092486403932924,-0.2247939713328526,-0.9950697107730453,True,-0.6965487975411316
80,15,-12.5,-12.0,129,-2.7138122754636425,0.3934928926241509,-0.1092486403932924,0.5027415330174434,0.9805924954960753,True,0.6864147468472527
80,16,-12.0,-11.5,154,-2.7138122754636425,-0.1234263465221198,-0.1092486403932924,-0.0141777061288273,-0.035172073884668434,True,-0.0246204517192679
80,17,-11.5,-11.0,173,-2.7138122754636425,0.4648197526269655,-0.1092486403932924,0.5740683930202579,1.119714845754796,True,0.7838003920283573
80,18,-11.0,-10.5,219,-2.7138122754636425,-0.1849883953100103,-0.1092486403932924,-0.0757397549167178,-0.31574520576628756,True,-0.2210216440364013
80,19,-10.5,-10.0,43,-2.7138122754636425,-0.3057163558748053,-0.1092486403932924,-0.1964677154815128,-0.8659709157333687,True,-0.6061796410133581
80,20,-10.0,-9.5,254,-2.7138122754636425,0.2851380618123703,-0.1092486403932924,0.3943867022056627,0.7692474464664928,True,0.5384732125265449
80,21,-9.5,-9.0,132,-2.7138122754636425,-0.3394515171315325,-0.1092486403932924,-0.23020287673824,-1.0197211569078184,True,-0.7138048098354729
80,22,-9.0,-8.5,230,-2.7138122754636425,0.1356620706980898,-0.1092486403932924,0.2449107110913823,0.47769597216565,True,0.334387180515955
80,23,-8.5,-8.0,121,-2.7138122754636425,-0.2002977619694002,-0.1092486403932924,-0.0910491215761077,-0.38551866255211803,True,-0.2698630637864826
80,24,-8.0,-7.5,272,-2.7138122754636425,0.2231614396569231,-0.1092486403932924,0.3324100800502155,0.6483626446537913,True,0.4538538512576539
80,25,-7.5,-7.0,264,-2.7138122754636425,-0.0146412377022457,-0.1092486403932924,0.0946074026910466,0.18453082350368816,True,0.1291715764525817
80,26,-7.0,-6.5,314,-2.7138122754636425,-0.3127937247214887,-0.1092486403932924,-0.2035450843281962,-0.8982264949724075,True,-0.6287585464806852
80,27,-6.5,-6.0,277,-2.7138122754636425,0.1717443329506106,-0.1092486403932924,0.280992973343903,0.5480740755480803,True,0.3836518528836562
80,28,-6.0,-5.5,195,-2.7138122754636425,-0.1092486403932924,-0.1092486403932924,0.0,0.0,True,0.0
80,29,-5.5,-5.0,209,-2.7138122754636425,-0.1325440190095891,-0.1092486403932924,-0.0232953786162967,-0.07672647266847514,True,-0.0537085308679326
80,30,-5.0,-4.5,304,-2.7138122754636425,0.14795636280175,-0.1092486403932924,0.2572050031950424,0.5016758699511539,True,0.3511731089658077
80,31,-4.5,-4.0,172,-2.7138122754636425,-0.2127163151730148,-0.1092486403932924,-0.1034676747797224,-0.44211704474342145,True,-0.309481931320395
80,32,-4.0,-3.5,140,-2.7138122754636425,0.4432432150626793,-0.1092486403932924,0.5524918554559718,1.0776300180157001,True,0.7543410126109901
80,33,-3.5,-3.0,145,-2.7138122754636425,-0.0416688823403851,-0.1092486403932924,0.0675797580529072,0.13181366416333445,True,0.0922695649143341
80,34,-3.0,-2.5,173,-2.7138122754636425,0.4587367859567892,-0.1092486403932924,0.5679854263500816,1.1078500781249438,True,0.7754950546874607
80,35,-2.5,-2.0,58,-2.7138122754636425,-0.1797015357193452,-0.1092486403932924,-0.0704528953260528,-0.29164999154945603,True,-0.2041549940846192
80,36,-2.0,-1.5,277,-2.7138122754636425,-0.0076995769446863,-0.1092486403932924,0.101549063448606,0.19807046564203956,True,0.1386493259494277
80,37,-1.5,-1.0,0,-2.7138122754636425,,-0.1092486403932924,,,True,
80,38,-1.0,-0.5,256,-2.7138122754636425,-0.223870028516338,-0.1092486403932924,-0.1146213881230455,-0.49295083514614657,True,-0.3450655846023026
80,39,-0.5,0.0,184,-2.7138122754636425,-0.137488855296259,-0.1092486403932924,-0.0282402149029665,-0.09926289292916214,True,-0.0694840250504135
80,40,0.0,0.5,145,-2.7138122754636425,-0.0517558497162693,-0.1092486403932924,0.0574927906770231,0.11213913190072458,True,0.0784973923305072
80,41,0.5,1.0,181,-2.7138122754636425,0.0426175589140106,-0.1092486403932924,0.1518661993073031,0.2962135522530733,True,0.2073494865771513
80,42,1.0,1.5,41,-2.7138122754636425,-0.3681120744365563,-0.1092486403932924,-0.2588634340432639,-1.1503435530572614,True,-0.805240487140083
80,43,1.5,2.0,125,-2.7138122754636425,-0.2429802438585711,-0.1092486403932924,-0.1337316034652786,-0.5800469126008851,True,-0.4060328388206196
80,44,2.0,2.5,154,-2.7138122754636425,0.1864800199502573,-0.1092486403932924,0.2957286603435498,0.5768158904546505,True,0.4037711233182554
80,45,2.5,3.0,141,-2.7138122754636425,-0.2084976134653048,-0.1092486403932924,-0.0992489730720123,-0.42289003112201345,True,-0.2960230217854094
80,46,3.0,3.5,118,-2.7138122754636425,-0.2422645891615831,-0.1092486403932924,-0.1330159487682907,-0.5767852687207163,True,-0.4037496881045014
80,47,3.5,4.0,237,-2.7138122754636425,0.0587791026536519,-0.1092486403932924,0.1680277430469444,0.3277364869340517,True,0.2294155408538362
80,48,4.0,4.5,137,-2.7138122754636425,-0.078618159031927,-0.1092486403932924,0.0306304813613654,0.05974445750704501,True,0.0418211202549315
80,49,4.5,5.0,188,-2.7138122754636425,0.1344071257421526,-0.1092486403932924,0.2436557661354451,0.4752482141722599,True,0.3326737499205819
80,50,5.0,5.5,236,-2.7138122754636425,-0.2946345305944334,-0.1092486403932924,-0.1853858902011409,-0.8154647599588641,True,-0.5708253319712049
80,51,5.5,6.0,270,-2.7138122754636425,0.1415891800554701,-0.1092486403932924,0.2508378204487625,0.4892567416150083,True,0.3424797191305058
80,52,6.0,6.5,71,-2.7138122754636425,-0.2839569397086001,-0.1092486403932924,-0.1747082993153076,-0.7668009293233546,True,-0.5367606505263482
80,53,6.5,7.0,164,-2.7138122754636425,0.0286968330027138,-0.1092486403932924,0.1379454733960062,0.26906131106355974,True,0.1883429177444918
80,54,7.0,7.5,178,-2.7138122754636425,0.0503879202276804,-0.1092486403932924,0.1596365606209729,0.3113695668074016,True,0.2179586967651811
80,55,7.5,8.0,132,-2.7138122754636425,-0.1519714880929428,-0.1092486403932924,-0.0427228476996503,-0.16526845514911745,True,-0.1156879186043822
80,56,8.0,8.5,75,-2.7138122754636425,-0.1822424624220957,-0.1092486403932924,-0.0729938220288032,-0.3032304339958833,True,-0.2122613037971183
80,57,8.5,9.0,221,-2.7138122754636425,0.0458308666005949,-0.1092486403932924,0.1550795069938874,0.3024810778029767,True,0.2117367544620837
80,58,9.0,9.5,193,-2.7138122754636425,-0.113530200686469,-0.1092486403932924,-0.0042815602931766,-0.008351141922378714,True,-0.0058457993456651
80,59,9.5,10.0,283,-2.7138122754636425,0.2250820652181255,-0.1092486403932924,0.3343307056114179,0.6521088062264572,True,0.45647616435852
80,60,10.0,10.5,210,-2.7138122754636425,-0.0321072697949805,-0.1092486403932924,0.0771413705983118,0.15046349691256072,True,0.1053244478387925
80,61,10.5,11.0,135,-2.7138122754636425,-0.0917533705467093,-0.1092486403932924,0.0174952698465831,0.03412435454709657,True,0.0238870481829676
80,62,11.0,11.5,257,-2.7138122754636425,0.1892469841274794,-0.1092486403932924,0.2984956245207718,0.5822128273084756,True,0.4075489791159329
80,63,11.5,12.0,225,-2.7138122754636425,-0.1917037450412034,-0.1092486403932924,-0.082455104647911,-0.3463508588083593,True,-0.2424456011658515
80,64,12.0,12.5,89,-2.7138122754636425,-0.0933299965981986,-0.1092486403932924,0.0159186437950938,0.03104916068949986,True,0.0217344124826499
80,65,12.5,13.0,151,-2.7138122754636425,-0.2291781845302982,-0.1092486403932924,-0.1199295441370057,-0.5171431092285846,True,-0.3620001764600092
80,66,13.0,13.5,75,-2.7138122754636425,0.2969810822574387,-0.1092486403932924,0.4062297226507311,0.7923471432485322,True,0.5546430002739725
80,67,13.5,14.0,207,-2.7138122754636425,0.2205439291434693,-0.1092486403932924,0.3297925695367618,0.6432572157249947,True,0.4502800510074963
80,68,14.0,14.5,122,-2.7138122754636425,-0.0698968998803884,-0.1092486403932924,0.039351740512904,0.07675518909300787,True,0.0537286323651055
80,69,14.5,15.0,249,-2.7138122754636425,-0.0324522143923642,-0.1092486403932924,0.0767964260009282,0.1497906858131353,True,0.1048534800691947
80,70,15.0,15.5,327,-2.7138122754636425,0.184672623550145,-0.1092486403932924,0.2939212639434375,0.573290581265057,True,0.4013034068855399
80,71,15.5,16.0,220,-2.7138122754636425,-0.2674882471651104,-0.1092486403932924,-0.1582396067718179,-0.6917437677132413,True,-0.4842206373992689
80,72,16.0,16.5,238,-2.7138122754636425,0.296074339938245,-0.1092486403932924,0.4053229803315374,0.7905785511288133,True,0.5534049857901693
80,73,16.5,17.0,56,-2.7138122754636425,-0.1832215507395052,-0.1092486403932924,-0.0739729103462127,-0.30769269412226047,True,-0.2153848858855823
80,74,17.0,17.5,117,-2.7138122754636425,-0.2368783907198373,-0.1092486403932924,-0.1276297503265449,-0.552237311082994,True,-0.3865661177580958
80,75,17.5,18.0,138,-2.7138122754636425,-0.2443733812292424,-0.1092486403932924,-0.13512474083595,-0.5863962288261678,True,-0.4104773601783175
80,76,18.0,18.5,290,-2.7138122754636425,0.2227084992763523,-0.1092486403932924,0.3319571396696447,0.6474791888242539,True,0.4532354321769777
80,77,18.5,19.0,194,-2.7138122754636425,-0.0649946322617048,-0.1092486403932924,0.0442540081315876,0.08631701464766672,True,0.0604219102533667
80,78,19.0,19.5,85,-2.7138122754636425,-0.4374366962766533,-0.1092486403932924,-0.3281880558833608,-1.4662951279179557,True,-1.026406589542569
80,79,19.5,20.0,57,-2.7138122754636425,-0.1167173826796581,-0.1092486403932924,-0.0074687422863656,-0.01456770956011343,True,-0.0101973966920794
81,0,-20.0,-19.5,210,-2.728451472626708,-0.2549094768988995,-0.1311284803961238,-0.1237809965027756,-0.9828451748722173,True,-0.6879916224105521
81,1,-19.5,-19.0,184,-2.728451472626708,-0.0846970156623443,-0.1311284803961238,0.0464314647337795,0.07779600839780801,True,0.0544572058784656
81,2,-19.0,-18.5,337,-2.728451472626708,0.2302763649074855,-0.1311284803961238,0.3614048453036094,0.6055345128880559,True,0.4238741590216391
81,3,-18.5,-18.0,164,-2.728451472626708,-0.021927489278661,-0.1311284803961238,0.1092009911174627,0.18296647049005488,True,0.1280765293430384
81,4,-18.0,-17.5,134,-2.728451472626708,-0.2796533075707628,-0.1311284803961238,-0.148524827174639,-1.193070122342006,True,-0.835149085639404
81,5,-17.5,-17.0,95,-2.728451472626708,-0.2733009760556999,-0.1311284803961238,-0.142172495659576,-1.1391003641111863,True,-0.7973702548778304
81,6,-17.0,-16.5,120,-2.728451472626708,-0.0409835710739937,-0.1311284803961238,0.0901449093221301,0.15103796881820286,True,0.105726578172742
81,7,-16.5,-16.0,292,-2.728451472626708,0.2560732161683842,-0.1311284803961238,0.3872016965645081,0.6487571867545092,True,0.4541300307281564
81,8,-16.0,-15.5,147,-2.728451472626708,0.5885980588960872,-0.1311284803961238,0.719726539292211,1.2059031998223257,True,0.844132239875628
81,9,-15.5,-15.0,216,-2.728451472626708,-0.1172714362526193,-0.1311284803961238,0.0138570441435044,0.023217504094213713,True,0.0162522528659496
81,10,-15.0,-14.5,192,-2.728451472626708,-0.4024234703578839,-0.1311284803961238,-0.27129498996176,-2.2361321835501813,True,-1.565292528485127
81,11,-14.5,-14.0,174,-2.728451472626708,-0.1801894178739616,-0.1311284803961238,-0.0490609374778378,-0.34801944025712844,True,-0.2436136081799899
81,12,-14.0,-13.5,237,-2.728451472626708,-0.2552689589307726,-0.1311284803961238,-0.1241404785346488,-0.9858993540035356,True,-0.6901295478024748
81,13,-13.5,-13.0,220,-2.728451472626708,-0.1002208850341378,-0.1311284803961238,0.030907595361986,0.05178573543013429,True,0.036250014801094
81,14,-13.0,-12.5,144,-2.728451472626708,-0.1957398352551375,-0.1311284803961238,-0.0646113548590136,-0.48013664233644515,True,-0.3360956496355116
81,15,-12.5,-12.0,188,-2.728451472626708,-0.1918900382842776,-0.1311284803961238,-0.0607615578881537,-0.4474285553510023,True,-0.3131999887457016
81,16,-12.0,-11.5,156,-2.728451472626708,-0.1518185922454873,-0.1311284803961238,-0.0206901118493635,-0.10697934397961101,True,-0.0748855407857277
81,17,-11.5,-11.0,331,-2.728451472626708,0.69007120006744,-0.1311284803961238,0.821199680463564,1.375921642875564,True,0.9631451500128948
81,18,-11.0,-10.5,26,-2.728451472626708,0.756352263602526,-0.1311284803961238,0.8874807439986498,1.4869756922137891,True,1.0408829845496523
81,19,-10.5,-10.0,194,-2.728451472626708,-0.2718656569487635,-0.1311284803961238,-0.1407371765526396,-1.1269058139681802,True,-0.7888340697777262
81,20,-10.0,-9.5,190,-2.728451472626708,-0.1094873017072591,-0.1311284803961238,0.0216411786888646,0.03625983648524729,True,0.0253818855396731
81,21,-9.5,-9.0,104,-2.728451472626708,-0.2047811193589388,-0.1311284803961238,-0.073652638962815,-0.5569518897808274,True,-0.3898663228465792
81,22,-9.0,-8.5,197,-2.728451472626708,-0.1810179704380906,-0.1311284803961238,-0.0498894900419667,-0.35505886845156803,True,-0.2485412079160976
81,23,-8.5,-8.0,299,-2.728451472626708,-0.1210405910471901,-0.1311284803961238,0.0100878893489336,0.016902277991993713,True,0.0118315945943956
81,24,-8.0,-7.5,203,-2.728451472626708,-0.1203987384612919,-0.1311284803961238,0.0107297419348319,0.017977703233239002,True,0.0125843922632673
81,25,-7.5,-7.0,164,-2.728451472626708,-0.1897028413028038,-0.1311284803961238,-0.05857436090668,-0.4288460093970632,True,-0.3001922065779442
81,26,-7.0,-6.5,264,-2.728451472626708,0.4595038805571683,-0.1311284803961238,0.5906323609532922,0.9896056559101211,True,0.6927239591370847
81,27,-6.5,-6.0,131,-2.728451472626708,-0.0222548253530143,-0.1311284803961238,0.1088736550431095,0.18241801826837073,True,0.1276926127878595
81,28,-6.0,-5.5,55,-2.728451472626708,-0.3860210726111294,-0.1311284803961238,-0.2548925922150055,-2.0967765093856694,True,-1.4677435565699686
81,29,-5.5,-5.0,292,-2.728451472626708,0.250552438451541,-0.1311284803961238,0.3816809188476649,0.6395071130795882,True,0.4476549791557117
81,30,-5.0,-4.5,78,-2.728451472626708,0.1061450546630812,-0.1311284803961238,0.237273535059205,0.39755226400631716,True,0.278286584804422
81,31,-4.5,-4.0,351,-2.728451472626708,0.3414495734201218,-0.1311284803961238,0.4725780538162457,0.7918054374141172,True,0.554263806189882
81,32,-4.0,-3.5,330,-2.728451472626708,-0.1889984857774103,-0.1311284803961238,-0.0578700053812864,-0.4228617660804332,True,-0.2960032362563032
81,33,-3.5,-3.0,334,-2.728451472626708,0.0072832853413414,-0.1311284803961238,0.1384117657374653,0.23190917950588602,True,0.1623364256541202
81,34,-3.0,-2.5,253,-2.728451472626708,0.1333033681116734,-0.1311284803961238,0.2644318485077972,0.4430560703848373,True,0.3101392492693861
81,35,-2.5,-2.0,183,-2.728451472626708,-0.1412163697450575,-0.1311284803961238,-0.0100878893489337,-0.01690227799199386,True,-0.0118315945943957
81,36,-2.0,-1.5,319,-2.728451472626708,0.521541076421008,-0.1311284803961238,0.6526695568171319,1.0935490968089083,True,0.7654843677662359
81,37,-1.5,-1.0,251,-2.728451472626708,-0.1596517854840954,-0.1311284803961238,-0.0285233050879715,-0.1735305849311423,True,-0.1214714094517996
81,38,-1.0,-0.5,212,-2.728451472626708,-0.2232697192135566,-0.1311284803961238,-0.0921412388174328,-0.7140320518935867,True,-0.4998224363255106
81,39,-0.5,0.0,125,-2.728451472626708,0.4504402339339516,-0.1311284803961238,0.5815687143300754,0.9744194985735519,True,0.6820936490014863
81,40,0.0,0.5,222,-2.728451472626708,-0.0659406602087645,-0.1311284803961238,0.0651878201873592,0.10922231800801058,True,0.0764556226056074
81,41,0.5,1.0,279,-2.728451472626708,0.0531008894827487,-0.1311284803961238,0.1842293698788726,0.3086766633013994,True,0.2160736643109796
81,42,1.0,1.5,53,-2.728451472626708,0.3769794426769049,-0.1311284803961238,0.5081079230730288,0.8513358016385052,True,0.5959350611469536
81,43,1.5,2.0,144,-2.728451472626708,-0.3075928606530952,-0.1311284803961238,-0.1764643802569714,-1.4304461033271028,True,-1.0013122723289718
81,44,2.0,2.5,291,-2.728451472626708,0.5016631557770554,-0.1311284803961238,0.6327916361731794,1.0602436025667066,True,0.7421705217966945
81,45,2.5,3.0,289,-2.728451472626708,0.0938108436221407,-0.1311284803961238,0.2249393240182646,0.37688626970217354,True,0.2638203887915215
81,46,3.0,3.5,182,-2.728451472626708,-0.3169935821401841,-0.1311284803961238,-0.1858651017440602,-1.5103151505659607,True,-1.0572206053961724
81,47,3.5,4.0,279,-2.728451472626708,-0.0633830285722776,-0.1311284803961238,0.0677454518238462,0.11350763473044186,True,0.0794553443113093
81,48,4.0,4.5,240,-2.728451472626708,0.1829370618892516,-0.1311284803961238,0.3140655422853754,0.5262174196998753,True,0.3683521937899127
81,49,4.5,5.0,263,-2.728451472626708,0.0334268242609728,-0.1311284803961238,0.1645553046570967,0.275712729210843,True,0.1929989104475901
81,50,5.0,5.5,311,-2.728451472626708,0.1730376930551672,-0.1311284803961238,0.304166173451291,0.5096310081928277,True,0.3567417057349794
81,51,5.5,6.0,188,-2.728451472626708,-0.2622166813018624,-0.1311284803961238,-0.1310882009057385,-1.0449275857218305,True,-0.7314493100052814
81,52,6.0,6.5,203,-2.728451472626708,-0.195869892337946,-0.1311284803961238,-0.0647414119418222,-0.48124161447128116,True,-0.3368691301298968
81,53,6.5,7.0,191,-2.728451472626708,0.3342415663368076,-0.1311284803961238,0.4653700467329315,0.7797284076929977,True,0.5458098853850983
81,54,7.0,7.5,54,-2.728451472626708,0.0868185423383906,-0.1311284803961238,0.2179470227345145,0.3651706554627873,True,0.2556194588239511
81,55,7.5,8.0,154,-2.728451472626708,-0.1527916951534181,-0.1311284803961238,-0.0216632147572942,-0.11524687985210029,True,-0.0806728158964702
81,56,8.0,8.5,260,-2.728451472626708,0.4509168619554659,-0.1311284803961238,0.5820453423515897,0.9752180897396276,True,0.6826526628177393
81,57,8.5,9.0,164,-2.728451472626708,-0.1873746891358609,-0.1311284803961238,-0.0562462087397371,-0.40906590042817215,True,-0.2863461302997205
81,58,9.0,9.5,47,-2.728451472626708,-0.2108011739929082,-0.1311284803961238,-0.0796726935967843,-0.608098605338922,True,-0.4256690237372454
81,59,9.5,10.0,295,-2.728451472626708,0.2460134987594208,-0.1311284803961238,0.3771419791555447,0.631902110902079,True,0.4423314776314553
81,60,10.0,10.5,304,-2.728451472626708,-0.074184068620139,-0.1311284803961238,0.0569444117759848,0.09541047137179444,True,0.0667873299602561
81,61,10.5,11.0,254,-2.728451472626708,-0.2217417820261324,-0.1311284803961238,-0.0906133016300086,-0.7010506134403789,True,-0.4907354294082652
81,62,11.0,11.5,135,-2.728451472626708,-0.1523028988668862,-0.1311284803961238,-0.0211744184707623,-0.11109403969479828,True,-0.0777658277863588
81,63,11.5,12.0,236,-2.728451472626708,0.0494783829822967,-0.1311284803961238,0.1806068633784206,0.302607146697818,True,0.2118250026884726
81,64,12.0,12.5,193,-2.728451472626708,0.2804375227642097,-0.1311284803961238,0.4115660031603335,0.689579629281433,True,0.4827057404970031
81,65,12.5,13.0,187,-2.728451472626708,-0.2794841794445418,-0.1311284803961238,-0.1483556990484179,-1.1916332004715806,True,-0.8341432403301065
81,66,13.0,13.5,172,-2.728451472626708,-0.2590174587626706,-0.1311284803961238,-0.1278889783665467,-1.0177468149202207,True,-0.7124227704441545
81,67,13.5,14.0,308,-2.728451472626708,0.4407638296718482,-0.1311284803961238,0.571892310067972,0.958206664635373,True,0.6707446652447611
81,68,14.0,14.5,252,-2.728451472626708,0.2302883528870186,-0.1311284803961238,0.3614168332831424,0.605554598770803,True,0.4238882191395621
81,69,14.5,15.0,193,-2.728451472626708,-0.2822267152283997,-0.1311284803961238,-0.1510982348322758,-1.2149339354604904,True,-0.8504537548223433
81,70,15.0,15.5,181,-2.728451472626708,0.1840416270527922,-0.1311284803961238,0.3151701074489161,0.528068120754245,True,0.3696476845279715
81,71,15.5,16.0,341,-2.728451472626708,0.6982519769158289,-0.1311284803961238,0.8293804573119528,1.3896285502076269,True,0.9727399851453388
81,72,16.0,16.5,87,-2.728451472626708,-0.2175904859349869,-0.1311284803961238,-0.0864620055388631,-0.6657809733322704,True,-0.4660466813325892
81,73,16.5,17.0,102,-2.728451472626708,-0.0939728250479391,-0.1311284803961238,0.0371556553481846,0.062254371945120006,True,0.043578060361584
81,74,17.0,17.5,121,-2.728451472626708,-0.1323584156771339,-0.1311284803961238,-0.00122993528101,-0.002060758927137572,True,-0.0014425312489963
81,75,17.5,18.0,313,-2.728451472626708,0.1074504403585505,-0.1311284803961238,0.2385789207546743,0.3997394402478892,True,0.2798176081735224
81,76,18.0,18.5,350,-2.728451472626708,0.7921232137528027,-0.1311284803961238,0.9232516941489266,1.546909987938558,True,1.0828369915569904
81,77,18.5,19.0,144,-2.728451472626708,-0.0046621129741332,-0.1311284803961238,0.1264663674219905,0.21189464167051686,True,0.1483262491693618
81,78,19.0,19.5,258,-2.728451472626708,-0.1522597460629352,-0.1311284803961238,-0.0211312656668114,-0.110727411096985,True,-0.0775091877678895
81,79,19.5,20.0,187,-2.728451472626708,-0.1387328430272636,-0.1311284803961238,-0.0076043626311397,-0.012741124203254572,True,-0.0089187869422782
82,0,-20.0,-19.5,299,-2.6653040889182407,-0.0343357102756375,-0.0005085187545047,-0.0338271915211328,-0.13711141245889044,True,-0.0959779887212233
82,1,-19.5,-19.0,176,-2.6653040889182407,0.3885614460022125,-0.0005085187545047,0.3890699647567173,1.9702909070430792,True,1.3792036349301553
82,2,-19.0,-18.5,31,-2.6653040889182407,-0.1216444094134062,-0.0005085187545047,-0.1211358906589015,-0.4909988775548073,True,-0.3436992142883651
82,3,-18.5,-18.0,292,-2.6653040889182407,0.2025634569827928,-0.0005085187545047,0.2030719757372975,1.0234570095790316,True,0.7164199067053221
82,4,-18.0,-17.5,234,-2.6653040889182407,-0.2066143988676823,-0.0005085187545047,-0.2061058801131775,-0.835406874400023,True,-0.5847848120800161
82,5,-17.5,-17.0,183,-2.6653040889182407,0.1220284774098163,-0.0005085187545047,0.1225369961643211,0.6134888750133013,True,0.4294422125093109
82,6,-17.0,-16.5,288,-2.6653040889182407,0.1920953844192751,-0.0005085187545047,0.1926039031737798,0.970168659546295,True,0.6791180616824065
82,7,-16.5,-16.0,85,-2.6653040889182407,-0.1915133223493436,-0.0005085187545047,-0.1910048035948389,-0.77419783404012,True,-0.541938483828084
82,8,-16.0,-15.5,227,-2.6653040889182407,-0.4042798799742327,-0.0005085187545047,-0.4037713612197279,-1.6366023650736654,True,-1.1456216555515657
82,9,-15.5,-15.0,126,-2.6653040889182407,-0.3365994168812966,-0.0005085187545047,-0.3360908981267918,-1.362273830150896,True,-0.9535916811056272
82,10,-15.0,-14.5,48,-2.6653040889182407,0.040103685791113,-0.0005085187545047,0.0406122045456177,0.1964458190307553,True,0.1375120733215287
82,11,-14.5,-14.0,93,-2.6653040889182407,-0.1918487219406972,-0.0005085187545047,-0.1913402031861925,-0.7755573058035354,True,-0.5428901140624748
82,12,-14.0,-13.5,240,-2.6653040889182407,-0.100003498103153,-0.0005085187545047,-0.0994949793486482,-0.4032819911324538,True,-0.2822973937927176
82,13,-13.5,-13.0,251,-2.6653040889182407,-0.3130152912532308,-0.0005085187545047,-0.3125067724987261,-1.2666805328340955,True,-0.8866763729838668
82,14,-13.0,-12.5,127,-2.6653040889182407,-0.2466360652096498,-0.0005085187545047,-0.2461275464551451,-0.9976262888517805,True,-0.6983384021962463
82,15,-12.5,-12.0,304,-2.6653040889182407,0.0567211070719591,-0.0005085187545047,0.0572296258264638,0.2810377968262936,True,0.1967264577784055
82,16,-12.0,-11.5,333,-2.6653040889182407,0.1668423425845995,-0.0005085187545047,0.1673508613391042,0.8416165383690491,True,0.5891315768583344
82,17,-11.5,-11.0,77,-2.6653040889182407,-0.1262657215944928,-0.0005085187545047,-0.1257572028399881,-0.5097303953684104,True,-0.3568112767578872
82,18,-11.0,-10.5,179,-2.6653040889182407,0.4499409145792854,-0.0005085187545047,0.4504494333337902,2.28274676618161,True,1.5979227363271271
82,19,-10.5,-10.0,183,-2.6653040889182407,-0.2103510249356513,-0.0005085187545047,-0.2098425061811465,-0.8505525029601083,True,-0.5953867520720758
82,20,-10.0,-9.5,155,-2.6653040889182407,0.2540705275068041,-0.0005085187545047,0.2545790462613089,1.285656835439049,True,0.8999597848073342
82,21,-9.5,-9.0,303,-2.6653040889182407,0.1678000816565903,-0.0005085187545047,0.168308600411095,0.8464919664479622,True,0.5925443765135735
82,22,-9.0,-8.5,218,-2.6653040889182407,-0.2239513073501823,-0.0005085187545047,-0.2234427885956776,-0.9056783897938173,True,-0.6339748728556721
82,23,-8.5,-8.0,294,-2.6653040889182407,0.0888679300032252,-0.0005085187545047,0.08937644875773,0.44468312335678334,True,0.3112781863497483
82,24,-8.0,-7.5,263,-2.6653040889182407,-0.0749125034007161,-0.0005085187545047,-0.0744039846462113,-0.30158091667286,True,-0.211106641671002
82,25,-7.5,-7.0,327,-2.6653040889182407,-0.005616739134043,-0.0005085187545047,-0.0051082203795382,-0.02070509787820286,True,-0.014493568514742
82,26,-7.0,-6.5,192,-2.6653040889182407,0.0661579739678021,-0.0005085187545047,0.0666664927223069,0.3290767326768723,True,0.2303537128738106
82,27,-6.5,-6.0,260,-2.6653040889182407,0.0875502963783393,-0.0005085187545047,0.088058815132844,0.4379756305120609,True,0.3065829413584426
82,28,-6.0,-5.5,167,-2.6653040889182407,0.0875502963783394,-0.0005085187545047,0.0880588151328442,0.437975630512062,True,0.3065829413584434
82,29,-5.5,-5.0,297,-2.6653040889182407,-0.0911643003962196,-0.0005085187545047,-0.0906557816417149,-0.3674541606770679,True,-0.2572179124739475
82,30,-5.0,-4.5,339,-2.6653040889182407,0.1917205125034458,-0.0005085187545047,0.1922290312579505,0.9682603516178829,True,0.677782246132518
82,31,-4.5,-4.0,242,-2.6653040889182407,-0.0684756741033145,-0.0005085187545047,-0.0679671553488098,-0.2754905817370696,True,-0.1928434072159487
82,32,-4.0,-3.5,278,-2.6653040889182407,-0.2937437994685307,-0.0005085187545047,-0.293235280714026,-1.1885675905539361,True,-0.8319973133877553
82,33,-3.5,-3.0,223,-2.6653040889182407,-0.2524923232837722,-0.0005085187545047,-0.2519838045292674,-1.0213634003339755,True,-0.7149543802337828
82,34,-3.0,-2.5,270,-2.6653040889182407,0.3040225777017155,-0.0005085187545047,0.3045310964562202,1.5399407372259089,True,1.0779585160581362
82,35,-2.5,-2.0,162,-2.6653040889182407,0.0170796739605842,-0.0005085187545047,0.017588192715089,0.07924070852559958,True,0.0554684959679197
82,36,-2.0,-1.5,45,-2.6653040889182407,-0.1294140981418721,-0.0005085187545047,-0.1289055793873673,-0.522491678110252,True,-0.3657441746771764
82,37,-1.5,-1.0,256,-2.6653040889182407,0.0562369617900004,-0.0005085187545047,0.0567454805445052,0.27857322628619047,True,0.1950012584003333
82,38,-1.0,-0.5,135,-2.6653040889182407,0.0045997016250335,-0.0005085187545047,0.0051082203795382,0.02070509787820286,True,0.014493568514742
82,39,-0.5,0.0,119,-2.6653040889182407,-0.1196428600009384,-0.0005085187545047,-0.1191343412464337,-0.4828860176125837,True,-0.3380202123288086
82,40,0.0,0.5,213,-2.6653040889182407,-0.1928388012215327,-0.0005085187545047,-0.192330282467028,-0.7795703841153081,True,-0.5456992688807156
82,41,0.5,1.0,277,-2.6653040889182407,-0.0026287882810243,-0.0005085187545047,-0.0021202695265195,-0.008594066976947,True,-0.0060158468838629
82,42,1.0,1.5,210,-2.6653040889182407,-0.3655949626677705,-0.0005085187545047,-0.3650864439132657,-1.4798011819358112,True,-1.0358608273550678
82,43,1.5,2.0,281,-2.6653040889182407,-0.2869655863565468,-0.0005085187545047,-0.2864570676020421,-1.1610935280633838,True,-0.8127654696443687
82,44,2.0,2.5,298,-2.6653040889182407,0.2370188748677445,-0.0005085187545047,0.2375273936222492,1.198854376920219,True,0.8391980638441532
82,45,2.5,3.0,248,-2.6653040889182407,-0.2545133579022831,-0.0005085187545047,-0.2540048391477784,-1.0295552394643164,True,-0.7206886676250215
82,46,3.0,3.5,259,-2.6653040889182407,-0.1351631006763797,-0.0005085187545047,-0.134654581921875,-0.5457940518010637,True,-0.3820558362607446
82,47,3.5,4.0,191,-2.6653040889182407,-0.2368318405116244,-0.0005085187545047,-0.2363233217571197,-0.9578869242766636,True,-0.6705208469936644
82,48,4.0,4.5,134,-2.6653040889182407,-0.2489645722673226,-0.0005085187545047,-0.2484560535128179,-1.0070644029026783,True,-0.7049450820318748
82,49,4.5,5.0,332,-2.6653040889182407,0.5417701321946944,-0.0005085187545047,0.5422786509491991,2.7502088956070736,True,1.9251462269249515
82,50,5.0,5.5,294,-2.6653040889182407,0.6468818947940584,-0.0005085187545047,0.6473904135485632,3.2852866154037144,True,2.2997006307826
82,51,5.5,6.0,251,-2.6653040889182407,-0.2390718171377218,-0.0005085187545047,-0.2385632983832171,-0.9669661988267617,True,-0.6768763391787331
82,52,6.0,6.5,156,-2.6653040889182407,-0.3890810442730862,-0.0005085187545047,-0.3885725255185815,-1.5749970784091516,True,-1.102497954886406
82,53,6.5,7.0,140,-2.6653040889182407,-0.349717937948296,-0.0005085187545047,-0.3492094191937912,-1.4154469985986613,True,-0.9908128990190628
82,54,7.0,7.5,333,-2.6653040889182407,0.5495321368263875,-0.0005085187545047,0.5500406555808922,2.7897218448400496,True,1.9528052913880347
82,55,7.5,8.0,324,-2.6653040889182407,0.3771734520592392,-0.0005085187545047,0.3776819708137439,1.9123196421591524,True,1.3386237495114066
82,56,8.0,8.5,156,-2.6653040889182407,-0.3153385520695483,-0.0005085187545047,-0.3148300333150436,-1.2760973823480932,True,-0.8932681676436652
82,57,8.5,9.0,232,-2.6653040889182407,-0.269234301435533,-0.0005085187545047,-0.2687257826810282,-1.0892234906494762,True,-0.7624564434546333
82,58,9.0,9.5,48,-2.6653040889182407,-0.208354609288828,-0.0005085187545047,-0.2078460905343232,-0.8424604516581264,True,-0.5897223161606885
82,59,9.5,10.0,165,-2.6653040889182407,-0.3220888286972532,-0.0005085187545047,-0.3215803099427484,-1.3034582101701317,True,-0.9124207471190922
82,60,10.0,10.5,10,-2.6653040889182407,-0.390418919296065,-0.0005085187545047,-0.3899104005415602,-1.580419873676665,True,-1.1062939115736654
82,61,10.5,11.0,275,-2.6653040889182407,-0.4115567668923621,-0.0005085187545047,-0.4110482481378574,-1.6660976970472061,True,-1.1662683879330442
82,62,11.0,11.5,54,-2.6653040889182407,-0.4717516203431948,-0.0005085187545047,-0.47124310158869,-1.9100848862953421,True,-1.3370594204067394
82,63,11.5,12.0,349,-2.6653040889182407,0.4487028567450485,-0.0005085187545047,0.4492113754995532,2.276444358662817,True,1.5935110510639718
82,64,12.0,12.5,181,-2.6653040889182407,0.4487028567450479,-0.0005085187545047,0.4492113754995527,2.2764443586628147,True,1.59351105106397
82,65,12.5,13.0,40,-2.6653040889182407,-0.1667543631297992,-0.0005085187545047,-0.1662458443752944,-0.6738425956372206,True,-0.4716898169460544
82,66,13.0,13.5,173,-2.6653040889182407,-0.2844480559971762,-0.0005085187545047,-0.2839395372426715,-1.1508892477799975,True,-0.8056224734459981
82,67,13.5,14.0,193,-2.6653040889182407,-0.1416697994077971,-0.0005085187545047,-0.1411612806532923,-0.5721675878054273,True,-0.4005173114637991
82,68,14.0,14.5,311,-2.6653040889182407,0.3661390884994456,-0.0005085187545047,0.3666476072539504,1.8561485539101088,True,1.299303987737076
82,69,14.5,15.0,111,-2.6653040889182407,-0.1662609440903731,-0.0005085187545047,-0.1657524253358683,-0.6718426252469043,True,-0.470289837672833
82,70,15.0,15.5,333,-2.6653040889182407,0.4081981210736797,-0.0005085187545047,0.4087066398281844,2.070252577000764,True,1.4491768039005346
82,71,15.5,16.0,167,-2.6653040889182407,0.1562067963341849,-0.0005085187545047,0.1567153150886897,0.7874756535077202,True,0.5512329574554041
82,72,16.0,16.5,70,-2.6653040889182407,-0.4451824517091087,-0.0005085187545047,-0.4446739329546039,-1.8023923444240446,True,-1.2616746410968311
82,73,16.5,17.0,80,-2.6653040889182407,-0.2072672273944674,-0.0005085187545047,-0.2067587086399626,-0.8380529776493881,True,-0.5866370843545716
82,74,17.0,17.5,290,-2.6653040889182407,0.253499501926973,-0.0005085187545047,0.2540080206814778,1.2827499955417279,True,0.8979249968792095
82,75,17.5,18.0,297,-2.6653040889182407,0.2534995019269729,-0.0005085187545047,0.2540080206814777,1.2827499955417274,True,0.8979249968792091
82,76,18.0,18.5,187,-2.6653040889182407,0.5738691728742286,-0.0005085187545047,0.5743776916287333,2.9136109837247433,True,2.03952768860732
82,77,18.5,19.0,220,-2.6653040889182407,0.573869172874228,-0.0005085187545047,0.5743776916287328,2.913610983724739,True,2.039527688607317
82,78,19.0,19.5,171,-2.6653040889182407,-0.2035873955584013,-0.0005085187545047,-0.2030788768038965,-0.8231375525737057,True,-0.576196286801594
82,79,19.5,20.0,147,-2.6653040889182407,0.4334044301266293,-0.0005085187545047,0.4339129488811341,2.198566802155079,True,1.5389967615085551
83,0,-20.0,-19.5,163,-2.746632446448751,-0.0852358245896189,-0.0484097148758547,-0.0368261097137641,-0.1979318113457843,True,-0.138552267942049
83,1,-19.5,-19.0,319,-2.746632446448751,0.2574715478672238,-0.0484097148758547,0.3058812627430786,1.0460267325938455,True,0.7322187128156917
83,2,-19.0,-18.5,189,-2.746632446448751,0.0407780598037822,-0.0484097148758547,0.089187774679637,0.30499676802307757,True,0.2134977376161543
83,3,-18.5,-18.0,285,-2.746632446448751,0.159360563425449,-0.0484097148758547,0.2077702783013038,0.7105151305857308,True,0.4973605914100115
83,4,-18.0,-17.5,121,-2.746632446448751,-0.1465046339612578,-0.0484097148758547,-0.098094919085403,-0.6253125669171289,True,-0.4377187968419902
83,5,-17.5,-17.0,339,-2.746632446448751,0.179907703634178,-0.0484097148758547,0.2283174185100328,0.7807804935044693,True,0.5465463454531285
83,6,-17.0,-16.5,141,-2.746632446448751,0.0456730886035229,-0.0484097148758547,0.0940828034793777,0.3217363712777113,True,0.2252154598943979
83,7,-16.5,-16.0,120,-2.746632446448751,-0.1927728366333608,-0.0484097148758547,-0.144363121757506,-0.948056547414404,True,-0.6636395831900828
83,8,-16.0,-15.5,298,-2.746632446448751,0.1111599719192481,-0.0484097148758547,0.1595696867951029,0.5456828463517307,True,0.3819779924462115
83,9,-15.5,-15.0,273,-2.746632446448751,0.0154041971348146,-0.0484097148758547,0.0638139120106694,0.21822539006130098,True,0.1527577730429107
83,10,-15.0,-14.5,301,-2.746632446448751,0.063248237551963,-0.0484097148758547,0.1116579524278178,0.38183837119925745,True,0.2672868598394802
83,11,-14.5,-14.0,210,-2.746632446448751,-0.1320024801202928,-0.0484097148758547,-0.083592765244438,-0.5241527511882386,True,-0.366906925831767
83,12,-14.0,-13.5,258,-2.746632446448751,0.0081331994705273,-0.0484097148758547,0.0565429143463821,0.19336065051738127,True,0.1353524553621669
83,13,-13.5,-13.0,218,-2.746632446448751,-0.1430830440612926,-0.0484097148758547,-0.0946733291854379,-0.6014452567523051,True,-0.4210116797266136
83,14,-13.0,-12.5,66,-2.746632446448751,0.3223650048924217,-0.0484097148758547,0.3707747197682765,1.2679438588998204,True,0.8875607012298742
83,15,-12.5,-12.0,205,-2.746632446448751,0.3223650048924201,-0.0484097148758547,0.3707747197682749,1.267943858899815,True,0.8875607012298705
83,16,-12.0,-11.5,45,-2.746632446448751,-0.0874311021956959,-0.0484097148758547,-0.0390213873198411,-0.21324497658591618,True,-0.1492714836101413
83,17,-11.5,-11.0,160,-2.746632446448751,-0.1929639089704451,-0.0484097148758547,-0.1445541940945903,-0.9493893730499823,True,-0.6645725611349875
83,18,-11.0,-10.5,200,-2.746632446448751,0.2210263755997036,-0.0484097148758547,0.2694360904755584,0.9213946314839628,True,0.6449762420387739
83,19,-10.5,-10.0,108,-2.746632446448751,-0.1307744829658887,-0.0484097148758547,-0.0823647680900339,-0.5155868535141829,True,-0.360910797459928
83,20,-10.0,-9.5,295,-2.746632446448751,0.1449213869682067,-0.0484097148758547,0.1933311018440615,0.661137262731166,True,0.4627960839118162
83,21,-9.5,-9.0,300,-2.746632446448751,-0.0710012832754943,-0.0484097148758547,-0.0225915683996395,-0.09863872756573372,True,-0.0690471092960136
83,22,-9.0,-8.5,318,-2.746632446448751,0.0097859048774072,-0.0484097148758547,0.0581956197532619,0.19901243193476986,True,0.1393087023543389
83,23,-8.5,-8.0,248,-2.746632446448751,0.0084102980221366,-0.0484097148758547,0.0568200128979914,0.19430824858189513,True,0.1360157740073266
83,24,-8.0,-7.5,120,-2.746632446448751,0.2353064630037948,-0.0484097148758547,0.2837161778796496,0.9702284601222423,True,0.6791599220855695
83,25,-7.5,-7.0,229,-2.746632446448751,-0.1297710808738321,-0.0484097148758547,-0.0813613659979774,-0.5085876193419666,True,-0.3560113335393766
83,26,-7.0,-6.5,80,-2.746632446448751,-0.1851730220049272,-0.0484097148758547,-0.1367633071290724,-0.8950440186675078,True,-0.6265308130672554
83,27,-6.5,-6.0,335,-2.746632446448751,-0.0095430379726448,-0.0484097148758547,0.0388666769032098,0.13291295675731984,True,0.0930390697301239
83,28,-6.0,-5.5,183,-2.746632446448751,-0.0318314418567193,-0.0484097148758547,0.0165782730191354,0.05669296838499229,True,0.0396850778694946
83,29,-5.5,-5.0,136,-2.746632446448751,0.3684261900604514,-0.0484097148758547,0.4168359049363062,1.4254599832568178,True,0.9978219882797724
83,30,-5.0,-4.5,84,-2.746632446448751,-0.2655187167000166,-0.0484097148758547,-0.2171090018241618,-1.455495642550163,True,-1.018846949785114
83,31,-4.5,-4.0,66,-2.746632446448751,-0.3126208795404678,-0.0484097148758547,-0.264211164664613,-1.7840569145946445,True,-1.248839840216251
83,32,-4.0,-3.5,138,-2.746632446448751,-0.172532601451245,-0.0484097148758547,-0.1241228865753902,-0.8068707288259568,True,-0.5648095101781697
83,33,-3.5,-3.0,217,-2.746632446448751,-0.1298776208548023,-0.0484097148758547,-0.0814679059789475,-0.5093307892849203,True,-0.3565315524994442
83,34,-3.0,-2.5,236,-2.746632446448751,0.0481959040019348,-0.0484097148758547,0.0966056188777896,0.33036368085683643,True,0.2312545765997855
83,35,-2.5,-2.0,260,-2.746632446448751,-0.0979258700370175,-0.0484097148758547,-0.0495161551611627,-0.28645125977584357,True,-0.2005158818430905
83,36,-2.0,-1.5,278,-2.746632446448751,0.0797936876962685,-0.0484097148758547,0.1282034025721233,0.4384190947079056,True,0.3068933662955339
83,37,-1.5,-1.0,114,-2.746632446448751,-0.2875334563551993,-0.0484097148758547,-0.2391237414793445,-1.6090595221820996,True,-1.1263416655274696
83,38,-1.0,-0.5,224,-2.746632446448751,0.0583908639450197,-0.0484097148758547,0.1068005788208745,0.365227537971051,True,0.2556592765797357
83,39,-0.5,0.0,167,-2.746632446448751,-0.0649879878949901,-0.0484097148758547,-0.0165782730191354,-0.05669296838499229,True,-0.0396850778694946
83,40,0.0,0.5,332,-2.746632446448751,0.2321710839684391,-0.0484097148758547,0.2805807988442939,0.9595063575050867,True,0.6716544502535606
83,41,0.5,1.0,104,-2.746632446448751,-0.3201246574713307,-0.0484097148758547,-0.2717149425954759,-1.836399539082077,True,-1.285479677357454
83,42,1.0,1.5,280,-2.746632446448751,0.0177492021464968,-0.0484097148758547,0.0661589170223515,0.22624463879948328,True,0.1583712471596383
83,43,1.5,2.0,146,-2.746632446448751,-0.099475929985266,-0.0484097148758547,-0.0510662151094112,-0.2972637073924603,True,-0.2080845951747222
83,44,2.0,2.5,182,-2.746632446448751,-0.2141687749238484,-0.0484097148758547,-0.1657590600479936,-1.097303976351374,True,-0.7681127834459619
83,45,2.5,3.0,313,-2.746632446448751,0.005865278311327,-0.0484097148758547,0.0542749931871817,0.185605006583312,True,0.1299235046083184
83,46,3.0,3.5,293,-2.746632446448751,-0.1441651591907347,-0.0484097148758547,-0.0957554443148799,-0.6089935539426563,True,-0.4262954877598594
83,47,3.5,4.0,203,-2.746632446448751,-0.1274430617515113,-0.0484097148758547,-0.0790333468756565,-0.4923485152743983,True,-0.3446439606920788
83,48,4.0,4.5,196,-2.746632446448751,0.1126534175454644,-0.0484097148758547,0.1610631324213192,0.5507900047134044,True,0.3855530032993831
83,49,4.5,5.0,170,-2.746632446448751,-0.0101524426924789,-0.0484097148758547,0.0382572721833758,0.13082896631541216,True,0.0915802764207885
83,50,5.0,5.5,183,-2.746632446448751,0.0476826547917877,-0.0484097148758547,0.0960923696676425,0.32860851485064835,True,0.2300259603954538
83,51,5.5,6.0,254,-2.746632446448751,0.1922745369007225,-0.0484097148758547,0.2406842517765773,0.823071538331239,True,0.5761500768318673
83,52,6.0,6.5,305,-2.746632446448751,-0.1508521947786432,-0.0484097148758547,-0.1024424799027884,-0.6556389898733198,True,-0.4589472929113238
83,53,6.5,7.0,269,-2.746632446448751,-0.0659876967914456,-0.0484097148758547,-0.0175779819155908,-0.06366644066069616,True,-0.0445665084624873
83,54,7.0,7.5,334,-2.746632446448751,-0.1116262519009741,-0.0484097148758547,-0.0632165370251193,-0.38201831277857584,True,-0.2674128189450031
83,55,7.5,8.0,215,-2.746632446448751,-0.2087340607241701,-0.0484097148758547,-0.1603243458483153,-1.0593941118576145,True,-0.74157587830033
83,56,8.0,8.5,66,-2.746632446448751,-0.3990857293235735,-0.0484097148758547,-0.3506760144477187,-2.3871927223515375,True,-1.671034905646076
83,57,8.5,9.0,228,-2.746632446448751,0.2700033954580663,-0.0484097148758547,0.3184131103339211,1.08888207937533,True,0.762217455562731
83,58,9.0,9.5,123,-2.746632446448751,-0.3486736121114282,-0.0484097148758547,-0.3002638972355734,-2.0355428540900045,True,-1.424879997863003
83,59,9.5,10.0,184,-2.746632446448751,-0.1710007403658789,-0.0484097148758547,-0.1225910254900241,-0.7961852274295944,True,-0.5573296592007161
83,60,10.0,10.5,134,-2.746632446448751,-0.0635199751684803,-0.0484097148758547,-0.0151102602926255,-0.051672783291121,True,-0.0361709483037847
83,61,10.5,11.0,282,-2.746632446448751,0.0065391220144172,-0.0484097148758547,0.054948836890272,0.1879093599807756,True,0.1315365519865429
83,62,11.0,11.5,230,-2.746632446448751,0.0344435845945596,-0.0484097148758547,0.0828532994704144,0.28333466833649,True,0.198334267835543
83,63,11.5,12.0,171,-2.746632446448751,0.1945047112932808,-0.0484097148758547,0.2429144261691356,0.8306980990824337,True,0.5814886693577036
83,64,12.0,12.5,133,-2.746632446448751,-0.1993360913722672,-0.0484097148758547,-0.1509263764964125,-0.9938385496776876,True,-0.6956869847743813
83,65,12.5,13.0,250,-2.746632446448751,0.2445060417385248,-0.0484097148758547,0.2929157566143796,1.0016883972195079,True,0.7011818780536554
83,66,13.0,13.5,305,-2.746632446448751,-0.2225206574471334,-0.0484097148758547,-0.1741109425712786,-1.1555625568567256,True,-0.8088937897997078
83,67,13.5,14.0,220,-2.746632446448751,0.2569082057123782,-0.0484097148758547,0.305317920588233,1.044100262994887,True,0.7308701840964209
83,68,14.0,14.5,124,-2.746632446448751,-0.0993253145925542,-0.0484097148758547,-0.0509155997166994,-0.29621308928843615,True,-0.2073491625019053
83,69,14.5,15.0,126,-2.746632446448751,-0.1772094308918814,-0.0484097148758547,-0.1287997160160266,-0.8394939660084102,True,-0.5876457762058871
83,70,15.0,15.5,216,-2.746632446448751,0.3153758817236892,-0.0484097148758547,0.3637855965995439,1.2440430497874102,True,0.8708301348511871
83,71,15.5,16.0,178,-2.746632446448751,-0.0713081326593104,-0.0484097148758547,-0.0228984177834556,-0.1007791563229903,True,-0.0705454094260932
83,72,16.0,16.5,146,-2.746632446448751,-0.0235869005754961,-0.0484097148758547,0.0248228143003585,0.08488694960762287,True,0.059420864725336
83,73,16.5,17.0,295,-2.746632446448751,0.0781782543038227,-0.0484097148758547,0.1265879691796775,0.43289477295615975,True,0.3030263410693118
83,74,17.0,17.5,212,-2.746632446448751,-0.1946575984200171,-0.0484097148758547,-0.1462478835441623,-0.9612037086651991,True,-0.6728425960656393
83,75,17.5,18.0,218,-2.746632446448751,-0.1394570721553421,-0.0484097148758547,-0.0910473572794873,-0.5761522793182933,True,-0.4033065955228053
83,76,18.0,18.5,267,-2.746632446448751,0.2605580692862488,-0.0484097148758547,0.3089677841621036,1.0565817560891402,True,0.7396072292623981
83,77,18.5,19.0,296,-2.746632446448751,-0.2503955605475917,-0.0484097148758547,-0.201985845671737,-1.3500040234158344,True,-0.945002816391084
83,78,19.0,19.5,284,-2.746632446448751,0.2575523011472503,-0.0484097148758547,0.3059620160231051,1.046302885794257,True,0.7324120200559797
83,79,19.5,20.0,187,-2.746632446448751,-0.2640150491972354,-0.0484097148758547,-0.2156053343213806,-1.4450068055700178,True,-1.0115047638990124
84,0,-20.0,-19.5,199,-2.717539649372058,-0.2417353651900237,-0.0207186948968199,-0.2210166702932037,-1.3551842475719444,True,-0.948628973300361
84,1,-19.5,-19.0,287,-2.717539649372058,-0.0132828028653906,-0.0207186948968199,0.0074358920314292,0.03387085773598258,True,0.0237096004151878
84,2,-19.0,-18.5,104,-2.717539649372058,-0.3703791081648271,-0.0207186948968199,-0.3496604132680072,-2.151772854581173,True,-1.506240998206821
84,3,-18.5,-18.0,217,-2.717539649372058,0.297735081293113,-0.0207186948968199,0.318453776189933,1.4505727763697096,True,1.0154009434587967
84,4,-18.0,-17.5,103,-2.717539649372058,0.0483289636604366,-0.0207186948968199,0.0690476585572565,0.3145155161089703,True,0.2201608612762792
84,5,-17.5,-17.0,189,-2.717539649372058,-0.2030350360435147,-0.0207186948968199,-0.1823163411466947,-1.1155438222179155,True,-0.7808806755525408
84,6,-17.0,-16.5,191,-2.717539649372058,0.2244179005387572,-0.0207186948968199,0.2451365954355772,1.1166093744755048,True,0.7816265621328533
84,7,-16.5,-16.0,0,-2.717539649372058,,-0.0207186948968199,,,True,
84,8,-16.0,-15.5,142,-2.717539649372058,0.0346431928779582,-0.0207186948968199,0.0553618877747782,0.2521761500690503,True,0.1765233050483352
84,9,-15.5,-15.0,173,-2.717539649372058,0.1772963093030168,-0.0207186948968199,0.1980150041998368,0.9019681846501436,True,0.6313777292551005
84,10,-15.0,-14.5,182,-2.717539649372058,-0.1285599248578929,-0.0207186948968199,-0.107841229961073,-0.6543785629963181,True,-0.4580649940974227
84,11,-14.5,-14.0,204,-2.717539649372058,0.2395402903873834,-0.0207186948968199,0.2602589852842034,1.1854926117557045,True,0.8298448282289932
84,12,-14.0,-13.5,111,-2.717539649372058,-0.1953410351719647,-0.0207186948968199,-0.1746223402751447,-1.067900980872758,True,-0.7475306866109305
84,13,-13.5,-13.0,209,-2.717539649372058,0.2146362657434835,-0.0207186948968199,0.2353549606403034,1.0720535418765775,True,0.7504374793136043
84,14,-13.0,-12.5,178,-2.717539649372058,-0.0208420404326273,-0.0207186948968199,-0.0001233455358074,-0.0005618450453612857,True,-0.0003932915317529
84,15,-12.5,-12.0,0,-2.717539649372058,,-0.0207186948968199,,,True,
84,16,-12.0,-11.5,201,-2.717539649372058,0.2117946729803927,-0.0207186948968199,0.2325133678772127,1.0591099456253898,True,0.7413769619377729
84,17,-11.5,-11.0,302,-2.717539649372058,-0.1473097300605636,-0.0207186948968199,-0.1265910351637436,-0.7704812265437799,True,-0.539336858580646
84,18,-11.0,-10.5,172,-2.717539649372058,-0.0754943215264843,-0.0207186948968199,-0.0547756266296643,-0.32578539507092175,True,-0.2280497765496452
84,19,-10.5,-10.0,293,-2.717539649372058,0.0505572098656022,-0.0207186948968199,0.0712759047624222,0.3246652883080436,True,0.2272657018156305
84,20,-10.0,-9.5,146,-2.717539649372058,-0.1313340409651575,-0.0207186948968199,-0.1106153460683376,-0.6715564624764399,True,-0.4700895237335079
84,21,-9.5,-9.0,154,-2.717539649372058,0.0927451747682126,-0.0207186948968199,0.1134638696650325,0.5168335650053442,True,0.3617834955037409
84,22,-9.0,-8.5,0,-2.717539649372058,,-0.0207186948968199,,,True,
84,23,-8.5,-8.0,77,-2.717539649372058,-0.1796759563340443,-0.0207186948968199,-0.1589572614372243,-0.9708995796259607,True,-0.6796297057381725
84,24,-8.0,-7.5,253,-2.717539649372058,0.0191935701643481,-0.0207186948968199,0.0399122650611681,0.18180235082674,True,0.127261645578718
84,25,-7.5,-7.0,216,-2.717539649372058,-0.0526186168083159,-0.0207186948968199,-0.0318999219114959,-0.18413431018784815,True,-0.1288940171314937
84,26,-7.0,-6.5,173,-2.717539649372058,-0.1427808541907527,-0.0207186948968199,-0.1220621592939328,-0.7424374924528271,True,-0.5197062447169789
84,27,-6.5,-6.0,315,-2.717539649372058,0.0646307358641287,-0.0207186948968199,0.0853494307609487,0.3887708986268802,True,0.2721396290388161
84,28,-6.0,-5.5,73,-2.717539649372058,0.1359457816683612,-0.0207186948968199,0.1566644765651811,0.7136144763255158,True,0.499530133427861
84,29,-5.5,-5.0,193,-2.717539649372058,-0.1574445101751455,-0.0207186948968199,-0.1367258152783256,-0.8332378767090426,True,-0.5832665136963298
84,30,-5.0,-4.5,166,-2.717539649372058,-0.1410874589025974,-0.0207186948968199,-0.1203687640057774,-0.731951639332307,True,-0.5123661475326149
84,31,-4.5,-4.0,202,-2.717539649372058,0.1583317044988295,-0.0207186948968199,0.1790503993956494,0.8155834673053031,True,0.5709084271137121
84,32,-4.0,-3.5,253,-2.717539649372058,-0.2510631833902919,-0.0207186948968199,-0.2303444884934719,-1.412944023016618,True,-0.9890608161116324
84,33,-3.5,-3.0,327,-2.717539649372058,0.1881170664594909,-0.0207186948968199,0.2088357613563108,0.9512572712443852,True,0.6658800898710696
84,34,-3.0,-2.5,80,-2.717539649372058,-0.2827446166360692,-0.0207186948968199,-0.2620259217392493,-1.6091219963382803,True,-1.126385397436796
84,35,-2.5,-2.0,248,-2.717539649372058,-0.0205953493610125,-0.0207186948968199,0.0001233455358074,0.0005618450453612857,True,0.0003932915317529
84,36,-2.0,-1.5,221,-2.717539649372058,-0.039600051550299,-0.0207186948968199,-0.0188813566534791,-0.10352066723613829,True,-0.0724644670652968
84,37,-1.5,-1.0,44,-2.717539649372058,0.1932563945633303,-0.0207186948968199,0.2139750894601502,0.9746671661605469,True,0.6822670163123828
84,38,-1.0,-0.5,199,-2.717539649372058,0.1183202499595014,-0.0207186948968199,0.1390389448563213,0.6333293034762408,True,0.4433305124333685
84,39,-0.5,0.0,125,-2.717539649372058,0.0338922240642071,-0.0207186948968199,0.0546109189610271,0.2487554498023959,True,0.1741288148616771
84,40,0.0,0.5,261,-2.717539649372058,0.0448003450880487,-0.0207186948968199,0.0655190399848686,0.2984424831541164,True,0.2089097382078815
84,41,0.5,1.0,146,-2.717539649372058,-0.1569471902180461,-0.0207186948968199,-0.1362284953212262,-0.8301583688938718,True,-0.5811108582257103
84,42,1.0,1.5,296,-2.717539649372058,-0.0355622803705424,-0.0207186948968199,-0.0148435854737224,-0.07851795474405558,True,-0.0549625683208389
84,43,1.5,2.0,199,-2.717539649372058,-0.2078841969579707,-0.0207186948968199,-0.1871655020611508,-1.1455708274082632,True,-0.8018995791857843
84,44,2.0,2.5,268,-2.717539649372058,-0.0096673723754183,-0.0207186948968199,0.0110513225214015,0.05033932328962357,True,0.0352375263027365
84,45,2.5,3.0,122,-2.717539649372058,-0.0651999640177347,-0.0207186948968199,-0.0444812691209147,-0.26204060874613344,True,-0.1834284261222934
84,46,3.0,3.5,179,-2.717539649372058,-0.1677186169764149,-0.0207186948968199,-0.146999922079595,-0.8968572664736129,True,-0.627800086531529
84,47,3.5,4.0,240,-2.717539649372058,0.1310812955242649,-0.0207186948968199,0.1517999904210848,0.6914565001944831,True,0.4840195501361382
84,48,4.0,4.5,165,-2.717539649372058,-0.1228839868616477,-0.0207186948968199,-0.1021652919648278,-0.6192319834787642,True,-0.4334623884351349
84,49,4.5,5.0,156,-2.717539649372058,0.1038390692605362,-0.0207186948968199,0.1245577641573561,0.5673668057381674,True,0.3971567640167172
84,50,5.0,5.5,54,-2.717539649372058,0.3815682315057601,-0.0207186948968199,0.40228692640258,1.8324369417462563,True,1.2827058592223792
84,51,5.5,6.0,213,-2.717539649372058,-0.2100025198077483,-0.0207186948968199,-0.1892838249109283,-1.1586879196902453,True,-0.8110815437831717
84,52,6.0,6.5,240,-2.717539649372058,0.1849259112363602,-0.0207186948968199,0.2056446061331802,0.9367214006159196,True,0.6557049804311437
84,53,6.5,7.0,232,-2.717539649372058,-0.1322005767301452,-0.0207186948968199,-0.1114818818333253,-0.6769222307757222,True,-0.4738455615430055
84,54,7.0,7.5,113,-2.717539649372058,0.125007883627054,-0.0207186948968199,0.1457265785238739,0.6637918071794455,True,0.4646542650256118
84,55,7.5,8.0,217,-2.717539649372058,0.0279957289529004,-0.0207186948968199,0.0487144238497204,0.22189662153917816,True,0.1553276350774247
84,56,8.0,8.5,177,-2.717539649372058,0.3181662818680098,-0.0207186948968199,0.3388849767648297,1.5436379103338245,True,1.080546537233677
84,57,8.5,9.0,107,-2.717539649372058,0.0723943430421932,-0.0207186948968199,0.0931130379390131,0.4241345151418622,True,0.2968941605993035
84,58,9.0,9.5,38,-2.717539649372058,-0.1393261531779792,-0.0207186948968199,-0.1186074582811593,-0.7210452707733193,True,-0.5047316895413234
84,59,9.5,10.0,261,-2.717539649372058,-0.2419294753537762,-0.0207186948968199,-0.2212107804569563,-1.3563862177678854,True,-0.9494703524375196
84,60,10.0,10.5,114,-2.717539649372058,-0.3172372437343979,-0.0207186948968199,-0.2965185488375779,-1.8227074621912744,True,-1.275895223533892
84,61,10.5,11.0,192,-2.717539649372058,0.1878074046231775,-0.0207186948968199,0.2085260995199975,0.9498467461910766,True,0.6648927223337535
84,62,11.0,11.5,249,-2.717539649372058,-0.1849188712820582,-0.0207186948968199,-0.1642001763852382,-1.0033647910581582,True,-0.7023553537407107
84,63,11.5,12.0,194,-2.717539649372058,-0.0663959324811988,-0.0207186948968199,-0.0456772375843789,-0.26944629230529826,True,-0.1886124046137088
84,64,12.0,12.5,208,-2.717539649372058,0.205647049425992,-0.0207186948968199,0.2263657443228119,1.0311072148238425,True,0.7217750503766897
84,65,12.5,13.0,136,-2.717539649372058,-0.2483584714961778,-0.0207186948968199,-0.2276397765993578,-1.3961958887485126,True,-0.9773371221239588
84,66,13.0,13.5,203,-2.717539649372058,-0.0867320515507337,-0.0207186948968199,-0.0660133566539137,-0.3953717387123373,True,-0.2767602170986361
84,67,13.5,14.0,274,-2.717539649372058,0.0063056426961287,-0.0207186948968199,0.0270243375929486,0.12309720073275414,True,0.0861680405129279
84,68,14.0,14.5,120,-2.717539649372058,-0.021587175181957,-0.0207186948968199,-0.000868480285137,-0.0039559708586471435,True,-0.002769179601053
84,69,14.5,15.0,237,-2.717539649372058,0.1491673990672503,-0.0207186948968199,0.1698860939640702,0.7738396006366997,True,0.5416877204456897
84,70,15.0,15.5,196,-2.717539649372058,-0.0920943859476656,-0.0207186948968199,-0.0713756910508456,-0.42857642001896173,True,-0.3000034940132732
84,71,15.5,16.0,211,-2.717539649372058,0.2667325751666773,-0.0207186948968199,0.2874512700634972,1.3093548202685361,True,0.9165483741879752
84,72,16.0,16.5,127,-2.717539649372058,0.0766335628591574,-0.0207186948968199,0.0973522577559774,0.44344437207967985,True,0.3104110604557759
84,73,16.5,17.0,272,-2.717539649372058,-0.1648122677254067,-0.0207186948968199,-0.1440935728285868,-0.878860552076113,True,-0.6152023864532791
84,74,17.0,17.5,289,-2.717539649372058,0.1952065811490292,-0.0207186948968199,0.2159252760458491,0.9835503629745456,True,0.6884852540821819
84,75,17.5,18.0,200,-2.717539649372058,-0.3205200163491142,-0.0207186948968199,-0.2998013214522942,-1.8430350677460747,True,-1.2901245474222522
84,76,18.0,18.5,133,-2.717539649372058,-0.3043737105228821,-0.0207186948968199,-0.2836550156260621,-1.7430538096682342,True,-1.220137666767764
84,77,18.5,19.0,241,-2.717539649372058,0.3026044464071084,-0.0207186948968199,0.3233231413039283,1.472752976451097,True,1.0309270835157678
84,78,19.0,19.5,131,-2.717539649372058,-0.1353272691706054,-0.0207186948968199,-0.1146085742737855,-0.6962833556784724,True,-0.4873983489749307
84,79,19.5,20.0,92,-2.717539649372058,-0.2893479754388153,-0.0207186948968199,-0.2686292805419954,-1.6500113568981007,True,-1.1550079498286705
85,0,-20.0,-19.5,257,-2.695455290904329,0.3456502873281896,-0.1100112822367989,0.4556615695649886,0.9235264824639023,True,0.6464685377247316
85,1,-19.5,-19.0,231,-2.695455290904329,-0.1221897634164764,-0.1100112822367989,-0.0121784811796775,-0.07829017438580614,True,-0.0548031220700643
85,2,-19.0,-18.5,266,-2.695455290904329,0.231183186555115,-0.1100112822367989,0.341194468791914,0.6915266694541696,True,0.4840686686179187
85,3,-18.5,-18.0,175,-2.695455290904329,-0.2783653618194163,-0.1100112822367989,-0.1683540795826173,-1.6121809422641271,True,-1.1285266595848888
85,4,-18.0,-17.5,255,-2.695455290904329,0.0848224476483422,-0.1100112822367989,0.1948337298851412,0.39488541769701174,True,0.2764197923879082
85,5,-17.5,-17.0,169,-2.695455290904329,0.1496467981720899,-0.1100112822367989,0.2596580804088888,0.5262702182066479,True,0.3683891527446535
85,6,-17.0,-16.5,266,-2.695455290904329,-0.0820426138770109,-0.1100112822367989,0.027968668359788,0.05668638225113786,True,0.0396804675757965
85,7,-16.5,-16.0,299,-2.695455290904329,0.1516546553870162,-0.1100112822367989,0.2616659376238152,0.5303397062540182,True,0.3712377943778127
85,8,-16.0,-15.5,277,-2.695455290904329,-0.0238674151551749,-0.1100112822367989,0.086143867081624,0.17459480427037302,True,0.1222163629892611
85,9,-15.5,-15.0,286,-2.695455290904329,-0.1385020636528829,-0.1100112822367989,-0.0284907814160839,-0.23850269792566886,True,-0.1669518885479682
85,10,-15.0,-14.5,237,-2.695455290904329,0.4309794809923217,-0.1100112822367989,0.5409907632291207,1.096470121646266,True,0.7675290851523862
85,11,-14.5,-14.0,152,-2.695455290904329,-0.1221558814303654,-0.1100112822367989,-0.0121445991935664,-0.07795739982803486,True,-0.0545701798796244
85,12,-14.0,-13.5,324,-2.695455290904329,-0.1944741377464088,-0.1100112822367989,-0.0844628555096098,-0.7882367702712793,True,-0.5517657391898955
85,13,-13.5,-13.0,248,-2.695455290904329,0.1116550861278704,-0.1100112822367989,0.2216663683646694,0.44926931549616533,True,0.3144885208473157
85,14,-13.0,-12.5,253,-2.695455290904329,-0.265190183914338,-0.1100112822367989,-0.155178901677539,-1.4827799093216232,True,-1.0379459365251362
85,15,-12.5,-12.0,220,-2.695455290904329,-0.2022100748077654,-0.1100112822367989,-0.0921987925709665,-0.8642158768708121,True,-0.6049511138095685
85,16,-12.0,-11.5,262,-2.695455290904329,0.1954320520563116,-0.1100112822367989,0.3054433342931106,0.6190669280735337,True,0.4333468496514736
85,17,-11.5,-11.0,77,-2.695455290904329,-0.1520790000094609,-0.1100112822367989,-0.0420677177726619,-0.37184963269902405,True,-0.2602947428893168
85,18,-11.0,-10.5,129,-2.695455290904329,-0.3099562671375873,-0.1100112822367989,-0.1999449849007883,-1.9224534721086388,True,-1.345717430476047
85,19,-10.5,-10.0,214,-2.695455290904329,-0.146691076706759,-0.1100112822367989,-0.03667979446996,-0.31893172557035604,True,-0.2232522078992492
85,20,-10.0,-9.5,213,-2.695455290904329,-0.0026275588901,-0.1100112822367989,0.1073837233466989,0.21764335401585644,True,0.1523503478110995
85,21,-9.5,-9.0,162,-2.695455290904329,0.3780931589790139,-0.1100112822367989,0.4881044412158128,0.989281097594859,True,0.6924967683164013
85,22,-9.0,-8.5,231,-2.695455290904329,0.5939943591399858,-0.1100112822367989,0.7040056413767848,1.426865676287224,True,0.9988059734010568
85,23,-8.5,-8.0,238,-2.695455290904329,-0.0883564266054569,-0.1100112822367989,0.021654855631342,0.043889662822716,True,0.0307227639759012
85,24,-8.0,-7.5,287,-2.695455290904329,0.1493574289949912,-0.1100112822367989,0.2593687112317901,0.5256837300845212,True,0.3679786110591648
85,25,-7.5,-7.0,253,-2.695455290904329,-0.1246699944160876,-0.1100112822367989,-0.0146587121792886,-0.10264995575634758,True,-0.0718549690294433
85,26,-7.0,-6.5,251,-2.695455290904329,-0.1093384070428969,-0.1100112822367989,0.000672875193902,0.0013637710583202858,True,0.0009546397408242
85,27,-6.5,-6.0,256,-2.695455290904329,0.436053476603062,-0.1100112822367989,0.5460647588398609,1.1067540025601157,True,0.774727801792081
85,28,-6.0,-5.5,275,-2.695455290904329,-0.1177863544086529,-0.1100112822367989,-0.0077750721718539,-0.03504175085893514,True,-0.0245292256012546
85,29,-5.5,-5.0,298,-2.695455290904329,-0.1383921148953004,-0.1100112822367989,-0.0283808326585014,-0.23742282766475672,True,-0.1661959793653297
85,30,-5.0,-4.5,132,-2.695455290904329,-0.2105734878814177,-0.1100112822367989,-0.1005622056446188,-0.9463577878531532,True,-0.6624504514972072
85,31,-4.5,-4.0,104,-2.695455290904329,-0.172852738550221,-0.1100112822367989,-0.062841456313422,-0.5758805190080224,True,-0.4031163633056156
85,32,-4.0,-3.5,141,-2.695455290904329,-0.1106841574307009,-0.1100112822367989,-0.000672875193902,-0.0013637710583202858,True,-0.0009546397408242
85,33,-3.5,-3.0,294,-2.695455290904329,0.2907834219282045,-0.1100112822367989,0.4007947041650034,0.8123233295294924,True,0.5686263306706446
85,34,-3.0,-2.5,155,-2.695455290904329,-0.1976611464046873,-0.1100112822367989,-0.0876498641678883,-0.8195382233028154,True,-0.5736767563119708
85,35,-2.5,-2.0,179,-2.695455290904329,-0.0161160277981664,-0.1100112822367989,0.0938952544386325,0.19030517349652346,True,0.1332136214475664
85,36,-2.0,-1.5,275,-2.695455290904329,0.1424717759202073,-0.1100112822367989,0.2524830581570063,0.5117280151672136,True,0.3582096106170495
85,37,-1.5,-1.0,200,-2.695455290904329,0.0936369538898169,-0.1100112822367989,0.2036482361266158,0.4127504967108436,True,0.2889253476975905
85,38,-1.0,-0.5,298,-2.695455290904329,0.1385870219413863,-0.1100112822367989,0.2485983041781853,0.5038544673042169,True,0.3526981271129518
85,39,-0.5,0.0,331,-2.695455290904329,-0.3013600699823773,-0.1100112822367989,-0.1913487877455784,-1.838025254191914,True,-1.2866176779343397
85,40,0.0,0.5,116,-2.695455290904329,-0.2401720164491441,-0.1100112822367989,-0.1301607342123452,-1.2370620347207204,True,-0.8659434243045042
85,41,0.5,1.0,253,-2.695455290904329,0.0689416960353412,-0.1100112822367989,0.1789529782721402,0.36269860262274645,True,0.2538890218359225
85,42,1.0,1.5,119,-2.695455290904329,0.0194456666523111,-0.1100112822367989,0.1294569488891101,0.26238096127397287,True,0.183666672891781
85,43,1.5,2.0,294,-2.695455290904329,0.2364613188800243,-0.1100112822367989,0.3464726011168233,0.7022242909030361,True,0.4915570036321252
85,44,2.0,2.5,228,-2.695455290904329,-0.1277461486774168,-0.1100112822367989,-0.0177348664406178,-0.132862643719601,True,-0.0930038506037207
85,45,2.5,3.0,302,-2.695455290904329,0.22338539481523,-0.1100112822367989,0.333396677052029,0.6757222486789062,True,0.4730055740752343
85,46,3.0,3.5,202,-2.695455290904329,-0.0891893627468952,-0.1100112822367989,0.0208219194899036,0.04220148318194872,True,0.0295410382273641
85,47,3.5,4.0,282,-2.695455290904329,-0.2463252603996397,-0.1100112822367989,-0.1363139781628408,-1.2974965980243731,True,-0.9082476186170612
85,48,4.0,4.5,273,-2.695455290904329,0.2055503173745161,-0.1100112822367989,0.3155615996113151,0.6395744419875968,True,0.4477021093913177
85,49,4.5,5.0,275,-2.695455290904329,-0.077037092146001,-0.1100112822367989,0.0329741900907979,0.066831481565854,True,0.0467820370960978
85,50,5.0,5.5,149,-2.695455290904329,-0.1953210429734475,-0.1100112822367989,-0.0853097607366486,-0.7965547157269521,True,-0.5575883010088665
85,51,5.5,6.0,306,-2.695455290904329,0.1769978009528567,-0.1100112822367989,0.2870090831896557,0.5817047272307392,True,0.4071933090615174
85,52,6.0,6.5,206,-2.695455290904329,-0.2477242769891932,-0.1100112822367989,-0.1377129947523942,-1.3112371481024205,True,-0.9178660036716944
85,53,6.5,7.0,170,-2.695455290904329,-0.0955592760612702,-0.1100112822367989,0.0144520061755287,0.029291060118531716,True,0.0205037420829722
85,54,7.0,7.5,338,-2.695455290904329,0.2166631664044717,-0.1100112822367989,0.3266744486412707,0.6620977598627146,True,0.4634684319039002
85,55,7.5,8.0,252,-2.695455290904329,-0.3609378486470235,-0.1100112822367989,-0.2509265664102245,-2.4231730339917985,True,-1.6962211237942588
85,56,8.0,8.5,170,-2.695455290904329,-0.1947153360682154,-0.1100112822367989,-0.0847040538314164,-0.7906057183196956,True,-0.5534240028237869
85,57,8.5,9.0,321,-2.695455290904329,-0.1389935730651778,-0.1100112822367989,-0.0289822908283788,-0.24333009578778103,True,-0.1703310670514467
85,58,9.0,9.5,315,-2.695455290904329,0.3863926152851641,-0.1100112822367989,0.4964038975219631,1.0061022828795854,True,0.7042715980157097
85,59,9.5,10.0,217,-2.695455290904329,-0.1406356486934845,-0.1100112822367989,-0.0306243664566855,-0.2594578690902346,True,-0.1816205083631642
85,60,10.0,10.5,172,-2.695455290904329,-0.2350880422414434,-0.1100112822367989,-0.1250767600046444,-1.1871293872324495,True,-0.8309905710627147
85,61,10.5,11.0,169,-2.695455290904329,-0.1774110575731868,-0.1100112822367989,-0.0673997753363878,-0.6206504032784945,True,-0.4344552822949462
85,62,11.0,11.5,315,-2.695455290904329,0.1763410026406242,-0.1100112822367989,0.2863522848774232,0.5803735405002819,True,0.4062614783501973
85,63,11.5,12.0,80,-2.695455290904329,0.0881733298831033,-0.1100112822367989,0.1981846121199023,0.4016769241353846,True,0.2811738468947692
85,64,12.0,12.5,226,-2.695455290904329,0.3644541606521627,-0.1100112822367989,0.4744654428889616,0.9616378268201192,True,0.6731464787740834
85,65,12.5,13.0,271,-2.695455290904329,0.0665690593576067,-0.1100112822367989,0.1765803415944057,0.3578897862741462,True,0.2505228503919023
85,66,13.0,13.5,105,-2.695455290904329,-0.2896622769199379,-0.1100112822367989,-0.179650994683139,-1.7231344712109977,True,-1.2061941298476984
85,67,13.5,14.0,233,-2.695455290904329,-0.3494720482551818,-0.1100112822367989,-0.2394607660183828,-2.3105607850410648,True,-1.6173925495287451
85,68,14.0,14.5,348,-2.695455290904329,0.3992134488336488,-0.1100112822367989,0.5092247310704477,1.0320873123403558,True,0.722461118638249
85,69,14.5,15.0,265,-2.695455290904329,-0.0819415844707347,-0.1100112822367989,0.0280696977660642,0.05689114679227043,True,0.0398238027545893
85,70,15.0,15.5,211,-2.695455290904329,-0.303894691378808,-0.1100112822367989,-0.193883409142009,-1.862919235068625,True,-1.3040434645480374
85,71,15.5,16.0,274,-2.695455290904329,0.2861077383887989,-0.1100112822367989,0.3961190206255978,0.8028467401906457,True,0.561992718133452
85,72,16.0,16.5,218,-2.695455290904329,-0.3034452598175472,-0.1100112822367989,-0.1934339775807482,-1.8585051080880939,True,-1.3009535756616657
85,73,16.5,17.0,241,-2.695455290904329,0.3123910074396311,-0.1100112822367989,0.4224022896764301,0.8561171861431995,True,0.5992820303002396
85,74,17.0,17.5,211,-2.695455290904329,-0.2379335180778034,-0.1100112822367989,-0.1279222358410045,-1.2150764491310224,True,-0.8505535143917157
85,75,17.5,18.0,199,-2.695455290904329,-0.1998086874270822,-0.1100112822367989,-0.0897974051902832,-0.8406304642263469,True,-0.5884413249584428
85,76,18.0,18.5,139,-2.695455290904329,0.3543883365559955,-0.1100112822367989,0.4643996187927944,0.9412365998096685,True,0.6588656198667678
85,77,18.5,19.0,257,-2.695455290904329,0.0949696630729832,-0.1100112822367989,0.2049809453097821,0.4154516071539559,True,0.2908161250077691
85,78,19.0,19.5,176,-2.695455290904329,-0.2251590168721304,-0.1100112822367989,-0.1151477346353315,-1.089610693507169,True,-0.7627274854550182
85,79,19.5,20.0,286,-2.695455290904329,-0.3380964852581231,-0.1100112822367989,-0.2280852030213241,-2.1988348096707786,True,-1.539184366769545
86,0,-20.0,-19.5,237,-2.662777323863757,-0.1609440778398297,0.028689339514453,-0.1896334173542827,-0.7151069713961469,True,-0.5005748799773028
86,1,-19.5,-19.0,351,-2.662777323863757,0.0989827743154206,0.028689339514453,0.0702934348009675,0.36580021073362046,True,0.2560601475135343
86,2,-19.0,-18.5,283,-2.662777323863757,-0.0953047397864786,0.028689339514453,-0.1239940793009316,-0.46758125101066406,True,-0.3273068757074648
86,3,-18.5,-18.0,282,-2.662777323863757,0.1426752694164907,0.028689339514453,0.1139859299020377,0.6027898608320925,True,0.4219529025824647
86,4,-18.0,-17.5,199,-2.662777323863757,0.1814548395832517,0.028689339514453,0.1527655000687987,0.8131316310498506,True,0.5691921417348954
86,5,-17.5,-17.0,232,-2.662777323863757,-0.057239498655566,0.028689339514453,-0.085928838170019,-0.3240373562669657,True,-0.226826149386876
86,6,-17.0,-16.5,235,-2.662777323863757,0.0684516030519168,0.028689339514453,0.0397622635374638,0.20019805003996302,True,0.1401386350279741
86,7,-16.5,-16.0,258,-2.662777323863757,0.3197188653143053,0.028689339514453,0.2910295257998523,1.5630806326669708,True,1.0941564428668795
86,8,-16.0,-15.5,320,-2.662777323863757,-0.0090424223555653,0.028689339514453,-0.0377317618700183,-0.1422863455859143,True,-0.09960044191014
86,9,-15.5,-15.0,281,-2.662777323863757,0.1787041908411882,0.028689339514453,0.1500148513267352,0.7982120142731592,True,0.5587484099912114
86,10,-15.0,-14.5,55,-2.662777323863757,-0.2648925543968156,0.028689339514453,-0.2935818939112686,-1.1070963226877206,True,-0.7749674258814044
86,11,-14.5,-14.0,130,-2.662777323863757,0.1532736164255604,0.028689339514453,0.1245842769111074,0.6602756726057509,True,0.4621929708240256
86,12,-14.0,-13.5,233,-2.662777323863757,0.1114408414895036,0.028689339514453,0.0827515019750506,0.43337321094016845,True,0.3033612476581179
86,13,-13.5,-13.0,260,-2.662777323863757,-0.1727394242819166,0.028689339514453,-0.2014287637963696,-0.7595871826819589,True,-0.5317110278773712
86,14,-13.0,-12.5,210,-2.662777323863757,0.0276648346931969,0.028689339514453,-0.001024504821256,-0.003863404193894714,True,-0.0027043829357263
86,15,-12.5,-12.0,267,-2.662777323863757,0.2114473443481994,0.028689339514453,0.1827580048337464,0.9758120454638036,True,0.6830684318246625
86,16,-12.0,-11.5,102,-2.662777323863757,0.2141550825763605,0.028689339514453,0.1854657430619075,0.9904989140842783,True,0.6933492398589948
86,17,-11.5,-11.0,177,-2.662777323863757,-0.1575820324118278,0.028689339514453,-0.1862713719262808,-0.7024287095303966,True,-0.4917000966712776
86,18,-11.0,-10.5,221,-2.662777323863757,0.2919343699039667,0.028689339514453,0.2632450303895137,1.4123765396590746,True,0.9886635777613522
86,19,-10.5,-10.0,125,-2.662777323863757,0.2316717188368479,0.028689339514453,0.2029823793223948,1.0855097732414936,True,0.7598568412690454
86,20,-10.0,-9.5,215,-2.662777323863757,-0.1230493979338709,0.028689339514453,-0.1517387374483239,-0.5722062624512178,True,-0.4005443837158524
86,21,-9.5,-9.0,328,-2.662777323863757,0.029713844335709,0.028689339514453,0.001024504821256,0.003863404193894714,True,0.0027043829357263
86,22,-9.0,-8.5,316,-2.662777323863757,-0.0863194125888963,0.028689339514453,-0.1150087521033493,-0.4336976127315407,True,-0.3035883289120785
86,23,-8.5,-8.0,235,-2.662777323863757,0.1513876290378747,0.028689339514453,0.1226982895234216,0.6500460098212412,True,0.4550322068748688
86,24,-8.0,-7.5,154,-2.662777323863757,-0.2380148762499754,0.028689339514453,-0.2667042157644285,-1.0057406898783479,True,-0.7040184829148435
86,25,-7.5,-7.0,284,-2.662777323863757,0.2469361050930885,0.028689339514453,0.2182467655786355,1.1683043481328186,True,0.8178130436929729
86,26,-7.0,-6.5,241,-2.662777323863757,-0.0214208322007907,0.028689339514453,-0.0501101717152437,-0.1889652869804146,True,-0.1322757008862902
86,27,-6.5,-6.0,139,-2.662777323863757,0.0983601118662019,0.028689339514453,0.0696707723517489,0.36242286742492574,True,0.253696007197448
86,28,-6.0,-5.5,315,-2.662777323863757,0.092168593000798,0.028689339514453,0.063479253486345,0.32883984850838377,True,0.2301878939558686
86,29,-5.5,-5.0,159,-2.662777323863757,-0.2363234018223775,0.028689339514453,-0.2650127413368305,-0.9993621455690724,True,-0.6995535018983506
86,30,-5.0,-4.5,225,-2.662777323863757,0.2116172629369211,0.028689339514453,0.1829279234224681,0.9767336899428665,True,0.6837135829600065
86,31,-4.5,-4.0,113,-2.662777323863757,-0.1779893160750862,0.028689339514453,-0.2066786555895392,-0.7793845067651778,True,-0.5455691547356244
86,32,-4.0,-3.5,256,-2.662777323863757,0.0441278665464793,0.028689339514453,0.0154385270320263,0.06826523663169715,True,0.047785665642188
86,33,-3.5,-3.0,273,-2.662777323863757,0.1327014934967728,0.028689339514453,0.1040121539823197,0.5486917448992114,True,0.3840842214294479
86,34,-3.0,-2.5,242,-2.662777323863757,-0.2716848497460047,0.028689339514453,-0.3003741892604577,-1.1327100453308785,True,-0.7928970317316149
86,35,-2.5,-2.0,314,-2.662777323863757,-0.0196305674007734,0.028689339514453,-0.0483199069152264,-0.1822142045129943,True,-0.127549943159096
86,36,-2.0,-1.5,251,-2.662777323863757,-0.2216799639731126,0.028689339514453,-0.2503693034875656,-0.9441417912807144,True,-0.6608992538965001
86,37,-1.5,-1.0,311,-2.662777323863757,-0.1637327830541979,0.028689339514453,-0.1924221225686509,-0.7256231692677371,True,-0.5079362184874159
86,38,-1.0,-0.5,297,-2.662777323863757,0.1620478442248139,0.028689339514453,0.1333585047103609,0.7078673967958954,True,0.4955071777571267
86,39,-0.5,0.0,250,-2.662777323863757,-0.1553699813566645,0.028689339514453,-0.1840593208711175,-0.6940870725304359,True,-0.4858609507713051
86,40,0.0,0.5,286,-2.662777323863757,-0.3394975599763751,0.028689339514453,-0.3681868994908281,-1.3884315447984903,True,-0.9719020813589432
86,41,0.5,1.0,222,-2.662777323863757,0.2027918582287356,0.028689339514453,0.1741025187142826,0.9288643803753508,True,0.6502050662627455
86,42,1.0,1.5,268,-2.662777323863757,-0.1571270823483526,0.028689339514453,-0.1858164218628056,-0.7007130943895249,True,-0.4904991660726674
86,43,1.5,2.0,286,-2.662777323863757,-0.3084634856443701,0.028689339514453,-0.3371528251588231,-1.2714021561218023,True,-0.8899815092852615
86,44,2.0,2.5,302,-2.662777323863757,-0.112670918064857,0.028689339514453,-0.1413602575793101,-0.5330690501899383,True,-0.3731483351329568
86,45,2.5,3.0,216,-2.662777323863757,-0.191426030333927,0.028689339514453,-0.22011536984838,-0.830054310501318,True,-0.5810380173509225
86,46,3.0,3.5,205,-2.662777323863757,-0.2547803590041729,0.028689339514453,-0.2834696985186259,-1.0689632682804961,True,-0.7482742877963473
86,47,3.5,4.0,304,-2.662777323863757,-0.1277378141501823,0.028689339514453,-0.1564271536646354,-0.5898862640451741,True,-0.4129203848316218
86,48,4.0,4.5,334,-2.662777323863757,0.2981952735220607,0.028689339514453,0.2695059340076077,1.4463359039462382,True,1.0124351327623666
86,49,4.5,5.0,184,-2.662777323863757,-0.1066061391205294,0.028689339514453,-0.1352954786349824,-0.5101987894332978,True,-0.3571391526033084
86,50,5.0,5.5,179,-2.662777323863757,-0.1068524748558568,0.028689339514453,-0.1355418143703098,-0.5111277206527753,True,-0.3577894044569427
86,51,5.5,6.0,275,-2.662777323863757,-0.2881582776029007,0.028689339514453,-0.3168476171173537,-1.1948312857093573,True,-0.8363818999965501
86,52,6.0,6.5,182,-2.662777323863757,0.0935889227805124,0.028689339514453,0.0648995832660594,0.3365437678368706,True,0.2355806374858094
86,53,6.5,7.0,312,-2.662777323863757,0.4302463380186211,0.028689339514453,0.4015569985041681,2.1625855824729303,True,1.5138099077310512
86,54,7.0,7.5,139,-2.662777323863757,-0.2312479950336086,0.028689339514453,-0.2599373345480616,-0.9802228038435619,True,-0.6861559626904933
86,55,7.5,8.0,249,-2.662777323863757,-0.2353159674252334,0.028689339514453,-0.2640053069396864,-0.9955631138864016,True,-0.6968941797204811
86,56,8.0,8.5,186,-2.662777323863757,-0.1650039373037317,0.028689339514453,-0.1936932768181847,-0.7304166876161576,True,-0.5112916813313103
86,57,8.5,9.0,206,-2.662777323863757,-0.0596354698696726,0.028689339514453,-0.0883248093841256,-0.33307255556030074,True,-0.2331507888922105
86,58,9.0,9.5,63,-2.662777323863757,-0.2651789780613947,0.028689339514453,-0.2938683175758477,-1.108176425351961,True,-0.7757234977463726
86,59,9.5,10.0,250,-2.662777323863757,-0.1543855689644483,0.028689339514453,-0.1830749084789013,-0.6903748567499893,True,-0.4832623997249925
86,60,10.0,10.5,180,-2.662777323863757,-0.1834545750724451,0.028689339514453,-0.2121439145868981,-0.7999939798423583,True,-0.5599957858896508
86,61,10.5,11.0,260,-2.662777323863757,-0.2597395568021873,0.028689339514453,-0.2884288963166403,-1.087664386297407,True,-0.7613650704081848
86,62,11.0,11.5,144,-2.662777323863757,-0.35586830559655,0.028689339514453,-0.384557645111003,-1.450165570811789,True,-1.0151158995682523
86,63,11.5,12.0,202,-2.662777323863757,0.4529578131023296,0.028689339514453,0.4242684735878766,2.2857734324883077,True,1.6000414027418153
86,64,12.0,12.5,123,-2.662777323863757,-0.2530056137513459,0.028689339514453,-0.2816949532657989,-1.0622707099727073,True,-0.743589496980895
86,65,12.5,13.0,232,-2.662777323863757,-0.185862013569336,0.028689339514453,-0.2145513530837891,-0.8090724222200427,True,-0.5663506955540298
86,66,13.0,13.5,299,-2.662777323863757,0.2552031832212166,0.028689339514453,0.2265138437067635,1.2131452744381188,True,0.8492016921066832
86,67,13.5,14.0,208,-2.662777323863757,-0.1753752599847255,0.028689339514453,-0.2040645994991785,-0.7695269101457742,True,-0.5386688371020419
86,68,14.0,14.5,256,-2.662777323863757,0.4547197896402119,0.028689339514453,0.4260304501257589,2.2953304560052414,True,1.606731319203669
86,69,14.5,15.0,179,-2.662777323863757,-0.1668697155426363,0.028689339514453,-0.1955590550570893,-0.7374525310046002,True,-0.5162167717032201
86,70,15.0,15.5,96,-2.662777323863757,-0.1840238207350223,0.028689339514453,-0.2127131602494753,-0.8021406032984209,True,-0.5614984223088946
86,71,15.5,16.0,294,-2.662777323863757,-0.238190587346376,0.028689339514453,-0.266879926860829,-1.0064032958248141,True,-0.7044823070773698
86,72,16.0,16.5,8,-2.662777323863757,-0.2280282430514928,0.028689339514453,-0.2567175825659458,-0.9680811300779301,True,-0.677656791054551
86,73,16.5,17.0,108,-2.662777323863757,0.1029562467245911,0.028689339514453,0.0742669072101381,0.38735246664729583,True,0.2711467266531071
86,74,17.0,17.5,351,-2.662777323863757,0.3166845239388475,0.028689339514453,0.2879951844243945,1.5466222569393864,True,1.0826355798575704
86,75,17.5,18.0,267,-2.662777323863757,-0.1494774842385484,0.028689339514453,-0.1781668237530014,-0.6718664859540512,True,-0.4703065401678358
86,76,18.0,18.5,234,-2.662777323863757,-0.3179478483004359,0.028689339514453,-0.3466371878148889,-1.3071676554163218,True,-0.9150173587914252
86,77,18.5,19.0,281,-2.662777323863757,0.2160661493034487,0.028689339514453,0.1873768097889957,1.00086460809923,True,0.7006052256694609
86,78,19.0,19.5,278,-2.662777323863757,0.491445172269435,0.028689339514453,0.462755832754982,2.49453023983308,True,1.746171167883156
86,79,19.5,20.0,296,-2.662777323863757,-0.2724080226913249,0.028689339514453,-0.301097362205778,-1.1354371280462494,True,-0.7948059896323746
87,0,-20.0,-19.5,310,-2.6909636023417,0.1552333741744428,0.0057559626761076,0.1494774114983352,0.9658789681278288,True,0.6761152776894801
87,1,-19.5,-19.0,237,-2.6909636023417,-0.1757791808886265,0.0057559626761076,-0.1815351435647341,-0.811365995549359,True,-0.5679561968845512
87,2,-19.0,-18.5,259,-2.6909636023417,0.1931519988447614,0.0057559626761076,0.1873960361686537,1.2150195475458085,True,0.850513683282066
87,3,-18.5,-18.0,232,-2.6909636023417,0.1508430809285187,0.0057559626761076,0.1450871182524111,0.937032979840691,True,0.6559230858884837
87,4,-18.0,-17.5,245,-2.6909636023417,-0.1236020136501445,0.0057559626761076,-0.1293579763262521,-0.5781616781368459,True,-0.4047131746957921
87,5,-17.5,-17.0,268,-2.6909636023417,-0.1497346633113802,0.0057559626761076,-0.1554906259874879,-0.6949607887243247,True,-0.4864725521070272
87,6,-17.0,-16.5,173,-2.6909636023417,-0.1861742867714514,0.0057559626761076,-0.191930249447559,-0.8578266161644058,True,-0.600478631315084
87,7,-16.5,-16.0,219,-2.6909636023417,-0.1178799469694034,0.0057559626761076,-0.123635909645511,-0.5525870690674799,True,-0.3868109483472359
87,8,-16.0,-15.5,300,-2.6909636023417,-0.177032829481831,0.0057559626761076,-0.1827887921579386,-0.8169691411382554,True,-0.5718783987967787
87,9,-15.5,-15.0,147,-2.6909636023417,-0.2681399858813945,0.0057559626761076,-0.2738959485575021,-1.2241699023916441,True,-0.8569189316741509
87,10,-15.0,-14.5,227,-2.6909636023417,-0.3204919427729216,0.0057559626761076,-0.3262479054490292,-1.45815543702783,True,-1.0207088059194809
87,11,-14.5,-14.0,322,-2.6909636023417,-0.2890554364734647,0.0057559626761076,-0.2948113991495724,-1.3176508948802812,True,-0.9223556264161968
87,12,-14.0,-13.5,273,-2.6909636023417,-0.05984492185113,0.0057559626761076,-0.0656008845272376,-0.2932012278073339,True,-0.2052408594651337
87,13,-13.5,-13.0,196,-2.6909636023417,-0.0613827089355479,0.0057559626761076,-0.0671386716116555,-0.30007432204237244,True,-0.2100520254296607
87,14,-13.0,-12.5,288,-2.6909636023417,0.0488839365887978,0.0057559626761076,0.0431279739126902,0.26712048911569014,True,0.1869843423809831
87,15,-12.5,-12.0,223,-2.6909636023417,0.0677885610758238,0.0057559626761076,0.0620325983997162,0.391331457718245,True,0.2739320204027715
87,16,-12.0,-11.5,215,-2.6909636023417,-0.1710654293258343,0.0057559626761076,-0.1768213920019419,-0.7902980213025244,True,-0.553208614911767
87,17,-11.5,-11.0,279,-2.6909636023417,0.0684382462107451,0.0057559626761076,0.0626822835346374,0.39560014974916174,True,0.2769201048244132
87,18,-11.0,-10.5,301,-2.6909636023417,0.0036209770724378,0.0057559626761076,-0.0021349856036697,-0.009542255487226287,True,-0.0066795788410584
87,19,-10.5,-10.0,296,-2.6909636023417,0.1157729106340193,0.0057559626761076,0.1100169479579117,0.706607888650657,True,0.4946255220554599
87,20,-10.0,-9.5,233,-2.6909636023417,-0.12621656929405,0.0057559626761076,-0.1319725319701576,-0.5898473578420548,True,-0.4128931504894383
87,21,-9.5,-9.0,291,-2.6909636023417,0.1597871724877249,0.0057559626761076,0.1540312098116172,0.9957992503160108,True,0.6970594752212075
87,22,-9.0,-8.5,330,-2.6909636023417,-0.2430256985847198,0.0057559626761076,-0.2487816612608274,-1.1119223325005128,True,-0.7783456327503588
87,23,-8.5,-8.0,320,-2.6909636023417,0.0850043954412024,0.0057559626761076,0.0792484327650948,0.5044463975729021,True,0.3531124783010315
87,24,-8.0,-7.5,249,-2.6909636023417,-0.0532605270837519,0.0057559626761076,-0.0590164897598595,-0.2637724686667177,True,-0.1846407280667024
87,25,-7.5,-7.0,305,-2.6909636023417,0.1425238020660881,0.0057559626761076,0.1367678393899805,0.8823719794972863,True,0.6176603856481003
87,26,-7.0,-6.5,215,-2.6909636023417,-0.2152017889885966,0.0057559626761076,-0.2209577516647042,-0.9875641852777208,True,-0.6912949296944045
87,27,-6.5,-6.0,223,-2.6909636023417,0.1167413467082231,0.0057559626761076,0.1109853840321155,0.7129709022555589,True,0.4990796315788912
87,28,-6.0,-5.5,212,-2.6909636023417,-0.0533876890846423,0.0057559626761076,-0.0591436517607499,-0.26434081549710275,True,-0.1850385708479719
87,29,-5.5,-5.0,325,-2.6909636023417,0.13549829626413,0.0057559626761076,0.1297423335880224,0.8362115873042031,True,0.5853481111129422
87,30,-5.0,-4.5,292,-2.6909636023417,-0.1281966820061949,0.0057559626761076,-0.1339526446823025,-0.5986974134866054,True,-0.4190881894406238
87,31,-4.5,-4.0,284,-2.6909636023417,0.1661806171434793,0.0057559626761076,0.1604246544673717,1.0378067471559032,True,0.7264647230091321
87,32,-4.0,-3.5,265,-2.6909636023417,-0.1102689754213705,0.0057559626761076,-0.1160249380974781,-0.5185700551389042,True,-0.3629990385972329
87,33,-3.5,-3.0,324,-2.6909636023417,0.126583679797364,0.0057559626761076,0.1208277171212564,0.7776389800134731,True,0.5443472860094312
87,34,-3.0,-2.5,125,-2.6909636023417,0.0078909482797773,0.0057559626761076,0.0021349856036697,0.009542255487226287,True,0.0066795788410584
87,35,-2.5,-2.0,268,-2.6909636023417,0.2371482481378438,0.0057559626761076,0.2313922854617362,1.5040925594600987,True,1.052864791622069
87,36,-2.0,-1.5,116,-2.6909636023417,-0.0685566170547858,0.0057559626761076,-0.0743125797308934,-0.33213789380510106,True,-0.2324965256635707
87,37,-1.5,-1.0,351,-2.6909636023417,0.0911696845167531,0.0057559626761076,0.0854137218406455,0.5449548207005056,True,0.3814683744903539
87,38,-1.0,-0.5,266,-2.6909636023417,-0.1280359242064896,0.0057559626761076,-0.1337918868825972,-0.597978911219557,True,-0.4185852378536899
87,39,-0.5,0.0,205,-2.6909636023417,0.4389571428309269,0.0057559626761076,0.4332011801548193,2.8300579759983595,True,1.9810405831988516
87,40,0.0,0.5,272,-2.6909636023417,-0.235441506140007,0.0057559626761076,-0.2411974688161146,-1.0780250069881774,True,-0.7546175048917241
87,41,0.5,1.0,317,-2.6909636023417,-0.1669055612964468,0.0057559626761076,-0.1726615239725544,-0.7717056132500616,True,-0.5401939292750431
87,42,1.0,1.5,67,-2.6909636023417,-0.0244213793061638,0.0057559626761076,-0.0301773419822714,-0.13487674419222287,True,-0.094413720934556
87,43,1.5,2.0,318,-2.6909636023417,0.0758722642249678,0.0057559626761076,0.0701163015488602,0.4444446310975835,True,0.3111112417683084
87,44,2.0,2.5,339,-2.6909636023417,-0.1022463671484809,0.0057559626761076,-0.1080023298245885,-0.48271324295138174,True,-0.3378992700659672
87,45,2.5,3.0,217,-2.6909636023417,0.1432289510312019,0.0057559626761076,0.1374729883550943,0.8870050911481411,True,0.6209035638036987
87,46,3.0,3.5,90,-2.6909636023417,-0.2697797521851385,0.0057559626761076,-0.2755357148612462,-1.2314987897540581,True,-0.8620491528278407
87,47,3.5,4.0,304,-2.6909636023417,0.0681163367255545,0.0057559626761076,0.0623603740494469,0.3934850752611549,True,0.2754395526828084
87,48,4.0,4.5,321,-2.6909636023417,-0.0843681830676662,0.0057559626761076,-0.0901241457437738,-0.4028072239817144,True,-0.2819650567872001
87,49,4.5,5.0,264,-2.6909636023417,0.1713871488201715,0.0057559626761076,0.1656311861440639,1.0720157494593157,True,0.750411024621521
87,50,5.0,5.5,214,-2.6909636023417,-0.0520300622280553,0.0057559626761076,-0.0577860249041629,-0.258272942112099,True,-0.1807910594784693
87,51,5.5,6.0,317,-2.6909636023417,0.1640445009920759,0.0057559626761076,0.1582885383159683,1.0237716068972078,True,0.7166401248280454
87,52,6.0,6.5,189,-2.6909636023417,0.0199015508729461,0.0057559626761076,0.0141455881968385,0.07669458540893444,True,0.0536862097862541
87,53,6.5,7.0,312,-2.6909636023417,-0.0766366970851845,0.0057559626761076,-0.0823926597612921,-0.368251574325838,True,-0.2577761020280866
87,54,7.0,7.5,168,-2.6909636023417,-0.0356405373887261,0.0057559626761076,-0.0413965000648337,-0.18502044192553688,True,-0.1295143093478758
87,55,7.5,8.0,223,-2.6909636023417,0.0615317283080836,0.0057559626761076,0.055775765631976,0.350221555799877,True,0.2451550890599139
87,56,8.0,8.5,231,-2.6909636023417,-0.1697628826665149,0.0057559626761076,-0.1755188453426225,-0.7844763272424354,True,-0.5491334290697047
87,57,8.5,9.0,215,-2.6909636023417,0.2747641076655159,0.0057559626761076,0.2690081449894083,1.7512438504024987,True,1.225870695281749
87,58,9.0,9.5,206,-2.6909636023417,-0.1967794836020744,0.0057559626761076,-0.202535446278182,-0.9052262321038231,True,-0.6336583624726762
87,59,9.5,10.0,264,-2.6909636023417,0.1227369616119393,0.0057559626761076,0.1169809989358317,0.7523644979902744,True,0.5266551485931921
87,60,10.0,10.5,200,-2.6909636023417,0.222005241458848,0.0057559626761076,0.2162492787827404,1.4045969292536442,True,0.9832178504775508
87,61,10.5,11.0,239,-2.6909636023417,-0.3557429733723775,0.0057559626761076,-0.3614989360484851,-1.615708883566237,True,-1.1309962184963658
87,62,11.0,11.5,305,-2.6909636023417,0.1007262163723252,0.0057559626761076,0.0949702536962176,0.607745069672466,True,0.4254215487707262
87,63,11.5,12.0,77,-2.6909636023417,-0.235757522686382,0.0057559626761076,-0.2415134853624896,-1.0794374336661454,True,-0.7556062035663018
87,64,12.0,12.5,243,-2.6909636023417,0.0599464685091434,0.0057559626761076,0.0541905058330358,0.33980576281503433,True,0.237864033970524
87,65,12.5,13.0,144,-2.6909636023417,0.165946519161744,0.0057559626761076,0.1601905564856364,1.0362686294810877,True,0.7253880406367613
87,66,13.0,13.5,285,-2.6909636023417,-0.0300549173375989,0.0057559626761076,-0.0358108800137065,-0.16005567706210302,True,-0.1120389739434721
87,67,13.5,14.0,312,-2.6909636023417,-0.0308800883680853,0.0057559626761076,-0.0366360510441929,-0.16374375476156158,True,-0.1146206283330931
87,68,14.0,14.5,203,-2.6909636023417,-0.1818724042258288,0.0057559626761076,-0.1876283669019365,-0.8385994784001924,True,-0.5870196348801346
87,69,14.5,15.0,280,-2.6909636023417,0.1664959141611492,0.0057559626761076,0.1607399514850416,1.0398783750789624,True,0.7279148625552737
87,70,15.0,15.5,199,-2.6909636023417,-0.1067041600920365,0.0057559626761076,-0.1124601227681441,-0.5026372176627089,True,-0.3518460523638962
87,71,15.5,16.0,266,-2.6909636023417,0.1266116960390535,0.0057559626761076,0.1208557333629459,0.7778230579632492,True,0.5444761405742744
87,72,16.0,16.5,180,-2.6909636023417,-0.0608146014941034,0.0057559626761076,-0.066570564170211,-0.29753518250853206,True,-0.2082746277559724
87,73,16.5,17.0,302,-2.6909636023417,0.241153818922903,0.0057559626761076,0.2353978562467954,1.530410766804537,True,1.0712875367631758
87,74,17.0,17.5,244,-2.6909636023417,-0.2861477374432673,0.0057559626761076,-0.2919037001193749,-1.3046550194146977,True,-0.9132585135902884
87,75,17.5,18.0,234,-2.6909636023417,0.3255072483666311,0.0057559626761076,0.3197512856905234,2.084646646144186,True,1.4592526523009302
87,76,18.0,18.5,234,-2.6909636023417,-0.132525282969539,0.0057559626761076,-0.1382812456456466,-0.618043968434558,True,-0.4326307779041906
87,77,18.5,19.0,273,-2.6909636023417,0.140253469599812,0.0057559626761076,0.1344975069237044,0.8674549841938612,True,0.6072184889357028
87,78,19.0,19.5,241,-2.6909636023417,-0.1208460009265661,0.0057559626761076,-0.1266019636026737,-0.5658437601662383,True,-0.3960906321163668
87,79,19.5,20.0,179,-2.6909636023417,-0.1272929265725733,0.0057559626761076,-0.1330488892486809,-0.5946581051040275,True,-0.4162606735728192
88,0,-20.0,-19.5,209,-2.683589658902403,-0.1487255996222986,-0.1842197793744188,0.0354941797521202,0.06504426051425471,True,0.0455309823599783
88,1,-19.5,-19.0,294,-2.683589658902403,0.1577461557054456,-0.1842197793744188,0.3419659350798645,0.6266639072567035,True,0.4386647350796924
88,2,-19.0,-18.5,281,-2.683589658902403,0.1255412445401168,-0.1842197793744188,0.3097610239145357,0.5676473404194053,True,0.3973531382935837
88,3,-18.5,-18.0,80,-2.683589658902403,-0.0419629858546888,-0.1842197793744188,0.14225679351973,0.2606902878793006,True,0.1824832015155104
88,4,-18.0,-17.5,230,-2.683589658902403,-0.2916970048594204,-0.1842197793744188,-0.1074772254850015,-1.561942235161023,True,-1.093359564612716
88,5,-17.5,-17.0,274,-2.683589658902403,0.2707992080239084,-0.1842197793744188,0.4550189873983273,0.8338373717032095,True,0.5836861601922466
88,6,-17.0,-16.5,177,-2.683589658902403,-0.158245563514224,-0.1842197793744188,0.0259742158601948,0.04759861123324243,True,0.0333190278632697
88,7,-16.5,-16.0,305,-2.683589658902403,0.1828579266918333,-0.1842197793744188,0.3670777060662522,0.6726820596811256,True,0.4708774417767879
88,8,-16.0,-15.5,104,-2.683589658902403,-0.2501363732683387,-0.1842197793744188,-0.0659165938939198,-0.9402062387373502,True,-0.6581443671161451
88,9,-15.5,-15.0,290,-2.683589658902403,-0.2066485927767346,-0.1842197793744188,-0.0224288134023157,-0.28964060724672214,True,-0.2027484250727055
88,10,-15.0,-14.5,282,-2.683589658902403,0.1571193266403063,-0.1842197793744188,0.3413391060147251,0.6255152222245217,True,0.4378606555571652
88,11,-14.5,-14.0,183,-2.683589658902403,-0.304780419513079,-0.1842197793744188,-0.1205606401386601,-1.757666639119841,True,-1.2303666473838886
88,12,-14.0,-13.5,244,-2.683589658902403,0.5324803726546984,-0.1842197793744188,0.7167001520291173,1.3133767768334819,True,0.9193637437834372
88,13,-13.5,-13.0,0,-2.683589658902403,,-0.1842197793744188,,,True,
88,14,-13.0,-12.5,168,-2.683589658902403,-0.1938007841121921,-0.1842197793744188,-0.0095810047377732,-0.09744080623060572,True,-0.068208564361424
88,15,-12.5,-12.0,121,-2.683589658902403,-0.2769439896803597,-0.1842197793744188,-0.0927242103059408,-1.3412410513374557,True,-0.938868735936219
88,16,-12.0,-11.5,288,-2.683589658902403,-0.2408601056031699,-0.1842197793744188,-0.056640326228751,-0.801435741295391,True,-0.5610050189067737
88,17,-11.5,-11.0,196,-2.683589658902403,-0.2093892721024086,-0.1842197793744188,-0.0251694927279897,-0.3306404411325799,True,-0.2314483087928059
88,18,-11.0,-10.5,139,-2.683589658902403,0.1750221968037419,-0.1842197793744188,0.3592419761781608,0.6583228250201273,True,0.4608259775140891
88,19,-10.5,-10.0,319,-2.683589658902403,0.4526649727027418,-0.1842197793744188,0.6368847520771607,1.1671124116958598,True,0.8169786881871018
88,20,-10.0,-9.5,220,-2.683589658902403,-0.1189116223311433,-0.1842197793744188,0.0653081570432755,0.11967936180226628,True,0.0837755532615864
88,21,-9.5,-9.0,114,-2.683589658902403,-0.2205111118933135,-0.1842197793744188,-0.0362913325188946,-0.49702020678432557,True,-0.3479141447490279
88,22,-9.0,-8.5,251,-2.683589658902403,0.3626424050398081,-0.1842197793744188,0.5468621844142271,1.00214307350795,True,0.701500151455565
88,23,-8.5,-8.0,296,-2.683589658902403,-0.0167168001685084,-0.1842197793744188,0.1675029792059104,0.3069547596949953,True,0.2148683317864967
88,24,-8.0,-7.5,143,-2.683589658902403,-0.1842197793744188,-0.1842197793744188,0.0,0.0,True,0.0
88,25,-7.5,-7.0,153,-2.683589658902403,-0.1938131370718019,-0.1842197793744188,-0.009593357697383,-0.09762560322135759,True,-0.0683379222549503
88,26,-7.0,-6.5,84,-2.683589658902403,-0.0721771112213974,-0.1842197793744188,0.1120426681530214,0.20532190198371858,True,0.143725331388603
88,27,-6.5,-6.0,257,-2.683589658902403,-0.225364930606225,-0.1842197793744188,-0.0411451512318061,-0.5696320439581251,True,-0.3987424307706875
88,28,-6.0,-5.5,255,-2.683589658902403,-0.3827670542339866,-0.1842197793744188,-0.1985472748595677,-2.9243259556336234,True,-2.047028168943536
88,29,-5.5,-5.0,254,-2.683589658902403,-0.2278470899232622,-0.1842197793744188,-0.0436273105488433,-0.6067644872627543,True,-0.424735141083928
88,30,-5.0,-4.5,79,-2.683589658902403,-0.2484306944473997,-0.1842197793744188,-0.0642109150729808,-0.9146897371656362,True,-0.6402828160159453
88,31,-4.5,-4.0,262,-2.683589658902403,-0.1013782785060373,-0.1842197793744188,0.0828415008683815,0.15180979533843145,True,0.106266856736902
88,32,-4.0,-3.5,245,-2.683589658902403,-0.2060640736774395,-0.1842197793744188,-0.0218442943030206,-0.28089635696187104,True,-0.1966274498733097
88,33,-3.5,-3.0,281,-2.683589658902403,0.2261650240253759,-0.1842197793744188,0.4103848033997948,0.7520437505485098,True,0.5264306253839568
88,34,-3.0,-2.5,350,-2.683589658902403,0.3611805805123289,-0.1842197793744188,0.5454003598867478,0.9994642316230125,True,0.6996249621361087
88,35,-2.5,-2.0,241,-2.683589658902403,0.1611245578581343,-0.1842197793744188,0.3453443372325532,0.632854941146655,True,0.4429984588026584
88,36,-2.0,-1.5,193,-2.683589658902403,-0.2039793497268232,-0.1842197793744188,-0.0197595703524043,-0.2497094410492926,True,-0.1747966087345048
88,37,-1.5,-1.0,288,-2.683589658902403,0.3274434620173508,-0.1842197793744188,0.5116632413917697,0.9376398440836282,True,0.6563478908585397
88,38,-1.0,-0.5,199,-2.683589658902403,-0.2219766249544944,-0.1842197793744188,-0.0377568455800755,-0.5189438924571085,True,-0.3632607247199759
88,39,-0.5,0.0,254,-2.683589658902403,0.3259195608952057,-0.1842197793744188,0.5101393402696246,0.9348472447820245,True,0.6543930713474171
88,40,0.0,0.5,138,-2.683589658902403,-0.0438258341055426,-0.1842197793744188,0.1403939452688762,0.25727655673314503,True,0.1800935897132015
88,41,0.5,1.0,88,-2.683589658902403,-0.0074760887789617,-0.1842197793744188,0.1767436905954571,0.32388866951221856,True,0.226722068658553
88,42,1.0,1.5,329,-2.683589658902403,0.3121229411858597,-0.1842197793744188,0.4963427205602786,0.9095644820063277,True,0.6366951374044293
88,43,1.5,2.0,306,-2.683589658902403,-0.3082894612801741,-0.1842197793744188,-0.1240696819057552,-1.810160970799471,True,-1.2671126795596297
88,44,2.0,2.5,204,-2.683589658902403,-0.1937945382524224,-0.1842197793744188,-0.0095747588780035,-0.09734736982940657,True,-0.0681431588805846
88,45,2.5,3.0,87,-2.683589658902403,-0.3000262230788034,-0.1842197793744188,-0.1158064437043845,-1.6865451247419778,True,-1.1805815873193843
88,46,3.0,3.5,160,-2.683589658902403,-0.1913695917938468,-0.1842197793744188,-0.0071498124194279,-0.06107081567280215,True,-0.0427495709709615
88,47,3.5,4.0,306,-2.683589658902403,0.4955844091897992,-0.1842197793744188,0.6798041885642181,1.245763701216712,True,0.8720345908516983
88,48,4.0,4.5,259,-2.683589658902403,-0.1111406123304251,-0.1842197793744188,0.0730791670439937,0.13391999512512542,True,0.0937439965875878
88,49,4.5,5.0,298,-2.683589658902403,-0.1043543406778516,-0.1842197793744188,0.0798654386965672,0.1463560627951813,True,0.1024492439566269
88,50,5.0,5.5,204,-2.683589658902403,-0.1809838500867921,-0.1842197793744188,0.0032359292876267,0.005929947643811143,True,0.0041509633506678
88,51,5.5,6.0,97,-2.683589658902403,-0.0994044316309163,-0.1842197793744188,0.0848153477435025,0.155426935141555,True,0.1087988545990885
88,52,6.0,6.5,138,-2.683589658902403,-0.241644470018791,-0.1842197793744188,-0.0574246906443721,-0.8131696243678057,True,-0.569218737057464
88,53,6.5,7.0,181,-2.683589658902403,-0.1692160176689917,-0.1842197793744188,0.0150037617054271,0.027494890482806573,True,0.0192464233379646
88,54,7.0,7.5,351,-2.683589658902403,0.0535202685045078,-0.1842197793744188,0.2377400478789267,0.43566651538086587,True,0.3049665607666061
88,55,7.5,8.0,171,-2.683589658902403,-0.2262834474065932,-0.1842197793744188,-0.0420636680321743,-0.5833728110313413,True,-0.4083609677219389
88,56,8.0,8.5,184,-2.683589658902403,-0.2269285156749517,-0.1842197793744188,-0.0427087363005328,-0.5930228607835984,True,-0.4151160025485189
88,57,8.5,9.0,112,-2.683589658902403,-0.0936771325212497,-0.1842197793744188,0.0905426468531691,0.1659224005371163,True,0.1161456803759814
88,58,9.0,9.5,208,-2.683589658902403,-0.1471052226074143,-0.1842197793744188,0.0371145567670045,0.06801365508608301,True,0.0476095585602581
88,59,9.5,10.0,351,-2.683589658902403,0.3962656402959256,-0.1842197793744188,0.5804854196703445,1.0637587662385404,True,0.7446311363669782
88,60,10.0,10.5,212,-2.683589658902403,0.2164588318645068,-0.1842197793744188,0.4006786112389257,0.7342568317938857,True,0.5139797822557199
88,61,10.5,11.0,183,-2.683589658902403,-0.2271657486019477,-0.1842197793744188,-0.0429459692275288,-0.5965718022843337,True,-0.4176002615990336
88,62,11.0,11.5,237,-2.683589658902403,-0.3211352007804257,-0.1842197793744188,-0.1369154214060068,-2.0023298176680466,True,-1.4016308723676325
88,63,11.5,12.0,199,-2.683589658902403,-0.266918947185094,-0.1842197793744188,-0.0826991678106751,-1.1912690815582194,True,-0.8338883570907535
88,64,12.0,12.5,207,-2.683589658902403,-0.2850585905976117,-0.1842197793744188,-0.1008388112231928,-1.4626333231515043,True,-1.023843326206053
88,65,12.5,13.0,199,-2.683589658902403,-0.1945344698229937,-0.1842197793744188,-0.0103146904485748,-0.10841654935586015,True,-0.0758915845491021
88,66,13.0,13.5,256,-2.683589658902403,0.530289556998403,-0.1842197793744188,0.7145093363728219,1.30936203454948,True,0.916553424184636
88,67,13.5,14.0,311,-2.683589658902403,0.5181663968881339,-0.1842197793744188,0.7023861762625528,1.2871459419400644,True,0.901002159358045
88,68,14.0,14.5,115,-2.683589658902403,-0.1618868635686269,-0.1842197793744188,0.0223329158057919,0.04092580822713814,True,0.0286480657589967
88,69,14.5,15.0,0,-2.683589658902403,,-0.1842197793744188,,,True,
88,70,15.0,15.5,280,-2.683589658902403,0.3009498267785201,-0.1842197793744188,0.485169606152939,0.8890893796277987,True,0.622362565739459
88,71,15.5,16.0,312,-2.683589658902403,0.2937699891162925,-0.1842197793744188,0.4779897684907114,0.8759320892040329,True,0.613152462442823
88,72,16.0,16.5,285,-2.683589658902403,-0.2908210328782403,-0.1842197793744188,-0.1066012535038214,-1.5488379272689574,True,-1.08418654908827
88,73,16.5,17.0,203,-2.683589658902403,0.3932424221285384,-0.1842197793744188,0.5774622015029574,1.058218618770864,True,0.7407530331396047
88,74,17.0,17.5,153,-2.683589658902403,-0.1957501543335409,-0.1842197793744188,-0.011530374959122,-0.12660286634782986,True,-0.0886220064434809
88,75,17.5,18.0,262,-2.683589658902403,-0.2027008226350015,-0.1842197793744188,-0.0184810432605826,-0.2305830157531236,True,-0.1614081110271865
88,76,18.0,18.5,145,-2.683589658902403,-0.2825974500468891,-0.1842197793744188,-0.0983776706724701,-1.4258153150014392,True,-0.9980707205010074
88,77,18.5,19.0,271,-2.683589658902403,0.1403619455450759,-0.1842197793744188,0.3245817249194948,0.5948067661027908,True,0.4163647362719536
88,78,19.0,19.5,322,-2.683589658902403,0.4132969459056884,-0.1842197793744188,0.5975167252801072,1.094969198109786,True,0.7664784386768502
88,79,19.5,20.0,180,-2.683589658902403,-0.3417621747249132,-0.1842197793744188,-0.1575423953504943,-2.310903862566176,True,-1.6176327037963232
89,0,-20.0,-19.5,243,-2.750489419336591,0.123104985731672,-0.0270882354845616,0.1501932212162336,0.5633273522456614,True,0.394329146571963
89,1,-19.5,-19.0,338,-2.750489419336591,0.0474634149520692,-0.0270882354845616,0.0745516504366308,0.27961970257997315,True,0.1957337918059812
89,2,-19.0,-18.5,227,-2.750489419336591,-0.1684391899532958,-0.0270882354845616,-0.1413509544687341,-0.7054372139212023,True,-0.4938060497448416
89,3,-18.5,-18.0,181,-2.750489419336591,-0.1667454063894135,-0.0270882354845616,-0.1396571709048518,-0.6967101158666962,True,-0.4876970811066873
89,4,-18.0,-17.5,189,-2.750489419336591,0.1971764021405115,-0.0270882354845616,0.2242646376250732,0.8411458486117779,True,0.5888020940282445
89,5,-17.5,-17.0,234,-2.750489419336591,-0.0679515915046297,-0.0270882354845616,-0.0408633560200681,-0.187682086510897,True,-0.1313774605576279
89,6,-17.0,-16.5,254,-2.750489419336591,0.0984707529685118,-0.0270882354845616,0.1255589884530734,0.4709321229223926,True,0.3296524860456748
89,7,-16.5,-16.0,128,-2.750489419336591,-0.0169323439881443,-0.0270882354845616,0.0101558914964172,0.038091542481363,True,0.0266640797369541
89,8,-16.0,-15.5,133,-2.750489419336591,-0.0721479119135051,-0.0270882354845616,-0.0450596764289434,-0.2093033257632373,True,-0.1465123280342661
89,9,-15.5,-15.0,123,-2.750489419336591,-0.0346516851170959,-0.0270882354845616,-0.0075634496325343,-0.02836811156213786,True,-0.0198576780934965
89,10,-15.0,-14.5,231,-2.750489419336591,-0.0995840350440394,-0.0270882354845616,-0.0724957995594777,-0.35066597793519977,True,-0.2454661845546398
89,11,-14.5,-14.0,277,-2.750489419336591,0.2344984335597323,-0.0270882354845616,0.261586669044294,0.9811290047726672,True,0.686790303340867
89,12,-14.0,-13.5,157,-2.750489419336591,-0.1163622690267157,-0.0270882354845616,-0.089274033542154,-0.4371146224200039,True,-0.3059802356940027
89,13,-13.5,-13.0,175,-2.750489419336591,0.4186296961194088,-0.0270882354845616,0.4457179316039704,1.6717472348328535,True,1.1702230643829974
89,14,-13.0,-12.5,250,-2.750489419336591,-0.224569794414281,-0.0270882354845616,-0.1974815589297194,-0.99464611843255,True,-0.696252282902785
89,15,-12.5,-12.0,91,-2.750489419336591,-0.1364766080753084,-0.0270882354845616,-0.1093883725907467,-0.5407523084395213,True,-0.3785266159076649
89,16,-12.0,-11.5,312,-2.750489419336591,0.0218006670833176,-0.0270882354845616,0.0488889025678792,0.1833668378289153,True,0.1283567864802407
89,17,-11.5,-11.0,241,-2.750489419336591,-0.067742633295655,-0.0270882354845616,-0.0406543978110933,-0.1866054443602097,True,-0.1306238110521468
89,18,-11.0,-10.5,194,-2.750489419336591,0.2848119067019566,-0.0270882354845616,0.3119001421865182,1.1698389570459922,True,0.8188872699321944
89,19,-10.5,-10.0,239,-2.750489419336591,-0.01077753935611,-0.0270882354845616,0.0163106961284515,0.06117627139839929,True,0.0428233899788795
89,20,-10.0,-9.5,325,-2.750489419336591,0.1489933774000843,-0.0270882354845616,0.176081612884646,0.6604265356466841,True,0.4622985749526788
89,21,-9.5,-9.0,172,-2.750489419336591,0.1652721991522211,-0.0270882354845616,0.1923604346367827,0.7214832563232302,True,0.5050382794262611
89,22,-9.0,-8.5,260,-2.750489419336591,0.0888599325171643,-0.0270882354845616,0.115948168001726,0.4348849698356939,True,0.3044194788849857
89,23,-8.5,-8.0,216,-2.750489419336591,-0.13196581411033,-0.0270882354845616,-0.1048775786257683,-0.5175107667954336,True,-0.3622575367568035
89,24,-8.0,-7.5,196,-2.750489419336591,-0.1639701638599283,-0.0270882354845616,-0.1368819283753666,-0.6824108782330877,True,-0.4776876147631613
89,25,-7.5,-7.0,186,-2.750489419336591,0.1685011836203038,-0.0270882354845616,0.1955894191048655,0.7335941575750826,True,0.5135159103025578
89,26,-7.0,-6.5,143,-2.750489419336591,0.0529624414552465,-0.0270882354845616,0.0800506769398081,0.30024481478462944,True,0.2101713703492406
89,27,-6.5,-6.0,191,-2.750489419336591,0.1328076301097647,-0.0270882354845616,0.1598958655943263,0.5997189078899947,True,0.4198032355229963
89,28,-6.0,-5.5,277,-2.750489419336591,-0.2349607818253098,-0.0270882354845616,-0.2078725463407482,-1.0481849341070482,True,-0.7337294538749337
89,29,-5.5,-5.0,299,-2.750489419336591,0.1810271376100021,-0.0270882354845616,0.2081153730945637,0.7805750561684273,True,0.5464025393178991
89,30,-5.0,-4.5,177,-2.750489419336591,-0.0433989316130132,-0.0270882354845616,-0.0163106961284515,-0.06117627139839929,True,-0.0428233899788795
89,31,-4.5,-4.0,276,-2.750489419336591,-0.0982223526964494,-0.0270882354845616,-0.0711341172118878,-0.3436500075243939,True,-0.2405550052670757
89,32,-4.0,-3.5,258,-2.750489419336591,0.1271925020874336,-0.0270882354845616,0.1542807375719953,0.5786583355437493,True,0.4050608348806245
89,33,-3.5,-3.0,168,-2.750489419336591,-0.1872572629857493,-0.0270882354845616,-0.1601690275011876,-0.8023959824752314,True,-0.561677187732662
89,34,-3.0,-2.5,235,-2.750489419336591,-0.087003036444181,-0.0270882354845616,-0.0599148009596194,-0.2858432870402022,True,-0.2000903009281415
89,35,-2.5,-2.0,215,-2.750489419336591,-0.3073869352763237,-0.0270882354845616,-0.2802986997917621,-1.4213554833766116,True,-0.994948838363628
89,36,-2.0,-1.5,237,-2.750489419336591,0.0925835194016708,-0.0270882354845616,0.1196717548862325,0.44885096859062973,True,0.3141956780134408
89,37,-1.5,-1.0,158,-2.750489419336591,-0.2558859073720019,-0.0270882354845616,-0.2287976718874402,-1.1560001392742683,True,-0.8092000974919877
89,38,-1.0,-0.5,149,-2.750489419336591,0.4647554276168795,-0.0270882354845616,0.4918436631014412,1.8447502903932331,True,1.2913252032752631
89,39,-0.5,0.0,285,-2.750489419336591,-0.076334460759924,-0.0270882354845616,-0.0492462252753623,-0.230874217742454,True,-0.1616119524197178
89,40,0.0,0.5,181,-2.750489419336591,-0.1602617915505245,-0.0270882354845616,-0.1331735560659628,-0.6633037564869044,True,-0.4643126295408331
89,41,0.5,1.0,143,-2.750489419336591,0.1798573673965454,-0.0270882354845616,0.206945602881107,0.7761876174295397,True,0.5433313322006778
89,42,1.0,1.5,81,-2.750489419336591,-0.1144706181782609,-0.0270882354845616,-0.0873823826936993,-0.42736802740551744,True,-0.2991576191838622
89,43,1.5,2.0,0,-2.750489419336591,,-0.0270882354845616,,,True,
89,44,2.0,2.5,198,-2.750489419336591,0.3079179019393323,-0.0270882354845616,0.3350061374238939,1.2565022499207896,True,0.8795515749445527
89,45,2.5,3.0,258,-2.750489419336591,0.1009907886841116,-0.0270882354845616,0.1280790241686732,0.48038398124021603,True,0.3362687868681512
89,46,3.0,3.5,156,-2.750489419336591,-0.1083344475880734,-0.0270882354845616,-0.0812462121035118,-0.3957518495409734,True,-0.2770262946786814
89,47,3.5,4.0,150,-2.750489419336591,-0.2100390056602621,-0.0270882354845616,-0.1829507701757004,-0.9197772739297864,True,-0.6438440917508504
89,48,4.0,4.5,138,-2.750489419336591,-0.0815327059117855,-0.0270882354845616,-0.0544444704272239,-0.25765780220921786,True,-0.1803604615464525
89,49,4.5,5.0,195,-2.750489419336591,-0.154791807533245,-0.0270882354845616,-0.1277035720486833,-0.6351200570501461,True,-0.4445840399351022
89,50,5.0,5.5,277,-2.750489419336591,0.2252709750270107,-0.0270882354845616,0.2523592105115724,0.9465197212037969,True,0.6625638048426578
89,51,5.5,6.0,214,-2.750489419336591,-0.0431976363335666,-0.0270882354845616,-0.0161094008490049,-0.060421276360194856,True,-0.0422948934521364
89,52,6.0,6.5,243,-2.750489419336591,0.2357822112394674,-0.0270882354845616,0.2628704467240291,0.9859440495219643,True,0.690160834665375
89,53,6.5,7.0,271,-2.750489419336591,-0.0238438287527168,-0.0270882354845616,0.0032444067318448,0.012168745293949287,True,0.0085181217057645
89,54,7.0,7.5,324,-2.750489419336591,0.038349253355573,-0.0270882354845616,0.0654374888401346,0.24543536004761943,True,0.1718047520333336
89,55,7.5,8.0,41,-2.750489419336591,-0.1305084576448202,-0.0270882354845616,-0.1034202221602585,-0.5100018423696228,True,-0.3570012896587359
89,56,8.0,8.5,160,-2.750489419336591,0.0841141041644413,-0.0270882354845616,0.1112023396490029,0.4170848660859853,True,0.2919594062601897
89,57,8.5,9.0,295,-2.750489419336591,0.0616730409081597,-0.0270882354845616,0.0887612763927213,0.3329155231331613,True,0.2330408661932129
89,58,9.0,9.5,123,-2.750489419336591,-0.1818731088671368,-0.0270882354845616,-0.1547848733825751,-0.7746545154214334,True,-0.5422581607950033
89,59,9.5,10.0,126,-2.750489419336591,-0.2293749229147579,-0.0270882354845616,-0.2022866874301963,-1.0194041976124226,True,-0.7135829383286958
89,60,10.0,10.5,241,-2.750489419336591,-0.126745713871285,-0.0270882354845616,-0.0996574783867234,-0.4906145755630206,True,-0.3434302028941144
89,61,10.5,11.0,190,-2.750489419336591,-0.1762970028640733,-0.0270882354845616,-0.1492087673795116,-0.7459240300815501,True,-0.522146821057085
89,62,11.0,11.5,172,-2.750489419336591,-0.0974422400275806,-0.0270882354845616,-0.0703540045430189,-0.3396305330767989,True,-0.2377413731537592
89,63,11.5,12.0,311,-2.750489419336591,0.4929972170714531,-0.0270882354845616,0.5200854525560148,1.9506763258513828,True,1.365473428095968
89,64,12.0,12.5,303,-2.750489419336591,0.0436362639986357,-0.0270882354845616,0.0707244994831974,0.26526526770079717,True,0.185685687390558
89,65,12.5,13.0,312,-2.750489419336591,-0.1944655779455,-0.0270882354845616,-0.1673773424609383,-0.8395363071323668,True,-0.5876754149926567
89,66,13.0,13.5,284,-2.750489419336591,-0.1187593411411108,-0.0270882354845616,-0.0916711056565492,-0.4494653641748125,True,-0.3146257549223687
89,67,13.5,14.0,290,-2.750489419336591,0.3028176862349608,-0.0270882354845616,0.3299059217195225,1.2373729511058393,True,0.8661610657740875
89,68,14.0,14.5,184,-2.750489419336591,-0.2778567947745752,-0.0270882354845616,-0.2507685592900136,-1.2692035572288536,True,-0.8884424900601975
89,69,14.5,15.0,184,-2.750489419336591,0.2238268805435268,-0.0270882354845616,0.2509151160280884,0.9411033787404949,True,0.6587723651183464
89,70,15.0,15.5,119,-2.750489419336591,-0.4102200802011433,-0.0270882354845616,-0.3831318447165817,-1.9511958703946297,True,-1.3658371092762407
89,71,15.5,16.0,200,-2.750489419336591,-0.0943841602222643,-0.0270882354845616,-0.0672959247377027,-0.32387399671135647,True,-0.2267117976979495
89,72,16.0,16.5,231,-2.750489419336591,0.1505325117395418,-0.0270882354845616,0.1776207472241035,0.6661993426027896,True,0.4663395398219527
89,73,16.5,17.0,145,-2.750489419336591,-0.1716235953987586,-0.0270882354845616,-0.144535359914197,-0.7218446340665248,True,-0.5052912438465673
89,74,17.0,17.5,3,-2.750489419336591,0.5410744727398646,-0.0270882354845616,0.5681627082244263,2.130998932421836,True,1.4916992526952852
89,75,17.5,18.0,225,-2.750489419336591,0.2144435969839159,-0.0270882354845616,0.2415318324684776,0.9059096446944307,True,0.6341367512861015
89,76,18.0,18.5,200,-2.750489419336591,-0.2995554249872393,-0.0270882354845616,-0.2724671895026777,-1.3810041895837621,True,-0.9667029327086334
89,77,18.5,19.0,302,-2.750489419336591,0.2622728096212628,-0.0270882354845616,0.2893610451058244,1.0853019201700373,True,0.7597113441190261
89,78,19.0,19.5,139,-2.750489419336591,-0.3658873062573772,-0.0270882354845616,-0.3387990707728155,-1.7227744395308726,True,-1.2059421076716108
89,79,19.5,20.0,267,-2.750489419336591,0.1854198501576121,-0.0270882354845616,0.2125080856421737,0.7970507340224819,True,0.5579355138157374
90,0,-20.0,-19.5,199,-2.75252866319477,0.031762207343758,0.0181442998337555,0.0136179075100025,0.08216739302225115,True,0.0575171751155758
90,1,-19.5,-19.0,254,-2.75252866319477,0.1107857787496373,0.0181442998337555,0.0926414789158818,0.6559230219532456,True,0.4591461153672719
90,2,-19.0,-18.5,235,-2.75252866319477,0.0725254356292935,0.0181442998337555,0.0543811357955379,0.37813138536194685,True,0.2646919697533628
90,3,-18.5,-18.0,293,-2.75252866319477,-0.0084062196696702,0.0181442998337555,-0.0265505195034257,-0.12942010943781015,True,-0.0905940766064671
90,4,-18.0,-17.5,289,-2.75252866319477,-0.2014535387121293,0.0181442998337555,-0.2195978385458849,-1.0704263731354882,True,-0.7492984611948417
90,5,-17.5,-17.0,289,-2.75252866319477,0.2244689357106469,0.0181442998337555,0.2063246358768914,1.481326759858367,True,1.0369287319008569
90,6,-17.0,-16.5,224,-2.75252866319477,-0.0964241416993773,0.0181442998337555,-0.1145684415331328,-0.5584621513497801,True,-0.390923505944846
90,7,-16.5,-16.0,218,-2.75252866319477,-0.1619793952700975,0.0181442998337555,-0.1801236951038531,-0.878010252480206,True,-0.6146071767361442
90,8,-16.0,-15.5,295,-2.75252866319477,0.2607900604944709,0.0181442998337555,0.2426457606607154,1.7450385792949863,True,1.2215270055064904
90,9,-15.5,-15.0,148,-2.75252866319477,-0.0086552914258167,0.0181442998337555,-0.0267995912595723,-0.13063420598059916,True,-0.0914439441864194
90,10,-15.0,-14.5,325,-2.75252866319477,0.1155438002472279,0.0181442998337555,0.0973995004134723,0.6904689374092272,True,0.483328256186459
90,11,-14.5,-14.0,288,-2.75252866319477,-0.0776510099508899,0.0181442998337555,-0.0957953097846454,-0.4669528019727863,True,-0.3268669613809504
90,12,-14.0,-13.5,257,-2.75252866319477,-0.1196101386144929,0.0181442998337555,-0.1377544384482484,-0.6714819458510448,True,-0.4700373620957313
90,13,-13.5,-13.0,270,-2.75252866319477,-0.0035844360240017,0.0181442998337555,-0.0217287358577572,-0.10591639731544115,True,-0.0741414781208088
90,14,-13.0,-12.5,151,-2.75252866319477,-0.2290886569810303,0.0181442998337555,-0.2472329568147858,-1.2051333430019917,True,-0.8435933401013942
90,15,-12.5,-12.0,188,-2.75252866319477,0.1111662288536224,0.0181442998337555,0.0930219290198668,0.65868530395095,True,0.461079712765665
90,16,-12.0,-11.5,252,-2.75252866319477,0.0758906894306136,0.0181442998337555,0.057746389596858,0.4025650230340756,True,0.2817955161238529
90,17,-11.5,-11.0,161,-2.75252866319477,-0.0016064372709181,0.0181442998337555,-0.0197507371046736,-0.0962746720354933,True,-0.0673922704248453
90,18,-11.0,-10.5,265,-2.75252866319477,0.0465065843814431,0.0181442998337555,0.0283622845476876,0.1892198733132563,True,0.1324539113192794
90,19,-10.5,-10.0,135,-2.75252866319477,0.1055833627854656,0.0181442998337555,0.0874390629517101,0.6181505524181379,True,0.4327053866926965
90,20,-10.0,-9.5,250,-2.75252866319477,0.1246755814374925,0.0181442998337555,0.106531281603737,0.7567708112282423,True,0.5297395678597696
90,21,-9.5,-9.0,291,-2.75252866319477,0.0504457892099118,0.0181442998337555,0.0323014893761562,0.21782071865138358,True,0.1524745030559685
90,22,-9.0,-8.5,207,-2.75252866319477,0.0112468267491732,0.0181442998337555,-0.0068974730845822,-0.03362162918641943,True,-0.0235351404304936
90,23,-8.5,-8.0,253,-2.75252866319477,0.1582727888827973,0.0181442998337555,0.1401284890490418,1.0007054568683125,True,0.7004938198078187
90,24,-8.0,-7.5,210,-2.75252866319477,-0.1273310991173972,0.0181442998337555,-0.1454753989511527,-0.7091176521174308,True,-0.4963823564822016
90,25,-7.5,-7.0,297,-2.75252866319477,0.0347260575725117,0.0181442998337555,0.0165817577387562,0.10368661471525271,True,0.0725806303006769
90,26,-7.0,-6.5,132,-2.75252866319477,0.1811757753702347,0.0181442998337555,0.1630314755364792,1.1669940361202502,True,0.816895825284175
90,27,-6.5,-6.0,211,-2.75252866319477,0.1581648301816906,0.0181442998337555,0.1400205303479351,0.999921615903521,True,0.6999451311324647
90,28,-6.0,-5.5,137,-2.75252866319477,0.0757521579857127,0.0181442998337555,0.0576078581519571,0.40155920673291656,True,0.2810914447130416
90,29,-5.5,-5.0,187,-2.75252866319477,-0.1868434424177189,0.0181442998337555,-0.2049877422514744,-0.9992096776928401,True,-0.699446774384988
90,30,-5.0,-4.5,209,-2.75252866319477,-0.1886633138674701,0.0181442998337555,-0.2068076137012256,-1.0080806138023637,True,-0.7056564296616545
90,31,-4.5,-4.0,16,-2.75252866319477,-0.1047751643521288,0.0181442998337555,-0.1229194641858844,-0.599169086123591,True,-0.4194183602865137
90,32,-4.0,-3.5,139,-2.75252866319477,-0.0390326587491874,0.0181442998337555,-0.0571769585829429,-0.27870822776823045,True,-0.1950957594377613
90,33,-3.5,-3.0,294,-2.75252866319477,0.1141277656854889,0.0181442998337555,0.0959834658517333,0.6801877290798078,True,0.4761314103558655
90,34,-3.0,-2.5,227,-2.75252866319477,-0.0534723151098727,0.0181442998337555,-0.0716166149436282,-0.3490941163081192,True,-0.2443658814156834
90,35,-2.5,-2.0,181,-2.75252866319477,0.3103458207853028,0.0181442998337555,0.2922015209515473,2.1048413053295185,True,1.4733889137306628
90,36,-2.0,-1.5,250,-2.75252866319477,-0.1738749825953982,0.0181442998337555,-0.1920192824291537,-0.9359951146321046,True,-0.6551965802424732
90,37,-1.5,-1.0,230,-2.75252866319477,0.0250417729183378,0.0181442998337555,0.0068974730845822,0.03362162918641943,True,0.0235351404304936
90,38,-1.0,-0.5,310,-2.75252866319477,-0.0262430457505084,0.0181442998337555,-0.044387345584264,-0.2163654508691683,True,-0.1514558156084178
90,39,-0.5,0.0,208,-2.75252866319477,-0.188464787656986,0.0181442998337555,-0.2066090874907415,-1.0071129007644393,True,-0.7049790305351075
90,40,0.0,0.5,184,-2.75252866319477,0.1118271069964304,0.0181442998337555,0.0936828071626749,0.6634836514278828,True,0.4644385559995179
90,41,0.5,1.0,150,-2.75252866319477,-0.0516889493983253,0.0181442998337555,-0.0698332492320808,-0.34040112687240115,True,-0.2382807888106808
90,42,1.0,1.5,259,-2.75252866319477,0.0950896625971075,0.0181442998337555,0.0769453627633519,0.5419603797358538,True,0.3793722658150976
90,43,1.5,2.0,202,-2.75252866319477,-0.0048482130788159,0.0181442998337555,-0.0229925129125714,-0.11207665963038171,True,-0.0784536617412672
90,44,2.0,2.5,69,-2.75252866319477,-0.1965802687614815,0.0181442998337555,-0.214724568595237,-1.0466716917910621,True,-0.7326701842537434
90,45,2.5,3.0,201,-2.75252866319477,0.183734441653295,0.0181442998337555,0.1655901418195395,1.185571394196382,True,0.8298999759374672
90,46,3.0,3.5,274,-2.75252866319477,-0.0978731707141737,0.0181442998337555,-0.1160174705479293,-0.5655254215674995,True,-0.3958677950972497
90,47,3.5,4.0,233,-2.75252866319477,0.1954476953569396,0.0181442998337555,0.177303395523184,1.2706162121665154,True,0.8894313485165607
90,48,4.0,4.5,191,-2.75252866319477,-0.1374705745898436,0.0181442998337555,-0.1556148744235991,-0.7585423733593897,True,-0.5309796613515727
90,49,4.5,5.0,224,-2.75252866319477,0.2352741142318839,0.0181442998337555,0.2171298143981284,1.5597784406400679,True,1.0918449084480475
90,50,5.0,5.5,148,-2.75252866319477,-0.1874096210309932,0.0181442998337555,-0.2055539208647487,-1.0019695068585877,True,-0.7013786548010114
90,51,5.5,6.0,118,-2.75252866319477,-0.0305212161921342,0.0181442998337555,-0.0486655160258897,-0.23721932857492714,True,-0.166053530002449
90,52,6.0,6.5,289,-2.75252866319477,0.0371731085410458,0.0181442998337555,0.0190288087072903,0.12145358275401973,True,0.0850175079278138
90,53,6.5,7.0,337,-2.75252866319477,-0.0906747824675821,0.0181442998337555,-0.1088190823013376,-0.5304369859333289,True,-0.3713058901533302
90,54,7.0,7.5,281,-2.75252866319477,0.0158584715365303,0.0181442998337555,-0.0022858282972251,-0.011142235779783715,True,-0.0077995650458486
90,55,7.5,8.0,262,-2.75252866319477,0.136490139761358,0.0181442998337555,0.1183458399276024,0.8425511577888254,True,0.5897858104521777
90,56,8.0,8.5,70,-2.75252866319477,-0.2675460517334894,0.0181442998337555,-0.2856903515672449,-1.3925933374067774,True,-0.974815336184744
90,57,8.5,9.0,208,-2.75252866319477,-0.1441429334937179,0.0181442998337555,-0.1622872333274735,-0.7910666868454724,True,-0.5537466807918306
90,58,9.0,9.5,323,-2.75252866319477,0.0787834078461529,0.0181442998337555,0.0606391080123974,0.4235677877067008,True,0.2964974513946905
90,59,9.5,10.0,176,-2.75252866319477,0.0885767852788604,0.0181442998337555,0.0704324854451049,0.4946732228103798,True,0.3462712559672658
90,60,10.0,10.5,258,-2.75252866319477,-0.053428009775014,0.0181442998337555,-0.0715723096087696,-0.3488781506173033,True,-0.2442147054321123
90,61,10.5,11.0,124,-2.75252866319477,-0.0916271681089381,0.0181442998337555,-0.1097714679426936,-0.5350793754698271,True,-0.3745555628288789
90,62,11.0,11.5,230,-2.75252866319477,-0.0889401267748329,0.0181442998337555,-0.1070844266085884,-0.5219814327542827,True,-0.3653870029279978
90,63,11.5,12.0,139,-2.75252866319477,-0.000257967014055,0.0181442998337555,-0.0184022668478105,-0.08970157397636344,True,-0.0627911017834544
90,64,12.0,12.5,297,-2.75252866319477,0.4586087237935239,0.0181442998337555,0.4404644239597683,3.181313472421272,True,2.2269194306948905
90,65,12.5,13.0,129,-2.75252866319477,-0.0486400114790361,0.0181442998337555,-0.0667843113127917,-0.32553912467569945,True,-0.2278773872729896
90,66,13.0,13.5,122,-2.75252866319477,0.1328807668456843,0.0181442998337555,0.1147364670119288,0.8163450778757536,True,0.5714415545130275
90,67,13.5,14.0,232,-2.75252866319477,0.2374118496204538,0.0181442998337555,0.2192675497866983,1.5752996033834883,True,1.1027097223684417
90,68,14.0,14.5,269,-2.75252866319477,-0.1930800223896075,0.0181442998337555,-0.211224322223363,-1.0296097933054682,True,-0.7207268553138276
90,69,14.5,15.0,286,-2.75252866319477,0.1856701456609005,0.0181442998337555,0.1675258458271449,1.1996256953441182,True,0.8397379867408827
90,70,15.0,15.5,247,-2.75252866319477,0.3290103678528221,0.0181442998337555,0.3108660680190666,2.2403564276015038,True,1.5682494993210525
90,71,15.5,16.0,59,-2.75252866319477,-0.3020959199437851,0.0181442998337555,-0.3202402197775407,-1.5610061522393257,True,-1.092704306567528
90,72,16.0,16.5,153,-2.75252866319477,-0.1793272154814376,0.0181442998337555,-0.1974715153151932,-0.9625719421288553,True,-0.6738003594901987
90,73,16.5,17.0,211,-2.75252866319477,0.3329050331314867,0.0181442998337555,0.3147607332977312,2.268633890726508,True,1.5880437235085556
90,74,17.0,17.5,23,-2.75252866319477,0.3329050331314855,0.0181442998337555,0.31476073329773,2.2686338907264996,True,1.5880437235085496
90,75,17.5,18.0,154,-2.75252866319477,-0.1342639198012797,0.0181442998337555,-0.1524082196350352,-0.7429115826469266,True,-0.5200381078528485
90,76,18.0,18.5,272,-2.75252866319477,-0.1558092278057057,0.0181442998337555,-0.1739535276394612,-0.847933863640124,True,-0.5935537045480868
90,77,18.5,19.0,120,-2.75252866319477,-0.0184091161579859,0.0181442998337555,-0.0365534159917414,-0.17817907846837372,True,-0.1247253549278616
90,78,19.0,19.5,279,-2.75252866319477,-0.2313631942921305,0.0181442998337555,-0.249507494125886,-1.2162205410391145,True,-0.8513543787273801
90,79,19.5,20.0,97,-2.75252866319477,-0.0404465977643749,0.0181442998337555,-0.0585908975981305,-0.285600452308709,True,-0.1999203166160963
91,0,-20.0,-19.5,289,-2.754686121313675,-0.1791071918216305,0.0030289917965884,-0.182136183618219,-0.7849887291594099,True,-0.5494921104115869
91,1,-19.5,-19.0,221,-2.754686121313675,-0.024724689313878,0.0030289917965884,-0.0277536811104665,-0.11961558890498972,True,-0.0837309122334928
91,2,-19.0,-18.5,160,-2.754686121313675,0.0071510970404803,0.0030289917965884,0.0041221052438918,0.01776586119563486,True,0.0124361028369444
91,3,-18.5,-18.0,171,-2.754686121313675,-0.2646344913923871,0.0030289917965884,-0.2676634831889756,-1.153602833533169,True,-0.8075219834732182
91,4,-18.0,-17.5,258,-2.754686121313675,-0.1554982915464734,0.0030289917965884,-0.1585272833430619,-0.6832367309804329,True,-0.478265711686303
91,5,-17.5,-17.0,279,-2.754686121313675,-0.2200293482944838,0.0030289917965884,-0.2230583400910723,-0.9613591294057579,True,-0.6729513905840304
91,6,-17.0,-16.5,266,-2.754686121313675,-0.0048301145260268,0.0030289917965884,-0.0078591063226153,-0.03387196196803,True,-0.023710373377621
91,7,-16.5,-16.0,162,-2.754686121313675,-0.078777663610067,0.0030289917965884,-0.0818066554066555,-0.3525785002669213,True,-0.2468049501868449
91,8,-16.0,-15.5,209,-2.754686121313675,-0.1256526628427461,0.0030289917965884,-0.1286816546393345,-0.5546050572422168,True,-0.3882235400695517
91,9,-15.5,-15.0,306,-2.754686121313675,0.0315901795316764,0.0030289917965884,0.0285611877350879,0.15820781339420673,True,0.1107454693759447
91,10,-15.0,-14.5,202,-2.754686121313675,-0.0564723998758556,0.0030289917965884,-0.0595013916724441,-0.256445045154092,True,-0.1795115316078644
91,11,-14.5,-14.0,195,-2.754686121313675,-0.2285064914504558,0.0030289917965884,-0.2315354832470443,-0.997894768292633,True,-0.6985263378048431
91,12,-14.0,-13.5,258,-2.754686121313675,-0.0748576736281763,0.0030289917965884,-0.0778866654247648,-0.3356837356294229,True,-0.234978614940596
91,13,-13.5,-13.0,132,-2.754686121313675,-0.0722613985505637,0.0030289917965884,-0.0752903903471521,-0.32449404979524804,True,-0.2271458348566736
91,14,-13.0,-12.5,230,-2.754686121313675,0.0025682476263436,0.0030289917965884,-0.0004607441702448,-0.001985761277540429,True,-0.0013900328942783
91,15,-12.5,-12.0,173,-2.754686121313675,0.0457697484758274,0.0030289917965884,0.0427407566792389,0.24399637977013558,True,0.1707974658390949
91,16,-12.0,-11.5,273,-2.754686121313675,0.1172552189649198,0.0030289917965884,0.1142262271683314,0.6764944376534598,True,0.4735461063574219
91,17,-11.5,-11.0,159,-2.754686121313675,-0.0604886142339065,0.0030289917965884,-0.063517606030495,-0.27375452722585086,True,-0.1916281690580956
91,18,-11.0,-10.5,317,-2.754686121313675,0.0418486684702015,0.0030289917965884,0.038819676673613,0.22027324448634258,True,0.1541912711404398
91,19,-10.5,-10.0,178,-2.754686121313675,-0.0460148642902365,0.0030289917965884,-0.049043856086825,-0.211374113028372,True,-0.1479618791198604
91,20,-10.0,-9.5,226,-2.754686121313675,0.1038776818723799,0.0030289917965884,0.1008486900757914,0.5955582869615722,True,0.4168908008731005
91,21,-9.5,-9.0,176,-2.754686121313675,0.0844349167456455,0.0030289917965884,0.081405924949057,0.4779265766341243,True,0.334548603643887
91,22,-9.0,-8.5,118,-2.754686121313675,0.0177009061067352,0.0030289917965884,0.0146719143101467,0.07417557942277171,True,0.0519229055959402
91,23,-8.5,-8.0,313,-2.754686121313675,0.0320190189532441,0.0030289917965884,0.0289900271566556,0.16080235765198203,True,0.1125616503563874
91,24,-8.0,-7.5,303,-2.754686121313675,-0.0984404696560548,0.0030289917965884,-0.1014694614526432,-0.4373232271142881,True,-0.3061262589800017
91,25,-7.5,-7.0,128,-2.754686121313675,-0.0427884379425529,0.0030289917965884,-0.0458174297391413,-0.19746853826513014,True,-0.1382279767855911
91,26,-7.0,-6.5,158,-2.754686121313675,0.2138785680276697,0.0030289917965884,0.2108495762310812,1.2610805154942457,True,0.8827563608459719
91,27,-6.5,-6.0,266,-2.754686121313675,-0.2333911331601845,0.0030289917965884,-0.2364201249567729,-1.018947085366303,True,-0.713262959756412
91,28,-6.0,-5.5,205,-2.754686121313675,0.2275791859119753,0.0030289917965884,0.2245501941153868,1.3439713545168108,True,0.9407799481617676
91,29,-5.5,-5.0,283,-2.754686121313675,0.1436997583222272,0.0030289917965884,0.1406707665256387,0.8364879557124852,True,0.5855415689987397
91,30,-5.0,-4.5,321,-2.754686121313675,0.0034897359668333,0.0030289917965884,0.0004607441702448,0.001985761277540429,True,0.0013900328942783
91,31,-4.5,-4.0,116,-2.754686121313675,0.0320385102711689,0.0030289917965884,0.0290095184745805,0.16092028311418344,True,0.1126441981799284
91,32,-4.0,-3.5,148,-2.754686121313675,0.353545846539964,0.0030289917965884,0.3505168547433755,2.106088966765942,True,1.4742622767361595
91,33,-3.5,-3.0,73,-2.754686121313675,-0.2669682293420919,0.0030289917965884,-0.2699972211386803,-1.1636610106121936,True,-0.8145627074285354
91,34,-3.0,-2.5,244,-2.754686121313675,-0.2675726863459092,0.0030289917965884,-0.2706016781424977,-1.1662661598243496,True,-0.8163863118770447
91,35,-2.5,-2.0,148,-2.754686121313675,-0.039365487860107,0.0030289917965884,-0.0423944796566955,-0.18271596586673475,True,-0.1279011761067143
91,36,-2.0,-1.5,204,-2.754686121313675,0.0193530462224799,0.0030289917965884,0.0163240544258914,0.08417128045854716,True,0.058919896320983
91,37,-1.5,-1.0,143,-2.754686121313675,-0.1715010277827781,0.0030289917965884,-0.1745300195793665,-0.7522069231282024,True,-0.5265448461897416
91,38,-1.0,-0.5,275,-2.754686121313675,0.1659311119114471,0.0030289917965884,0.1629021201148586,0.9709910538339723,True,0.6796937376837806
91,39,-0.5,0.0,199,-2.754686121313675,-0.1885124294647106,0.0030289917965884,-0.191541421261299,-0.8255243624323642,True,-0.5778670537026549
91,40,0.0,0.5,226,-2.754686121313675,-0.113479798244144,0.0030289917965884,-0.1165087900407325,-0.5021412286845928,True,-0.3514988600792149
91,41,0.5,1.0,317,-2.754686121313675,0.0639707900633623,0.0030289917965884,0.0609417982667738,0.35411547228227874,True,0.2478808305975951
91,42,1.0,1.5,123,-2.754686121313675,-0.1719332288407543,0.0030289917965884,-0.1749622206373428,-0.7540696664475272,True,-0.527848766513269
91,43,1.5,2.0,178,-2.754686121313675,0.0272430345129279,0.0030289917965884,0.0242140427163395,0.1319069194491536,True,0.0923348436144075
91,44,2.0,2.5,215,-2.754686121313675,-0.0123732622137638,0.0030289917965884,-0.0154022540103523,-0.066382173830546,True,-0.0464675216813822
91,45,2.5,3.0,309,-2.754686121313675,-0.1544965442148754,0.0030289917965884,-0.1575255360114638,-0.6789193002033702,True,-0.4752435101423591
91,46,3.0,3.5,221,-2.754686121313675,0.1757731114006889,0.0030289917965884,0.1727441196041005,1.0305366598943715,True,0.72137566192606
91,47,3.5,4.0,134,-2.754686121313675,-0.0501959127931529,0.0030289917965884,-0.0532249045897414,-0.2293940137732884,True,-0.1605758096413019
91,48,4.0,4.5,203,-2.754686121313675,-0.2004423743506148,0.0030289917965884,-0.2034713661472033,-0.8769412313317246,True,-0.6138588619322072
91,49,4.5,5.0,180,-2.754686121313675,0.39526675913091,0.0030289917965884,0.3922377673343215,2.3585068853338464,True,1.6509548197336923
91,50,5.0,5.5,239,-2.754686121313675,-0.1811953411692921,0.0030289917965884,-0.1842243329658806,-0.7939884439341074,True,-0.5557919107538751
91,51,5.5,6.0,156,-2.754686121313675,-0.022695395897986,0.0030289917965884,-0.0257243876945745,-0.11086953730784142,True,-0.077608676115489
91,52,6.0,6.5,209,-2.754686121313675,0.3226825995512243,0.0030289917965884,0.3196536077546359,1.9193615899818735,True,1.3435531129873113
91,53,6.5,7.0,144,-2.754686121313675,-0.1814885175188063,0.0030289917965884,-0.1845175093153948,-0.7952520046690087,True,-0.556676403268306
91,54,7.0,7.5,230,-2.754686121313675,0.0162237942835383,0.0030289917965884,0.0131948024869498,0.06523882639536273,True,0.0456671784767539
91,55,7.5,8.0,286,-2.754686121313675,-0.0053466838771976,0.0030289917965884,-0.0083756756737861,-0.03609832419020258,True,-0.0252688269331418
91,56,8.0,8.5,76,-2.754686121313675,-0.3416756803878302,0.0030289917965884,-0.3447046721844186,-1.4856426503398568,True,-1.0399498552378996
91,57,8.5,9.0,164,-2.754686121313675,-0.06669859875135,0.0030289917965884,-0.0697275905479385,-0.30051893920379,True,-0.210363257442653
91,58,9.0,9.5,169,-2.754686121313675,-0.0439705316079543,0.0030289917965884,-0.0469995234045428,-0.20256324369772,True,-0.141794270588404
91,59,9.5,10.0,224,-2.754686121313675,-0.0768853583881335,0.0030289917965884,-0.0799143501847219,-0.34442285408043344,True,-0.2410959978563034
91,60,10.0,10.5,293,-2.754686121313675,0.1129726956807185,0.0030289917965884,0.10994370388413,0.6505845151113702,True,0.4554091605779591
91,61,10.5,11.0,180,-2.754686121313675,-0.2616262194939009,0.0030289917965884,-0.2646552112904893,-1.1406374826202024,True,-0.7984462378341416
91,62,11.0,11.5,217,-2.754686121313675,-0.0442105123138103,0.0030289917965884,-0.0472395041103987,-0.20359753653053503,True,-0.1425182755713745
91,63,11.5,12.0,297,-2.754686121313675,0.2686258150132921,0.0030289917965884,0.2655968232167037,1.5923097545793166,True,1.1146168282055215
91,64,12.0,12.5,351,-2.754686121313675,0.2925911401418837,0.0030289917965884,0.2895621483452952,1.737303646397372,True,1.2161125524781602
91,65,12.5,13.0,275,-2.754686121313675,0.2925911401418847,0.0030289917965884,0.2895621483452962,1.7373036463973779,True,1.2161125524781644
91,66,13.0,13.5,55,-2.754686121313675,-0.2561907701359819,0.0030289917965884,-0.2592197619325703,-1.117211239689655,True,-0.7820478677827585
91,67,13.5,14.0,232,-2.754686121313675,-0.1525595678640003,0.0030289917965884,-0.1555885596605888,-0.6705711259203712,True,-0.4693997881442598
91,68,14.0,14.5,319,-2.754686121313675,0.5393992590009,0.0030289917965884,0.5363702672043116,3.2305306105067944,True,2.261371427354756
91,69,14.5,15.0,297,-2.754686121313675,0.3092295794859365,0.0030289917965884,0.306200587689348,1.8379687557304683,True,1.2865781290113276
91,70,15.0,15.5,280,-2.754686121313675,-0.159698754956601,0.0030289917965884,-0.1627277467531895,-0.7013403080330203,True,-0.4909382156231142
91,71,15.5,16.0,317,-2.754686121313675,-0.0450843818170115,0.0030289917965884,-0.0481133736135999,-0.20736382666103972,True,-0.1451546786627278
91,72,16.0,16.5,276,-2.754686121313675,0.003090597413575,0.0030289917965884,6.160561698654709e-05,0.0002655140457357143,True,0.000185859832015
91,73,16.5,17.0,123,-2.754686121313675,0.0657944860330685,0.0030289917965884,0.0627654942364801,0.3651491125405181,True,0.2556043787783626
91,74,17.0,17.5,178,-2.754686121313675,-0.2134494676758518,0.0030289917965884,-0.2164784594724403,-0.9330005022388058,True,-0.6531003515671641
91,75,17.5,18.0,232,-2.754686121313675,0.0083547454752368,0.0030289917965884,0.0053257536786483,0.022953465527648,True,0.0160674258693536
91,76,18.0,18.5,178,-2.754686121313675,-0.0828228609115057,0.0030289917965884,-0.0858518527080942,-0.3700128959250161,True,-0.2590090271475113
91,77,18.5,19.0,248,-2.754686121313675,-0.1484581316327971,0.0030289917965884,-0.1514871234293856,-0.6528943461015451,True,-0.4570260422710815
91,78,19.0,19.5,222,-2.754686121313675,0.128606640549629,0.0030289917965884,0.1255776487530406,0.74517227884289,True,0.5216205951900229
91,79,19.5,20.0,244,-2.754686121313675,-0.0734861701185228,0.0030289917965884,-0.0765151619151113,-0.3297726927180523,True,-0.2308408849026366
92,0,-20.0,-19.5,183,-2.7342390397891414,-0.1212101328764006,-0.0317271451258762,-0.0894829877505244,-0.4181901117924866,True,-0.2927330782547406
92,1,-19.5,-19.0,307,-2.7342390397891414,0.1726144060765723,-0.0317271451258762,0.2043415512024486,0.6836364514475973,True,0.4785455160133181
92,2,-19.0,-18.5,305,-2.7342390397891414,-0.1504657102876911,-0.0317271451258762,-0.1187385651618148,-0.560062452002271,True,-0.3920437164015897
92,3,-18.5,-18.0,218,-2.7342390397891414,-0.0763713735029411,-0.0317271451258762,-0.0446442283770649,-0.2007485062147033,True,-0.1405239543502923
92,4,-18.0,-17.5,352,-2.7342390397891414,0.4468791832792079,-0.0317271451258762,0.4786063284050841,1.601205090525389,True,1.1208435633677722
92,5,-17.5,-17.0,192,-2.7342390397891414,-0.0321575583210909,-0.0317271451258762,-0.0004304131952147,-0.0014399721823647143,True,-0.0010079805276553
92,6,-17.0,-16.5,117,-2.7342390397891414,-0.2085816606191197,-0.0317271451258762,-0.1768545154932435,-0.8418906231274612,True,-0.5893234361892228
92,7,-16.5,-16.0,216,-2.7342390397891414,-0.160833120942353,-0.0317271451258762,-0.1291059758164768,-0.6103382948207114,True,-0.427236806374498
92,8,-16.0,-15.5,108,-2.7342390397891414,0.1176233344956216,-0.0317271451258762,0.1493504796214979,0.4996606481140094,True,0.3497624536798066
92,9,-15.5,-15.0,259,-2.7342390397891414,0.464765643032976,-0.0317271451258762,0.4964927881588522,1.6610452738022188,True,1.162731691661553
92,10,-15.0,-14.5,0,-2.7342390397891414,,-0.0317271451258762,,,True,
92,11,-14.5,-14.0,123,-2.7342390397891414,-0.1121807539876117,-0.0317271451258762,-0.0804536088617355,-0.3744029359120019,True,-0.2620820551384013
92,12,-14.0,-13.5,193,-2.7342390397891414,-0.1497870192213133,-0.0317271451258762,-0.1180598740954371,-0.5567711995852422,True,-0.3897398397096696
92,13,-13.5,-13.0,241,-2.7342390397891414,0.0221290088469103,-0.0317271451258762,0.0538561539727865,0.1801788709829956,True,0.1261252096880969
92,14,-13.0,-12.5,329,-2.7342390397891414,0.0198498077975092,-0.0317271451258762,0.0515769529233854,0.17255367234679403,True,0.1207875706427558
92,15,-12.5,-12.0,196,-2.7342390397891414,-0.179804474034529,-0.0317271451258762,-0.1480773289086528,-0.7023381970032753,True,-0.4916367379022927
92,16,-12.0,-11.5,214,-2.7342390397891414,-0.0421819016561723,-0.0317271451258762,-0.0104547565302961,-0.03497699128279186,True,-0.0244838938979543
92,17,-11.5,-11.0,334,-2.7342390397891414,0.260268832003373,-0.0317271451258762,0.2919959771292492,0.9768893916433266,True,0.6838225741503285
92,18,-11.0,-10.5,107,-2.7342390397891414,0.1383109958202215,-0.0317271451258762,0.1700381409460978,0.5688724128944741,True,0.3982106890261319
92,19,-10.5,-10.0,225,-2.7342390397891414,0.4551826404405913,-0.0317271451258762,0.4869097855664675,1.6289847856248516,True,1.140289349937396
92,20,-10.0,-9.5,249,-2.7342390397891414,-0.156562760640918,-0.0317271451258762,-0.1248356155150418,-0.5896295594918461,True,-0.4127406916442923
92,21,-9.5,-9.0,291,-2.7342390397891414,-0.1531258078676918,-0.0317271451258762,-0.1213986627418156,-0.5729623604045387,True,-0.4010736522831771
92,22,-9.0,-8.5,244,-2.7342390397891414,0.0997678710730623,-0.0317271451258762,0.1314950161989385,0.43992416485193747,True,0.3079469153963562
92,23,-8.5,-8.0,148,-2.7342390397891414,-0.1783281660585104,-0.0317271451258762,-0.1466010209326342,-0.6951789717901268,True,-0.4866252802530887
92,24,-8.0,-7.5,224,-2.7342390397891414,0.4091554213446602,-0.0317271451258762,0.4408825664705365,1.4749980680552617,True,1.032498647638683
92,25,-7.5,-7.0,130,-2.7342390397891414,-0.2374739468415146,-0.0317271451258762,-0.2057468017156384,-0.982001214785111,True,-0.6874008503495777
92,26,-7.0,-6.5,299,-2.7342390397891414,0.1653117562805539,-0.0317271451258762,0.1970389014064301,0.6592050151423667,True,0.4614435105996567
92,27,-6.5,-6.0,138,-2.7342390397891414,-0.0317271451258762,-0.0317271451258762,0.0,0.0,True,0.0
92,28,-6.0,-5.5,71,-2.7342390397891414,0.1788959461164131,-0.0317271451258762,0.2106230912422893,0.7046517061385447,True,0.4932561942969812
92,29,-5.5,-5.0,311,-2.7342390397891414,0.2948080783442837,-0.0317271451258762,0.3265352234701599,1.0924424334266938,True,0.7647097033986856
92,30,-5.0,-4.5,149,-2.7342390397891414,-0.2774398070214848,-0.0317271451258762,-0.2457126618956086,-1.1758121258642822,True,-0.8230684881049974
92,31,-4.5,-4.0,179,-2.7342390397891414,0.0407019350066771,-0.0317271451258762,0.0724290801325533,0.2423156672348833,True,0.1696209670644183
92,32,-4.0,-3.5,349,-2.7342390397891414,0.0407019350066769,-0.0317271451258762,0.0724290801325531,0.24231566723488257,True,0.1696209670644178
92,33,-3.5,-3.0,276,-2.7342390397891414,-0.1752239526312456,-0.0317271451258762,-0.1434968075053694,-0.6801253627895151,True,-0.4760877539526605
92,34,-3.0,-2.5,216,-2.7342390397891414,-0.064473099304855,-0.0317271451258762,-0.0327459541789787,-0.143048875774706,True,-0.1001342130422942
92,35,-2.5,-2.0,350,-2.7342390397891414,0.040999183891067,-0.0317271451258762,0.0727263290169432,0.2433101305308956,True,0.1703170913716269
92,36,-2.0,-1.5,218,-2.7342390397891414,-0.1776213598951969,-0.0317271451258762,-0.1458942147693207,-0.6917513776922819,True,-0.4842259643845973
92,37,-1.5,-1.0,248,-2.7342390397891414,-0.2626190799191994,-0.0317271451258762,-0.2308919347933232,-1.103940318035928,True,-0.7727582226251495
92,38,-1.0,-0.5,276,-2.7342390397891414,-0.2560316464390805,-0.0317271451258762,-0.2243045013132043,-1.0719951408595554,True,-0.7503965986016887
92,39,-0.5,0.0,302,-2.7342390397891414,0.0761248037042011,-0.0317271451258762,0.1078519488300773,0.3608249186033309,True,0.2525774430223316
92,40,0.0,0.5,284,-2.7342390397891414,0.1193195567781513,-0.0317271451258762,0.1510467019040275,0.5053354576437953,True,0.3537348203506567
92,41,0.5,1.0,339,-2.7342390397891414,0.0700793373024831,-0.0317271451258762,0.1018064824283593,0.3405994618917804,True,0.2384196233242463
92,42,1.0,1.5,239,-2.7342390397891414,0.1098503293787634,-0.0317271451258762,0.1415774745046397,0.47365561094020303,True,0.3315589276581421
92,43,1.5,2.0,196,-2.7342390397891414,0.0562794852086884,-0.0317271451258762,0.0880066303345646,0.29443126036649786,True,0.2061018822565485
92,44,2.0,2.5,350,-2.7342390397891414,0.2515219405539413,-0.0317271451258762,0.2832490856798175,0.9476261615440184,True,0.6633383130808128
92,45,2.5,3.0,145,-2.7342390397891414,0.008683208063276,-0.0317271451258762,0.0404103531891522,0.13519516854702757,True,0.0946366179829193
92,46,3.0,3.5,165,-2.7342390397891414,-0.0763060162327195,-0.0317271451258762,-0.0445788711068433,-0.200431561901976,True,-0.1403020933313832
92,47,3.5,4.0,109,-2.7342390397891414,-0.1929296771586345,-0.0317271451258762,-0.1612025320327583,-0.7659877109666197,True,-0.5361913976766337
92,48,4.0,4.5,156,-2.7342390397891414,-0.2385891124884132,-0.0317271451258762,-0.206861967362537,-0.9874091121519225,True,-0.6911863785063457
92,49,4.5,5.0,223,-2.7342390397891414,-0.126939357281457,-0.0317271451258762,-0.0952122121555808,-0.4459734798151145,True,-0.3121814358705801
92,50,5.0,5.5,306,-2.7342390397891414,0.2679306708864785,-0.0317271451258762,0.2996578160123547,1.0025225157670643,True,0.701765761036945
92,51,5.5,6.0,137,-2.7342390397891414,-0.1106908418746486,-0.0317271451258762,-0.0789636967487724,-0.36717773863760456,True,-0.2570244170463232
92,52,6.0,6.5,248,-2.7342390397891414,0.5298533692417104,-0.0317271451258762,0.5615805143675867,1.878800017838824,True,1.3151600124871767
92,53,6.5,7.0,171,-2.7342390397891414,-0.1557748681190671,-0.0317271451258762,-0.1240477229931909,-0.5858087442559233,True,-0.4100661209791463
92,54,7.0,7.5,233,-2.7342390397891414,-0.2055971671456427,-0.0317271451258762,-0.1738700220197664,-0.8274175854748314,True,-0.5791923098323819
92,55,7.5,8.0,292,-2.7342390397891414,0.2581425738013804,-0.0317271451258762,0.2898697189272566,0.9697758721289749,True,0.6788431104902823
92,56,8.0,8.5,207,-2.7342390397891414,0.1126574015788014,-0.0317271451258762,0.1443845467046777,0.48304683297262235,True,0.3381327830808356
92,57,8.5,9.0,168,-2.7342390397891414,-0.0586350091098914,-0.0317271451258762,-0.0269078639840152,-0.11473757271371701,True,-0.0803163008996019
92,58,9.0,9.5,276,-2.7342390397891414,0.3238033034820291,-0.0317271451258762,0.3555304486079053,1.189447632347073,True,0.8326133426429512
92,59,9.5,10.0,227,-2.7342390397891414,0.2851725362114409,-0.0317271451258762,0.3168996813373171,1.0602061711848343,True,0.742144319829384
92,60,10.0,10.5,313,-2.7342390397891414,0.3440938519069089,-0.0317271451258762,0.3758209970327851,1.2573308330054045,True,0.880131583103783
92,61,10.5,11.0,319,-2.7342390397891414,0.2747146658961968,-0.0317271451258762,0.3064418110220731,1.0252187625548128,True,0.7176531337883689
92,62,11.0,11.5,190,-2.7342390397891414,-0.1466206509938361,-0.0317271451258762,-0.1148935058679599,-0.5414161763675248,True,-0.3789913234572674
92,63,11.5,12.0,176,-2.7342390397891414,0.0510491515217224,-0.0317271451258762,0.0827762966475986,0.276932877190862,True,0.1938530140336034
92,64,12.0,12.5,350,-2.7342390397891414,0.2903731090993062,-0.0317271451258762,0.3221002542251824,1.077604987889678,True,0.7543234915227746
92,65,12.5,13.0,318,-2.7342390397891414,-0.099564739766952,-0.0317271451258762,-0.0678375946410758,-0.3132226885888312,True,-0.2192558820121818
92,66,13.0,13.5,141,-2.7342390397891414,-0.1507323912273316,-0.0317271451258762,-0.1190052461014554,-0.561355697678617,True,-0.3929489883750319
92,67,13.5,14.0,314,-2.7342390397891414,-0.1423774451594311,-0.0317271451258762,-0.1106503000335548,-0.5208391242295437,True,-0.3645873869606806
92,68,14.0,14.5,174,-2.7342390397891414,-0.1559547235495087,-0.0317271451258762,-0.1242275784236325,-0.5866809372896641,True,-0.4106766561027648
92,69,14.5,15.0,83,-2.7342390397891414,-0.2519302695269754,-0.0317271451258762,-0.2202031244010992,-1.0521058755607557,True,-0.736474112892529
92,70,15.0,15.5,195,-2.7342390397891414,-0.1581252824263956,-0.0317271451258762,-0.1263981373005194,-0.5972068709637068,True,-0.4180448096745948
92,71,15.5,16.0,297,-2.7342390397891414,0.1366184340511147,-0.0317271451258762,0.1683455791769909,0.5632098498235806,True,0.3942468948765064
92,72,16.0,16.5,219,-2.7342390397891414,0.0951649673343124,-0.0317271451258762,0.1268921124601886,0.42452488477504174,True,0.2971674193425292
92,73,16.5,17.0,264,-2.7342390397891414,0.3852753112572603,-0.0317271451258762,0.4170024563831365,1.3951057817128034,True,0.9765740471989623
92,74,17.0,17.5,350,-2.7342390397891414,0.3852753112572602,-0.0317271451258762,0.4170024563831364,1.395105781712803,True,0.976574047198962
92,75,17.5,18.0,217,-2.7342390397891414,0.0539468923757274,-0.0317271451258762,0.0856740375016037,0.2866274364373273,True,0.2006392055061291
92,76,18.0,18.5,302,-2.7342390397891414,-0.2334711190371445,-0.0317271451258762,-0.2017439739112683,-0.9625898546851522,True,-0.6738128982796066
92,77,18.5,19.0,171,-2.7342390397891414,-0.1236221366863699,-0.0317271451258762,-0.0918949915604937,-0.42988691135670215,True,-0.3009208379496915
92,78,19.0,19.5,115,-2.7342390397891414,-0.1844694561397143,-0.0317271451258762,-0.1527423110138381,-0.7249606159353997,True,-0.5074724311547798
92,79,19.5,20.0,327,-2.7342390397891414,0.5014900660922614,-0.0317271451258762,0.5332172112181377,1.7839089503964947,True,1.2487362652775462
93,0,-20.0,-19.5,209,-2.67991749122042,-0.2997327060878685,-0.0025581900148036,-0.2971745160730649,-1.1947753975930424,True,-0.8363427783151297
93,1,-19.5,-19.0,296,-2.67991749122042,0.2304576123650954,-0.0025581900148036,0.2330158023798991,0.9704252469789763,True,0.6792976728852833
93,2,-19.0,-18.5,218,-2.67991749122042,-0.336668750136409,-0.0025581900148036,-0.3341105601216054,-1.343274930112712,True,-0.9402924510788984
93,3,-18.5,-18.0,177,-2.67991749122042,-0.1623300899890229,-0.0025581900148036,-0.1597718999742192,-0.6423549967822946,True,-0.4496484977476062
93,4,-18.0,-17.5,251,-2.67991749122042,-0.1947227797626338,-0.0025581900148036,-0.1921645897478302,-0.7725881988575988,True,-0.5408117392003191
93,5,-17.5,-17.0,227,-2.67991749122042,-0.1673166610564842,-0.0025581900148036,-0.1647584710416806,-0.6624032583508853,True,-0.4636822808456197
93,6,-17.0,-16.5,292,-2.67991749122042,0.0258354318571531,-0.0025581900148036,0.0283936218719568,0.11529921410333101,True,0.0807094498723317
93,7,-16.5,-16.0,262,-2.67991749122042,0.455674841677411,-0.0025581900148036,0.4582330316922146,1.9116189893143016,True,1.3381332925200111
93,8,-16.0,-15.5,265,-2.67991749122042,-0.0757216443461687,-0.0025581900148036,-0.073163454331365,-0.29415003814305857,True,-0.205905026700141
93,9,-15.5,-15.0,195,-2.67991749122042,-0.1116336600168738,-0.0025581900148036,-0.1090754700020702,-0.43853251537668886,True,-0.3069727607636822
93,10,-15.0,-14.5,308,-2.67991749122042,0.1105880047209411,-0.0025581900148036,0.1131461947357448,0.4694843333758826,True,0.3286390333631178
93,11,-14.5,-14.0,193,-2.67991749122042,-0.2579288042897908,-0.0025581900148036,-0.2553706142749872,-1.0267048845095494,True,-0.7186934191566845
93,12,-14.0,-13.5,325,-2.67991749122042,0.0851663361716627,-0.0025581900148036,0.0877245261864664,0.36324594552535217,True,0.2542721618677465
93,13,-13.5,-13.0,166,-2.67991749122042,0.0749195067168574,-0.0025581900148036,0.0774776967316611,0.3204239474433757,True,0.224296763210363
93,14,-13.0,-12.5,139,-2.67991749122042,0.1070376034745136,-0.0025581900148036,0.1095957934893173,0.45464703408878765,True,0.3182529238621513
93,15,-12.5,-12.0,225,-2.67991749122042,0.0186218181421046,-0.0025581900148036,0.0211800081569082,0.08515317195123201,True,0.0596072203658624
93,16,-12.0,-11.5,322,-2.67991749122042,-0.3170659863100558,-0.0025581900148036,-0.3145077962952522,-1.2644629907376843,True,-0.8851240935163789
93,17,-11.5,-11.0,159,-2.67991749122042,-0.1153136597562849,-0.0025581900148036,-0.1127554697414812,-0.453327771746236,True,-0.3173294402223652
93,18,-11.0,-10.5,280,-2.67991749122042,0.2367938237371038,-0.0025581900148036,0.2393520137519074,0.9969045821153579,True,0.6978332074807505
93,19,-10.5,-10.0,140,-2.67991749122042,-0.1820149316087119,-0.0025581900148036,-0.1794567415939083,-0.7214969258531495,True,-0.5050478480972046
93,20,-10.0,-9.5,207,-2.67991749122042,0.0891278613732828,-0.0025581900148036,0.0916860513880865,0.37980135179357344,True,0.2658609462555014
93,21,-9.5,-9.0,187,-2.67991749122042,-0.1555799780923938,-0.0025581900148036,-0.1530217880775901,-0.6152165068079063,True,-0.4306515547655344
93,22,-9.0,-8.5,240,-2.67991749122042,0.311148261290853,-0.0025581900148036,0.3137064513056566,1.3076353887864829,True,0.915344772150538
93,23,-8.5,-8.0,160,-2.67991749122042,-0.2379257081854998,-0.0025581900148036,-0.2353675181706962,-0.9462834290735115,True,-0.662398400351458
93,24,-8.0,-7.5,173,-2.67991749122042,-0.242340415056329,-0.0025581900148036,-0.2397822250415253,-0.964032539012517,True,-0.6748227773087618
93,25,-7.5,-7.0,287,-2.67991749122042,0.0977891470627909,-0.0025581900148036,0.1003473370775946,0.41599728545475434,True,0.291198099818328
93,26,-7.0,-6.5,164,-2.67991749122042,0.0705337138389831,-0.0025581900148036,0.0730919038537868,0.30209550594519047,True,0.2114668541616333
93,27,-6.5,-6.0,158,-2.67991749122042,0.0885735231336853,-0.0025581900148036,0.0911317131484889,0.3774847453605776,True,0.2642393217524043
93,28,-6.0,-5.5,252,-2.67991749122042,0.1444726925090187,-0.0025581900148036,0.1470308825238224,0.6110900897583091,True,0.4277630628308164
93,29,-5.5,-5.0,199,-2.67991749122042,-0.0772662357188358,-0.0025581900148036,-0.0747080457040321,-0.3003599911221472,True,-0.210251993785503
93,30,-5.0,-4.5,250,-2.67991749122042,0.244200815604826,-0.0025581900148036,0.2467590056196296,1.0278587609617786,True,0.719501132673245
93,31,-4.5,-4.0,256,-2.67991749122042,-0.3680331868926497,-0.0025581900148036,-0.3654749968778461,-1.4693740919483314,True,-1.028561864363832
93,32,-4.0,-3.5,180,-2.67991749122042,-0.0237381981717119,-0.0025581900148036,-0.0211800081569082,-0.08515317195123201,True,-0.0596072203658624
93,33,-3.5,-3.0,160,-2.67991749122042,0.2806231542311075,-0.0025581900148036,0.2831813442459112,1.1800694834759817,True,0.8260486384331871
93,34,-3.0,-2.5,145,-2.67991749122042,-0.2122265900645104,-0.0025581900148036,-0.2096684000497068,-0.8429613997268011,True,-0.5900729798087607
93,35,-2.5,-2.0,200,-2.67991749122042,-0.2505485132633584,-0.0025581900148036,-0.2479903232485547,-0.9970327906100499,True,-0.6979229534270349
93,36,-2.0,-1.5,333,-2.67991749122042,0.2084957373150817,-0.0025581900148036,0.2110539273298853,0.8786455042384281,True,0.6150518529668997
93,37,-1.5,-1.0,234,-2.67991749122042,-0.2053304666654973,-0.0025581900148036,-0.2027722766506937,-0.8152358777514215,True,-0.570665114425995
93,38,-1.0,-0.5,307,-2.67991749122042,-0.0875139431883446,-0.0025581900148036,-0.084955753173541,-0.341560390564505,True,-0.2390922733951535
93,39,-0.5,0.0,284,-2.67991749122042,-0.0449627654506852,-0.0025581900148036,-0.0424045754358816,-0.17048549164193158,True,-0.1193398441493521
93,40,0.0,0.5,265,-2.67991749122042,-0.2725760428280684,-0.0025581900148036,-0.2700178528132648,-1.0855933803316746,True,-0.7599153662321722
93,41,0.5,1.0,233,-2.67991749122042,-0.0840808557659029,-0.0025581900148036,-0.0815226657510993,-0.3277578329148075,True,-0.2294304830403652
93,42,1.0,1.5,225,-2.67991749122042,0.2847824169630978,-0.0025581900148036,0.2873406069779015,1.197451244489697,True,0.8382158711427878
93,43,1.5,2.0,107,-2.67991749122042,-0.3761054522559118,-0.0025581900148036,-0.3735472622411082,-1.5018282343368288,True,-1.05127976403578
93,44,2.0,2.5,257,-2.67991749122042,0.1554470167286487,-0.0025581900148036,0.1580052067434523,0.6569523238041386,True,0.459866626662897
93,45,2.5,3.0,165,-2.67991749122042,-0.2128646782875907,-0.0025581900148036,-0.210306488272787,-0.8455268017690227,True,-0.5918687612383159
93,46,3.0,3.5,156,-2.67991749122042,0.0919378420843731,-0.0025581900148036,0.0944960320991767,0.39154439769390975,True,0.2740810783857368
93,47,3.5,4.0,122,-2.67991749122042,0.181211995614424,-0.0025581900148036,0.1837701856292277,0.764625422228885,True,0.5352377955602194
93,48,4.0,4.5,220,-2.67991749122042,-0.2045258397736529,-0.0025581900148036,-0.2019676497588493,-0.8120009152542298,True,-0.5684006406779608
93,49,4.5,5.0,324,-2.67991749122042,0.111899215100306,-0.0025581900148036,0.1144574051151096,0.4749639452497676,True,0.3324747616748373
93,50,5.0,5.5,214,-2.67991749122042,0.049822124917111,-0.0025581900148036,0.0523803149319146,0.21554076967296942,True,0.1508785387710786
93,51,5.5,6.0,242,-2.67991749122042,-0.1506128663224748,-0.0025581900148036,-0.1480546763076712,-0.5952464803796145,True,-0.4166725362657301
93,52,6.0,6.5,145,-2.67991749122042,0.4187953813628055,-0.0025581900148036,0.4213535713776091,1.75749793305765,True,1.2302485531403549
93,53,6.5,7.0,177,-2.67991749122042,0.4187953813628046,-0.0025581900148036,0.4213535713776082,1.7574979330576463,True,1.2302485531403524
93,54,7.0,7.5,225,-2.67991749122042,-0.244705400937787,-0.0025581900148036,-0.2421472109229833,-0.9735408474104221,True,-0.6814785931872954
93,55,7.5,8.0,246,-2.67991749122042,0.5359370386048877,-0.0025581900148036,0.5384952286196913,2.2470386094068218,True,1.572927026584775
93,56,8.0,8.5,148,-2.67991749122042,-0.054665628401524,-0.0025581900148036,-0.0521074383867204,-0.2094953707293733,True,-0.1466467595105613
93,57,8.5,9.0,151,-2.67991749122042,-0.2694158929327294,-0.0025581900148036,-0.2668577029179257,-1.0728881544679296,True,-0.7510217081275508
93,58,9.0,9.5,216,-2.67991749122042,-0.0525311059506696,-0.0025581900148036,-0.0499729159358659,-0.20091362911979344,True,-0.1406395403838554
93,59,9.5,10.0,251,-2.67991749122042,0.2512811346467698,-0.0025581900148036,0.2538393246615734,1.0574477581995256,True,0.7402134307396679
93,60,10.0,10.5,95,-2.67991749122042,-0.1185600551520272,-0.0025581900148036,-0.1160018651372235,-0.4663797433652916,True,-0.3264658203557041
93,61,10.5,11.0,134,-2.67991749122042,-0.2273008349318573,-0.0025581900148036,-0.2247426449170536,-0.90356665330908,True,-0.632496657316356
93,62,11.0,11.5,104,-2.67991749122042,-0.3330198206849242,-0.0025581900148036,-0.3304616306701206,-1.3286045902942234,True,-0.9300232132059564
93,63,11.5,12.0,91,-2.67991749122042,-0.2657814379940749,-0.0025581900148036,-0.2632232479792713,-1.0582760087101246,True,-0.7407932060970872
93,64,12.0,12.5,318,-2.67991749122042,-0.2543663903804582,-0.0025581900148036,-0.2518082003656546,-1.0123823761358255,True,-0.7086676632950778
93,65,12.5,13.0,200,-2.67991749122042,-0.2484995138657711,-0.0025581900148036,-0.2459413238509675,-0.9887948901929153,True,-0.6921564231350407
93,66,13.0,13.5,213,-2.67991749122042,-0.2822809476038029,-0.0025581900148036,-0.2797227575889993,-1.1246114684748045,True,-0.7872280279323631
93,67,13.5,14.0,128,-2.67991749122042,-0.2492489243879841,-0.0025581900148036,-0.2466907343731805,-0.9918078580155575,True,-0.6942655006108902
93,68,14.0,14.5,235,-2.67991749122042,-0.183587059701891,-0.0025581900148036,-0.1810288696870874,-0.7278175888508253,True,-0.5094723121955776
93,69,14.5,15.0,295,-2.67991749122042,0.1775689611370097,-0.0025581900148036,0.1801271511518134,0.7494010041693797,True,0.5245807029185657
93,70,15.0,15.5,301,-2.67991749122042,-0.2488352583281109,-0.0025581900148036,-0.2462770683133072,-0.9901447341458298,True,-0.6931013139020809
93,71,15.5,16.0,203,-2.67991749122042,0.0984247395204094,-0.0025581900148036,0.100982929535213,0.41865345721218417,True,0.2930574200485289
93,72,16.0,16.5,203,-2.67991749122042,0.1352042872981701,-0.0025581900148036,0.1377624773129737,0.5723569741236169,True,0.4006498818865318
93,73,16.5,17.0,182,-2.67991749122042,-0.1640699237772988,-0.0025581900148036,-0.1615117337624952,-0.6493499122064093,True,-0.4545449385444864
93,74,17.0,17.5,268,-2.67991749122042,0.1593262710597336,-0.0025581900148036,0.1618844610745373,0.6731639161076799,True,0.4712147412753759
93,75,17.5,18.0,196,-2.67991749122042,-0.2477437579673421,-0.0025581900148036,-0.2451855679525385,-0.9857564111000215,True,-0.690029487770015
93,76,18.0,18.5,222,-2.67991749122042,-0.0780950618192579,-0.0025581900148036,-0.0755368718044542,-0.30369224533678446,True,-0.2125845717357491
93,77,18.5,19.0,335,-2.67991749122042,-0.0472016233570835,-0.0025581900148036,-0.0446434333422799,-0.17948670877393386,True,-0.1256406961417537
93,78,19.0,19.5,196,-2.67991749122042,-0.1317683520690077,-0.0025581900148036,-0.129210162054204,-0.5194830457919112,True,-0.3636381320543378
93,79,19.5,20.0,299,-2.67991749122042,-0.0226999145178681,-0.0025581900148036,-0.0201417245030645,-0.080978804035275,True,-0.0566851628246925
94,0,-20.0,-19.5,216,-2.7142832902341087,0.1435956838220277,-0.0141136529370715,0.1577093367590992,0.8349006817980101,True,0.5844304772586071
94,1,-19.5,-19.0,176,-2.7142832902341087,-0.1815466465613878,-0.0141136529370715,-0.1674329936243163,-0.61703168989965,True,-0.4319221829297549
94,2,-19.0,-18.5,300,-2.7142832902341087,0.0451116929286623,-0.0141136529370715,0.0592253458657339,0.28781854767807713,True,0.201472983374654
94,3,-18.5,-18.0,139,-2.7142832902341087,-0.2863032738133255,-0.0141136529370715,-0.272189620876254,-1.003085581323732,True,-0.7021599069266125
94,4,-18.0,-17.5,250,-2.7142832902341087,0.1182922473109086,-0.0141136529370715,0.1324059002479801,0.6943391761005003,True,0.4860374232703502
94,5,-17.5,-17.0,284,-2.7142832902341087,-0.0867471572091196,-0.0141136529370715,-0.072633504272048,-0.26767229632694345,True,-0.1873706074288604
94,6,-17.0,-16.5,224,-2.7142832902341087,0.0212096785907919,-0.0141136529370715,0.0353233315278634,0.15504199287856643,True,0.1085293950149965
94,7,-16.5,-16.0,268,-2.7142832902341087,-0.106022423352185,-0.0141136529370715,-0.0919087704151134,-0.3387063845557396,True,-0.2370944691890177
94,8,-16.0,-15.5,84,-2.7142832902341087,-0.1134697132334654,-0.0141136529370715,-0.0993560602963939,-0.36615147623778727,True,-0.2563060333664511
94,9,-15.5,-15.0,320,-2.7142832902341087,-0.0706572447069856,-0.0141136529370715,-0.0565435917699141,-0.2083770183376753,True,-0.1458639128363727
94,10,-15.0,-14.5,273,-2.7142832902341087,-0.0952770199345166,-0.0141136529370715,-0.0811633669974451,-0.29910693473443245,True,-0.2093748543141027
94,11,-14.5,-14.0,292,-2.7142832902341087,0.007910412580148,-0.0141136529370715,0.0220240655172195,0.081164088811806,True,0.0568148621682642
94,12,-14.0,-13.5,219,-2.7142832902341087,-0.285044888646336,-0.0141136529370715,-0.2709312357092645,-0.9984481230228047,True,-0.6989136861159633
94,13,-13.5,-13.0,281,-2.7142832902341087,0.1730633312298519,-0.0141136529370715,0.1871769841669234,0.9985945297536806,True,0.6990161708275764
94,14,-13.0,-12.5,243,-2.7142832902341087,-0.0425433896011325,-0.0141136529370715,-0.028429736664061,-0.10477055971768728,True,-0.0733393918023811
94,15,-12.5,-12.0,259,-2.7142832902341087,-0.1524117407009234,-0.0141136529370715,-0.1382980877638519,-0.5096624085590413,True,-0.3567636859913289
94,16,-12.0,-11.5,290,-2.7142832902341087,0.1755934141974132,-0.0141136529370715,0.1897070671344848,1.0126492322168728,True,0.708854462551811
94,17,-11.5,-11.0,212,-2.7142832902341087,-0.2013228364666593,-0.0141136529370715,-0.1872091835295877,-0.6899118051797116,True,-0.4829382636257981
94,18,-11.0,-10.5,244,-2.7142832902341087,0.1213568838310336,-0.0141136529370715,0.1354705367681051,0.7113633428967794,True,0.4979543400277455
94,19,-10.5,-10.0,186,-2.7142832902341087,-0.036137718454291,-0.0141136529370715,-0.0220240655172195,-0.081164088811806,True,-0.0568148621682642
94,20,-10.0,-9.5,237,-2.7142832902341087,0.1908962905224358,-0.0141136529370715,0.2050099434595074,1.0976572641022941,True,0.7683600848716059
94,21,-9.5,-9.0,93,-2.7142832902341087,-0.0849701600522169,-0.0141136529370715,-0.0708565071151454,-0.2611236255128103,True,-0.1827865378589672
94,22,-9.0,-8.5,217,-2.7142832902341087,-0.1640157888716244,-0.0141136529370715,-0.1499021359345528,-0.5524261751109919,True,-0.3866983225776943
94,23,-8.5,-8.0,231,-2.7142832902341087,0.1214902751303589,-0.0141136529370715,0.1356039280674305,0.7121043363927372,True,0.498473035474916
94,24,-8.0,-7.5,178,-2.7142832902341087,-0.1475974554546331,-0.0141136529370715,-0.1334838025175616,-0.49192058541609013,True,-0.3443444097912631
94,25,-7.5,-7.0,214,-2.7142832902341087,0.0998515199665437,-0.0141136529370715,0.1139651729036152,0.5919002682255899,True,0.4143301877579129
94,26,-7.0,-6.5,159,-2.7142832902341087,0.1410375327841689,-0.0141136529370715,0.1551511857212404,0.8206900601883693,True,0.5744830421318585
94,27,-6.5,-6.0,314,-2.7142832902341087,0.1040849364002433,-0.0141136529370715,0.1181985893373148,0.6154170497467052,True,0.4307919348226936
94,28,-6.0,-5.5,279,-2.7142832902341087,-0.3453342101951548,-0.0141136529370715,-0.3312205572580833,-1.2206290752528104,True,-0.8544403526769673
94,29,-5.5,-5.0,244,-2.7142832902341087,-0.3146692519047575,-0.0141136529370715,-0.3005555989676859,-1.1076211750471832,True,-0.7753348225330281
94,30,-5.0,-4.5,302,-2.7142832902341087,0.0361754300457377,-0.0141136529370715,0.0502890829828092,0.23817728390820542,True,0.1667240987357438
94,31,-4.5,-4.0,91,-2.7142832902341087,-0.1933748489242042,-0.0141136529370715,-0.1792611959871326,-0.6606215196842119,True,-0.4624350637789483
94,32,-4.0,-3.5,182,-2.7142832902341087,0.1696011637388069,-0.0141136529370715,0.1837148166758785,0.979362064024988,True,0.6855534448174916
94,33,-3.5,-3.0,225,-2.7142832902341087,0.1140069917484897,-0.0141136529370715,0.1281206446855612,0.6705344263429903,True,0.4693740984400932
94,34,-3.0,-2.5,233,-2.7142832902341087,-0.1430900396399363,-0.0141136529370715,-0.1289763867028648,-0.47530965147159404,True,-0.3327167560301158
94,35,-2.5,-2.0,213,-2.7142832902341087,0.1657956548147519,-0.0141136529370715,0.1799093077518235,0.9582223242084053,True,0.6707556269458836
94,36,-2.0,-1.5,129,-2.7142832902341087,-0.2892559431558814,-0.0141136529370715,-0.2751422902188099,-1.013966892794756,True,-0.7097768249563292
94,37,-1.5,-1.0,180,-2.7142832902341087,0.2213264110054572,-0.0141136529370715,0.2354400639425287,1.2666976848281721,True,0.8866883793797204
94,38,-1.0,-0.5,112,-2.7142832902341087,-0.1602820712764931,-0.0141136529370715,-0.1461684183394216,-0.538666509065116,True,-0.3770665563455812
94,39,-0.5,0.0,208,-2.7142832902341087,0.1091598966308458,-0.0141136529370715,0.1232735495679173,0.6436086375199709,True,0.4505260462639796
94,40,0.0,0.5,151,-2.7142832902341087,0.093516054195754,-0.0141136529370715,0.1076297071328256,0.5567065265515727,True,0.3896945685861009
94,41,0.5,1.0,234,-2.7142832902341087,0.1187658317896726,-0.0141136529370715,0.1328794847267441,0.6969699550218056,True,0.4878789685152639
94,42,1.0,1.5,252,-2.7142832902341087,-0.1200042449082662,-0.0141136529370715,-0.1058905919711946,-0.39023282982722407,True,-0.2731629808790568
94,43,1.5,2.0,244,-2.7142832902341087,0.1467863830291158,-0.0141136529370715,0.1609000359661873,0.8526251313833095,True,0.5968375919683166
94,44,2.0,2.5,174,-2.7142832902341087,-0.201865983727539,-0.0141136529370715,-0.1877523307904675,-0.6919134361903654,True,-0.4843394053332557
94,45,2.5,3.0,174,-2.7142832902341087,-0.1154407970515214,-0.0141136529370715,-0.1013271441144498,-0.37341540405071194,True,-0.2613907828354983
94,46,3.0,3.5,126,-2.7142832902341087,0.2840133202695794,-0.0141136529370715,0.2981269732066509,1.6149257347934882,True,1.1304480143554416
94,47,3.5,4.0,46,-2.7142832902341087,-0.3896802226128372,-0.0141136529370715,-0.3755665696757657,-1.384055018909948,True,-0.9688385132369636
94,48,4.0,4.5,125,-2.7142832902341087,-0.0477690182542937,-0.0141136529370715,-0.0336553653172221,-0.12402828430859343,True,-0.0868197990160154
94,49,4.5,5.0,291,-2.7142832902341087,-0.0482158872156029,-0.0141136529370715,-0.0341022342785314,-0.12567510614694072,True,-0.0879725743028585
94,50,5.0,5.5,116,-2.7142832902341087,-0.0770953149062279,-0.0141136529370715,-0.0629816619691564,-0.23210288770631643,True,-0.1624720213944215
94,51,5.5,6.0,186,-2.7142832902341087,0.0961888814768131,-0.0141136529370715,0.1103025344138847,0.5715541788429901,True,0.400087925190093
94,52,6.0,6.5,238,-2.7142832902341087,0.0017170142240633,-0.0141136529370715,0.0158306671611348,0.05833989525739015,True,0.0408379266801731
94,53,6.5,7.0,152,-2.7142832902341087,-0.1541786560617339,-0.0141136529370715,-0.1400650031246624,-0.5161739254792777,True,-0.3613217478354943
94,54,7.0,7.5,65,-2.7142832902341087,-0.3232662085957222,-0.0141136529370715,-0.3091525556586507,-1.1393030711907974,True,-0.7975121498335582
94,55,7.5,8.0,111,-2.7142832902341087,-0.1685849046011836,-0.0141136529370715,-0.1544712516641121,-0.56926448839041,True,-0.398485141873287
94,56,8.0,8.5,67,-2.7142832902341087,-0.1641774697940439,-0.0141136529370715,-0.1500638168569724,-0.5530220090062453,True,-0.3871154063043717
94,57,8.5,9.0,140,-2.7142832902341087,-0.2612369936297289,-0.0141136529370715,-0.2471233406926573,-0.9107101845373213,True,-0.6374971291761249
94,58,9.0,9.5,198,-2.7142832902341087,0.0047717119237231,-0.0141136529370715,0.0188853648607946,0.06959720627449387,True,0.0487180443921457
94,59,9.5,10.0,165,-2.7142832902341087,-0.0334253912878097,-0.0141136529370715,-0.0193117383507382,-0.07116849726878029,True,-0.0498179480881462
94,60,10.0,10.5,14,-2.7142832902341087,-0.1466247453000257,-0.0141136529370715,-0.1325110923629542,-0.4883359096751389,True,-0.3418351367725972
94,61,10.5,11.0,126,-2.7142832902341087,-0.1761665842737064,-0.0141136529370715,-0.1620529313366349,-0.5972048394487641,True,-0.4180433876141349
94,62,11.0,11.5,237,-2.7142832902341087,0.1038463704249488,-0.0141136529370715,0.1179600233620203,0.6140918071188569,True,0.4298642649831998
94,63,11.5,12.0,286,-2.7142832902341087,-0.0325156721430407,-0.0141136529370715,-0.0184020192059692,-0.06781595886472844,True,-0.0474711712053099
94,64,12.0,12.5,192,-2.7142832902341087,-0.0388696680806356,-0.0141136529370715,-0.0247560151435641,-0.09123199393716301,True,-0.0638623957560141
94,65,12.5,13.0,187,-2.7142832902341087,-0.0852326102017068,-0.0141136529370715,-0.0711189572646353,-0.262090818750826,True,-0.1834635731255782
94,66,13.0,13.5,221,-2.7142832902341087,-0.0988417211135369,-0.0141136529370715,-0.0847280681764654,-0.31224373378978143,True,-0.218570613652847
94,67,13.5,14.0,292,-2.7142832902341087,0.1554240869547798,-0.0141136529370715,0.1695377398918514,0.9006078893390167,True,0.6304255225373117
94,68,14.0,14.5,154,-2.7142832902341087,-0.2519853991239118,-0.0141136529370715,-0.2378717461868403,-0.8766157873183403,True,-0.6136310511228382
94,69,14.5,15.0,291,-2.7142832902341087,0.112623902661376,-0.0141136529370715,0.1267375555984476,0.6628513164020521,True,0.4639959214814364
94,70,15.0,15.5,178,-2.7142832902341087,0.085886534291067,-0.0141136529370715,0.1000001872281386,0.5143242673244249,True,0.3600269871270974
94,71,15.5,16.0,311,-2.7142832902341087,0.2965561095721261,-0.0141136529370715,0.3106697625091976,1.6846013833654856,True,1.17922096835584
94,72,16.0,16.5,194,-2.7142832902341087,-0.3541694558608641,-0.0141136529370715,-0.3400558029237926,-1.253189124773417,True,-0.8772323873413919
94,73,16.5,17.0,206,-2.7142832902341087,-0.0279645487150194,-0.0141136529370715,-0.0138508957779479,-0.05104395163397415,True,-0.0357307661437819
94,74,17.0,17.5,230,-2.7142832902341087,0.0825997885228212,-0.0141136529370715,0.0967134414598928,0.49606627561541206,True,0.3472463929307884
94,75,17.5,18.0,170,-2.7142832902341087,-0.0387242260561118,-0.0141136529370715,-0.0246105731190402,-0.0906960043676533,True,-0.0634872030573573
94,76,18.0,18.5,197,-2.7142832902341087,0.1291777500642075,-0.0141136529370715,0.143291403001279,0.7548085379046061,True,0.5283659765332243
94,77,18.5,19.0,140,-2.7142832902341087,0.0364492131720262,-0.0141136529370715,0.0505628661090978,0.23969815908453915,True,0.1677887113591774
94,78,19.0,19.5,257,-2.7142832902341087,0.1711268683037865,-0.0141136529370715,0.1852405212408581,0.9878374081075542,True,0.6914861856752879
94,79,19.5,20.0,217,-2.7142832902341087,-0.1350691049026868,-0.0141136529370715,-0.1209554519656152,-0.44575053765317413,True,-0.3120253763572219
