trial,bin_index,start_s,end_s,total_frame_count,eligible_frame_count,nan_sample_count,mean_log_vigor,baseline_mean_log_vigor,trial_defined,delta_log_vigor,baseline_P45_log_vigor,baseline_P55_log_vigor,baseline_P25_log_vigor,baseline_P50_log_vigor,baseline_P75_log_vigor,median_centred_log_vigor,band_class,band_display_score
5,0,-20.0,-19.0,703,408,295,-2.9348086740607595,-2.9506555178854215,True,0.01584684382466195,-2.9503764227211793,-2.941753257973716,-2.9898816887419897,-2.944690335032323,-2.8634930781099763,0.009881660971563289,4.0,0.5
5,1,-19.0,-18.0,702,372,330,-2.8607965540335107,-2.9506555178854215,True,0.08985896385191072,-2.9503764227211793,-2.941753257973716,-2.9898816887419897,-2.944690335032323,-2.8634930781099763,0.08389378099881206,5.0,1.0
5,2,-18.0,-17.0,703,549,154,-2.986873911573254,-2.9506555178854215,True,-0.03621839368783242,-2.9503764227211793,-2.941753257973716,-2.9898816887419897,-2.944690335032323,-2.8634930781099763,-0.04218357654093108,2.0,-0.5
5,3,-17.0,-16.0,702,470,232,-2.945185012554801,-2.9506555178854215,True,0.005470505330620323,-2.9503764227211793,-2.941753257973716,-2.9898816887419897,-2.944690335032323,-2.8634930781099763,-0.0004946775224783373,3.0,0.0
5,4,-16.0,-15.0,703,440,263,-2.8025419231889894,-2.9506555178854215,True,0.14811359469643204,-2.9503764227211793,-2.941753257973716,-2.9898816887419897,-2.944690335032323,-2.8634930781099763,0.14214841184333382,5.0,1.0
5,5,-15.0,-14.0,702,390,312,-2.9441956575098445,-2.9506555178854215,True,0.006459860375576998,-2.9503764227211793,-2.941753257973716,-2.9898816887419897,-2.944690335032323,-2.8634930781099763,0.0004946775224783373,3.0,0.0
5,6,-14.0,-13.0,703,422,281,-3.0847422596771947,-2.9506555178854215,True,-0.13408674179177327,-2.9503764227211793,-2.941753257973716,-2.9898816887419897,-2.944690335032323,-2.8634930781099763,-0.14005192464487193,1.0,-1.0
5,7,-13.0,-12.0,702,459,243,-2.9989050202481966,-2.9506555178854215,True,-0.04824950236277514,-2.9503764227211793,-2.941753257973716,-2.9898816887419897,-2.944690335032323,-2.8634930781099763,-0.054214685215873804,1.0,-1.0
5,8,-12.0,-11.0,703,476,227,-3.208274333657012,-2.9506555178854215,True,-0.2576188157715906,-2.9503764227211793,-2.941753257973716,-2.9898816887419897,-2.944690335032323,-2.8634930781099763,-0.2635839986246893,1.0,-1.0
5,9,-11.0,-10.0,703,494,209,-3.15564038680225,-2.9506555178854215,True,-0.20498486891682832,-2.9503764227211793,-2.941753257973716,-2.9898816887419897,-2.944690335032323,-2.8634930781099763,-0.21095005176992698,1.0,-1.0
5,10,-10.0,-9.0,702,432,270,-2.864391919468798,-2.9506555178854215,True,0.08626359841662357,-2.9503764227211793,-2.941753257973716,-2.9898816887419897,-2.944690335032323,-2.8634930781099763,0.0802984155635249,4.0,0.5
5,11,-9.0,-8.0,703,482,221,-3.037621193771057,-2.9506555178854215,True,-0.08696567588563564,-2.9503764227211793,-2.941753257973716,-2.9898816887419897,-2.944690335032323,-2.8634930781099763,-0.0929308587387343,1.0,-1.0
5,12,-8.0,-7.0,702,363,339,-2.7957883107827888,-2.9506555178854215,True,0.1548672071026327,-2.9503764227211793,-2.941753257973716,-2.9898816887419897,-2.944690335032323,-2.8634930781099763,0.14890202424953403,5.0,1.0
5,13,-7.0,-6.0,703,370,333,-2.865523801934643,-2.9506555178854215,True,0.08513171595077829,-2.9503764227211793,-2.941753257973716,-2.9898816887419897,-2.944690335032323,-2.8634930781099763,0.07916653309767963,4.0,0.5
5,14,-6.0,-5.0,702,411,291,-2.856370043755346,-2.9506555178854215,True,0.09428547413007538,-2.9503764227211793,-2.941753257973716,-2.9898816887419897,-2.944690335032323,-2.8634930781099763,0.08832029127697671,5.0,1.0
5,15,-5.0,-4.0,703,544,159,-2.823324625116461,-2.9506555178854215,True,0.12733089276896026,-2.9503764227211793,-2.941753257973716,-2.9898816887419897,-2.944690335032323,-2.8634930781099763,0.1213657099158616,5.0,1.0
5,16,-4.0,-3.0,703,391,312,-2.9710713095603762,-2.9506555178854215,True,-0.020415791674954775,-2.9503764227211793,-2.941753257973716,-2.9898816887419897,-2.944690335032323,-2.8634930781099763,-0.02638097452805299,2.0,-0.5
5,17,-3.0,-2.0,702,455,247,-2.9387681029851143,-2.9506555178854215,True,0.011887414900307203,-2.9503764227211793,-2.941753257973716,-2.9898816887419897,-2.944690335032323,-2.8634930781099763,0.005922232047208542,4.0,0.5
5,18,-2.0,-1.0,703,467,236,-2.981565837436836,-2.9506555178854215,True,-0.030910319551414656,-2.9503764227211793,-2.941753257973716,-2.9898816887419897,-2.944690335032323,-2.8634930781099763,-0.036875502404513316,2.0,-0.5
5,19,-1.0,0.0,702,430,272,-2.956721479591197,-2.9506555178854215,True,-0.006065961705775447,-2.9503764227211793,-2.941753257973716,-2.9898816887419897,-2.944690335032323,-2.8634930781099763,-0.012031144558874107,2.0,-0.5
5,20,0.0,1.0,703,663,40,-2.876785660122413,-2.9506555178854215,True,0.07386985776300836,-2.9503764227211793,-2.941753257973716,-2.9898816887419897,-2.944690335032323,-2.8634930781099763,0.0679046749099097,4.0,0.5
5,21,1.0,2.0,702,433,269,-2.990818371437738,-2.9506555178854215,True,-0.04016285355231641,-2.9503764227211793,-2.941753257973716,-2.9898816887419897,-2.944690335032323,-2.8634930781099763,-0.046128036405415074,1.0,-1.0
5,22,2.0,3.0,703,570,133,-2.948984462166548,-2.9506555178854215,True,0.0016710557188734931,-2.9503764227211793,-2.941753257973716,-2.9898816887419897,-2.944690335032323,-2.8634930781099763,-0.0042941271342251675,3.0,0.0
5,23,3.0,4.0,703,470,233,-2.915337856319507,-2.9506555178854215,True,0.03531766156591454,-2.9503764227211793,-2.941753257973716,-2.9898816887419897,-2.944690335032323,-2.8634930781099763,0.029352478712815877,4.0,0.5
5,24,4.0,5.0,702,504,198,-2.8177853185335415,-2.9506555178854215,True,0.13287019935187994,-2.9503764227211793,-2.941753257973716,-2.9898816887419897,-2.944690335032323,-2.8634930781099763,0.12690501649878172,5.0,1.0
5,25,5.0,6.0,703,435,268,-2.7102052703306168,-2.9506555178854215,True,0.2404502475548047,-2.9503764227211793,-2.941753257973716,-2.9898816887419897,-2.944690335032323,-2.8634930781099763,0.23448506470170605,5.0,1.0
5,26,6.0,7.0,702,320,382,-2.825707016227479,-2.9506555178854215,True,0.12494850165794258,-2.9503764227211793,-2.941753257973716,-2.9898816887419897,-2.944690335032323,-2.8634930781099763,0.11898331880484392,5.0,1.0
5,27,7.0,8.0,703,311,392,-2.7313453844026103,-2.9506555178854215,True,0.21931013348281114,-2.9503764227211793,-2.941753257973716,-2.9898816887419897,-2.944690335032323,-2.8634930781099763,0.21334495062971248,5.0,1.0
5,28,8.0,9.0,702,597,105,-2.9075878614644974,-2.9506555178854215,True,0.04306765642092403,-2.9503764227211793,-2.941753257973716,-2.9898816887419897,-2.944690335032323,-2.8634930781099763,0.03710247356782581,4.0,0.5
5,29,9.0,10.0,703,587,116,-3.019807443568465,-2.9506555178854215,True,-0.06915192568304374,-2.9503764227211793,-2.941753257973716,-2.9898816887419897,-2.944690335032323,-2.8634930781099763,-0.0751171085361424,1.0,-1.0
5,30,10.0,11.0,702,452,250,-3.01598180479543,-2.9506555178854215,True,-0.06532628691000841,-2.9503764227211793,-2.941753257973716,-2.9898816887419897,-2.944690335032323,-2.8634930781099763,-0.07129146976310707,1.0,-1.0
5,31,11.0,12.0,703,466,237,-3.0539938444504284,-2.9506555178854215,True,-0.10333832656500697,-2.9503764227211793,-2.941753257973716,-2.9898816887419897,-2.944690335032323,-2.8634930781099763,-0.10930350941810563,1.0,-1.0
5,32,12.0,13.0,703,502,201,-2.9357806143632743,-2.9506555178854215,True,0.014874903522147154,-2.9503764227211793,-2.941753257973716,-2.9898816887419897,-2.944690335032323,-2.8634930781099763,0.008909720669048493,4.0,0.5
5,33,13.0,14.0,702,339,363,-2.9611432811838823,-2.9506555178854215,True,-0.010487763298460795,-2.9503764227211793,-2.941753257973716,-2.9898816887419897,-2.944690335032323,-2.8634930781099763,-0.016452946151559456,2.0,-0.5
5,34,14.0,15.0,703,453,250,-2.927676608990898,-2.9506555178854215,True,0.022978908894523364,-2.9503764227211793,-2.941753257973716,-2.9898816887419897,-2.944690335032323,-2.8634930781099763,0.017013726041424704,4.0,0.5
5,35,15.0,16.0,702,359,343,-2.8880784759381224,-2.9506555178854215,True,0.06257704194729907,-2.9503764227211793,-2.941753257973716,-2.9898816887419897,-2.944690335032323,-2.8634930781099763,0.05661185909420041,4.0,0.5
5,36,16.0,17.0,703,334,369,-2.8722981709541937,-2.9506555178854215,True,0.07835734693122776,-2.9503764227211793,-2.941753257973716,-2.9898816887419897,-2.944690335032323,-2.8634930781099763,0.0723921640781291,4.0,0.5
5,37,17.0,18.0,702,507,195,-2.9598344001828747,-2.9506555178854215,True,-0.009178882297453228,-2.9503764227211793,-2.941753257973716,-2.9898816887419897,-2.944690335032323,-2.8634930781099763,-0.015144065150551889,2.0,-0.5
5,38,18.0,19.0,703,501,202,-2.9825887744416106,-2.9506555178854215,True,-0.03193325655618917,-2.9503764227211793,-2.941753257973716,-2.9898816887419897,-2.944690335032323,-2.8634930781099763,-0.03789843940928739,2.0,-0.5
5,39,19.0,20.0,703,451,252,-2.933934943591842,-2.9506555178854215,True,0.01672057429357965,-2.9503764227211793,-2.941753257973716,-2.9898816887419897,-2.944690335032323,-2.8634930781099763,0.010755391440480988,4.0,0.5
6,0,-20.0,-19.0,703,541,162,-2.996974442665759,-3.02149475681298,True,0.024520314147221,-3.0148319458839867,-3.0028496977089785,-3.107628770807459,-3.01040532525652,-2.9653454348637904,0.013430882590760973,4.0,0.5
6,1,-19.0,-18.0,702,584,118,-3.015415781895598,-3.02149475681298,True,0.006078974917381963,-3.0148319458839867,-3.0028496977089785,-3.107628770807459,-3.01040532525652,-2.9653454348637904,-0.005010456639078065,2.0,-0.5
6,2,-18.0,-17.0,703,597,106,-2.9984415199061645,-3.02149475681298,True,0.02305323690681549,-3.0148319458839867,-3.0028496977089785,-3.107628770807459,-3.01040532525652,-2.9653454348637904,0.011963805350355461,4.0,0.5
6,3,-17.0,-16.0,702,449,253,-2.90957195269303,-3.02149475681298,True,0.11192280411995004,-3.0148319458839867,-3.0028496977089785,-3.107628770807459,-3.01040532525652,-2.9653454348637904,0.10083337256349001,5.0,1.0
6,4,-16.0,-15.0,703,369,334,-3.1086461064399153,-3.02149475681298,True,-0.08715134962693538,-3.0148319458839867,-3.0028496977089785,-3.107628770807459,-3.01040532525652,-2.9653454348637904,-0.09824078118339585,1.0,-1.0
6,5,-15.0,-14.0,702,469,233,-3.1679436343417895,-3.02149475681298,True,-0.14644887752880953,-3.0148319458839867,-3.0028496977089785,-3.107628770807459,-3.01040532525652,-2.9653454348637904,-0.1575383090852691,1.0,-1.0
6,6,-14.0,-13.0,703,490,213,-2.855729290498275,-3.02149475681298,True,0.165765466314705,-3.0148319458839867,-3.0028496977089785,-3.107628770807459,-3.01040532525652,-2.9653454348637904,0.15467603475824498,5.0,1.0
6,7,-13.0,-12.0,702,483,219,-2.9705674141604876,-3.02149475681298,True,0.050927342652492325,-3.0148319458839867,-3.0028496977089785,-3.107628770807459,-3.01040532525652,-2.9653454348637904,0.03983791109603185,4.0,0.5
6,8,-12.0,-11.0,703,282,421,-2.9462619413872626,-3.02149475681298,True,0.07523281542571736,-3.0148319458839867,-3.0028496977089785,-3.107628770807459,-3.01040532525652,-2.9653454348637904,0.06414338386925733,5.0,1.0
6,9,-11.0,-10.0,703,477,226,-2.9496794969736975,-3.02149475681298,True,0.0718152598392825,-3.0148319458839867,-3.0028496977089785,-3.107628770807459,-3.01040532525652,-2.9653454348637904,0.06072582828282291,5.0,1.0
6,10,-10.0,-9.0,702,543,159,-2.8791375724059356,-3.02149475681298,True,0.14235718440704437,-3.0148319458839867,-3.0028496977089785,-3.107628770807459,-3.01040532525652,-2.9653454348637904,0.1312677528505839,5.0,1.0
6,11,-9.0,-8.0,703,494,209,-3.006456388638554,-3.02149475681298,True,0.015038368174426164,-3.0148319458839867,-3.0028496977089785,-3.107628770807459,-3.01040532525652,-2.9653454348637904,0.003948936617966137,3.0,0.0
6,12,-8.0,-7.0,702,332,370,-3.019447893611232,-3.02149475681298,True,0.0020468632017478505,-3.0148319458839867,-3.0028496977089785,-3.107628770807459,-3.01040532525652,-2.9653454348637904,-0.009042568354712177,2.0,-0.5
6,13,-7.0,-6.0,703,629,74,-3.107289658929973,-3.02149475681298,True,-0.08579490211699303,-3.0148319458839867,-3.0028496977089785,-3.107628770807459,-3.01040532525652,-2.9653454348637904,-0.09688433367345306,2.0,-0.5
6,14,-6.0,-5.0,702,334,368,-3.0143542618744865,-3.02149475681298,True,0.007140494938493447,-3.0148319458839867,-3.0028496977089785,-3.107628770807459,-3.01040532525652,-2.9653454348637904,-0.003948936617966581,3.0,0.0
6,15,-5.0,-4.0,703,418,285,-2.9881290498436153,-3.02149475681298,True,0.033365706969364695,-3.0148319458839867,-3.0028496977089785,-3.107628770807459,-3.01040532525652,-2.9653454348637904,0.022276275412904223,4.0,0.5
6,16,-4.0,-3.0,703,543,160,-3.153968261695142,-3.02149475681298,True,-0.13247350488216192,-3.0148319458839867,-3.0028496977089785,-3.107628770807459,-3.01040532525652,-2.9653454348637904,-0.14356293643862195,1.0,-1.0
6,17,-3.0,-2.0,702,450,252,-3.127370372509269,-3.02149475681298,True,-0.10587561569628923,-3.0148319458839867,-3.0028496977089785,-3.107628770807459,-3.01040532525652,-2.9653454348637904,-0.11696504725274925,1.0,-1.0
6,18,-2.0,-1.0,703,357,346,-3.0361035022430722,-3.02149475681298,True,-0.014608745430092274,-3.0148319458839867,-3.0028496977089785,-3.107628770807459,-3.01040532525652,-2.9653454348637904,-0.025698176986551857,2.0,-0.5
6,19,-1.0,0.0,702,484,218,-3.178406593546343,-3.02149475681298,True,-0.15691183673336306,-3.0148319458839867,-3.0028496977089785,-3.107628770807459,-3.01040532525652,-2.9653454348637904,-0.1680012682898231,1.0,-1.0
6,20,0.0,1.0,703,485,218,-3.0475177694815967,-3.02149475681298,True,-0.02602301266861673,-3.0148319458839867,-3.0028496977089785,-3.107628770807459,-3.01040532525652,-2.9653454348637904,-0.03711244422507676,2.0,-0.5
6,21,1.0,2.0,702,545,157,-3.119806051304638,-3.02149475681298,True,-0.09831129449165799,-3.0148319458839867,-3.0028496977089785,-3.107628770807459,-3.01040532525652,-2.9653454348637904,-0.10940072604811801,1.0,-1.0
6,22,2.0,3.0,703,545,158,-3.050350763846681,-3.02149475681298,True,-0.028856007033700948,-3.0148319458839867,-3.0028496977089785,-3.107628770807459,-3.01040532525652,-2.9653454348637904,-0.039945438590160975,2.0,-0.5
6,23,3.0,4.0,702,431,271,-3.146860047784392,-3.02149475681298,True,-0.12536529097141225,-3.0148319458839867,-3.0028496977089785,-3.107628770807459,-3.01040532525652,-2.9653454348637904,-0.13645472252787227,1.0,-1.0
6,24,4.0,5.0,703,529,174,-2.940215391582347,-3.02149475681298,True,0.08127936523063317,-3.0148319458839867,-3.0028496977089785,-3.107628770807459,-3.01040532525652,-2.9653454348637904,0.07018993367417314,5.0,1.0
6,25,5.0,6.0,703,663,40,-2.9848879426409702,-3.02149475681298,True,0.03660681417200973,-3.0148319458839867,-3.0028496977089785,-3.107628770807459,-3.01040532525652,-2.9653454348637904,0.0255173826155497,4.0,0.5
6,26,6.0,7.0,702,513,189,-2.8052636784717793,-3.02149475681298,True,0.2162310783412007,-3.0148319458839867,-3.0028496977089785,-3.107628770807459,-3.01040532525652,-2.9653454348637904,0.20514164678474023,5.0,1.0
6,27,7.0,8.0,703,464,239,-2.7073163476923243,-3.02149475681298,True,0.31417840912065564,-3.0148319458839867,-3.0028496977089785,-3.107628770807459,-3.01040532525652,-2.9653454348637904,0.3030889775641956,5.0,1.0
6,28,8.0,9.0,702,374,328,-3.0942444263377444,-3.02149475681298,True,-0.07274966952476447,-3.0148319458839867,-3.0028496977089785,-3.107628770807459,-3.01040532525652,-2.9653454348637904,-0.0838391010812245,2.0,-0.5
6,29,9.0,10.0,703,549,154,-2.8443140494228953,-3.02149475681298,True,0.17718070739008462,-3.0148319458839867,-3.0028496977089785,-3.107628770807459,-3.01040532525652,-2.9653454348637904,0.16609127583362415,5.0,1.0
6,30,10.0,11.0,702,433,269,-2.932113888509248,-3.02149475681298,True,0.08938086830373182,-3.0148319458839867,-3.0028496977089785,-3.107628770807459,-3.01040532525652,-2.9653454348637904,0.07829143674727179,5.0,1.0
6,31,11.0,12.0,703,482,221,-3.0099575569961217,-3.02149475681298,True,0.011537199816858301,-3.0148319458839867,-3.0028496977089785,-3.107628770807459,-3.01040532525652,-2.9653454348637904,0.00044776826039827355,3.0,0.0
6,32,12.0,13.0,703,565,138,-2.99105948255328,-3.02149475681298,True,0.03043527425970005,-3.0148319458839867,-3.0028496977089785,-3.107628770807459,-3.01040532525652,-2.9653454348637904,0.019345842703240024,4.0,0.5
6,33,13.0,14.0,702,434,268,-3.1376612166684965,-3.02149475681298,True,-0.11616645985551655,-3.0148319458839867,-3.0028496977089785,-3.107628770807459,-3.01040532525652,-2.9653454348637904,-0.12725589141197657,1.0,-1.0
6,34,14.0,15.0,703,497,206,-3.0221734822011443,-3.02149475681298,True,-0.0006787253881643807,-3.0148319458839867,-3.0028496977089785,-3.107628770807459,-3.01040532525652,-2.9653454348637904,-0.011768156944624408,2.0,-0.5
6,35,15.0,16.0,702,405,297,-3.079097721906656,-3.02149475681298,True,-0.05760296509367624,-3.0148319458839867,-3.0028496977089785,-3.107628770807459,-3.01040532525652,-2.9653454348637904,-0.06869239665013627,2.0,-0.5
6,36,16.0,17.0,703,472,231,-2.922488940152372,-3.02149475681298,True,0.09900581666060804,-3.0148319458839867,-3.0028496977089785,-3.107628770807459,-3.01040532525652,-2.9653454348637904,0.08791638510414801,5.0,1.0
6,37,17.0,18.0,702,514,188,-2.9478433411811142,-3.02149475681298,True,0.07365141563186572,-3.0148319458839867,-3.0028496977089785,-3.107628770807459,-3.01040532525652,-2.9653454348637904,0.0625619840754057,5.0,1.0
6,38,18.0,19.0,703,347,356,-2.9798356046099284,-3.02149475681298,True,0.04165915220305161,-3.0148319458839867,-3.0028496977089785,-3.107628770807459,-3.01040532525652,-2.9653454348637904,0.03056972064659158,4.0,0.5
6,39,19.0,20.0,703,490,213,-3.0895066075460296,-3.02149475681298,True,-0.0680118507330496,-3.0148319458839867,-3.0028496977089785,-3.107628770807459,-3.01040532525652,-2.9653454348637904,-0.07910128228950963,2.0,-0.5
7,0,-20.0,-19.0,703,536,167,-2.948941774663596,-2.9063897569891837,True,-0.0425520176744123,-2.937629100089658,-2.9237234751331567,-2.9491506177483693,-2.9306096753038178,-2.8648155658670493,-0.018332099359778198,2.0,-0.5
7,1,-19.0,-18.0,702,626,76,-3.0372619189860437,-2.9063897569891837,True,-0.13087216199686003,-2.937629100089658,-2.9237234751331567,-2.9491506177483693,-2.9306096753038178,-2.8648155658670493,-0.10665224368222637,1.0,-1.0
7,2,-18.0,-17.0,703,433,270,-2.849340502362931,-2.9063897569891837,True,0.057049254626252655,-2.937629100089658,-2.9237234751331567,-2.9491506177483693,-2.9306096753038178,-2.8648155658670493,0.08126917294088676,5.0,1.0
7,3,-17.0,-16.0,703,472,231,-2.8699739203684222,-2.9063897569891837,True,0.03641583662076142,-2.937629100089658,-2.9237234751331567,-2.9491506177483693,-2.9306096753038178,-2.8648155658670493,0.060635754935395525,4.0,0.5
7,4,-16.0,-15.0,702,628,74,-3.0090807060799403,-2.9063897569891837,True,-0.1026909490907566,-2.937629100089658,-2.9237234751331567,-2.9491506177483693,-2.9306096753038178,-2.8648155658670493,-0.0784710307761225,1.0,-1.0
7,5,-15.0,-14.0,703,605,98,-2.9497771470026883,-2.9063897569891837,True,-0.04338739001350467,-2.937629100089658,-2.9237234751331567,-2.9491506177483693,-2.9306096753038178,-2.8648155658670493,-0.019167471698870564,1.0,-1.0
7,6,-14.0,-13.0,702,449,253,-2.936782771166419,-2.9063897569891837,True,-0.0303930141772355,-2.937629100089658,-2.9237234751331567,-2.9491506177483693,-2.9306096753038178,-2.8648155658670493,-0.0061730958626013965,3.0,0.0
7,7,-13.0,-12.0,703,376,327,-2.9228519032010833,-2.9063897569891837,True,-0.016462146211899675,-2.937629100089658,-2.9237234751331567,-2.9491506177483693,-2.9306096753038178,-2.8648155658670493,0.007757772102733984,4.0,0.5
7,8,-12.0,-11.0,702,606,96,-2.957601554821438,-2.9063897569891837,True,-0.05121179783225438,-2.937629100089658,-2.9237234751331567,-2.9491506177483693,-2.9306096753038178,-2.8648155658670493,-0.026991879517620276,1.0,-1.0
7,9,-11.0,-10.0,703,393,310,-2.7052316589185086,-2.9063897569891837,True,0.20115809807067508,-2.937629100089658,-2.9237234751331567,-2.9491506177483693,-2.9306096753038178,-2.8648155658670493,0.2253780163853092,5.0,1.0
7,10,-10.0,-9.0,703,537,166,-2.769858895050468,-2.9063897569891837,True,0.13653086193871555,-2.937629100089658,-2.9237234751331567,-2.9491506177483693,-2.9306096753038178,-2.8648155658670493,0.16075078025334966,5.0,1.0
7,11,-9.0,-8.0,702,534,168,-2.912879871264595,-2.9063897569891837,True,-0.006490114275411241,-2.937629100089658,-2.9237234751331567,-2.9491506177483693,-2.9306096753038178,-2.8648155658670493,0.017729804039222863,4.0,0.5
7,12,-8.0,-7.0,703,583,120,-2.840756263772663,-2.9063897569891837,True,0.06563349321652057,-2.937629100089658,-2.9237234751331567,-2.9491506177483693,-2.9306096753038178,-2.8648155658670493,0.08985341153115467,5.0,1.0
7,13,-7.0,-6.0,702,508,194,-2.8926954816090715,-2.9063897569891837,True,0.013694275380112142,-2.937629100089658,-2.9237234751331567,-2.9491506177483693,-2.9306096753038178,-2.8648155658670493,0.037914193694746245,4.0,0.5
7,14,-6.0,-5.0,703,466,237,-2.828803979763043,-2.9063897569891837,True,0.0775857772261408,-2.937629100089658,-2.9237234751331567,-2.9491506177483693,-2.9306096753038178,-2.8648155658670493,0.1018056955407749,5.0,1.0
7,15,-5.0,-4.0,702,498,204,-2.950678715181488,-2.9063897569891837,True,-0.044288958192304495,-2.937629100089658,-2.9237234751331567,-2.9491506177483693,-2.9306096753038178,-2.8648155658670493,-0.02006903987767039,1.0,-1.0
7,16,-4.0,-3.0,703,489,214,-2.9386635021069503,-2.9063897569891837,True,-0.032273745117766595,-2.937629100089658,-2.9237234751331567,-2.9491506177483693,-2.9306096753038178,-2.8648155658670493,-0.008053826803132491,2.0,-0.5
7,17,-3.0,-2.0,703,514,189,-2.9244365794412164,-2.9063897569891837,True,-0.018046822452032707,-2.937629100089658,-2.9237234751331567,-2.9491506177483693,-2.9306096753038178,-2.8648155658670493,0.0061730958626013965,3.0,0.0
7,18,-2.0,-1.0,702,394,308,-2.941398617381765,-2.9063897569891837,True,-0.03500886039258111,-2.937629100089658,-2.9237234751331567,-2.9491506177483693,-2.9306096753038178,-2.8648155658670493,-0.010788942077947006,2.0,-0.5
7,19,-1.0,0.0,703,578,125,-2.940779376641351,-2.9063897569891837,True,-0.03438961965216736,-2.937629100089658,-2.9237234751331567,-2.9491506177483693,-2.9306096753038178,-2.8648155658670493,-0.010169701337533255,2.0,-0.5
7,20,0.0,1.0,702,547,155,-2.853180650388166,-2.9063897569891837,True,0.05320910660101763,-2.937629100089658,-2.9237234751331567,-2.9491506177483693,-2.9306096753038178,-2.8648155658670493,0.07742902491565173,5.0,1.0
7,21,1.0,2.0,703,368,335,-2.7819968494378493,-2.9063897569891837,True,0.12439290755133436,-2.937629100089658,-2.9237234751331567,-2.9491506177483693,-2.9306096753038178,-2.8648155658670493,0.14861282586596847,5.0,1.0
7,22,2.0,3.0,702,490,212,-2.936135177503247,-2.9063897569891837,True,-0.02974542051406326,-2.937629100089658,-2.9237234751331567,-2.9491506177483693,-2.9306096753038178,-2.8648155658670493,-0.005525502199429155,3.0,0.0
7,23,3.0,4.0,703,446,257,-2.971312489323764,-2.9063897569891837,True,-0.06492273233458024,-2.937629100089658,-2.9237234751331567,-2.9491506177483693,-2.9306096753038178,-2.8648155658670493,-0.04070281401994613,1.0,-1.0
7,24,4.0,5.0,702,527,175,-2.9833638093573764,-2.9063897569891837,True,-0.07697405236819277,-2.937629100089658,-2.9237234751331567,-2.9491506177483693,-2.9306096753038178,-2.8648155658670493,-0.052754134053558666,1.0,-1.0
7,25,5.0,6.0,703,447,256,-2.898990505295709,-2.9063897569891837,True,0.007399251693474884,-2.937629100089658,-2.9237234751331567,-2.9491506177483693,-2.9306096753038178,-2.8648155658670493,0.03161917000810899,4.0,0.5
7,26,6.0,7.0,703,439,264,-2.8601570379564696,-2.9063897569891837,True,0.04623271903271409,-2.937629100089658,-2.9237234751331567,-2.9491506177483693,-2.9306096753038178,-2.8648155658670493,0.07045263734734819,5.0,1.0
7,27,7.0,8.0,702,401,301,-2.7046386514223526,-2.9063897569891837,True,0.20175110556683107,-2.937629100089658,-2.9237234751331567,-2.9491506177483693,-2.9306096753038178,-2.8648155658670493,0.22597102388146517,5.0,1.0
7,28,8.0,9.0,703,335,368,-3.184443966912334,-2.9063897569891837,True,-0.27805420992315044,-2.937629100089658,-2.9237234751331567,-2.9491506177483693,-2.9306096753038178,-2.8648155658670493,-0.25383429160851634,1.0,-1.0
7,29,9.0,10.0,702,405,297,-2.8150384771131702,-2.9063897569891837,True,0.09135127987601344,-2.937629100089658,-2.9237234751331567,-2.9491506177483693,-2.9306096753038178,-2.8648155658670493,0.11557119819064754,5.0,1.0
7,30,10.0,11.0,703,662,41,-2.9826376676181465,-2.9063897569891837,True,-0.07624791062896286,-2.937629100089658,-2.9237234751331567,-2.9491506177483693,-2.9306096753038178,-2.8648155658670493,-0.05202799231432875,1.0,-1.0
7,31,11.0,12.0,702,544,158,-2.940499405892405,-2.9063897569891837,True,-0.034109648903221323,-2.937629100089658,-2.9237234751331567,-2.9491506177483693,-2.9306096753038178,-2.8648155658670493,-0.00988973058858722,2.0,-0.5
7,32,12.0,13.0,703,574,129,-2.7871912804648074,-2.9063897569891837,True,0.11919847652437632,-2.937629100089658,-2.9237234751331567,-2.9491506177483693,-2.9306096753038178,-2.8648155658670493,0.14341839483900998,5.0,1.0
7,33,13.0,14.0,703,274,429,-3.090334263108229,-2.9063897569891837,True,-0.18394450611904523,-2.937629100089658,-2.9237234751331567,-2.9491506177483693,-2.9306096753038178,-2.8648155658670493,-0.15972458780441112,1.0,-1.0
7,34,14.0,15.0,702,297,405,-2.6538603151995988,-2.9063897569891837,True,0.2525294417895849,-2.937629100089658,-2.9237234751331567,-2.9491506177483693,-2.9306096753038178,-2.8648155658670493,0.276749360104219,5.0,1.0
7,35,15.0,16.0,703,493,210,-2.951224739667893,-2.9063897569891837,True,-0.044834982678709334,-2.937629100089658,-2.9237234751331567,-2.9491506177483693,-2.9306096753038178,-2.8648155658670493,-0.02061506436407523,1.0,-1.0
7,36,16.0,17.0,702,627,75,-2.947844418837232,-2.9063897569891837,True,-0.041454661848048246,-2.937629100089658,-2.9237234751331567,-2.9491506177483693,-2.9306096753038178,-2.8648155658670493,-0.017234743533414143,2.0,-0.5
7,37,17.0,18.0,703,336,367,-2.797387650691511,-2.9063897569891837,True,0.10900210629767271,-2.937629100089658,-2.9237234751331567,-2.9491506177483693,-2.9306096753038178,-2.8648155658670493,0.1332220246123068,5.0,1.0
7,38,18.0,19.0,702,539,163,-2.956684020781718,-2.9063897569891837,True,-0.050294263792534544,-2.937629100089658,-2.9237234751331567,-2.9491506177483693,-2.9306096753038178,-2.8648155658670493,-0.02607434547790044,1.0,-1.0
7,39,19.0,20.0,703,461,242,-2.957255960582571,-2.9063897569891837,True,-0.050866203593387116,-2.937629100089658,-2.9237234751331567,-2.9491506177483693,-2.9306096753038178,-2.8648155658670493,-0.026646285278753012,1.0,-1.0
8,0,-20.0,-19.0,702,380,322,-3.026573536440511,-2.9756178466980936,True,-0.05095568974241749,-2.983863887070953,-2.971139182928643,-3.024310703910934,-2.9768149074778885,-2.9283970468358236,-0.04975862896262262,1.0,-1.0
8,1,-19.0,-18.0,703,481,222,-3.0649593764318435,-2.9756178466980936,True,-0.08934152973374987,-2.983863887070953,-2.971139182928643,-3.024310703910934,-2.9768149074778885,-2.9283970468358236,-0.088144468953955,1.0,-1.0
8,2,-18.0,-17.0,702,391,311,-2.8520559556700746,-2.9756178466980936,True,0.12356189102801896,-2.983863887070953,-2.971139182928643,-3.024310703910934,-2.9768149074778885,-2.9283970468358236,0.12475895180781427,5.0,1.0
8,3,-17.0,-16.0,703,434,269,-2.976162001611784,-2.9756178466980936,True,-0.00054415491369042,-2.983863887070953,-2.971139182928643,-3.024310703910934,-2.9768149074778885,-2.9283970468358236,0.0006529058661044473,3.0,0.0
8,4,-16.0,-15.0,703,418,285,-2.9916813105150153,-2.9756178466980936,True,-0.016063463816921697,-2.983863887070953,-2.971139182928643,-3.024310703910934,-2.9768149074778885,-2.9283970468358236,-0.014866403037127274,2.0,-0.5
8,5,-15.0,-14.0,702,345,357,-2.851064944131887,-2.9756178466980936,True,0.12455290256620666,-2.983863887070953,-2.971139182928643,-3.024310703910934,-2.9768149074778885,-2.9283970468358236,0.12574996334600153,5.0,1.0
8,6,-14.0,-13.0,703,496,207,-2.9438843417051044,-2.9756178466980936,True,0.031733504992989214,-2.983863887070953,-2.971139182928643,-3.024310703910934,-2.9768149074778885,-2.9283970468358236,0.03293056577278408,4.0,0.5
8,7,-13.0,-12.0,702,400,302,-2.9774678133439925,-2.9756178466980936,True,-0.0018499666458988706,-2.983863887070953,-2.971139182928643,-3.024310703910934,-2.9768149074778885,-2.9283970468358236,-0.0006529058661040033,3.0,0.0
8,8,-12.0,-11.0,703,534,169,-2.9198088180915507,-2.9756178466980936,True,0.05580902860654291,-2.983863887070953,-2.971139182928643,-3.024310703910934,-2.9768149074778885,-2.9283970468358236,0.05700608938633778,5.0,1.0
8,9,-11.0,-10.0,702,527,175,-3.0097299632093706,-2.9756178466980936,True,-0.03411211651127699,-2.983863887070953,-2.971139182928643,-3.024310703910934,-2.9768149074778885,-2.9283970468358236,-0.032915055731482123,2.0,-0.5
8,10,-10.0,-9.0,703,494,209,-2.9536294948305706,-2.9756178466980936,True,0.021988351867523015,-2.983863887070953,-2.971139182928643,-3.024310703910934,-2.9768149074778885,-2.9283970468358236,0.023185412647317882,4.0,0.5
8,11,-9.0,-8.0,702,479,223,-2.9219176971517555,-2.9756178466980936,True,0.05370014954633806,-2.983863887070953,-2.971139182928643,-3.024310703910934,-2.9768149074778885,-2.9283970468358236,0.05489721032613293,5.0,1.0
8,12,-8.0,-7.0,703,550,153,-2.9650001823159147,-2.9756178466980936,True,0.010617664382178926,-2.983863887070953,-2.971139182928643,-3.024310703910934,-2.9768149074778885,-2.9283970468358236,0.011814725161973794,4.0,0.5
8,13,-7.0,-6.0,703,234,469,-3.1253414944446383,-2.9756178466980936,True,-0.14972364774654467,-2.983863887070953,-2.971139182928643,-3.024310703910934,-2.9768149074778885,-2.9283970468358236,-0.1485265869667498,1.0,-1.0
8,14,-6.0,-5.0,702,291,411,-3.0142437209466046,-2.9756178466980936,True,-0.03862587424851105,-2.983863887070953,-2.971139182928643,-3.024310703910934,-2.9768149074778885,-2.9283970468358236,-0.03742881346871618,2.0,-0.5
8,15,-5.0,-4.0,703,492,211,-3.050734947818259,-2.9756178466980936,True,-0.07511710112016523,-2.983863887070953,-2.971139182928643,-3.024310703910934,-2.9768149074778885,-2.9283970468358236,-0.07392004034037036,1.0,-1.0
8,16,-4.0,-3.0,702,645,57,-2.9305568300638463,-2.9756178466980936,True,0.04506101663424733,-2.983863887070953,-2.971139182928643,-3.024310703910934,-2.9768149074778885,-2.9283970468358236,0.0462580774140422,4.0,0.5
8,17,-3.0,-2.0,703,392,311,-3.0625051346642147,-2.9756178466980936,True,-0.08688728796612111,-2.983863887070953,-2.971139182928643,-3.024310703910934,-2.9768149074778885,-2.9283970468358236,-0.08569022718632624,1.0,-1.0
8,18,-2.0,-1.0,702,425,277,-2.8514829441738585,-2.9756178466980936,True,0.12413490252423509,-2.983863887070953,-2.971139182928643,-3.024310703910934,-2.9768149074778885,-2.9283970468358236,0.12533196330402996,5.0,1.0
8,19,-1.0,0.0,703,532,171,-3.023556426401075,-2.9756178466980936,True,-0.04793857970298143,-2.983863887070953,-2.971139182928643,-3.024310703910934,-2.9768149074778885,-2.9283970468358236,-0.046741518923186565,2.0,-0.5
8,20,0.0,1.0,703,318,385,-2.9545648536903184,-2.9756178466980936,True,0.02105299300777519,-2.983863887070953,-2.971139182928643,-3.024310703910934,-2.9768149074778885,-2.9283970468358236,0.022250053787570057,4.0,0.5
8,21,1.0,2.0,702,531,171,-2.994732034560291,-2.9756178466980936,True,-0.01911418786219743,-2.983863887070953,-2.971139182928643,-3.024310703910934,-2.9768149074778885,-2.9283970468358236,-0.017917127082402562,2.0,-0.5
8,22,2.0,3.0,703,500,203,-2.892301625219897,-2.9756178466980936,True,0.08331622147819662,-2.983863887070953,-2.971139182928643,-3.024310703910934,-2.9768149074778885,-2.9283970468358236,0.08451328225799148,5.0,1.0
8,23,3.0,4.0,702,460,242,-2.908946658547361,-2.9756178466980936,True,0.0666711881507327,-2.983863887070953,-2.971139182928643,-3.024310703910934,-2.9768149074778885,-2.9283970468358236,0.06786824893052756,5.0,1.0
8,24,4.0,5.0,703,506,197,-2.95815344347899,-2.9756178466980936,True,0.017464403219103808,-2.983863887070953,-2.971139182928643,-3.024310703910934,-2.9768149074778885,-2.9283970468358236,0.018661463998898675,4.0,0.5
8,25,5.0,6.0,702,423,279,-2.9616731723851135,-2.9756178466980936,True,0.013944674312980077,-2.983863887070953,-2.971139182928643,-3.024310703910934,-2.9768149074778885,-2.9283970468358236,0.015141735092775388,4.0,0.5
8,26,6.0,7.0,703,591,112,-2.870810343057326,-2.9756178466980936,True,0.10480750364076741,-2.983863887070953,-2.971139182928643,-3.024310703910934,-2.9768149074778885,-2.9283970468358236,0.10600456442056228,5.0,1.0
8,27,7.0,8.0,703,400,303,-2.850218955450066,-2.9756178466980936,True,0.1253988912480275,-2.983863887070953,-2.971139182928643,-3.024310703910934,-2.9768149074778885,-2.9283970468358236,0.12659595202782237,5.0,1.0
8,28,8.0,9.0,702,553,149,-2.8989078185860735,-2.9756178466980936,True,0.0767100281120201,-2.983863887070953,-2.971139182928643,-3.024310703910934,-2.9768149074778885,-2.9283970468358236,0.07790708889181541,5.0,1.0
8,29,9.0,10.0,703,593,110,-3.188604287734056,-2.9756178466980936,True,-0.21298644103596232,-2.983863887070953,-2.971139182928643,-3.024310703910934,-2.9768149074778885,-2.9283970468358236,-0.21178938025616745,1.0,-1.0
8,30,10.0,11.0,702,585,117,-3.0684203804957515,-2.9756178466980936,True,-0.0928025337976579,-2.983863887070953,-2.971139182928643,-3.024310703910934,-2.9768149074778885,-2.9283970468358236,-0.09160547301786304,1.0,-1.0
8,31,11.0,12.0,703,473,230,-2.9430489110438662,-2.9756178466980936,True,0.03256893565422736,-2.983863887070953,-2.971139182928643,-3.024310703910934,-2.9768149074778885,-2.9283970468358236,0.03376599643402223,4.0,0.5
8,32,12.0,13.0,702,413,289,-2.7554285884047105,-2.9756178466980936,True,0.2201892582933831,-2.983863887070953,-2.971139182928643,-3.024310703910934,-2.9768149074778885,-2.9283970468358236,0.22138631907317796,5.0,1.0
8,33,13.0,14.0,703,582,121,-2.5211683166735486,-2.9756178466980936,True,0.454449530024545,-2.983863887070953,-2.971139182928643,-3.024310703910934,-2.9768149074778885,-2.9283970468358236,0.45564659080433945,5.0,1.0
8,34,14.0,15.0,702,702,0,-2.5277702672378113,-2.9756178466980936,True,0.4478475794602823,-2.983863887070953,-2.971139182928643,-3.024310703910934,-2.9768149074778885,-2.9283970468358236,0.44904464024007673,5.0,1.0
8,35,15.0,16.0,703,675,28,-2.813279219867597,-2.9756178466980936,True,0.1623386268304965,-2.983863887070953,-2.971139182928643,-3.024310703910934,-2.9768149074778885,-2.9283970468358236,0.16353568761029136,5.0,1.0
8,36,16.0,17.0,703,602,101,-2.9800239115262066,-2.9756178466980936,True,-0.00440606482811301,-2.983863887070953,-2.971139182928643,-3.024310703910934,-2.9768149074778885,-2.9283970468358236,-0.0032090040483181426,3.0,0.0
8,37,17.0,18.0,702,456,246,-3.0618248435078286,-2.9756178466980936,True,-0.08620699680973498,-2.983863887070953,-2.971139182928643,-3.024310703910934,-2.9768149074778885,-2.9283970468358236,-0.08500993602994056,1.0,-1.0
8,38,18.0,19.0,703,583,120,-2.9984116998138224,-2.9756178466980936,True,-0.02279385311572879,-2.983863887070953,-2.971139182928643,-3.024310703910934,-2.9768149074778885,-2.9283970468358236,-0.021596792335933923,2.0,-0.5
8,39,19.0,20.0,702,594,108,-2.8985901620789987,-2.9756178466980936,True,0.07702768461909493,-2.983863887070953,-2.971139182928643,-3.024310703910934,-2.9768149074778885,-2.9283970468358236,0.0782247453988898,5.0,1.0
9,0,-20.0,-19.0,702,645,57,-2.941280002362582,-2.957563195917729,True,0.01628319355514707,-2.9744154022225957,-2.953504138504955,-3.014146807082727,-2.963536092677068,-2.8810374499600027,0.022256090314486165,4.0,0.5
9,1,-19.0,-18.0,703,588,115,-2.836971207366442,-2.957563195917729,True,0.12059198855128717,-2.9744154022225957,-2.953504138504955,-3.014146807082727,-2.963536092677068,-2.8810374499600027,0.12656488531062626,5.0,1.0
9,2,-18.0,-17.0,702,430,272,-2.80707009422646,-2.957563195917729,True,0.15049310169126917,-2.9744154022225957,-2.953504138504955,-3.014146807082727,-2.963536092677068,-2.8810374499600027,0.15646599845060827,5.0,1.0
9,3,-17.0,-16.0,703,153,550,-3.2008122921913844,-2.957563195917729,True,-0.24324909627365532,-2.9744154022225957,-2.953504138504955,-3.014146807082727,-2.963536092677068,-2.8810374499600027,-0.23727619951431622,1.0,-1.0
9,4,-16.0,-15.0,702,444,258,-3.0047668573496704,-2.957563195917729,True,-0.047203661431941324,-2.9744154022225957,-2.953504138504955,-3.014146807082727,-2.963536092677068,-2.8810374499600027,-0.04123076467260223,2.0,-0.5
9,5,-15.0,-14.0,703,516,187,-3.10949403811376,-2.957563195917729,True,-0.1519308421960308,-2.9744154022225957,-2.953504138504955,-3.014146807082727,-2.963536092677068,-2.8810374499600027,-0.14595794543669172,1.0,-1.0
9,6,-14.0,-13.0,702,579,123,-3.0407186331682277,-2.957563195917729,True,-0.08315543725049857,-2.9744154022225957,-2.953504138504955,-3.014146807082727,-2.963536092677068,-2.8810374499600027,-0.07718254049115991,1.0,-1.0
9,7,-13.0,-12.0,703,519,184,-3.076525801042847,-2.957563195917729,True,-0.1189626051251178,-2.9744154022225957,-2.953504138504955,-3.014146807082727,-2.963536092677068,-2.8810374499600027,-0.11298970836577871,1.0,-1.0
9,8,-12.0,-11.0,703,602,101,-2.9876751949324745,-2.957563195917729,True,-0.030111999014745372,-2.9744154022225957,-2.953504138504955,-3.014146807082727,-2.963536092677068,-2.8810374499600027,-0.024139102255406275,2.0,-0.5
9,9,-11.0,-10.0,702,480,222,-3.0139130951409188,-2.957563195917729,True,-0.05634989922318967,-2.9744154022225957,-2.953504138504955,-3.014146807082727,-2.963536092677068,-2.8810374499600027,-0.05037700246385057,2.0,-0.5
9,10,-10.0,-9.0,703,663,40,-2.8808532217252294,-2.957563195917729,True,0.0767099741924997,-2.9744154022225957,-2.953504138504955,-3.014146807082727,-2.963536092677068,-2.8810374499600027,0.0826828709518388,5.0,1.0
9,11,-9.0,-8.0,702,477,225,-2.9635057044396236,-2.957563195917729,True,-0.005942508521894485,-2.9744154022225957,-2.953504138504955,-3.014146807082727,-2.963536092677068,-2.8810374499600027,3.0388237444167743e-05,3.0,0.0
9,12,-8.0,-7.0,703,346,357,-3.014847942908151,-2.957563195917729,True,-0.057284746990422075,-2.9744154022225957,-2.953504138504955,-3.014146807082727,-2.963536092677068,-2.8810374499600027,-0.05131185023108298,1.0,-1.0
9,13,-7.0,-6.0,702,580,122,-2.836348487915755,-2.957563195917729,True,0.12121470800197409,-2.9744154022225957,-2.953504138504955,-3.014146807082727,-2.963536092677068,-2.8810374499600027,0.1271876047613132,5.0,1.0
9,14,-6.0,-5.0,703,650,53,-2.784288767421752,-2.957563195917729,True,0.17327442849597707,-2.9744154022225957,-2.953504138504955,-3.014146807082727,-2.963536092677068,-2.8810374499600027,0.17924732525531617,5.0,1.0
9,15,-5.0,-4.0,703,655,48,-2.881098859371594,-2.957563195917729,True,0.07646433654613505,-2.9744154022225957,-2.953504138504955,-3.014146807082727,-2.963536092677068,-2.8810374499600027,0.08243723330547414,4.0,0.5
9,16,-4.0,-3.0,702,328,374,-2.9896042377800627,-2.957563195917729,True,-0.032041041862333586,-2.9744154022225957,-2.953504138504955,-3.014146807082727,-2.963536092677068,-2.8810374499600027,-0.02606814510299449,2.0,-0.5
9,17,-3.0,-2.0,703,546,157,-2.893281381856097,-2.957563195917729,True,0.06428181406163214,-2.9744154022225957,-2.953504138504955,-3.014146807082727,-2.963536092677068,-2.8810374499600027,0.07025471082097123,4.0,0.5
9,18,-2.0,-1.0,702,600,102,-2.9635664809145132,-2.957563195917729,True,-0.006003284996784153,-2.9744154022225957,-2.953504138504955,-3.014146807082727,-2.963536092677068,-2.8810374499600027,-3.0388237444611832e-05,3.0,0.0
9,19,-1.0,0.0,703,454,249,-2.9246416181270356,-2.957563195917729,True,0.03292157779069349,-2.9744154022225957,-2.953504138504955,-3.014146807082727,-2.963536092677068,-2.8810374499600027,0.03889447455003214,4.0,0.5
9,20,0.0,1.0,702,685,17,-2.969117075902205,-2.957563195917729,True,-0.011553879984476101,-2.9744154022225957,-2.953504138504955,-3.014146807082727,-2.963536092677068,-2.8810374499600027,-0.005580983225137004,3.0,0.0
9,21,1.0,2.0,703,556,147,-3.0302847518822507,-2.957563195917729,True,-0.07272155596452157,-2.9744154022225957,-2.953504138504955,-3.014146807082727,-2.963536092677068,-2.8810374499600027,-0.06674865920518247,1.0,-1.0
9,22,2.0,3.0,703,425,278,-2.905671347593215,-2.957563195917729,True,0.0518918483245141,-2.9744154022225957,-2.953504138504955,-3.014146807082727,-2.963536092677068,-2.8810374499600027,0.0578647450838532,4.0,0.5
9,23,3.0,4.0,702,582,120,-2.979740288359093,-2.957563195917729,True,-0.02217709244136401,-2.9744154022225957,-2.953504138504955,-3.014146807082727,-2.963536092677068,-2.8810374499600027,-0.016204195682024913,2.0,-0.5
9,24,4.0,5.0,703,617,86,-2.979077543100057,-2.957563195917729,True,-0.02151434718232803,-2.9744154022225957,-2.953504138504955,-3.014146807082727,-2.963536092677068,-2.8810374499600027,-0.015541450422988934,2.0,-0.5
9,25,5.0,6.0,702,674,28,-3.0059835580344942,-2.957563195917729,True,-0.04842036211676515,-2.9744154022225957,-2.953504138504955,-3.014146807082727,-2.963536092677068,-2.8810374499600027,-0.04244746535742605,2.0,-0.5
9,26,6.0,7.0,703,574,129,-2.9937874432818354,-2.957563195917729,True,-0.03622424736410634,-2.9744154022225957,-2.953504138504955,-3.014146807082727,-2.963536092677068,-2.8810374499600027,-0.030251350604767246,2.0,-0.5
9,27,7.0,8.0,702,541,161,-2.970833993142115,-2.957563195917729,True,-0.013270797224385955,-2.9744154022225957,-2.953504138504955,-3.014146807082727,-2.963536092677068,-2.8810374499600027,-0.007297900465046858,3.0,0.0
9,28,8.0,9.0,703,611,92,-2.8711357350843296,-2.957563195917729,True,0.08642746083339947,-2.9744154022225957,-2.953504138504955,-3.014146807082727,-2.963536092677068,-2.8810374499600027,0.09240035759273857,5.0,1.0
9,29,9.0,10.0,702,567,135,-3.0410026546272206,-2.957563195917729,True,-0.08343945870949154,-2.9744154022225957,-2.953504138504955,-3.014146807082727,-2.963536092677068,-2.8810374499600027,-0.07746656195015245,1.0,-1.0
9,30,10.0,11.0,703,566,137,-2.8567044421051127,-2.957563195917729,True,0.10085875381261644,-2.9744154022225957,-2.953504138504955,-3.014146807082727,-2.963536092677068,-2.8810374499600027,0.10683165057195554,5.0,1.0
9,31,11.0,12.0,703,530,173,-2.996568242574698,-2.957563195917729,True,-0.03900504665696891,-2.9744154022225957,-2.953504138504955,-3.014146807082727,-2.963536092677068,-2.8810374499600027,-0.033032149897629814,2.0,-0.5
9,32,12.0,13.0,702,632,70,-2.9469110028079553,-2.957563195917729,True,0.010652193109773833,-2.9744154022225957,-2.953504138504955,-3.014146807082727,-2.963536092677068,-2.8810374499600027,0.016625089869112486,4.0,0.5
9,33,13.0,14.0,703,623,80,-3.057555118823791,-2.957563195917729,True,-0.09999192290606196,-2.9744154022225957,-2.953504138504955,-3.014146807082727,-2.963536092677068,-2.8810374499600027,-0.09401902614672286,1.0,-1.0
9,34,14.0,15.0,702,612,90,-2.9706579722846973,-2.957563195917729,True,-0.013094776366968208,-2.9744154022225957,-2.953504138504955,-3.014146807082727,-2.963536092677068,-2.8810374499600027,-0.007121879607629111,3.0,0.0
9,35,15.0,16.0,703,578,125,-2.976361027308369,-2.957563195917729,True,-0.018797831390640063,-2.9744154022225957,-2.953504138504955,-3.014146807082727,-2.963536092677068,-2.8810374499600027,-0.012824934631300966,2.0,-0.5
9,36,16.0,17.0,702,495,207,-2.9926721305365462,-2.957563195917729,True,-0.035108934618817145,-2.9744154022225957,-2.953504138504955,-3.014146807082727,-2.963536092677068,-2.8810374499600027,-0.029136037859478048,2.0,-0.5
9,37,17.0,18.0,703,567,136,-2.992968012538009,-2.957563195917729,True,-0.035404816620280055,-2.9744154022225957,-2.953504138504955,-3.014146807082727,-2.963536092677068,-2.8810374499600027,-0.029431919860940958,2.0,-0.5
9,38,18.0,19.0,703,523,180,-2.9322100955130335,-2.957563195917729,True,0.025353100404695628,-2.9744154022225957,-2.953504138504955,-3.014146807082727,-2.963536092677068,-2.8810374499600027,0.03132599716403517,4.0,0.5
9,39,19.0,20.0,702,493,209,-2.889871730955484,-2.957563195917729,True,0.0676914649622451,-2.9744154022225957,-2.953504138504955,-3.014146807082727,-2.963536092677068,-2.8810374499600027,0.07366436172158419,4.0,0.5
10,0,-20.0,-19.0,703,419,284,-3.0560697799366037,-3.021644753595359,True,-0.03442502634124489,-3.034843234938512,-3.0072848151618774,-3.056193434029001,-3.020533200831905,-2.9854108109001123,-0.03553657910469932,2.0,-0.5
10,1,-19.0,-18.0,702,486,216,-3.0470237584442676,-3.021644753595359,True,-0.02537900484890887,-3.034843234938512,-3.0072848151618774,-3.056193434029001,-3.020533200831905,-2.9854108109001123,-0.026490557612363297,2.0,-0.5
10,2,-18.0,-17.0,703,562,141,-3.0951459091856828,-3.021644753595359,True,-0.073501155590324,-3.034843234938512,-3.0072848151618774,-3.056193434029001,-3.020533200831905,-2.9854108109001123,-0.07461270835377798,1.0,-1.0
10,3,-17.0,-16.0,702,549,153,-3.0628567727849543,-3.021644753595359,True,-0.041212019189595495,-3.034843234938512,-3.0072848151618774,-3.056193434029001,-3.020533200831905,-2.9854108109001123,-0.04232357195304948,1.0,-1.0
10,4,-16.0,-15.0,703,464,239,-2.96713147793768,-3.021644753595359,True,0.05451327565767894,-3.034843234938512,-3.0072848151618774,-3.056193434029001,-3.020533200831905,-2.9854108109001123,0.05340172289422496,5.0,1.0
10,5,-15.0,-14.0,702,403,299,-3.0079985658344954,-3.021644753595359,True,0.013646187760863349,-3.034843234938512,-3.0072848151618774,-3.056193434029001,-3.020533200831905,-2.9854108109001123,0.012534634997409366,3.0,0.0
10,6,-14.0,-13.0,703,628,75,-2.9183904157920266,-3.021644753595359,True,0.10325433780333215,-3.034843234938512,-3.0072848151618774,-3.056193434029001,-3.020533200831905,-2.9854108109001123,0.10214278503987861,5.0,1.0
10,7,-13.0,-12.0,703,568,135,-2.9942681069050643,-3.021644753595359,True,0.027376646690294493,-3.034843234938512,-3.0072848151618774,-3.056193434029001,-3.020533200831905,-2.9854108109001123,0.02626509392684051,4.0,0.5
10,8,-12.0,-11.0,702,375,327,-2.978188677038535,-3.021644753595359,True,0.04345607655682393,-3.034843234938512,-3.0072848151618774,-3.056193434029001,-3.020533200831905,-2.9854108109001123,0.04234452379336995,5.0,1.0
10,9,-11.0,-10.0,703,598,105,-2.9815680997056133,-3.021644753595359,True,0.04007665388974546,-3.034843234938512,-3.0072848151618774,-3.056193434029001,-3.020533200831905,-2.9854108109001123,0.03896510112629148,5.0,1.0
10,10,-10.0,-9.0,702,620,82,-3.055967190590826,-3.021644753595359,True,-0.03432243699546733,-3.034843234938512,-3.0072848151618774,-3.056193434029001,-3.020533200831905,-2.9854108109001123,-0.035433989758921314,2.0,-0.5
10,11,-9.0,-8.0,703,541,162,-2.9866917146316116,-3.021644753595359,True,0.03495303896374713,-3.034843234938512,-3.0072848151618774,-3.056193434029001,-3.020533200831905,-2.9854108109001123,0.0338414862002927,4.0,0.5
10,12,-8.0,-7.0,702,555,147,-3.0565643963061913,-3.021644753595359,True,-0.03491964271083248,-3.034843234938512,-3.0072848151618774,-3.056193434029001,-3.020533200831905,-2.9854108109001123,-0.0360311954742869,1.0,-1.0
10,13,-7.0,-6.0,703,444,259,-2.9426346288589325,-3.021644753595359,True,0.07901012473642632,-3.034843234938512,-3.0072848151618774,-3.056193434029001,-3.020533200831905,-2.9854108109001123,0.07789857197297234,5.0,1.0
10,14,-6.0,-5.0,702,574,128,-3.0064124532286773,-3.021644753595359,True,0.01523230036668144,-3.034843234938512,-3.0072848151618774,-3.056193434029001,-3.020533200831905,-2.9854108109001123,0.014120747603227457,4.0,0.5
10,15,-5.0,-4.0,703,590,113,-3.0370131671830873,-3.021644753595359,True,-0.015368413587728558,-3.034843234938512,-3.0072848151618774,-3.056193434029001,-3.020533200831905,-2.9854108109001123,-0.016479966351182984,2.0,-0.5
10,16,-4.0,-3.0,703,474,229,-3.131466676411175,-3.021644753595359,True,-0.10982192281581638,-3.034843234938512,-3.0072848151618774,-3.056193434029001,-3.020533200831905,-2.9854108109001123,-0.11093347557927036,1.0,-1.0
10,17,-3.0,-2.0,702,435,267,-3.033067835829314,-3.021644753595359,True,-0.011423082233955384,-3.034843234938512,-3.0072848151618774,-3.056193434029001,-3.020533200831905,-2.9854108109001123,-0.012534634997409366,3.0,0.0
10,18,-2.0,-1.0,703,609,94,-2.994657006470627,-3.021644753595359,True,0.026987747124731953,-3.034843234938512,-3.0072848151618774,-3.056193434029001,-3.020533200831905,-2.9854108109001123,0.02587619436127797,4.0,0.5
10,19,-1.0,0.0,702,581,121,-3.079778438831815,-3.021644753595359,True,-0.058133685236456234,-3.034843234938512,-3.0072848151618774,-3.056193434029001,-3.020533200831905,-2.9854108109001123,-0.059245237999910216,1.0,-1.0
10,20,0.0,1.0,703,589,114,-3.1107323655564367,-3.021644753595359,True,-0.08908761196107795,-3.034843234938512,-3.0072848151618774,-3.056193434029001,-3.020533200831905,-2.9854108109001123,-0.09019916472453193,1.0,-1.0
10,21,1.0,2.0,702,426,276,-3.160039262137976,-3.021644753595359,True,-0.13839450854261726,-3.034843234938512,-3.0072848151618774,-3.056193434029001,-3.020533200831905,-2.9854108109001123,-0.13950606130607124,1.0,-1.0
10,22,2.0,3.0,703,472,231,-2.9949822955616296,-3.021644753595359,True,0.02666245803372913,-3.034843234938512,-3.0072848151618774,-3.056193434029001,-3.020533200831905,-2.9854108109001123,0.025550905270275148,4.0,0.5
10,23,3.0,4.0,703,431,272,-2.9081846013221813,-3.021644753595359,True,0.11346015227317752,-3.034843234938512,-3.0072848151618774,-3.056193434029001,-3.020533200831905,-2.9854108109001123,0.11234859950972353,5.0,1.0
10,24,4.0,5.0,702,397,305,-2.895598069616374,-3.021644753595359,True,0.12604668397898466,-3.034843234938512,-3.0072848151618774,-3.056193434029001,-3.020533200831905,-2.9854108109001123,0.12493513121553068,5.0,1.0
10,25,5.0,6.0,703,378,325,-3.1918126038312793,-3.021644753595359,True,-0.17016785023592051,-3.034843234938512,-3.0072848151618774,-3.056193434029001,-3.020533200831905,-2.9854108109001123,-0.17127940299937494,1.0,-1.0
10,26,6.0,7.0,702,529,173,-3.0693221329695235,-3.021644753595359,True,-0.04767737937416472,-3.034843234938512,-3.0072848151618774,-3.056193434029001,-3.020533200831905,-2.9854108109001123,-0.0487889321376187,1.0,-1.0
10,27,7.0,8.0,703,367,336,-3.123668687503969,-3.021644753595359,True,-0.10202393390861042,-3.034843234938512,-3.0072848151618774,-3.056193434029001,-3.020533200831905,-2.9854108109001123,-0.1031354866720644,1.0,-1.0
10,28,8.0,9.0,702,596,106,-3.045367822613947,-3.021644753595359,True,-0.023723069018588117,-3.034843234938512,-3.0072848151618774,-3.056193434029001,-3.020533200831905,-2.9854108109001123,-0.0248346217820421,2.0,-0.5
10,29,9.0,10.0,703,461,242,-3.0975875859543014,-3.021644753595359,True,-0.07594283235894261,-3.034843234938512,-3.0072848151618774,-3.056193434029001,-3.020533200831905,-2.9854108109001123,-0.0770543851223966,1.0,-1.0
10,30,10.0,11.0,703,445,258,-3.0112830802651573,-3.021644753595359,True,0.010361673330201437,-3.034843234938512,-3.0072848151618774,-3.056193434029001,-3.020533200831905,-2.9854108109001123,0.009250120566747455,3.0,0.0
10,31,11.0,12.0,702,405,297,-3.046798542802292,-3.021644753595359,True,-0.02515378920693312,-3.034843234938512,-3.0072848151618774,-3.056193434029001,-3.020533200831905,-2.9854108109001123,-0.0262653419703871,2.0,-0.5
10,32,12.0,13.0,703,521,182,-3.018135505214733,-3.021644753595359,True,0.003509248380625607,-3.034843234938512,-3.0072848151618774,-3.056193434029001,-3.020533200831905,-2.9854108109001123,0.0023976956171716246,3.0,0.0
10,33,13.0,14.0,702,404,298,-2.98292868210594,-3.021644753595359,True,0.0387160714894188,-3.034843234938512,-3.0072848151618774,-3.056193434029001,-3.020533200831905,-2.9854108109001123,0.03760451872596482,5.0,1.0
10,34,14.0,15.0,703,368,335,-3.1076142966502256,-3.021644753595359,True,-0.08596954305486681,-3.034843234938512,-3.0072848151618774,-3.056193434029001,-3.020533200831905,-2.9854108109001123,-0.0870810958183208,1.0,-1.0
10,35,15.0,16.0,702,534,168,-3.0190764692676955,-3.021644753595359,True,0.002568284327663317,-3.034843234938512,-3.0072848151618774,-3.056193434029001,-3.020533200831905,-2.9854108109001123,0.0014567315642093348,3.0,0.0
10,36,16.0,17.0,703,524,179,-3.245620613747502,-3.021644753595359,True,-0.2239758601521431,-3.034843234938512,-3.0072848151618774,-3.056193434029001,-3.020533200831905,-2.9854108109001123,-0.22508741291559708,1.0,-1.0
10,37,17.0,18.0,702,429,273,-3.1059359164384737,-3.021644753595359,True,-0.08429116284311489,-3.034843234938512,-3.0072848151618774,-3.056193434029001,-3.020533200831905,-2.9854108109001123,-0.08540271560656887,1.0,-1.0
10,38,18.0,19.0,703,374,329,-2.8804103252117246,-3.021644753595359,True,0.1412344283836342,-3.034843234938512,-3.0072848151618774,-3.056193434029001,-3.020533200831905,-2.9854108109001123,0.14012287562017978,5.0,1.0
10,39,19.0,20.0,703,417,286,-2.9866612756627036,-3.021644753595359,True,0.034983477932655216,-3.034843234938512,-3.0072848151618774,-3.056193434029001,-3.020533200831905,-2.9854108109001123,0.03387192516920079,4.0,0.5
11,0,-20.0,-19.0,702,401,301,-2.93490937861949,-2.9644449160413227,True,0.02953553742183246,-2.9894057014791287,-2.9391912523893677,-3.0290531938224596,-2.965845890781446,-2.92228868955118,0.030936512161955587,4.0,0.5
11,1,-19.0,-18.0,703,605,98,-2.925877805566901,-2.9644449160413227,True,0.03856711047442163,-2.9894057014791287,-2.9391912523893677,-3.0290531938224596,-2.965845890781446,-2.92228868955118,0.03996808521454476,4.0,0.5
11,2,-18.0,-17.0,702,546,156,-2.911521341504018,-2.9644449160413227,True,0.052923574537304674,-2.9894057014791287,-2.9391912523893677,-3.0290531938224596,-2.965845890781446,-2.92228868955118,0.0543245492774278,5.0,1.0
11,3,-17.0,-16.0,703,596,107,-3.0511917621486466,-2.9644449160413227,True,-0.08674684610732397,-2.9894057014791287,-2.9391912523893677,-3.0290531938224596,-2.965845890781446,-2.92228868955118,-0.0853458713672004,1.0,-1.0
11,4,-16.0,-15.0,702,576,126,-3.0750581697633383,-2.9644449160413227,True,-0.11061325372201569,-2.9894057014791287,-2.9391912523893677,-3.0290531938224596,-2.965845890781446,-2.92228868955118,-0.10921227898189256,1.0,-1.0
11,5,-15.0,-14.0,703,448,255,-2.770317021178902,-2.9644449160413227,True,0.19412789486242055,-2.9894057014791287,-2.9391912523893677,-3.0290531938224596,-2.965845890781446,-2.92228868955118,0.19552886960254368,5.0,1.0
11,6,-14.0,-13.0,703,412,291,-2.8923104284002745,-2.9644449160413227,True,0.07213448764104813,-2.9894057014791287,-2.9391912523893677,-3.0290531938224596,-2.965845890781446,-2.92228868955118,0.07353546238117126,5.0,1.0
11,7,-13.0,-12.0,702,564,138,-2.7649789519035997,-2.9644449160413227,True,0.199465964137723,-2.9894057014791287,-2.9391912523893677,-3.0290531938224596,-2.965845890781446,-2.92228868955118,0.20086693887784568,5.0,1.0
11,8,-12.0,-11.0,703,476,227,-3.0130838483908233,-2.9644449160413227,True,-0.048638932349500674,-2.9894057014791287,-2.9391912523893677,-3.0290531938224596,-2.965845890781446,-2.92228868955118,-0.04723795760937799,2.0,-0.5
11,9,-11.0,-10.0,702,547,155,-3.0297845272626422,-2.9644449160413227,True,-0.0653396112213196,-2.9894057014791287,-2.9391912523893677,-3.0290531938224596,-2.965845890781446,-2.92228868955118,-0.06393863648119646,1.0,-1.0
11,10,-10.0,-9.0,703,602,101,-2.877820858996442,-2.9644449160413227,True,0.08662405704488085,-2.9894057014791287,-2.9391912523893677,-3.0290531938224596,-2.965845890781446,-2.92228868955118,0.08802503178500398,5.0,1.0
11,11,-9.0,-8.0,702,652,50,-2.9889971779072604,-2.9644449160413227,True,-0.02455226186593773,-2.9894057014791287,-2.9391912523893677,-3.0290531938224596,-2.965845890781446,-2.92228868955118,-0.0231512871258146,3.0,0.0
11,12,-8.0,-7.0,703,233,470,-3.0288094160090657,-2.9644449160413227,True,-0.06436449996774307,-2.9894057014791287,-2.9391912523893677,-3.0290531938224596,-2.965845890781446,-2.92228868955118,-0.06296352522761994,2.0,-0.5
11,13,-7.0,-6.0,703,411,292,-3.01431937931313,-2.9644449160413227,True,-0.049874463271807556,-2.9894057014791287,-2.9391912523893677,-3.0290531938224596,-2.965845890781446,-2.92228868955118,-0.04847348853168443,2.0,-0.5
11,14,-6.0,-5.0,702,601,101,-2.9899050080669682,-2.9644449160413227,True,-0.025460092025645586,-2.9894057014791287,-2.9391912523893677,-3.0290531938224596,-2.965845890781446,-2.92228868955118,-0.024059117285522014,2.0,-0.5
11,15,-5.0,-4.0,703,557,146,-2.9304026568815584,-2.9644449160413227,True,0.03404225915976422,-2.9894057014791287,-2.9391912523893677,-3.0290531938224596,-2.965845890781446,-2.92228868955118,0.03544323389988735,4.0,0.5
11,16,-4.0,-3.0,702,488,214,-2.942694603655631,-2.9644449160413227,True,0.021750312385691473,-2.9894057014791287,-2.9391912523893677,-3.0290531938224596,-2.965845890781446,-2.92228868955118,0.0231512871258146,3.0,0.0
11,17,-3.0,-2.0,703,495,208,-3.037130177817909,-2.9644449160413227,True,-0.07268526177658652,-2.9894057014791287,-2.9391912523893677,-3.0290531938224596,-2.965845890781446,-2.92228868955118,-0.07128428703646339,1.0,-1.0
11,18,-2.0,-1.0,702,473,229,-2.9287802885327743,-2.9644449160413227,True,0.035664627508548374,-2.9894057014791287,-2.9391912523893677,-3.0290531938224596,-2.965845890781446,-2.92228868955118,0.0370656022486715,4.0,0.5
11,19,-1.0,0.0,703,168,535,-3.181005518907081,-2.9644449160413227,True,-0.2165606028657585,-2.9894057014791287,-2.9391912523893677,-3.0290531938224596,-2.965845890781446,-2.92228868955118,-0.21515962812563538,1.0,-1.0
11,20,0.0,1.0,703,512,191,-3.082071853163215,-2.9644449160413227,True,-0.11762693712189254,-2.9894057014791287,-2.9391912523893677,-3.0290531938224596,-2.965845890781446,-2.92228868955118,-0.11622596238176941,1.0,-1.0
11,21,1.0,2.0,702,472,230,-3.0925981179145876,-2.9644449160413227,True,-0.12815320187326495,-2.9894057014791287,-2.9391912523893677,-3.0290531938224596,-2.965845890781446,-2.92228868955118,-0.12675222713314227,1.0,-1.0
11,22,2.0,3.0,703,499,204,-3.0086522794218595,-2.9644449160413227,True,-0.04420736338053688,-2.9894057014791287,-2.9391912523893677,-3.0290531938224596,-2.965845890781446,-2.92228868955118,-0.04280638864041375,2.0,-0.5
11,23,3.0,4.0,702,421,281,-3.0891153961204,-2.9644449160413227,True,-0.12467048007907744,-2.9894057014791287,-2.9391912523893677,-3.0290531938224596,-2.965845890781446,-2.92228868955118,-0.12326950533895431,1.0,-1.0
11,24,4.0,5.0,703,488,215,-3.048710449755484,-2.9644449160413227,True,-0.08426553371416157,-2.9894057014791287,-2.9391912523893677,-3.0290531938224596,-2.965845890781446,-2.92228868955118,-0.08286455897403844,1.0,-1.0
11,25,5.0,6.0,702,334,368,-3.0172750712597223,-2.9644449160413227,True,-0.05283015521839962,-2.9894057014791287,-2.9391912523893677,-3.0290531938224596,-2.965845890781446,-2.92228868955118,-0.05142918047827649,2.0,-0.5
11,26,6.0,7.0,703,267,436,-2.877058974166984,-2.9644449160413227,True,0.08738594187433879,-2.9894057014791287,-2.9391912523893677,-3.0290531938224596,-2.965845890781446,-2.92228868955118,0.08878691661446192,5.0,1.0
11,27,7.0,8.0,702,119,583,-3.1336045147993117,-2.9644449160413227,True,-0.16915959875798903,-2.9894057014791287,-2.9391912523893677,-3.0290531938224596,-2.965845890781446,-2.92228868955118,-0.16775862401786634,1.0,-1.0
11,28,8.0,9.0,703,393,310,-3.1603315941717307,-2.9644449160413227,True,-0.19588667813040805,-2.9894057014791287,-2.9391912523893677,-3.0290531938224596,-2.965845890781446,-2.92228868955118,-0.19448570339028493,1.0,-1.0
11,29,9.0,10.0,703,455,248,-3.1513293853947557,-2.9644449160413227,True,-0.18688446935343306,-2.9894057014791287,-2.9391912523893677,-3.0290531938224596,-2.965845890781446,-2.92228868955118,-0.18548349461331037,1.0,-1.0
11,30,10.0,11.0,702,299,403,-3.0993653203769926,-2.9644449160413227,True,-0.13492040433566999,-2.9894057014791287,-2.9391912523893677,-3.0290531938224596,-2.965845890781446,-2.92228868955118,-0.13351942959554686,1.0,-1.0
11,31,11.0,12.0,703,476,227,-3.160365511992904,-2.9644449160413227,True,-0.1959205959515815,-2.9894057014791287,-2.9391912523893677,-3.0290531938224596,-2.965845890781446,-2.92228868955118,-0.19451962121145838,1.0,-1.0
11,32,12.0,13.0,702,486,216,-3.12004549707682,-2.9644449160413227,True,-0.15560058103549723,-2.9894057014791287,-2.9391912523893677,-3.0290531938224596,-2.965845890781446,-2.92228868955118,-0.1541996062953741,1.0,-1.0
11,33,13.0,14.0,703,495,208,-3.098257957520633,-2.9644449160413227,True,-0.13381304147931017,-2.9894057014791287,-2.9391912523893677,-3.0290531938224596,-2.965845890781446,-2.92228868955118,-0.13241206673918704,1.0,-1.0
11,34,14.0,15.0,702,366,336,-3.029361072012967,-2.9644449160413227,True,-0.06491615597164424,-2.9894057014791287,-2.9391912523893677,-3.0290531938224596,-2.965845890781446,-2.92228868955118,-0.06351518123152111,1.0,-1.0
11,35,15.0,16.0,703,325,378,-2.9572055926252885,-2.9644449160413227,True,0.007239323416034171,-2.9894057014791287,-2.9391912523893677,-3.0290531938224596,-2.965845890781446,-2.92228868955118,0.0086402981561573,3.0,0.0
11,36,16.0,17.0,703,434,269,-2.9249437048411164,-2.9644449160413227,True,0.03950121120020622,-2.9894057014791287,-2.9391912523893677,-3.0290531938224596,-2.965845890781446,-2.92228868955118,0.04090218594032935,4.0,0.5
11,37,17.0,18.0,702,548,154,-3.1024649278218757,-2.9644449160413227,True,-0.138020011780553,-2.9894057014791287,-2.9391912523893677,-3.0290531938224596,-2.965845890781446,-2.92228868955118,-0.13661903704043032,1.0,-1.0
11,38,18.0,19.0,703,548,155,-3.054179486745762,-2.9644449160413227,True,-0.08973457070443924,-2.9894057014791287,-2.9391912523893677,-3.0290531938224596,-2.965845890781446,-2.92228868955118,-0.08833359596431611,1.0,-1.0
11,39,19.0,20.0,702,360,342,-2.842692748853226,-2.9644449160413227,True,0.12175216718809656,-2.9894057014791287,-2.9391912523893677,-3.0290531938224596,-2.965845890781446,-2.92228868955118,0.12315314192821969,5.0,1.0
12,0,-20.0,-19.0,702,645,57,-3.04523675251304,-2.9846614204582282,True,-0.06057533205481169,-2.9731523457277027,-2.969063646760417,-3.02032366156671,-2.9708564005497893,-2.9514593713021378,-0.07438035196325066,1.0,-1.0
12,1,-19.0,-18.0,703,661,42,-3.0178142686231517,-2.9846614204582282,True,-0.033152848164923476,-2.9731523457277027,-2.969063646760417,-3.02032366156671,-2.9708564005497893,-2.9514593713021378,-0.046957868073362885,2.0,-0.5
12,2,-18.0,-17.0,703,619,84,-2.939906006883051,-2.9846614204582282,True,0.044755413575177094,-2.9731523457277027,-2.969063646760417,-3.02032366156671,-2.9708564005497893,-2.9514593713021378,0.03095039366673813,5.0,1.0
12,3,-17.0,-16.0,702,554,148,-3.071958881078382,-2.9846614204582282,True,-0.08729746062015398,-2.9731523457277027,-2.969063646760417,-3.02032366156671,-2.9708564005497893,-2.9514593713021378,-0.10110248052859294,1.0,-1.0
12,4,-16.0,-15.0,703,576,127,-2.968631492401341,-2.9846614204582282,True,0.01602992805688741,-2.9731523457277027,-2.969063646760417,-3.02032366156671,-2.9708564005497893,-2.9514593713021378,0.0022249081484484456,4.0,0.5
12,5,-15.0,-14.0,702,520,182,-2.928607567782322,-2.9846614204582282,True,0.056053852675906235,-2.9731523457277027,-2.969063646760417,-3.02032366156671,-2.9708564005497893,-2.9514593713021378,0.04224883276746727,5.0,1.0
12,6,-14.0,-13.0,703,527,176,-3.013499940912455,-2.9846614204582282,True,-0.028838520454226746,-2.9731523457277027,-2.969063646760417,-3.02032366156671,-2.9708564005497893,-2.9514593713021378,-0.04264354036266571,2.0,-0.5
12,7,-13.0,-12.0,702,530,172,-2.967201578417232,-2.9846614204582282,True,0.017459842040996154,-2.9731523457277027,-2.969063646760417,-3.02032366156671,-2.9708564005497893,-2.9514593713021378,0.0036548221325571895,4.0,0.5
12,8,-12.0,-11.0,703,527,176,-2.9741995117838846,-2.9846614204582282,True,0.0104619086743436,-2.9731523457277027,-2.969063646760417,-3.02032366156671,-2.9708564005497893,-2.9514593713021378,-0.003343111234095364,2.0,-0.5
12,9,-11.0,-10.0,702,564,138,-3.0598498009504804,-2.9846614204582282,True,-0.07518838049225218,-2.9731523457277027,-2.969063646760417,-3.02032366156671,-2.9708564005497893,-2.9514593713021378,-0.08899340040069115,1.0,-1.0
12,10,-10.0,-9.0,703,489,214,-2.9551828235434696,-2.9846614204582282,True,0.029478596914758626,-2.9731523457277027,-2.969063646760417,-3.02032366156671,-2.9708564005497893,-2.9514593713021378,0.01567357700631966,4.0,0.5
12,11,-9.0,-8.0,703,488,215,-2.9473336552664287,-2.9846614204582282,True,0.03732776519179959,-2.9731523457277027,-2.969063646760417,-3.02032366156671,-2.9708564005497893,-2.9514593713021378,0.023522745283360624,5.0,1.0
12,12,-8.0,-7.0,702,638,64,-3.0278518403973855,-2.9846614204582282,True,-0.04319041993915729,-2.9731523457277027,-2.969063646760417,-3.02032366156671,-2.9708564005497893,-2.9514593713021378,-0.05699543984759581,1.0,-1.0
12,13,-7.0,-6.0,703,662,41,-2.969417227599661,-2.9846614204582282,True,0.015244192858567374,-2.9731523457277027,-2.969063646760417,-3.02032366156671,-2.9708564005497893,-2.9514593713021378,0.001439172950128409,3.0,0.0
12,14,-6.0,-5.0,702,420,282,-3.037335026037295,-2.9846614204582282,True,-0.05267360557906686,-2.9731523457277027,-2.969063646760417,-3.02032366156671,-2.9708564005497893,-2.9514593713021378,-0.06647862548750583,1.0,-1.0
12,15,-5.0,-4.0,703,517,186,-2.995383652048708,-2.9846614204582282,True,-0.01072223159047958,-2.9731523457277027,-2.969063646760417,-3.02032366156671,-2.9708564005497893,-2.9514593713021378,-0.024527251498918545,2.0,-0.5
12,16,-4.0,-3.0,702,552,150,-2.943018842855638,-2.9846614204582282,True,0.04164257760259016,-2.9731523457277027,-2.969063646760417,-3.02032366156671,-2.9708564005497893,-2.9514593713021378,0.027837557694151194,5.0,1.0
12,17,-3.0,-2.0,703,527,176,-2.9056693565900202,-2.9846614204582282,True,0.078992063868208,-2.9731523457277027,-2.969063646760417,-3.02032366156671,-2.9708564005497893,-2.9514593713021378,0.06518704395976949,5.0,1.0
12,18,-2.0,-1.0,703,558,145,-2.9528346099807075,-2.9846614204582282,True,0.031826810477520784,-2.9731523457277027,-2.969063646760417,-3.02032366156671,-2.9708564005497893,-2.9514593713021378,0.01802179056908182,4.0,0.5
12,19,-1.0,0.0,702,546,156,-2.9722955734999177,-2.9846614204582282,True,0.012365846958310556,-2.9731523457277027,-2.969063646760417,-3.02032366156671,-2.9708564005497893,-2.9514593713021378,-0.001439172950128409,3.0,0.0
12,20,0.0,1.0,703,520,183,-2.959554769915712,-2.9846614204582282,True,0.025106650542516373,-2.9731523457277027,-2.969063646760417,-3.02032366156671,-2.9708564005497893,-2.9514593713021378,0.011301630634077409,4.0,0.5
12,21,1.0,2.0,702,569,133,-3.0628206956578685,-2.9846614204582282,True,-0.07815927519964028,-2.9731523457277027,-2.969063646760417,-3.02032366156671,-2.9708564005497893,-2.9514593713021378,-0.09196429510807924,1.0,-1.0
12,22,2.0,3.0,703,630,73,-2.982938047772631,-2.9846614204582282,True,0.001723372685597191,-2.9731523457277027,-2.969063646760417,-3.02032366156671,-2.9708564005497893,-2.9514593713021378,-0.012081647222841774,2.0,-0.5
12,23,3.0,4.0,702,540,162,-2.923540943642824,-2.9846614204582282,True,0.061120476815404334,-2.9731523457277027,-2.969063646760417,-3.02032366156671,-2.9708564005497893,-2.9514593713021378,0.04731545690696537,5.0,1.0
12,24,4.0,5.0,703,605,98,-3.005440068490009,-2.9846614204582282,True,-0.020778648031780644,-2.9731523457277027,-2.969063646760417,-3.02032366156671,-2.9708564005497893,-2.9514593713021378,-0.03458366794021961,2.0,-0.5
12,25,5.0,6.0,702,571,131,-3.0025630606123594,-2.9846614204582282,True,-0.017901640154131204,-2.9731523457277027,-2.969063646760417,-3.02032366156671,-2.9708564005497893,-2.9514593713021378,-0.03170666006257017,2.0,-0.5
12,26,6.0,7.0,703,642,61,-3.0029942785132415,-2.9846614204582282,True,-0.01833285805501328,-2.9731523457277027,-2.969063646760417,-3.02032366156671,-2.9708564005497893,-2.9514593713021378,-0.0321378779634518,2.0,-0.5
12,27,7.0,8.0,703,613,90,-2.99517851862959,-2.9846614204582282,True,-0.010517098171361816,-2.9731523457277027,-2.969063646760417,-3.02032366156671,-2.9708564005497893,-2.9514593713021378,-0.02432211807980078,2.0,-0.5
12,28,8.0,9.0,702,530,172,-2.9410544019811176,-2.9846614204582282,True,0.04360701847711068,-2.9731523457277027,-2.969063646760417,-3.02032366156671,-2.9708564005497893,-2.9514593713021378,0.029801998568671717,5.0,1.0
12,29,9.0,10.0,703,398,305,-2.7236867455005425,-2.9846614204582282,True,0.2609746749576858,-2.9731523457277027,-2.969063646760417,-3.02032366156671,-2.9708564005497893,-2.9514593713021378,0.24716965504924682,5.0,1.0
12,30,10.0,11.0,702,366,336,-2.997918136181223,-2.9846614204582282,True,-0.013256715722994805,-2.9731523457277027,-2.969063646760417,-3.02032366156671,-2.9708564005497893,-2.9514593713021378,-0.02706173563143377,2.0,-0.5
12,31,11.0,12.0,703,428,275,-2.8590728316656113,-2.9846614204582282,True,0.12558858879261692,-2.9731523457277027,-2.969063646760417,-3.02032366156671,-2.9708564005497893,-2.9514593713021378,0.11178356888417751,5.0,1.0
12,32,12.0,13.0,702,530,172,-2.905230980511156,-2.9846614204582282,True,0.07943043994707244,-2.9731523457277027,-2.969063646760417,-3.02032366156671,-2.9708564005497893,-2.9514593713021378,0.06562542003863348,5.0,1.0
12,33,13.0,14.0,703,452,251,-2.9535972083061774,-2.9846614204582282,True,0.031064212152050796,-2.9731523457277027,-2.969063646760417,-3.02032366156671,-2.9708564005497893,-2.9514593713021378,0.017259192243612276,4.0,0.5
12,34,14.0,15.0,703,463,240,-2.9340786372250958,-2.9846614204582282,True,0.05058278323313248,-2.9731523457277027,-2.969063646760417,-3.02032366156671,-2.9708564005497893,-2.9514593713021378,0.03677776332469307,5.0,1.0
12,35,15.0,16.0,702,372,330,-2.898779698911292,-2.9846614204582282,True,0.08588172154693607,-2.9731523457277027,-2.969063646760417,-3.02032366156671,-2.9708564005497893,-2.9514593713021378,0.07207670163849711,5.0,1.0
12,36,16.0,17.0,703,620,83,-3.07538907277172,-2.9846614204582282,True,-0.09072765231349189,-2.9731523457277027,-2.969063646760417,-3.02032366156671,-2.9708564005497893,-2.9514593713021378,-0.10453267222193086,1.0,-1.0
12,37,17.0,18.0,702,574,128,-3.075646218401789,-2.9846614204582282,True,-0.09098479794356074,-2.9731523457277027,-2.969063646760417,-3.02032366156671,-2.9708564005497893,-2.9514593713021378,-0.1047898178519997,1.0,-1.0
12,38,18.0,19.0,703,575,128,-2.8362934184691753,-2.9846614204582282,True,0.14836800198905298,-2.9731523457277027,-2.969063646760417,-3.02032366156671,-2.9708564005497893,-2.9514593713021378,0.13456298208061357,5.0,1.0
12,39,19.0,20.0,702,530,172,-2.905917344004794,-2.9846614204582282,True,0.07874407645343418,-2.9731523457277027,-2.969063646760417,-3.02032366156671,-2.9708564005497893,-2.9514593713021378,0.06493905654499521,5.0,1.0
13,0,-20.0,-19.0,702,463,239,-3.0103436256688876,-2.992204895798586,True,-0.018138729870301518,-3.0093151471623423,-2.9928769702996667,-3.039489699159467,-3.002675378919327,-2.9568082654804106,-0.007668246749561014,2.0,-0.5
13,1,-19.0,-18.0,703,548,155,-3.0489552206721835,-2.992204895798586,True,-0.056750324873597435,-3.0093151471623423,-2.9928769702996667,-3.039489699159467,-3.002675378919327,-2.9568082654804106,-0.04627984175285649,1.0,-1.0
13,2,-18.0,-17.0,702,430,272,-2.9654243499351067,-2.992204895798586,True,0.026780545863479333,-3.0093151471623423,-2.9928769702996667,-3.039489699159467,-3.002675378919327,-2.9568082654804106,0.03725102898422028,4.0,0.5
13,3,-17.0,-16.0,703,357,346,-2.9611347795762653,-2.992204895798586,True,0.03107011622232081,-3.0093151471623423,-2.9928769702996667,-3.039489699159467,-3.002675378919327,-2.9568082654804106,0.04154059934306176,4.0,0.5
13,4,-16.0,-15.0,702,492,210,-3.078134480056144,-2.992204895798586,True,-0.08592958425755803,-3.0093151471623423,-2.9928769702996667,-3.039489699159467,-3.002675378919327,-2.9568082654804106,-0.07545910113681709,1.0,-1.0
13,5,-15.0,-14.0,703,422,281,-2.905125296130258,-2.992204895798586,True,0.08707959966832801,-3.0093151471623423,-2.9928769702996667,-3.039489699159467,-3.002675378919327,-2.9568082654804106,0.09755008278906896,5.0,1.0
13,6,-14.0,-13.0,702,376,326,-2.930174890031737,-2.992204895798586,True,0.06203000576684925,-3.0093151471623423,-2.9928769702996667,-3.039489699159467,-3.002675378919327,-2.9568082654804106,0.0725004888875902,5.0,1.0
13,7,-13.0,-12.0,703,507,196,-3.008590813704004,-2.992204895798586,True,-0.01638591790541799,-3.0093151471623423,-2.9928769702996667,-3.039489699159467,-3.002675378919327,-2.9568082654804106,-0.005915434784677043,3.0,0.0
13,8,-12.0,-11.0,703,434,269,-2.915682137389122,-2.992204895798586,True,0.07652275840946388,-3.0093151471623423,-2.9928769702996667,-3.039489699159467,-3.002675378919327,-2.9568082654804106,0.08699324153020482,5.0,1.0
13,9,-11.0,-10.0,702,676,26,-3.0870275329434627,-2.992204895798586,True,-0.0948226371448766,-3.0093151471623423,-2.9928769702996667,-3.039489699159467,-3.002675378919327,-2.9568082654804106,-0.08435215402413565,1.0,-1.0
13,10,-10.0,-9.0,703,513,190,-2.9630868947764637,-2.992204895798586,True,0.029118001022122364,-3.0093151471623423,-2.9928769702996667,-3.039489699159467,-3.002675378919327,-2.9568082654804106,0.03958848414286287,4.0,0.5
13,11,-9.0,-8.0,702,467,235,-2.943828723192847,-2.992204895798586,True,0.04837617260573923,-3.0093151471623423,-2.9928769702996667,-3.039489699159467,-3.002675378919327,-2.9568082654804106,0.05884665572648018,5.0,1.0
13,12,-8.0,-7.0,703,535,168,-2.9967599441346504,-2.992204895798586,True,-0.004555048336064349,-3.0093151471623423,-2.9928769702996667,-3.039489699159467,-3.002675378919327,-2.9568082654804106,0.005915434784676599,3.0,0.0
13,13,-7.0,-6.0,702,513,189,-3.0548703466399942,-2.992204895798586,True,-0.06266545084140818,-3.0093151471623423,-2.9928769702996667,-3.039489699159467,-3.002675378919327,-2.9568082654804106,-0.05219496772066723,1.0,-1.0
13,14,-6.0,-5.0,703,577,126,-3.0363345253218945,-2.992204895798586,True,-0.044129629523308456,-3.0093151471623423,-2.9928769702996667,-3.039489699159467,-3.002675378919327,-2.9568082654804106,-0.03365914640256751,2.0,-0.5
13,15,-5.0,-4.0,703,610,93,-3.0339703779338136,-2.992204895798586,True,-0.04176548213522757,-3.0093151471623423,-2.9928769702996667,-3.039489699159467,-3.002675378919327,-2.9568082654804106,-0.031294999014486624,2.0,-0.5
13,16,-4.0,-3.0,702,386,316,-2.8005688353766836,-2.992204895798586,True,0.1916360604219025,-3.0093151471623423,-2.9928769702996667,-3.039489699159467,-3.002675378919327,-2.9568082654804106,0.202106543542643,5.0,1.0
13,17,-3.0,-2.0,703,583,120,-2.988131113390242,-2.992204895798586,True,0.0040737824083438845,-3.0093151471623423,-2.9928769702996667,-3.039489699159467,-3.002675378919327,-2.9568082654804106,0.014544265529084832,4.0,0.5
13,18,-2.0,-1.0,702,522,180,-3.1057535854865437,-2.992204895798586,True,-0.11354868968795762,-3.0093151471623423,-2.9928769702996667,-3.039489699159467,-3.002675378919327,-2.9568082654804106,-0.10307820656721711,1.0,-1.0
13,19,-1.0,0.0,703,561,142,-3.0102004436114225,-2.992204895798586,True,-0.01799554781283641,-3.0093151471623423,-2.9928769702996667,-3.039489699159467,-3.002675378919327,-2.9568082654804106,-0.007525064692095462,2.0,-0.5
13,20,0.0,1.0,702,390,312,-3.1944560923084095,-2.992204895798586,True,-0.20225119650982348,-3.0093151471623423,-2.9928769702996667,-3.039489699159467,-3.002675378919327,-2.9568082654804106,-0.1917807133890821,1.0,-1.0
13,21,1.0,2.0,703,375,328,-3.010255865088322,-2.992204895798586,True,-0.018050969289736152,-3.0093151471623423,-2.9928769702996667,-3.039489699159467,-3.002675378919327,-2.9568082654804106,-0.007580486168995204,2.0,-0.5
13,22,2.0,3.0,702,329,373,-2.942919942030927,-2.992204895798586,True,0.04928495376765918,-3.0093151471623423,-2.9928769702996667,-3.039489699159467,-3.002675378919327,-2.9568082654804106,0.059755436888400126,5.0,1.0
13,23,3.0,4.0,703,350,353,-2.9754071655137895,-2.992204895798586,True,0.016797730284796586,-3.0093151471623423,-2.9928769702996667,-3.039489699159467,-3.002675378919327,-2.9568082654804106,0.027268213405537978,4.0,0.5
13,24,4.0,5.0,703,425,278,-3.1471063590282644,-2.992204895798586,True,-0.15490146322967835,-3.0093151471623423,-2.9928769702996667,-3.039489699159467,-3.002675378919327,-2.9568082654804106,-0.1444309801089374,1.0,-1.0
13,25,5.0,6.0,702,329,373,-3.089954050234083,-2.992204895798586,True,-0.09774915443549714,-3.0093151471623423,-2.9928769702996667,-3.039489699159467,-3.002675378919327,-2.9568082654804106,-0.0872786713147562,1.0,-1.0
13,26,6.0,7.0,703,464,239,-3.0118815772229257,-2.992204895798586,True,-0.019676681424339648,-3.0093151471623423,-2.9928769702996667,-3.039489699159467,-3.002675378919327,-2.9568082654804106,-0.0092061983035987,2.0,-0.5
13,27,7.0,8.0,702,451,251,-2.9997931963214906,-2.992204895798586,True,-0.00758830052290449,-3.0093151471623423,-2.9928769702996667,-3.039489699159467,-3.002675378919327,-2.9568082654804106,0.002882182597836458,3.0,0.0
13,28,8.0,9.0,703,595,108,-3.1071469924283477,-2.992204895798586,True,-0.11494209662976163,-3.0093151471623423,-2.9928769702996667,-3.039489699159467,-3.002675378919327,-2.9568082654804106,-0.10447161350902112,1.0,-1.0
13,29,9.0,10.0,702,425,277,-2.913394259240847,-2.992204895798586,True,0.07881063655773923,-3.0093151471623423,-2.9928769702996667,-3.039489699159467,-3.002675378919327,-2.9568082654804106,0.08928111967848018,5.0,1.0
13,30,10.0,11.0,703,474,229,-3.0187127763326744,-2.992204895798586,True,-0.02650788053408837,-3.0093151471623423,-2.9928769702996667,-3.039489699159467,-3.002675378919327,-2.9568082654804106,-0.01603739741334742,2.0,-0.5
13,31,11.0,12.0,703,486,217,-3.0535468562252057,-2.992204895798586,True,-0.06134196042661966,-3.0093151471623423,-2.9928769702996667,-3.039489699159467,-3.002675378919327,-2.9568082654804106,-0.05087147730587871,1.0,-1.0
13,32,12.0,13.0,702,361,341,-2.957899168761569,-2.992204895798586,True,0.034305727037017064,-3.0093151471623423,-2.9928769702996667,-3.039489699159467,-3.002675378919327,-2.9568082654804106,0.04477621015775801,4.0,0.5
13,33,13.0,14.0,703,511,192,-3.0201710474931205,-2.992204895798586,True,-0.027966151694534425,-3.0093151471623423,-2.9928769702996667,-3.039489699159467,-3.002675378919327,-2.9568082654804106,-0.017495668573793477,2.0,-0.5
13,34,14.0,15.0,702,694,8,-3.023809250462959,-2.992204895798586,True,-0.031604354664372725,-3.0093151471623423,-2.9928769702996667,-3.039489699159467,-3.002675378919327,-2.9568082654804106,-0.021133871543631777,2.0,-0.5
13,35,15.0,16.0,703,454,249,-3.021218150047009,-2.992204895798586,True,-0.02901325424842316,-3.0093151471623423,-2.9928769702996667,-3.039489699159467,-3.002675378919327,-2.9568082654804106,-0.01854277112768221,2.0,-0.5
13,36,16.0,17.0,702,647,55,-2.994523243490389,-2.992204895798586,True,-0.0023183476918027246,-3.0093151471623423,-2.9928769702996667,-3.039489699159467,-3.002675378919327,-2.9568082654804106,0.008152135428938223,3.0,0.0
13,37,17.0,18.0,703,574,129,-3.05584675755535,-2.992204895798586,True,-0.06364186175676378,-3.0093151471623423,-2.9928769702996667,-3.039489699159467,-3.002675378919327,-2.9568082654804106,-0.05317137863602284,1.0,-1.0
13,38,18.0,19.0,703,353,350,-2.9561410989706562,-2.992204895798586,True,0.03606379682792982,-3.0093151471623423,-2.9928769702996667,-3.039489699159467,-3.002675378919327,-2.9568082654804106,0.04653427994867121,5.0,1.0
13,39,19.0,20.0,702,585,117,-3.0576819399286035,-2.992204895798586,True,-0.06547704413001743,-3.0093151471623423,-2.9928769702996667,-3.039489699159467,-3.002675378919327,-2.9568082654804106,-0.05500656100927648,1.0,-1.0
14,0,-20.0,-19.0,703,294,409,-3.054609197376107,-3.0420124965383097,True,-0.012596700837797403,-3.0742346746661764,-3.055953760308497,-3.0923030027750444,-3.064093318123308,-3.0298067105960227,0.00948412074720073,4.0,0.5
14,1,-19.0,-18.0,702,337,365,-2.932702591801094,-3.0420124965383097,True,0.10930990473721591,-3.0742346746661764,-3.055953760308497,-3.0923030027750444,-3.064093318123308,-3.0298067105960227,0.13139072632221405,5.0,1.0
14,2,-18.0,-17.0,703,379,324,-2.9433810317029394,-3.0420124965383097,True,0.09863146483537033,-3.0742346746661764,-3.055953760308497,-3.0923030027750444,-3.064093318123308,-3.0298067105960227,0.12071228642036846,5.0,1.0
14,3,-17.0,-16.0,702,525,177,-3.102480452032284,-3.0420124965383097,True,-0.06046795549397421,-3.0742346746661764,-3.055953760308497,-3.0923030027750444,-3.064093318123308,-3.0298067105960227,-0.03838713390897608,1.0,-1.0
14,4,-16.0,-15.0,703,385,318,-3.0410333964300436,-3.0420124965383097,True,0.0009791001082661843,-3.0742346746661764,-3.055953760308497,-3.0923030027750444,-3.064093318123308,-3.0298067105960227,0.023059921693263874,4.0,0.5
14,5,-15.0,-14.0,703,490,213,-3.0921222981279395,-3.0420124965383097,True,-0.05010980158962974,-3.0742346746661764,-3.055953760308497,-3.0923030027750444,-3.064093318123308,-3.0298067105960227,-0.02802898000463161,2.0,-0.5
14,6,-14.0,-13.0,702,420,282,-3.128746664676817,-3.0420124965383097,True,-0.08673416813850743,-3.0742346746661764,-3.055953760308497,-3.0923030027750444,-3.064093318123308,-3.0298067105960227,-0.0646533465535093,1.0,-1.0
14,7,-13.0,-12.0,703,389,314,-3.0255673688112252,-3.0420124965383097,True,0.016445127727084508,-3.0742346746661764,-3.055953760308497,-3.0923030027750444,-3.064093318123308,-3.0298067105960227,0.038525949312083085,5.0,1.0
14,8,-12.0,-11.0,702,369,333,-3.0711327789934355,-3.0420124965383097,True,-0.029120282455125768,-3.0742346746661764,-3.055953760308497,-3.0923030027750444,-3.064093318123308,-3.0298067105960227,-0.007039460870127634,3.0,0.0
14,9,-11.0,-10.0,703,387,316,-3.0312198245242885,-3.0420124965383097,True,0.010792672014021232,-3.0742346746661764,-3.055953760308497,-3.0923030027750444,-3.064093318123308,-3.0298067105960227,0.032873493599019366,4.0,0.5
14,10,-10.0,-9.0,702,338,364,-3.092845116716359,-3.0420124965383097,True,-0.050832620178049126,-3.0742346746661764,-3.055953760308497,-3.0923030027750444,-3.064093318123308,-3.0298067105960227,-0.028751798593050992,1.0,-1.0
14,11,-9.0,-8.0,703,634,69,-3.136725051763686,-3.0420124965383097,True,-0.09471255522537625,-3.0742346746661764,-3.055953760308497,-3.0923030027750444,-3.064093318123308,-3.0298067105960227,-0.07263173364037812,1.0,-1.0
14,12,-8.0,-7.0,702,553,149,-2.7855831234332387,-3.0420124965383097,True,0.2564293731050711,-3.0742346746661764,-3.055953760308497,-3.0923030027750444,-3.064093318123308,-3.0298067105960227,0.2785101946900692,5.0,1.0
14,13,-7.0,-6.0,703,651,52,-3.0803551777090803,-3.0420124965383097,True,-0.038342681170770554,-3.0742346746661764,-3.055953760308497,-3.0923030027750444,-3.064093318123308,-3.0298067105960227,-0.01626185958577242,2.0,-0.5
14,14,-6.0,-5.0,703,595,108,-3.0780258804884153,-3.0420124965383097,True,-0.03601338395010556,-3.0742346746661764,-3.055953760308497,-3.0923030027750444,-3.064093318123308,-3.0298067105960227,-0.01393256236510787,2.0,-0.5
14,15,-5.0,-4.0,702,420,282,-2.934203662245768,-3.0420124965383097,True,0.10780883429254162,-3.0742346746661764,-3.055953760308497,-3.0923030027750444,-3.064093318123308,-3.0298067105960227,0.12988965587753976,5.0,1.0
14,16,-4.0,-3.0,703,628,75,-3.054351912084476,-3.0420124965383097,True,-0.012339415546166244,-3.0742346746661764,-3.055953760308497,-3.0923030027750444,-3.064093318123308,-3.0298067105960227,0.00974140603883189,4.0,0.5
14,17,-3.0,-2.0,702,511,191,-3.113225155383409,-3.0420124965383097,True,-0.07121265884509942,-3.0742346746661764,-3.055953760308497,-3.0923030027750444,-3.064093318123308,-3.0298067105960227,-0.049131837260101285,1.0,-1.0
14,18,-2.0,-1.0,703,602,101,-3.0570538572531802,-3.0420124965383097,True,-0.0150413607148705,-3.0742346746661764,-3.055953760308497,-3.0923030027750444,-3.064093318123308,-3.0298067105960227,0.007039460870128078,3.0,0.0
14,19,-1.0,0.0,702,546,156,-3.0848853892124093,-3.0420124965383097,True,-0.04287289267409955,-3.0742346746661764,-3.055953760308497,-3.0923030027750444,-3.064093318123308,-3.0298067105960227,-0.020792071089101416,2.0,-0.5
14,20,0.0,1.0,703,492,211,-3.0513360980869937,-3.0420124965383097,True,-0.009323601548683946,-3.0742346746661764,-3.055953760308497,-3.0923030027750444,-3.064093318123308,-3.0298067105960227,0.012757220036314187,4.0,0.5
14,21,1.0,2.0,703,587,116,-3.0420453573193793,-3.0420124965383097,True,-3.28607810695658e-05,-3.0742346746661764,-3.055953760308497,-3.0923030027750444,-3.064093318123308,-3.0298067105960227,0.022047960803928124,4.0,0.5
14,22,2.0,3.0,702,629,73,-2.9672156610154907,-3.0420124965383097,True,0.07479683552281902,-3.0742346746661764,-3.055953760308497,-3.0923030027750444,-3.064093318123308,-3.0298067105960227,0.09687765710781715,5.0,1.0
14,23,3.0,4.0,703,628,75,-3.1358803685834578,-3.0420124965383097,True,-0.09386787204514802,-3.0742346746661764,-3.055953760308497,-3.0923030027750444,-3.064093318123308,-3.0298067105960227,-0.07178705046014988,1.0,-1.0
14,24,4.0,5.0,702,497,205,-3.024984644017608,-3.0420124965383097,True,0.017027852520701714,-3.0742346746661764,-3.055953760308497,-3.0923030027750444,-3.064093318123308,-3.0298067105960227,0.03910867410569985,5.0,1.0
14,25,5.0,6.0,703,539,164,-2.9952569771763304,-3.0420124965383097,True,0.0467555193619793,-3.0742346746661764,-3.055953760308497,-3.0923030027750444,-3.064093318123308,-3.0298067105960227,0.06883634094697744,5.0,1.0
14,26,6.0,7.0,702,411,291,-2.947786868760393,-3.0420124965383097,True,0.09422562777791654,-3.0742346746661764,-3.055953760308497,-3.0923030027750444,-3.064093318123308,-3.0298067105960227,0.11630644936291468,5.0,1.0
14,27,7.0,8.0,703,363,340,-2.9684144270341717,-3.0420124965383097,True,0.07359806950413805,-3.0742346746661764,-3.055953760308497,-3.0923030027750444,-3.064093318123308,-3.0298067105960227,0.09567889108913574,5.0,1.0
14,28,8.0,9.0,702,314,388,-3.015687048360672,-3.0420124965383097,True,0.0263254481776376,-3.0742346746661764,-3.055953760308497,-3.0923030027750444,-3.064093318123308,-3.0298067105960227,0.048406269762635734,5.0,1.0
14,29,9.0,10.0,703,261,442,-3.0207308194093265,-3.0420124965383097,True,0.021281677128983212,-3.0742346746661764,-3.055953760308497,-3.0923030027750444,-3.064093318123308,-3.0298067105960227,0.043362498713981346,5.0,1.0
14,30,10.0,11.0,703,372,331,-3.0424750578513144,-3.0420124965383097,True,-0.0004625613130047057,-3.0742346746661764,-3.055953760308497,-3.0923030027750444,-3.064093318123308,-3.0298067105960227,0.021618260271993428,4.0,0.5
14,31,11.0,12.0,702,619,83,-2.9476576207340486,-3.0420124965383097,True,0.09435487580426116,-3.0742346746661764,-3.055953760308497,-3.0923030027750444,-3.064093318123308,-3.0298067105960227,0.1164356973892593,5.0,1.0
14,32,12.0,13.0,703,456,247,-3.086667267683705,-3.0420124965383097,True,-0.04465477114539507,-3.0742346746661764,-3.055953760308497,-3.0923030027750444,-3.064093318123308,-3.0298067105960227,-0.022573949560396933,2.0,-0.5
14,33,13.0,14.0,702,343,359,-2.945272299999254,-3.0420124965383097,True,0.09674019653905575,-3.0742346746661764,-3.055953760308497,-3.0923030027750444,-3.064093318123308,-3.0298067105960227,0.11882101812405388,5.0,1.0
14,34,14.0,15.0,703,396,307,-3.016467687708933,-3.0420124965383097,True,0.02554480882937682,-3.0742346746661764,-3.055953760308497,-3.0923030027750444,-3.064093318123308,-3.0298067105960227,0.04762563041437495,5.0,1.0
14,35,15.0,16.0,702,285,417,-3.0222278100203397,-3.0420124965383097,True,0.01978468651797005,-3.0742346746661764,-3.055953760308497,-3.0923030027750444,-3.064093318123308,-3.0298067105960227,0.04186550810296774,5.0,1.0
14,36,16.0,17.0,703,308,395,-2.908687015551401,-3.0420124965383097,True,0.13332548098690866,-3.0742346746661764,-3.055953760308497,-3.0923030027750444,-3.064093318123308,-3.0298067105960227,0.1554063025719068,5.0,1.0
14,37,17.0,18.0,703,201,502,-3.3390956894921016,-3.0420124965383097,True,-0.2970831929537918,-3.0742346746661764,-3.055953760308497,-3.0923030027750444,-3.064093318123308,-3.0298067105960227,-0.2750023713687937,1.0,-1.0
14,38,18.0,19.0,702,316,386,-3.042597687228071,-3.0420124965383097,True,-0.0005851906897613723,-3.0742346746661764,-3.055953760308497,-3.0923030027750444,-3.064093318123308,-3.0298067105960227,0.02149563089523676,4.0,0.5
14,39,19.0,20.0,703,436,267,-3.147805793663174,-3.0420124965383097,True,-0.10579329712486407,-3.0742346746661764,-3.055953760308497,-3.0923030027750444,-3.064093318123308,-3.0298067105960227,-0.08371247553986594,1.0,-1.0
15,0,-20.0,-19.0,702,374,328,-2.77897653158647,-2.9763140096658844,True,0.19733747807941437,-2.993156903114136,-2.9628902256736187,-3.0498145282674556,-2.985930730764273,-2.9304138042564327,0.20695419917780278,5.0,1.0
15,1,-19.0,-18.0,703,423,280,-2.982053161104132,-2.9763140096658844,True,-0.005739151438247436,-2.993156903114136,-2.9628902256736187,-3.0498145282674556,-2.985930730764273,-2.9304138042564327,0.003877569660140967,3.0,0.0
15,2,-18.0,-17.0,703,374,329,-3.044064600663836,-2.9763140096658844,True,-0.06775059099795167,-2.993156903114136,-2.9628902256736187,-3.0498145282674556,-2.985930730764273,-2.9304138042564327,-0.05813386989956326,2.0,-0.5
15,3,-17.0,-16.0,702,560,142,-2.9898083004244134,-2.9763140096658844,True,-0.013494290758528926,-2.993156903114136,-2.9628902256736187,-3.0498145282674556,-2.985930730764273,-2.9304138042564327,-0.003877569660140523,3.0,0.0
15,4,-16.0,-15.0,703,551,152,-2.7996954167604713,-2.9763140096658844,True,0.17661859290541315,-2.993156903114136,-2.9628902256736187,-3.0498145282674556,-2.985930730764273,-2.9304138042564327,0.1862353140038011,5.0,1.0
15,5,-15.0,-14.0,702,593,109,-3.103177521482671,-2.9763140096658844,True,-0.12686351181678646,-2.993156903114136,-2.9628902256736187,-3.0498145282674556,-2.985930730764273,-2.9304138042564327,-0.11724679071839805,1.0,-1.0
15,6,-14.0,-13.0,703,516,187,-2.933262766135188,-2.9763140096658844,True,0.043051243530696226,-2.993156903114136,-2.9628902256736187,-3.0498145282674556,-2.985930730764273,-2.9304138042564327,0.05266796462908463,4.0,0.5
15,7,-13.0,-12.0,702,520,182,-3.1141900792593664,-2.9763140096658844,True,-0.13787606959348198,-2.993156903114136,-2.9628902256736187,-3.0498145282674556,-2.985930730764273,-2.9304138042564327,-0.12825934849509357,1.0,-1.0
15,8,-12.0,-11.0,703,576,127,-2.997249639734908,-2.9763140096658844,True,-0.02093563006902377,-2.993156903114136,-2.9628902256736187,-3.0498145282674556,-2.985930730764273,-2.9304138042564327,-0.011318908970635366,2.0,-0.5
15,9,-11.0,-10.0,703,529,174,-3.0052517891170725,-2.9763140096658844,True,-0.028937779451188028,-2.993156903114136,-2.9628902256736187,-3.0498145282674556,-2.985930730764273,-2.9304138042564327,-0.019321058352799625,2.0,-0.5
15,10,-10.0,-9.0,702,260,442,-2.9267530857110793,-2.9763140096658844,True,0.04956092395480516,-2.993156903114136,-2.9628902256736187,-3.0498145282674556,-2.985930730764273,-2.9304138042564327,0.05917764505319312,5.0,1.0
15,11,-9.0,-8.0,703,574,129,-2.9394688601474357,-2.9763140096658844,True,0.03684514951844875,-2.993156903114136,-2.9628902256736187,-3.0498145282674556,-2.985930730764273,-2.9304138042564327,0.04646187061683671,4.0,0.5
15,12,-8.0,-7.0,702,507,195,-2.9189704279004824,-2.9763140096658844,True,0.057343581765401996,-2.993156903114136,-2.9628902256736187,-3.0498145282674556,-2.985930730764273,-2.9304138042564327,0.0669603028637904,5.0,1.0
15,13,-7.0,-6.0,703,357,346,-2.781183589967163,-2.9763140096658844,True,0.19513041969872136,-2.993156903114136,-2.9628902256736187,-3.0498145282674556,-2.985930730764273,-2.9304138042564327,0.20474714079710976,5.0,1.0
15,14,-6.0,-5.0,702,509,193,-3.0440171135318534,-2.9763140096658844,True,-0.067703103865969,-2.993156903114136,-2.9628902256736187,-3.0498145282674556,-2.985930730764273,-2.9304138042564327,-0.05808638276758016,2.0,-0.5
15,15,-5.0,-4.0,703,544,159,-3.1211870853474935,-2.9763140096658844,True,-0.144873075681609,-2.993156903114136,-2.9628902256736187,-3.0498145282674556,-2.985930730764273,-2.9304138042564327,-0.13525635458322016,1.0,-1.0
15,16,-4.0,-3.0,702,525,177,-2.938645455238893,-2.9763140096658844,True,0.03766855442699146,-2.993156903114136,-2.9628902256736187,-3.0498145282674556,-2.985930730764273,-2.9304138042564327,0.047285275525379866,4.0,0.5
15,17,-3.0,-2.0,703,562,141,-3.0670643110783136,-2.9763140096658844,True,-0.09075030141242912,-2.993156903114136,-2.9628902256736187,-3.0498145282674556,-2.985930730764273,-2.9304138042564327,-0.08113358031404072,1.0,-1.0
15,18,-2.0,-1.0,703,496,207,-2.9316340437715502,-2.9763140096658844,True,0.044679965894334206,-2.993156903114136,-2.9628902256736187,-3.0498145282674556,-2.985930730764273,-2.9304138042564327,0.05429668699272261,4.0,0.5
15,19,-1.0,0.0,702,550,152,-3.109626414354903,-2.9763140096658844,True,-0.1333124046890184,-2.993156903114136,-2.9628902256736187,-3.0498145282674556,-2.985930730764273,-2.9304138042564327,-0.12369568359062999,1.0,-1.0
15,20,0.0,1.0,703,480,223,-2.9148084002174253,-2.9763140096658844,True,0.061505609448459175,-2.993156903114136,-2.9628902256736187,-3.0498145282674556,-2.985930730764273,-2.9304138042564327,0.07112233054684758,5.0,1.0
15,21,1.0,2.0,702,403,299,-2.8904804592867563,-2.9763140096658844,True,0.0858335503791281,-2.993156903114136,-2.9628902256736187,-3.0498145282674556,-2.985930730764273,-2.9304138042564327,0.0954502714775165,5.0,1.0
15,22,2.0,3.0,703,414,289,-3.1649389087314006,-2.9763140096658844,True,-0.18862489906551616,-2.993156903114136,-2.9628902256736187,-3.0498145282674556,-2.985930730764273,-2.9304138042564327,-0.17900817796712776,1.0,-1.0
15,23,3.0,4.0,702,348,354,-2.8956317251233674,-2.9763140096658844,True,0.08068228454251702,-2.993156903114136,-2.9628902256736187,-3.0498145282674556,-2.985930730764273,-2.9304138042564327,0.09029900564090543,5.0,1.0
15,24,4.0,5.0,703,413,290,-2.9271598647353065,-2.9763140096658844,True,0.0491541449305779,-2.993156903114136,-2.9628902256736187,-3.0498145282674556,-2.985930730764273,-2.9304138042564327,0.058770866028966307,5.0,1.0
15,25,5.0,6.0,703,380,323,-2.930619750425008,-2.9763140096658844,True,0.045694259240876445,-2.993156903114136,-2.9628902256736187,-3.0498145282674556,-2.985930730764273,-2.9304138042564327,0.05531098033926485,4.0,0.5
15,26,6.0,7.0,702,374,328,-2.9688602023098882,-2.9763140096658844,True,0.0074538073559962115,-2.993156903114136,-2.9628902256736187,-3.0498145282674556,-2.985930730764273,-2.9304138042564327,0.01707052845438506,3.0,0.0
15,27,7.0,8.0,703,479,224,-3.0035521626314003,-2.9763140096658844,True,-0.027238152965515905,-2.993156903114136,-2.9628902256736187,-3.0498145282674556,-2.985930730764273,-2.9304138042564327,-0.0176214318671275,2.0,-0.5
15,28,8.0,9.0,702,411,291,-2.995700191154318,-2.9763140096658844,True,-0.019386181488433518,-2.993156903114136,-2.9628902256736187,-3.0498145282674556,-2.985930730764273,-2.9304138042564327,-0.009769460390045115,2.0,-0.5
15,29,9.0,10.0,703,511,192,-3.0412648229643886,-2.9763140096658844,True,-0.06495081329850416,-2.993156903114136,-2.9628902256736187,-3.0498145282674556,-2.985930730764273,-2.9304138042564327,-0.05533409220011576,2.0,-0.5
15,30,10.0,11.0,702,438,264,-3.022712684146639,-2.9763140096658844,True,-0.04639867448075474,-2.993156903114136,-2.9628902256736187,-3.0498145282674556,-2.985930730764273,-2.9304138042564327,-0.03678195338236634,2.0,-0.5
15,31,11.0,12.0,703,309,394,-3.035748181853597,-2.9763140096658844,True,-0.05943417218771252,-2.993156903114136,-2.9628902256736187,-3.0498145282674556,-2.985930730764273,-2.9304138042564327,-0.049817451089324116,2.0,-0.5
15,32,12.0,13.0,703,348,355,-2.9511602344587793,-2.9763140096658844,True,0.025153775207105156,-2.993156903114136,-2.9628902256736187,-3.0498145282674556,-2.985930730764273,-2.9304138042564327,0.034770496305493115,4.0,0.5
15,33,13.0,14.0,702,695,7,-1.950998662776785,-2.9763140096658844,True,1.0253153468890994,-2.993156903114136,-2.9628902256736187,-3.0498145282674556,-2.985930730764273,-2.9304138042564327,1.0349320679874878,5.0,1.0
15,34,14.0,15.0,703,648,55,-2.2896977042122972,-2.9763140096658844,True,0.6866163054535872,-2.993156903114136,-2.9628902256736187,-3.0498145282674556,-2.985930730764273,-2.9304138042564327,0.696233026551976,5.0,1.0
15,35,15.0,16.0,702,508,194,-2.933319116156826,-2.9763140096658844,True,0.042994893509058496,-2.993156903114136,-2.9628902256736187,-3.0498145282674556,-2.985930730764273,-2.9304138042564327,0.0526116146074469,4.0,0.5
15,36,16.0,17.0,703,296,407,-3.193472828529765,-2.9763140096658844,True,-0.21715881886388066,-2.993156903114136,-2.9628902256736187,-3.0498145282674556,-2.985930730764273,-2.9304138042564327,-0.20754209776549226,1.0,-1.0
15,37,17.0,18.0,702,378,324,-3.059069324775335,-2.9763140096658844,True,-0.08275531510945067,-2.993156903114136,-2.9628902256736187,-3.0498145282674556,-2.985930730764273,-2.9304138042564327,-0.07313859401106226,1.0,-1.0
15,38,18.0,19.0,703,430,273,-3.2437183131681424,-2.9763140096658844,True,-0.26740430350225797,-2.993156903114136,-2.9628902256736187,-3.0498145282674556,-2.985930730764273,-2.9304138042564327,-0.25778758240386956,1.0,-1.0
15,39,19.0,20.0,702,633,69,-3.1024795261894074,-2.9763140096658844,True,-0.12616551652352292,-2.993156903114136,-2.9628902256736187,-3.0498145282674556,-2.985930730764273,-2.9304138042564327,-0.11654879542513497,1.0,-1.0
16,0,-20.0,-19.0,702,351,351,-3.005206869491872,-3.0316226623601645,True,0.02641579286829243,-3.0375242873779693,-3.0255209101097544,-3.0757374648102673,-3.030819886562115,-2.989565574620019,0.025613017070242883,4.0,0.5
16,1,-19.0,-18.0,703,237,466,-2.8072014493130646,-3.0316226623601645,True,0.22442121304709994,-3.0375242873779693,-3.0255209101097544,-3.0757374648102673,-3.030819886562115,-2.989565574620019,0.2236184372490504,5.0,1.0
16,2,-18.0,-17.0,702,432,270,-3.0658039822667527,-3.0316226623601645,True,-0.034181319906588126,-3.0375242873779693,-3.0255209101097544,-3.0757374648102673,-3.030819886562115,-2.989565574620019,-0.034984095704637674,2.0,-0.5
16,3,-17.0,-16.0,703,312,391,-2.9252502130803757,-3.0316226623601645,True,0.10637244927978884,-3.0375242873779693,-3.0255209101097544,-3.0757374648102673,-3.030819886562115,-2.989565574620019,0.10556967348173885,5.0,1.0
16,4,-16.0,-15.0,703,583,120,-3.027297971427219,-3.0316226623601645,True,0.0043246909329455185,-3.0375242873779693,-3.0255209101097544,-3.0757374648102673,-3.030819886562115,-2.989565574620019,0.00352191513489597,3.0,0.0
16,5,-15.0,-14.0,702,530,172,-3.217156498738426,-3.0316226623601645,True,-0.18553383637826126,-3.0375242873779693,-3.0255209101097544,-3.0757374648102673,-3.030819886562115,-2.989565574620019,-0.1863366121763108,1.0,-1.0
16,6,-14.0,-13.0,703,416,287,-2.946015890502117,-3.0316226623601645,True,0.08560677185804755,-3.0375242873779693,-3.0255209101097544,-3.0757374648102673,-3.030819886562115,-2.989565574620019,0.084803996059998,5.0,1.0
16,7,-13.0,-12.0,702,468,234,-3.0414139920991405,-3.0316226623601645,True,-0.009791329738976007,-3.0375242873779693,-3.0255209101097544,-3.0757374648102673,-3.030819886562115,-2.989565574620019,-0.010594105537025555,2.0,-0.5
16,8,-12.0,-11.0,703,357,346,-2.9804523730672825,-3.0316226623601645,True,0.05117028929288203,-3.0375242873779693,-3.0255209101097544,-3.0757374648102673,-3.030819886562115,-2.989565574620019,0.05036751349483248,5.0,1.0
16,9,-11.0,-10.0,702,451,251,-3.105537912440811,-3.0316226623601645,True,-0.07391525008064637,-3.0375242873779693,-3.0255209101097544,-3.0757374648102673,-3.030819886562115,-2.989565574620019,-0.07471802587869592,1.0,-1.0
16,10,-10.0,-9.0,703,304,399,-3.04296627774368,-3.0316226623601645,True,-0.01134361538351536,-3.0375242873779693,-3.0255209101097544,-3.0757374648102673,-3.030819886562115,-2.989565574620019,-0.012146391181564908,2.0,-0.5
16,11,-9.0,-8.0,703,391,312,-3.034341801697011,-3.0316226623601645,True,-0.002719139336846421,-3.0375242873779693,-3.0255209101097544,-3.0757374648102673,-3.030819886562115,-2.989565574620019,-0.00352191513489597,3.0,0.0
16,12,-8.0,-7.0,702,586,116,-3.1407102695675824,-3.0316226623601645,True,-0.10908760720741784,-3.0375242873779693,-3.0255209101097544,-3.0757374648102673,-3.030819886562115,-2.989565574620019,-0.10989038300546738,1.0,-1.0
16,13,-7.0,-6.0,703,474,229,-3.0492177311615243,-3.0316226623601645,True,-0.017595068801359748,-3.0375242873779693,-3.0255209101097544,-3.0757374648102673,-3.030819886562115,-2.989565574620019,-0.018397844599409297,2.0,-0.5
16,14,-6.0,-5.0,702,458,244,-3.0077144730338223,-3.0316226623601645,True,0.0239081893263422,-3.0375242873779693,-3.0255209101097544,-3.0757374648102673,-3.030819886562115,-2.989565574620019,0.02310541352829265,4.0,0.5
16,15,-5.0,-4.0,703,281,422,-2.990197319011069,-3.0316226623601645,True,0.041425343349095645,-3.0375242873779693,-3.0255209101097544,-3.0757374648102673,-3.030819886562115,-2.989565574620019,0.040622567551046096,4.0,0.5
16,16,-4.0,-3.0,702,552,150,-3.023348946277298,-3.0316226623601645,True,0.008273716082866311,-3.0375242873779693,-3.0255209101097544,-3.0757374648102673,-3.030819886562115,-2.989565574620019,0.007470940284816763,4.0,0.5
16,17,-3.0,-2.0,703,477,226,-2.9876703414468686,-3.0316226623601645,True,0.04395232091329593,-3.0375242873779693,-3.0255209101097544,-3.0757374648102673,-3.030819886562115,-2.989565574620019,0.04314954511524638,5.0,1.0
16,18,-2.0,-1.0,702,257,445,-3.1242200466280337,-3.0316226623601645,True,-0.09259738426786912,-3.0375242873779693,-3.0255209101097544,-3.0757374648102673,-3.030819886562115,-2.989565574620019,-0.09340016006591867,1.0,-1.0
16,19,-1.0,0.0,703,404,299,-3.1107288882093536,-3.0316226623601645,True,-0.07910622584918903,-3.0375242873779693,-3.0255209101097544,-3.0757374648102673,-3.030819886562115,-2.989565574620019,-0.07990900164723858,1.0,-1.0
16,20,0.0,1.0,703,284,419,-3.0200604089715792,-3.0316226623601645,True,0.011562253388585297,-3.0375242873779693,-3.0255209101097544,-3.0757374648102673,-3.030819886562115,-2.989565574620019,0.010759477590535749,4.0,0.5
16,21,1.0,2.0,702,355,347,-3.0371887041777215,-3.0316226623601645,True,-0.005566041817556933,-3.0375242873779693,-3.0255209101097544,-3.0757374648102673,-3.030819886562115,-2.989565574620019,-0.006368817615606037,3.0,0.0
16,22,2.0,3.0,703,356,347,-3.1323707477091167,-3.0316226623601645,True,-0.10074808534895219,-3.0375242873779693,-3.0255209101097544,-3.0757374648102673,-3.030819886562115,-2.989565574620019,-0.10155086114700174,1.0,-1.0
16,23,3.0,4.0,702,493,209,-3.068925032479672,-3.0316226623601645,True,-0.03730237011950743,-3.0375242873779693,-3.0255209101097544,-3.0757374648102673,-3.030819886562115,-2.989565574620019,-0.03810514591755698,2.0,-0.5
16,24,4.0,5.0,703,373,330,-2.9681359978982664,-3.0316226623601645,True,0.0634866644618981,-3.0375242873779693,-3.0255209101097544,-3.0757374648102673,-3.030819886562115,-2.989565574620019,0.06268388866384855,5.0,1.0
16,25,5.0,6.0,702,597,105,-3.061183379465528,-3.0316226623601645,True,-0.029560717105363565,-3.0375242873779693,-3.0255209101097544,-3.0757374648102673,-3.030819886562115,-2.989565574620019,-0.030363492903413114,2.0,-0.5
16,26,6.0,7.0,703,510,193,-3.0898825311241733,-3.0316226623601645,True,-0.05825986876400879,-3.0375242873779693,-3.0255209101097544,-3.0757374648102673,-3.030819886562115,-2.989565574620019,-0.05906264456205834,1.0,-1.0
16,27,7.0,8.0,703,410,293,-2.8989005169568456,-3.0316226623601645,True,0.13272214540331895,-3.0375242873779693,-3.0255209101097544,-3.0757374648102673,-3.030819886562115,-2.989565574620019,0.1319193696052694,5.0,1.0
16,28,8.0,9.0,702,596,106,-3.1031498924634597,-3.0316226623601645,True,-0.0715272301032952,-3.0375242873779693,-3.0255209101097544,-3.0757374648102673,-3.030819886562115,-2.989565574620019,-0.0723300059013452,1.0,-1.0
16,29,9.0,10.0,703,568,135,-2.99968604206736,-3.0316226623601645,True,0.03193662029280464,-3.0375242873779693,-3.0255209101097544,-3.0757374648102673,-3.030819886562115,-2.989565574620019,0.031133844494755092,4.0,0.5
16,30,10.0,11.0,702,570,132,-2.994656416111007,-3.0316226623601645,True,0.036966246249157564,-3.0375242873779693,-3.0255209101097544,-3.0757374648102673,-3.030819886562115,-2.989565574620019,0.036163470451108015,4.0,0.5
16,31,11.0,12.0,703,431,272,-3.078852187293142,-3.0316226623601645,True,-0.047229524932977274,-3.0375242873779693,-3.0255209101097544,-3.0757374648102673,-3.030819886562115,-2.989565574620019,-0.04803230073102682,1.0,-1.0
16,32,12.0,13.0,702,496,206,-3.0943390265859194,-3.0316226623601645,True,-0.06271636422575488,-3.0375242873779693,-3.0255209101097544,-3.0757374648102673,-3.030819886562115,-2.989565574620019,-0.06351914002380443,1.0,-1.0
16,33,13.0,14.0,703,697,6,-1.9775211374803012,-3.0316226623601645,True,1.0541015248798633,-3.0375242873779693,-3.0255209101097544,-3.0757374648102673,-3.030819886562115,-2.989565574620019,1.0532987490818142,5.0,1.0
16,34,14.0,15.0,703,678,25,-2.23339468804125,-3.0316226623601645,True,0.7982279743189147,-3.0375242873779693,-3.0255209101097544,-3.0757374648102673,-3.030819886562115,-2.989565574620019,0.7974251985208651,5.0,1.0
16,35,15.0,16.0,702,409,293,-2.6904972957199256,-3.0316226623601645,True,0.34112536664023896,-3.0375242873779693,-3.0255209101097544,-3.0757374648102673,-3.030819886562115,-2.989565574620019,0.3403225908421894,5.0,1.0
16,36,16.0,17.0,703,151,552,-3.070278730020965,-3.0316226623601645,True,-0.03865606766080054,-3.0375242873779693,-3.0255209101097544,-3.0757374648102673,-3.030819886562115,-2.989565574620019,-0.03945884345885009,2.0,-0.5
16,37,17.0,18.0,702,516,186,-3.160788331010427,-3.0316226623601645,True,-0.1291656686502627,-3.0375242873779693,-3.0255209101097544,-3.0757374648102673,-3.030819886562115,-2.989565574620019,-0.12996844444831224,1.0,-1.0
16,38,18.0,19.0,703,339,364,-3.2244492640688858,-3.0316226623601645,True,-0.19282660170872123,-3.0375242873779693,-3.0255209101097544,-3.0757374648102673,-3.030819886562115,-2.989565574620019,-0.19362937750677078,1.0,-1.0
16,39,19.0,20.0,702,202,500,-3.211620579130045,-3.0316226623601645,True,-0.17999791676988064,-3.0375242873779693,-3.0255209101097544,-3.0757374648102673,-3.030819886562115,-2.989565574620019,-0.1808006925679302,1.0,-1.0
17,0,-20.0,-19.0,702,297,405,-3.0374273036149892,-3.0339597862489547,True,-0.003467517366034567,-3.046955608661902,-3.028062927596013,-3.08326021991561,-3.0367597506142676,-2.9879886966282676,-0.0006675530007211883,3.0,0.0
17,1,-19.0,-18.0,703,237,466,-3.0744590465860306,-3.0339597862489547,True,-0.04049926033707596,-3.046955608661902,-3.028062927596013,-3.08326021991561,-3.0367597506142676,-2.9879886966282676,-0.03769929597176258,2.0,-0.5
17,2,-18.0,-17.0,702,398,304,-3.036092197613547,-3.0339597862489547,True,-0.0021324113645921905,-3.046955608661902,-3.028062927596013,-3.08326021991561,-3.0367597506142676,-2.9879886966282676,0.0006675530007207442,3.0,0.0
17,3,-17.0,-16.0,703,387,316,-3.0857800566348668,-3.0339597862489547,True,-0.05182027038591208,-3.046955608661902,-3.028062927596013,-3.08326021991561,-3.0367597506142676,-2.9879886966282676,-0.04902030602059915,1.0,-1.0
17,4,-16.0,-15.0,702,607,95,-3.081400684814224,-3.0339597862489547,True,-0.04744089856526923,-3.046955608661902,-3.028062927596013,-3.08326021991561,-3.0367597506142676,-2.9879886966282676,-0.044640934199956295,2.0,-0.5
17,5,-15.0,-14.0,703,603,100,-2.997544152672708,-3.0339597862489547,True,0.036415633576246886,-3.046955608661902,-3.028062927596013,-3.08326021991561,-3.0367597506142676,-2.9879886966282676,0.03921559794155982,4.0,0.5
17,6,-14.0,-13.0,703,457,246,-3.0059528859508347,-3.0339597862489547,True,0.02800690029812003,-3.046955608661902,-3.028062927596013,-3.08326021991561,-3.0367597506142676,-2.9879886966282676,0.030806864663432965,4.0,0.5
17,7,-13.0,-12.0,702,337,365,-3.1237913644677535,-3.0339597862489547,True,-0.08983157821879884,-3.046955608661902,-3.028062927596013,-3.08326021991561,-3.0367597506142676,-2.9879886966282676,-0.08703161385348546,1.0,-1.0
17,8,-12.0,-11.0,703,283,420,-3.082420274342524,-3.0339597862489547,True,-0.04846048809356951,-3.046955608661902,-3.028062927596013,-3.08326021991561,-3.0367597506142676,-2.9879886966282676,-0.045660523728256575,2.0,-0.5
17,9,-11.0,-10.0,702,285,417,-2.932879115999161,-3.0339597862489547,True,0.1010806702497935,-3.046955608661902,-3.028062927596013,-3.08326021991561,-3.0367597506142676,-2.9879886966282676,0.10388063461510644,5.0,1.0
17,10,-10.0,-9.0,703,504,199,-3.148272938780019,-3.0339597862489547,True,-0.11431315253106433,-3.046955608661902,-3.028062927596013,-3.08326021991561,-3.0367597506142676,-2.9879886966282676,-0.1115131881657514,1.0,-1.0
17,11,-9.0,-8.0,702,270,432,-3.193806059474412,-3.0339597862489547,True,-0.1598462732254573,-3.046955608661902,-3.028062927596013,-3.08326021991561,-3.0367597506142676,-2.9879886966282676,-0.15704630886014437,1.0,-1.0
17,12,-8.0,-7.0,703,303,400,-2.8786417485712015,-3.0339597862489547,True,0.1553180376777532,-3.046955608661902,-3.028062927596013,-3.08326021991561,-3.0367597506142676,-2.9879886966282676,0.15811800204306659,5.0,1.0
17,13,-7.0,-6.0,703,466,237,-2.924029887693336,-3.0339597862489547,True,0.10992989855561852,-3.046955608661902,-3.028062927596013,-3.08326021991561,-3.0367597506142676,-2.9879886966282676,0.11272986292093146,5.0,1.0
17,14,-6.0,-5.0,702,444,258,-3.0586013148303515,-3.0339597862489547,True,-0.024641528581396788,-3.046955608661902,-3.028062927596013,-3.08326021991561,-3.0367597506142676,-2.9879886966282676,-0.021841564216083853,2.0,-0.5
17,15,-5.0,-4.0,703,282,421,-2.9450046661802234,-3.0339597862489547,True,0.0889551200687313,-3.046955608661902,-3.028062927596013,-3.08326021991561,-3.0367597506142676,-2.9879886966282676,0.09175508443404423,5.0,1.0
17,16,-4.0,-3.0,702,510,192,-2.969080368076994,-3.0339597862489547,True,0.06487941817196052,-3.046955608661902,-3.028062927596013,-3.08326021991561,-3.0367597506142676,-2.9879886966282676,0.06767938253727346,5.0,1.0
17,17,-3.0,-2.0,703,526,177,-2.994291472812025,-3.0339597862489547,True,0.03966831343692956,-3.046955608661902,-3.028062927596013,-3.08326021991561,-3.0367597506142676,-2.9879886966282676,0.04246827780224249,4.0,0.5
17,18,-2.0,-1.0,702,445,257,-3.0182493753523607,-3.0339597862489547,True,0.015710410896593974,-3.046955608661902,-3.028062927596013,-3.08326021991561,-3.0367597506142676,-2.9879886966282676,0.01851037526190691,4.0,0.5
17,19,-1.0,0.0,703,440,263,-3.0914708105115283,-3.0339597862489547,True,-0.057511024262573596,-3.046955608661902,-3.028062927596013,-3.08326021991561,-3.0367597506142676,-2.9879886966282676,-0.05471105989726066,1.0,-1.0
17,20,0.0,1.0,702,345,357,-2.90018643752842,-3.0339597862489547,True,0.1337733487205348,-3.046955608661902,-3.028062927596013,-3.08326021991561,-3.0367597506142676,-2.9879886966282676,0.13657331308584775,5.0,1.0
17,21,1.0,2.0,703,405,298,-2.9890676114166075,-3.0339597862489547,True,0.0448921748323472,-3.046955608661902,-3.028062927596013,-3.08326021991561,-3.0367597506142676,-2.9879886966282676,0.04769213919766013,4.0,0.5
17,22,2.0,3.0,703,583,120,-3.0598269294732625,-3.0339597862489547,True,-0.02586714322430783,-3.046955608661902,-3.028062927596013,-3.08326021991561,-3.0367597506142676,-2.9879886966282676,-0.023067178858994897,2.0,-0.5
17,23,3.0,4.0,702,489,213,-3.07713334156263,-3.0339597862489547,True,-0.043173555313675394,-3.046955608661902,-3.028062927596013,-3.08326021991561,-3.0367597506142676,-2.9879886966282676,-0.04037359094836246,2.0,-0.5
17,24,4.0,5.0,703,466,237,-3.063542684469873,-3.0339597862489547,True,-0.02958289822091853,-3.046955608661902,-3.028062927596013,-3.08326021991561,-3.0367597506142676,-2.9879886966282676,-0.026782933855605595,2.0,-0.5
17,25,5.0,6.0,702,469,233,-2.9862816698016252,-3.0339597862489547,True,0.047678116447329444,-3.046955608661902,-3.028062927596013,-3.08326021991561,-3.0367597506142676,-2.9879886966282676,0.05047808081264282,5.0,1.0
17,26,6.0,7.0,703,406,297,-3.1083255775433822,-3.0339597862489547,True,-0.07436579129442755,-3.046955608661902,-3.028062927596013,-3.08326021991561,-3.0367597506142676,-2.9879886966282676,-0.07156582692911462,1.0,-1.0
17,27,7.0,8.0,702,492,210,-2.9788875418475267,-3.0339597862489547,True,0.055072244401427994,-3.046955608661902,-3.028062927596013,-3.08326021991561,-3.0367597506142676,-2.9879886966282676,0.05787220876674093,5.0,1.0
17,28,8.0,9.0,703,456,247,-2.9173520052354847,-3.0339597862489547,True,0.11660778101347002,-3.046955608661902,-3.028062927596013,-3.08326021991561,-3.0367597506142676,-2.9879886966282676,0.11940774537878296,5.0,1.0
17,29,9.0,10.0,703,495,208,-3.1216050262397284,-3.0339597862489547,True,-0.08764523999077367,-3.046955608661902,-3.028062927596013,-3.08326021991561,-3.0367597506142676,-2.9879886966282676,-0.08484527562546074,1.0,-1.0
17,30,10.0,11.0,702,534,168,-3.1309541404759806,-3.0339597862489547,True,-0.09699435422702596,-3.046955608661902,-3.028062927596013,-3.08326021991561,-3.0367597506142676,-2.9879886966282676,-0.09419438986171302,1.0,-1.0
17,31,11.0,12.0,703,460,243,-2.859814820491671,-3.0339597862489547,True,0.17414496575728355,-3.046955608661902,-3.028062927596013,-3.08326021991561,-3.0367597506142676,-2.9879886966282676,0.1769449301225965,5.0,1.0
17,32,12.0,13.0,702,532,170,-2.8897667443850596,-3.0339597862489547,True,0.14419304186389503,-3.046955608661902,-3.028062927596013,-3.08326021991561,-3.0367597506142676,-2.9879886966282676,0.14699300622920752,5.0,1.0
17,33,13.0,14.0,703,646,57,-2.3893419133305804,-3.0339597862489547,True,0.6446178729183742,-3.046955608661902,-3.028062927596013,-3.08326021991561,-3.0367597506142676,-2.9879886966282676,0.6474178372836872,5.0,1.0
17,34,14.0,15.0,702,457,245,-2.746123869420702,-3.0339597862489547,True,0.2878359168282527,-3.046955608661902,-3.028062927596013,-3.08326021991561,-3.0367597506142676,-2.9879886966282676,0.29063588119356565,5.0,1.0
17,35,15.0,16.0,703,442,261,-3.144715209293532,-3.0339597862489547,True,-0.1107554230445773,-3.046955608661902,-3.028062927596013,-3.08326021991561,-3.0367597506142676,-2.9879886966282676,-0.10795545867926437,1.0,-1.0
17,36,16.0,17.0,702,576,126,-3.105089816875582,-3.0339597862489547,True,-0.07113003062662715,-3.046955608661902,-3.028062927596013,-3.08326021991561,-3.0367597506142676,-2.9879886966282676,-0.06833006626131422,1.0,-1.0
17,37,17.0,18.0,703,530,173,-3.06942380892295,-3.0339597862489547,True,-0.03546402267399529,-3.046955608661902,-3.028062927596013,-3.08326021991561,-3.0367597506142676,-2.9879886966282676,-0.03266405830868235,2.0,-0.5
17,38,18.0,19.0,703,489,214,-2.944659509357606,-3.0339597862489547,True,0.08930027689134867,-3.046955608661902,-3.028062927596013,-3.08326021991561,-3.0367597506142676,-2.9879886966282676,0.09210024125666161,5.0,1.0
17,39,19.0,20.0,702,290,412,-3.070882065079618,-3.0339597862489547,True,-0.036922278830663124,-3.046955608661902,-3.028062927596013,-3.08326021991561,-3.0367597506142676,-2.9879886966282676,-0.03412231446535019,2.0,-0.5
18,0,-20.0,-19.0,702,262,440,-3.173078493346631,-3.0813432044027116,True,-0.09173528894391936,-3.12712796667593,-3.0623260576186984,-3.146310371887748,-3.0933958442329197,-3.0088703062202464,-0.07968264911371126,1.0,-1.0
18,1,-19.0,-18.0,703,378,325,-3.0088872404983706,-3.0813432044027116,True,0.07245596390434095,-3.12712796667593,-3.0623260576186984,-3.146310371887748,-3.0933958442329197,-3.0088703062202464,0.08450860373454949,4.0,0.5
18,2,-18.0,-17.0,702,174,528,-3.053895275693615,-3.0813432044027116,True,0.027447928709096736,-3.12712796667593,-3.0623260576186984,-3.146310371887748,-3.0933958442329197,-3.0088703062202464,0.03950056853930484,4.0,0.5
18,3,-17.0,-16.0,703,258,445,-3.004494230727922,-3.0813432044027116,True,0.07684897367478971,-3.12712796667593,-3.0623260576186984,-3.146310371887748,-3.0933958442329197,-3.0088703062202464,0.08890161350499781,5.0,1.0
18,4,-16.0,-15.0,702,170,532,-3.0692239701028576,-3.0813432044027116,True,0.012119234299853954,-3.12712796667593,-3.0623260576186984,-3.146310371887748,-3.0933958442329197,-3.0088703062202464,0.024171874130062054,3.0,0.0
18,5,-15.0,-14.0,703,366,337,-3.160378525390839,-3.0813432044027116,True,-0.07903532098812738,-3.12712796667593,-3.0623260576186984,-3.146310371887748,-3.0933958442329197,-3.0088703062202464,-0.06698268115791928,1.0,-1.0
18,6,-14.0,-13.0,702,162,540,-3.145372235497766,-3.0813432044027116,True,-0.0640290310950542,-3.12712796667593,-3.0623260576186984,-3.146310371887748,-3.0933958442329197,-3.0088703062202464,-0.0519763912648461,2.0,-0.5
18,7,-13.0,-12.0,703,390,313,-3.1175677183629817,-3.0813432044027116,True,-0.036224513960270155,-3.12712796667593,-3.0623260576186984,-3.146310371887748,-3.0933958442329197,-3.0088703062202464,-0.024171874130062054,3.0,0.0
18,8,-12.0,-11.0,703,366,337,-3.036077372761696,-3.0813432044027116,True,0.04526583164101572,-3.12712796667593,-3.0623260576186984,-3.146310371887748,-3.0933958442329197,-3.0088703062202464,0.05731847147122382,4.0,0.5
18,9,-11.0,-10.0,702,209,493,-3.0444519867152895,-3.0813432044027116,True,0.036891217687422095,-3.12712796667593,-3.0623260576186984,-3.146310371887748,-3.0933958442329197,-3.0088703062202464,0.04894385751763064,4.0,0.5
18,10,-10.0,-9.0,703,342,361,-3.1445615302748635,-3.0813432044027116,True,-0.06321832587215193,-3.12712796667593,-3.0623260576186984,-3.146310371887748,-3.0933958442329197,-3.0088703062202464,-0.051165686041943825,2.0,-0.5
18,11,-9.0,-8.0,702,273,429,-2.970952201343697,-3.0813432044027116,True,0.11039100305901473,-3.12712796667593,-3.0623260576186984,-3.146310371887748,-3.0933958442329197,-3.0088703062202464,0.12244364288922283,5.0,1.0
18,12,-8.0,-7.0,703,383,320,-3.1445932137909263,-3.0813432044027116,True,-0.06325000938821468,-3.12712796667593,-3.0623260576186984,-3.146310371887748,-3.0933958442329197,-3.0088703062202464,-0.05119736955800658,2.0,-0.5
18,13,-7.0,-6.0,702,415,287,-3.176373630032603,-3.0813432044027116,True,-0.09503042562989128,-3.12712796667593,-3.0623260576186984,-3.146310371887748,-3.0933958442329197,-3.0088703062202464,-0.08297778579968318,1.0,-1.0
18,14,-6.0,-5.0,703,354,349,-2.942810611449903,-3.0813432044027116,True,0.13853259295280873,-3.12712796667593,-3.0623260576186984,-3.146310371887748,-3.0933958442329197,-3.0088703062202464,0.15058523278301683,5.0,1.0
18,15,-5.0,-4.0,703,224,479,-2.987802129407278,-3.0813432044027116,True,0.09354107499543352,-3.12712796667593,-3.0623260576186984,-3.146310371887748,-3.0933958442329197,-3.0088703062202464,0.10559371482564162,5.0,1.0
18,16,-4.0,-3.0,702,191,511,-3.14958672359945,-3.0813432044027116,True,-0.06824351919673832,-3.12712796667593,-3.0623260576186984,-3.146310371887748,-3.0933958442329197,-3.0088703062202464,-0.05619087936653022,1.0,-1.0
18,17,-3.0,-2.0,703,202,501,-3.0088195033858756,-3.0813432044027116,True,0.07252370101683603,-3.12712796667593,-3.0623260576186984,-3.146310371887748,-3.0933958442329197,-3.0088703062202464,0.08457634084704369,5.0,1.0
18,18,-2.0,-1.0,702,368,334,-3.1388127146139784,-3.0813432044027116,True,-0.05746951021126678,-3.12712796667593,-3.0623260576186984,-3.146310371887748,-3.0933958442329197,-3.0088703062202464,-0.04541687038105868,2.0,-0.5
18,19,-1.0,0.0,703,371,332,-3.1491247810576937,-3.0813432044027116,True,-0.06778157665498208,-3.12712796667593,-3.0623260576186984,-3.146310371887748,-3.0933958442329197,-3.0088703062202464,-0.05572893682477398,1.0,-1.0
18,20,0.0,1.0,702,374,328,-3.1300533481129476,-3.0813432044027116,True,-0.048710143710235965,-3.12712796667593,-3.0623260576186984,-3.146310371887748,-3.0933958442329197,-3.0088703062202464,-0.03665750388002831,2.0,-0.5
18,21,1.0,2.0,703,275,428,-3.3006774188526444,-3.0813432044027116,True,-0.21933421444993284,-3.12712796667593,-3.0623260576186984,-3.146310371887748,-3.0933958442329197,-3.0088703062202464,-0.20728157461972474,1.0,-1.0
18,22,2.0,3.0,703,167,536,-3.248534700248566,-3.0813432044027116,True,-0.16719149584585447,-3.12712796667593,-3.0623260576186984,-3.146310371887748,-3.0933958442329197,-3.0088703062202464,-0.15513885601564636,1.0,-1.0
18,23,3.0,4.0,702,177,525,-3.017185747853249,-3.0813432044027116,True,0.06415745654946248,-3.12712796667593,-3.0623260576186984,-3.146310371887748,-3.0933958442329197,-3.0088703062202464,0.07621009637967058,4.0,0.5
18,24,4.0,5.0,703,167,536,-3.2214738039579536,-3.0813432044027116,True,-0.14013059955524199,-3.12712796667593,-3.0623260576186984,-3.146310371887748,-3.0933958442329197,-3.0088703062202464,-0.12807795972503389,1.0,-1.0
18,25,5.0,6.0,702,139,563,-3.1081260425143427,-3.0813432044027116,True,-0.02678283811163107,-3.12712796667593,-3.0623260576186984,-3.146310371887748,-3.0933958442329197,-3.0088703062202464,-0.014730198281422968,3.0,0.0
18,26,6.0,7.0,703,269,434,-3.042835526955264,-3.0813432044027116,True,0.03850767744744754,-3.12712796667593,-3.0623260576186984,-3.146310371887748,-3.0933958442329197,-3.0088703062202464,0.05056031727765564,4.0,0.5
18,27,7.0,8.0,702,255,447,-3.170509453703474,-3.0813432044027116,True,-0.08916624930076233,-3.12712796667593,-3.0623260576186984,-3.146310371887748,-3.0933958442329197,-3.0088703062202464,-0.07711360947055423,1.0,-1.0
18,28,8.0,9.0,703,286,417,-3.075795950442562,-3.0813432044027116,True,0.005547253960149767,-3.12712796667593,-3.0623260576186984,-3.146310371887748,-3.0933958442329197,-3.0088703062202464,0.017599893790357868,3.0,0.0
18,29,9.0,10.0,702,300,402,-3.280624885386821,-3.0813432044027116,True,-0.1992816809841096,-3.12712796667593,-3.0623260576186984,-3.146310371887748,-3.0933958442329197,-3.0088703062202464,-0.1872290411539015,1.0,-1.0
18,30,10.0,11.0,703,344,359,-3.1206842846440677,-3.0813432044027116,True,-0.039341080241356075,-3.12712796667593,-3.0623260576186984,-3.146310371887748,-3.0933958442329197,-3.0088703062202464,-0.027288440411148418,3.0,0.0
18,31,11.0,12.0,703,267,436,-3.151740978474565,-3.0813432044027116,True,-0.07039777407185355,-3.12712796667593,-3.0623260576186984,-3.146310371887748,-3.0933958442329197,-3.0088703062202464,-0.05834513424164545,1.0,-1.0
18,32,12.0,13.0,702,401,301,-2.981576512614777,-3.0813432044027116,True,0.09976669178793474,-3.12712796667593,-3.0623260576186984,-3.146310371887748,-3.0933958442329197,-3.0088703062202464,0.11181933161814284,5.0,1.0
18,33,13.0,14.0,703,653,50,-2.4941693891350663,-3.0813432044027116,True,0.5871738152676453,-3.12712796667593,-3.0623260576186984,-3.146310371887748,-3.0933958442329197,-3.0088703062202464,0.5992264550978534,5.0,1.0
18,34,14.0,15.0,702,503,199,-2.5282296363938483,-3.0813432044027116,True,0.5531135680088632,-3.12712796667593,-3.0623260576186984,-3.146310371887748,-3.0933958442329197,-3.0088703062202464,0.5651662078390713,5.0,1.0
18,35,15.0,16.0,703,351,352,-3.0367606740103295,-3.0813432044027116,True,0.044582530392382136,-3.12712796667593,-3.0623260576186984,-3.146310371887748,-3.0933958442329197,-3.0088703062202464,0.05663517022259068,4.0,0.5
18,36,16.0,17.0,702,257,445,-3.1884183276012856,-3.0813432044027116,True,-0.10707512319857404,-3.12712796667593,-3.0623260576186984,-3.146310371887748,-3.0933958442329197,-3.0088703062202464,-0.09502248336836594,1.0,-1.0
18,37,17.0,18.0,703,50,653,-3.29685126626679,-3.0813432044027116,True,-0.21550806186407856,-3.12712796667593,-3.0623260576186984,-3.146310371887748,-3.0933958442329197,-3.0088703062202464,-0.20345542203387046,1.0,-1.0
18,38,18.0,19.0,703,63,640,-3.183620458118449,-3.0813432044027116,True,-0.10227725371573726,-3.12712796667593,-3.0623260576186984,-3.146310371887748,-3.0933958442329197,-3.0088703062202464,-0.09022461388552916,1.0,-1.0
18,39,19.0,20.0,702,147,555,-3.2511505932433735,-3.0813432044027116,True,-0.16980738884066193,-3.12712796667593,-3.0623260576186984,-3.146310371887748,-3.0933958442329197,-3.0088703062202464,-0.1577547490104534,1.0,-1.0
19,0,-20.0,-19.0,702,456,246,-3.081435217534765,-3.0728933933541756,True,-0.008541824180589241,-3.071555593306319,-3.0617659010048026,-3.099702372799536,-3.0627704399922946,-3.049132049321503,-0.0186647775424702,2.0,-0.5
19,1,-19.0,-18.0,703,421,282,-3.086824542204437,-3.0728933933541756,True,-0.013931148850261366,-3.071555593306319,-3.0617659010048026,-3.099702372799536,-3.0627704399922946,-3.049132049321503,-0.024054102212142325,2.0,-0.5
19,2,-18.0,-17.0,702,380,322,-3.1069075231742516,-3.0728933933541756,True,-0.03401412982007601,-3.071555593306319,-3.0617659010048026,-3.099702372799536,-3.0627704399922946,-3.049132049321503,-0.044137083181957415,1.0,-1.0
19,3,-17.0,-16.0,703,453,250,-3.0973006560079637,-3.0728933933541756,True,-0.02440726265378812,-3.071555593306319,-3.0617659010048026,-3.099702372799536,-3.0627704399922946,-3.049132049321503,-0.034530216015669524,2.0,-0.5
19,4,-16.0,-15.0,703,379,324,-3.083111242530359,-3.0728933933541756,True,-0.010217849176183513,-3.071555593306319,-3.0617659010048026,-3.099702372799536,-3.0627704399922946,-3.049132049321503,-0.020340802538064473,2.0,-0.5
19,5,-15.0,-14.0,702,408,294,-2.997034128556204,-3.0728933933541756,True,0.07585926479797145,-3.071555593306319,-3.0617659010048026,-3.099702372799536,-3.0627704399922946,-3.049132049321503,0.06573631143609049,5.0,1.0
19,6,-14.0,-13.0,703,413,290,-3.0376497678201164,-3.0728933933541756,True,0.03524362553405913,-3.071555593306319,-3.0617659010048026,-3.099702372799536,-3.0627704399922946,-3.049132049321503,0.02512067217217817,5.0,1.0
19,7,-13.0,-12.0,702,599,103,-3.144667189130362,-3.0728933933541756,True,-0.07177379577618659,-3.071555593306319,-3.0617659010048026,-3.099702372799536,-3.0627704399922946,-3.049132049321503,-0.08189674913806755,1.0,-1.0
19,8,-12.0,-11.0,703,495,208,-3.060491977182624,-3.0728933933541756,True,0.01240141617155155,-3.071555593306319,-3.0617659010048026,-3.099702372799536,-3.0627704399922946,-3.049132049321503,0.0022784628096705895,4.0,0.5
19,9,-11.0,-10.0,702,449,253,-3.120209043168021,-3.0728933933541756,True,-0.04731564981384562,-3.071555593306319,-3.0617659010048026,-3.099702372799536,-3.0627704399922946,-3.049132049321503,-0.05743860317572658,1.0,-1.0
19,10,-10.0,-9.0,703,533,170,-3.002822414636838,-3.0728933933541756,True,0.0700709787173377,-3.071555593306319,-3.0617659010048026,-3.099702372799536,-3.0627704399922946,-3.049132049321503,0.059948025355456735,5.0,1.0
19,11,-9.0,-8.0,703,295,408,-3.063472264392136,-3.0728933933541756,True,0.009421128962039393,-3.071555593306319,-3.0617659010048026,-3.099702372799536,-3.0627704399922946,-3.049132049321503,-0.0007018243998415663,3.0,0.0
19,12,-8.0,-7.0,702,460,242,-3.1415422942694216,-3.0728933933541756,True,-0.068648900915246,-3.071555593306319,-3.0617659010048026,-3.099702372799536,-3.0627704399922946,-3.049132049321503,-0.07877185427712696,1.0,-1.0
19,13,-7.0,-6.0,703,461,242,-3.182113754117087,-3.0728933933541756,True,-0.10922036076291164,-3.071555593306319,-3.0617659010048026,-3.099702372799536,-3.0627704399922946,-3.049132049321503,-0.1193433141247926,1.0,-1.0
19,14,-6.0,-5.0,702,462,240,-3.052959476488632,-3.0728933933541756,True,0.019933916865543466,-3.071555593306319,-3.0617659010048026,-3.099702372799536,-3.0627704399922946,-3.049132049321503,0.009810963503662506,4.0,0.5
19,15,-5.0,-4.0,703,387,316,-2.991390307061703,-3.0728933933541756,True,0.08150308629247238,-3.071555593306319,-3.0617659010048026,-3.099702372799536,-3.0627704399922946,-3.049132049321503,0.07138013293059142,5.0,1.0
19,16,-4.0,-3.0,702,464,238,-3.029251129899905,-3.0728933933541756,True,0.04364226345427058,-3.071555593306319,-3.0617659010048026,-3.099702372799536,-3.0627704399922946,-3.049132049321503,0.03351931009238962,5.0,1.0
19,17,-3.0,-2.0,703,358,345,-3.0552204068074396,-3.0728933933541756,True,0.01767298654673599,-3.071555593306319,-3.0617659010048026,-3.099702372799536,-3.0627704399922946,-3.049132049321503,0.007550033184854588,4.0,0.5
19,18,-2.0,-1.0,702,592,110,-3.062068615592453,-3.0728933933541756,True,0.010824777761722526,-3.071555593306319,-3.0617659010048026,-3.099702372799536,-3.0627704399922946,-3.049132049321503,0.0007018243998415663,3.0,0.0
19,19,-1.0,0.0,703,488,215,-3.0613959165087854,-3.0728933933541756,True,0.011497476845390153,-3.071555593306319,-3.0617659010048026,-3.099702372799536,-3.0627704399922946,-3.049132049321503,0.0013745234835091935,4.0,0.5
19,20,0.0,1.0,703,348,355,-3.000429688529028,-3.0728933933541756,True,0.07246370482514752,-3.071555593306319,-3.0617659010048026,-3.099702372799536,-3.0627704399922946,-3.049132049321503,0.062340751463266564,5.0,1.0
19,21,1.0,2.0,702,408,294,-3.164963668326321,-3.0728933933541756,True,-0.0920702749721456,-3.071555593306319,-3.0617659010048026,-3.099702372799536,-3.0627704399922946,-3.049132049321503,-0.10219322833402655,1.0,-1.0
19,22,2.0,3.0,703,461,242,-3.0871523730181045,-3.0728933933541756,True,-0.014258979663928972,-3.071555593306319,-3.0617659010048026,-3.099702372799536,-3.0627704399922946,-3.049132049321503,-0.024381933025809932,2.0,-0.5
19,23,3.0,4.0,702,314,388,-3.2003657879449756,-3.0728933933541756,True,-0.12747239459080006,-3.071555593306319,-3.0617659010048026,-3.099702372799536,-3.0627704399922946,-3.049132049321503,-0.13759534795268147,1.0,-1.0
19,24,4.0,5.0,703,383,320,-2.969936282020531,-3.0728933933541756,True,0.10295711133364449,-3.071555593306319,-3.0617659010048026,-3.099702372799536,-3.0627704399922946,-3.049132049321503,0.09283415797176353,5.0,1.0
19,25,5.0,6.0,702,459,243,-3.0378246854794053,-3.0728933933541756,True,0.03506870787477023,-3.071555593306319,-3.0617659010048026,-3.099702372799536,-3.0627704399922946,-3.049132049321503,0.024945754512889273,5.0,1.0
19,26,6.0,7.0,703,53,650,-3.211104202130226,-3.0728933933541756,True,-0.13821080877605052,-3.071555593306319,-3.0617659010048026,-3.099702372799536,-3.0627704399922946,-3.049132049321503,-0.14833376213793148,1.0,-1.0
19,27,7.0,8.0,703,405,298,-3.077661722937308,-3.0728933933541756,True,-0.004768329583132669,-3.071555593306319,-3.0617659010048026,-3.099702372799536,-3.0627704399922946,-3.049132049321503,-0.014891282945013629,2.0,-0.5
19,28,8.0,9.0,702,302,400,-3.1207935136625045,-3.0728933933541756,True,-0.04790012030832891,-3.071555593306319,-3.0617659010048026,-3.099702372799536,-3.0627704399922946,-3.049132049321503,-0.05802307367020987,1.0,-1.0
19,29,9.0,10.0,703,478,225,-3.1636167284946772,-3.0728933933541756,True,-0.09072333514050168,-3.071555593306319,-3.0617659010048026,-3.099702372799536,-3.0627704399922946,-3.049132049321503,-0.1008462885023822,1.0,-1.0
19,30,10.0,11.0,702,355,347,-2.96627360281841,-3.0728933933541756,True,0.10661979053576554,-3.071555593306319,-3.0617659010048026,-3.099702372799536,-3.0627704399922946,-3.049132049321503,0.09649683717388458,5.0,1.0
19,31,11.0,12.0,703,300,403,-2.9977270406099525,-3.0728933933541756,True,0.07516635274422301,-3.071555593306319,-3.0617659010048026,-3.099702372799536,-3.0627704399922946,-3.049132049321503,0.06504339938234205,5.0,1.0
19,32,12.0,13.0,702,439,263,-3.0763113601730105,-3.0728933933541756,True,-0.0034179668188349943,-3.071555593306319,-3.0617659010048026,-3.099702372799536,-3.0627704399922946,-3.049132049321503,-0.013540920180715954,2.0,-0.5
19,33,13.0,14.0,703,600,103,-2.4306891976998473,-3.0728933933541756,True,0.6422041956543283,-3.071555593306319,-3.0617659010048026,-3.099702372799536,-3.0627704399922946,-3.049132049321503,0.6320812422924469,5.0,1.0
19,34,14.0,15.0,702,454,248,-2.6904863261717793,-3.0728933933541756,True,0.38240706718239625,-3.071555593306319,-3.0617659010048026,-3.099702372799536,-3.0627704399922946,-3.049132049321503,0.37228411382051485,5.0,1.0
19,35,15.0,16.0,703,285,418,-2.8841404569337734,-3.0728933933541756,True,0.18875293642040214,-3.071555593306319,-3.0617659010048026,-3.099702372799536,-3.0627704399922946,-3.049132049321503,0.17862998305852118,5.0,1.0
19,36,16.0,17.0,703,268,435,-3.263857105408851,-3.0728933933541756,True,-0.19096371205467566,-3.071555593306319,-3.0617659010048026,-3.099702372799536,-3.0627704399922946,-3.049132049321503,-0.20108666541655662,1.0,-1.0
19,37,17.0,18.0,702,279,423,-3.238438917395832,-3.0728933933541756,True,-0.16554552404165657,-3.071555593306319,-3.0617659010048026,-3.099702372799536,-3.0627704399922946,-3.049132049321503,-0.17566847740353753,1.0,-1.0
19,38,18.0,19.0,703,305,398,-3.1165090674951594,-3.0728933933541756,True,-0.043615674140983884,-3.071555593306319,-3.0617659010048026,-3.099702372799536,-3.0627704399922946,-3.049132049321503,-0.053738627502864844,1.0,-1.0
19,39,19.0,20.0,702,543,159,-3.0543993687563176,-3.0728933933541756,True,0.018494024597857983,-3.071555593306319,-3.0617659010048026,-3.099702372799536,-3.0627704399922946,-3.049132049321503,0.008371071235977023,4.0,0.5
20,0,-20.0,-19.0,703,540,163,-2.948865137434106,-2.95238126347894,True,0.003516126044833978,-2.984222751343722,-2.9647535250629393,-3.006550801226738,-2.9756535472642582,-2.8894591195006907,0.026788409830152293,4.0,0.5
20,1,-19.0,-18.0,702,613,89,-2.9743565806609227,-2.95238126347894,True,-0.021975317181982756,-2.984222751343722,-2.9647535250629393,-3.006550801226738,-2.9756535472642582,-2.8894591195006907,0.0012969666033355587,3.0,0.0
20,2,-18.0,-17.0,703,521,182,-2.9530164571098485,-2.95238126347894,True,-0.0006351936309085815,-2.984222751343722,-2.9647535250629393,-3.006550801226738,-2.9756535472642582,-2.8894591195006907,0.022637090154409734,4.0,0.5
20,3,-17.0,-16.0,702,522,180,-2.9931110415923223,-2.95238126347894,True,-0.04072977811338241,-2.984222751343722,-2.9647535250629393,-3.006550801226738,-2.9756535472642582,-2.8894591195006907,-0.017457494328064094,2.0,-0.5
20,4,-16.0,-15.0,703,292,411,-2.852702384300719,-2.95238126347894,True,0.09967887917822082,-2.984222751343722,-2.9647535250629393,-3.006550801226738,-2.9756535472642582,-2.8894591195006907,0.12295116296353914,5.0,1.0
20,5,-15.0,-14.0,702,399,303,-2.8011040175910646,-2.95238126347894,True,0.15127724588787528,-2.984222751343722,-2.9647535250629393,-3.006550801226738,-2.9756535472642582,-2.8894591195006907,0.1745495296731936,5.0,1.0
20,6,-14.0,-13.0,703,281,422,-2.999887727176217,-2.95238126347894,True,-0.04750646369727729,-2.984222751343722,-2.9647535250629393,-3.006550801226738,-2.9756535472642582,-2.8894591195006907,-0.024234179911958975,2.0,-0.5
20,7,-13.0,-12.0,702,477,225,-3.0351726760771736,-2.95238126347894,True,-0.08279141259823364,-2.984222751343722,-2.9647535250629393,-3.006550801226738,-2.9756535472642582,-2.8894591195006907,-0.05951912881291532,1.0,-1.0
20,8,-12.0,-11.0,703,437,266,-3.039870545863328,-2.95238126347894,True,-0.08748928238438802,-2.984222751343722,-2.9647535250629393,-3.006550801226738,-2.9756535472642582,-2.8894591195006907,-0.06421699859906971,1.0,-1.0
20,9,-11.0,-10.0,703,465,238,-3.0055452215621554,-2.95238126347894,True,-0.0531639580832155,-2.984222751343722,-2.9647535250629393,-3.006550801226738,-2.9756535472642582,-2.8894591195006907,-0.029891674297897186,2.0,-0.5
20,10,-10.0,-9.0,702,590,112,-3.085346339635808,-2.95238126347894,True,-0.13296507615686792,-2.984222751343722,-2.9647535250629393,-3.006550801226738,-2.9756535472642582,-2.8894591195006907,-0.10969279237154961,1.0,-1.0
20,11,-9.0,-8.0,703,449,254,-3.1044659217995463,-2.95238126347894,True,-0.15208465832060636,-2.984222751343722,-2.9647535250629393,-3.006550801226738,-2.9756535472642582,-2.8894591195006907,-0.12881237453528804,1.0,-1.0
20,12,-8.0,-7.0,702,309,393,-2.8910519304771767,-2.95238126347894,True,0.06132933300176324,-2.984222751343722,-2.9647535250629393,-3.006550801226738,-2.9756535472642582,-2.8894591195006907,0.08460161678708156,4.0,0.5
20,13,-7.0,-6.0,703,390,313,-3.0095675402204867,-2.95238126347894,True,-0.05718627674154675,-2.984222751343722,-2.9647535250629393,-3.006550801226738,-2.9756535472642582,-2.8894591195006907,-0.033913992956228434,1.0,-1.0
20,14,-6.0,-5.0,702,418,284,-2.917097232161689,-2.95238126347894,True,0.035284031317250886,-2.984222751343722,-2.9647535250629393,-3.006550801226738,-2.9756535472642582,-2.8894591195006907,0.0585563151025692,4.0,0.5
20,15,-5.0,-4.0,703,475,228,-2.994918095523731,-2.95238126347894,True,-0.04253683204479097,-2.984222751343722,-2.9647535250629393,-3.006550801226738,-2.9756535472642582,-2.8894591195006907,-0.019264548259472658,2.0,-0.5
20,16,-4.0,-3.0,703,320,383,-2.7548248897936647,-2.95238126347894,True,0.19755637368527523,-2.984222751343722,-2.9647535250629393,-3.006550801226738,-2.9756535472642582,-2.8894591195006907,0.22082865747059355,5.0,1.0
20,17,-3.0,-2.0,702,149,553,-2.825090330160022,-2.95238126347894,True,0.12729093331891805,-2.984222751343722,-2.9647535250629393,-3.006550801226738,-2.9756535472642582,-2.8894591195006907,0.15056321710423637,5.0,1.0
20,18,-2.0,-1.0,703,461,242,-2.9769505138675942,-2.95238126347894,True,-0.024569250388654318,-2.984222751343722,-2.9647535250629393,-3.006550801226738,-2.9756535472642582,-2.8894591195006907,-0.0012969666033360028,3.0,0.0
20,19,-1.0,0.0,702,446,256,-2.8846806865712327,-2.95238126347894,True,0.06770057690770726,-2.984222751343722,-2.9647535250629393,-3.006550801226738,-2.9756535472642582,-2.8894591195006907,0.09097286069302557,5.0,1.0
20,20,0.0,1.0,703,590,113,-3.0569470718624676,-2.95238126347894,True,-0.10456580838352769,-2.984222751343722,-2.9647535250629393,-3.006550801226738,-2.9756535472642582,-2.8894591195006907,-0.08129352459820982,1.0,-1.0
20,21,1.0,2.0,702,267,435,-2.9551594901031617,-2.95238126347894,True,-0.00277822662422178,-2.984222751343722,-2.9647535250629393,-3.006550801226738,-2.9756535472642582,-2.8894591195006907,0.020494057161096535,4.0,0.5
20,22,2.0,3.0,703,283,420,-2.923663110785054,-2.95238126347894,True,0.028718152693886,-2.984222751343722,-2.9647535250629393,-3.006550801226738,-2.9756535472642582,-2.8894591195006907,0.051990436479204316,4.0,0.5
20,23,3.0,4.0,703,206,497,-3.067189679612441,-2.95238126347894,True,-0.11480841613350101,-2.984222751343722,-2.9647535250629393,-3.006550801226738,-2.9756535472642582,-2.8894591195006907,-0.0915361323481827,1.0,-1.0
20,24,4.0,5.0,702,515,187,-2.983682437991545,-2.95238126347894,True,-0.03130117451260528,-2.984222751343722,-2.9647535250629393,-3.006550801226738,-2.9756535472642582,-2.8894591195006907,-0.008028890727286964,3.0,0.0
20,25,5.0,6.0,703,286,417,-3.004068891690714,-2.95238126347894,True,-0.05168762821177397,-2.984222751343722,-2.9647535250629393,-3.006550801226738,-2.9756535472642582,-2.8894591195006907,-0.028415344426455658,2.0,-0.5
20,26,6.0,7.0,702,376,326,-2.9512378190368858,-2.95238126347894,True,0.0011434444420541645,-2.984222751343722,-2.9647535250629393,-3.006550801226738,-2.9756535472642582,-2.8894591195006907,0.02441572822737248,4.0,0.5
20,27,7.0,8.0,703,213,490,-2.99114152994431,-2.95238126347894,True,-0.03876026646537012,-2.984222751343722,-2.9647535250629393,-3.006550801226738,-2.9756535472642582,-2.8894591195006907,-0.015487982680051804,2.0,-0.5
20,28,8.0,9.0,702,394,308,-3.1156705815444905,-2.95238126347894,True,-0.16328931806555058,-2.984222751343722,-2.9647535250629393,-3.006550801226738,-2.9756535472642582,-2.8894591195006907,-0.14001703428023227,1.0,-1.0
20,29,9.0,10.0,703,288,415,-2.914714501285457,-2.95238126347894,True,0.03766676219348275,-2.984222751343722,-2.9647535250629393,-3.006550801226738,-2.9756535472642582,-2.8894591195006907,0.060939045978801065,4.0,0.5
20,30,10.0,11.0,702,369,333,-3.00205092400305,-2.95238126347894,True,-0.04966966052411026,-2.984222751343722,-2.9647535250629393,-3.006550801226738,-2.9756535472642582,-2.8894591195006907,-0.026397376738791944,2.0,-0.5
20,31,11.0,12.0,703,520,183,-3.224640879536318,-2.95238126347894,True,-0.27225961605737803,-2.984222751343722,-2.9647535250629393,-3.006550801226738,-2.9756535472642582,-2.8894591195006907,-0.2489873322720597,1.0,-1.0
20,32,12.0,13.0,703,205,498,-2.845609148674274,-2.95238126347894,True,0.10677211480466609,-2.984222751343722,-2.9647535250629393,-3.006550801226738,-2.9756535472642582,-2.8894591195006907,0.1300443985899844,5.0,1.0
20,33,13.0,14.0,702,551,151,-2.5044662598936065,-2.95238126347894,True,0.4479150035853334,-2.984222751343722,-2.9647535250629393,-3.006550801226738,-2.9756535472642582,-2.8894591195006907,0.47118728737065174,5.0,1.0
20,34,14.0,15.0,703,342,361,-2.86693162930108,-2.95238126347894,True,0.08544963417786011,-2.984222751343722,-2.9647535250629393,-3.006550801226738,-2.9756535472642582,-2.8894591195006907,0.10872191796317843,5.0,1.0
20,35,15.0,16.0,702,256,446,-2.9467010723848217,-2.95238126347894,True,0.005680191094118214,-2.984222751343722,-2.9647535250629393,-3.006550801226738,-2.9756535472642582,-2.8894591195006907,0.02895247487943653,4.0,0.5
20,36,16.0,17.0,703,292,411,-2.576743520072276,-2.95238126347894,True,0.375637743406664,-2.984222751343722,-2.9647535250629393,-3.006550801226738,-2.9756535472642582,-2.8894591195006907,0.3989100271919823,5.0,1.0
20,37,17.0,18.0,702,220,482,-3.0699151265604074,-2.95238126347894,True,-0.11753386308146752,-2.984222751343722,-2.9647535250629393,-3.006550801226738,-2.9756535472642582,-2.8894591195006907,-0.0942615792961492,1.0,-1.0
20,38,18.0,19.0,703,512,191,-3.1947537166067717,-2.95238126347894,True,-0.24237245312783173,-2.984222751343722,-2.9647535250629393,-3.006550801226738,-2.9756535472642582,-2.8894591195006907,-0.21910016934251386,1.0,-1.0
20,39,19.0,20.0,703,542,161,-3.195834049854006,-2.95238126347894,True,-0.24345278637506595,-2.984222751343722,-2.9647535250629393,-3.006550801226738,-2.9756535472642582,-2.8894591195006907,-0.22018050258974764,1.0,-1.0
21,0,-20.0,-19.0,702,413,289,-2.957319863183221,-2.991473474252339,True,0.03415361106911785,-2.9968316258132264,-2.985164472304173,-3.0283903367916705,-2.987534789864779,-2.954537595834221,0.03021492668155812,4.0,0.5
21,1,-19.0,-18.0,703,440,263,-3.0193215224574694,-2.991473474252339,True,-0.02784804820513065,-2.9968316258132264,-2.985164472304173,-3.0283903367916705,-2.987534789864779,-2.954537595834221,-0.03178673259268994,2.0,-0.5
21,2,-18.0,-17.0,702,427,275,-2.9460694819708975,-2.991473474252339,True,0.04540399228144132,-2.9968316258132264,-2.985164472304173,-3.0283903367916705,-2.987534789864779,-2.954537595834221,0.04146530789388203,5.0,1.0
21,3,-17.0,-16.0,703,364,339,-2.982487636890904,-2.991473474252339,True,0.008985837361434879,-2.9968316258132264,-2.985164472304173,-3.0283903367916705,-2.987534789864779,-2.954537595834221,0.005047152973875146,4.0,0.5
21,4,-16.0,-15.0,702,497,205,-3.17349964439623,-2.991473474252339,True,-0.182026170143891,-2.9968316258132264,-2.985164472304173,-3.0283903367916705,-2.987534789864779,-2.954537595834221,-0.18596485453145073,1.0,-1.0
21,5,-15.0,-14.0,703,277,426,-3.0273113173660327,-2.991473474252339,True,-0.03583784311369387,-2.9968316258132264,-2.985164472304173,-3.0283903367916705,-2.987534789864779,-2.954537595834221,-0.0397765275012536,2.0,-0.5
21,6,-14.0,-13.0,703,316,387,-2.987714969359984,-2.991473474252339,True,0.0037585048923549635,-2.9968316258132264,-2.985164472304173,-3.0283903367916705,-2.987534789864779,-2.954537595834221,-0.00018017949520476861,3.0,0.0
21,7,-13.0,-12.0,702,502,200,-3.0132409381179186,-2.991473474252339,True,-0.021767463865579817,-2.9968316258132264,-2.985164472304173,-3.0283903367916705,-2.987534789864779,-2.954537595834221,-0.02570614825313955,2.0,-0.5
21,8,-12.0,-11.0,703,372,331,-2.9149184818381793,-2.991473474252339,True,0.07655499241415953,-2.9968316258132264,-2.985164472304173,-3.0283903367916705,-2.987534789864779,-2.954537595834221,0.07261630802659935,5.0,1.0
21,9,-11.0,-10.0,702,310,392,-2.9781724221948855,-2.991473474252339,True,0.013301052057453244,-2.9968316258132264,-2.985164472304173,-3.0283903367916705,-2.987534789864779,-2.954537595834221,0.009362367669893956,4.0,0.5
21,10,-10.0,-9.0,703,373,330,-2.9757145327721393,-2.991473474252339,True,0.015758941480199518,-2.9968316258132264,-2.985164472304173,-3.0283903367916705,-2.987534789864779,-2.954537595834221,0.011820257092639341,4.0,0.5
21,11,-9.0,-8.0,702,507,195,-3.042778889166768,-2.991473474252339,True,-0.05130541491442919,-2.9968316258132264,-2.985164472304173,-3.0283903367916705,-2.987534789864779,-2.954537595834221,-0.055244099301988925,1.0,-1.0
21,12,-8.0,-7.0,703,459,244,-3.0577203756385423,-2.991473474252339,True,-0.06624690138620348,-2.9968316258132264,-2.985164472304173,-3.0283903367916705,-2.987534789864779,-2.954537595834221,-0.07018558577376321,1.0,-1.0
21,13,-7.0,-6.0,702,361,341,-2.9873546103695747,-2.991473474252339,True,0.004118863882764057,-2.9968316258132264,-2.985164472304173,-3.0283903367916705,-2.987534789864779,-2.954537595834221,0.00018017949520432452,3.0,0.0
21,14,-6.0,-5.0,703,378,325,-2.9163414245689565,-2.991473474252339,True,0.07513204968338227,-2.9968316258132264,-2.985164472304173,-3.0283903367916705,-2.987534789864779,-2.954537595834221,0.07119336529582254,5.0,1.0
21,15,-5.0,-4.0,703,371,332,-3.007974205922745,-2.991473474252339,True,-0.01650073167040622,-2.9968316258132264,-2.985164472304173,-3.0283903367916705,-2.987534789864779,-2.954537595834221,-0.020439416057965953,2.0,-0.5
21,16,-4.0,-3.0,702,340,362,-3.058414976257473,-2.991473474252339,True,-0.06694150200513427,-2.9968316258132264,-2.985164472304173,-3.0283903367916705,-2.987534789864779,-2.954537595834221,-0.070880186392694,1.0,-1.0
21,17,-3.0,-2.0,703,435,268,-2.946190793787221,-2.991473474252339,True,0.04528268046511785,-2.9968316258132264,-2.985164472304173,-3.0283903367916705,-2.987534789864779,-2.954537595834221,0.04134399607755812,5.0,1.0
21,18,-2.0,-1.0,702,332,370,-2.8052960037190395,-2.991473474252339,True,0.18617747053329925,-2.9968316258132264,-2.985164472304173,-3.0283903367916705,-2.987534789864779,-2.954537595834221,0.18223878614573952,5.0,1.0
21,19,-1.0,0.0,703,373,330,-3.0316273950685835,-2.991473474252339,True,-0.04015392081624469,-2.9968316258132264,-2.985164472304173,-3.0283903367916705,-2.987534789864779,-2.954537595834221,-0.044092605203804425,1.0,-1.0
21,20,0.0,1.0,702,451,251,-3.1707071639925526,-2.991473474252339,True,-0.1792336897402138,-2.9968316258132264,-2.985164472304173,-3.0283903367916705,-2.987534789864779,-2.954537595834221,-0.18317237412777354,1.0,-1.0
21,21,1.0,2.0,703,468,235,-2.992101283223671,-2.991473474252339,True,-0.0006278089713322998,-2.9968316258132264,-2.985164472304173,-3.0283903367916705,-2.987534789864779,-2.954537595834221,-0.004566493358892032,3.0,0.0
21,22,2.0,3.0,703,391,312,-3.097371605938586,-2.991473474252339,True,-0.10589813168624707,-2.9968316258132264,-2.985164472304173,-3.0283903367916705,-2.987534789864779,-2.954537595834221,-0.1098368160738068,1.0,-1.0
21,23,3.0,4.0,702,333,369,-3.161049630530704,-2.991473474252339,True,-0.1695761562783651,-2.9968316258132264,-2.985164472304173,-3.0283903367916705,-2.987534789864779,-2.954537595834221,-0.17351484066592482,1.0,-1.0
21,24,4.0,5.0,703,558,145,-3.0507278622422533,-2.991473474252339,True,-0.05925438798991456,-2.9968316258132264,-2.985164472304173,-3.0283903367916705,-2.987534789864779,-2.954537595834221,-0.06319307237747429,1.0,-1.0
21,25,5.0,6.0,702,450,252,-3.1028557077474823,-2.991473474252339,True,-0.11138223349514353,-2.9968316258132264,-2.985164472304173,-3.0283903367916705,-2.987534789864779,-2.954537595834221,-0.11532091788270327,1.0,-1.0
21,26,6.0,7.0,703,430,273,-2.9836562286149344,-2.991473474252339,True,0.00781724563740438,-2.9968316258132264,-2.985164472304173,-3.0283903367916705,-2.987534789864779,-2.954537595834221,0.0038785612498446476,4.0,0.5
21,27,7.0,8.0,702,500,202,-2.9817136151674726,-2.991473474252339,True,0.009759859084866207,-2.9968316258132264,-2.985164472304173,-3.0283903367916705,-2.987534789864779,-2.954537595834221,0.005821174697306031,4.0,0.5
21,28,8.0,9.0,703,462,241,-3.2121697432333796,-2.991473474252339,True,-0.22069626898104078,-2.9968316258132264,-2.985164472304173,-3.0283903367916705,-2.987534789864779,-2.954537595834221,-0.22463495336860095,1.0,-1.0
21,29,9.0,10.0,702,558,144,-3.0272597088080664,-2.991473474252339,True,-0.0357862345557276,-2.9968316258132264,-2.985164472304173,-3.0283903367916705,-2.987534789864779,-2.954537595834221,-0.039724918943287335,2.0,-0.5
21,30,10.0,11.0,703,415,288,-3.180460861046125,-2.991473474252339,True,-0.18898738679378635,-2.9968316258132264,-2.985164472304173,-3.0283903367916705,-2.987534789864779,-2.954537595834221,-0.19292607118134608,1.0,-1.0
21,31,11.0,12.0,703,307,396,-2.872529803448875,-2.991473474252339,True,0.11894367080346369,-2.9968316258132264,-2.985164472304173,-3.0283903367916705,-2.987534789864779,-2.954537595834221,0.11500498641590395,5.0,1.0
21,32,12.0,13.0,702,546,156,-3.0441386886579664,-2.991473474252339,True,-0.05266521440562766,-2.9968316258132264,-2.985164472304173,-3.0283903367916705,-2.987534789864779,-2.954537595834221,-0.05660389879318739,1.0,-1.0
21,33,13.0,14.0,703,676,27,-2.649302888410776,-2.991473474252339,True,0.3421705858415627,-2.9968316258132264,-2.985164472304173,-3.0283903367916705,-2.987534789864779,-2.954537595834221,0.33823190145400295,5.0,1.0
21,34,14.0,15.0,702,493,209,-2.5606448935392248,-2.991473474252339,True,0.43082858071311403,-2.9968316258132264,-2.985164472304173,-3.0283903367916705,-2.987534789864779,-2.954537595834221,0.4268898963255543,5.0,1.0
21,35,15.0,16.0,703,331,372,-2.7097742763662502,-2.991473474252339,True,0.28169919788608855,-2.9968316258132264,-2.985164472304173,-3.0283903367916705,-2.987534789864779,-2.954537595834221,0.2777605134985288,5.0,1.0
21,36,16.0,17.0,702,207,495,-3.2731465718413273,-2.991473474252339,True,-0.2816730975889885,-2.9968316258132264,-2.985164472304173,-3.0283903367916705,-2.987534789864779,-2.954537595834221,-0.2856117819765487,1.0,-1.0
21,37,17.0,18.0,703,335,368,-3.18892347351451,-2.991473474252339,True,-0.19744999926217144,-2.9968316258132264,-2.985164472304173,-3.0283903367916705,-2.987534789864779,-2.954537595834221,-0.20138868364973117,1.0,-1.0
21,38,18.0,19.0,703,443,260,-3.134348702440161,-2.991473474252339,True,-0.14287522818782206,-2.9968316258132264,-2.985164472304173,-3.0283903367916705,-2.987534789864779,-2.954537595834221,-0.1468139125753818,1.0,-1.0
21,39,19.0,20.0,702,244,458,-3.0304392042351553,-2.991473474252339,True,-0.038965729982816555,-2.9968316258132264,-2.985164472304173,-3.0283903367916705,-2.987534789864779,-2.954537595834221,-0.04290441437037673,1.0,-1.0
22,0,-20.0,-19.0,703,579,124,-3.100482462893886,-2.988089013610446,True,-0.11239344928343975,-3.0002719732050176,-2.971158991828555,-3.0353187877844556,-2.981989314283243,-2.9377866361450917,-0.11849314861064286,1.0,-1.0
22,1,-19.0,-18.0,702,347,355,-2.9922267695965843,-2.988089013610446,True,-0.004137755986138192,-3.0002719732050176,-2.971158991828555,-3.0353187877844556,-2.981989314283243,-2.9377866361450917,-0.010237455313341304,3.0,0.0
22,2,-18.0,-17.0,703,471,232,-3.0352497906326006,-2.988089013610446,True,-0.04716077702215449,-3.0002719732050176,-2.971158991828555,-3.0353187877844556,-2.981989314283243,-2.9377866361450917,-0.0532604763493576,2.0,-0.5
22,3,-17.0,-16.0,702,551,151,-3.138224205989907,-2.988089013610446,True,-0.15013519237946094,-3.0002719732050176,-2.971158991828555,-3.0353187877844556,-2.981989314283243,-2.9377866361450917,-0.15623489170666405,1.0,-1.0
22,4,-16.0,-15.0,703,475,228,-2.9704343764335754,-2.988089013610446,True,0.017654637176870658,-3.0002719732050176,-2.971158991828555,-3.0353187877844556,-2.981989314283243,-2.9377866361450917,0.011554937849667546,4.0,0.5
22,5,-15.0,-14.0,702,349,353,-2.8541193892510712,-2.988089013610446,True,0.13396962435937487,-3.0002719732050176,-2.971158991828555,-3.0353187877844556,-2.981989314283243,-2.9377866361450917,0.12786992503217176,5.0,1.0
22,6,-14.0,-13.0,703,464,239,-2.8776758934409323,-2.988089013610446,True,0.11041312016951377,-3.0002719732050176,-2.971158991828555,-3.0353187877844556,-2.981989314283243,-2.9377866361450917,0.10431342084231066,5.0,1.0
22,7,-13.0,-12.0,702,415,287,-3.027795119377913,-2.988089013610446,True,-0.039706105767467026,-3.0002719732050176,-2.971158991828555,-3.0353187877844556,-2.981989314283243,-2.9377866361450917,-0.04580580509467014,2.0,-0.5
22,8,-12.0,-11.0,703,515,188,-3.0355257792400216,-2.988089013610446,True,-0.04743676562957555,-3.0002719732050176,-2.971158991828555,-3.0353187877844556,-2.981989314283243,-2.9377866361450917,-0.05353646495677866,1.0,-1.0
22,9,-11.0,-10.0,703,543,160,-3.0101049998375475,-2.988089013610446,True,-0.022015986227101436,-3.0002719732050176,-2.971158991828555,-3.0353187877844556,-2.981989314283243,-2.9377866361450917,-0.028115685554304548,2.0,-0.5
22,10,-10.0,-9.0,702,562,140,-2.869820837773017,-2.988089013610446,True,0.1182681758374291,-3.0002719732050176,-2.971158991828555,-3.0353187877844556,-2.981989314283243,-2.9377866361450917,0.11216847651022599,5.0,1.0
22,11,-9.0,-8.0,703,493,210,-3.136910421992245,-2.988089013610446,True,-0.14882140838179891,-3.0002719732050176,-2.971158991828555,-3.0353187877844556,-2.981989314283243,-2.9377866361450917,-0.15492110770900203,1.0,-1.0
22,12,-8.0,-7.0,702,419,283,-3.0427993014310046,-2.988089013610446,True,-0.054710287820558534,-3.0002719732050176,-2.971158991828555,-3.0353187877844556,-2.981989314283243,-2.9377866361450917,-0.060809987147761646,1.0,-1.0
22,13,-7.0,-6.0,703,288,415,-2.949730771338807,-2.988089013610446,True,0.03835824227163931,-3.0002719732050176,-2.971158991828555,-3.0353187877844556,-2.981989314283243,-2.9377866361450917,0.0322585429444362,4.0,0.5
22,14,-6.0,-5.0,702,434,268,-2.945715015760184,-2.988089013610446,True,0.04237399785026197,-3.0002719732050176,-2.971158991828555,-3.0353187877844556,-2.981989314283243,-2.9377866361450917,0.03627429852305886,4.0,0.5
22,15,-5.0,-4.0,703,425,278,-2.914001497299815,-2.988089013610446,True,0.07408751631063115,-3.0002719732050176,-2.971158991828555,-3.0353187877844556,-2.981989314283243,-2.9377866361450917,0.06798781698342804,5.0,1.0
22,16,-4.0,-3.0,703,629,74,-3.0346348254631015,-2.988089013610446,True,-0.04654581185265538,-3.0002719732050176,-2.971158991828555,-3.0353187877844556,-2.981989314283243,-2.9377866361450917,-0.05264551117985805,2.0,-0.5
22,17,-3.0,-2.0,702,499,203,-2.9044974389063167,-2.988089013610446,True,0.08359157470412937,-3.0002719732050176,-2.971158991828555,-3.0353187877844556,-2.981989314283243,-2.9377866361450917,0.07749187537692626,5.0,1.0
22,18,-2.0,-1.0,703,543,160,-2.9500795165804914,-2.988089013610446,True,0.03800949702995471,-3.0002719732050176,-2.971158991828555,-3.0353187877844556,-2.981989314283243,-2.9377866361450917,0.0319097977027516,4.0,0.5
22,19,-1.0,0.0,702,596,106,-2.9717518589699017,-2.988089013610446,True,0.016337154640544416,-3.0002719732050176,-2.971158991828555,-3.0353187877844556,-2.981989314283243,-2.9377866361450917,0.010237455313341304,3.0,0.0
22,20,0.0,1.0,703,463,240,-3.031187544695411,-2.988089013610446,True,-0.043098531084964975,-3.0002719732050176,-2.971158991828555,-3.0353187877844556,-2.981989314283243,-2.9377866361450917,-0.04919823041216809,2.0,-0.5
22,21,1.0,2.0,702,250,452,-2.880435447843125,-2.988089013610446,True,0.10765356576732099,-3.0002719732050176,-2.971158991828555,-3.0353187877844556,-2.981989314283243,-2.9377866361450917,0.10155386644011788,5.0,1.0
22,22,2.0,3.0,703,336,367,-2.953340852324207,-2.988089013610446,True,0.03474816128623903,-3.0002719732050176,-2.971158991828555,-3.0353187877844556,-2.981989314283243,-2.9377866361450917,0.02864846195903592,4.0,0.5
22,23,3.0,4.0,702,560,142,-2.999922223825111,-2.988089013610446,True,-0.011833210214664991,-3.0002719732050176,-2.971158991828555,-3.0353187877844556,-2.981989314283243,-2.9377866361450917,-0.017932909541868103,3.0,0.0
22,24,4.0,5.0,703,395,308,-3.0516696115607163,-2.988089013610446,True,-0.06358059795027016,-3.0002719732050176,-2.971158991828555,-3.0353187877844556,-2.981989314283243,-2.9377866361450917,-0.06968029727747327,1.0,-1.0
22,25,5.0,6.0,703,500,203,-3.048842476171357,-2.988089013610446,True,-0.060753462560910965,-3.0002719732050176,-2.971158991828555,-3.0353187877844556,-2.981989314283243,-2.9377866361450917,-0.06685316188811408,1.0,-1.0
22,26,6.0,7.0,702,384,318,-3.3110577117812046,-2.988089013610446,True,-0.32296869817075846,-3.0002719732050176,-2.971158991828555,-3.0353187877844556,-2.981989314283243,-2.9377866361450917,-0.329068397497962,1.0,-1.0
22,27,7.0,8.0,703,326,377,-2.9332111094038162,-2.988089013610446,True,0.05487790420662986,-3.0002719732050176,-2.971158991828555,-3.0353187877844556,-2.981989314283243,-2.9377866361450917,0.04877820487942719,5.0,1.0
22,28,8.0,9.0,702,375,327,-3.1520044303343346,-2.988089013610446,True,-0.16391541672388854,-3.0002719732050176,-2.971158991828555,-3.0353187877844556,-2.981989314283243,-2.9377866361450917,-0.1700151160510912,1.0,-1.0
22,29,9.0,10.0,703,304,399,-2.9664227659134244,-2.988089013610446,True,0.021666247697021745,-3.0002719732050176,-2.971158991828555,-3.0353187877844556,-2.981989314283243,-2.9377866361450917,0.015566548369818634,4.0,0.5
22,30,10.0,11.0,702,403,299,-2.9505896651303973,-2.988089013610446,True,0.037499348480048766,-3.0002719732050176,-2.971158991828555,-3.0353187877844556,-2.981989314283243,-2.9377866361450917,0.031399649152845654,4.0,0.5
22,31,11.0,12.0,703,345,358,-2.895441805052488,-2.988089013610446,True,0.09264720855795794,-3.0002719732050176,-2.971158991828555,-3.0353187877844556,-2.981989314283243,-2.9377866361450917,0.08654750923075483,5.0,1.0
22,32,12.0,13.0,703,313,390,-2.6917070868957333,-2.988089013610446,True,0.29638192671471275,-3.0002719732050176,-2.971158991828555,-3.0353187877844556,-2.981989314283243,-2.9377866361450917,0.29028222738750964,5.0,1.0
22,33,13.0,14.0,702,593,109,-2.4982805716828316,-2.988089013610446,True,0.4898084419276145,-3.0002719732050176,-2.971158991828555,-3.0353187877844556,-2.981989314283243,-2.9377866361450917,0.48370874260041097,5.0,1.0
22,34,14.0,15.0,703,504,199,-2.6724482139157177,-2.988089013610446,True,0.31564079969472836,-3.0002719732050176,-2.971158991828555,-3.0353187877844556,-2.981989314283243,-2.9377866361450917,0.30954110036752525,5.0,1.0
22,35,15.0,16.0,702,338,364,-2.5945300044509128,-2.988089013610446,True,0.39355900915953335,-3.0002719732050176,-2.971158991828555,-3.0353187877844556,-2.981989314283243,-2.9377866361450917,0.38745930983233023,5.0,1.0
22,36,16.0,17.0,703,252,451,-3.0140666431540173,-2.988089013610446,True,-0.02597762954357119,-3.0002719732050176,-2.971158991828555,-3.0353187877844556,-2.981989314283243,-2.9377866361450917,-0.0320773288707743,2.0,-0.5
22,37,17.0,18.0,702,290,412,-3.188619415902383,-2.988089013610446,True,-0.20053040229193675,-3.0002719732050176,-2.971158991828555,-3.0353187877844556,-2.981989314283243,-2.9377866361450917,-0.20663010161913986,1.0,-1.0
22,38,18.0,19.0,703,485,218,-3.2369914496655565,-2.988089013610446,True,-0.24890243605511042,-3.0002719732050176,-2.971158991828555,-3.0353187877844556,-2.981989314283243,-2.9377866361450917,-0.25500213538231353,1.0,-1.0
22,39,19.0,20.0,703,289,414,-3.2336666785385524,-2.988089013610446,True,-0.2455776649281063,-3.0002719732050176,-2.971158991828555,-3.0353187877844556,-2.981989314283243,-2.9377866361450917,-0.2516773642553094,1.0,-1.0
23,0,-20.0,-19.0,703,565,138,-3.160821551087029,-3.070917831182572,True,-0.08990371990445656,-3.0910341081702266,-3.0770940421170963,-3.1263951934742003,-3.0871878149370895,-3.0302235690698764,-0.07363373614993929,1.0,-1.0
23,1,-19.0,-18.0,703,453,250,-3.056209616646789,-3.070917831182572,True,0.014708214535783082,-3.0910341081702266,-3.0770940421170963,-3.1263951934742003,-3.0871878149370895,-3.0302235690698764,0.03097819829030035,4.0,0.5
23,2,-18.0,-17.0,702,424,278,-3.196242074987308,-3.070917831182572,True,-0.12532424380473595,-3.0910341081702266,-3.0770940421170963,-3.1263951934742003,-3.0871878149370895,-3.0302235690698764,-0.10905426005021868,1.0,-1.0
23,3,-17.0,-16.0,703,345,358,-3.0476354190522894,-3.070917831182572,True,0.023282412130282815,-3.0910341081702266,-3.0770940421170963,-3.1263951934742003,-3.0871878149370895,-3.0302235690698764,0.039552395884800085,4.0,0.5
23,4,-16.0,-15.0,702,348,354,-3.117511696783223,-3.070917831182572,True,-0.04659386560065082,-3.0910341081702266,-3.0770940421170963,-3.1263951934742003,-3.0871878149370895,-3.0302235690698764,-0.03032388184613355,2.0,-0.5
23,5,-15.0,-14.0,703,387,316,-3.087960374194654,-3.070917831182572,True,-0.017042543012081968,-3.0910341081702266,-3.0770940421170963,-3.1263951934742003,-3.0871878149370895,-3.0302235690698764,-0.0007725592575646978,3.0,0.0
23,6,-14.0,-13.0,702,336,366,-2.977137301961454,-3.070917831182572,True,0.09378052922111824,-3.0910341081702266,-3.0770940421170963,-3.1263951934742003,-3.0871878149370895,-3.0302235690698764,0.1100505129756355,5.0,1.0
23,7,-13.0,-12.0,703,458,245,-3.098584249949874,-3.070917831182572,True,-0.027666418767301693,-3.0910341081702266,-3.0770940421170963,-3.1263951934742003,-3.0871878149370895,-3.0302235690698764,-0.011396435012784423,2.0,-0.5
23,8,-12.0,-11.0,702,417,285,-3.126541259733854,-3.070917831182572,True,-0.05562342855128177,-3.0910341081702266,-3.0770940421170963,-3.1263951934742003,-3.0871878149370895,-3.0302235690698764,-0.0393534447967645,1.0,-1.0
23,9,-11.0,-10.0,703,332,371,-3.1315543842459523,-3.070917831182572,True,-0.060636553063380116,-3.0910341081702266,-3.0770940421170963,-3.1263951934742003,-3.0871878149370895,-3.0302235690698764,-0.04436656930886285,1.0,-1.0
23,10,-10.0,-9.0,703,412,291,-3.0329427971554352,-3.070917831182572,True,0.03797503402713698,-3.0910341081702266,-3.0770940421170963,-3.1263951934742003,-3.0871878149370895,-3.0302235690698764,0.05424501778165425,4.0,0.5
23,11,-9.0,-8.0,702,403,299,-3.0864152556795243,-3.070917831182572,True,-0.015497424496952128,-3.0910341081702266,-3.0770940421170963,-3.1263951934742003,-3.0871878149370895,-3.0302235690698764,0.0007725592575651419,3.0,0.0
23,12,-8.0,-7.0,703,536,167,-2.985309079566812,-3.070917831182572,True,0.08560875161576043,-3.0910341081702266,-3.0770940421170963,-3.1263951934742003,-3.0871878149370895,-3.0302235690698764,0.1018787353702777,5.0,1.0
23,13,-7.0,-6.0,702,599,103,-3.0947908941403703,-3.070917831182572,True,-0.02387306295779812,-3.0910341081702266,-3.0770940421170963,-3.1263951934742003,-3.0871878149370895,-3.0302235690698764,-0.007603079203280849,2.0,-0.5
23,14,-6.0,-5.0,703,406,297,-2.9292973468576147,-3.070917831182572,True,0.14162048432495755,-3.0910341081702266,-3.0770940421170963,-3.1263951934742003,-3.0871878149370895,-3.0302235690698764,0.15789046807947482,5.0,1.0
23,15,-5.0,-4.0,702,443,259,-3.1263465047209826,-3.070917831182572,True,-0.05542867353841041,-3.0910341081702266,-3.0770940421170963,-3.1263951934742003,-3.0871878149370895,-3.0302235690698764,-0.0391586897838927,2.0,-0.5
23,16,-4.0,-3.0,703,499,204,-3.0220658848132005,-3.070917831182572,True,0.048851946369371735,-3.0910341081702266,-3.0770940421170963,-3.1263951934742003,-3.0871878149370895,-3.0302235690698764,0.065121930123889,5.0,1.0
23,17,-3.0,-2.0,703,474,229,-3.1432028432707506,-3.070917831182572,True,-0.07228501208817839,-3.0910341081702266,-3.0770940421170963,-3.1263951934742003,-3.0871878149370895,-3.0302235690698764,-0.05601502833366112,1.0,-1.0
23,18,-2.0,-1.0,702,389,313,-3.065701447763017,-3.070917831182572,True,0.005216383419555104,-3.0910341081702266,-3.0770940421170963,-3.1263951934742003,-3.0871878149370895,-3.0302235690698764,0.021486367174072374,4.0,0.5
23,19,-1.0,0.0,703,512,191,-2.9320866410413187,-3.070917831182572,True,0.13883119014125356,-3.0910341081702266,-3.0770940421170963,-3.1263951934742003,-3.0871878149370895,-3.0302235690698764,0.15510117389577083,5.0,1.0
23,20,0.0,1.0,702,408,294,-3.040251403416065,-3.070917831182572,True,0.030666427766507187,-3.0910341081702266,-3.0770940421170963,-3.1263951934742003,-3.0871878149370895,-3.0302235690698764,0.04693641152102446,4.0,0.5
23,21,1.0,2.0,703,460,243,-3.189005164368889,-3.070917831182572,True,-0.11808733318631681,-3.0910341081702266,-3.0770940421170963,-3.1263951934742003,-3.0871878149370895,-3.0302235690698764,-0.10181734943179954,1.0,-1.0
23,22,2.0,3.0,702,102,600,-2.9259560233363158,-3.070917831182572,True,0.14496180784625645,-3.0910341081702266,-3.0770940421170963,-3.1263951934742003,-3.0871878149370895,-3.0302235690698764,0.16123179160077328,5.0,1.0
23,23,3.0,4.0,703,502,201,-3.1231044980395666,-3.070917831182572,True,-0.05218666685699436,-3.0910341081702266,-3.0770940421170963,-3.1263951934742003,-3.0871878149370895,-3.0302235690698764,-0.03591668310247709,2.0,-0.5
23,24,4.0,5.0,702,356,346,-2.970587262165443,-3.070917831182572,True,0.100330569017129,-3.0910341081702266,-3.0770940421170963,-3.1263951934742003,-3.0871878149370895,-3.0302235690698764,0.11660055277164627,5.0,1.0
23,25,5.0,6.0,703,433,270,-3.0324569398942036,-3.070917831182572,True,0.038460891288368604,-3.0910341081702266,-3.0770940421170963,-3.1263951934742003,-3.0871878149370895,-3.0302235690698764,0.05473087504288543,4.0,0.5
23,26,6.0,7.0,703,452,251,-2.986897201451401,-3.070917831182572,True,0.08402062973117141,-3.0910341081702266,-3.0770940421170963,-3.1263951934742003,-3.0871878149370895,-3.0302235690698764,0.10029061348568868,5.0,1.0
23,27,7.0,8.0,702,299,403,-3.0927926973629356,-3.070917831182572,True,-0.021874866180363384,-3.0910341081702266,-3.0770940421170963,-3.1263951934742003,-3.0871878149370895,-3.0302235690698764,-0.005604882425846558,2.0,-0.5
23,28,8.0,9.0,703,445,258,-2.947918470708515,-3.070917831182572,True,0.12299936047405735,-3.0910341081702266,-3.0770940421170963,-3.1263951934742003,-3.0871878149370895,-3.0302235690698764,0.13926934422857462,5.0,1.0
23,29,9.0,10.0,702,409,293,-2.924223914567419,-3.070917831182572,True,0.14669391661515307,-3.0910341081702266,-3.0770940421170963,-3.1263951934742003,-3.0871878149370895,-3.0302235690698764,0.16296390036967034,5.0,1.0
23,30,10.0,11.0,703,516,187,-3.076026065117484,-3.070917831182572,True,-0.005108233934911777,-3.0910341081702266,-3.0770940421170963,-3.1263951934742003,-3.0871878149370895,-3.0302235690698764,0.011161749819605493,4.0,0.5
23,31,11.0,12.0,702,532,170,-3.1244959272498667,-3.070917831182572,True,-0.05357809606729447,-3.0910341081702266,-3.0770940421170963,-3.1263951934742003,-3.0871878149370895,-3.0302235690698764,-0.0373081123127772,2.0,-0.5
23,32,12.0,13.0,703,529,174,-2.9926488780665714,-3.070917831182572,True,0.0782689531160008,-3.0910341081702266,-3.0770940421170963,-3.1263951934742003,-3.0871878149370895,-3.0302235690698764,0.09453893687051806,5.0,1.0
23,33,13.0,14.0,703,613,90,-2.5003196949109254,-3.070917831182572,True,0.5705981362716468,-3.0910341081702266,-3.0770940421170963,-3.1263951934742003,-3.0871878149370895,-3.0302235690698764,0.5868681200261645,5.0,1.0
23,34,14.0,15.0,702,454,248,-2.6974703411333474,-3.070917831182572,True,0.37344749004922484,-3.0910341081702266,-3.0770940421170963,-3.1263951934742003,-3.0871878149370895,-3.0302235690698764,0.3897174738037421,5.0,1.0
23,35,15.0,16.0,703,662,41,-2.3753896288286205,-3.070917831182572,True,0.6955282023539517,-3.0910341081702266,-3.0770940421170963,-3.1263951934742003,-3.0871878149370895,-3.0302235690698764,0.711798186108469,5.0,1.0
23,36,16.0,17.0,702,604,98,-2.4991452195054418,-3.070917831182572,True,0.5717726116771304,-3.0910341081702266,-3.0770940421170963,-3.1263951934742003,-3.0871878149370895,-3.0302235690698764,0.5880425954316477,5.0,1.0
23,37,17.0,18.0,703,542,161,-2.6295304647876394,-3.070917831182572,True,0.4413873663949328,-3.0910341081702266,-3.0770940421170963,-3.1263951934742003,-3.0871878149370895,-3.0302235690698764,0.4576573501494501,5.0,1.0
23,38,18.0,19.0,702,253,449,-3.142749445310373,-3.070917831182572,True,-0.07183161412780059,-3.0910341081702266,-3.0770940421170963,-3.1263951934742003,-3.0871878149370895,-3.0302235690698764,-0.05556163037328332,1.0,-1.0
23,39,19.0,20.0,703,296,407,-3.149489391243724,-3.070917831182572,True,-0.07857156006115185,-3.0910341081702266,-3.0770940421170963,-3.1263951934742003,-3.0871878149370895,-3.0302235690698764,-0.062301576306634576,1.0,-1.0
24,0,-20.0,-19.0,703,523,180,-2.9910603132605917,-2.961696290772755,True,-0.02936402248783665,-2.9722075693135577,-2.9512206977067965,-2.9953509115676766,-2.9550253007189293,-2.926709347781082,-0.03603501254166286,2.0,-0.5
24,1,-19.0,-18.0,702,488,214,-2.952745502536569,-2.961696290772755,True,0.008950788236186114,-2.9722075693135577,-2.9512206977067965,-2.9953509115676766,-2.9550253007189293,-2.926709347781082,0.0022797981823603486,3.0,0.0
24,2,-18.0,-17.0,703,590,113,-3.0277060388121244,-2.961696290772755,True,-0.06600974803936932,-2.9722075693135577,-2.9512206977067965,-2.9953509115676766,-2.9550253007189293,-2.926709347781082,-0.07268073809319509,1.0,-1.0
24,3,-17.0,-16.0,702,569,133,-2.9493570473592965,-2.961696290772755,True,0.0123392434134586,-2.9722075693135577,-2.9512206977067965,-2.9953509115676766,-2.9550253007189293,-2.926709347781082,0.0056682533596328355,4.0,0.5
24,4,-16.0,-15.0,703,514,189,-2.945408682438968,-2.961696290772755,True,0.016287608333787063,-2.9722075693135577,-2.9512206977067965,-2.9953509115676766,-2.9550253007189293,-2.926709347781082,0.009616618279961298,4.0,0.5
24,5,-15.0,-14.0,703,511,192,-2.927555512723531,-2.961696290772755,True,0.034140778049223997,-2.9722075693135577,-2.9512206977067965,-2.9953509115676766,-2.9550253007189293,-2.926709347781082,0.02746978799539823,4.0,0.5
24,6,-14.0,-13.0,702,499,203,-2.924170852953734,-2.961696290772755,True,0.03752543781902107,-2.9722075693135577,-2.9512206977067965,-2.9953509115676766,-2.9550253007189293,-2.926709347781082,0.030854447765195303,5.0,1.0
24,7,-13.0,-12.0,703,508,195,-2.9573050989012897,-2.961696290772755,True,0.004391191871465416,-2.9722075693135577,-2.9512206977067965,-2.9953509115676766,-2.9550253007189293,-2.926709347781082,-0.0022797981823603486,3.0,0.0
24,8,-12.0,-11.0,702,522,180,-2.872071211608538,-2.961696290772755,True,0.08962507916421725,-2.9722075693135577,-2.9512206977067965,-2.9953509115676766,-2.9550253007189293,-2.926709347781082,0.08295408911039148,5.0,1.0
24,9,-11.0,-10.0,703,487,216,-2.915318342043249,-2.961696290772755,True,0.04637794872950618,-2.9722075693135577,-2.9512206977067965,-2.9953509115676766,-2.9550253007189293,-2.926709347781082,0.039706958675680415,5.0,1.0
24,10,-10.0,-9.0,702,637,65,-2.9347725190122103,-2.961696290772755,True,0.026923771760544835,-2.9722075693135577,-2.9512206977067965,-2.9953509115676766,-2.9550253007189293,-2.926709347781082,0.02025278170671907,4.0,0.5
24,11,-9.0,-8.0,703,424,279,-2.831916968716784,-2.961696290772755,True,0.12977932205597087,-2.9722075693135577,-2.9512206977067965,-2.9953509115676766,-2.9550253007189293,-2.926709347781082,0.1231083320021451,5.0,1.0
24,12,-8.0,-7.0,703,531,172,-3.051027929267514,-2.961696290772755,True,-0.08933163849475889,-2.9722075693135577,-2.9512206977067965,-2.9953509115676766,-2.9550253007189293,-2.926709347781082,-0.09600262854858466,1.0,-1.0
24,13,-7.0,-6.0,702,431,271,-2.9944072808801208,-2.961696290772755,True,-0.03271099010736567,-2.9722075693135577,-2.9512206977067965,-2.9953509115676766,-2.9550253007189293,-2.926709347781082,-0.03938198016119143,2.0,-0.5
24,14,-6.0,-5.0,703,406,297,-2.8680347384630087,-2.961696290772755,True,0.09366155230974638,-2.9722075693135577,-2.9512206977067965,-2.9953509115676766,-2.9550253007189293,-2.926709347781082,0.08699056225592061,5.0,1.0
24,15,-5.0,-4.0,702,347,355,-2.993284241574604,-2.961696290772755,True,-0.03158795080184884,-2.9722075693135577,-2.9512206977067965,-2.9953509115676766,-2.9550253007189293,-2.926709347781082,-0.038258940855674606,2.0,-0.5
24,16,-4.0,-3.0,703,420,283,-2.9981818036303443,-2.961696290772755,True,-0.036485512857589164,-2.9722075693135577,-2.9512206977067965,-2.9953509115676766,-2.9550253007189293,-2.926709347781082,-0.04315650291141493,1.0,-1.0
24,17,-3.0,-2.0,702,596,106,-3.0770026654525457,-2.961696290772755,True,-0.11530637467979066,-2.9722075693135577,-2.9512206977067965,-2.9953509115676766,-2.9550253007189293,-2.926709347781082,-0.12197736473361642,1.0,-1.0
24,18,-2.0,-1.0,703,383,320,-3.032177366002638,-2.961696290772755,True,-0.07048107522988278,-2.9722075693135577,-2.9512206977067965,-2.9953509115676766,-2.9550253007189293,-2.926709347781082,-0.07715206528370855,1.0,-1.0
24,19,-1.0,0.0,702,544,158,-2.990421699817441,-2.961696290772755,True,-0.02872540904468579,-2.9722075693135577,-2.9512206977067965,-2.9953509115676766,-2.9550253007189293,-2.926709347781082,-0.035396399098511555,2.0,-0.5
24,20,0.0,1.0,703,405,298,-3.1099436373490548,-2.961696290772755,True,-0.14824734657629968,-2.9722075693135577,-2.9512206977067965,-2.9953509115676766,-2.9550253007189293,-2.926709347781082,-0.15491833663012544,1.0,-1.0
24,21,1.0,2.0,703,505,198,-3.1349778648616464,-2.961696290772755,True,-0.17328157408889133,-2.9722075693135577,-2.9512206977067965,-2.9953509115676766,-2.9550253007189293,-2.926709347781082,-0.1799525641427171,1.0,-1.0
24,22,2.0,3.0,702,144,558,-3.258514165819873,-2.961696290772755,True,-0.29681787504711776,-2.9722075693135577,-2.9512206977067965,-2.9953509115676766,-2.9550253007189293,-2.926709347781082,-0.30348886510094353,1.0,-1.0
24,23,3.0,4.0,703,296,407,-3.0268134391486594,-2.961696290772755,True,-0.06511714837590432,-2.9722075693135577,-2.9512206977067965,-2.9953509115676766,-2.9550253007189293,-2.926709347781082,-0.07178813842973009,1.0,-1.0
24,24,4.0,5.0,702,292,410,-3.083919776941117,-2.961696290772755,True,-0.12222348616836198,-2.9722075693135577,-2.9512206977067965,-2.9953509115676766,-2.9550253007189293,-2.926709347781082,-0.12889447622218775,1.0,-1.0
24,25,5.0,6.0,703,413,290,-3.1424424389077736,-2.961696290772755,True,-0.18074614813501855,-2.9722075693135577,-2.9512206977067965,-2.9953509115676766,-2.9550253007189293,-2.926709347781082,-0.1874171381888443,1.0,-1.0
24,26,6.0,7.0,702,472,230,-3.0554663242267606,-2.961696290772755,True,-0.09377003345400547,-2.9722075693135577,-2.9512206977067965,-2.9953509115676766,-2.9550253007189293,-2.926709347781082,-0.10044102350783168,1.0,-1.0
24,27,7.0,8.0,703,473,230,-2.9917378438204256,-2.961696290772755,True,-0.030041553047670533,-2.9722075693135577,-2.9512206977067965,-2.9953509115676766,-2.9550253007189293,-2.926709347781082,-0.0367125431014963,2.0,-0.5
24,28,8.0,9.0,703,481,222,-3.0774858284516142,-2.961696290772755,True,-0.11578953767885913,-2.9722075693135577,-2.9512206977067965,-2.9953509115676766,-2.9550253007189293,-2.926709347781082,-0.1224605277326849,1.0,-1.0
24,29,9.0,10.0,702,601,101,-2.8171997897482135,-2.961696290772755,True,0.1444965010245416,-2.9722075693135577,-2.9512206977067965,-2.9953509115676766,-2.9550253007189293,-2.926709347781082,0.13782551097071627,5.0,1.0
24,30,10.0,11.0,703,293,410,-3.1576004054876936,-2.961696290772755,True,-0.19590411471493852,-2.9722075693135577,-2.9512206977067965,-2.9953509115676766,-2.9550253007189293,-2.926709347781082,-0.20257510476876428,1.0,-1.0
24,31,11.0,12.0,702,294,408,-3.1841457633315526,-2.961696290772755,True,-0.22244947255879755,-2.9722075693135577,-2.9512206977067965,-2.9953509115676766,-2.9550253007189293,-2.926709347781082,-0.2291204626126233,1.0,-1.0
24,32,12.0,13.0,703,336,367,-3.2003564429446194,-2.961696290772755,True,-0.23866015217186431,-2.9722075693135577,-2.9512206977067965,-2.9953509115676766,-2.9550253007189293,-2.926709347781082,-0.24533114222569008,1.0,-1.0
24,33,13.0,14.0,702,626,76,-2.3962528220862165,-2.961696290772755,True,0.5654434686865386,-2.9722075693135577,-2.9512206977067965,-2.9953509115676766,-2.9550253007189293,-2.926709347781082,0.5587724786327128,5.0,1.0
24,34,14.0,15.0,703,590,113,-2.3515274639140373,-2.961696290772755,True,0.6101688268587178,-2.9722075693135577,-2.9512206977067965,-2.9953509115676766,-2.9550253007189293,-2.926709347781082,0.603497836804892,5.0,1.0
24,35,15.0,16.0,703,503,200,-2.546202450108229,-2.961696290772755,True,0.4154938406645261,-2.9722075693135577,-2.9512206977067965,-2.9953509115676766,-2.9550253007189293,-2.926709347781082,0.40882285061070034,5.0,1.0
24,36,16.0,17.0,702,262,440,-3.3224129881390514,-2.961696290772755,True,-0.3607166973662963,-2.9722075693135577,-2.9512206977067965,-2.9953509115676766,-2.9550253007189293,-2.926709347781082,-0.36738768742012207,1.0,-1.0
24,37,17.0,18.0,703,381,322,-3.226171440524445,-2.961696290772755,True,-0.26447514975168973,-2.9722075693135577,-2.9512206977067965,-2.9953509115676766,-2.9550253007189293,-2.926709347781082,-0.2711461398055155,1.0,-1.0
24,38,18.0,19.0,702,72,630,-3.349138802196855,-2.961696290772755,True,-0.3874425114241,-2.9722075693135577,-2.9512206977067965,-2.9953509115676766,-2.9550253007189293,-2.926709347781082,-0.3941135014779258,1.0,-1.0
24,39,19.0,20.0,703,89,614,-3.6421475574826983,-2.961696290772755,True,-0.6804512667099432,-2.9722075693135577,-2.9512206977067965,-2.9953509115676766,-2.9550253007189293,-2.926709347781082,-0.6871222567637685,1.0,-1.0
25,0,-20.0,-19.0,703,562,141,-3.0668195070667696,-2.932027914404184,True,-0.13479159266258556,-2.9737036593330055,-2.9640917788271044,-2.985280588543064,-2.969731229885902,-2.867351376797068,-0.09708827718086743,1.0,-1.0
25,1,-19.0,-18.0,702,620,82,-2.9841404164001992,-2.932027914404184,True,-0.05211250199601514,-2.9737036593330055,-2.9640917788271044,-2.985280588543064,-2.969731229885902,-2.867351376797068,-0.014409186514297012,2.0,-0.5
25,2,-18.0,-17.0,703,519,184,-2.9801230948826927,-2.932027914404184,True,-0.04809518047850858,-2.9737036593330055,-2.9640917788271044,-2.985280588543064,-2.969731229885902,-2.867351376797068,-0.010391864996790456,2.0,-0.5
25,3,-17.0,-16.0,702,403,299,-2.8167190421776245,-2.932027914404184,True,0.11530887222655961,-2.9737036593330055,-2.9640917788271044,-2.985280588543064,-2.969731229885902,-2.867351376797068,0.15301218770827774,5.0,1.0
25,4,-16.0,-15.0,703,637,66,-2.8674702599440782,-2.932027914404184,True,0.06455765446010586,-2.9737036593330055,-2.9640917788271044,-2.985280588543064,-2.969731229885902,-2.867351376797068,0.10226096994182399,4.0,0.5
25,5,-15.0,-14.0,703,657,46,-2.993934448534765,-2.932027914404184,True,-0.061906534130581115,-2.9737036593330055,-2.9640917788271044,-2.985280588543064,-2.969731229885902,-2.867351376797068,-0.02420321864886299,1.0,-1.0
25,6,-14.0,-13.0,702,470,232,-2.8553284552370686,-2.932027914404184,True,0.07669945916711551,-2.9737036593330055,-2.9640917788271044,-2.985280588543064,-2.969731229885902,-2.867351376797068,0.1144027746488332,5.0,1.0
25,7,-13.0,-12.0,703,579,124,-2.981047695712216,-2.932027914404184,True,-0.04901978130803197,-2.9737036593330055,-2.9640917788271044,-2.985280588543064,-2.969731229885902,-2.867351376797068,-0.011316465826313848,2.0,-0.5
25,8,-12.0,-11.0,702,339,363,-2.7142814724670234,-2.932027914404184,True,0.21774644193716064,-2.9737036593330055,-2.9640917788271044,-2.985280588543064,-2.969731229885902,-2.867351376797068,0.25544975741887876,5.0,1.0
25,9,-11.0,-10.0,703,433,270,-2.9902364363105343,-2.932027914404184,True,-0.058208521906350175,-2.9737036593330055,-2.9640917788271044,-2.985280588543064,-2.969731229885902,-2.867351376797068,-0.02050520642463205,1.0,-1.0
25,10,-10.0,-9.0,702,480,222,-2.9522552142212413,-2.932027914404184,True,-0.020227299817057176,-2.9737036593330055,-2.9640917788271044,-2.985280588543064,-2.969731229885902,-2.867351376797068,0.01747601566466095,4.0,0.5
25,11,-9.0,-8.0,703,453,250,-2.866994727356037,-2.932027914404184,True,0.06503318704814687,-2.9737036593330055,-2.9640917788271044,-2.985280588543064,-2.969731229885902,-2.867351376797068,0.10273650252986499,5.0,1.0
25,12,-8.0,-7.0,702,511,191,-2.9415101133768835,-2.932027914404184,True,-0.009482198972699418,-2.9737036593330055,-2.9640917788271044,-2.985280588543064,-2.969731229885902,-2.867351376797068,0.028221116509018707,4.0,0.5
25,13,-7.0,-6.0,703,529,174,-2.9710704381464605,-2.932027914404184,True,-0.03904252374227646,-2.9737036593330055,-2.9640917788271044,-2.985280588543064,-2.969731229885902,-2.867351376797068,-0.0013392082605583333,3.0,0.0
25,14,-6.0,-5.0,703,507,196,-2.7605272102773015,-2.932027914404184,True,0.17150070412688256,-2.9737036593330055,-2.9640917788271044,-2.985280588543064,-2.969731229885902,-2.867351376797068,0.20920401960860113,5.0,1.0
25,15,-5.0,-4.0,702,621,81,-2.988701104971658,-2.932027914404184,True,-0.056673190567473775,-2.9737036593330055,-2.9640917788271044,-2.985280588543064,-2.969731229885902,-2.867351376797068,-0.01896987508575565,1.0,-1.0
25,16,-4.0,-3.0,703,597,106,-3.005248662074405,-2.932027914404184,True,-0.07322074767022091,-2.9737036593330055,-2.9640917788271044,-2.985280588543064,-2.969731229885902,-2.867351376797068,-0.035517432188502784,1.0,-1.0
25,17,-3.0,-2.0,702,462,240,-2.9588359265181454,-2.932027914404184,True,-0.026808012113961333,-2.9737036593330055,-2.9640917788271044,-2.985280588543064,-2.969731229885902,-2.867351376797068,0.010895303367756792,4.0,0.5
25,18,-2.0,-1.0,703,446,257,-2.976922040783227,-2.932027914404184,True,-0.044894126379043,-2.9737036593330055,-2.9640917788271044,-2.985280588543064,-2.969731229885902,-2.867351376797068,-0.007190810897324873,2.0,-0.5
25,19,-1.0,0.0,702,554,148,-2.968392021625344,-2.932027914404184,True,-0.03636410722115979,-2.9737036593330055,-2.9640917788271044,-2.985280588543064,-2.969731229885902,-2.867351376797068,0.0013392082605583333,3.0,0.0
25,20,0.0,1.0,703,388,315,-2.9842455573990843,-2.932027914404184,True,-0.05221764299490017,-2.9737036593330055,-2.9640917788271044,-2.985280588543064,-2.969731229885902,-2.867351376797068,-0.014514327513182046,2.0,-0.5
25,21,1.0,2.0,703,419,284,-2.9446504963049285,-2.932027914404184,True,-0.01262258190074439,-2.9737036593330055,-2.9640917788271044,-2.985280588543064,-2.969731229885902,-2.867351376797068,0.025080733580973735,4.0,0.5
25,22,2.0,3.0,702,441,261,-3.0303063533372674,-2.932027914404184,True,-0.0982784389330833,-2.9737036593330055,-2.9640917788271044,-2.985280588543064,-2.969731229885902,-2.867351376797068,-0.060575123451365176,1.0,-1.0
25,23,3.0,4.0,703,407,296,-3.037129904990561,-2.932027914404184,True,-0.10510199058637681,-2.9737036593330055,-2.9640917788271044,-2.985280588543064,-2.969731229885902,-2.867351376797068,-0.06739867510465869,1.0,-1.0
25,24,4.0,5.0,702,487,215,-3.016315548375122,-2.932027914404184,True,-0.08428763397093775,-2.9737036593330055,-2.9640917788271044,-2.985280588543064,-2.969731229885902,-2.867351376797068,-0.04658431848921962,1.0,-1.0
25,25,5.0,6.0,703,585,118,-3.031536542547428,-2.932027914404184,True,-0.0995086281432438,-2.9737036593330055,-2.9640917788271044,-2.985280588543064,-2.969731229885902,-2.867351376797068,-0.06180531266152567,1.0,-1.0
25,26,6.0,7.0,702,533,169,-3.036126968518038,-2.932027914404184,True,-0.104099054113854,-2.9737036593330055,-2.9640917788271044,-2.985280588543064,-2.969731229885902,-2.867351376797068,-0.06639573863213588,1.0,-1.0
25,27,7.0,8.0,703,424,279,-2.9931680728105765,-2.932027914404184,True,-0.06114015840639242,-2.9737036593330055,-2.9640917788271044,-2.985280588543064,-2.969731229885902,-2.867351376797068,-0.023436842924674295,1.0,-1.0
25,28,8.0,9.0,703,254,449,-2.974022463000388,-2.932027914404184,True,-0.041994548596203884,-2.9737036593330055,-2.9640917788271044,-2.985280588543064,-2.969731229885902,-2.867351376797068,-0.00429123311448576,2.0,-0.5
25,29,9.0,10.0,702,353,349,-2.8373302144932153,-2.932027914404184,True,0.09469769991096877,-2.9737036593330055,-2.9640917788271044,-2.985280588543064,-2.969731229885902,-2.867351376797068,0.13240101539268645,5.0,1.0
25,30,10.0,11.0,703,218,485,-2.8746102388594323,-2.932027914404184,True,0.057417675544751745,-2.9737036593330055,-2.9640917788271044,-2.985280588543064,-2.969731229885902,-2.867351376797068,0.09512099102646987,4.0,0.5
25,31,11.0,12.0,702,531,171,-2.9873104071920826,-2.932027914404184,True,-0.05528249278789854,-2.9737036593330055,-2.9640917788271044,-2.985280588543064,-2.969731229885902,-2.867351376797068,-0.01757917730617997,1.0,-1.0
25,32,12.0,13.0,703,288,415,-3.011347589724897,-2.932027914404184,True,-0.07931967532071305,-2.9737036593330055,-2.9640917788271044,-2.985280588543064,-2.969731229885902,-2.867351376797068,-0.04161635983899492,1.0,-1.0
25,33,13.0,14.0,702,405,297,-2.968892107338105,-2.932027914404184,True,-0.03686419293392085,-2.9737036593330055,-2.9640917788271044,-2.985280588543064,-2.969731229885902,-2.867351376797068,0.0008391225477972775,3.0,0.0
25,34,14.0,15.0,703,564,139,-2.981356934177533,-2.932027914404184,True,-0.049329019773348914,-2.9737036593330055,-2.9640917788271044,-2.985280588543064,-2.969731229885902,-2.867351376797068,-0.01162570429163079,2.0,-0.5
25,35,15.0,16.0,702,525,177,-2.9468881274532865,-2.932027914404184,True,-0.014860213049102455,-2.9737036593330055,-2.9640917788271044,-2.985280588543064,-2.969731229885902,-2.867351376797068,0.02284310243261567,4.0,0.5
25,36,16.0,17.0,703,316,387,-2.7340929735951502,-2.932027914404184,True,0.19793494080903384,-2.9737036593330055,-2.9640917788271044,-2.985280588543064,-2.969731229885902,-2.867351376797068,0.23563825629075197,5.0,1.0
25,37,17.0,18.0,703,380,323,-2.9542032307523,-2.932027914404184,True,-0.02217531634811598,-2.9737036593330055,-2.9640917788271044,-2.985280588543064,-2.969731229885902,-2.867351376797068,0.015527999133602144,4.0,0.5
25,38,18.0,19.0,702,297,405,-2.8618311050587213,-2.932027914404184,True,0.0701968093454628,-2.9737036593330055,-2.9640917788271044,-2.985280588543064,-2.969731229885902,-2.867351376797068,0.10790012482718092,5.0,1.0
25,39,19.0,20.0,703,487,216,-2.9720601650820146,-2.932027914404184,True,-0.04003225067783056,-2.9737036593330055,-2.9640917788271044,-2.985280588543064,-2.969731229885902,-2.867351376797068,-0.002328935196111992,3.0,0.0
26,0,-20.0,-19.0,702,413,289,-2.914792510600047,-2.9364275139604534,True,0.02163500336040647,-2.934884216537645,-2.927316301265413,-2.981195709502084,-2.9295906388966158,-2.8947182297067253,0.014798128296568791,4.0,0.5
26,1,-19.0,-18.0,703,518,185,-2.897267232037877,-2.9364275139604534,True,0.03916028192257626,-2.934884216537645,-2.927316301265413,-2.981195709502084,-2.9295906388966158,-2.8947182297067253,0.03232340685873858,4.0,0.5
26,2,-18.0,-17.0,703,404,299,-2.940239803285476,-2.9364275139604534,True,-0.003812289325022533,-2.934884216537645,-2.927316301265413,-2.981195709502084,-2.9295906388966158,-2.8947182297067253,-0.01064916438886021,2.0,-0.5
26,3,-17.0,-16.0,702,372,330,-2.9801157028651066,-2.9364275139604534,True,-0.0436881889046532,-2.934884216537645,-2.927316301265413,-2.981195709502084,-2.9295906388966158,-2.8947182297067253,-0.050525063968490436,2.0,-0.5
26,4,-16.0,-15.0,703,528,175,-3.031728819728254,-2.9364275139604534,True,-0.09530130576780049,-2.934884216537645,-2.927316301265413,-2.981195709502084,-2.9295906388966158,-2.8947182297067253,-0.10213818083163817,1.0,-1.0
26,5,-15.0,-14.0,702,312,390,-2.925650896751815,-2.9364275139604534,True,0.010776617208638317,-2.934884216537645,-2.927316301265413,-2.981195709502084,-2.9295906388966158,-2.8947182297067253,0.00393974214480064,4.0,0.5
26,6,-14.0,-13.0,703,350,353,-2.9305023728348742,-2.9364275139604534,True,0.005925141125579181,-2.934884216537645,-2.927316301265413,-2.981195709502084,-2.9295906388966158,-2.8947182297067253,-0.0009117339382584966,3.0,0.0
26,7,-13.0,-12.0,702,411,291,-2.9012463094453027,-2.9364275139604534,True,0.03518120451515072,-2.934884216537645,-2.927316301265413,-2.981195709502084,-2.9295906388966158,-2.8947182297067253,0.028344329451313044,4.0,0.5
26,8,-12.0,-11.0,703,293,410,-2.977147653410469,-2.9364275139604534,True,-0.0407201394500154,-2.934884216537645,-2.927316301265413,-2.981195709502084,-2.9295906388966158,-2.8947182297067253,-0.04755701451385308,2.0,-0.5
26,9,-11.0,-10.0,702,448,254,-2.8870712227132693,-2.9364275139604534,True,0.0493562912471841,-2.934884216537645,-2.927316301265413,-2.981195709502084,-2.9295906388966158,-2.8947182297067253,0.042519416183346426,5.0,1.0
26,10,-10.0,-9.0,703,316,387,-2.8408787198216015,-2.9364275139604534,True,0.09554879413885198,-2.934884216537645,-2.927316301265413,-2.981195709502084,-2.9295906388966158,-2.8947182297067253,0.08871191907501474,5.0,1.0
26,11,-9.0,-8.0,703,318,385,-2.8514428402919325,-2.9364275139604534,True,0.08498467366852092,-2.934884216537645,-2.927316301265413,-2.981195709502084,-2.9295906388966158,-2.8947182297067253,0.07814779860468324,5.0,1.0
26,12,-8.0,-7.0,702,480,222,-2.880120863579428,-2.9364275139604534,True,0.056306650381025225,-2.934884216537645,-2.927316301265413,-2.981195709502084,-2.9295906388966158,-2.8947182297067253,0.04946977531718755,5.0,1.0
26,13,-7.0,-6.0,703,520,183,-2.875947598388343,-2.9364275139604534,True,0.06047991557211052,-2.934884216537645,-2.927316301265413,-2.981195709502084,-2.9295906388966158,-2.8947182297067253,0.05364304050827284,5.0,1.0
26,14,-6.0,-5.0,702,371,331,-2.9645313184365083,-2.9364275139604534,True,-0.028103804476054872,-2.934884216537645,-2.927316301265413,-2.981195709502084,-2.9295906388966158,-2.8947182297067253,-0.03494067953989255,2.0,-0.5
26,15,-5.0,-4.0,703,600,103,-3.0342847826617474,-2.9364275139604534,True,-0.09785726870129396,-2.934884216537645,-2.927316301265413,-2.981195709502084,-2.9295906388966158,-2.8947182297067253,-0.10469414376513164,1.0,-1.0
26,16,-4.0,-3.0,702,595,107,-2.986653045006741,-2.9364275139604534,True,-0.050225531046287575,-2.934884216537645,-2.927316301265413,-2.981195709502084,-2.9295906388966158,-2.8947182297067253,-0.05706240611012525,1.0,-1.0
26,17,-3.0,-2.0,703,377,326,-2.928678904958357,-2.9364275139604534,True,0.007748609002096618,-2.934884216537645,-2.927316301265413,-2.981195709502084,-2.9295906388966158,-2.8947182297067253,0.0009117339382589407,3.0,0.0
26,18,-2.0,-1.0,703,537,166,-2.9958139529789034,-2.9364275139604534,True,-0.05938643901844998,-2.934884216537645,-2.927316301265413,-2.981195709502084,-2.9295906388966158,-2.8947182297067253,-0.06622331408228765,1.0,-1.0
26,19,-1.0,0.0,702,337,365,-2.9844357294130175,-2.9364275139604534,True,-0.04800821545256406,-2.934884216537645,-2.927316301265413,-2.981195709502084,-2.9295906388966158,-2.8947182297067253,-0.054845090516401296,1.0,-1.0
26,20,0.0,1.0,703,587,116,-2.9489019023445584,-2.9364275139604534,True,-0.012474388384104973,-2.934884216537645,-2.927316301265413,-2.981195709502084,-2.9295906388966158,-2.8947182297067253,-0.01931126344794265,2.0,-0.5
26,21,1.0,2.0,702,522,180,-2.9574864785715165,-2.9364275139604534,True,-0.021058964611063047,-2.934884216537645,-2.927316301265413,-2.981195709502084,-2.9295906388966158,-2.8947182297067253,-0.027895839674900724,2.0,-0.5
26,22,2.0,3.0,703,391,312,-3.1390642660542976,-2.9364275139604534,True,-0.20263675209384413,-2.934884216537645,-2.927316301265413,-2.981195709502084,-2.9295906388966158,-2.8947182297067253,-0.2094736271576818,1.0,-1.0
26,23,3.0,4.0,702,182,520,-3.202683165690994,-2.9364275139604534,True,-0.2662556517305408,-2.934884216537645,-2.927316301265413,-2.981195709502084,-2.9295906388966158,-2.8947182297067253,-0.27309252679437845,1.0,-1.0
26,24,4.0,5.0,703,460,243,-3.107708728439141,-2.9364275139604534,True,-0.17128121447868772,-2.934884216537645,-2.927316301265413,-2.981195709502084,-2.9295906388966158,-2.8947182297067253,-0.1781180895425254,1.0,-1.0
26,25,5.0,6.0,703,259,444,-2.887485735005803,-2.9364275139604534,True,0.04894177895465024,-2.934884216537645,-2.927316301265413,-2.981195709502084,-2.9295906388966158,-2.8947182297067253,0.04210490389081256,5.0,1.0
26,26,6.0,7.0,702,363,339,-3.061263399087185,-2.9364275139604534,True,-0.1248358851267315,-2.934884216537645,-2.927316301265413,-2.981195709502084,-2.9295906388966158,-2.8947182297067253,-0.13167276019056917,1.0,-1.0
26,27,7.0,8.0,703,437,266,-3.2438855045045076,-2.9364275139604534,True,-0.3074579905440542,-2.934884216537645,-2.927316301265413,-2.981195709502084,-2.9295906388966158,-2.8947182297067253,-0.3142948656078923,1.0,-1.0
26,28,8.0,9.0,702,477,225,-3.1158422497760103,-2.9364275139604534,True,-0.1794147358155569,-2.934884216537645,-2.927316301265413,-2.981195709502084,-2.9295906388966158,-2.8947182297067253,-0.18625161087939457,1.0,-1.0
26,29,9.0,10.0,703,528,175,-3.0653081490989096,-2.9364275139604534,True,-0.12888063513845616,-2.934884216537645,-2.927316301265413,-2.981195709502084,-2.9295906388966158,-2.8947182297067253,-0.13571751020229383,1.0,-1.0
26,30,10.0,11.0,702,306,396,-3.073893790156361,-2.9364275139604534,True,-0.1374662761959078,-2.934884216537645,-2.927316301265413,-2.981195709502084,-2.9295906388966158,-2.8947182297067253,-0.14430315125974547,1.0,-1.0
26,31,11.0,12.0,703,404,299,-3.099136197449266,-2.9364275139604534,True,-0.1627086834888125,-2.934884216537645,-2.927316301265413,-2.981195709502084,-2.9295906388966158,-2.8947182297067253,-0.1695455585526502,1.0,-1.0
26,32,12.0,13.0,702,420,282,-3.124910395409495,-2.9364275139604534,True,-0.18848288144904135,-2.934884216537645,-2.927316301265413,-2.981195709502084,-2.9295906388966158,-2.8947182297067253,-0.19531975651287903,1.0,-1.0
26,33,13.0,14.0,703,568,135,-2.5159766109835204,-2.9364275139604534,True,0.420450902976933,-2.934884216537645,-2.927316301265413,-2.981195709502084,-2.9295906388966158,-2.8947182297067253,0.4136140279130953,5.0,1.0
26,34,14.0,15.0,703,492,211,-2.527122644397201,-2.9364275139604534,True,0.4093048695632526,-2.934884216537645,-2.927316301265413,-2.981195709502084,-2.9295906388966158,-2.8947182297067253,0.40246799449941495,5.0,1.0
26,35,15.0,16.0,702,563,139,-2.756654114864917,-2.9364275139604534,True,0.17977339909553658,-2.934884216537645,-2.927316301265413,-2.981195709502084,-2.9295906388966158,-2.8947182297067253,0.1729365240316989,5.0,1.0
26,36,16.0,17.0,703,312,391,-3.2378180916760457,-2.9364275139604534,True,-0.3013905777155923,-2.934884216537645,-2.927316301265413,-2.981195709502084,-2.9295906388966158,-2.8947182297067253,-0.30822745277943,1.0,-1.0
26,37,17.0,18.0,702,51,651,-3.3830197215285174,-2.9364275139604534,True,-0.44659220756806395,-2.934884216537645,-2.927316301265413,-2.981195709502084,-2.9295906388966158,-2.8947182297067253,-0.4534290826319016,1.0,-1.0
26,38,18.0,19.0,703,75,628,-3.3217026810975296,-2.9364275139604534,True,-0.3852751671370762,-2.934884216537645,-2.927316301265413,-2.981195709502084,-2.9295906388966158,-2.8947182297067253,-0.3921120422009139,1.0,-1.0
26,39,19.0,20.0,702,246,456,-3.2132551969604415,-2.9364275139604534,True,-0.27682768299998806,-2.934884216537645,-2.927316301265413,-2.981195709502084,-2.9295906388966158,-2.8947182297067253,-0.2836645580638253,1.0,-1.0
27,0,-20.0,-19.0,702,341,361,-2.894629417827402,-2.8810817900845858,True,-0.01354762774281637,-2.9293276362008,-2.909214046089406,-2.96414535560271,-2.923811189674505,-2.7466691025932795,0.029181771847103022,4.0,0.5
27,1,-19.0,-18.0,703,299,404,-2.7373244487028674,-2.8810817900845858,True,0.14375734138171836,-2.9293276362008,-2.909214046089406,-2.96414535560271,-2.923811189674505,-2.7466691025932795,0.18648674097163775,5.0,1.0
27,2,-18.0,-17.0,702,463,239,-2.9664351598948935,-2.8810817900845858,True,-0.08535336981030772,-2.9293276362008,-2.909214046089406,-2.96414535560271,-2.923811189674505,-2.7466691025932795,-0.042623970220387886,1.0,-1.0
27,3,-17.0,-16.0,703,415,288,-2.980265373523989,-2.8810817900845858,True,-0.09918358343940303,-2.9293276362008,-2.909214046089406,-2.96414535560271,-2.923811189674505,-2.7466691025932795,-0.05645418384948364,1.0,-1.0
27,4,-16.0,-15.0,702,386,316,-2.9211469237583185,-2.8810817900845858,True,-0.04006513367373277,-2.9293276362008,-2.909214046089406,-2.96414535560271,-2.923811189674505,-2.7466691025932795,0.0026642659161866256,3.0,0.0
27,5,-15.0,-14.0,703,441,262,-2.8498227527386084,-2.8810817900845858,True,0.03125903734597735,-2.9293276362008,-2.909214046089406,-2.96414535560271,-2.923811189674505,-2.7466691025932795,0.07398843693589674,4.0,0.5
27,6,-14.0,-13.0,703,447,256,-2.963382087505316,-2.8810817900845858,True,-0.0823002974207303,-2.9293276362008,-2.909214046089406,-2.96414535560271,-2.923811189674505,-2.7466691025932795,-0.039570897830810914,2.0,-0.5
27,7,-13.0,-12.0,702,247,455,-2.69832316043714,-2.8810817900845858,True,0.18275862964744594,-2.9293276362008,-2.909214046089406,-2.96414535560271,-2.923811189674505,-2.7466691025932795,0.22548802923736533,5.0,1.0
27,8,-12.0,-11.0,703,416,287,-3.0620547364477977,-2.8810817900845858,True,-0.18097294636321193,-2.9293276362008,-2.909214046089406,-2.96414535560271,-2.923811189674505,-2.7466691025932795,-0.13824354677329254,1.0,-1.0
27,9,-11.0,-10.0,702,417,285,-2.956316932542802,-2.8810817900845858,True,-0.07523514245821605,-2.9293276362008,-2.909214046089406,-2.96414535560271,-2.923811189674505,-2.7466691025932795,-0.03250574286829666,2.0,-0.5
27,10,-10.0,-9.0,703,296,407,-2.748389793374919,-2.8810817900845858,True,0.1326919967096667,-2.9293276362008,-2.909214046089406,-2.96414535560271,-2.923811189674505,-2.7466691025932795,0.17542139629958609,4.0,0.5
27,11,-9.0,-8.0,702,387,315,-2.952775324976385,-2.8810817900845858,True,-0.07169353489179908,-2.9293276362008,-2.909214046089406,-2.96414535560271,-2.923811189674505,-2.7466691025932795,-0.02896413530187969,2.0,-0.5
27,12,-8.0,-7.0,703,485,218,-2.9328136347242655,-2.8810817900845858,True,-0.051731844639679725,-2.9293276362008,-2.909214046089406,-2.96414535560271,-2.923811189674505,-2.7466691025932795,-0.009002445049759888,2.0,-0.5
27,13,-7.0,-6.0,703,396,307,-2.74150703024836,-2.8810817900845858,True,0.13957475983622558,-2.9293276362008,-2.909214046089406,-2.96414535560271,-2.923811189674505,-2.7466691025932795,0.18230415942614497,5.0,1.0
27,14,-6.0,-5.0,702,231,471,-2.7412590293836336,-2.8810817900845858,True,0.13982276070095212,-2.9293276362008,-2.909214046089406,-2.96414535560271,-2.923811189674505,-2.7466691025932795,0.1825521602908715,5.0,1.0
27,15,-5.0,-4.0,703,487,216,-3.0353866603523407,-2.8810817900845858,True,-0.15430487026775497,-2.9293276362008,-2.909214046089406,-2.96414535560271,-2.923811189674505,-2.7466691025932795,-0.11157547067783558,1.0,-1.0
27,16,-4.0,-3.0,702,368,334,-2.819521491415995,-2.8810817900845858,True,0.06156029866859081,-2.9293276362008,-2.909214046089406,-2.96414535560271,-2.923811189674505,-2.7466691025932795,0.1042896982585102,4.0,0.5
27,17,-3.0,-2.0,703,579,124,-2.926475455590692,-2.8810817900845858,True,-0.04539366550610646,-2.9293276362008,-2.909214046089406,-2.96414535560271,-2.923811189674505,-2.7466691025932795,-0.0026642659161870696,3.0,0.0
27,18,-2.0,-1.0,702,587,115,-3.022720957631856,-2.8810817900845858,True,-0.14163916754727035,-2.9293276362008,-2.909214046089406,-2.96414535560271,-2.923811189674505,-2.7466691025932795,-0.09890976795735096,1.0,-1.0
27,19,-1.0,0.0,703,323,380,-2.67108543061414,-2.8810817900845858,True,0.2099963594704457,-2.9293276362008,-2.909214046089406,-2.96414535560271,-2.923811189674505,-2.7466691025932795,0.2527257590603651,5.0,1.0
27,20,0.0,1.0,702,332,370,-3.0976750108861815,-2.8810817900845858,True,-0.2165932208015957,-2.9293276362008,-2.909214046089406,-2.96414535560271,-2.923811189674505,-2.7466691025932795,-0.17386382121167587,1.0,-1.0
27,21,1.0,2.0,703,489,214,-3.001278180002346,-2.8810817900845858,True,-0.12019638991776027,-2.9293276362008,-2.909214046089406,-2.96414535560271,-2.923811189674505,-2.7466691025932795,-0.07746699032784088,1.0,-1.0
27,22,2.0,3.0,703,433,270,-3.102178871312139,-2.8810817900845858,True,-0.22109708122755345,-2.9293276362008,-2.909214046089406,-2.96414535560271,-2.923811189674505,-2.7466691025932795,-0.17836768163763406,1.0,-1.0
27,23,3.0,4.0,702,336,366,-2.945754575301385,-2.8810817900845858,True,-0.06467278521679942,-2.9293276362008,-2.909214046089406,-2.96414535560271,-2.923811189674505,-2.7466691025932795,-0.02194338562688003,2.0,-0.5
27,24,4.0,5.0,703,394,309,-2.960824609748466,-2.8810817900845858,True,-0.0797428196638803,-2.9293276362008,-2.909214046089406,-2.96414535560271,-2.923811189674505,-2.7466691025932795,-0.03701342007396091,2.0,-0.5
27,25,5.0,6.0,702,146,556,-2.7820013095398277,-2.8810817900845858,True,0.09908048054475804,-2.9293276362008,-2.909214046089406,-2.96414535560271,-2.923811189674505,-2.7466691025932795,0.141809880134677,4.0,0.5
27,26,6.0,7.0,703,183,520,-2.9353933829910153,-2.8810817900845858,True,-0.05431159290642951,-2.9293276362008,-2.909214046089406,-2.96414535560271,-2.923811189674505,-2.7466691025932795,-0.011582193316510558,2.0,-0.5
27,27,7.0,8.0,702,422,280,-3.022072549276994,-2.8810817900845858,True,-0.14099075919240844,-2.9293276362008,-2.909214046089406,-2.96414535560271,-2.923811189674505,-2.7466691025932795,-0.09826135960248905,1.0,-1.0
27,28,8.0,9.0,703,480,223,-3.017911425493948,-2.8810817900845858,True,-0.1368296354093621,-2.9293276362008,-2.909214046089406,-2.96414535560271,-2.923811189674505,-2.7466691025932795,-0.09410023581944271,1.0,-1.0
27,29,9.0,10.0,703,301,402,-3.0096836029007714,-2.8810817900845858,True,-0.12860181281618566,-2.9293276362008,-2.909214046089406,-2.96414535560271,-2.923811189674505,-2.7466691025932795,-0.08587241322626626,1.0,-1.0
27,30,10.0,11.0,702,255,447,-2.9555223673725357,-2.8810817900845858,True,-0.07444057728794995,-2.9293276362008,-2.909214046089406,-2.96414535560271,-2.923811189674505,-2.7466691025932795,-0.031711177698031,2.0,-0.5
27,31,11.0,12.0,703,338,365,-3.0482861872172355,-2.8810817900845858,True,-0.16720439713264978,-2.9293276362008,-2.909214046089406,-2.96414535560271,-2.923811189674505,-2.7466691025932795,-0.12447499754273039,1.0,-1.0
27,32,12.0,13.0,702,260,442,-2.950216032457235,-2.8810817900845858,True,-0.06913424237264909,-2.9293276362008,-2.909214046089406,-2.96414535560271,-2.923811189674505,-2.7466691025932795,-0.0264048427827297,2.0,-0.5
27,33,13.0,14.0,703,649,54,-2.3198079290822236,-2.8810817900845858,True,0.5612738610023622,-2.9293276362008,-2.909214046089406,-2.96414535560271,-2.923811189674505,-2.7466691025932795,0.6040032605922812,5.0,1.0
27,34,14.0,15.0,702,455,247,-2.4034366022836053,-2.8810817900845858,True,0.4776451878009804,-2.9293276362008,-2.909214046089406,-2.96414535560271,-2.923811189674505,-2.7466691025932795,0.5203745873908998,5.0,1.0
27,35,15.0,16.0,703,693,10,-2.2882288919348692,-2.8810817900845858,True,0.5928528981497165,-2.9293276362008,-2.909214046089406,-2.96414535560271,-2.923811189674505,-2.7466691025932795,0.6355822977396364,5.0,1.0
27,36,16.0,17.0,703,335,368,-2.687870539208849,-2.8810817900845858,True,0.19321125087573687,-2.9293276362008,-2.909214046089406,-2.96414535560271,-2.923811189674505,-2.7466691025932795,0.23594065046565627,5.0,1.0
27,37,17.0,18.0,702,370,332,-3.1843397832600218,-2.8810817900845858,True,-0.303257993175436,-2.9293276362008,-2.909214046089406,-2.96414535560271,-2.923811189674505,-2.7466691025932795,-0.2605285935855166,1.0,-1.0
27,38,18.0,19.0,703,221,482,-3.2123778650091355,-2.8810817900845858,True,-0.3312960749245497,-2.9293276362008,-2.909214046089406,-2.96414535560271,-2.923811189674505,-2.7466691025932795,-0.2885666753346303,1.0,-1.0
27,39,19.0,20.0,702,283,419,-3.3453082534225724,-2.8810817900845858,True,-0.4642264633379867,-2.9293276362008,-2.909214046089406,-2.96414535560271,-2.923811189674505,-2.7466691025932795,-0.4214970637480673,1.0,-1.0
28,0,-20.0,-19.0,703,499,204,-3.0043259461234557,-2.9874233333456575,True,-0.016902612777798254,-3.0052665907643856,-2.9847454131896067,-3.0388432385543105,-2.9955568060429627,-2.9490100941113266,-0.008769140080493454,3.0,0.0
28,1,-19.0,-18.0,703,487,216,-2.894625586834173,-2.9874233333456575,True,0.09279774651148465,-3.0052665907643856,-2.9847454131896067,-3.0388432385543105,-2.9955568060429627,-2.9490100941113266,0.10093121920878989,5.0,1.0
28,2,-18.0,-17.0,702,216,486,-2.844055603617545,-2.9874233333456575,True,0.14336772972811263,-3.0052665907643856,-2.9847454131896067,-3.0388432385543105,-2.9955568060429627,-2.9490100941113266,0.15150120242541787,5.0,1.0
28,3,-17.0,-16.0,703,415,288,-2.9713613181371032,-2.9874233333456575,True,0.016062015208554214,-3.0052665907643856,-2.9847454131896067,-3.0388432385543105,-2.9955568060429627,-2.9490100941113266,0.02419548790585946,4.0,0.5
28,4,-16.0,-15.0,702,422,280,-2.9822493264672194,-2.9874233333456575,True,0.005174006878438053,-3.0052665907643856,-2.9847454131896067,-3.0388432385543105,-2.9955568060429627,-2.9490100941113266,0.013307479575743297,4.0,0.5
28,5,-15.0,-14.0,703,475,228,-2.9550960452097894,-2.9874233333456575,True,0.03232728813586805,-3.0052665907643856,-2.9847454131896067,-3.0388432385543105,-2.9955568060429627,-2.9490100941113266,0.04046076083317329,4.0,0.5
28,6,-14.0,-13.0,702,650,52,-3.0249502049257417,-2.9874233333456575,True,-0.037526871580084276,-3.0052665907643856,-2.9847454131896067,-3.0388432385543105,-2.9955568060429627,-2.9490100941113266,-0.02939339888277903,2.0,-0.5
28,7,-13.0,-12.0,703,348,355,-2.9307522408159388,-2.9874233333456575,True,0.05667109252971869,-3.0052665907643856,-2.9847454131896067,-3.0388432385543105,-2.9955568060429627,-2.9490100941113266,0.06480456522702394,5.0,1.0
28,8,-12.0,-11.0,703,486,217,-2.760932663620605,-2.9874233333456575,True,0.22649066972505238,-3.0052665907643856,-2.9847454131896067,-3.0388432385543105,-2.9955568060429627,-2.9490100941113266,0.23462414242235763,5.0,1.0
28,9,-11.0,-10.0,702,321,381,-3.201836869259261,-2.9874233333456575,True,-0.21441353591360368,-3.0052665907643856,-2.9847454131896067,-3.0388432385543105,-2.9955568060429627,-2.9490100941113266,-0.20628006321629844,1.0,-1.0
28,10,-10.0,-9.0,703,259,444,-2.956756124276202,-2.9874233333456575,True,0.030667209069455303,-3.0052665907643856,-2.9847454131896067,-3.0388432385543105,-2.9955568060429627,-2.9490100941113266,0.03880068176676055,4.0,0.5
28,11,-9.0,-8.0,702,479,223,-2.8906885469418815,-2.9874233333456575,True,0.09673478640377597,-3.0052665907643856,-2.9847454131896067,-3.0388432385543105,-2.9955568060429627,-2.9490100941113266,0.10486825910108166,5.0,1.0
28,12,-8.0,-7.0,703,391,312,-3.070071924773601,-2.9874233333456575,True,-0.08264859142794334,-3.0052665907643856,-2.9847454131896067,-3.0388432385543105,-2.9955568060429627,-2.9490100941113266,-0.0745151187306381,1.0,-1.0
28,13,-7.0,-6.0,702,434,268,-3.0807959446739854,-2.9874233333456575,True,-0.09337261132832797,-3.0052665907643856,-2.9847454131896067,-3.0388432385543105,-2.9955568060429627,-2.9490100941113266,-0.08523913863102228,1.0,-1.0
28,14,-6.0,-5.0,703,499,204,-3.028581978704049,-2.9874233333456575,True,-0.04115864535839142,-3.0052665907643856,-2.9847454131896067,-3.0388432385543105,-2.9955568060429627,-2.9490100941113266,-0.03302517266108618,2.0,-0.5
28,15,-5.0,-4.0,703,615,88,-3.006416267547744,-2.9874233333456575,True,-0.018992934202086698,-3.0052665907643856,-2.9847454131896067,-3.0388432385543105,-2.9955568060429627,-2.9490100941113266,-0.010859461504781454,2.0,-0.5
28,16,-4.0,-3.0,702,307,395,-3.009754771475174,-2.9874233333456575,True,-0.022331438129516545,-3.0052665907643856,-2.9847454131896067,-3.0388432385543105,-2.9955568060429627,-2.9490100941113266,-0.014197965432211301,2.0,-0.5
28,17,-3.0,-2.0,703,339,364,-3.0696270181050953,-2.9874233333456575,True,-0.08220368475943785,-3.0052665907643856,-2.9847454131896067,-3.0388432385543105,-2.9955568060429627,-2.9490100941113266,-0.07407021206213305,1.0,-1.0
28,18,-2.0,-1.0,702,483,219,-2.9867876659624693,-2.9874233333456575,True,0.0006356673831882098,-3.0052665907643856,-2.9847454131896067,-3.0388432385543105,-2.9955568060429627,-2.9490100941113266,0.008769140080493454,3.0,0.0
28,19,-1.0,0.0,703,453,250,-3.0788006194421227,-2.9874233333456575,True,-0.09137728609646523,-3.0052665907643856,-2.9847454131896067,-3.0388432385543105,-2.9955568060429627,-2.9490100941113266,-0.08324381339915998,1.0,-1.0
28,20,0.0,1.0,702,422,280,-3.0025904101625396,-2.9874233333456575,True,-0.015167076816882119,-3.0052665907643856,-2.9847454131896067,-3.0388432385543105,-2.9955568060429627,-2.9490100941113266,-0.007033604119577319,3.0,0.0
28,21,1.0,2.0,703,458,245,-3.036071284304499,-2.9874233333456575,True,-0.048647950958841335,-3.0052665907643856,-2.9847454131896067,-3.0388432385543105,-2.9955568060429627,-2.9490100941113266,-0.04051447826153609,2.0,-0.5
28,22,2.0,3.0,702,424,278,-3.0404769012431085,-2.9874233333456575,True,-0.05305356789745108,-3.0052665907643856,-2.9847454131896067,-3.0388432385543105,-2.9955568060429627,-2.9490100941113266,-0.04492009520014584,1.0,-1.0
28,23,3.0,4.0,703,465,238,-3.014173638679672,-2.9874233333456575,True,-0.026750305334014346,-3.0052665907643856,-2.9847454131896067,-3.0388432385543105,-2.9955568060429627,-2.9490100941113266,-0.018616832636709102,2.0,-0.5
28,24,4.0,5.0,703,245,458,-3.059367415618681,-2.9874233333456575,True,-0.07194408227302374,-3.0052665907643856,-2.9847454131896067,-3.0388432385543105,-2.9955568060429627,-2.9490100941113266,-0.06381060957571849,1.0,-1.0
28,25,5.0,6.0,702,0,702,,-2.9874233333456575,True,,-3.0052665907643856,-2.9847454131896067,-3.0388432385543105,-2.9955568060429627,-2.9490100941113266,,,
28,26,6.0,7.0,703,118,585,-3.097173564529419,-2.9874233333456575,True,-0.10975023118376148,-3.0052665907643856,-2.9847454131896067,-3.0388432385543105,-2.9955568060429627,-2.9490100941113266,-0.10161675848645624,1.0,-1.0
28,27,7.0,8.0,702,389,313,-3.075827650252435,-2.9874233333456575,True,-0.08840431690677741,-3.0052665907643856,-2.9847454131896067,-3.0388432385543105,-2.9955568060429627,-2.9490100941113266,-0.08027084420947217,1.0,-1.0
28,28,8.0,9.0,703,491,212,-3.1294486145306384,-2.9874233333456575,True,-0.14202528118498092,-3.0052665907643856,-2.9847454131896067,-3.0388432385543105,-2.9955568060429627,-2.9490100941113266,-0.13389180848767568,1.0,-1.0
28,29,9.0,10.0,702,504,198,-2.9981748267348634,-2.9874233333456575,True,-0.01075149338920589,-3.0052665907643856,-2.9847454131896067,-3.0388432385543105,-2.9955568060429627,-2.9490100941113266,-0.0026180206919010907,3.0,0.0
28,30,10.0,11.0,703,303,400,-2.9949209588910537,-2.9874233333456575,True,-0.007497625545396236,-3.0052665907643856,-2.9847454131896067,-3.0388432385543105,-2.9955568060429627,-2.9490100941113266,0.0006358471519090081,3.0,0.0
28,31,11.0,12.0,703,376,327,-2.9301121297180823,-2.9874233333456575,True,0.057311203627575136,-3.0052665907643856,-2.9847454131896067,-3.0388432385543105,-2.9955568060429627,-2.9490100941113266,0.06544467632488038,5.0,1.0
28,32,12.0,13.0,702,561,141,-2.945328514370897,-2.9874233333456575,True,0.04209481897476053,-3.0052665907643856,-2.9847454131896067,-3.0388432385543105,-2.9955568060429627,-2.9490100941113266,0.05022829167206577,5.0,1.0
28,33,13.0,14.0,703,597,106,-2.443145112821827,-2.9874233333456575,True,0.5442782205238306,-3.0052665907643856,-2.9847454131896067,-3.0388432385543105,-2.9955568060429627,-2.9490100941113266,0.5524116932211358,5.0,1.0
28,34,14.0,15.0,702,665,37,-2.094312369691815,-2.9874233333456575,True,0.8931109636538426,-3.0052665907643856,-2.9847454131896067,-3.0388432385543105,-2.9955568060429627,-2.9490100941113266,0.9012444363511478,5.0,1.0
28,35,15.0,16.0,703,361,342,-2.9689639648542623,-2.9874233333456575,True,0.01845936849139518,-3.0052665907643856,-2.9847454131896067,-3.0388432385543105,-2.9955568060429627,-2.9490100941113266,0.026592841188700422,4.0,0.5
28,36,16.0,17.0,702,181,521,-2.7344575982751063,-2.9874233333456575,True,0.2529657350705512,-3.0052665907643856,-2.9847454131896067,-3.0388432385543105,-2.9955568060429627,-2.9490100941113266,0.26109920776785644,5.0,1.0
28,37,17.0,18.0,703,206,497,-3.19934288514945,-2.9874233333456575,True,-0.2119195518037924,-3.0052665907643856,-2.9847454131896067,-3.0388432385543105,-2.9955568060429627,-2.9490100941113266,-0.20378607910648716,1.0,-1.0
28,38,18.0,19.0,702,144,558,-3.1791545685849387,-2.9874233333456575,True,-0.19173123523928126,-3.0052665907643856,-2.9847454131896067,-3.0388432385543105,-2.9955568060429627,-2.9490100941113266,-0.18359776254197602,1.0,-1.0
28,39,19.0,20.0,703,114,589,-3.2350461387330736,-2.9874233333456575,True,-0.2476228053874161,-3.0052665907643856,-2.9847454131896067,-3.0388432385543105,-2.9955568060429627,-2.9490100941113266,-0.23948933269011086,1.0,-1.0
29,0,-20.0,-19.0,702,430,272,-2.9842336576713695,-2.935102095722106,True,-0.0491315619492636,-2.9576391311891084,-2.9256300815396457,-3.0082870727731783,-2.9424249152077757,-2.884358904292226,-0.04180874246359334,2.0,-0.5
29,1,-19.0,-18.0,703,361,342,-2.7671076908976175,-2.935102095722106,True,0.16799440482448835,-2.9576391311891084,-2.9256300815396457,-3.0082870727731783,-2.9424249152077757,-2.884358904292226,0.17531722431015861,5.0,1.0
29,2,-18.0,-17.0,702,349,353,-2.7363012320998616,-2.935102095722106,True,0.19880086362224425,-2.9576391311891084,-2.9256300815396457,-3.0082870727731783,-2.9424249152077757,-2.884358904292226,0.20612368310791407,5.0,1.0
29,3,-17.0,-16.0,703,427,276,-2.96655057416526,-2.935102095722106,True,-0.031448478443154126,-2.9576391311891084,-2.9256300815396457,-3.0082870727731783,-2.9424249152077757,-2.884358904292226,-0.02412565895748431,2.0,-0.5
29,4,-16.0,-15.0,702,255,447,-2.8225658532860614,-2.935102095722106,True,0.11253624243604454,-2.9576391311891084,-2.9256300815396457,-3.0082870727731783,-2.9424249152077757,-2.884358904292226,0.11985906192171436,5.0,1.0
29,5,-15.0,-14.0,703,380,323,-2.9503479505722567,-2.935102095722106,True,-0.015245854850150842,-2.9576391311891084,-2.9256300815396457,-3.0082870727731783,-2.9424249152077757,-2.884358904292226,-0.007923035364481024,3.0,0.0
29,6,-14.0,-13.0,702,368,334,-2.914786772501852,-2.935102095722106,True,0.020315323220253756,-2.9576391311891084,-2.9256300815396457,-3.0082870727731783,-2.9424249152077757,-2.884358904292226,0.027638142705923574,4.0,0.5
29,7,-13.0,-12.0,703,412,291,-2.996672488723741,-2.935102095722106,True,-0.061570393001634915,-2.9576391311891084,-2.9256300815396457,-3.0082870727731783,-2.9424249152077757,-2.884358904292226,-0.0542475735159651,2.0,-0.5
29,8,-12.0,-11.0,703,352,351,-3.0013598238627726,-2.935102095722106,True,-0.06625772814066666,-2.9576391311891084,-2.9256300815396457,-3.0082870727731783,-2.9424249152077757,-2.884358904292226,-0.05893490865499729,2.0,-0.5
29,9,-11.0,-10.0,702,321,381,-3.0387893726962427,-2.935102095722106,True,-0.10368727697413682,-2.9576391311891084,-2.9256300815396457,-3.0082870727731783,-2.9424249152077757,-2.884358904292226,-0.096364457488467,1.0,-1.0
29,10,-10.0,-9.0,703,443,260,-2.9104304842900492,-2.935102095722106,True,0.02467161143205665,-2.9576391311891084,-2.9256300815396457,-3.0082870727731783,-2.9424249152077757,-2.884358904292226,0.03199443091772691,4.0,0.5
29,11,-9.0,-8.0,702,385,317,-2.9345018798432947,-2.935102095722106,True,0.0006002158788112055,-2.9576391311891084,-2.9256300815396457,-3.0082870727731783,-2.9424249152077757,-2.884358904292226,0.007923035364481024,3.0,0.0
29,12,-8.0,-7.0,703,167,536,-2.8731370634034503,-2.935102095722106,True,0.06196503231865558,-2.9576391311891084,-2.9256300815396457,-3.0082870727731783,-2.9424249152077757,-2.884358904292226,0.0692878518043254,5.0,1.0
29,13,-7.0,-6.0,702,329,373,-3.045678932076158,-2.935102095722106,True,-0.11057683635405224,-2.9576391311891084,-2.9256300815396457,-3.0082870727731783,-2.9424249152077757,-2.884358904292226,-0.10325401686838243,1.0,-1.0
29,14,-6.0,-5.0,703,406,297,-3.0587449225734904,-2.935102095722106,True,-0.1236428268513845,-2.9576391311891084,-2.9256300815396457,-3.0082870727731783,-2.9424249152077757,-2.884358904292226,-0.11632000736571468,1.0,-1.0
29,15,-5.0,-4.0,703,356,347,-2.80573201614626,-2.935102095722106,True,0.12937007957584568,-2.9576391311891084,-2.9256300815396457,-3.0082870727731783,-2.9424249152077757,-2.884358904292226,0.1366928990615155,5.0,1.0
29,16,-4.0,-3.0,702,352,350,-2.894483404328421,-2.935102095722106,True,0.04061869139368479,-2.9576391311891084,-2.9256300815396457,-3.0082870727731783,-2.9424249152077757,-2.884358904292226,0.04794151087935461,4.0,0.5
29,17,-3.0,-2.0,703,385,318,-3.0834494578777476,-2.935102095722106,True,-0.1483473621556417,-2.9576391311891084,-2.9256300815396457,-3.0082870727731783,-2.9424249152077757,-2.884358904292226,-0.14102454266997233,1.0,-1.0
29,18,-2.0,-1.0,702,247,455,-2.8880995179218183,-2.935102095722106,True,0.047002577800287604,-2.9576391311891084,-2.9256300815396457,-3.0082870727731783,-2.9424249152077757,-2.884358904292226,0.05432539728595742,4.0,0.5
29,19,-1.0,0.0,703,357,346,-3.0290688195043947,-2.935102095722106,True,-0.09396672378228876,-2.9576391311891084,-2.9256300815396457,-3.0082870727731783,-2.9424249152077757,-2.884358904292226,-0.08664390429661895,1.0,-1.0
29,20,0.0,1.0,702,435,267,-2.9355493264649555,-2.935102095722106,True,-0.0004472307428495803,-2.9576391311891084,-2.9256300815396457,-3.0082870727731783,-2.9424249152077757,-2.884358904292226,0.006875588742820238,3.0,0.0
29,21,1.0,2.0,703,310,393,-2.9432624984690845,-2.935102095722106,True,-0.008160402746978601,-2.9576391311891084,-2.9256300815396457,-3.0082870727731783,-2.9424249152077757,-2.884358904292226,-0.000837583261308783,3.0,0.0
29,22,2.0,3.0,703,535,168,-3.04365051714058,-2.935102095722106,True,-0.1085484214184742,-2.9576391311891084,-2.9256300815396457,-3.0082870727731783,-2.9424249152077757,-2.884358904292226,-0.10122560193280439,1.0,-1.0
29,23,3.0,4.0,702,414,288,-3.132629177095257,-2.935102095722106,True,-0.1975270813731509,-2.9576391311891084,-2.9256300815396457,-3.0082870727731783,-2.9424249152077757,-2.884358904292226,-0.19020426188748107,1.0,-1.0
29,24,4.0,5.0,703,339,364,-2.858087106604309,-2.935102095722106,True,0.0770149891177967,-2.9576391311891084,-2.9256300815396457,-3.0082870727731783,-2.9424249152077757,-2.884358904292226,0.08433780860346651,5.0,1.0
29,25,5.0,6.0,702,414,288,-2.916789712258121,-2.935102095722106,True,0.018312383463984894,-2.9576391311891084,-2.9256300815396457,-3.0082870727731783,-2.9424249152077757,-2.884358904292226,0.025635202949654712,4.0,0.5
29,26,6.0,7.0,703,143,560,-3.0370322576635504,-2.935102095722106,True,-0.10193016194144455,-2.9576391311891084,-2.9256300815396457,-3.0082870727731783,-2.9424249152077757,-2.884358904292226,-0.09460734245577473,1.0,-1.0
29,27,7.0,8.0,702,201,501,-2.9687049276449273,-2.935102095722106,True,-0.03360283192282143,-2.9576391311891084,-2.9256300815396457,-3.0082870727731783,-2.9424249152077757,-2.884358904292226,-0.026280012437152056,2.0,-0.5
29,28,8.0,9.0,703,184,519,-2.8213540194100357,-2.935102095722106,True,0.11374807631207018,-2.9576391311891084,-2.9256300815396457,-3.0082870727731783,-2.9424249152077757,-2.884358904292226,0.12107089579773955,5.0,1.0
29,29,9.0,10.0,702,435,267,-2.984358290218547,-2.935102095722106,True,-0.04925619449644092,-2.9576391311891084,-2.9256300815396457,-3.0082870727731783,-2.9424249152077757,-2.884358904292226,-0.0419333750107711,2.0,-0.5
29,30,10.0,11.0,703,344,359,-2.835244785530973,-2.935102095722106,True,0.09985731019113286,-2.9576391311891084,-2.9256300815396457,-3.0082870727731783,-2.9424249152077757,-2.884358904292226,0.10718012967680268,5.0,1.0
29,31,11.0,12.0,703,302,401,-2.9287901013637883,-2.935102095722106,True,0.006311994358317641,-2.9576391311891084,-2.9256300815396457,-3.0082870727731783,-2.9424249152077757,-2.884358904292226,0.013634813843987459,3.0,0.0
29,32,12.0,13.0,702,337,365,-3.063965534478615,-2.935102095722106,True,-0.1288634387565093,-2.9576391311891084,-2.9256300815396457,-3.0082870727731783,-2.9424249152077757,-2.884358904292226,-0.12154061927083948,1.0,-1.0
29,33,13.0,14.0,703,644,59,-2.4803533979753905,-2.935102095722106,True,0.45474869774671545,-2.9576391311891084,-2.9256300815396457,-3.0082870727731783,-2.9424249152077757,-2.884358904292226,0.46207151723238526,5.0,1.0
29,34,14.0,15.0,702,360,342,-2.6057128834600443,-2.935102095722106,True,0.32938921226206164,-2.9576391311891084,-2.9256300815396457,-3.0082870727731783,-2.9424249152077757,-2.884358904292226,0.33671203174773146,5.0,1.0
29,35,15.0,16.0,703,288,415,-2.5747276330070603,-2.935102095722106,True,0.3603744627150456,-2.9576391311891084,-2.9256300815396457,-3.0082870727731783,-2.9424249152077757,-2.884358904292226,0.3676972822007154,5.0,1.0
29,36,16.0,17.0,702,225,477,-3.1506208766404025,-2.935102095722106,True,-0.21551878091829657,-2.9576391311891084,-2.9256300815396457,-3.0082870727731783,-2.9424249152077757,-2.884358904292226,-0.20819596143262675,1.0,-1.0
29,37,17.0,18.0,703,46,657,-3.3199579994623134,-2.935102095722106,True,-0.3848559037402075,-2.9576391311891084,-2.9256300815396457,-3.0082870727731783,-2.9424249152077757,-2.884358904292226,-0.3775330842545377,1.0,-1.0
29,38,18.0,19.0,703,43,660,-3.50845726202663,-2.935102095722106,True,-0.5733551663045242,-2.9576391311891084,-2.9256300815396457,-3.0082870727731783,-2.9424249152077757,-2.884358904292226,-0.5660323468188544,1.0,-1.0
29,39,19.0,20.0,702,112,590,-3.221914636555531,-2.935102095722106,True,-0.286812540833425,-2.9576391311891084,-2.9256300815396457,-3.0082870727731783,-2.9424249152077757,-2.884358904292226,-0.2794897213477552,1.0,-1.0
30,0,-20.0,-19.0,703,585,118,-2.9322969320216967,-2.945216547180476,True,0.012919615158779152,-2.945082874932433,-2.9357414014702066,-2.993233580029604,-2.941549618437831,-2.911964665855523,0.009252686416134193,4.0,0.5
30,1,-19.0,-18.0,702,487,215,-3.029900633129637,-2.945216547180476,True,-0.08468408594916133,-2.945082874932433,-2.9357414014702066,-2.993233580029604,-2.941549618437831,-2.911964665855523,-0.08835101469180628,1.0,-1.0
30,2,-18.0,-17.0,703,526,177,-2.9457468371361366,-2.945216547180476,True,-0.0005302899556607343,-2.945082874932433,-2.9357414014702066,-2.993233580029604,-2.941549618437831,-2.911964665855523,-0.004197218698305694,2.0,-0.5
30,3,-17.0,-16.0,702,379,323,-2.897645838690633,-2.945216547180476,True,0.047570708489842684,-2.945082874932433,-2.9357414014702066,-2.993233580029604,-2.941549618437831,-2.911964665855523,0.043903779747197724,5.0,1.0
30,4,-16.0,-15.0,703,307,396,-2.768646938490806,-2.945216547180476,True,0.17656960868966998,-2.945082874932433,-2.9357414014702066,-2.993233580029604,-2.941549618437831,-2.911964665855523,0.17290267994702502,5.0,1.0
30,5,-15.0,-14.0,703,554,149,-2.953769011779658,-2.945216547180476,True,-0.00855246459918213,-2.945082874932433,-2.9357414014702066,-2.993233580029604,-2.941549618437831,-2.911964665855523,-0.01221939334182709,2.0,-0.5
30,6,-14.0,-13.0,702,337,365,-2.9011546280228435,-2.945216547180476,True,0.04406191915763236,-2.945082874932433,-2.9357414014702066,-2.993233580029604,-2.941549618437831,-2.911964665855523,0.0403949904149874,5.0,1.0
30,7,-13.0,-12.0,703,486,217,-2.990856573059123,-2.945216547180476,True,-0.045640025878646906,-2.945082874932433,-2.9357414014702066,-2.993233580029604,-2.941549618437831,-2.911964665855523,-0.049306954621291865,2.0,-0.5
30,8,-12.0,-11.0,702,414,288,-3.0003646009410465,-2.945216547180476,True,-0.05514805376057064,-2.945082874932433,-2.9357414014702066,-2.993233580029604,-2.941549618437831,-2.911964665855523,-0.058814982503215596,1.0,-1.0
30,9,-11.0,-10.0,703,346,357,-3.0549579444666866,-2.945216547180476,True,-0.10974139728621068,-2.945082874932433,-2.9357414014702066,-2.993233580029604,-2.941549618437831,-2.911964665855523,-0.11340832602885564,1.0,-1.0
30,10,-10.0,-9.0,702,470,232,-2.9445396331294025,-2.945216547180476,True,0.0006769140510733962,-2.945082874932433,-2.9357414014702066,-2.993233580029604,-2.941549618437831,-2.911964665855523,-0.002990014691571563,3.0,0.0
30,11,-9.0,-8.0,703,404,299,-2.921087821887898,-2.945216547180476,True,0.024128725292577702,-2.945082874932433,-2.9357414014702066,-2.993233580029604,-2.941549618437831,-2.911964665855523,0.020461796549932743,4.0,0.5
30,12,-8.0,-7.0,703,440,263,-2.9155680117997496,-2.945216547180476,True,0.029648535380726315,-2.945082874932433,-2.9357414014702066,-2.993233580029604,-2.941549618437831,-2.911964665855523,0.025981606638081356,4.0,0.5
30,13,-7.0,-6.0,702,513,189,-2.9385596037462602,-2.945216547180476,True,0.006656943434215634,-2.945082874932433,-2.9357414014702066,-2.993233580029604,-2.941549618437831,-2.911964665855523,0.002990014691571119,3.0,0.0
30,14,-6.0,-5.0,703,540,163,-3.0202584489561124,-2.945216547180476,True,-0.07504190177563652,-2.945082874932433,-2.9357414014702066,-2.993233580029604,-2.941549618437831,-2.911964665855523,-0.07870883051828148,1.0,-1.0
30,15,-5.0,-4.0,702,547,155,-2.9247402193105203,-2.945216547180476,True,0.02047632786995557,-2.945082874932433,-2.9357414014702066,-2.993233580029604,-2.941549618437831,-2.911964665855523,0.01680939912731061,4.0,0.5
30,16,-4.0,-3.0,703,386,317,-3.0282804240628614,-2.945216547180476,True,-0.08306387688238548,-2.945082874932433,-2.9357414014702066,-2.993233580029604,-2.941549618437831,-2.911964665855523,-0.08673080562503044,1.0,-1.0
30,17,-3.0,-2.0,702,532,170,-2.964657358188209,-2.945216547180476,True,-0.019440811007733316,-2.945082874932433,-2.9357414014702066,-2.993233580029604,-2.941549618437831,-2.911964665855523,-0.023107739750378276,2.0,-0.5
30,18,-2.0,-1.0,703,377,326,-2.882226732743181,-2.945216547180476,True,0.0629898144372949,-2.945082874932433,-2.9357414014702066,-2.993233580029604,-2.941549618437831,-2.911964665855523,0.05932288569464994,5.0,1.0
30,19,-1.0,0.0,702,479,223,-2.889072752047048,-2.945216547180476,True,0.05614379513342804,-2.945082874932433,-2.9357414014702066,-2.993233580029604,-2.941549618437831,-2.911964665855523,0.05247686639078308,5.0,1.0
30,20,0.0,1.0,703,360,343,-2.7326414561716943,-2.945216547180476,True,0.21257509100878158,-2.945082874932433,-2.9357414014702066,-2.993233580029604,-2.941549618437831,-2.911964665855523,0.20890816226613662,5.0,1.0
30,21,1.0,2.0,703,417,286,-3.004828938371085,-2.945216547180476,True,-0.05961239119060924,-2.945082874932433,-2.9357414014702066,-2.993233580029604,-2.941549618437831,-2.911964665855523,-0.0632793199332542,1.0,-1.0
30,22,2.0,3.0,702,437,265,-3.120040054521028,-2.945216547180476,True,-0.1748235073405522,-2.945082874932433,-2.9357414014702066,-2.993233580029604,-2.941549618437831,-2.911964665855523,-0.17849043608319715,1.0,-1.0
30,23,3.0,4.0,703,382,321,-3.0619473920956035,-2.945216547180476,True,-0.11673084491512764,-2.945082874932433,-2.9357414014702066,-2.993233580029604,-2.941549618437831,-2.911964665855523,-0.1203977736577726,1.0,-1.0
30,24,4.0,5.0,702,421,281,-3.126433549479309,-2.945216547180476,True,-0.1812170022988333,-2.945082874932433,-2.9357414014702066,-2.993233580029604,-2.941549618437831,-2.911964665855523,-0.18488393104147827,1.0,-1.0
30,25,5.0,6.0,703,362,341,-2.918717226347778,-2.945216547180476,True,0.026499320832698015,-2.945082874932433,-2.9357414014702066,-2.993233580029604,-2.941549618437831,-2.911964665855523,0.022832392090053055,4.0,0.5
30,26,6.0,7.0,702,434,268,-2.9793742077940255,-2.945216547180476,True,-0.034157660613549634,-2.945082874932433,-2.9357414014702066,-2.993233580029604,-2.941549618437831,-2.911964665855523,-0.03782458935619415,2.0,-0.5
30,27,7.0,8.0,703,285,418,-3.075172498031971,-2.945216547180476,True,-0.12995595085149514,-2.945082874932433,-2.9357414014702066,-2.993233580029604,-2.941549618437831,-2.911964665855523,-0.1336228795941401,1.0,-1.0
30,28,8.0,9.0,703,166,537,-2.9120390793322155,-2.945216547180476,True,0.03317746784826037,-2.945082874932433,-2.9357414014702066,-2.993233580029604,-2.941549618437831,-2.911964665855523,0.029510539105615408,4.0,0.5
30,29,9.0,10.0,702,282,420,-2.969806478637798,-2.945216547180476,True,-0.024589931457322134,-2.945082874932433,-2.9357414014702066,-2.993233580029604,-2.941549618437831,-2.911964665855523,-0.028256860199967093,2.0,-0.5
30,30,10.0,11.0,703,409,294,-3.0423912840737706,-2.945216547180476,True,-0.0971747368932947,-2.945082874932433,-2.9357414014702066,-2.993233580029604,-2.941549618437831,-2.911964665855523,-0.10084166563593966,1.0,-1.0
30,31,11.0,12.0,702,292,410,-3.053776515097779,-2.945216547180476,True,-0.10855996791730327,-2.945082874932433,-2.9357414014702066,-2.993233580029604,-2.941549618437831,-2.911964665855523,-0.11222689665994823,1.0,-1.0
30,32,12.0,13.0,703,260,443,-2.978157253538721,-2.945216547180476,True,-0.0329407063582452,-2.945082874932433,-2.9357414014702066,-2.993233580029604,-2.941549618437831,-2.911964665855523,-0.03660763510089016,2.0,-0.5
30,33,13.0,14.0,702,548,154,-2.5506372058421696,-2.945216547180476,True,0.3945793413383063,-2.945082874932433,-2.9357414014702066,-2.993233580029604,-2.941549618437831,-2.911964665855523,0.39091241259566134,5.0,1.0
30,34,14.0,15.0,703,514,189,-2.7157125709973347,-2.945216547180476,True,0.22950397618314122,-2.945082874932433,-2.9357414014702066,-2.993233580029604,-2.941549618437831,-2.911964665855523,0.22583704744049626,5.0,1.0
30,35,15.0,16.0,703,327,376,-2.900899733920606,-2.945216547180476,True,0.044316813259869914,-2.945082874932433,-2.9357414014702066,-2.993233580029604,-2.941549618437831,-2.911964665855523,0.040649884517224955,5.0,1.0
30,36,16.0,17.0,702,231,471,-2.8556251907966774,-2.945216547180476,True,0.08959135638379845,-2.945082874932433,-2.9357414014702066,-2.993233580029604,-2.941549618437831,-2.911964665855523,0.08592442764115393,5.0,1.0
30,37,17.0,18.0,703,206,497,-3.042847915125466,-2.945216547180476,True,-0.09763136794499028,-2.945082874932433,-2.9357414014702066,-2.993233580029604,-2.941549618437831,-2.911964665855523,-0.10129829668763524,1.0,-1.0
30,38,18.0,19.0,702,41,661,-3.395824796855075,-2.945216547180476,True,-0.4506082496745991,-2.945082874932433,-2.9357414014702066,-2.993233580029604,-2.941549618437831,-2.911964665855523,-0.4542751784172441,1.0,-1.0
30,39,19.0,20.0,703,267,436,-3.2054043268103625,-2.945216547180476,True,-0.2601877796298866,-2.945082874932433,-2.9357414014702066,-2.993233580029604,-2.941549618437831,-2.911964665855523,-0.26385470837253155,1.0,-1.0
31,0,-20.0,-19.0,702,451,251,-2.9278300293178594,-2.929090863162053,True,0.0012608338441935096,-2.9199913111249334,-2.9139749219486824,-2.9667250060573918,-2.915186122565115,-2.875285800039159,-0.012643906752744627,2.0,-0.5
31,1,-19.0,-18.0,703,433,270,-2.825506033511327,-2.929090863162053,True,0.10358482965072602,-2.9199913111249334,-2.9139749219486824,-2.9667250060573918,-2.915186122565115,-2.875285800039159,0.08968008905378788,5.0,1.0
31,2,-18.0,-17.0,703,622,81,-2.9620908309596614,-2.929090863162053,True,-0.0329999677976085,-2.9199913111249334,-2.9139749219486824,-2.9667250060573918,-2.915186122565115,-2.875285800039159,-0.046904708394546635,2.0,-0.5
31,3,-17.0,-16.0,702,401,301,-2.730079916646694,-2.929090863162053,True,0.1990109465153589,-2.9199913111249334,-2.9139749219486824,-2.9667250060573918,-2.915186122565115,-2.875285800039159,0.18510620591842075,5.0,1.0
31,4,-16.0,-15.0,703,508,195,-2.9132195551279683,-2.929090863162053,True,0.015871308034084652,-2.9199913111249334,-2.9139749219486824,-2.9667250060573918,-2.915186122565115,-2.875285800039159,0.001966567437146516,4.0,0.5
31,5,-15.0,-14.0,702,596,106,-2.8629927354950975,-2.929090863162053,True,0.06609812766695544,-2.9199913111249334,-2.9139749219486824,-2.9667250060573918,-2.915186122565115,-2.875285800039159,0.05219338707001775,5.0,1.0
31,6,-14.0,-13.0,703,501,202,-2.9145929493474476,-2.929090863162053,True,0.014497913814605301,-2.9199913111249334,-2.9139749219486824,-2.9667250060573918,-2.915186122565115,-2.875285800039159,0.0005931732176667204,3.0,0.0
31,7,-13.0,-12.0,702,574,128,-2.8590658897543024,-2.929090863162053,True,0.07002497340775049,-2.9199913111249334,-2.9139749219486824,-2.9667250060573918,-2.915186122565115,-2.875285800039159,0.056120232810812354,5.0,1.0
31,8,-12.0,-11.0,703,521,182,-2.998337331219659,-2.929090863162053,True,-0.06924646805760615,-2.9199913111249334,-2.9139749219486824,-2.9667250060573918,-2.915186122565115,-2.875285800039159,-0.08315120865454428,1.0,-1.0
31,9,-11.0,-10.0,703,280,423,-2.787079036928331,-2.929090863162053,True,0.142011826233722,-2.9199913111249334,-2.9139749219486824,-2.9667250060573918,-2.915186122565115,-2.875285800039159,0.12810708563678386,5.0,1.0
31,10,-10.0,-9.0,702,167,535,-3.0460876065041904,-2.929090863162053,True,-0.1169967433421375,-2.9199913111249334,-2.9139749219486824,-2.9667250060573918,-2.915186122565115,-2.875285800039159,-0.13090148393907564,1.0,-1.0
31,11,-9.0,-8.0,703,437,266,-2.9449276943309135,-2.929090863162053,True,-0.015836831168860588,-2.9199913111249334,-2.9139749219486824,-2.9667250060573918,-2.915186122565115,-2.875285800039159,-0.02974157176579828,2.0,-0.5
31,12,-8.0,-7.0,702,584,118,-2.9251393298764525,-2.929090863162053,True,0.003951533285600384,-2.9199913111249334,-2.9139749219486824,-2.9667250060573918,-2.915186122565115,-2.875285800039159,-0.009953207311337753,2.0,-0.5
31,13,-7.0,-6.0,703,508,195,-2.9157792957827815,-2.929090863162053,True,0.013311567379271416,-2.9199913111249334,-2.9139749219486824,-2.9667250060573918,-2.915186122565115,-2.875285800039159,-0.0005931732176662763,3.0,0.0
31,14,-6.0,-5.0,702,334,368,-2.8817920598504734,-2.929090863162053,True,0.04729880331157954,-2.9199913111249334,-2.9139749219486824,-2.9667250060573918,-2.915186122565115,-2.875285800039159,0.033394062714641404,4.0,0.5
31,15,-5.0,-4.0,703,262,441,-3.1907464153530065,-2.929090863162053,True,-0.2616555521909536,-2.9199913111249334,-2.9139749219486824,-2.9667250060573918,-2.915186122565115,-2.875285800039159,-0.27556029278789174,1.0,-1.0
31,16,-4.0,-3.0,702,422,280,-3.157041352496587,-2.929090863162053,True,-0.2279504893345341,-2.9199913111249334,-2.9139749219486824,-2.9667250060573918,-2.915186122565115,-2.875285800039159,-0.24185522993147224,1.0,-1.0
31,17,-3.0,-2.0,703,230,473,-2.8793834882205127,-2.929090863162053,True,0.049707374941540206,-2.9199913111249334,-2.9139749219486824,-2.9667250060573918,-2.915186122565115,-2.875285800039159,0.03580263434460207,4.0,0.5
31,18,-2.0,-1.0,703,326,377,-2.9806275313505823,-2.929090863162053,True,-0.05153666818852942,-2.9199913111249334,-2.9139749219486824,-2.9667250060573918,-2.915186122565115,-2.875285800039159,-0.06544140878546756,1.0,-1.0
31,19,-1.0,0.0,702,518,184,-2.879498181167213,-2.929090863162053,True,0.04959268199483979,-2.9199913111249334,-2.9139749219486824,-2.9667250060573918,-2.915186122565115,-2.875285800039159,0.03568794139790166,4.0,0.5
31,20,0.0,1.0,703,522,181,-2.900726855919962,-2.929090863162053,True,0.02836400724209076,-2.9199913111249334,-2.9139749219486824,-2.9667250060573918,-2.915186122565115,-2.875285800039159,0.014459266645152624,4.0,0.5
31,21,1.0,2.0,702,458,244,-3.009273969801954,-2.929090863162053,True,-0.08018310663990125,-2.9199913111249334,-2.9139749219486824,-2.9667250060573918,-2.915186122565115,-2.875285800039159,-0.09408784723683938,1.0,-1.0
31,22,2.0,3.0,703,511,192,-3.0149149972713243,-2.929090863162053,True,-0.08582413410927137,-2.9199913111249334,-2.9139749219486824,-2.9667250060573918,-2.915186122565115,-2.875285800039159,-0.0997288747062095,1.0,-1.0
31,23,3.0,4.0,702,460,242,-3.0300982420617375,-2.929090863162053,True,-0.10100737889968459,-2.9199913111249334,-2.9139749219486824,-2.9667250060573918,-2.915186122565115,-2.875285800039159,-0.11491211949662228,1.0,-1.0
31,24,4.0,5.0,703,397,306,-3.2249478377519782,-2.929090863162053,True,-0.2958569745899253,-2.9199913111249334,-2.9139749219486824,-2.9667250060573918,-2.915186122565115,-2.875285800039159,-0.30976171518686346,1.0,-1.0
31,25,5.0,6.0,703,437,266,-3.186266504488096,-2.929090863162053,True,-0.2571756413260431,-2.9199913111249334,-2.9139749219486824,-2.9667250060573918,-2.915186122565115,-2.875285800039159,-0.27108038192298123,1.0,-1.0
31,26,6.0,7.0,702,222,480,-2.819657964352353,-2.929090863162053,True,0.10943289880969997,-2.9199913111249334,-2.9139749219486824,-2.9667250060573918,-2.915186122565115,-2.875285800039159,0.09552815821276184,5.0,1.0
31,27,7.0,8.0,703,431,272,-2.9848833642670063,-2.929090863162053,True,-0.055792501104953374,-2.9199913111249334,-2.9139749219486824,-2.9667250060573918,-2.915186122565115,-2.875285800039159,-0.06969724170189151,1.0,-1.0
31,28,8.0,9.0,702,291,411,-3.0670698920854935,-2.929090863162053,True,-0.1379790289234406,-2.9199913111249334,-2.9139749219486824,-2.9667250060573918,-2.915186122565115,-2.875285800039159,-0.1518837695203783,1.0,-1.0
31,29,9.0,10.0,703,333,370,-3.0511906890510523,-2.929090863162053,True,-0.12209982588899937,-2.9199913111249334,-2.9139749219486824,-2.9667250060573918,-2.915186122565115,-2.875285800039159,-0.1360045664859375,1.0,-1.0
31,30,10.0,11.0,702,229,473,-3.106866772750412,-2.929090863162053,True,-0.17777590958835887,-2.9199913111249334,-2.9139749219486824,-2.9667250060573918,-2.915186122565115,-2.875285800039159,-0.191680650185297,1.0,-1.0
31,31,11.0,12.0,703,473,230,-3.096885450302748,-2.929090863162053,True,-0.16779458714069495,-2.9199913111249334,-2.9139749219486824,-2.9667250060573918,-2.915186122565115,-2.875285800039159,-0.1816993277376331,1.0,-1.0
31,32,12.0,13.0,702,503,199,-3.0387730818630287,-2.929090863162053,True,-0.10968221870097583,-2.9199913111249334,-2.9139749219486824,-2.9667250060573918,-2.915186122565115,-2.875285800039159,-0.12358695929791397,1.0,-1.0
31,33,13.0,14.0,703,557,146,-2.5209010317228757,-2.929090863162053,True,0.4081898314391772,-2.9199913111249334,-2.9139749219486824,-2.9667250060573918,-2.915186122565115,-2.875285800039159,0.3942850908422386,5.0,1.0
31,34,14.0,15.0,703,574,129,-2.5578352253556007,-2.929090863162053,True,0.3712556378064522,-2.9199913111249334,-2.9139749219486824,-2.9667250060573918,-2.915186122565115,-2.875285800039159,0.3573508972095141,5.0,1.0
31,35,15.0,16.0,702,392,310,-2.8296878763774584,-2.929090863162053,True,0.09940298678459447,-2.9199913111249334,-2.9139749219486824,-2.9667250060573918,-2.915186122565115,-2.875285800039159,0.08549824618765633,5.0,1.0
31,36,16.0,17.0,703,254,449,-2.7924840751811684,-2.929090863162053,True,0.13660678798088455,-2.9199913111249334,-2.9139749219486824,-2.9667250060573918,-2.915186122565115,-2.875285800039159,0.12270204738394641,5.0,1.0
31,37,17.0,18.0,702,287,415,-3.07421580923746,-2.929090863162053,True,-0.14512494607540694,-2.9199913111249334,-2.9139749219486824,-2.9667250060573918,-2.915186122565115,-2.875285800039159,-0.15902968667234507,1.0,-1.0
31,38,18.0,19.0,703,288,415,-3.113904682957679,-2.929090863162053,True,-0.18481381979562617,-2.9199913111249334,-2.9139749219486824,-2.9667250060573918,-2.915186122565115,-2.875285800039159,-0.1987185603925643,1.0,-1.0
31,39,19.0,20.0,702,392,310,-3.111533860119717,-2.929090863162053,True,-0.18244299695766397,-2.9199913111249334,-2.9139749219486824,-2.9667250060573918,-2.915186122565115,-2.875285800039159,-0.1963477375546021,1.0,-1.0
32,0,-20.0,-19.0,703,207,496,-2.9183593899640536,-2.9493031707307935,True,0.03094378076673987,-2.9781986590483385,-2.9610176501592465,-3.0046966960980828,-2.9672734319142786,-2.904932911858856,0.048914041950224973,4.0,0.5
32,1,-19.0,-18.0,702,534,168,-3.030950199916816,-2.9493031707307935,True,-0.08164702918602229,-2.9781986590483385,-2.9610176501592465,-3.0046966960980828,-2.9672734319142786,-2.904932911858856,-0.06367676800253719,1.0,-1.0
32,2,-18.0,-17.0,703,523,180,-2.9332514570945873,-2.9493031707307935,True,0.016051713636206166,-2.9781986590483385,-2.9610176501592465,-3.0046966960980828,-2.9672734319142786,-2.904932911858856,0.034021974819690826,4.0,0.5
32,3,-17.0,-16.0,703,383,320,-2.855931430798586,-2.9493031707307935,True,0.09337173993220738,-2.9781986590483385,-2.9610176501592465,-3.0046966960980828,-2.9672734319142786,-2.904932911858856,0.11134200111569248,5.0,1.0
32,4,-16.0,-15.0,702,321,381,-3.0653466293170313,-2.9493031707307935,True,-0.11604345858623777,-2.9781986590483385,-2.9610176501592465,-3.0046966960980828,-2.9672734319142786,-2.904932911858856,-0.09807319740275311,1.0,-1.0
32,5,-15.0,-14.0,703,305,398,-2.830702600666071,-2.9493031707307935,True,0.11860057006472235,-2.9781986590483385,-2.9610176501592465,-3.0046966960980828,-2.9672734319142786,-2.904932911858856,0.13657083124820746,5.0,1.0
32,6,-14.0,-13.0,702,450,252,-2.986024482105331,-2.9493031707307935,True,-0.03672131137453727,-2.9781986590483385,-2.9610176501592465,-3.0046966960980828,-2.9672734319142786,-2.904932911858856,-0.018751050191052165,2.0,-0.5
32,7,-13.0,-12.0,703,494,209,-2.962751150917758,-2.9493031707307935,True,-0.013447980186964692,-2.9781986590483385,-2.9610176501592465,-3.0046966960980828,-2.9672734319142786,-2.904932911858856,0.004522280996520411,3.0,0.0
32,8,-12.0,-11.0,702,327,375,-2.7469673049131953,-2.9493031707307935,True,0.20233586581759821,-2.9781986590483385,-2.9610176501592465,-3.0046966960980828,-2.9672734319142786,-2.904932911858856,0.22030612700108287,5.0,1.0
32,9,-11.0,-10.0,703,397,306,-3.0031508876405577,-2.9493031707307935,True,-0.0538477169097642,-2.9781986590483385,-2.9610176501592465,-3.0046966960980828,-2.9672734319142786,-2.904932911858856,-0.035877455726279095,2.0,-0.5
32,10,-10.0,-9.0,703,531,172,-3.0525341928416103,-2.9493031707307935,True,-0.1032310221108168,-2.9781986590483385,-2.9610176501592465,-3.0046966960980828,-2.9672734319142786,-2.904932911858856,-0.0852607609273317,1.0,-1.0
32,11,-9.0,-8.0,702,243,459,-3.0068525380739315,-2.9493031707307935,True,-0.05754936734313798,-2.9781986590483385,-2.9610176501592465,-3.0046966960980828,-2.9672734319142786,-2.904932911858856,-0.03957910615965288,1.0,-1.0
32,12,-8.0,-7.0,703,431,272,-2.958898927009954,-2.9493031707307935,True,-0.00959575627916065,-2.9781986590483385,-2.9610176501592465,-3.0046966960980828,-2.9672734319142786,-2.904932911858856,0.008374504904324453,4.0,0.5
32,13,-7.0,-6.0,702,427,275,-3.0660554756097973,-2.9493031707307935,True,-0.11675230487900379,-2.9781986590483385,-2.9610176501592465,-3.0046966960980828,-2.9672734319142786,-2.904932911858856,-0.09878204369551868,1.0,-1.0
32,14,-6.0,-5.0,703,256,447,-2.864653477543263,-2.9493031707307935,True,0.08464969318753068,-2.9781986590483385,-2.9610176501592465,-3.0046966960980828,-2.9672734319142786,-2.904932911858856,0.10261995437101579,5.0,1.0
32,15,-5.0,-4.0,702,299,403,-2.8066064666094643,-2.9493031707307935,True,0.14269670412132918,-2.9781986590483385,-2.9610176501592465,-3.0046966960980828,-2.9672734319142786,-2.904932911858856,0.16066696530481428,5.0,1.0
32,16,-4.0,-3.0,703,282,421,-2.9959664192227544,-2.9493031707307935,True,-0.04666324849196091,-2.9781986590483385,-2.9610176501592465,-3.0046966960980828,-2.9672734319142786,-2.904932911858856,-0.028692987308475804,2.0,-0.5
32,17,-3.0,-2.0,702,298,404,-2.9252865893541773,-2.9493031707307935,True,0.02401658137661622,-2.9781986590483385,-2.9610176501592465,-3.0046966960980828,-2.9672734319142786,-2.904932911858856,0.04198684256010132,4.0,0.5
32,18,-2.0,-1.0,703,227,476,-3.003978082106133,-2.9493031707307935,True,-0.05467491137533953,-2.9781986590483385,-2.9610176501592465,-3.0046966960980828,-2.9672734319142786,-2.904932911858856,-0.03670465019185443,2.0,-0.5
32,19,-1.0,0.0,703,299,404,-2.971795712910799,-2.9493031707307935,True,-0.022492542180005515,-2.9781986590483385,-2.9610176501592465,-3.0046966960980828,-2.9672734319142786,-2.904932911858856,-0.004522280996520411,3.0,0.0
32,20,0.0,1.0,702,260,442,-2.883776388314407,-2.9493031707307935,True,0.06552678241638654,-2.9781986590483385,-2.9610176501592465,-3.0046966960980828,-2.9672734319142786,-2.904932911858856,0.08349704359987165,5.0,1.0
32,21,1.0,2.0,703,342,361,-3.0070116185969815,-2.9493031707307935,True,-0.057708447866188006,-2.9781986590483385,-2.9610176501592465,-3.0046966960980828,-2.9672734319142786,-2.904932911858856,-0.03973818668270246,1.0,-1.0
32,22,2.0,3.0,702,428,274,-3.066658124646451,-2.9493031707307935,True,-0.11735495391565731,-2.9781986590483385,-2.9610176501592465,-3.0046966960980828,-2.9672734319142786,-2.904932911858856,-0.09938469273217221,1.0,-1.0
32,23,3.0,4.0,703,174,529,-3.188865036700441,-2.9493031707307935,True,-0.23956186596964768,-2.9781986590483385,-2.9610176501592465,-3.0046966960980828,-2.9672734319142786,-2.904932911858856,-0.22159160478616258,1.0,-1.0
32,24,4.0,5.0,702,384,318,-3.1141697710959395,-2.9493031707307935,True,-0.164866600365146,-2.9781986590483385,-2.9610176501592465,-3.0046966960980828,-2.9672734319142786,-2.904932911858856,-0.1468963391816609,1.0,-1.0
32,25,5.0,6.0,703,275,428,-3.0194096041900185,-2.9493031707307935,True,-0.07010643345922496,-2.9781986590483385,-2.9610176501592465,-3.0046966960980828,-2.9672734319142786,-2.904932911858856,-0.052136172275739856,1.0,-1.0
32,26,6.0,7.0,703,460,243,-2.9178995302130732,-2.9493031707307935,True,0.031403640517720266,-2.9781986590483385,-2.9610176501592465,-3.0046966960980828,-2.9672734319142786,-2.904932911858856,0.04937390170120581,4.0,0.5
32,27,7.0,8.0,702,329,373,-3.123111603924932,-2.9493031707307935,True,-0.17380843319413852,-2.9781986590483385,-2.9610176501592465,-3.0046966960980828,-2.9672734319142786,-2.904932911858856,-0.15583817201065342,1.0,-1.0
32,28,8.0,9.0,703,303,400,-3.1021298276341316,-2.9493031707307935,True,-0.15282665690333808,-2.9781986590483385,-2.9610176501592465,-3.0046966960980828,-2.9672734319142786,-2.904932911858856,-0.13485639571985342,1.0,-1.0
32,29,9.0,10.0,702,442,260,-2.8724820587094424,-2.9493031707307935,True,0.07682111202135111,-2.9781986590483385,-2.9610176501592465,-3.0046966960980828,-2.9672734319142786,-2.904932911858856,0.09479137320483622,5.0,1.0
32,30,10.0,11.0,703,346,357,-3.1064256518769247,-2.9493031707307935,True,-0.15712248114613114,-2.9781986590483385,-2.9610176501592465,-3.0046966960980828,-2.9672734319142786,-2.904932911858856,-0.13915221996264604,1.0,-1.0
32,31,11.0,12.0,702,315,387,-3.1785301294994164,-2.9493031707307935,True,-0.22922695876862287,-2.9781986590483385,-2.9610176501592465,-3.0046966960980828,-2.9672734319142786,-2.904932911858856,-0.21125669758513776,1.0,-1.0
32,32,12.0,13.0,703,337,366,-3.1286977751632135,-2.9493031707307935,True,-0.17939460443241995,-2.9781986590483385,-2.9610176501592465,-3.0046966960980828,-2.9672734319142786,-2.904932911858856,-0.1614243432489344,1.0,-1.0
32,33,13.0,14.0,703,637,66,-2.4303237461572484,-2.9493031707307935,True,0.5189794245735451,-2.9781986590483385,-2.9610176501592465,-3.0046966960980828,-2.9672734319142786,-2.904932911858856,0.5369496857570302,5.0,1.0
32,34,14.0,15.0,702,470,232,-2.7208889817157447,-2.9493031707307935,True,0.22841418901504884,-2.9781986590483385,-2.9610176501592465,-3.0046966960980828,-2.9672734319142786,-2.904932911858856,0.24638445019853394,5.0,1.0
32,35,15.0,16.0,703,527,176,-2.5129373512122486,-2.9493031707307935,True,0.4363658195185449,-2.9781986590483385,-2.9610176501592465,-3.0046966960980828,-2.9672734319142786,-2.904932911858856,0.45433608070203,5.0,1.0
32,36,16.0,17.0,702,676,26,-2.801987107296636,-2.9493031707307935,True,0.14731606343415748,-2.9781986590483385,-2.9610176501592465,-3.0046966960980828,-2.9672734319142786,-2.904932911858856,0.1652863246176426,5.0,1.0
32,37,17.0,18.0,703,211,492,-3.175803071432791,-2.9493031707307935,True,-0.22649990070199744,-2.9781986590483385,-2.9610176501592465,-3.0046966960980828,-2.9672734319142786,-2.904932911858856,-0.20852963951851233,1.0,-1.0
32,38,18.0,19.0,702,300,402,-3.182329678972936,-2.9493031707307935,True,-0.23302650824214233,-2.9781986590483385,-2.9610176501592465,-3.0046966960980828,-2.9672734319142786,-2.904932911858856,-0.21505624705865722,1.0,-1.0
32,39,19.0,20.0,703,202,501,-3.19101777362522,-2.9493031707307935,True,-0.24171460289442637,-2.9781986590483385,-2.9610176501592465,-3.0046966960980828,-2.9672734319142786,-2.904932911858856,-0.22374434171094126,1.0,-1.0
33,0,-20.0,-19.0,702,297,405,-3.0844562602394006,-2.979798584057931,True,-0.10465767618146948,-3.0088360758604757,-2.957187003784171,-3.0809821399796347,-2.9854326941322786,-2.9086810026496397,-0.09902356610712237,1.0,-1.0
33,1,-19.0,-18.0,703,167,536,-3.1437275734228907,-2.979798584057931,True,-0.1639289893649596,-3.0088360758604757,-2.957187003784171,-3.0809821399796347,-2.9854326941322786,-2.9086810026496397,-0.15829487929061203,1.0,-1.0
33,2,-18.0,-17.0,703,362,341,-2.861518533447985,-2.979798584057931,True,0.11828005060994595,-3.0088360758604757,-2.957187003784171,-3.0809821399796347,-2.9854326941322786,-2.9086810026496397,0.1239141606842935,5.0,1.0
33,3,-17.0,-16.0,702,423,279,-2.8522886484780883,-2.979798584057931,True,0.1275099355798428,-3.0088360758604757,-2.957187003784171,-3.0809821399796347,-2.9854326941322786,-2.9086810026496397,0.13314404565419036,5.0,1.0
33,4,-16.0,-15.0,703,419,284,-3.150857081523982,-2.979798584057931,True,-0.17105849746605095,-3.0088360758604757,-2.957187003784171,-3.0809821399796347,-2.9854326941322786,-2.9086810026496397,-0.1654243873917034,1.0,-1.0
33,5,-15.0,-14.0,702,526,176,-2.9046233796522776,-2.979798584057931,True,0.0751752044056535,-3.0088360758604757,-2.957187003784171,-3.0809821399796347,-2.9854326941322786,-2.9086810026496397,0.08080931448000106,5.0,1.0
33,6,-14.0,-13.0,703,302,401,-2.8888151092963397,-2.979798584057931,True,0.09098347476159141,-3.0088360758604757,-2.957187003784171,-3.0809821399796347,-2.9854326941322786,-2.9086810026496397,0.09661758483593852,5.0,1.0
33,7,-13.0,-12.0,702,387,315,-3.0798240998930457,-2.979798584057931,True,-0.10002551583511465,-3.0088360758604757,-2.957187003784171,-3.0809821399796347,-2.9854326941322786,-2.9086810026496397,-0.0943914057607671,2.0,-0.5
33,8,-12.0,-11.0,703,376,327,-3.0223670813658035,-2.979798584057931,True,-0.04256849730787238,-3.0088360758604757,-2.957187003784171,-3.0809821399796347,-2.9854326941322786,-2.9086810026496397,-0.036934387233524824,2.0,-0.5
33,9,-11.0,-10.0,703,311,392,-2.918190481675448,-2.979798584057931,True,0.06160810238248304,-3.0088360758604757,-2.957187003784171,-3.0809821399796347,-2.9854326941322786,-2.9086810026496397,0.0672422124568306,4.0,0.5
33,10,-10.0,-9.0,702,457,245,-2.9977652531742986,-2.979798584057931,True,-0.017966669116367573,-3.0088360758604757,-2.957187003784171,-3.0809821399796347,-2.9854326941322786,-2.9086810026496397,-0.012332559042019575,3.0,0.0
33,11,-9.0,-8.0,703,374,329,-2.93773762107673,-2.979798584057931,True,0.04206096298120121,-3.0088360758604757,-2.957187003784171,-3.0809821399796347,-2.9854326941322786,-2.9086810026496397,0.047695073055548765,4.0,0.5
33,12,-8.0,-7.0,702,514,188,-2.973100135090259,-2.979798584057931,True,0.006698448967672022,-3.0088360758604757,-2.957187003784171,-3.0809821399796347,-2.9854326941322786,-2.9086810026496397,0.012332559042019575,3.0,0.0
33,13,-7.0,-6.0,703,504,199,-3.0868442061429744,-2.979798584057931,True,-0.10704562208504331,-3.0088360758604757,-2.957187003784171,-3.0809821399796347,-2.9854326941322786,-2.9086810026496397,-0.10141151201069576,1.0,-1.0
33,14,-6.0,-5.0,702,446,256,-2.9174006702508795,-2.979798584057931,True,0.06239791380705162,-3.0088360758604757,-2.957187003784171,-3.0809821399796347,-2.9854326941322786,-2.9086810026496397,0.06803202388139917,4.0,0.5
33,15,-5.0,-4.0,703,372,331,-3.030099918510015,-2.979798584057931,True,-0.05030133445208396,-3.0088360758604757,-2.957187003784171,-3.0809821399796347,-2.9854326941322786,-2.9086810026496397,-0.0446672243777364,2.0,-0.5
33,16,-4.0,-3.0,703,351,352,-3.088361599999679,-2.979798584057931,True,-0.10856301594174811,-3.0088360758604757,-2.957187003784171,-3.0809821399796347,-2.9854326941322786,-2.9086810026496397,-0.10292890586740056,1.0,-1.0
33,17,-3.0,-2.0,702,472,230,-2.9100335436487605,-2.979798584057931,True,0.06976504040917053,-3.0088360758604757,-2.957187003784171,-3.0809821399796347,-2.9854326941322786,-2.9086810026496397,0.07539915048351808,4.0,0.5
33,18,-2.0,-1.0,703,186,517,-2.7147361657183557,-2.979798584057931,True,0.26506241833957533,-3.0088360758604757,-2.957187003784171,-3.0809821399796347,-2.9854326941322786,-2.9086810026496397,0.27069652841392244,5.0,1.0
33,19,-1.0,0.0,702,243,459,-3.033224318551412,-2.979798584057931,True,-0.05342573449348098,-3.0088360758604757,-2.957187003784171,-3.0809821399796347,-2.9854326941322786,-2.9086810026496397,-0.04779162441913343,2.0,-0.5
33,20,0.0,1.0,703,231,472,-2.983927092702899,-2.979798584057931,True,-0.004128508644968054,-3.0088360758604757,-2.957187003784171,-3.0809821399796347,-2.9854326941322786,-2.9086810026496397,0.0015056014293794995,3.0,0.0
33,21,1.0,2.0,702,430,272,-3.1393976529851946,-2.979798584057931,True,-0.1595990689272635,-3.0088360758604757,-2.957187003784171,-3.0809821399796347,-2.9854326941322786,-2.9086810026496397,-0.15396495885291595,1.0,-1.0
33,22,2.0,3.0,703,341,362,-3.0462161867629867,-2.979798584057931,True,-0.06641760270505559,-3.0088360758604757,-2.957187003784171,-3.0809821399796347,-2.9854326941322786,-2.9086810026496397,-0.060783492630708036,2.0,-0.5
33,23,3.0,4.0,702,301,401,-3.0509783891182325,-2.979798584057931,True,-0.07117980506030142,-3.0088360758604757,-2.957187003784171,-3.0809821399796347,-2.9854326941322786,-2.9086810026496397,-0.06554569498595386,2.0,-0.5
33,24,4.0,5.0,703,375,328,-3.056407588201477,-2.979798584057931,True,-0.07660900414354588,-3.0088360758604757,-2.957187003784171,-3.0809821399796347,-2.9854326941322786,-2.9086810026496397,-0.07097489406919832,2.0,-0.5
33,25,5.0,6.0,703,291,412,-3.1203165183942776,-2.979798584057931,True,-0.14051793433634652,-3.0088360758604757,-2.957187003784171,-3.0809821399796347,-2.9854326941322786,-2.9086810026496397,-0.13488382426199896,1.0,-1.0
33,26,6.0,7.0,702,426,276,-3.1403697549119647,-2.979798584057931,True,-0.1605711708540336,-3.0088360758604757,-2.957187003784171,-3.0809821399796347,-2.9854326941322786,-2.9086810026496397,-0.15493706077968605,1.0,-1.0
33,27,7.0,8.0,703,400,303,-3.061900346374774,-2.979798584057931,True,-0.08210176231684274,-3.0088360758604757,-2.957187003784171,-3.0809821399796347,-2.9854326941322786,-2.9086810026496397,-0.07646765224249519,2.0,-0.5
33,28,8.0,9.0,702,443,259,-3.233888905401477,-2.979798584057931,True,-0.25409032134354614,-3.0088360758604757,-2.957187003784171,-3.0809821399796347,-2.9854326941322786,-2.9086810026496397,-0.2484562112691986,1.0,-1.0
33,29,9.0,10.0,703,430,273,-3.063919659559078,-2.979798584057931,True,-0.08412107550114678,-3.0088360758604757,-2.957187003784171,-3.0809821399796347,-2.9854326941322786,-2.9086810026496397,-0.07848696542679923,2.0,-0.5
33,30,10.0,11.0,702,364,338,-2.9519289617733144,-2.979798584057931,True,0.027869622284616646,-3.0088360758604757,-2.957187003784171,-3.0809821399796347,-2.9854326941322786,-2.9086810026496397,0.0335037323589642,4.0,0.5
33,31,11.0,12.0,703,314,389,-2.9797782470407683,-2.979798584057931,True,2.0337017162752602e-05,-3.0088360758604757,-2.957187003784171,-3.0809821399796347,-2.9854326941322786,-2.9086810026496397,0.005654447091510306,3.0,0.0
33,32,12.0,13.0,703,457,246,-2.9295656186105536,-2.979798584057931,True,0.05023296544737743,-3.0088360758604757,-2.957187003784171,-3.0809821399796347,-2.9854326941322786,-2.9086810026496397,0.055867075521724985,4.0,0.5
33,33,13.0,14.0,702,561,141,-2.5348999318465313,-2.979798584057931,True,0.4448986522113998,-3.0088360758604757,-2.957187003784171,-3.0809821399796347,-2.9854326941322786,-2.9086810026496397,0.4505327622857469,5.0,1.0
33,34,14.0,15.0,703,364,339,-2.588687634819534,-2.979798584057931,True,0.39111094923839707,-3.0088360758604757,-2.957187003784171,-3.0809821399796347,-2.9854326941322786,-2.9086810026496397,0.3967450593127446,5.0,1.0
33,35,15.0,16.0,702,397,305,-2.7935878423706453,-2.979798584057931,True,0.1862107416872858,-3.0088360758604757,-2.957187003784171,-3.0809821399796347,-2.9854326941322786,-2.9086810026496397,0.19184485176163335,5.0,1.0
33,36,16.0,17.0,703,306,397,-3.0823041739680646,-2.979798584057931,True,-0.10250558991013348,-3.0088360758604757,-2.957187003784171,-3.0809821399796347,-2.9854326941322786,-2.9086810026496397,-0.09687147983578637,1.0,-1.0
33,37,17.0,18.0,702,219,483,-3.207527866173378,-2.979798584057931,True,-0.22772928211544707,-3.0088360758604757,-2.957187003784171,-3.0809821399796347,-2.9854326941322786,-2.9086810026496397,-0.22209517204109952,1.0,-1.0
33,38,18.0,19.0,703,341,362,-3.159901632110281,-2.979798584057931,True,-0.18010304805235,-3.0088360758604757,-2.957187003784171,-3.0809821399796347,-2.9854326941322786,-2.9086810026496397,-0.17446893797800245,1.0,-1.0
33,39,19.0,20.0,702,343,359,-3.162232397055716,-2.979798584057931,True,-0.18243381299778472,-3.0088360758604757,-2.957187003784171,-3.0809821399796347,-2.9854326941322786,-2.9086810026496397,-0.17679970292343716,1.0,-1.0
34,0,-20.0,-19.0,702,634,68,-2.903705265699237,-2.9556998180390623,True,0.05199455233982553,-2.9459353966349147,-2.9319570697192985,-2.9867221746979618,-2.942019325717294,-2.9117994921405983,0.03831406001805737,5.0,1.0
34,1,-19.0,-18.0,703,561,142,-2.9476905900748025,-2.9556998180390623,True,0.008009227964259846,-2.9459353966349147,-2.9319570697192985,-2.9867221746979618,-2.942019325717294,-2.9117994921405983,-0.00567126435750831,2.0,-0.5
34,2,-18.0,-17.0,702,495,207,-2.907594648373946,-2.9556998180390623,True,0.04810516966511624,-2.9459353966349147,-2.9319570697192985,-2.9867221746979618,-2.942019325717294,-2.9117994921405983,0.03442467734334809,5.0,1.0
34,3,-17.0,-16.0,703,484,219,-3.0230192246979493,-2.9556998180390623,True,-0.06731940665888692,-2.9459353966349147,-2.9319570697192985,-2.9867221746979618,-2.942019325717294,-2.9117994921405983,-0.08099989898065507,1.0,-1.0
34,4,-16.0,-15.0,703,356,347,-3.127399220141704,-2.9556998180390623,True,-0.17169940210264167,-2.9459353966349147,-2.9319570697192985,-2.9867221746979618,-2.942019325717294,-2.9117994921405983,-0.18537989442440983,1.0,-1.0
34,5,-15.0,-14.0,702,313,389,-2.9132011067294825,-2.9556998180390623,True,0.04249871130957983,-2.9459353966349147,-2.9319570697192985,-2.9867221746979618,-2.942019325717294,-2.9117994921405983,0.028818218987811672,4.0,0.5
34,6,-14.0,-13.0,703,402,301,-2.887210723982321,-2.9556998180390623,True,0.06848909405674153,-2.9459353966349147,-2.9319570697192985,-2.9867221746979618,-2.942019325717294,-2.9117994921405983,0.05480860173497337,5.0,1.0
34,7,-13.0,-12.0,702,505,197,-2.9574699590186815,-2.9556998180390623,True,-0.0017701409796191392,-2.9459353966349147,-2.9319570697192985,-2.9867221746979618,-2.942019325717294,-2.9117994921405983,-0.015450633301386851,2.0,-0.5
34,8,-12.0,-11.0,703,516,187,-2.9219633868472843,-2.9556998180390623,True,0.03373643119177805,-2.9459353966349147,-2.9319570697192985,-2.9867221746979618,-2.942019325717294,-2.9117994921405983,0.020055938870009893,4.0,0.5
34,9,-11.0,-10.0,702,546,156,-2.9732178086388132,-2.9556998180390623,True,-0.0175179905997509,-2.9459353966349147,-2.9319570697192985,-2.9867221746979618,-2.942019325717294,-2.9117994921405983,-0.03119848292151861,2.0,-0.5
34,10,-10.0,-9.0,703,475,228,-2.977351024227657,-2.9556998180390623,True,-0.021651206188594507,-2.9459353966349147,-2.9319570697192985,-2.9867221746979618,-2.942019325717294,-2.9117994921405983,-0.035331698510362664,2.0,-0.5
34,11,-9.0,-8.0,703,355,348,-3.0148356261088756,-2.9556998180390623,True,-0.05913580806981322,-2.9459353966349147,-2.9319570697192985,-2.9867221746979618,-2.942019325717294,-2.9117994921405983,-0.07281630039158182,1.0,-1.0
34,12,-8.0,-7.0,702,330,372,-2.921033522928142,-2.9556998180390623,True,0.03466629511092023,-2.9459353966349147,-2.9319570697192985,-2.9867221746979618,-2.942019325717294,-2.9117994921405983,0.020985802789152075,4.0,0.5
34,13,-7.0,-6.0,703,567,136,-3.0529275916239103,-2.9556998180390623,True,-0.09722777358484791,-2.9459353966349147,-2.9319570697192985,-2.9867221746979618,-2.942019325717294,-2.9117994921405983,-0.11090826590661607,1.0,-1.0
34,14,-6.0,-5.0,702,541,161,-2.922689872292286,-2.9556998180390623,True,0.03300994574677629,-2.9459353966349147,-2.9319570697192985,-2.9867221746979618,-2.942019325717294,-2.9117994921405983,0.019329453425008136,4.0,0.5
34,15,-5.0,-4.0,703,299,404,-2.9444993292750063,-2.9556998180390623,True,0.011200488764055994,-2.9459353966349147,-2.9319570697192985,-2.9867221746979618,-2.942019325717294,-2.9117994921405983,-0.0024800035577121626,3.0,0.0
34,16,-4.0,-3.0,702,364,338,-2.9063873653285124,-2.9556998180390623,True,0.04931245271054996,-2.9459353966349147,-2.9319570697192985,-2.9867221746979618,-2.942019325717294,-2.9117994921405983,0.0356319603887818,5.0,1.0
34,17,-3.0,-2.0,703,252,451,-2.9395393221595816,-2.9556998180390623,True,0.016160495879480763,-2.9459353966349147,-2.9319570697192985,-2.9867221746979618,-2.942019325717294,-2.9117994921405983,0.0024800035577126067,3.0,0.0
34,18,-2.0,-1.0,702,492,210,-2.8530168970855896,-2.9556998180390623,True,0.10268292095347276,-2.9459353966349147,-2.9319570697192985,-2.9867221746979618,-2.942019325717294,-2.9117994921405983,0.0890024286317046,5.0,1.0
34,19,-1.0,0.0,703,188,515,-3.0192438755474598,-2.9556998180390623,True,-0.06354405750839742,-2.9459353966349147,-2.9319570697192985,-2.9867221746979618,-2.942019325717294,-2.9117994921405983,-0.07722454983016602,1.0,-1.0
34,20,0.0,1.0,703,384,319,-2.9384276223652925,-2.9556998180390623,True,0.017272195673769808,-2.9459353966349147,-2.9319570697192985,-2.9867221746979618,-2.942019325717294,-2.9117994921405983,0.0035917033520016517,3.0,0.0
34,21,1.0,2.0,702,471,231,-3.110599902997346,-2.9556998180390623,True,-0.15490008495828356,-2.9459353966349147,-2.9319570697192985,-2.9867221746979618,-2.942019325717294,-2.9117994921405983,-0.1685805772800517,1.0,-1.0
34,22,2.0,3.0,703,572,131,-2.9493700444332545,-2.9556998180390623,True,0.006329773605807887,-2.9459353966349147,-2.9319570697192985,-2.9867221746979618,-2.942019325717294,-2.9117994921405983,-0.007350718715960269,2.0,-0.5
34,23,3.0,4.0,702,235,467,-3.1631065622778114,-2.9556998180390623,True,-0.20740674423874905,-2.9459353966349147,-2.9319570697192985,-2.9867221746979618,-2.942019325717294,-2.9117994921405983,-0.2210872365605172,1.0,-1.0
34,24,4.0,5.0,703,508,195,-3.032086848014805,-2.9556998180390623,True,-0.07638702997574276,-2.9459353966349147,-2.9319570697192985,-2.9867221746979618,-2.942019325717294,-2.9117994921405983,-0.09006752229751092,1.0,-1.0
34,25,5.0,6.0,702,552,150,-3.1812846700299016,-2.9556998180390623,True,-0.22558485199083922,-2.9459353966349147,-2.9319570697192985,-2.9867221746979618,-2.942019325717294,-2.9117994921405983,-0.23926534431260738,1.0,-1.0
34,26,6.0,7.0,703,328,375,-3.070389964871313,-2.9556998180390623,True,-0.11469014683225076,-2.9459353966349147,-2.9319570697192985,-2.9867221746979618,-2.942019325717294,-2.9117994921405983,-0.12837063915401892,1.0,-1.0
34,27,7.0,8.0,703,428,275,-2.950991995716595,-2.9556998180390623,True,0.004707822322467248,-2.9459353966349147,-2.9319570697192985,-2.9867221746979618,-2.942019325717294,-2.9117994921405983,-0.008972669999300908,2.0,-0.5
34,28,8.0,9.0,702,544,158,-3.297416362305633,-2.9556998180390623,True,-0.34171654426657083,-2.9459353966349147,-2.9319570697192985,-2.9867221746979618,-2.942019325717294,-2.9117994921405983,-0.355397036588339,1.0,-1.0
34,29,9.0,10.0,703,607,96,-3.065682476757256,-2.9556998180390623,True,-0.1099826587181938,-2.9459353966349147,-2.9319570697192985,-2.9867221746979618,-2.942019325717294,-2.9117994921405983,-0.12366315103996195,1.0,-1.0
34,30,10.0,11.0,702,505,197,-3.159920674001474,-2.9556998180390623,True,-0.20422085596241146,-2.9459353966349147,-2.9319570697192985,-2.9867221746979618,-2.942019325717294,-2.9117994921405983,-0.21790134828417962,1.0,-1.0
34,31,11.0,12.0,703,499,204,-3.0072357814101673,-2.9556998180390623,True,-0.051535963371105,-2.9459353966349147,-2.9319570697192985,-2.9867221746979618,-2.942019325717294,-2.9117994921405983,-0.0652164556928736,1.0,-1.0
34,32,12.0,13.0,702,600,102,-3.0754772902598337,-2.9556998180390623,True,-0.1197774722207714,-2.9459353966349147,-2.9319570697192985,-2.9867221746979618,-2.942019325717294,-2.9117994921405983,-0.13345796454253955,1.0,-1.0
34,33,13.0,14.0,703,609,94,-2.6241753494026603,-2.9556998180390623,True,0.33152446863640206,-2.9459353966349147,-2.9319570697192985,-2.9867221746979618,-2.942019325717294,-2.9117994921405983,0.3178439763146339,5.0,1.0
34,34,14.0,15.0,703,328,375,-2.6016043781109017,-2.9556998180390623,True,0.3540954399281606,-2.9459353966349147,-2.9319570697192985,-2.9867221746979618,-2.942019325717294,-2.9117994921405983,0.34041494760639246,5.0,1.0
34,35,15.0,16.0,702,287,415,-2.535494950464048,-2.9556998180390623,True,0.4202048675750145,-2.9459353966349147,-2.9319570697192985,-2.9867221746979618,-2.942019325717294,-2.9117994921405983,0.40652437525324636,5.0,1.0
34,36,16.0,17.0,703,358,345,-2.766709145152014,-2.9556998180390623,True,0.1889906728870483,-2.9459353966349147,-2.9319570697192985,-2.9867221746979618,-2.942019325717294,-2.9117994921405983,0.17531018056528014,5.0,1.0
34,37,17.0,18.0,702,515,187,-3.220827700321003,-2.9556998180390623,True,-0.2651278822819405,-2.9459353966349147,-2.9319570697192985,-2.9867221746979618,-2.942019325717294,-2.9117994921405983,-0.27880837460370866,1.0,-1.0
34,38,18.0,19.0,703,477,226,-3.1610910133835515,-2.9556998180390623,True,-0.20539119534448913,-2.9459353966349147,-2.9319570697192985,-2.9867221746979618,-2.942019325717294,-2.9117994921405983,-0.2190716876662573,1.0,-1.0
34,39,19.0,20.0,702,605,97,-3.2222321073736753,-2.9556998180390623,True,-0.2665322893346129,-2.9459353966349147,-2.9319570697192985,-2.9867221746979618,-2.942019325717294,-2.9117994921405983,-0.2802127816563815,1.0,-1.0
35,0,-20.0,-19.0,703,443,260,-3.023316795763875,-3.0004190091426155,True,-0.02289778662125963,-3.0076930509692463,-2.9822703513001416,-3.0538725554125903,-2.9914217679998045,-2.957020220965324,-0.031895027764070605,2.0,-0.5
35,1,-19.0,-18.0,702,506,196,-2.99631358896454,-3.0004190091426155,True,0.0041054201780754696,-3.0076930509692463,-2.9822703513001416,-3.0538725554125903,-2.9914217679998045,-2.957020220965324,-0.004891820964735505,3.0,0.0
35,2,-18.0,-17.0,703,568,135,-2.942957512788093,-3.0004190091426155,True,0.05746149635452236,-3.0076930509692463,-2.9822703513001416,-3.0538725554125903,-2.9914217679998045,-2.957020220965324,0.04846425521171138,5.0,1.0
35,3,-17.0,-16.0,702,548,154,-2.92311407508177,-3.0004190091426155,True,0.07730493406084538,-3.0076930509692463,-2.9822703513001416,-3.0538725554125903,-2.9914217679998045,-2.957020220965324,0.0683076929180344,5.0,1.0
35,4,-16.0,-15.0,703,355,348,-2.9597038329090863,-3.0004190091426155,True,0.04071517623352916,-3.0076930509692463,-2.9822703513001416,-3.0538725554125903,-2.9914217679998045,-2.957020220965324,0.031717935090718186,4.0,0.5
35,5,-15.0,-14.0,702,547,155,-3.0216012823083322,-3.0004190091426155,True,-0.021182273165716747,-3.0076930509692463,-2.9822703513001416,-3.0538725554125903,-2.9914217679998045,-2.957020220965324,-0.030179514308527278,2.0,-0.5
35,6,-14.0,-13.0,703,371,332,-2.8666945143748337,-3.0004190091426155,True,0.1337244947677818,-3.0076930509692463,-2.9822703513001416,-3.0538725554125903,-2.9914217679998045,-2.957020220965324,0.12472725362497084,5.0,1.0
35,7,-13.0,-12.0,703,418,285,-3.0535636181382557,-3.0004190091426155,True,-0.05314460899564022,-3.0076930509692463,-2.9822703513001416,-3.0538725554125903,-2.9914217679998045,-2.957020220965324,-0.06214185013845164,2.0,-0.5
35,8,-12.0,-11.0,702,445,257,-3.114957219995512,-3.0004190091426155,True,-0.1145382108528965,-3.0076930509692463,-2.9822703513001416,-3.0538725554125903,-2.9914217679998045,-2.957020220965324,-0.12353545199570748,1.0,-1.0
35,9,-11.0,-10.0,703,282,421,-2.9489693851340357,-3.0004190091426155,True,0.051449624008579775,-3.0076930509692463,-2.9822703513001416,-3.0538725554125903,-2.9914217679998045,-2.957020220965324,0.04245238286576836,5.0,1.0
35,10,-10.0,-9.0,702,402,300,-2.9617663785443904,-3.0004190091426155,True,0.0386526305982251,-3.0076930509692463,-2.9822703513001416,-3.0538725554125903,-2.9914217679998045,-2.957020220965324,0.029655389455414127,4.0,0.5
35,11,-9.0,-8.0,703,394,309,-2.9720456685795296,-3.0004190091426155,True,0.028373340563085936,-3.0076930509692463,-2.9822703513001416,-3.0538725554125903,-2.9914217679998045,-2.957020220965324,0.01937609942027496,4.0,0.5
35,12,-8.0,-7.0,702,340,362,-2.9865299470350686,-3.0004190091426155,True,0.013889062107546923,-3.0076930509692463,-2.9822703513001416,-3.0538725554125903,-2.9914217679998045,-2.957020220965324,0.004891820964735505,3.0,0.0
35,13,-7.0,-6.0,703,278,425,-3.0805276996888287,-3.0004190091426155,True,-0.08010869054621317,-3.0076930509692463,-2.9822703513001416,-3.0538725554125903,-2.9914217679998045,-2.957020220965324,-0.08910593168902414,1.0,-1.0
35,14,-6.0,-5.0,703,316,387,-2.8943174179096633,-3.0004190091426155,True,0.10610159123295215,-3.0076930509692463,-2.9822703513001416,-3.0538725554125903,-2.9914217679998045,-2.957020220965324,0.09710435009014073,5.0,1.0
35,15,-5.0,-4.0,702,518,184,-3.0534822895214435,-3.0004190091426155,True,-0.053063280378828015,-3.0076930509692463,-2.9822703513001416,-3.0538725554125903,-2.9914217679998045,-2.957020220965324,-0.06206052152163899,2.0,-0.5
35,16,-4.0,-3.0,703,435,268,-3.0801620893838457,-3.0004190091426155,True,-0.07974308024123022,-3.0076930509692463,-2.9822703513001416,-3.0538725554125903,-2.9914217679998045,-2.957020220965324,-0.0887403213840412,1.0,-1.0
35,17,-3.0,-2.0,702,317,385,-2.97706417873523,-3.0004190091426155,True,0.023354830407385396,-3.0076930509692463,-2.9822703513001416,-3.0538725554125903,-2.9914217679998045,-2.957020220965324,0.014357589264574422,4.0,0.5
35,18,-2.0,-1.0,703,435,268,-3.054799367235592,-3.0004190091426155,True,-0.0543803580929767,-3.0076930509692463,-2.9822703513001416,-3.0538725554125903,-2.9914217679998045,-2.957020220965324,-0.06337759923578767,1.0,-1.0
35,19,-1.0,0.0,702,481,221,-3.0964933207603735,-3.0004190091426155,True,-0.09607431161775803,-3.0076930509692463,-2.9822703513001416,-3.0538725554125903,-2.9914217679998045,-2.957020220965324,-0.10507155276056857,1.0,-1.0
35,20,0.0,1.0,703,626,77,-2.839372829798179,-3.0004190091426155,True,0.16104617934443644,-3.0076930509692463,-2.9822703513001416,-3.0538725554125903,-2.9914217679998045,-2.957020220965324,0.15204893820162546,5.0,1.0
35,21,1.0,2.0,702,379,323,-3.126416114463489,-3.0004190091426155,True,-0.12599710532087371,-3.0076930509692463,-2.9822703513001416,-3.0538725554125903,-2.9914217679998045,-2.957020220965324,-0.1349943464636847,1.0,-1.0
35,22,2.0,3.0,703,329,374,-3.00375692708742,-3.0004190091426155,True,-0.003337917944804314,-3.0076930509692463,-2.9822703513001416,-3.0538725554125903,-2.9914217679998045,-2.957020220965324,-0.012335159087615288,3.0,0.0
35,23,3.0,4.0,703,388,315,-3.2085683377866654,-3.0004190091426155,True,-0.2081493286440499,-3.0076930509692463,-2.9822703513001416,-3.0538725554125903,-2.9914217679998045,-2.957020220965324,-0.21714656978686087,1.0,-1.0
35,24,4.0,5.0,702,480,222,-3.0078310147896534,-3.0004190091426155,True,-0.0074120056470379225,-3.0076930509692463,-2.9822703513001416,-3.0538725554125903,-2.9914217679998045,-2.957020220965324,-0.016409246789848453,2.0,-0.5
35,25,5.0,6.0,703,232,471,-2.9201112339299566,-3.0004190091426155,True,0.08030777521265886,-3.0076930509692463,-2.9822703513001416,-3.0538725554125903,-2.9914217679998045,-2.957020220965324,0.07131053406984789,5.0,1.0
35,26,6.0,7.0,702,438,264,-3.033769791524489,-3.0004190091426155,True,-0.0333507823818735,-3.0076930509692463,-2.9822703513001416,-3.0538725554125903,-2.9914217679998045,-2.957020220965324,-0.042348023524684475,2.0,-0.5
35,27,7.0,8.0,703,377,326,-3.0196603601665886,-3.0004190091426155,True,-0.019241351023973063,-3.0076930509692463,-2.9822703513001416,-3.0538725554125903,-2.9914217679998045,-2.957020220965324,-0.028238592166784482,2.0,-0.5
35,28,8.0,9.0,702,515,187,-3.0567869337513,-3.0004190091426155,True,-0.05636792460868456,-3.0076930509692463,-2.9822703513001416,-3.0538725554125903,-2.9914217679998045,-2.957020220965324,-0.06536516575149554,1.0,-1.0
35,29,9.0,10.0,703,321,382,-3.0291210338529986,-3.0004190091426155,True,-0.02870202471038308,-3.0076930509692463,-2.9822703513001416,-3.0538725554125903,-2.9914217679998045,-2.957020220965324,-0.03769926585319405,2.0,-0.5
35,30,10.0,11.0,703,438,265,-3.1516695437414914,-3.0004190091426155,True,-0.15125053459887594,-3.0076930509692463,-2.9822703513001416,-3.0538725554125903,-2.9914217679998045,-2.957020220965324,-0.16024777574168692,1.0,-1.0
35,31,11.0,12.0,702,275,427,-3.0093847234999727,-3.0004190091426155,True,-0.008965714357357157,-3.0076930509692463,-2.9822703513001416,-3.0538725554125903,-2.9914217679998045,-2.957020220965324,-0.017962955500168132,2.0,-0.5
35,32,12.0,13.0,703,420,283,-2.9734820718099133,-3.0004190091426155,True,0.026936937332702193,-3.0076930509692463,-2.9822703513001416,-3.0538725554125903,-2.9914217679998045,-2.957020220965324,0.01793969618989122,4.0,0.5
35,33,13.0,14.0,702,534,168,-2.5918289659673475,-3.0004190091426155,True,0.40859004317526804,-3.0076930509692463,-2.9822703513001416,-3.0538725554125903,-2.9914217679998045,-2.957020220965324,0.39959280203245706,5.0,1.0
35,34,14.0,15.0,703,367,336,-2.675469136292937,-3.0004190091426155,True,0.32494987284967847,-3.0076930509692463,-2.9822703513001416,-3.0538725554125903,-2.9914217679998045,-2.957020220965324,0.3159526317068675,5.0,1.0
35,35,15.0,16.0,702,498,204,-2.924728826714528,-3.0004190091426155,True,0.07569018242808756,-3.0076930509692463,-2.9822703513001416,-3.0538725554125903,-2.9914217679998045,-2.957020220965324,0.06669294128527659,5.0,1.0
35,36,16.0,17.0,703,314,389,-3.189257308506341,-3.0004190091426155,True,-0.18883829936372543,-3.0076930509692463,-2.9822703513001416,-3.0538725554125903,-2.9914217679998045,-2.957020220965324,-0.1978355405065364,1.0,-1.0
35,37,17.0,18.0,702,401,301,-3.241577807243048,-3.0004190091426155,True,-0.2411587981004324,-3.0076930509692463,-2.9822703513001416,-3.0538725554125903,-2.9914217679998045,-2.957020220965324,-0.25015603924324337,1.0,-1.0
35,38,18.0,19.0,703,288,415,-3.075107739648108,-3.0004190091426155,True,-0.07468873050549263,-3.0076930509692463,-2.9822703513001416,-3.0538725554125903,-2.9914217679998045,-2.957020220965324,-0.0836859716483036,1.0,-1.0
35,39,19.0,20.0,703,360,343,-3.110711543647095,-3.0004190091426155,True,-0.11029253450447962,-3.0076930509692463,-2.9822703513001416,-3.0538725554125903,-2.9914217679998045,-2.957020220965324,-0.1192897756472906,1.0,-1.0
36,0,-20.0,-19.0,702,322,380,-3.0468267982874133,-3.0048335017288776,True,-0.041993296558535675,-3.0159406741545594,-3.001073513005683,-3.057874309227426,-3.002391367024139,-2.944130287974505,-0.04443543126327443,2.0,-0.5
36,1,-19.0,-18.0,703,555,148,-3.1685718635138436,-3.0048335017288776,True,-0.16373836178496592,-3.0159406741545594,-3.001073513005683,-3.057874309227426,-3.002391367024139,-2.944130287974505,-0.16618049648970512,1.0,-1.0
36,2,-18.0,-17.0,702,534,168,-3.0882955272580896,-3.0048335017288776,True,-0.083462025529212,-3.0159406741545594,-3.001073513005683,-3.057874309227426,-3.002391367024139,-2.944130287974505,-0.08590416023395075,1.0,-1.0
36,3,-17.0,-16.0,703,405,298,-3.000552021624276,-3.0048335017288776,True,0.004281480104601609,-3.0159406741545594,-3.001073513005683,-3.057874309227426,-3.002391367024139,-2.944130287974505,0.0018393453998628573,4.0,0.5
36,4,-16.0,-15.0,702,525,177,-3.1159247583581453,-3.0048335017288776,True,-0.11109125662926767,-3.0159406741545594,-3.001073513005683,-3.057874309227426,-3.002391367024139,-2.944130287974505,-0.11353339133400642,1.0,-1.0
36,5,-15.0,-14.0,703,535,168,-2.9993839894446834,-3.0048335017288776,True,0.005449512284194213,-3.0159406741545594,-3.001073513005683,-3.057874309227426,-3.002391367024139,-2.944130287974505,0.0030073775794554614,4.0,0.5
36,6,-14.0,-13.0,703,500,203,-3.0455249676764184,-3.0048335017288776,True,-0.040691465947540806,-3.0159406741545594,-3.001073513005683,-3.057874309227426,-3.002391367024139,-2.944130287974505,-0.04313360065227956,2.0,-0.5
36,7,-13.0,-12.0,702,444,258,-3.1483108755585922,-3.0048335017288776,True,-0.1434773738297146,-3.0159406741545594,-3.001073513005683,-3.057874309227426,-3.002391367024139,-2.944130287974505,-0.1459195085344529,1.0,-1.0
36,8,-12.0,-11.0,703,522,181,-2.9408264227718415,-3.0048335017288776,True,0.06400707895703617,-3.0159406741545594,-3.001073513005683,-3.057874309227426,-3.002391367024139,-2.944130287974505,0.06156494425229786,5.0,1.0
36,9,-11.0,-10.0,702,452,250,-3.0015001877722893,-3.0048335017288776,True,0.003333313956588313,-3.0159406741545594,-3.001073513005683,-3.057874309227426,-3.002391367024139,-2.944130287974505,0.0008911792518495609,3.0,0.0
36,10,-10.0,-9.0,703,593,110,-3.0032825462759885,-3.0048335017288776,True,0.0015509554528891911,-3.0159406741545594,-3.001073513005683,-3.057874309227426,-3.002391367024139,-2.944130287974505,-0.0008911792518495609,3.0,0.0
36,11,-9.0,-8.0,702,599,103,-2.977287085091988,-3.0048335017288776,True,0.027546416636889504,-3.0159406741545594,-3.001073513005683,-3.057874309227426,-3.002391367024139,-2.944130287974505,0.02510428193215075,4.0,0.5
36,12,-8.0,-7.0,703,390,313,-2.8402490586679967,-3.0048335017288776,True,0.16458444306088094,-3.0159406741545594,-3.001073513005683,-3.057874309227426,-3.002391367024139,-2.944130287974505,0.16214230835614218,5.0,1.0
36,13,-7.0,-6.0,703,374,329,-2.8456044197204777,-3.0048335017288776,True,0.1592290820083999,-3.0159406741545594,-3.001073513005683,-3.057874309227426,-3.002391367024139,-2.944130287974505,0.15678694730366116,5.0,1.0
36,14,-6.0,-5.0,702,556,146,-2.9452315763753933,-3.0048335017288776,True,0.0596019253534843,-3.0159406741545594,-3.001073513005683,-3.057874309227426,-3.002391367024139,-2.944130287974505,0.057159790648745545,4.0,0.5
36,15,-5.0,-4.0,703,298,405,-3.148055412450931,-3.0048335017288776,True,-0.14322191072205337,-3.0159406741545594,-3.001073513005683,-3.057874309227426,-3.002391367024139,-2.944130287974505,-0.14566404542679212,1.0,-1.0
36,16,-4.0,-3.0,702,441,261,-2.8265755066143443,-3.0048335017288776,True,0.17825799511453333,-3.0159406741545594,-3.001073513005683,-3.057874309227426,-3.002391367024139,-2.944130287974505,0.17581586040979458,5.0,1.0
36,17,-3.0,-2.0,703,506,197,-3.03141171933948,-3.0048335017288776,True,-0.026578217610602195,-3.0159406741545594,-3.001073513005683,-3.057874309227426,-3.002391367024139,-2.944130287974505,-0.029020352315340947,2.0,-0.5
36,18,-2.0,-1.0,702,356,346,-3.0477339032172046,-3.0048335017288776,True,-0.04290040148832697,-3.0159406741545594,-3.001073513005683,-3.057874309227426,-3.002391367024139,-2.944130287974505,-0.04534253619306572,2.0,-0.5
36,19,-1.0,0.0,703,260,443,-2.875521394558146,-3.0048335017288776,True,0.1293121071707315,-3.0159406741545594,-3.001073513005683,-3.057874309227426,-3.002391367024139,-2.944130287974505,0.12686997246599274,5.0,1.0
36,20,0.0,1.0,703,437,266,-3.004101708962722,-3.0048335017288776,True,0.0007317927661554258,-3.0159406741545594,-3.001073513005683,-3.057874309227426,-3.002391367024139,-2.944130287974505,-0.0017103419385833263,3.0,0.0
36,21,1.0,2.0,702,433,269,-3.062390641008809,-3.0048335017288776,True,-0.057557139279931224,-3.0159406741545594,-3.001073513005683,-3.057874309227426,-3.002391367024139,-2.944130287974505,-0.059999273984669976,1.0,-1.0
36,22,2.0,3.0,703,332,371,-3.1870679198862955,-3.0048335017288776,True,-0.1822344181574178,-3.0159406741545594,-3.001073513005683,-3.057874309227426,-3.002391367024139,-2.944130287974505,-0.18467655286215656,1.0,-1.0
36,23,3.0,4.0,702,350,352,-2.979745536156952,-3.0048335017288776,True,0.025087965571925608,-3.0159406741545594,-3.001073513005683,-3.057874309227426,-3.002391367024139,-2.944130287974505,0.022645830867186856,4.0,0.5
36,24,4.0,5.0,703,430,273,-3.032955709966406,-3.0048335017288776,True,-0.028122208237528312,-3.0159406741545594,-3.001073513005683,-3.057874309227426,-3.002391367024139,-2.944130287974505,-0.030564342942267064,2.0,-0.5
36,25,5.0,6.0,702,385,317,-3.0672459337042066,-3.0048335017288776,True,-0.062412431975328975,-3.0159406741545594,-3.001073513005683,-3.057874309227426,-3.002391367024139,-2.944130287974505,-0.06485456668006773,1.0,-1.0
36,26,6.0,7.0,703,284,419,-2.9482484168724006,-3.0048335017288776,True,0.056585084856477064,-3.0159406741545594,-3.001073513005683,-3.057874309227426,-3.002391367024139,-2.944130287974505,0.05414295015173831,4.0,0.5
36,27,7.0,8.0,702,123,579,-2.870801546065559,-3.0048335017288776,True,0.1340319556633185,-3.0159406741545594,-3.001073513005683,-3.057874309227426,-3.002391367024139,-2.944130287974505,0.13158982095857974,5.0,1.0
36,28,8.0,9.0,703,395,308,-3.0611511593235097,-3.0048335017288776,True,-0.05631765759463203,-3.0159406741545594,-3.001073513005683,-3.057874309227426,-3.002391367024139,-2.944130287974505,-0.05875979229937078,1.0,-1.0
36,29,9.0,10.0,703,197,506,-3.0290240974764258,-3.0048335017288776,True,-0.024190595747548116,-3.0159406741545594,-3.001073513005683,-3.057874309227426,-3.002391367024139,-2.944130287974505,-0.026632730452286868,2.0,-0.5
36,30,10.0,11.0,702,478,224,-3.087858619985997,-3.0048335017288776,True,-0.08302511825711933,-3.0159406741545594,-3.001073513005683,-3.057874309227426,-3.002391367024139,-2.944130287974505,-0.08546725296185809,1.0,-1.0
36,31,11.0,12.0,703,219,484,-2.979108941032853,-3.0048335017288776,True,0.02572456069602458,-3.0159406741545594,-3.001073513005683,-3.057874309227426,-3.002391367024139,-2.944130287974505,0.023282425991285827,4.0,0.5
36,32,12.0,13.0,702,422,280,-3.178537507275481,-3.0048335017288776,True,-0.17370400554660348,-3.0159406741545594,-3.001073513005683,-3.057874309227426,-3.002391367024139,-2.944130287974505,-0.17614614025134223,1.0,-1.0
36,33,13.0,14.0,703,552,151,-2.7156950872877275,-3.0048335017288776,True,0.2891384144411502,-3.0159406741545594,-3.001073513005683,-3.057874309227426,-3.002391367024139,-2.944130287974505,0.28669627973641143,5.0,1.0
36,34,14.0,15.0,702,486,216,-2.6991878618512373,-3.0048335017288776,True,0.3056456398776404,-3.0159406741545594,-3.001073513005683,-3.057874309227426,-3.002391367024139,-2.944130287974505,0.3032035051729016,5.0,1.0
36,35,15.0,16.0,703,204,499,-2.6611545605205937,-3.0048335017288776,True,0.3436789412082839,-3.0159406741545594,-3.001073513005683,-3.057874309227426,-3.002391367024139,-2.944130287974505,0.34123680650354515,5.0,1.0
36,36,16.0,17.0,703,297,406,-3.2160367757726656,-3.0048335017288776,True,-0.21120327404378791,-3.0159406741545594,-3.001073513005683,-3.057874309227426,-3.002391367024139,-2.944130287974505,-0.21364540874852667,1.0,-1.0
36,37,17.0,18.0,702,336,366,-3.118925731572248,-3.0048335017288776,True,-0.11409222984337042,-3.0159406741545594,-3.001073513005683,-3.057874309227426,-3.002391367024139,-2.944130287974505,-0.11653436454810917,1.0,-1.0
36,38,18.0,19.0,703,486,217,-3.1993011238226967,-3.0048335017288776,True,-0.19446762209381907,-3.0159406741545594,-3.001073513005683,-3.057874309227426,-3.002391367024139,-2.944130287974505,-0.19690975679855782,1.0,-1.0
36,39,19.0,20.0,702,320,382,-3.242330580408421,-3.0048335017288776,True,-0.23749707867954317,-3.0159406741545594,-3.001073513005683,-3.057874309227426,-3.002391367024139,-2.944130287974505,-0.23993921338428192,1.0,-1.0
37,0,-20.0,-19.0,702,374,328,-2.971918242462375,-3.0094212207432713,True,0.037502978280896215,-3.036841876071695,-3.0211268252437757,-3.0475748464577155,-3.0350643172930676,-2.9662484529452056,0.06314607483069246,4.0,0.5
37,1,-19.0,-18.0,703,610,93,-3.0428291992864893,-3.0094212207432713,True,-0.033407978543217975,-3.036841876071695,-3.0211268252437757,-3.0475748464577155,-3.0350643172930676,-2.9662484529452056,-0.007764881993421735,2.0,-0.5
37,2,-18.0,-17.0,702,501,201,-3.0059319409385954,-3.0094212207432713,True,0.0034892798046759488,-3.036841876071695,-3.0211268252437757,-3.0475748464577155,-3.0350643172930676,-2.9662484529452056,0.02913237635447219,4.0,0.5
37,3,-17.0,-16.0,703,396,307,-3.036569631274484,-3.0094212207432713,True,-0.02714841053121253,-3.036841876071695,-3.0211268252437757,-3.0475748464577155,-3.0350643172930676,-2.9662484529452056,-0.0015053139814162897,3.0,0.0
37,4,-16.0,-15.0,703,565,138,-3.051348519208919,-3.0094212207432713,True,-0.04192729846564758,-3.036841876071695,-3.0211268252437757,-3.0475748464577155,-3.0350643172930676,-2.9662484529452056,-0.016284201915851337,1.0,-1.0
37,5,-15.0,-14.0,702,550,152,-3.0555291785722125,-3.0094212207432713,True,-0.04610795782894117,-3.036841876071695,-3.0211268252437757,-3.0475748464577155,-3.0350643172930676,-2.9662484529452056,-0.02046486127914493,1.0,-1.0
37,6,-14.0,-13.0,703,499,204,-3.102123190318236,-3.0094212207432713,True,-0.09270196957496468,-3.036841876071695,-3.0211268252437757,-3.0475748464577155,-3.0350643172930676,-2.9662484529452056,-0.06705887302516844,1.0,-1.0
37,7,-13.0,-12.0,702,356,346,-3.057761701376717,-3.0094212207432713,True,-0.04834048063344554,-3.036841876071695,-3.0211268252437757,-3.0475748464577155,-3.0350643172930676,-2.9662484529452056,-0.022697384083649297,1.0,-1.0
37,8,-12.0,-11.0,703,446,257,-3.046316955540648,-3.0094212207432713,True,-0.03689573479737662,-3.036841876071695,-3.0211268252437757,-3.0475748464577155,-3.0350643172930676,-2.9662484529452056,-0.011252638247580382,2.0,-0.5
37,9,-11.0,-10.0,702,587,115,-3.037174619712731,-3.0094212207432713,True,-0.02775339896945983,-3.036841876071695,-3.0211268252437757,-3.0475748464577155,-3.0350643172930676,-2.9662484529452056,-0.00211030241966359,2.0,-0.5
37,10,-10.0,-9.0,703,343,360,-3.044200097577618,-3.0094212207432713,True,-0.03477887683434666,-3.036841876071695,-3.0211268252437757,-3.0475748464577155,-3.0350643172930676,-2.9662484529452056,-0.009135780284550421,2.0,-0.5
37,11,-9.0,-8.0,702,612,90,-3.033559003311651,-3.0094212207432713,True,-0.024137782568379507,-3.036841876071695,-3.0211268252437757,-3.0475748464577155,-3.0350643172930676,-2.9662484529452056,0.0015053139814167338,3.0,0.0
37,12,-8.0,-7.0,703,604,99,-3.0052775615934793,-3.0094212207432713,True,0.004143659149792089,-3.036841876071695,-3.0211268252437757,-3.0475748464577155,-3.0350643172930676,-2.9662484529452056,0.029786755699587886,4.0,0.5
37,13,-7.0,-6.0,703,605,98,-2.915320234462251,-3.0094212207432713,True,0.09410098628102048,-3.036841876071695,-3.0211268252437757,-3.0475748464577155,-3.0350643172930676,-2.9662484529452056,0.11974408283081672,5.0,1.0
37,14,-6.0,-5.0,702,530,172,-2.984278336817251,-3.0094212207432713,True,0.025142883926020154,-3.036841876071695,-3.0211268252437757,-3.0475748464577155,-3.0350643172930676,-2.9662484529452056,0.050785980475816395,4.0,0.5
37,15,-5.0,-4.0,703,485,218,-2.8687676004128253,-3.0094212207432713,True,0.14065362033044604,-3.036841876071695,-3.0211268252437757,-3.0475748464577155,-3.0350643172930676,-2.9662484529452056,0.16629671688024228,5.0,1.0
37,16,-4.0,-3.0,702,552,150,-2.9492390843936964,-3.0094212207432713,True,0.06018213634957492,-3.036841876071695,-3.0211268252437757,-3.0475748464577155,-3.0350643172930676,-2.9662484529452056,0.08582523289937116,5.0,1.0
37,17,-3.0,-2.0,703,514,189,-2.92191043993963,-3.0094212207432713,True,0.08751078080364127,-3.036841876071695,-3.0211268252437757,-3.0475748464577155,-3.0350643172930676,-2.9662484529452056,0.11315387735343752,5.0,1.0
37,18,-2.0,-1.0,702,608,94,-2.9155299539076887,-3.0094212207432713,True,0.09389126683558269,-3.036841876071695,-3.0211268252437757,-3.0475748464577155,-3.0350643172930676,-2.9662484529452056,0.11953436338537893,5.0,1.0
37,19,-1.0,0.0,703,534,169,-3.1428389237579353,-3.0094212207432713,True,-0.13341770301466394,-3.036841876071695,-3.0211268252437757,-3.0475748464577155,-3.0350643172930676,-2.9662484529452056,-0.10777460646486814,1.0,-1.0
37,20,0.0,1.0,703,618,85,-3.0888332914528798,-3.0094212207432713,True,-0.07941207070960843,-3.036841876071695,-3.0211268252437757,-3.0475748464577155,-3.0350643172930676,-2.9662484529452056,-0.05376897415981263,1.0,-1.0
37,21,1.0,2.0,702,321,381,-3.026859030851436,-3.0094212207432713,True,-0.017437810108164697,-3.036841876071695,-3.0211268252437757,-3.0475748464577155,-3.0350643172930676,-2.9662484529452056,0.008205286441631543,3.0,0.0
37,22,2.0,3.0,703,483,220,-3.17073100356687,-3.0094212207432713,True,-0.16130978282359854,-3.036841876071695,-3.0211268252437757,-3.0475748464577155,-3.0350643172930676,-2.9662484529452056,-0.1356666862738023,1.0,-1.0
37,23,3.0,4.0,702,408,294,-3.0825517113573304,-3.0094212207432713,True,-0.07313049061405907,-3.036841876071695,-3.0211268252437757,-3.0475748464577155,-3.0350643172930676,-2.9662484529452056,-0.04748739406426283,1.0,-1.0
37,24,4.0,5.0,703,308,395,-2.9635152888898313,-3.0094212207432713,True,0.04590593185344005,-3.036841876071695,-3.0211268252437757,-3.0475748464577155,-3.0350643172930676,-2.9662484529452056,0.07154902840323585,5.0,1.0
37,25,5.0,6.0,702,358,344,-3.0149839570724026,-3.0094212207432713,True,-0.00556273632913129,-3.036841876071695,-3.0211268252437757,-3.0475748464577155,-3.0350643172930676,-2.9662484529452056,0.020080360220665394,4.0,0.5
37,26,6.0,7.0,703,424,279,-3.090748083574944,-3.0094212207432713,True,-0.08132686283167256,-3.036841876071695,-3.0211268252437757,-3.0475748464577155,-3.0350643172930676,-2.9662484529452056,-0.055683766281876323,1.0,-1.0
37,27,7.0,8.0,702,480,222,-3.1740741588084247,-3.0094212207432713,True,-0.16465293806515335,-3.036841876071695,-3.0211268252437757,-3.0475748464577155,-3.0350643172930676,-2.9662484529452056,-0.1390098415153571,1.0,-1.0
37,28,8.0,9.0,703,216,487,-2.9098361047748864,-3.0094212207432713,True,0.09958511596838493,-3.036841876071695,-3.0211268252437757,-3.0475748464577155,-3.0350643172930676,-2.9662484529452056,0.12522821251818117,5.0,1.0
37,29,9.0,10.0,703,404,299,-3.073548094776434,-3.0094212207432713,True,-0.06412687403316264,-3.036841876071695,-3.0211268252437757,-3.0475748464577155,-3.0350643172930676,-2.9662484529452056,-0.0384837774833664,1.0,-1.0
37,30,10.0,11.0,702,524,178,-3.094705869716844,-3.0094212207432713,True,-0.0852846489735728,-3.036841876071695,-3.0211268252437757,-3.0475748464577155,-3.0350643172930676,-2.9662484529452056,-0.059641552423776556,1.0,-1.0
37,31,11.0,12.0,703,282,421,-2.971073289541373,-3.0094212207432713,True,0.03834793120189817,-3.036841876071695,-3.0211268252437757,-3.0475748464577155,-3.0350643172930676,-2.9662484529452056,0.06399102775169441,4.0,0.5
37,32,12.0,13.0,702,273,429,-3.1222480897634326,-3.0094212207432713,True,-0.11282686902016126,-3.036841876071695,-3.0211268252437757,-3.0475748464577155,-3.0350643172930676,-2.9662484529452056,-0.08718377247036502,1.0,-1.0
37,33,13.0,14.0,703,646,57,-2.53274674477575,-3.0094212207432713,True,0.47667447596752144,-3.036841876071695,-3.0211268252437757,-3.0475748464577155,-3.0350643172930676,-2.9662484529452056,0.5023175725173177,5.0,1.0
37,34,14.0,15.0,702,433,269,-2.9449770544826768,-3.0094212207432713,True,0.06444416626059457,-3.036841876071695,-3.0211268252437757,-3.0475748464577155,-3.0350643172930676,-2.9662484529452056,0.09008726281039081,5.0,1.0
37,35,15.0,16.0,703,227,476,-2.7318077174084916,-3.0094212207432713,True,0.27761350333477974,-3.036841876071695,-3.0211268252437757,-3.0475748464577155,-3.0350643172930676,-2.9662484529452056,0.30325659988457554,5.0,1.0
37,36,16.0,17.0,703,424,279,-2.867170235422352,-3.0094212207432713,True,0.1422509853209193,-3.036841876071695,-3.0211268252437757,-3.0475748464577155,-3.0350643172930676,-2.9662484529452056,0.16789408187071553,5.0,1.0
37,37,17.0,18.0,702,331,371,-3.2066292705444273,-3.0094212207432713,True,-0.19720804980115592,-3.036841876071695,-3.0211268252437757,-3.0475748464577155,-3.0350643172930676,-2.9662484529452056,-0.17156495325136012,1.0,-1.0
37,38,18.0,19.0,703,139,564,-3.114072905681576,-3.0094212207432713,True,-0.10465168493830479,-3.036841876071695,-3.0211268252437757,-3.0475748464577155,-3.0350643172930676,-2.9662484529452056,-0.07900858838850855,1.0,-1.0
37,39,19.0,20.0,702,204,498,-3.1937132643848725,-3.0094212207432713,True,-0.18429204364160112,-3.036841876071695,-3.0211268252437757,-3.0475748464577155,-3.0350643172930676,-2.9662484529452056,-0.15864894709180488,1.0,-1.0
38,0,-20.0,-19.0,702,341,361,-2.8590325107438606,-3.0346725099302767,True,0.17563999918641615,-3.04679298114325,-3.0334110006069,-3.0623632654520954,-3.0427998869048256,-3.006628642538599,0.1837673761609646,5.0,1.0
38,1,-19.0,-18.0,703,308,395,-2.9949235782491233,-3.0346725099302767,True,0.039748931681153454,-3.04679298114325,-3.0334110006069,-3.0623632654520954,-3.0427998869048256,-3.006628642538599,0.047876308655701916,5.0,1.0
38,2,-18.0,-17.0,702,364,338,-3.1079499184181865,-3.0346725099302767,True,-0.07327740848790976,-3.04679298114325,-3.0334110006069,-3.0623632654520954,-3.0427998869048256,-3.006628642538599,-0.06515003151336085,1.0,-1.0
38,3,-17.0,-16.0,703,565,138,-3.0525547955732404,-3.0346725099302767,True,-0.01788228564296368,-3.04679298114325,-3.0334110006069,-3.0623632654520954,-3.0427998869048256,-3.006628642538599,-0.009754908668414775,2.0,-0.5
38,4,-16.0,-15.0,702,236,466,-3.075319664038121,-3.0346725099302767,True,-0.04064715410784414,-3.04679298114325,-3.0334110006069,-3.0623632654520954,-3.0427998869048256,-3.006628642538599,-0.032519777133295236,1.0,-1.0
38,5,-15.0,-14.0,703,621,82,-3.054734836574969,-3.0346725099302767,True,-0.02006232664469243,-3.04679298114325,-3.0334110006069,-3.0623632654520954,-3.0427998869048256,-3.006628642538599,-0.011934949670143524,2.0,-0.5
38,6,-14.0,-13.0,702,393,309,-3.048411269287053,-3.0346725099302767,True,-0.013738759356776153,-3.04679298114325,-3.0334110006069,-3.0623632654520954,-3.0427998869048256,-3.006628642538599,-0.005611382382227248,2.0,-0.5
38,7,-13.0,-12.0,703,422,281,-2.9272431052319794,-3.0346725099302767,True,0.10742940469829731,-3.04679298114325,-3.0334110006069,-3.0623632654520954,-3.0427998869048256,-3.006628642538599,0.11555678167284622,5.0,1.0
38,8,-12.0,-11.0,703,409,294,-3.0074975259558263,-3.0346725099302767,True,0.027174983974450395,-3.04679298114325,-3.0334110006069,-3.0623632654520954,-3.0427998869048256,-3.006628642538599,0.0353023609489993,4.0,0.5
38,9,-11.0,-10.0,702,365,337,-3.04013084660224,-3.0346725099302767,True,-0.00545833667196316,-3.04679298114325,-3.0334110006069,-3.0623632654520954,-3.0427998869048256,-3.006628642538599,0.0026690403025857456,3.0,0.0
38,10,-10.0,-9.0,703,324,379,-3.0251978555014847,-3.0346725099302767,True,0.009474654428792029,-3.04679298114325,-3.0334110006069,-3.0623632654520954,-3.0427998869048256,-3.006628642538599,0.017602031403340934,4.0,0.5
38,11,-9.0,-8.0,702,589,113,-3.1383627814194184,-3.0346725099302767,True,-0.10369027148914167,-3.04679298114325,-3.0334110006069,-3.0623632654520954,-3.0427998869048256,-3.006628642538599,-0.09556289451459277,1.0,-1.0
38,12,-8.0,-7.0,703,484,219,-3.018706113058283,-3.0346725099302767,True,0.015966396871993638,-3.04679298114325,-3.0334110006069,-3.0623632654520954,-3.0427998869048256,-3.006628642538599,0.024093773846542543,4.0,0.5
38,13,-7.0,-6.0,702,550,152,-3.0580444659234196,-3.0346725099302767,True,-0.0233719559931429,-3.04679298114325,-3.0334110006069,-3.0623632654520954,-3.0427998869048256,-3.006628642538599,-0.01524457901859444,2.0,-0.5
38,14,-6.0,-5.0,703,606,97,-3.013846190725181,-3.0346725099302767,True,0.0208263192050957,-3.04679298114325,-3.0334110006069,-3.0623632654520954,-3.0427998869048256,-3.006628642538599,0.028953696179644606,4.0,0.5
38,15,-5.0,-4.0,703,496,207,-3.1547830258283684,-3.0346725099302767,True,-0.12011051589809174,-3.04679298114325,-3.0334110006069,-3.0623632654520954,-3.0427998869048256,-3.006628642538599,-0.11198313892354284,1.0,-1.0
38,16,-4.0,-3.0,702,378,324,-3.088196499345845,-3.0346725099302767,True,-0.05352398941556835,-3.04679298114325,-3.0334110006069,-3.0623632654520954,-3.0427998869048256,-3.006628642538599,-0.045396612441019446,1.0,-1.0
38,17,-3.0,-2.0,703,569,134,-3.0454689272074114,-3.0346725099302767,True,-0.010796417277134651,-3.04679298114325,-3.0334110006069,-3.0623632654520954,-3.0427998869048256,-3.006628642538599,-0.0026690403025861897,3.0,0.0
38,18,-2.0,-1.0,702,409,293,-3.004021992286917,-3.0346725099302767,True,0.030650517643359798,-3.04679298114325,-3.0334110006069,-3.0623632654520954,-3.0427998869048256,-3.006628642538599,0.038777894617908704,5.0,1.0
38,19,-1.0,0.0,703,348,355,-2.9790242966346034,-3.0346725099302767,True,0.055648213295673266,-3.04679298114325,-3.0334110006069,-3.0623632654520954,-3.0427998869048256,-3.006628642538599,0.06377559027022217,5.0,1.0
38,20,0.0,1.0,702,509,193,-2.9417760832377735,-3.0346725099302767,True,0.0928964266925032,-3.04679298114325,-3.0334110006069,-3.0623632654520954,-3.0427998869048256,-3.006628642538599,0.10102380366705255,5.0,1.0
38,21,1.0,2.0,703,489,214,-2.9857832637614123,-3.0346725099302767,True,0.048889246168864364,-3.04679298114325,-3.0334110006069,-3.0623632654520954,-3.0427998869048256,-3.006628642538599,0.05701662314341327,5.0,1.0
38,22,2.0,3.0,703,555,148,-3.150071845083151,-3.0346725099302767,True,-0.11539933515287437,-3.04679298114325,-3.0334110006069,-3.0623632654520954,-3.0427998869048256,-3.006628642538599,-0.10727195817832547,1.0,-1.0
38,23,3.0,4.0,702,562,140,-3.127406192778557,-3.0346725099302767,True,-0.0927336828482801,-3.04679298114325,-3.0334110006069,-3.0623632654520954,-3.0427998869048256,-3.006628642538599,-0.08460630587373119,1.0,-1.0
38,24,4.0,5.0,703,346,357,-3.103037475907036,-3.0346725099302767,True,-0.06836496597675934,-3.04679298114325,-3.0334110006069,-3.0623632654520954,-3.0427998869048256,-3.006628642538599,-0.060237589002210434,1.0,-1.0
38,25,5.0,6.0,702,385,317,-3.0564592973025,-3.0346725099302767,True,-0.021786787372223504,-3.04679298114325,-3.0334110006069,-3.0623632654520954,-3.0427998869048256,-3.006628642538599,-0.013659410397674598,2.0,-0.5
38,26,6.0,7.0,703,441,262,-3.0437259300219854,-3.0346725099302767,True,-0.00905342009170873,-3.04679298114325,-3.0334110006069,-3.0623632654520954,-3.0427998869048256,-3.006628642538599,-0.0009260431171593808,3.0,0.0
38,27,7.0,8.0,702,556,146,-3.11052501088899,-3.0346725099302767,True,-0.07585250095871343,-3.04679298114325,-3.0334110006069,-3.0623632654520954,-3.0427998869048256,-3.006628642538599,-0.06772512398416453,1.0,-1.0
38,28,8.0,9.0,703,509,194,-3.1026242450979127,-3.0346725099302767,True,-0.06795173516763597,-3.04679298114325,-3.0334110006069,-3.0623632654520954,-3.0427998869048256,-3.006628642538599,-0.05982435819308707,1.0,-1.0
38,29,9.0,10.0,702,543,159,-3.0543222020211998,-3.0346725099302767,True,-0.019649692090923043,-3.04679298114325,-3.0334110006069,-3.0623632654520954,-3.0427998869048256,-3.006628642538599,-0.011522315116374582,2.0,-0.5
38,30,10.0,11.0,703,556,147,-3.0883517513924392,-3.0346725099302767,True,-0.05367924146216252,-3.04679298114325,-3.0334110006069,-3.0623632654520954,-3.0427998869048256,-3.006628642538599,-0.045551864487613614,1.0,-1.0
38,31,11.0,12.0,703,567,136,-3.0407656085323977,-3.0346725099302767,True,-0.006093098602121039,-3.04679298114325,-3.0334110006069,-3.0623632654520954,-3.0427998869048256,-3.006628642538599,0.002034278372427867,3.0,0.0
38,32,12.0,13.0,702,353,349,-3.1548536030302503,-3.0346725099302767,True,-0.1201810930999736,-3.04679298114325,-3.0334110006069,-3.0623632654520954,-3.0427998869048256,-3.006628642538599,-0.1120537161254247,1.0,-1.0
38,33,13.0,14.0,703,564,139,-2.5386694997717933,-3.0346725099302767,True,0.49600301015848336,-3.04679298114325,-3.0334110006069,-3.0623632654520954,-3.0427998869048256,-3.006628642538599,0.5041303871330323,5.0,1.0
38,34,14.0,15.0,702,399,303,-2.827343766789136,-3.0346725099302767,True,0.20732874314114058,-3.04679298114325,-3.0334110006069,-3.0623632654520954,-3.0427998869048256,-3.006628642538599,0.2154561201156895,5.0,1.0
38,35,15.0,16.0,703,153,550,-2.7953187637074475,-3.0346725099302767,True,0.23935374622282923,-3.04679298114325,-3.0334110006069,-3.0623632654520954,-3.0427998869048256,-3.006628642538599,0.24748112319737814,5.0,1.0
38,36,16.0,17.0,702,151,551,-2.684321250267093,-3.0346725099302767,True,0.3503512596631837,-3.04679298114325,-3.0334110006069,-3.0623632654520954,-3.0427998869048256,-3.006628642538599,0.3584786366377326,5.0,1.0
38,37,17.0,18.0,703,105,598,-3.3916776743766213,-3.0346725099302767,True,-0.35700516444634456,-3.04679298114325,-3.0334110006069,-3.0623632654520954,-3.0427998869048256,-3.006628642538599,-0.34887778747179565,1.0,-1.0
38,38,18.0,19.0,703,73,630,-3.18435484150803,-3.0346725099302767,True,-0.14968233157775312,-3.04679298114325,-3.0334110006069,-3.0623632654520954,-3.0427998869048256,-3.006628642538599,-0.14155495460320422,1.0,-1.0
38,39,19.0,20.0,702,66,636,-3.166393114763067,-3.0346725099302767,True,-0.13172060483279013,-3.04679298114325,-3.0334110006069,-3.0623632654520954,-3.0427998869048256,-3.006628642538599,-0.12359322785824123,1.0,-1.0
39,0,-20.0,-19.0,702,569,133,-2.861277080571134,-3.0011574091999664,True,0.13988032862883237,-3.026269895785632,-3.0037564489237383,-3.058200231437728,-3.014614746132388,-2.9623088618274505,0.15333766556125372,5.0,1.0
39,1,-19.0,-18.0,703,516,187,-2.9772136743405517,-3.0011574091999664,True,0.0239437348594147,-3.026269895785632,-3.0037564489237383,-3.058200231437728,-3.014614746132388,-2.9623088618274505,0.037401071791835605,4.0,0.5
39,2,-18.0,-17.0,702,592,110,-2.9707509242250136,-3.0011574091999664,True,0.030406484974952797,-3.026269895785632,-3.0037564489237383,-3.058200231437728,-3.014614746132388,-2.9623088618274505,0.043863821907374145,4.0,0.5
39,3,-17.0,-16.0,703,496,207,-3.0628442678571273,-3.0011574091999664,True,-0.06168685865716084,-3.026269895785632,-3.0037564489237383,-3.058200231437728,-3.014614746132388,-2.9623088618274505,-0.04822952172473993,1.0,-1.0
39,4,-16.0,-15.0,702,301,401,-3.0007287292556786,-3.0011574091999664,True,0.0004286799442878575,-3.026269895785632,-3.0037564489237383,-3.058200231437728,-3.014614746132388,-2.9623088618274505,0.013886016876709206,4.0,0.5
39,5,-15.0,-14.0,703,450,253,-3.0062336741066957,-3.0011574091999664,True,-0.0050762649067293,-3.026269895785632,-3.0037564489237383,-3.058200231437728,-3.014614746132388,-2.9623088618274505,0.008381072025691605,3.0,0.0
39,6,-14.0,-13.0,703,371,332,-2.9166929052442674,-3.0011574091999664,True,0.08446450395569904,-3.026269895785632,-3.0037564489237383,-3.058200231437728,-3.014614746132388,-2.9623088618274505,0.09792184088812039,5.0,1.0
39,7,-13.0,-12.0,702,522,180,-3.0885755930618433,-3.0011574091999664,True,-0.08741818386187683,-3.026269895785632,-3.0037564489237383,-3.058200231437728,-3.014614746132388,-2.9623088618274505,-0.07396084692945593,1.0,-1.0
39,8,-12.0,-11.0,703,449,254,-3.1135813322923886,-3.0011574091999664,True,-0.11242392309242222,-3.026269895785632,-3.0037564489237383,-3.058200231437728,-3.014614746132388,-2.9623088618274505,-0.09896658616000087,1.0,-1.0
39,9,-11.0,-10.0,702,399,303,-2.963495195947984,-3.0011574091999664,True,0.03766221325198238,-3.026269895785632,-3.0037564489237383,-3.058200231437728,-3.014614746132388,-2.9623088618274505,0.05111955018440373,4.0,0.5
39,10,-10.0,-9.0,703,551,152,-2.9587498594658497,-3.0011574091999664,True,0.042407549734116756,-3.026269895785632,-3.0037564489237383,-3.058200231437728,-3.014614746132388,-2.9623088618274505,0.055864886666538105,5.0,1.0
39,11,-9.0,-8.0,702,599,103,-3.094188850009268,-3.0011574091999664,True,-0.09303144080930137,-3.026269895785632,-3.0037564489237383,-3.058200231437728,-3.014614746132388,-2.9623088618274505,-0.07957410387688002,1.0,-1.0
39,12,-8.0,-7.0,703,367,336,-2.8652878800159045,-3.0011574091999664,True,0.13586952918406192,-3.026269895785632,-3.0037564489237383,-3.058200231437728,-3.014614746132388,-2.9623088618274505,0.14932686611648327,5.0,1.0
39,13,-7.0,-6.0,703,522,181,-2.8743386079149205,-3.0011574091999664,True,0.12681880128504597,-3.026269895785632,-3.0037564489237383,-3.058200231437728,-3.014614746132388,-2.9623088618274505,0.14027613821746732,5.0,1.0
39,14,-6.0,-5.0,702,573,129,-3.0470979937047638,-3.0011574091999664,True,-0.04594058450479732,-3.026269895785632,-3.0037564489237383,-3.058200231437728,-3.014614746132388,-2.9623088618274505,-0.03248324757237642,2.0,-0.5
39,15,-5.0,-4.0,703,542,161,-3.0657315595309025,-3.0011574091999664,True,-0.06457415033093605,-3.026269895785632,-3.0037564489237383,-3.058200231437728,-3.014614746132388,-2.9623088618274505,-0.051116813398514704,1.0,-1.0
39,16,-4.0,-3.0,702,432,270,-3.056652219297928,-3.0011574091999664,True,-0.05549481009796153,-3.026269895785632,-3.0037564489237383,-3.058200231437728,-3.014614746132388,-2.9623088618274505,-0.042037473165540185,2.0,-0.5
39,17,-3.0,-2.0,703,393,310,-3.030271546219307,-3.0011574091999664,True,-0.029114137019340625,-3.026269895785632,-3.0037564489237383,-3.058200231437728,-3.014614746132388,-2.9623088618274505,-0.015656800086919276,2.0,-0.5
39,18,-2.0,-1.0,702,500,202,-3.04644047277971,-3.0011574091999664,True,-0.045283063579743654,-3.026269895785632,-3.0037564489237383,-3.058200231437728,-3.014614746132388,-2.9623088618274505,-0.031825726647322305,2.0,-0.5
39,19,-1.0,0.0,703,506,197,-3.0229958181580794,-3.0011574091999664,True,-0.021838408958112954,-3.026269895785632,-3.0037564489237383,-3.058200231437728,-3.014614746132388,-2.9623088618274505,-0.008381072025691605,3.0,0.0
39,20,0.0,1.0,702,493,209,-2.99607906498488,-3.0011574091999664,True,0.00507834421508635,-3.026269895785632,-3.0037564489237383,-3.058200231437728,-3.014614746132388,-2.9623088618274505,0.0185356811475077,4.0,0.5
39,21,1.0,2.0,703,546,157,-2.9661115655946637,-3.0011574091999664,True,0.03504584360530272,-3.026269895785632,-3.0037564489237383,-3.058200231437728,-3.014614746132388,-2.9623088618274505,0.04850318053772362,4.0,0.5
39,22,2.0,3.0,703,671,32,-2.9495206433519696,-3.0011574091999664,True,0.05163676584799681,-3.026269895785632,-3.0037564489237383,-3.058200231437728,-3.014614746132388,-2.9623088618274505,0.06509410278041816,5.0,1.0
39,23,3.0,4.0,702,429,273,-3.1453030930488137,-3.0011574091999664,True,-0.1441456838488473,-3.026269895785632,-3.0037564489237383,-3.058200231437728,-3.014614746132388,-2.9623088618274505,-0.13068834691642595,1.0,-1.0
39,24,4.0,5.0,703,332,371,-3.0437807877835064,-3.0011574091999664,True,-0.04262337858353993,-3.026269895785632,-3.0037564489237383,-3.058200231437728,-3.014614746132388,-2.9623088618274505,-0.02916604165111858,2.0,-0.5
39,25,5.0,6.0,702,340,362,-3.0169472048241093,-3.0011574091999664,True,-0.015789795624142844,-3.026269895785632,-3.0037564489237383,-3.058200231437728,-3.014614746132388,-2.9623088618274505,-0.002332458691721495,3.0,0.0
39,26,6.0,7.0,703,265,438,-3.0919348629936674,-3.0011574091999664,True,-0.09077745379370095,-3.026269895785632,-3.0037564489237383,-3.058200231437728,-3.014614746132388,-2.9623088618274505,-0.07732011686128004,1.0,-1.0
39,27,7.0,8.0,702,337,365,-2.9394376088617458,-3.0011574091999664,True,0.061719800338220665,-3.026269895785632,-3.0037564489237383,-3.058200231437728,-3.014614746132388,-2.9623088618274505,0.07517713727064201,5.0,1.0
39,28,8.0,9.0,703,527,176,-2.9743660027229506,-3.0011574091999664,True,0.026791406477015833,-3.026269895785632,-3.0037564489237383,-3.058200231437728,-3.014614746132388,-2.9623088618274505,0.04024874340943718,4.0,0.5
39,29,9.0,10.0,703,378,325,-3.0880979447391605,-3.0011574091999664,True,-0.08694053553919412,-3.026269895785632,-3.0037564489237383,-3.058200231437728,-3.014614746132388,-2.9623088618274505,-0.07348319860677277,1.0,-1.0
39,30,10.0,11.0,702,421,281,-3.098734894987773,-3.0011574091999664,True,-0.09757748578780667,-3.026269895785632,-3.0037564489237383,-3.058200231437728,-3.014614746132388,-2.9623088618274505,-0.08412014885538532,1.0,-1.0
39,31,11.0,12.0,703,425,278,-3.055051280709732,-3.0011574091999664,True,-0.053893871509765656,-3.026269895785632,-3.0037564489237383,-3.058200231437728,-3.014614746132388,-2.9623088618274505,-0.04043653457734431,2.0,-0.5
39,32,12.0,13.0,702,422,280,-2.894948328855348,-3.0011574091999664,True,0.10620908034461829,-3.026269895785632,-3.0037564489237383,-3.058200231437728,-3.014614746132388,-2.9623088618274505,0.11966641727703964,5.0,1.0
39,33,13.0,14.0,703,523,180,-3.001246887265081,-3.0011574091999664,True,-8.947806511461209e-05,-3.026269895785632,-3.0037564489237383,-3.058200231437728,-3.014614746132388,-2.9623088618274505,0.013367858867306737,4.0,0.5
39,34,14.0,15.0,702,324,378,-3.1054484446540047,-3.0011574091999664,True,-0.10429103545403828,-3.026269895785632,-3.0037564489237383,-3.058200231437728,-3.014614746132388,-2.9623088618274505,-0.09083369852161693,1.0,-1.0
39,35,15.0,16.0,703,397,306,-2.9143131270019755,-3.0011574091999664,True,0.0868442821979909,-3.026269895785632,-3.0037564489237383,-3.058200231437728,-3.014614746132388,-2.9623088618274505,0.10030161913041225,5.0,1.0
39,36,16.0,17.0,702,508,194,-2.935522909109813,-3.0011574091999664,True,0.06563450009015348,-3.026269895785632,-3.0037564489237383,-3.058200231437728,-3.014614746132388,-2.9623088618274505,0.07909183702257483,5.0,1.0
39,37,17.0,18.0,703,448,255,-2.9429503383990343,-3.0011574091999664,True,0.058207070800932126,-3.026269895785632,-3.0037564489237383,-3.058200231437728,-3.014614746132388,-2.9623088618274505,0.07166440773335347,5.0,1.0
39,38,18.0,19.0,703,429,274,-3.107289204599061,-3.0011574091999664,True,-0.10613179539909456,-3.026269895785632,-3.0037564489237383,-3.058200231437728,-3.014614746132388,-2.9623088618274505,-0.09267445846667322,1.0,-1.0
39,39,19.0,20.0,702,433,269,-3.0051122602015714,-3.0011574091999664,True,-0.003954851001604975,-3.026269895785632,-3.0037564489237383,-3.058200231437728,-3.014614746132388,-2.9623088618274505,0.009502485930816373,3.0,0.0
40,0,-20.0,-19.0,702,385,317,-2.9515088804044898,-2.996013126903182,True,0.044504246498692,-2.99940903661485,-2.9954330390401034,-3.0311143731771812,-2.9976508092624865,-2.945989280428355,0.04614192885799673,4.0,0.5
40,1,-19.0,-18.0,703,417,286,-2.955260253354297,-2.996013126903182,True,0.04075287354888468,-2.99940903661485,-2.9954330390401034,-3.0311143731771812,-2.9976508092624865,-2.945989280428355,0.04239055590818941,4.0,0.5
40,2,-18.0,-17.0,703,537,166,-2.951669592762841,-2.996013126903182,True,0.04434353414034087,-2.99940903661485,-2.9954330390401034,-3.0311143731771812,-2.9976508092624865,-2.945989280428355,0.045981216499645594,4.0,0.5
40,3,-17.0,-16.0,702,457,245,-2.903915337538959,-2.996013126903182,True,0.09209778936422275,-2.99940903661485,-2.9954330390401034,-3.0311143731771812,-2.9976508092624865,-2.945989280428355,0.09373547172352747,5.0,1.0
40,4,-16.0,-15.0,703,426,277,-2.830615798117107,-2.996013126903182,True,0.16539732878607483,-2.99940903661485,-2.9954330390401034,-3.0311143731771812,-2.9976508092624865,-2.945989280428355,0.16703501114537955,5.0,1.0
40,5,-15.0,-14.0,702,516,186,-3.0197747441436142,-2.996013126903182,True,-0.023761617240432464,-2.99940903661485,-2.9954330390401034,-3.0311143731771812,-2.9976508092624865,-2.945989280428355,-0.022123934881127738,2.0,-0.5
40,6,-14.0,-13.0,703,372,331,-2.9985168109069025,-2.996013126903182,True,-0.0025036840037206964,-2.99940903661485,-2.9954330390401034,-3.0311143731771812,-2.9976508092624865,-2.945989280428355,-0.0008660016444159702,3.0,0.0
40,7,-13.0,-12.0,702,263,439,-2.9967848076180705,-2.996013126903182,True,-0.0007716807148887561,-2.99940903661485,-2.9954330390401034,-3.0311143731771812,-2.9976508092624865,-2.945989280428355,0.0008660016444159702,3.0,0.0
40,8,-12.0,-11.0,703,560,143,-2.87554523354399,-2.996013126903182,True,0.12046789335919161,-2.99940903661485,-2.9954330390401034,-3.0311143731771812,-2.9976508092624865,-2.945989280428355,0.12210557571849634,5.0,1.0
40,9,-11.0,-10.0,703,584,119,-3.0651332602778814,-2.996013126903182,True,-0.06912013337469958,-2.99940903661485,-2.9954330390401034,-3.0311143731771812,-2.9976508092624865,-2.945989280428355,-0.06748245101539485,1.0,-1.0
40,10,-10.0,-9.0,702,379,323,-3.004562759062558,-2.996013126903182,True,-0.00854963215937632,-2.99940903661485,-2.9954330390401034,-3.0311143731771812,-2.9976508092624865,-2.945989280428355,-0.006911949800071593,2.0,-0.5
40,11,-9.0,-8.0,703,308,395,-3.130498638535153,-2.996013126903182,True,-0.1344855116319712,-2.99940903661485,-2.9954330390401034,-3.0311143731771812,-2.9976508092624865,-2.945989280428355,-0.13284782927266647,1.0,-1.0
40,12,-8.0,-7.0,702,190,512,-2.9294304804999522,-2.996013126903182,True,0.06658264640322953,-2.99940903661485,-2.9954330390401034,-3.0311143731771812,-2.9976508092624865,-2.945989280428355,0.0682203287625347,5.0,1.0
40,13,-7.0,-6.0,703,408,295,-3.105468491535405,-2.996013126903182,True,-0.10945536463222316,-2.99940903661485,-2.9954330390401034,-3.0311143731771812,-2.9976508092624865,-2.945989280428355,-0.10781768227291844,1.0,-1.0
40,14,-6.0,-5.0,702,544,158,-3.177420601209294,-2.996013126903182,True,-0.18140747430611226,-2.99940903661485,-2.9954330390401034,-3.0311143731771812,-2.9976508092624865,-2.945989280428355,-0.17976979194680753,1.0,-1.0
40,15,-5.0,-4.0,703,607,96,-3.129680300946425,-2.996013126903182,True,-0.13366717404324335,-2.99940903661485,-2.9954330390401034,-3.0311143731771812,-2.9976508092624865,-2.945989280428355,-0.13202949168393863,1.0,-1.0
40,16,-4.0,-3.0,703,540,163,-3.003827671368561,-2.996013126903182,True,-0.007814544465379214,-2.99940903661485,-2.9954330390401034,-3.0311143731771812,-2.9976508092624865,-2.945989280428355,-0.006176862106074488,2.0,-0.5
40,17,-3.0,-2.0,702,668,34,-2.9937808774448107,-2.996013126903182,True,0.002232249458371083,-2.99940903661485,-2.9954330390401034,-3.0311143731771812,-2.9976508092624865,-2.945989280428355,0.003869931817675809,4.0,0.5
40,18,-2.0,-1.0,703,540,163,-2.896368464090986,-2.996013126903182,True,0.09964466281219586,-2.99940903661485,-2.9954330390401034,-3.0311143731771812,-2.9976508092624865,-2.945989280428355,0.10128234517150059,5.0,1.0
40,19,-1.0,0.0,702,566,136,-3.0004995347023415,-2.996013126903182,True,-0.004486407799159764,-2.99940903661485,-2.9954330390401034,-3.0311143731771812,-2.9976508092624865,-2.945989280428355,-0.0028487254398545936,2.0,-0.5
40,20,0.0,1.0,703,333,370,-3.0488235979345815,-2.996013126903182,True,-0.052810471031399686,-2.99940903661485,-2.9954330390401034,-3.0311143731771812,-2.9976508092624865,-2.945989280428355,-0.051172788672094516,1.0,-1.0
40,21,1.0,2.0,702,393,309,-3.034199917931147,-2.996013126903182,True,-0.038186791027965405,-2.99940903661485,-2.9954330390401034,-3.0311143731771812,-2.9976508092624865,-2.945989280428355,-0.03654910866866068,1.0,-1.0
40,22,2.0,3.0,703,483,220,-2.9911588919293277,-2.996013126903182,True,0.004854234973854066,-2.99940903661485,-2.9954330390401034,-3.0311143731771812,-2.9976508092624865,-2.945989280428355,0.006491917333158348,4.0,0.5
40,23,3.0,4.0,702,371,331,-3.0620984379970806,-2.996013126903182,True,-0.06608531109389881,-2.99940903661485,-2.9954330390401034,-3.0311143731771812,-2.9976508092624865,-2.945989280428355,-0.06444762873459409,1.0,-1.0
40,24,4.0,5.0,703,136,567,-3.3970486960527855,-2.996013126903182,True,-0.4010355691496037,-2.99940903661485,-2.9954330390401034,-3.0311143731771812,-2.9976508092624865,-2.945989280428355,-0.39939788679029853,1.0,-1.0
40,25,5.0,6.0,703,253,450,-3.0668719161662525,-2.996013126903182,True,-0.07085878926307076,-2.99940903661485,-2.9954330390401034,-3.0311143731771812,-2.9976508092624865,-2.945989280428355,-0.06922110690376604,1.0,-1.0
40,26,6.0,7.0,702,553,149,-3.0671091174549274,-2.996013126903182,True,-0.07109599055174565,-2.99940903661485,-2.9954330390401034,-3.0311143731771812,-2.9976508092624865,-2.945989280428355,-0.06945830819244092,1.0,-1.0
40,27,7.0,8.0,703,284,419,-3.022227071513008,-2.996013126903182,True,-0.02621394460982618,-2.99940903661485,-2.9954330390401034,-3.0311143731771812,-2.9976508092624865,-2.945989280428355,-0.024576262250521452,2.0,-0.5
40,28,8.0,9.0,702,326,376,-3.0494981618965666,-2.996013126903182,True,-0.05348503499338486,-2.99940903661485,-2.9954330390401034,-3.0311143731771812,-2.9976508092624865,-2.945989280428355,-0.05184735263407969,1.0,-1.0
40,29,9.0,10.0,703,222,481,-2.98123579993071,-2.996013126903182,True,0.014777326972471805,-2.99940903661485,-2.9954330390401034,-3.0311143731771812,-2.9976508092624865,-2.945989280428355,0.01641500933177653,4.0,0.5
40,30,10.0,11.0,702,432,270,-3.1261796667215123,-2.996013126903182,True,-0.13016653981833048,-2.99940903661485,-2.9954330390401034,-3.0311143731771812,-2.9976508092624865,-2.945989280428355,-0.12852885745902576,1.0,-1.0
40,31,11.0,12.0,703,382,321,-3.055398652178519,-2.996013126903182,True,-0.05938552527533725,-2.99940903661485,-2.9954330390401034,-3.0311143731771812,-2.9976508092624865,-2.945989280428355,-0.05774784291603252,1.0,-1.0
40,32,12.0,13.0,703,338,365,-3.10189466391341,-2.996013126903182,True,-0.1058815370102284,-2.99940903661485,-2.9954330390401034,-3.0311143731771812,-2.9976508092624865,-2.945989280428355,-0.10424385465092367,1.0,-1.0
40,33,13.0,14.0,702,523,179,-2.674694191647154,-2.996013126903182,True,0.32131893525602795,-2.99940903661485,-2.9954330390401034,-3.0311143731771812,-2.9976508092624865,-2.945989280428355,0.3229566176153327,5.0,1.0
40,34,14.0,15.0,703,551,152,-2.6648490831719713,-2.996013126903182,True,0.33116404373121044,-2.99940903661485,-2.9954330390401034,-3.0311143731771812,-2.9976508092624865,-2.945989280428355,0.3328017260905147,5.0,1.0
40,35,15.0,16.0,702,293,409,-3.0671898748833466,-2.996013126903182,True,-0.07117674798016482,-2.99940903661485,-2.9954330390401034,-3.0311143731771812,-2.9976508092624865,-2.945989280428355,-0.0695390656208601,1.0,-1.0
40,36,16.0,17.0,703,442,261,-3.1464093757602725,-2.996013126903182,True,-0.1503962488570907,-2.99940903661485,-2.9954330390401034,-3.0311143731771812,-2.9976508092624865,-2.945989280428355,-0.14875856649778596,1.0,-1.0
40,37,17.0,18.0,702,432,270,-3.0101659422072604,-2.996013126903182,True,-0.014152815304078636,-2.99940903661485,-2.9954330390401034,-3.0311143731771812,-2.9976508092624865,-2.945989280428355,-0.01251513294477391,2.0,-0.5
40,38,18.0,19.0,703,480,223,-2.9948401514772973,-2.996013126903182,True,0.0011729754258844594,-2.99940903661485,-2.9954330390401034,-3.0311143731771812,-2.9976508092624865,-2.945989280428355,0.0028106577851891856,4.0,0.5
40,39,19.0,20.0,702,564,138,-3.102553367438643,-2.996013126903182,True,-0.10654024053546118,-2.99940903661485,-2.9954330390401034,-3.0311143731771812,-2.9976508092624865,-2.945989280428355,-0.10490255817615646,1.0,-1.0
41,0,-20.0,-19.0,703,319,384,-3.1479670345944415,-2.9920399401669298,True,-0.15592709442751174,-3.019313288965088,-3.003904596915457,-3.0596412780738778,-3.0118561059508115,-2.938563930907975,-0.1361109286436295,1.0,-1.0
41,1,-19.0,-18.0,703,430,273,-3.1146444502249477,-2.9920399401669298,True,-0.12260451005801798,-3.019313288965088,-3.003904596915457,-3.0596412780738778,-3.0118561059508115,-2.938563930907975,-0.10278834427413663,1.0,-1.0
41,2,-18.0,-17.0,702,428,274,-3.1871234832050037,-2.9920399401669298,True,-0.19508354303807396,-3.019313288965088,-3.003904596915457,-3.0596412780738778,-3.0118561059508115,-2.938563930907975,-0.1752673772541926,1.0,-1.0
41,3,-17.0,-16.0,703,392,311,-3.0325076819801557,-2.9920399401669298,True,-0.04046774181322599,-3.019313288965088,-3.003904596915457,-3.0596412780738778,-3.0118561059508115,-2.938563930907975,-0.020651576029344643,2.0,-0.5
41,4,-16.0,-15.0,702,397,305,-3.0456985945130777,-2.9920399401669298,True,-0.053658654346147916,-3.019313288965088,-3.003904596915457,-3.0596412780738778,-3.0118561059508115,-2.938563930907975,-0.033842488562266126,2.0,-0.5
41,5,-15.0,-14.0,703,480,223,-3.056427232134222,-2.9920399401669298,True,-0.06438729196729209,-3.019313288965088,-3.003904596915457,-3.0596412780738778,-3.0118561059508115,-2.938563930907975,-0.0445711261834103,2.0,-0.5
41,6,-14.0,-13.0,702,512,190,-3.0139182130557542,-2.9920399401669298,True,-0.02187827288882449,-3.019313288965088,-3.003904596915457,-3.0596412780738778,-3.0118561059508115,-2.938563930907975,-0.002062107104942701,3.0,0.0
41,7,-13.0,-12.0,703,558,145,-2.984613185602066,-2.9920399401669298,True,0.007426754564863636,-3.019313288965088,-3.003904596915457,-3.0596412780738778,-3.0118561059508115,-2.938563930907975,0.027242920348745425,4.0,0.5
41,8,-12.0,-11.0,702,580,122,-2.9967064390005085,-2.9920399401669298,True,-0.004666498833578725,-3.019313288965088,-3.003904596915457,-3.0596412780738778,-3.0118561059508115,-2.938563930907975,0.015149666950303065,4.0,0.5
41,9,-11.0,-10.0,703,468,235,-3.093701345269484,-2.9920399401669298,True,-0.10166140510255417,-3.019313288965088,-3.003904596915457,-3.0596412780738778,-3.0118561059508115,-2.938563930907975,-0.08184523931867238,1.0,-1.0
41,10,-10.0,-9.0,703,509,194,-2.987186039723776,-2.9920399401669298,True,0.0048539004431535915,-3.019313288965088,-3.003904596915457,-3.0596412780738778,-3.0118561059508115,-2.938563930907975,0.02467006622703538,4.0,0.5
41,11,-9.0,-8.0,702,491,211,-3.069283415892845,-2.9920399401669298,True,-0.07724347572591528,-3.019313288965088,-3.003904596915457,-3.0596412780738778,-3.0118561059508115,-2.938563930907975,-0.05742730994203349,1.0,-1.0
41,12,-8.0,-7.0,703,276,427,-2.8737874429590873,-2.9920399401669298,True,0.11825249720784248,-3.019313288965088,-3.003904596915457,-3.0596412780738778,-3.0118561059508115,-2.938563930907975,0.13806866299172382,5.0,1.0
41,13,-7.0,-6.0,702,329,373,-3.025907270632052,-2.9920399401669298,True,-0.03386733046512225,-3.019313288965088,-3.003904596915457,-3.0596412780738778,-3.0118561059508115,-2.938563930907975,-0.014051164681240458,2.0,-0.5
41,14,-6.0,-5.0,703,332,371,-3.0097939988458693,-2.9920399401669298,True,-0.017754058678939533,-3.019313288965088,-3.003904596915457,-3.0596412780738778,-3.0118561059508115,-2.938563930907975,0.002062107104942257,3.0,0.0
41,15,-5.0,-4.0,702,612,90,-2.9601560935576043,-2.9920399401669298,True,0.03188384660932542,-3.019313288965088,-3.003904596915457,-3.0596412780738778,-3.0118561059508115,-2.938563930907975,0.051700012393207206,4.0,0.5
41,16,-4.0,-3.0,703,425,278,-2.8420116292523225,-2.9920399401669298,True,0.15002831091460722,-3.019313288965088,-3.003904596915457,-3.0596412780738778,-3.0118561059508115,-2.938563930907975,0.169844476698489,5.0,1.0
41,17,-3.0,-2.0,703,549,154,-2.839746907779957,-2.9920399401669298,True,0.1522930323869729,-3.019313288965088,-3.003904596915457,-3.0596412780738778,-3.0118561059508115,-2.938563930907975,0.17210919817085468,5.0,1.0
41,18,-2.0,-1.0,702,606,96,-2.738256265865459,-2.9920399401669298,True,0.253783674301471,-3.019313288965088,-3.003904596915457,-3.0596412780738778,-3.0118561059508115,-2.938563930907975,0.27359984008535276,5.0,1.0
41,19,-1.0,0.0,703,581,122,-2.8213620792499587,-2.9920399401669298,True,0.170677860916971,-3.019313288965088,-3.003904596915457,-3.0596412780738778,-3.0118561059508115,-2.938563930907975,0.1904940267008528,5.0,1.0
41,20,0.0,1.0,702,389,313,-2.8547951270841256,-2.9920399401669298,True,0.13724481308280412,-3.019313288965088,-3.003904596915457,-3.0596412780738778,-3.0118561059508115,-2.938563930907975,0.1570609788666859,5.0,1.0
41,21,1.0,2.0,703,557,146,-2.878317307781214,-2.9920399401669298,True,0.1137226323857159,-3.019313288965088,-3.003904596915457,-3.0596412780738778,-3.0118561059508115,-2.938563930907975,0.13353879816959768,5.0,1.0
41,22,2.0,3.0,702,415,287,-3.180935569094919,-2.9920399401669298,True,-0.18889562892798928,-3.019313288965088,-3.003904596915457,-3.0596412780738778,-3.0118561059508115,-2.938563930907975,-0.1690794631441075,1.0,-1.0
41,23,3.0,4.0,703,278,425,-3.1901989101882715,-2.9920399401669298,True,-0.19815897002134175,-3.019313288965088,-3.003904596915457,-3.0596412780738778,-3.0118561059508115,-2.938563930907975,-0.17834280423745996,1.0,-1.0
41,24,4.0,5.0,703,437,266,-3.194222190356205,-2.9920399401669298,True,-0.20218225018927516,-3.019313288965088,-3.003904596915457,-3.0596412780738778,-3.0118561059508115,-2.938563930907975,-0.18236608440539337,1.0,-1.0
41,25,5.0,6.0,702,439,263,-3.1686556478520553,-2.9920399401669298,True,-0.17661570768512558,-3.019313288965088,-3.003904596915457,-3.0596412780738778,-3.0118561059508115,-2.938563930907975,-0.15679954190124423,1.0,-1.0
41,26,6.0,7.0,703,312,391,-3.03464832147882,-2.9920399401669298,True,-0.04260838131189004,-3.019313288965088,-3.003904596915457,-3.0596412780738778,-3.0118561059508115,-2.938563930907975,-0.022792215528008253,2.0,-0.5
41,27,7.0,8.0,702,286,416,-3.140987388645717,-2.9920399401669298,True,-0.14894744847878716,-3.019313288965088,-3.003904596915457,-3.0596412780738778,-3.0118561059508115,-2.938563930907975,-0.12913128269490537,1.0,-1.0
41,28,8.0,9.0,703,429,274,-3.0220196548884504,-2.9920399401669298,True,-0.02997971472152061,-3.019313288965088,-3.003904596915457,-3.0596412780738778,-3.0118561059508115,-2.938563930907975,-0.010163548937638822,2.0,-0.5
41,29,9.0,10.0,702,367,335,-3.036376271516595,-2.9920399401669298,True,-0.044336331349665414,-3.019313288965088,-3.003904596915457,-3.0596412780738778,-3.0118561059508115,-2.938563930907975,-0.024520165565783625,2.0,-0.5
41,30,10.0,11.0,703,382,321,-3.2287529852883905,-2.9920399401669298,True,-0.23671304512146074,-3.019313288965088,-3.003904596915457,-3.0596412780738778,-3.0118561059508115,-2.938563930907975,-0.21689687933757895,1.0,-1.0
41,31,11.0,12.0,702,505,197,-2.989148113930814,-2.9920399401669298,True,0.0028918262361159464,-3.019313288965088,-3.003904596915457,-3.0596412780738778,-3.0118561059508115,-2.938563930907975,0.022707992019997736,4.0,0.5
41,32,12.0,13.0,703,540,163,-3.0246428494698985,-2.9920399401669298,True,-0.03260290930296872,-3.019313288965088,-3.003904596915457,-3.0596412780738778,-3.0118561059508115,-2.938563930907975,-0.01278674351908693,2.0,-0.5
41,33,13.0,14.0,703,604,99,-2.570909507643168,-2.9920399401669298,True,0.4211304325237619,-3.019313288965088,-3.003904596915457,-3.0596412780738778,-3.0118561059508115,-2.938563930907975,0.4409465983076437,5.0,1.0
41,34,14.0,15.0,702,594,108,-2.061564986767017,-2.9920399401669298,True,0.9304749533999126,-3.019313288965088,-3.003904596915457,-3.0596412780738778,-3.0118561059508115,-2.938563930907975,0.9502911191837944,5.0,1.0
41,35,15.0,16.0,703,473,230,-2.913317341824592,-2.9920399401669298,True,0.07872259834233786,-3.019313288965088,-3.003904596915457,-3.0596412780738778,-3.0118561059508115,-2.938563930907975,0.09853876412621965,5.0,1.0
41,36,16.0,17.0,702,668,34,-2.59378461974705,-2.9920399401669298,True,0.39825532041987977,-3.019313288965088,-3.003904596915457,-3.0596412780738778,-3.0118561059508115,-2.938563930907975,0.41807148620376156,5.0,1.0
41,37,17.0,18.0,703,575,128,-2.8747296235101203,-2.9920399401669298,True,0.11731031665680947,-3.019313288965088,-3.003904596915457,-3.0596412780738778,-3.0118561059508115,-2.938563930907975,0.13712648244069126,5.0,1.0
41,38,18.0,19.0,702,279,423,-3.243452834183528,-2.9920399401669298,True,-0.2514128940165983,-3.019313288965088,-3.003904596915457,-3.0596412780738778,-3.0118561059508115,-2.938563930907975,-0.2315967282327165,1.0,-1.0
41,39,19.0,20.0,703,544,159,-3.134486993159637,-2.9920399401669298,True,-0.14244705299270732,-3.019313288965088,-3.003904596915457,-3.0596412780738778,-3.0118561059508115,-2.938563930907975,-0.12263088720882553,1.0,-1.0
42,0,-20.0,-19.0,703,381,322,-2.8966251766164284,-3.0431923760673,True,0.1465671994508715,-3.0426034623382368,-3.0295548893801354,-3.079482992403606,-3.0392503898199283,-2.9889344712960497,0.14262521320349997,5.0,1.0
42,1,-19.0,-18.0,702,528,174,-2.9576038861820386,-3.0431923760673,True,0.08558848988526124,-3.0426034623382368,-3.0295548893801354,-3.079482992403606,-3.0392503898199283,-2.9889344712960497,0.08164650363788972,5.0,1.0
42,2,-18.0,-17.0,703,361,342,-2.9898708358196293,-3.0431923760673,True,0.05332154024767055,-3.0426034623382368,-3.0295548893801354,-3.079482992403606,-3.0392503898199283,-2.9889344712960497,0.04937955400029903,4.0,0.5
42,3,-17.0,-16.0,703,346,357,-3.074694547250075,-3.0431923760673,True,-0.03150217118277521,-3.0426034623382368,-3.0295548893801354,-3.079482992403606,-3.0392503898199283,-2.9889344712960497,-0.03544415743014673,2.0,-0.5
42,4,-16.0,-15.0,702,454,248,-2.996085542031572,-3.0431923760673,True,0.04710683403572791,-3.0426034623382368,-3.0295548893801354,-3.079482992403606,-3.0392503898199283,-2.9889344712960497,0.043164847788356386,4.0,0.5
42,5,-15.0,-14.0,703,578,125,-3.0751295811292567,-3.0431923760673,True,-0.03193720506195685,-3.0426034623382368,-3.0295548893801354,-3.079482992403606,-3.0392503898199283,-2.9889344712960497,-0.03587919130932837,2.0,-0.5
42,6,-14.0,-13.0,702,451,251,-3.092543226226653,-3.0431923760673,True,-0.04935085015935314,-3.0426034623382368,-3.0295548893801354,-3.079482992403606,-3.0392503898199283,-2.9889344712960497,-0.053292836406724664,1.0,-1.0
42,7,-13.0,-12.0,703,431,272,-3.184622362147301,-3.0431923760673,True,-0.14142998608000124,-3.0426034623382368,-3.0295548893801354,-3.079482992403606,-3.0392503898199283,-2.9889344712960497,-0.14537197232737276,1.0,-1.0
42,8,-12.0,-11.0,702,389,313,-3.0705041656100778,-3.0431923760673,True,-0.02731178954277791,-3.0426034623382368,-3.0295548893801354,-3.079482992403606,-3.0392503898199283,-2.9889344712960497,-0.03125377579014943,2.0,-0.5
42,9,-11.0,-10.0,703,384,319,-3.157197443541325,-3.0431923760673,True,-0.11400506747402517,-3.0426034623382368,-3.0295548893801354,-3.079482992403606,-3.0392503898199283,-2.9889344712960497,-0.11794705372139669,1.0,-1.0
42,10,-10.0,-9.0,703,497,206,-3.1992881550729746,-3.0431923760673,True,-0.15609577900567473,-3.0426034623382368,-3.0295548893801354,-3.079482992403606,-3.0392503898199283,-2.9889344712960497,-0.16003776525304625,1.0,-1.0
42,11,-9.0,-8.0,702,582,120,-3.0443528576645713,-3.0431923760673,True,-0.0011604815972714455,-3.0426034623382368,-3.0295548893801354,-3.079482992403606,-3.0392503898199283,-2.9889344712960497,-0.00510246784464341,2.0,-0.5
42,12,-8.0,-7.0,703,352,351,-2.9105333733447223,-3.0431923760673,True,0.13265900272257758,-3.0426034623382368,-3.0295548893801354,-3.079482992403606,-3.0392503898199283,-2.9889344712960497,0.12871701647520606,5.0,1.0
42,13,-7.0,-6.0,702,353,349,-3.0411721388894173,-3.0431923760673,True,0.002020237177882578,-3.0426034623382368,-3.0295548893801354,-3.079482992403606,-3.0392503898199283,-2.9889344712960497,-0.0019217490694889428,3.0,0.0
42,14,-6.0,-5.0,703,545,158,-2.9915161979203386,-3.0431923760673,True,0.05167617814696124,-3.0426034623382368,-3.0295548893801354,-3.079482992403606,-3.0392503898199283,-2.9889344712960497,0.04773419189959016,4.0,0.5
42,15,-5.0,-4.0,702,608,94,-3.0200536377053195,-3.0431923760673,True,0.023138738361980327,-3.0426034623382368,-3.0295548893801354,-3.079482992403606,-3.0392503898199283,-2.9889344712960497,0.019196752114608806,4.0,0.5
42,16,-4.0,-3.0,703,407,296,-3.037328640750439,-3.0431923760673,True,0.005863735316860907,-3.0426034623382368,-3.0295548893801354,-3.079482992403606,-3.0392503898199283,-2.9889344712960497,0.0019217490694893868,3.0,0.0
42,17,-3.0,-2.0,702,373,329,-2.986125377725312,-3.0431923760673,True,0.05706699834198803,-3.0426034623382368,-3.0295548893801354,-3.079482992403606,-3.0392503898199283,-2.9889344712960497,0.05312501209461651,5.0,1.0
42,18,-2.0,-1.0,703,536,167,-2.9673241256349527,-3.0431923760673,True,0.07586825043234713,-3.0426034623382368,-3.0295548893801354,-3.079482992403606,-3.0392503898199283,-2.9889344712960497,0.07192626418497561,5.0,1.0
42,19,-1.0,0.0,703,344,359,-3.1712762500835967,-3.0431923760673,True,-0.12808387401629684,-3.0426034623382368,-3.0295548893801354,-3.079482992403606,-3.0392503898199283,-2.9889344712960497,-0.13202586026366836,1.0,-1.0
42,20,0.0,1.0,702,348,354,-2.9844834631221255,-3.0431923760673,True,0.05870891294517433,-3.0426034623382368,-3.0295548893801354,-3.079482992403606,-3.0392503898199283,-2.9889344712960497,0.05476692669780325,5.0,1.0
42,21,1.0,2.0,703,363,340,-3.086854517473236,-3.0431923760673,True,-0.04366214140593616,-3.0426034623382368,-3.0295548893801354,-3.079482992403606,-3.0392503898199283,-2.9889344712960497,-0.04760412765330768,1.0,-1.0
42,22,2.0,3.0,702,443,259,-3.0962877082202005,-3.0431923760673,True,-0.05309533215290063,-3.0426034623382368,-3.0295548893801354,-3.079482992403606,-3.0392503898199283,-2.9889344712960497,-0.05703731840027215,1.0,-1.0
42,23,3.0,4.0,703,428,275,-2.9474441374817815,-3.0431923760673,True,0.0957482385855184,-3.0426034623382368,-3.0295548893801354,-3.079482992403606,-3.0392503898199283,-2.9889344712960497,0.09180625233814732,5.0,1.0
42,24,4.0,5.0,702,312,390,-2.99605118712678,-3.0431923760673,True,0.047141188940519996,-3.0426034623382368,-3.0295548893801354,-3.079482992403606,-3.0392503898199283,-2.9889344712960497,0.043199202693148475,4.0,0.5
42,25,5.0,6.0,703,523,180,-3.125854340412754,-3.0431923760673,True,-0.08266196434545403,-3.0426034623382368,-3.0295548893801354,-3.079482992403606,-3.0392503898199283,-2.9889344712960497,-0.08660395059282555,1.0,-1.0
42,26,6.0,7.0,703,511,192,-3.2103842601666934,-3.0431923760673,True,-0.16719188409939356,-3.0426034623382368,-3.0295548893801354,-3.079482992403606,-3.0392503898199283,-2.9889344712960497,-0.17113387034676464,1.0,-1.0
42,27,7.0,8.0,702,278,424,-2.96406689743113,-3.0431923760673,True,0.0791254786361697,-3.0426034623382368,-3.0295548893801354,-3.079482992403606,-3.0392503898199283,-2.9889344712960497,0.07518349238879818,5.0,1.0
42,28,8.0,9.0,703,424,279,-3.0812468247109166,-3.0431923760673,True,-0.038054448643616734,-3.0426034623382368,-3.0295548893801354,-3.079482992403606,-3.0392503898199283,-2.9889344712960497,-0.041996434890988255,1.0,-1.0
42,29,9.0,10.0,702,409,293,-3.173407469068007,-3.0431923760673,True,-0.13021509300070733,-3.0426034623382368,-3.0295548893801354,-3.079482992403606,-3.0392503898199283,-2.9889344712960497,-0.13415707924807885,1.0,-1.0
42,30,10.0,11.0,703,161,542,-3.0030152303723976,-3.0431923760673,True,0.04017714569490227,-3.0426034623382368,-3.0295548893801354,-3.079482992403606,-3.0392503898199283,-2.9889344712960497,0.03623515944753075,4.0,0.5
42,31,11.0,12.0,702,485,217,-3.115439480009495,-3.0431923760673,True,-0.07224710394219525,-3.0426034623382368,-3.0295548893801354,-3.079482992403606,-3.0392503898199283,-2.9889344712960497,-0.07618909018956677,1.0,-1.0
42,32,12.0,13.0,703,474,229,-3.1137234227775084,-3.0431923760673,True,-0.07053104671020849,-3.0426034623382368,-3.0295548893801354,-3.079482992403606,-3.0392503898199283,-2.9889344712960497,-0.07447303295758001,1.0,-1.0
42,33,13.0,14.0,702,599,103,-2.610579194819018,-3.0431923760673,True,0.4326131812482821,-3.0426034623382368,-3.0295548893801354,-3.079482992403606,-3.0392503898199283,-2.9889344712960497,0.42867119500091055,5.0,1.0
42,34,14.0,15.0,703,555,148,-2.6713839571548634,-3.0431923760673,True,0.37180841891243643,-3.0426034623382368,-3.0295548893801354,-3.079482992403606,-3.0392503898199283,-2.9889344712960497,0.3678664326650649,5.0,1.0
42,35,15.0,16.0,703,479,224,-2.642446058461275,-3.0431923760673,True,0.40074631760602486,-3.0426034623382368,-3.0295548893801354,-3.079482992403606,-3.0392503898199283,-2.9889344712960497,0.39680433135865334,5.0,1.0
42,36,16.0,17.0,702,652,50,-2.538949952323563,-3.0431923760673,True,0.5042424237437371,-3.0426034623382368,-3.0295548893801354,-3.079482992403606,-3.0392503898199283,-2.9889344712960497,0.5003004374963655,5.0,1.0
42,37,17.0,18.0,703,376,327,-3.1888262891735706,-3.0431923760673,True,-0.14563391310627072,-3.0426034623382368,-3.0295548893801354,-3.079482992403606,-3.0392503898199283,-2.9889344712960497,-0.14957589935364224,1.0,-1.0
42,38,18.0,19.0,702,350,352,-3.1782270255277405,-3.0431923760673,True,-0.13503464946044064,-3.0426034623382368,-3.0295548893801354,-3.079482992403606,-3.0392503898199283,-2.9889344712960497,-0.13897663570781216,1.0,-1.0
42,39,19.0,20.0,703,407,296,-3.09685287700735,-3.0431923760673,True,-0.05366050094005015,-3.0426034623382368,-3.0295548893801354,-3.079482992403606,-3.0392503898199283,-2.9889344712960497,-0.05760248718742167,1.0,-1.0
43,0,-20.0,-19.0,703,418,285,-2.954061737982263,-3.032169548066791,True,0.07810781008452805,-3.0445441120301147,-3.0305652095954616,-3.0808312245907774,-3.0379927747562006,-2.9671373385754873,0.08393103677393743,5.0,1.0
43,1,-19.0,-18.0,702,414,288,-3.0476745102680667,-3.032169548066791,True,-0.015504962201275507,-3.0445441120301147,-3.0305652095954616,-3.0808312245907774,-3.0379927747562006,-2.9671373385754873,-0.00968173551186613,2.0,-0.5
43,2,-18.0,-17.0,703,545,158,-3.0126913295196442,-3.032169548066791,True,0.01947821854714693,-3.0445441120301147,-3.0305652095954616,-3.0808312245907774,-3.0379927747562006,-2.9671373385754873,0.025301445236556752,4.0,0.5
43,3,-17.0,-16.0,702,399,303,-2.9424968355386456,-3.032169548066791,True,0.08967271252814557,-3.0445441120301147,-3.0305652095954616,-3.0808312245907774,-3.0379927747562006,-2.9671373385754873,0.09549593921755495,5.0,1.0
43,4,-16.0,-15.0,703,248,455,-3.0685302631183298,-3.032169548066791,True,-0.036360715051538595,-3.0445441120301147,-3.0305652095954616,-3.0808312245907774,-3.0379927747562006,-2.9671373385754873,-0.030537488362129217,2.0,-0.5
43,5,-15.0,-14.0,702,316,386,-3.0340026724042475,-3.032169548066791,True,-0.0018331243374563044,-3.0445441120301147,-3.0305652095954616,-3.0808312245907774,-3.0379927747562006,-2.9671373385754873,0.003990102351953073,3.0,0.0
43,6,-14.0,-13.0,703,466,237,-3.1339800448783106,-3.032169548066791,True,-0.10181049681151944,-3.0445441120301147,-3.0305652095954616,-3.0808312245907774,-3.0379927747562006,-2.9671373385754873,-0.09598727012211006,1.0,-1.0
43,7,-13.0,-12.0,702,284,418,-3.0563977392159085,-3.032169548066791,True,-0.02422819114911734,-3.0445441120301147,-3.0305652095954616,-3.0808312245907774,-3.0379927747562006,-2.9671373385754873,-0.018404964459707962,2.0,-0.5
43,8,-12.0,-11.0,703,607,96,-3.041982877108154,-3.032169548066791,True,-0.009813329041362895,-3.0445441120301147,-3.0305652095954616,-3.0808312245907774,-3.0379927747562006,-2.9671373385754873,-0.003990102351953517,3.0,0.0
43,9,-11.0,-10.0,703,489,214,-2.9292170123653247,-3.032169548066791,True,0.10295253570146645,-3.0445441120301147,-3.0305652095954616,-3.0808312245907774,-3.0379927747562006,-2.9671373385754873,0.10877576239087583,5.0,1.0
43,10,-10.0,-9.0,702,347,355,-2.9946950302237165,-3.032169548066791,True,0.03747451784307465,-3.0445441120301147,-3.0305652095954616,-3.0808312245907774,-3.0379927747562006,-2.9671373385754873,0.04329774453248403,4.0,0.5
43,11,-9.0,-8.0,703,490,213,-2.9346041956209663,-3.032169548066791,True,0.09756535244582487,-3.0445441120301147,-3.0305652095954616,-3.0808312245907774,-3.0379927747562006,-2.9671373385754873,0.10338857913523425,5.0,1.0
43,12,-8.0,-7.0,702,436,266,-3.179508012656311,-3.032169548066791,True,-0.1473384645895197,-3.0445441120301147,-3.0305652095954616,-3.0808312245907774,-3.0379927747562006,-2.9671373385754873,-0.14151523790011034,1.0,-1.0
43,13,-7.0,-6.0,703,482,221,-2.953968717742931,-3.032169548066791,True,0.07820083032386016,-3.0445441120301147,-3.0305652095954616,-3.0808312245907774,-3.0379927747562006,-2.9671373385754873,0.08402405701326954,5.0,1.0
43,14,-6.0,-5.0,702,369,333,-3.0962168246637676,-3.032169548066791,True,-0.0640472765969764,-3.0445441120301147,-3.0305652095954616,-3.0808312245907774,-3.0379927747562006,-2.9671373385754873,-0.058224049907567466,1.0,-1.0
43,15,-5.0,-4.0,703,328,375,-3.0802420334301224,-3.032169548066791,True,-0.0480724853633312,-3.0445441120301147,-3.0305652095954616,-3.0808312245907774,-3.0379927747562006,-2.9671373385754873,-0.04224925867392182,2.0,-0.5
43,16,-4.0,-3.0,703,520,183,-3.026363866162501,-3.032169548066791,True,0.005805681904289983,-3.0445441120301147,-3.0305652095954616,-3.0808312245907774,-3.0379927747562006,-2.9671373385754873,0.01162890859369936,4.0,0.5
43,17,-3.0,-2.0,702,395,307,-3.082598798072742,-3.032169548066791,True,-0.05042925000595089,-3.0445441120301147,-3.0305652095954616,-3.0808312245907774,-3.0379927747562006,-2.9671373385754873,-0.04460602331654151,1.0,-1.0
43,18,-2.0,-1.0,703,438,265,-3.1026625882573016,-3.032169548066791,True,-0.07049304019051039,-3.0445441120301147,-3.0305652095954616,-3.0808312245907774,-3.0379927747562006,-2.9671373385754873,-0.06466981350110101,1.0,-1.0
43,19,-1.0,0.0,702,429,273,-2.971495872106562,-3.032169548066791,True,0.0606736759602291,-3.0445441120301147,-3.0305652095954616,-3.0808312245907774,-3.0379927747562006,-2.9671373385754873,0.06649690264963848,4.0,0.5
43,20,0.0,1.0,703,301,402,-3.1583963381647253,-3.032169548066791,True,-0.12622679009793414,-3.0445441120301147,-3.0305652095954616,-3.0808312245907774,-3.0379927747562006,-2.9671373385754873,-0.12040356340852476,1.0,-1.0
43,21,1.0,2.0,702,234,468,-2.971166829247817,-3.032169548066791,True,0.061002718818974344,-3.0445441120301147,-3.0305652095954616,-3.0808312245907774,-3.0379927747562006,-2.9671373385754873,0.06682594550838372,4.0,0.5
43,22,2.0,3.0,703,374,329,-2.9463290007747838,-3.032169548066791,True,0.08584054729200741,-3.0445441120301147,-3.0305652095954616,-3.0808312245907774,-3.0379927747562006,-2.9671373385754873,0.09166377398141634,5.0,1.0
43,23,3.0,4.0,703,358,345,-3.0957647397499755,-3.032169548066791,True,-0.06359519168318428,-3.0445441120301147,-3.0305652095954616,-3.0808312245907774,-3.0379927747562006,-2.9671373385754873,-0.057771964993774905,1.0,-1.0
43,24,4.0,5.0,702,442,260,-3.132956795924114,-3.032169548066791,True,-0.10078724785732263,-3.0445441120301147,-3.0305652095954616,-3.0808312245907774,-3.0379927747562006,-2.9671373385754873,-0.09496402116791325,1.0,-1.0
43,25,5.0,6.0,703,368,335,-3.0229319173146534,-3.032169548066791,True,0.009237630752137793,-3.0445441120301147,-3.0305652095954616,-3.0808312245907774,-3.0379927747562006,-2.9671373385754873,0.01506085744154717,4.0,0.5
43,26,6.0,7.0,702,413,289,-2.9094102909564894,-3.032169548066791,True,0.12275925711030178,-3.0445441120301147,-3.0305652095954616,-3.0808312245907774,-3.0379927747562006,-2.9671373385754873,0.12858248379971116,5.0,1.0
43,27,7.0,8.0,703,268,435,-2.9173610088974433,-3.032169548066791,True,0.11480853916934786,-3.0445441120301147,-3.0305652095954616,-3.0808312245907774,-3.0379927747562006,-2.9671373385754873,0.12063176585875679,5.0,1.0
43,28,8.0,9.0,702,242,460,-3.1794389845028297,-3.032169548066791,True,-0.14726943643603851,-3.0445441120301147,-3.0305652095954616,-3.0808312245907774,-3.0379927747562006,-2.9671373385754873,-0.14144620974662914,1.0,-1.0
43,29,9.0,10.0,703,357,346,-2.951452109432918,-3.032169548066791,True,0.08071743863387315,-3.0445441120301147,-3.0305652095954616,-3.0808312245907774,-3.0379927747562006,-2.9671373385754873,0.08654066532328253,5.0,1.0
43,30,10.0,11.0,702,314,388,-2.976042927734485,-3.032169548066791,True,0.05612662033230631,-3.0445441120301147,-3.0305652095954616,-3.0808312245907774,-3.0379927747562006,-2.9671373385754873,0.06194984702171569,4.0,0.5
43,31,11.0,12.0,703,567,136,-3.020581095628834,-3.032169548066791,True,0.01158845243795703,-3.0445441120301147,-3.0305652095954616,-3.0808312245907774,-3.0379927747562006,-2.9671373385754873,0.01741167912736641,4.0,0.5
43,32,12.0,13.0,703,358,345,-3.0262548409008896,-3.032169548066791,True,0.005914707165901589,-3.0445441120301147,-3.0305652095954616,-3.0808312245907774,-3.0379927747562006,-2.9671373385754873,0.011737933855310967,4.0,0.5
43,33,13.0,14.0,702,595,107,-2.5913524877076624,-3.032169548066791,True,0.4408170603591288,-3.0445441120301147,-3.0305652095954616,-3.0808312245907774,-3.0379927747562006,-2.9671373385754873,0.4466402870485382,5.0,1.0
43,34,14.0,15.0,703,604,99,-2.1472972147096065,-3.032169548066791,True,0.8848723333571846,-3.0445441120301147,-3.0305652095954616,-3.0808312245907774,-3.0379927747562006,-2.9671373385754873,0.890695560046594,5.0,1.0
43,35,15.0,16.0,702,590,112,-2.776160657422418,-3.032169548066791,True,0.2560088906443734,-3.0445441120301147,-3.0305652095954616,-3.0808312245907774,-3.0379927747562006,-2.9671373385754873,0.26183211733378275,5.0,1.0
43,36,16.0,17.0,703,381,322,-2.767119941871551,-3.032169548066791,True,0.2650496061952401,-3.0445441120301147,-3.0305652095954616,-3.0808312245907774,-3.0379927747562006,-2.9671373385754873,0.2708728328846495,5.0,1.0
43,37,17.0,18.0,702,496,206,-2.7522738198875314,-3.032169548066791,True,0.2798957281792598,-3.0445441120301147,-3.0305652095954616,-3.0808312245907774,-3.0379927747562006,-2.9671373385754873,0.28571895486866916,5.0,1.0
43,38,18.0,19.0,703,299,404,-3.1450671790380333,-3.032169548066791,True,-0.11289763097124217,-3.0445441120301147,-3.0305652095954616,-3.0808312245907774,-3.0379927747562006,-2.9671373385754873,-0.10707440428183279,1.0,-1.0
43,39,19.0,20.0,703,313,390,-3.188447603687928,-3.032169548066791,True,-0.15627805562113695,-3.0445441120301147,-3.0305652095954616,-3.0808312245907774,-3.0379927747562006,-2.9671373385754873,-0.15045482893172757,1.0,-1.0
44,0,-20.0,-19.0,702,215,487,-2.948478159292477,-3.0684942153123114,True,0.12001605601983423,-3.080204639618415,-3.058007087588803,-3.1464480545670495,-3.068103205754703,-3.0053553626020117,0.11962504646222571,5.0,1.0
44,1,-19.0,-18.0,703,292,411,-3.021150791107245,-3.0684942153123114,True,0.04734342420506632,-3.080204639618415,-3.058007087588803,-3.1464480545670495,-3.068103205754703,-3.0053553626020117,0.04695241464745781,4.0,0.5
44,2,-18.0,-17.0,702,282,420,-2.9150943635894118,-3.0684942153123114,True,0.1533998517228996,-3.080204639618415,-3.058007087588803,-3.1464480545670495,-3.068103205754703,-3.0053553626020117,0.15300884216529065,5.0,1.0
44,3,-17.0,-16.0,703,250,453,-3.203885819932037,-3.0684942153123114,True,-0.13539160461972566,-3.080204639618415,-3.058007087588803,-3.1464480545670495,-3.068103205754703,-3.0053553626020117,-0.13578261417733417,1.0,-1.0
44,4,-16.0,-15.0,702,140,562,-3.0863077715668488,-3.0684942153123114,True,-0.0178135562545374,-3.080204639618415,-3.058007087588803,-3.1464480545670495,-3.068103205754703,-3.0053553626020117,-0.018204565812145912,2.0,-0.5
44,5,-15.0,-14.0,703,315,388,-3.2037660727673387,-3.0684942153123114,True,-0.13527185745502734,-3.080204639618415,-3.058007087588803,-3.1464480545670495,-3.068103205754703,-3.0053553626020117,-0.13566286701263586,1.0,-1.0
44,6,-14.0,-13.0,703,235,468,-2.9715366715515494,-3.0684942153123114,True,0.09695754376076193,-3.080204639618415,-3.058007087588803,-3.1464480545670495,-3.068103205754703,-3.0053553626020117,0.09656653420315386,5.0,1.0
44,7,-13.0,-12.0,702,260,442,-3.162240756814039,-3.0684942153123114,True,-0.09374654150172779,-3.080204639618415,-3.058007087588803,-3.1464480545670495,-3.068103205754703,-3.0053553626020117,-0.0941375510593363,1.0,-1.0
44,8,-12.0,-11.0,703,356,347,-3.1462011252397186,-3.0684942153123114,True,-0.07770690992740725,-3.080204639618415,-3.058007087588803,-3.1464480545670495,-3.068103205754703,-3.0053553626020117,-0.07809791948501577,2.0,-0.5
44,9,-11.0,-10.0,702,317,385,-3.147188842549042,-3.0684942153123114,True,-0.0786946272367306,-3.080204639618415,-3.058007087588803,-3.1464480545670495,-3.068103205754703,-3.0053553626020117,-0.07908563679433911,1.0,-1.0
44,10,-10.0,-9.0,703,591,112,-3.0094183505797085,-3.0684942153123114,True,0.059075864732602845,-3.080204639618415,-3.058007087588803,-3.1464480545670495,-3.068103205754703,-3.0053553626020117,0.05868485517499433,4.0,0.5
44,11,-9.0,-8.0,702,333,369,-3.0543548970488064,-3.0684942153123114,True,0.014139318263505007,-3.080204639618415,-3.058007087588803,-3.1464480545670495,-3.068103205754703,-3.0053553626020117,0.013748308705896495,4.0,0.5
44,12,-8.0,-7.0,703,142,561,-3.0221775339858308,-3.0684942153123114,True,0.04631668132648059,-3.080204639618415,-3.058007087588803,-3.1464480545670495,-3.068103205754703,-3.0053553626020117,0.04592567176887208,4.0,0.5
44,13,-7.0,-6.0,703,410,293,-3.11970344682704,-3.0684942153123114,True,-0.05120923151472878,-3.080204639618415,-3.058007087588803,-3.1464480545670495,-3.068103205754703,-3.0053553626020117,-0.051600241072337294,2.0,-0.5
44,14,-6.0,-5.0,702,365,337,-3.075211168024242,-3.0684942153123114,True,-0.006716952711930624,-3.080204639618415,-3.058007087588803,-3.1464480545670495,-3.068103205754703,-3.0053553626020117,-0.0071079622695391365,3.0,0.0
44,15,-5.0,-4.0,703,276,427,-3.0989403163825635,-3.0684942153123114,True,-0.03044610107025214,-3.080204639618415,-3.058007087588803,-3.1464480545670495,-3.068103205754703,-3.0053553626020117,-0.030837110627860653,2.0,-0.5
44,16,-4.0,-3.0,702,299,403,-3.0609952434851633,-3.0684942153123114,True,0.007498971827148093,-3.080204639618415,-3.058007087588803,-3.1464480545670495,-3.068103205754703,-3.0053553626020117,0.0071079622695391365,3.0,0.0
44,17,-3.0,-2.0,703,459,244,-2.93762958435058,-3.0684942153123114,True,0.13086463096173118,-3.080204639618415,-3.058007087588803,-3.1464480545670495,-3.068103205754703,-3.0053553626020117,0.13047362140412266,5.0,1.0
44,18,-2.0,-1.0,702,414,288,-2.9931663986689214,-3.0684942153123114,True,0.07532781664338994,-3.080204639618415,-3.058007087588803,-3.1464480545670495,-3.068103205754703,-3.0053553626020117,0.07493680708578188,5.0,1.0
44,19,-1.0,0.0,703,402,301,-3.192436992483657,-3.0684942153123114,True,-0.1239427771713455,-3.080204639618415,-3.058007087588803,-3.1464480545670495,-3.068103205754703,-3.0053553626020117,-0.12433378672895401,1.0,-1.0
44,20,0.0,1.0,702,275,427,-3.0805039503644354,-3.0684942153123114,True,-0.012009735052123993,-3.080204639618415,-3.058007087588803,-3.1464480545670495,-3.068103205754703,-3.0053553626020117,-0.01240074460973295,2.0,-0.5
44,21,1.0,2.0,703,536,167,-3.2289729672170155,-3.0684942153123114,True,-0.16047875190470418,-3.080204639618415,-3.058007087588803,-3.1464480545670495,-3.068103205754703,-3.0053553626020117,-0.1608697614623127,1.0,-1.0
44,22,2.0,3.0,703,239,464,-3.0819328750641457,-3.0684942153123114,True,-0.013438659751834336,-3.080204639618415,-3.058007087588803,-3.1464480545670495,-3.068103205754703,-3.0053553626020117,-0.013829669309442849,2.0,-0.5
44,23,3.0,4.0,702,211,491,-3.072676040856404,-3.0684942153123114,True,-0.004181825544092632,-3.080204639618415,-3.058007087588803,-3.1464480545670495,-3.068103205754703,-3.0053553626020117,-0.004572835101701145,3.0,0.0
44,24,4.0,5.0,703,465,238,-3.1342035727951463,-3.0684942153123114,True,-0.06570935748283491,-3.080204639618415,-3.058007087588803,-3.1464480545670495,-3.068103205754703,-3.0053553626020117,-0.06610036704044342,2.0,-0.5
44,25,5.0,6.0,702,294,408,-3.1439821315658225,-3.0684942153123114,True,-0.07548791625351114,-3.080204639618415,-3.058007087588803,-3.1464480545670495,-3.068103205754703,-3.0053553626020117,-0.07587892581111966,2.0,-0.5
44,26,6.0,7.0,703,487,216,-3.2076086740961363,-3.0684942153123114,True,-0.1391144587838249,-3.080204639618415,-3.058007087588803,-3.1464480545670495,-3.068103205754703,-3.0053553626020117,-0.1395054683414334,1.0,-1.0
44,27,7.0,8.0,702,413,289,-3.182570378159021,-3.0684942153123114,True,-0.11407616284670974,-3.080204639618415,-3.058007087588803,-3.1464480545670495,-3.068103205754703,-3.0053553626020117,-0.11446717240431825,1.0,-1.0
44,28,8.0,9.0,703,435,268,-3.1019358921204785,-3.0684942153123114,True,-0.03344167680816712,-3.080204639618415,-3.058007087588803,-3.1464480545670495,-3.068103205754703,-3.0053553626020117,-0.03383268636577563,2.0,-0.5
44,29,9.0,10.0,703,616,87,-3.0588364012930676,-3.0684942153123114,True,0.009657814019243816,-3.080204639618415,-3.058007087588803,-3.1464480545670495,-3.068103205754703,-3.0053553626020117,0.009266804461634859,3.0,0.0
44,30,10.0,11.0,702,412,290,-3.099100716717765,-3.0684942153123114,True,-0.030606501405453734,-3.080204639618415,-3.058007087588803,-3.1464480545670495,-3.068103205754703,-3.0053553626020117,-0.030997510963062247,2.0,-0.5
44,31,11.0,12.0,703,534,169,-2.988002603061074,-3.0684942153123114,True,0.08049161225123758,-3.080204639618415,-3.058007087588803,-3.1464480545670495,-3.068103205754703,-3.0053553626020117,0.08010060269362906,5.0,1.0
44,32,12.0,13.0,702,326,376,-2.984026851678153,-3.0684942153123114,True,0.08446736363415841,-3.080204639618415,-3.058007087588803,-3.1464480545670495,-3.068103205754703,-3.0053553626020117,0.0840763540765499,5.0,1.0
44,33,13.0,14.0,703,566,137,-2.8259183392209475,-3.0684942153123114,True,0.24257587609136388,-3.080204639618415,-3.058007087588803,-3.1464480545670495,-3.068103205754703,-3.0053553626020117,0.24218486653375537,5.0,1.0
44,34,14.0,15.0,702,491,211,-2.827249394806441,-3.0684942153123114,True,0.24124482050587037,-3.080204639618415,-3.058007087588803,-3.1464480545670495,-3.068103205754703,-3.0053553626020117,0.24085381094826186,5.0,1.0
44,35,15.0,16.0,703,403,300,-2.946344213241806,-3.0684942153123114,True,0.12215000207050553,-3.080204639618415,-3.058007087588803,-3.1464480545670495,-3.068103205754703,-3.0053553626020117,0.12175899251289701,5.0,1.0
44,36,16.0,17.0,702,218,484,-3.228244866077578,-3.0684942153123114,True,-0.15975065076526684,-3.080204639618415,-3.058007087588803,-3.1464480545670495,-3.068103205754703,-3.0053553626020117,-0.16014166032287536,1.0,-1.0
44,37,17.0,18.0,703,396,307,-2.7794188623382654,-3.0684942153123114,True,0.28907535297404596,-3.080204639618415,-3.058007087588803,-3.1464480545670495,-3.068103205754703,-3.0053553626020117,0.28868434341643745,5.0,1.0
44,38,18.0,19.0,703,167,536,-3.163531840084106,-3.0684942153123114,True,-0.09503762477179478,-3.080204639618415,-3.058007087588803,-3.1464480545670495,-3.068103205754703,-3.0053553626020117,-0.0954286343294033,1.0,-1.0
44,39,19.0,20.0,702,281,421,-2.789612266884783,-3.0684942153123114,True,0.2788819484275282,-3.080204639618415,-3.058007087588803,-3.1464480545670495,-3.068103205754703,-3.0053553626020117,0.2784909388699197,5.0,1.0
45,0,-20.0,-19.0,703,520,183,-2.9752632660336222,-3.0258103550553517,True,0.05054708902172944,-3.0457364105456817,-3.002240994149302,-3.0905165105984853,-3.0169827588363747,-2.962105572610106,0.041719492802752445,4.0,0.5
45,1,-19.0,-18.0,703,440,263,-2.9934168729675705,-3.0258103550553517,True,0.032393482087781145,-3.0457364105456817,-3.002240994149302,-3.0905165105984853,-3.0169827588363747,-2.962105572610106,0.02356588586880415,4.0,0.5
45,2,-18.0,-17.0,702,515,187,-2.906826735629325,-3.0258103550553517,True,0.11898361942602653,-3.0457364105456817,-3.002240994149302,-3.0905165105984853,-3.0169827588363747,-2.962105572610106,0.11015602320704954,5.0,1.0
45,3,-17.0,-16.0,703,631,72,-2.8872140560595736,-3.0258103550553517,True,0.13859629899577808,-3.0457364105456817,-3.002240994149302,-3.0905165105984853,-3.0169827588363747,-2.962105572610106,0.12976870277680108,5.0,1.0
45,4,-16.0,-15.0,702,494,208,-2.946763798990969,-3.0258103550553517,True,0.07904655606438249,-3.0457364105456817,-3.002240994149302,-3.0905165105984853,-3.0169827588363747,-2.962105572610106,0.0702189598454055,5.0,1.0
45,5,-15.0,-14.0,703,455,248,-2.9514486665103785,-3.0258103550553517,True,0.07436168854497316,-3.0457364105456817,-3.002240994149302,-3.0905165105984853,-3.0169827588363747,-2.962105572610106,0.06553409232599616,5.0,1.0
45,6,-14.0,-13.0,702,587,115,-2.9656578746433486,-3.0258103550553517,True,0.06015248041200305,-3.0457364105456817,-3.002240994149302,-3.0905165105984853,-3.0169827588363747,-2.962105572610106,0.051324884193026055,4.0,0.5
45,7,-13.0,-12.0,703,387,316,-3.0094607296616274,-3.0258103550553517,True,0.01634962539372431,-3.0457364105456817,-3.002240994149302,-3.0905165105984853,-3.0169827588363747,-2.962105572610106,0.007522029174746869,3.0,0.0
45,8,-12.0,-11.0,703,443,260,-2.9165133527243876,-3.0258103550553517,True,0.10929700233096407,-3.0457364105456817,-3.002240994149302,-3.0905165105984853,-3.0169827588363747,-2.962105572610106,0.10046940611198663,5.0,1.0
45,9,-11.0,-10.0,702,482,220,-2.968029275913129,-3.0258103550553517,True,0.05778107914222286,-3.0457364105456817,-3.002240994149302,-3.0905165105984853,-3.0169827588363747,-2.962105572610106,0.04895348292324586,4.0,0.5
45,10,-10.0,-9.0,703,448,255,-3.084618974926703,-3.0258103550553517,True,-0.05880861987135111,-3.0457364105456817,-3.002240994149302,-3.0905165105984853,-3.0169827588363747,-2.962105572610106,-0.0676362160903281,2.0,-0.5
45,11,-9.0,-8.0,702,485,217,-3.133193600562867,-3.0258103550553517,True,-0.10738324550751521,-3.0457364105456817,-3.002240994149302,-3.0905165105984853,-3.0169827588363747,-2.962105572610106,-0.11621084172649221,1.0,-1.0
45,12,-8.0,-7.0,703,384,319,-3.109068115916308,-3.0258103550553517,True,-0.08325776086095615,-3.0457364105456817,-3.002240994149302,-3.0905165105984853,-3.0169827588363747,-2.962105572610106,-0.09208535707993315,1.0,-1.0
45,13,-7.0,-6.0,702,267,435,-3.112583532836702,-3.0258103550553517,True,-0.08677317778135052,-3.0457364105456817,-3.002240994149302,-3.0905165105984853,-3.0169827588363747,-2.962105572610106,-0.09560077400032752,1.0,-1.0
45,14,-6.0,-5.0,703,268,435,-3.1082091176138325,-3.0258103550553517,True,-0.08239876255848078,-3.0457364105456817,-3.002240994149302,-3.0905165105984853,-3.0169827588363747,-2.962105572610106,-0.09122635877745777,1.0,-1.0
45,15,-5.0,-4.0,702,232,470,-3.024504788011121,-3.0258103550553517,True,0.0013055670442305711,-3.0457364105456817,-3.002240994149302,-3.0905165105984853,-3.0169827588363747,-2.962105572610106,-0.007522029174746425,3.0,0.0
45,16,-4.0,-3.0,703,533,170,-3.0830209113472575,-3.0258103550553517,True,-0.057210556291905856,-3.0457364105456817,-3.002240994149302,-3.0905165105984853,-3.0169827588363747,-2.962105572610106,-0.06603815251088241,2.0,-0.5
45,17,-3.0,-2.0,703,354,349,-3.0716861714212556,-3.0258103550553517,True,-0.045875816365903876,-3.0457364105456817,-3.002240994149302,-3.0905165105984853,-3.0169827588363747,-2.962105572610106,-0.05470341258488132,2.0,-0.5
45,18,-2.0,-1.0,702,296,406,-3.1859610807280228,-3.0258103550553517,True,-0.16015072567267108,-3.0457364105456817,-3.002240994149302,-3.0905165105984853,-3.0169827588363747,-2.962105572610106,-0.16897832189164808,1.0,-1.0
45,19,-1.0,0.0,703,349,354,-3.082766178609039,-3.0258103550553517,True,-0.056955823553687335,-3.0457364105456817,-3.002240994149302,-3.0905165105984853,-3.0169827588363747,-2.962105572610106,-0.06578341977266433,2.0,-0.5
45,20,0.0,1.0,702,454,248,-3.1203590562864423,-3.0258103550553517,True,-0.0945487012310906,-3.0457364105456817,-3.002240994149302,-3.0905165105984853,-3.0169827588363747,-2.962105572610106,-0.1033762974500676,1.0,-1.0
45,21,1.0,2.0,703,489,214,-3.1065491099282685,-3.0258103550553517,True,-0.08073875487291682,-3.0457364105456817,-3.002240994149302,-3.0905165105984853,-3.0169827588363747,-2.962105572610106,-0.08956635109189381,1.0,-1.0
45,22,2.0,3.0,702,355,347,-3.1592581271666185,-3.0258103550553517,True,-0.1334477721112668,-3.0457364105456817,-3.002240994149302,-3.0905165105984853,-3.0169827588363747,-2.962105572610106,-0.1422753683302438,1.0,-1.0
45,23,3.0,4.0,703,549,154,-3.13110088895607,-3.0258103550553517,True,-0.10529053390071841,-3.0457364105456817,-3.002240994149302,-3.0905165105984853,-3.0169827588363747,-2.962105572610106,-0.1141181301196954,1.0,-1.0
45,24,4.0,5.0,703,341,362,-3.118593002769801,-3.0258103550553517,True,-0.09278264771444933,-3.0457364105456817,-3.002240994149302,-3.0905165105984853,-3.0169827588363747,-2.962105572610106,-0.10161024393342633,1.0,-1.0
45,25,5.0,6.0,702,326,376,-3.110411857163004,-3.0258103550553517,True,-0.0846015021076525,-3.0457364105456817,-3.002240994149302,-3.0905165105984853,-3.0169827588363747,-2.962105572610106,-0.09342909832662949,1.0,-1.0
45,26,6.0,7.0,703,316,387,-3.0186936701005584,-3.0258103550553517,True,0.007116684954793229,-3.0457364105456817,-3.002240994149302,-3.0905165105984853,-3.0169827588363747,-2.962105572610106,-0.0017109112641837676,3.0,0.0
45,27,7.0,8.0,702,497,205,-3.0761686358332883,-3.0258103550553517,True,-0.05035828077793658,-3.0457364105456817,-3.002240994149302,-3.0905165105984853,-3.0169827588363747,-2.962105572610106,-0.05918587699691358,2.0,-0.5
45,28,8.0,9.0,703,416,287,-3.199595856064001,-3.0258103550553517,True,-0.1737855010086493,-3.0457364105456817,-3.002240994149302,-3.0905165105984853,-3.0169827588363747,-2.962105572610106,-0.1826130972276263,1.0,-1.0
45,29,9.0,10.0,702,339,363,-3.155569939650276,-3.0258103550553517,True,-0.12975958459492443,-3.0457364105456817,-3.002240994149302,-3.0905165105984853,-3.0169827588363747,-2.962105572610106,-0.13858718081390142,1.0,-1.0
45,30,10.0,11.0,703,231,472,-3.065309707668445,-3.0258103550553517,True,-0.03949935261309312,-3.0457364105456817,-3.002240994149302,-3.0905165105984853,-3.0169827588363747,-2.962105572610106,-0.048326948832070116,2.0,-0.5
45,31,11.0,12.0,702,548,154,-3.1111499617072695,-3.0258103550553517,True,-0.08533960665191787,-3.0457364105456817,-3.002240994149302,-3.0905165105984853,-3.0169827588363747,-2.962105572610106,-0.09416720287089442,1.0,-1.0
45,32,12.0,13.0,703,323,380,-3.0857184192813434,-3.0258103550553517,True,-0.05990806422599171,-3.0457364105456817,-3.002240994149302,-3.0905165105984853,-3.0169827588363747,-2.962105572610106,-0.0687356604449687,2.0,-0.5
45,33,13.0,14.0,703,703,0,-2.6968737908646303,-3.0258103550553517,True,0.32893656419072137,-3.0457364105456817,-3.002240994149302,-3.0905165105984853,-3.0169827588363747,-2.962105572610106,0.3201089679717444,5.0,1.0
45,34,14.0,15.0,702,470,232,-2.5858405645177296,-3.0258103550553517,True,0.4399697905376221,-3.0457364105456817,-3.002240994149302,-3.0905165105984853,-3.0169827588363747,-2.962105572610106,0.4311421943186451,5.0,1.0
45,35,15.0,16.0,703,384,319,-2.7535881454275266,-3.0258103550553517,True,0.27222220962782506,-3.0457364105456817,-3.002240994149302,-3.0905165105984853,-3.0169827588363747,-2.962105572610106,0.26339461340884807,5.0,1.0
45,36,16.0,17.0,702,529,173,-2.752578223674213,-3.0258103550553517,True,0.27323213138113855,-3.0457364105456817,-3.002240994149302,-3.0905165105984853,-3.0169827588363747,-2.962105572610106,0.26440453516216156,5.0,1.0
45,37,17.0,18.0,703,119,584,-3.1710169310144245,-3.0258103550553517,True,-0.14520657595907283,-3.0457364105456817,-3.002240994149302,-3.0905165105984853,-3.0169827588363747,-2.962105572610106,-0.15403417217804982,1.0,-1.0
45,38,18.0,19.0,702,133,569,-3.264627426416204,-3.0258103550553517,True,-0.2388170713608524,-3.0457364105456817,-3.002240994149302,-3.0905165105984853,-3.0169827588363747,-2.962105572610106,-0.2476446675798294,1.0,-1.0
45,39,19.0,20.0,703,437,266,-3.2037651638175126,-3.0258103550553517,True,-0.17795480876216097,-3.0457364105456817,-3.002240994149302,-3.0905165105984853,-3.0169827588363747,-2.962105572610106,-0.18678240498113796,1.0,-1.0
46,0,-20.0,-19.0,702,253,449,-2.9047808583149277,-3.034606598308083,True,0.1298257399931555,-3.0644839024784942,-3.0169415967966158,-3.104607206818077,-3.0410668131088547,-2.9713575497302713,0.13628595479392658,5.0,1.0
46,1,-19.0,-18.0,703,427,276,-3.0660003605930526,-3.034606598308083,True,-0.03139376228496937,-3.0644839024784942,-3.0169415967966158,-3.104607206818077,-3.0410668131088547,-2.9713575497302713,-0.02493354748419785,2.0,-0.5
46,2,-18.0,-17.0,703,504,199,-2.8811374239102516,-3.034606598308083,True,0.1534691743978316,-3.0644839024784942,-3.0169415967966158,-3.104607206818077,-3.0410668131088547,-2.9713575497302713,0.15992938919860267,5.0,1.0
46,3,-17.0,-16.0,702,509,193,-2.956779512059801,-3.034606598308083,True,0.07782708624828238,-3.0644839024784942,-3.0169415967966158,-3.104607206818077,-3.0410668131088547,-2.9713575497302713,0.08428730104905391,5.0,1.0
46,4,-16.0,-15.0,703,601,102,-3.1158063940494363,-3.034606598308083,True,-0.08119979574135305,-3.0644839024784942,-3.0169415967966158,-3.104607206818077,-3.0410668131088547,-2.9713575497302713,-0.07473958094058153,1.0,-1.0
46,5,-15.0,-14.0,702,380,322,-3.014559650196659,-3.034606598308083,True,0.020046948111424268,-3.0644839024784942,-3.0169415967966158,-3.104607206818077,-3.0410668131088547,-2.9713575497302713,0.026507162912195792,4.0,0.5
46,6,-14.0,-13.0,703,487,216,-3.0977621334044922,-3.034606598308083,True,-0.06315553509640903,-3.0644839024784942,-3.0169415967966158,-3.104607206818077,-3.0410668131088547,-2.9713575497302713,-0.056695320295637064,2.0,-0.5
46,7,-13.0,-12.0,702,444,258,-3.1058055146196275,-3.034606598308083,True,-0.07119891631154429,-3.0644839024784942,-3.0169415967966158,-3.104607206818077,-3.0410668131088547,-2.9713575497302713,-0.06473870151077277,1.0,-1.0
46,8,-12.0,-11.0,703,442,261,-3.018890462196581,-3.034606598308083,True,0.015716136111502355,-3.0644839024784942,-3.0169415967966158,-3.104607206818077,-3.0410668131088547,-2.9713575497302713,0.02217635091227388,3.0,0.0
46,9,-11.0,-10.0,703,498,205,-3.0839312475094918,-3.034606598308083,True,-0.049324649201408555,-3.0644839024784942,-3.0169415967966158,-3.104607206818077,-3.0410668131088547,-2.9713575497302713,-0.042864434400637474,2.0,-0.5
46,10,-10.0,-9.0,702,504,198,-2.9453306858846573,-3.034606598308083,True,0.08927591242342592,-3.0644839024784942,-3.0169415967966158,-3.104607206818077,-3.0410668131088547,-2.9713575497302713,0.09573612722419744,5.0,1.0
46,11,-9.0,-8.0,703,586,117,-2.995041270351002,-3.034606598308083,True,0.03956532795708112,-3.0644839024784942,-3.0169415967966158,-3.104607206818077,-3.0410668131088547,-2.9713575497302713,0.046025542757852644,4.0,0.5
46,12,-8.0,-7.0,702,482,220,-3.012875015897909,-3.034606598308083,True,0.021731582410174255,-3.0644839024784942,-3.0169415967966158,-3.104607206818077,-3.0410668131088547,-2.9713575497302713,0.02819179721094578,4.0,0.5
46,13,-7.0,-6.0,703,523,180,-2.95845192249288,-3.034606598308083,True,0.07615467581520319,-3.0644839024784942,-3.0169415967966158,-3.104607206818077,-3.0410668131088547,-2.9713575497302713,0.08261489061597471,5.0,1.0
46,14,-6.0,-5.0,702,356,346,-3.1043484029560497,-3.034606598308083,True,-0.06974180464796653,-3.0644839024784942,-3.0169415967966158,-3.104607206818077,-3.0410668131088547,-2.9713575497302713,-0.06328158984719501,2.0,-0.5
46,15,-5.0,-4.0,703,401,302,-3.1653634195534845,-3.034606598308083,True,-0.13075682124540133,-3.0644839024784942,-3.0169415967966158,-3.104607206818077,-3.0410668131088547,-2.9713575497302713,-0.12429660644462981,1.0,-1.0
46,16,-4.0,-3.0,702,541,161,-3.063243164021128,-3.034606598308083,True,-0.02863656571304496,-3.0644839024784942,-3.0169415967966158,-3.104607206818077,-3.0410668131088547,-2.9713575497302713,-0.022176350912273435,3.0,0.0
46,17,-3.0,-2.0,703,351,352,-2.9756594254760684,-3.034606598308083,True,0.05894717283201478,-3.0644839024784942,-3.0169415967966158,-3.104607206818077,-3.0410668131088547,-2.9713575497302713,0.0654073876327863,4.0,0.5
46,18,-2.0,-1.0,703,359,344,-3.1209814842700014,-3.034606598308083,True,-0.08637488596191822,-3.0644839024784942,-3.0169415967966158,-3.104607206818077,-3.0410668131088547,-2.9713575497302713,-0.07991467116114626,1.0,-1.0
46,19,-1.0,0.0,702,305,397,-3.105383618404159,-3.034606598308083,True,-0.070777020096076,-3.0644839024784942,-3.0169415967966158,-3.104607206818077,-3.0410668131088547,-2.9713575497302713,-0.06431680529530448,1.0,-1.0
46,20,0.0,1.0,703,469,234,-3.176611203630481,-3.034606598308083,True,-0.142004605322398,-3.0644839024784942,-3.0169415967966158,-3.104607206818077,-3.0410668131088547,-2.9713575497302713,-0.13554439052162648,1.0,-1.0
46,21,1.0,2.0,702,327,375,-3.240863769598165,-3.034606598308083,True,-0.2062571712900816,-3.0644839024784942,-3.0169415967966158,-3.104607206818077,-3.0410668131088547,-2.9713575497302713,-0.19979695648931006,1.0,-1.0
46,22,2.0,3.0,703,478,225,-3.1726338127222427,-3.034606598308083,True,-0.13802721441415944,-3.0644839024784942,-3.0169415967966158,-3.104607206818077,-3.0410668131088547,-2.9713575497302713,-0.1315669996133879,1.0,-1.0
46,23,3.0,4.0,702,385,317,-3.1005286754061765,-3.034606598308083,True,-0.06592207709809328,-3.0644839024784942,-3.0169415967966158,-3.104607206818077,-3.0410668131088547,-2.9713575497302713,-0.059461862297321755,2.0,-0.5
46,24,4.0,5.0,703,425,278,-3.1286095358786215,-3.034606598308083,True,-0.09400293757053824,-3.0644839024784942,-3.0169415967966158,-3.104607206818077,-3.0410668131088547,-2.9713575497302713,-0.08754272276976627,1.0,-1.0
46,25,5.0,6.0,703,316,387,-3.1135357393077236,-3.034606598308083,True,-0.07892914099964043,-3.0644839024784942,-3.0169415967966158,-3.104607206818077,-3.0410668131088547,-2.9713575497302713,-0.07246892619886935,1.0,-1.0
46,26,6.0,7.0,702,414,288,-3.0527111329116106,-3.034606598308083,True,-0.018104534603527345,-3.0644839024784942,-3.0169415967966158,-3.104607206818077,-3.0410668131088547,-2.9713575497302713,-0.01164431980275582,3.0,0.0
46,27,7.0,8.0,703,357,346,-3.0047003564437724,-3.034606598308083,True,0.02990624186431079,-3.0644839024784942,-3.0169415967966158,-3.104607206818077,-3.0410668131088547,-2.9713575497302713,0.036366456665082314,4.0,0.5
46,28,8.0,9.0,702,501,201,-3.120169566730197,-3.034606598308083,True,-0.08556296842211397,-3.0644839024784942,-3.0169415967966158,-3.104607206818077,-3.0410668131088547,-2.9713575497302713,-0.07910275362134245,1.0,-1.0
46,29,9.0,10.0,703,630,73,-3.0137469368743726,-3.034606598308083,True,0.020859661433710652,-3.0644839024784942,-3.0169415967966158,-3.104607206818077,-3.0410668131088547,-2.9713575497302713,0.027319876234481733,4.0,0.5
46,30,10.0,11.0,702,507,195,-3.056296426304789,-3.034606598308083,True,-0.021689827996705713,-3.0644839024784942,-3.0169415967966158,-3.104607206818077,-3.0410668131088547,-2.9713575497302713,-0.015229613195934188,3.0,0.0
46,31,11.0,12.0,703,398,305,-2.9961516654682088,-3.034606598308083,True,0.038454932839874445,-3.0644839024784942,-3.0169415967966158,-3.104607206818077,-3.0410668131088547,-2.9713575497302713,0.04491514764064597,4.0,0.5
46,32,12.0,13.0,703,444,259,-3.1433531539646014,-3.034606598308083,True,-0.10874655565651814,-3.0644839024784942,-3.0169415967966158,-3.104607206818077,-3.0410668131088547,-2.9713575497302713,-0.10228634085574662,1.0,-1.0
46,33,13.0,14.0,702,630,72,-2.917465909719529,-3.034606598308083,True,0.1171406885885542,-3.0644839024784942,-3.0169415967966158,-3.104607206818077,-3.0410668131088547,-2.9713575497302713,0.12360090338932572,5.0,1.0
46,34,14.0,15.0,703,327,376,-2.540829357689206,-3.034606598308083,True,0.4937772406188774,-3.0644839024784942,-3.0169415967966158,-3.104607206818077,-3.0410668131088547,-2.9713575497302713,0.5002374554196489,5.0,1.0
46,35,15.0,16.0,702,299,403,-2.875068779304798,-3.034606598308083,True,0.159537819003285,-3.0644839024784942,-3.0169415967966158,-3.104607206818077,-3.0410668131088547,-2.9713575497302713,0.16599803380405653,5.0,1.0
46,36,16.0,17.0,703,338,365,-3.2150167480685465,-3.034606598308083,True,-0.18041014976046332,-3.0644839024784942,-3.0169415967966158,-3.104607206818077,-3.0410668131088547,-2.9713575497302713,-0.1739499349596918,1.0,-1.0
46,37,17.0,18.0,702,45,657,-3.2128198728845474,-3.034606598308083,True,-0.1782132745764642,-3.0644839024784942,-3.0169415967966158,-3.104607206818077,-3.0410668131088547,-2.9713575497302713,-0.17175305977569266,1.0,-1.0
46,38,18.0,19.0,703,242,461,-3.2597647956276563,-3.034606598308083,True,-0.2251581973195731,-3.0644839024784942,-3.0169415967966158,-3.104607206818077,-3.0410668131088547,-2.9713575497302713,-0.21869798251880157,1.0,-1.0
46,39,19.0,20.0,702,354,348,-3.339413249158291,-3.034606598308083,True,-0.30480665085020764,-3.0644839024784942,-3.0169415967966158,-3.104607206818077,-3.0410668131088547,-2.9713575497302713,-0.2983464360494361,1.0,-1.0
47,0,-20.0,-19.0,703,453,250,-3.0918256287406,-3.0092987830314533,True,-0.08252684570914681,-3.0232444612421565,-3.0147164132256834,-3.060451878088729,-3.0222714730519433,-2.9617747029140524,-0.06955415568865675,1.0,-1.0
47,1,-19.0,-18.0,702,484,218,-3.1083915698973317,-3.0092987830314533,True,-0.09909278686587841,-3.0232444612421565,-3.0147164132256834,-3.060451878088729,-3.0222714730519433,-2.9617747029140524,-0.0861200968453888,1.0,-1.0
47,2,-18.0,-17.0,703,625,78,-3.029146348682406,-3.0092987830314533,True,-0.019847565650952692,-3.0232444612421565,-3.0147164132256834,-3.060451878088729,-3.0222714730519433,-2.9617747029140524,-0.006874875630462629,2.0,-0.5
47,3,-17.0,-16.0,702,510,192,-2.9979054015033815,-3.0092987830314533,True,0.011393381528071789,-3.0232444612421565,-3.0147164132256834,-3.060451878088729,-3.0222714730519433,-2.9617747029140524,0.024366071548562296,4.0,0.5
47,4,-16.0,-15.0,703,561,142,-2.9033268437003072,-3.0092987830314533,True,0.10597193933114601,-3.0232444612421565,-3.0147164132256834,-3.060451878088729,-3.0222714730519433,-2.9617747029140524,0.11894462935163608,5.0,1.0
47,5,-15.0,-14.0,703,524,179,-2.9632658368366553,-3.0092987830314533,True,0.04603294619479792,-3.0232444612421565,-3.0147164132256834,-3.060451878088729,-3.0222714730519433,-2.9617747029140524,0.05900563621528754,4.0,0.5
47,6,-14.0,-13.0,702,435,267,-2.898864757381641,-3.0092987830314533,True,0.1104340256498122,-3.0232444612421565,-3.0147164132256834,-3.060451878088729,-3.0222714730519433,-2.9617747029140524,0.12340671567030226,5.0,1.0
47,7,-13.0,-12.0,703,621,82,-2.9198976467094218,-3.0092987830314533,True,0.0894011363220315,-3.0232444612421565,-3.0147164132256834,-3.060451878088729,-3.0222714730519433,-2.9617747029140524,0.10237382634252157,5.0,1.0
47,8,-12.0,-11.0,702,528,174,-3.021380547087235,-3.0092987830314533,True,-0.012081764055781541,-3.0232444612421565,-3.0147164132256834,-3.060451878088729,-3.0222714730519433,-2.9617747029140524,0.0008909259647085221,3.0,0.0
47,9,-11.0,-10.0,703,461,242,-3.059657967705576,-3.0092987830314533,True,-0.050359184674122925,-3.0232444612421565,-3.0147164132256834,-3.060451878088729,-3.0222714730519433,-2.9617747029140524,-0.03738649465363286,2.0,-0.5
47,10,-10.0,-9.0,702,403,299,-3.080079403153823,-3.0092987830314533,True,-0.07078062012236952,-3.0232444612421565,-3.0147164132256834,-3.060451878088729,-3.0222714730519433,-2.9617747029140524,-0.05780793010187946,1.0,-1.0
47,11,-9.0,-8.0,703,499,204,-2.957301301146243,-3.0092987830314533,True,0.05199748188521047,-3.0232444612421565,-3.0147164132256834,-3.060451878088729,-3.0222714730519433,-2.9617747029140524,0.06497017190570054,5.0,1.0
47,12,-8.0,-7.0,703,574,129,-3.006571360728232,-3.0092987830314533,True,0.0027274223032214273,-3.0232444612421565,-3.0147164132256834,-3.060451878088729,-3.0222714730519433,-2.9617747029140524,0.01570011232371149,4.0,0.5
47,13,-7.0,-6.0,702,520,182,-3.036493000181598,-3.0092987830314533,True,-0.027194217150144695,-3.0232444612421565,-3.0147164132256834,-3.060451878088729,-3.0222714730519433,-2.9617747029140524,-0.014221527129654632,2.0,-0.5
47,14,-6.0,-5.0,703,490,213,-2.9127825910245724,-3.0092987830314533,True,0.09651619200688089,-3.0232444612421565,-3.0147164132256834,-3.060451878088729,-3.0222714730519433,-2.9617747029140524,0.10948888202737095,5.0,1.0
47,15,-5.0,-4.0,702,478,224,-3.0055663964812847,-3.0092987830314533,True,0.0037323865501686093,-3.0232444612421565,-3.0147164132256834,-3.060451878088729,-3.0222714730519433,-2.9617747029140524,0.016705076570658672,4.0,0.5
47,16,-4.0,-3.0,703,291,412,-3.0628336092381865,-3.0092987830314533,True,-0.05353482620673322,-3.0232444612421565,-3.0147164132256834,-3.060451878088729,-3.0222714730519433,-2.9617747029140524,-0.04056213618624316,1.0,-1.0
47,17,-3.0,-2.0,702,579,123,-3.0231623990166523,-3.0092987830314533,True,-0.01386361598519903,-3.0232444612421565,-3.0147164132256834,-3.060451878088729,-3.0222714730519433,-2.9617747029140524,-0.0008909259647089662,3.0,0.0
47,18,-2.0,-1.0,703,462,241,-3.0841782918961482,-3.0092987830314533,True,-0.07487950886469497,-3.0232444612421565,-3.0147164132256834,-3.060451878088729,-3.0222714730519433,-2.9617747029140524,-0.06190681884420446,1.0,-1.0
47,19,-1.0,0.0,703,419,284,-3.023344759517773,-3.0092987830314533,True,-0.014045976486319667,-3.0232444612421565,-3.0147164132256834,-3.060451878088729,-3.0222714730519433,-2.9617747029140524,-0.0010732864658296037,2.0,-0.5
47,20,0.0,1.0,702,290,412,-3.006030291799514,-3.0092987830314533,True,0.0032684912319393966,-3.0232444612421565,-3.0147164132256834,-3.060451878088729,-3.0222714730519433,-2.9617747029140524,0.01624118125242946,4.0,0.5
47,21,1.0,2.0,703,514,189,-3.0841814851898737,-3.0092987830314533,True,-0.07488270215842041,-3.0232444612421565,-3.0147164132256834,-3.060451878088729,-3.0222714730519433,-2.9617747029140524,-0.06191001213793035,1.0,-1.0
47,22,2.0,3.0,702,366,336,-2.94697294291029,-3.0092987830314533,True,0.06232584012116327,-3.0232444612421565,-3.0147164132256834,-3.060451878088729,-3.0222714730519433,-2.9617747029140524,0.07529853014165333,5.0,1.0
47,23,3.0,4.0,703,395,308,-3.193383437532479,-3.0092987830314533,True,-0.18408465450102574,-3.0232444612421565,-3.0147164132256834,-3.060451878088729,-3.0222714730519433,-2.9617747029140524,-0.17111196448053567,1.0,-1.0
47,24,4.0,5.0,702,475,227,-3.1303731590439647,-3.0092987830314533,True,-0.12107437601251148,-3.0232444612421565,-3.0147164132256834,-3.060451878088729,-3.0222714730519433,-2.9617747029140524,-0.10810168599202141,1.0,-1.0
47,25,5.0,6.0,703,470,233,-3.12756359958198,-3.0092987830314533,True,-0.11826481655052667,-3.0232444612421565,-3.0147164132256834,-3.060451878088729,-3.0222714730519433,-2.9617747029140524,-0.10529212653003661,1.0,-1.0
47,26,6.0,7.0,702,527,175,-3.013668981117052,-3.0092987830314533,True,-0.004370198085598798,-3.0232444612421565,-3.0147164132256834,-3.060451878088729,-3.0222714730519433,-2.9617747029140524,0.008602491934891265,4.0,0.5
47,27,7.0,8.0,703,261,442,-3.1223279986502006,-3.0092987830314533,True,-0.11302921561874735,-3.0232444612421565,-3.0147164132256834,-3.060451878088729,-3.0222714730519433,-2.9617747029140524,-0.10005652559825728,1.0,-1.0
47,28,8.0,9.0,703,90,613,-3.249320795313722,-3.0092987830314533,True,-0.24002201228226872,-3.0232444612421565,-3.0147164132256834,-3.060451878088729,-3.0222714730519433,-2.9617747029140524,-0.22704932226177865,1.0,-1.0
47,29,9.0,10.0,702,263,439,-3.226820199998551,-3.0092987830314533,True,-0.2175214169670978,-3.0232444612421565,-3.0147164132256834,-3.060451878088729,-3.0222714730519433,-2.9617747029140524,-0.20454872694660775,1.0,-1.0
47,30,10.0,11.0,703,155,548,-3.173132189673661,-3.0092987830314533,True,-0.1638334066422078,-3.0232444612421565,-3.0147164132256834,-3.060451878088729,-3.0222714730519433,-2.9617747029140524,-0.15086071662171774,1.0,-1.0
47,31,11.0,12.0,702,340,362,-3.1710565900990986,-3.0092987830314533,True,-0.1617578070676453,-3.0232444612421565,-3.0147164132256834,-3.060451878088729,-3.0222714730519433,-2.9617747029140524,-0.14878511704715525,1.0,-1.0
47,32,12.0,13.0,703,360,343,-3.2524537411253114,-3.0092987830314533,True,-0.24315495809385812,-3.0232444612421565,-3.0147164132256834,-3.060451878088729,-3.0222714730519433,-2.9617747029140524,-0.23018226807336806,1.0,-1.0
47,33,13.0,14.0,702,544,158,-2.8696644885210074,-3.0092987830314533,True,0.13963429451044584,-3.0232444612421565,-3.0147164132256834,-3.060451878088729,-3.0222714730519433,-2.9617747029140524,0.1526069845309359,5.0,1.0
47,34,14.0,15.0,703,546,157,-2.891081579969887,-3.0092987830314533,True,0.11821720306156625,-3.0232444612421565,-3.0147164132256834,-3.060451878088729,-3.0222714730519433,-2.9617747029140524,0.1311898930820563,5.0,1.0
47,35,15.0,16.0,703,474,229,-2.8680874535162553,-3.0092987830314533,True,0.141211329515198,-3.0232444612421565,-3.0147164132256834,-3.060451878088729,-3.0222714730519433,-2.9617747029140524,0.1541840195356876,5.0,1.0
47,36,16.0,17.0,702,321,381,-3.228439305173866,-3.0092987830314533,True,-0.21914052214241275,-3.0232444612421565,-3.0147164132256834,-3.060451878088729,-3.0222714730519433,-2.9617747029140524,-0.2061678321219227,1.0,-1.0
47,37,17.0,18.0,703,287,416,-3.207325515439225,-3.0092987830314533,True,-0.1980267324077718,-3.0232444612421565,-3.0147164132256834,-3.060451878088729,-3.0222714730519433,-2.9617747029140524,-0.18505404238728174,1.0,-1.0
47,38,18.0,19.0,702,106,596,-3.2056954001027953,-3.0092987830314533,True,-0.19639661707134204,-3.0232444612421565,-3.0147164132256834,-3.060451878088729,-3.0222714730519433,-2.9617747029140524,-0.18342392705085242,1.0,-1.0
47,39,19.0,20.0,703,132,571,-3.499628869274855,-3.0092987830314533,True,-0.4903300862434019,-3.0232444612421565,-3.0147164132256834,-3.060451878088729,-3.0222714730519433,-2.9617747029140524,-0.47735739622291185,1.0,-1.0
48,0,-20.0,-19.0,703,562,141,-3.046915306398166,-3.006721520612501,True,-0.04019378578566535,-3.017326331706936,-3.0147979611935694,-3.0492802556012477,-3.0158223152155763,-2.9770742813733206,-0.031092991182589902,2.0,-0.5
48,1,-19.0,-18.0,702,406,296,-3.0880783178670286,-3.006721520612501,True,-0.08135679725452771,-3.017326331706936,-3.0147979611935694,-3.0492802556012477,-3.0158223152155763,-2.9770742813733206,-0.07225600265145271,1.0,-1.0
48,2,-18.0,-17.0,703,427,276,-2.9929493929301585,-3.006721520612501,True,0.013772127682342372,-3.017326331706936,-3.0147979611935694,-3.0492802556012477,-3.0158223152155763,-2.9770742813733206,0.022872922285417818,4.0,0.5
48,3,-17.0,-16.0,702,527,175,-3.025471847144627,-3.006721520612501,True,-0.01875032653212605,-3.017326331706936,-3.0147979611935694,-3.0492802556012477,-3.0158223152155763,-2.9770742813733206,-0.009649531929050603,2.0,-0.5
48,4,-16.0,-15.0,703,547,156,-3.000803525274973,-3.006721520612501,True,0.005917995337527682,-3.017326331706936,-3.0147979611935694,-3.0492802556012477,-3.0158223152155763,-2.9770742813733206,0.015018789940603128,4.0,0.5
48,5,-15.0,-14.0,703,359,344,-3.065894758307919,-3.006721520612501,True,-0.059173237695417935,-3.017326331706936,-3.0147979611935694,-3.0492802556012477,-3.0158223152155763,-2.9770742813733206,-0.05007244309234249,1.0,-1.0
48,6,-14.0,-13.0,702,613,89,-3.014889057374457,-3.006721520612501,True,-0.008167536761956029,-3.017326331706936,-3.0147979611935694,-3.0492802556012477,-3.0158223152155763,-2.9770742813733206,0.000933257841119417,3.0,0.0
48,7,-13.0,-12.0,703,665,38,-2.918425125420883,-3.006721520612501,True,0.0882963951916178,-3.017326331706936,-3.0147979611935694,-3.0492802556012477,-3.0158223152155763,-2.9770742813733206,0.09739718979469325,5.0,1.0
48,8,-12.0,-11.0,702,534,168,-2.939066958289366,-3.006721520612501,True,0.06765456232313483,-3.017326331706936,-3.0147979611935694,-3.0492802556012477,-3.0158223152155763,-2.9770742813733206,0.07675535692621027,5.0,1.0
48,9,-11.0,-10.0,703,549,154,-2.983136192319169,-3.006721520612501,True,0.02358532829333182,-3.017326331706936,-3.0147979611935694,-3.0492802556012477,-3.0158223152155763,-2.9770742813733206,0.032686122896407266,4.0,0.5
48,10,-10.0,-9.0,702,481,221,-2.900740742581611,-3.006721520612501,True,0.10598077803088968,-3.017326331706936,-3.0147979611935694,-3.0492802556012477,-3.0158223152155763,-2.9770742813733206,0.11508157263396512,5.0,1.0
48,11,-9.0,-8.0,703,573,130,-3.062386145231538,-3.006721520612501,True,-0.055664624619037095,-3.017326331706936,-3.0147979611935694,-3.0492802556012477,-3.0158223152155763,-2.9770742813733206,-0.04656383001596165,1.0,-1.0
48,12,-8.0,-7.0,703,613,90,-3.014686621416929,-3.006721520612501,True,-0.007965100804427916,-3.017326331706936,-3.0147979611935694,-3.0492802556012477,-3.0158223152155763,-2.9770742813733206,0.0011356937986475302,4.0,0.5
48,13,-7.0,-6.0,702,452,250,-2.87130080775149,-3.006721520612501,True,0.13542071286101098,-3.017326331706936,-3.0147979611935694,-3.0492802556012477,-3.0158223152155763,-2.9770742813733206,0.14452150746408643,5.0,1.0
48,14,-6.0,-5.0,703,594,109,-3.031086878270798,-3.006721520612501,True,-0.02436535765829717,-3.017326331706936,-3.0147979611935694,-3.0492802556012477,-3.0158223152155763,-2.9770742813733206,-0.015264563055221725,2.0,-0.5
48,15,-5.0,-4.0,702,622,80,-3.0167555730566953,-3.006721520612501,True,-0.010034052444194419,-3.017326331706936,-3.0147979611935694,-3.0492802556012477,-3.0158223152155763,-2.9770742813733206,-0.000933257841119417,3.0,0.0
48,16,-4.0,-3.0,703,621,82,-3.0563751032104927,-3.006721520612501,True,-0.0496535825979918,-3.017326331706936,-3.0147979611935694,-3.0492802556012477,-3.0158223152155763,-2.9770742813733206,-0.04055278799491635,1.0,-1.0
48,17,-3.0,-2.0,702,576,126,-2.9588885485357754,-3.006721520612501,True,0.04783297207672543,-3.017326331706936,-3.0147979611935694,-3.0492802556012477,-3.0158223152155763,-2.9770742813733206,0.05693376667980088,5.0,1.0
48,18,-2.0,-1.0,703,512,191,-3.0180239256127845,-3.006721520612501,True,-0.011302405000283677,-3.017326331706936,-3.0147979611935694,-3.0492802556012477,-3.0158223152155763,-2.9770742813733206,-0.0022016103972082313,2.0,-0.5
48,19,-1.0,0.0,703,532,171,-3.1285555852551563,-3.006721520612501,True,-0.12183406464265545,-3.017326331706936,-3.0147979611935694,-3.0492802556012477,-3.0158223152155763,-2.9770742813733206,-0.11273327003958,1.0,-1.0
48,20,0.0,1.0,702,548,154,-3.130340216977438,-3.006721520612501,True,-0.12361869636493727,-3.017326331706936,-3.0147979611935694,-3.0492802556012477,-3.0158223152155763,-2.9770742813733206,-0.11451790176186183,1.0,-1.0
48,21,1.0,2.0,703,349,354,-3.1657785166282286,-3.006721520612501,True,-0.15905699601572776,-3.017326331706936,-3.0147979611935694,-3.0492802556012477,-3.0158223152155763,-2.9770742813733206,-0.1499562014126523,1.0,-1.0
48,22,2.0,3.0,702,443,259,-3.0361315196355583,-3.006721520612501,True,-0.02940999902305741,-3.017326331706936,-3.0147979611935694,-3.0492802556012477,-3.0158223152155763,-2.9770742813733206,-0.020309204419981963,2.0,-0.5
48,23,3.0,4.0,703,436,267,-3.000997632426093,-3.006721520612501,True,0.005723888186407677,-3.017326331706936,-3.0147979611935694,-3.0492802556012477,-3.0158223152155763,-2.9770742813733206,0.014824682789483123,4.0,0.5
48,24,4.0,5.0,702,487,215,-3.0863523908630244,-3.006721520612501,True,-0.07963087025052351,-3.017326331706936,-3.0147979611935694,-3.0492802556012477,-3.0158223152155763,-2.9770742813733206,-0.07053007564744807,1.0,-1.0
48,25,5.0,6.0,703,411,292,-3.0660990383268114,-3.006721520612501,True,-0.059377517714310546,-3.017326331706936,-3.0147979611935694,-3.0492802556012477,-3.0158223152155763,-2.9770742813733206,-0.0502767231112351,1.0,-1.0
48,26,6.0,7.0,702,362,340,-3.066571452202321,-3.006721520612501,True,-0.059849931589820216,-3.017326331706936,-3.0147979611935694,-3.0492802556012477,-3.0158223152155763,-2.9770742813733206,-0.05074913698674477,1.0,-1.0
48,27,7.0,8.0,703,439,264,-3.075748781995909,-3.006721520612501,True,-0.06902726138340798,-3.017326331706936,-3.0147979611935694,-3.0492802556012477,-3.0158223152155763,-2.9770742813733206,-0.05992646678033253,1.0,-1.0
48,28,8.0,9.0,703,452,251,-3.133913838464134,-3.006721520612501,True,-0.12719231785163299,-3.017326331706936,-3.0147979611935694,-3.0492802556012477,-3.0158223152155763,-2.9770742813733206,-0.11809152324855754,1.0,-1.0
48,29,9.0,10.0,702,239,463,-3.0110864892246827,-3.006721520612501,True,-0.00436496861218183,-3.017326331706936,-3.0147979611935694,-3.0492802556012477,-3.0158223152155763,-2.9770742813733206,0.004735825990893616,4.0,0.5
48,30,10.0,11.0,703,198,505,-3.1544155705241104,-3.006721520612501,True,-0.1476940499116095,-3.017326331706936,-3.0147979611935694,-3.0492802556012477,-3.0158223152155763,-2.9770742813733206,-0.13859325530853406,1.0,-1.0
48,31,11.0,12.0,702,273,429,-2.974478794358664,-3.006721520612501,True,0.03224272625383673,-3.017326331706936,-3.0147979611935694,-3.0492802556012477,-3.0158223152155763,-2.9770742813733206,0.041343520856912175,5.0,1.0
48,32,12.0,13.0,703,526,177,-3.134842763611389,-3.006721520612501,True,-0.12812124299888827,-3.017326331706936,-3.0147979611935694,-3.0492802556012477,-3.0158223152155763,-2.9770742813733206,-0.11902044839581283,1.0,-1.0
48,33,13.0,14.0,702,470,232,-2.7398609294005,-3.006721520612501,True,0.266860591212001,-3.017326331706936,-3.0147979611935694,-3.0492802556012477,-3.0158223152155763,-2.9770742813733206,0.27596138581507645,5.0,1.0
48,34,14.0,15.0,703,389,314,-2.78671074984961,-3.006721520612501,True,0.22001077076289066,-3.017326331706936,-3.0147979611935694,-3.0492802556012477,-3.0158223152155763,-2.9770742813733206,0.2291115653659661,5.0,1.0
48,35,15.0,16.0,703,251,452,-2.6764118944888855,-3.006721520612501,True,0.33030962612361536,-3.017326331706936,-3.0147979611935694,-3.0492802556012477,-3.0158223152155763,-2.9770742813733206,0.33941042072669125,5.0,1.0
48,36,16.0,17.0,702,281,421,-3.006669075035356,-3.006721520612501,True,5.244557714467746e-05,-3.017326331706936,-3.0147979611935694,-3.0492802556012477,-3.0158223152155763,-2.9770742813733206,0.009153240180220124,4.0,0.5
48,37,17.0,18.0,703,152,551,-3.0288738341730213,-3.006721520612501,True,-0.022152313560520387,-3.017326331706936,-3.0147979611935694,-3.0492802556012477,-3.0158223152155763,-2.9770742813733206,-0.01305151895744494,2.0,-0.5
48,38,18.0,19.0,702,312,390,-3.185206908528188,-3.006721520612501,True,-0.17848538791568735,-3.017326331706936,-3.0147979611935694,-3.0492802556012477,-3.0158223152155763,-2.9770742813733206,-0.1693845933126119,1.0,-1.0
48,39,19.0,20.0,703,164,539,-3.3327197149124124,-3.006721520612501,True,-0.3259981942999115,-3.017326331706936,-3.0147979611935694,-3.0492802556012477,-3.0158223152155763,-2.9770742813733206,-0.31689739969683606,1.0,-1.0
49,0,-20.0,-19.0,703,494,209,-2.941647207109115,-3.0238030713756783,True,0.0821558642665634,-3.0577661470957995,-3.022219772366696,-3.097066159235207,-3.0449904658863183,-2.9407020293743056,0.1033432587772034,4.0,0.5
49,1,-19.0,-18.0,702,456,246,-2.9151949098086245,-3.0238030713756783,True,0.10860816156705377,-3.0577661470957995,-3.022219772366696,-3.097066159235207,-3.0449904658863183,-2.9407020293743056,0.12979555607769377,5.0,1.0
49,2,-18.0,-17.0,703,432,271,-3.0056628706655744,-3.0238030713756783,True,0.018140200710103915,-3.0577661470957995,-3.022219772366696,-3.097066159235207,-3.0449904658863183,-2.9407020293743056,0.039327595220743916,4.0,0.5
49,3,-17.0,-16.0,702,505,197,-3.062106922640082,-3.0238030713756783,True,-0.03830385126440383,-3.0577661470957995,-3.022219772366696,-3.097066159235207,-3.0449904658863183,-2.9407020293743056,-0.01711645675376383,2.0,-0.5
49,4,-16.0,-15.0,703,369,334,-2.8899131364924613,-3.0238030713756783,True,0.133889934883217,-3.0577661470957995,-3.022219772366696,-3.097066159235207,-3.0449904658863183,-2.9407020293743056,0.155077329393857,5.0,1.0
49,5,-15.0,-14.0,703,389,314,-2.9415436214271358,-3.0238030713756783,True,0.0822594499485425,-3.0577661470957995,-3.022219772366696,-3.097066159235207,-3.0449904658863183,-2.9407020293743056,0.10344684445918206,4.0,0.5
49,6,-14.0,-13.0,702,559,143,-2.8913276102681102,-3.0238030713756783,True,0.13247546110756803,-3.0577661470957995,-3.022219772366696,-3.097066159235207,-3.0449904658863183,-2.9407020293743056,0.15366285561820803,5.0,1.0
49,7,-13.0,-12.0,703,640,63,-2.981870679562602,-3.0238030713756783,True,0.041932391813076286,-3.0577661470957995,-3.022219772366696,-3.097066159235207,-3.0449904658863183,-2.9407020293743056,0.06311978632371629,4.0,0.5
49,8,-12.0,-11.0,702,606,96,-2.9381772532158137,-3.0238030713756783,True,0.08562581815986459,-3.0577661470957995,-3.022219772366696,-3.097066159235207,-3.0449904658863183,-2.9407020293743056,0.10681321267050459,5.0,1.0
49,9,-11.0,-10.0,703,189,514,-3.054214603468659,-3.0238030713756783,True,-0.030411532092980753,-3.0577661470957995,-3.022219772366696,-3.097066159235207,-3.0449904658863183,-2.9407020293743056,-0.009224137582340752,3.0,0.0
49,10,-10.0,-9.0,702,459,243,-3.1291640343028018,-3.0238030713756783,True,-0.10536096292712349,-3.0577661470957995,-3.022219772366696,-3.097066159235207,-3.0449904658863183,-2.9407020293743056,-0.08417356841648349,1.0,-1.0
49,11,-9.0,-8.0,703,195,508,-3.0679694929331442,-3.0238030713756783,True,-0.044166421557465974,-3.0577661470957995,-3.022219772366696,-3.097066159235207,-3.0449904658863183,-2.9407020293743056,-0.02297902704682553,2.0,-0.5
49,12,-8.0,-7.0,702,387,315,-3.17788041701488,-3.0238030713756783,True,-0.15407734563920172,-3.0577661470957995,-3.022219772366696,-3.097066159235207,-3.0449904658863183,-2.9407020293743056,-0.13288995112856172,1.0,-1.0
49,13,-7.0,-6.0,703,306,397,-3.075784427188088,-3.0238030713756783,True,-0.05198135581240981,-3.0577661470957995,-3.022219772366696,-3.097066159235207,-3.0449904658863183,-2.9407020293743056,-0.030793961301769812,2.0,-0.5
49,14,-6.0,-5.0,703,346,357,-3.1145828967547793,-3.0238030713756783,True,-0.09077982537910101,-3.0577661470957995,-3.022219772366696,-3.097066159235207,-3.0449904658863183,-2.9407020293743056,-0.06959243086846145,1.0,-1.0
49,15,-5.0,-4.0,702,413,289,-3.035766328303978,-3.0238030713756783,True,-0.011963256928299693,-3.0577661470957995,-3.022219772366696,-3.097066159235207,-3.0449904658863183,-2.9407020293743056,0.009224137582340308,3.0,0.0
49,16,-4.0,-3.0,703,78,625,-2.9131507765602564,-3.0238030713756783,True,0.11065229481542183,-3.0577661470957995,-3.022219772366696,-3.097066159235207,-3.0449904658863183,-2.9407020293743056,0.13183968932606183,5.0,1.0
49,17,-3.0,-2.0,702,422,280,-3.0912272467286828,-3.0238030713756783,True,-0.06742417535300449,-3.0577661470957995,-3.022219772366696,-3.097066159235207,-3.0449904658863183,-2.9407020293743056,-0.04623678084236449,2.0,-0.5
49,18,-2.0,-1.0,703,544,159,-3.1216277275950626,-3.0238030713756783,True,-0.0978246562193843,-3.0577661470957995,-3.022219772366696,-3.097066159235207,-3.0449904658863183,-2.9407020293743056,-0.0766372617087443,1.0,-1.0
49,19,-1.0,0.0,702,635,67,-3.1272492654737065,-3.0238030713756783,True,-0.10344619409802824,-3.0577661470957995,-3.022219772366696,-3.097066159235207,-3.0449904658863183,-2.9407020293743056,-0.08225879958738824,1.0,-1.0
49,20,0.0,1.0,703,292,411,-2.911818626408721,-3.0238030713756783,True,0.11198444496695714,-3.0577661470957995,-3.022219772366696,-3.097066159235207,-3.0449904658863183,-2.9407020293743056,0.13317183947759714,5.0,1.0
49,21,1.0,2.0,703,421,282,-3.163510425834174,-3.0238030713756783,True,-0.1397073544584959,-3.0577661470957995,-3.022219772366696,-3.097066159235207,-3.0449904658863183,-2.9407020293743056,-0.11851995994785591,1.0,-1.0
49,22,2.0,3.0,702,549,153,-3.085831345803246,-3.0238030713756783,True,-0.06202827442756753,-3.0577661470957995,-3.022219772366696,-3.097066159235207,-3.0449904658863183,-2.9407020293743056,-0.04084087991692753,2.0,-0.5
49,23,3.0,4.0,703,477,226,-3.0547601300858975,-3.0238030713756783,True,-0.030957058710219254,-3.0577661470957995,-3.022219772366696,-3.097066159235207,-3.0449904658863183,-2.9407020293743056,-0.00976966419957881,3.0,0.0
49,24,4.0,5.0,702,473,229,-3.0492305756385334,-3.0238030713756783,True,-0.025427504262855116,-3.0577661470957995,-3.022219772366696,-3.097066159235207,-3.0449904658863183,-2.9407020293743056,-0.0042401097522151154,3.0,0.0
49,25,5.0,6.0,703,485,218,-3.026452144286851,-3.0238030713756783,True,-0.0026490729111725564,-3.0577661470957995,-3.022219772366696,-3.097066159235207,-3.0449904658863183,-2.9407020293743056,0.018538321599467444,3.0,0.0
49,26,6.0,7.0,702,611,91,-3.0877145719773047,-3.0238030713756783,True,-0.06391150060162643,-3.0577661470957995,-3.022219772366696,-3.097066159235207,-3.0449904658863183,-2.9407020293743056,-0.042724106090986425,2.0,-0.5
49,27,7.0,8.0,703,535,168,-3.0062622736158877,-3.0238030713756783,True,0.01754079775979056,-3.0577661470957995,-3.022219772366696,-3.097066159235207,-3.0449904658863183,-2.9407020293743056,0.03872819227043012,4.0,0.5
49,28,8.0,9.0,703,338,365,-3.0234057761349113,-3.0238030713756783,True,0.00039729524076692613,-3.0577661470957995,-3.022219772366696,-3.097066159235207,-3.0449904658863183,-2.9407020293743056,0.021584689751406483,3.0,0.0
49,29,9.0,10.0,702,497,205,-3.043750012009414,-3.0238030713756783,True,-0.01994694063373581,-3.0577661470957995,-3.022219772366696,-3.097066159235207,-3.0449904658863183,-2.9407020293743056,0.0012404538769041906,3.0,0.0
49,30,10.0,11.0,703,401,302,-3.127648550895135,-3.0238030713756783,True,-0.10384547951945677,-3.0577661470957995,-3.022219772366696,-3.097066159235207,-3.0449904658863183,-2.9407020293743056,-0.08265808500881677,1.0,-1.0
49,31,11.0,12.0,702,478,224,-3.082262792180035,-3.0238030713756783,True,-0.058459720804356685,-3.0577661470957995,-3.022219772366696,-3.097066159235207,-3.0449904658863183,-2.9407020293743056,-0.037272326293716684,2.0,-0.5
49,32,12.0,13.0,703,461,242,-3.086973060349954,-3.0238030713756783,True,-0.06316998897427561,-3.0577661470957995,-3.022219772366696,-3.097066159235207,-3.0449904658863183,-2.9407020293743056,-0.041982594463635614,2.0,-0.5
49,33,13.0,14.0,702,530,172,-2.622226784975699,-3.0238030713756783,True,0.4015762863999792,-3.0577661470957995,-3.022219772366696,-3.097066159235207,-3.0449904658863183,-2.9407020293743056,0.4227636809106192,5.0,1.0
49,34,14.0,15.0,703,562,141,-2.7399737611087582,-3.0238030713756783,True,0.28382931026692004,-3.0577661470957995,-3.022219772366696,-3.097066159235207,-3.0449904658863183,-2.9407020293743056,0.30501670477756004,5.0,1.0
49,35,15.0,16.0,702,411,291,-2.4876784050138245,-3.0238030713756783,True,0.5361246663618537,-3.0577661470957995,-3.022219772366696,-3.097066159235207,-3.0449904658863183,-2.9407020293743056,0.5573120608724937,5.0,1.0
49,36,16.0,17.0,703,301,402,-2.6977079897879435,-3.0238030713756783,True,0.3260950815877348,-3.0577661470957995,-3.022219772366696,-3.097066159235207,-3.0449904658863183,-2.9407020293743056,0.3472824760983748,5.0,1.0
49,37,17.0,18.0,703,141,562,-3.1742014961577643,-3.0238030713756783,True,-0.15039842478208598,-3.0577661470957995,-3.022219772366696,-3.097066159235207,-3.0449904658863183,-2.9407020293743056,-0.12921103027144598,1.0,-1.0
49,38,18.0,19.0,702,353,349,-3.191798490604751,-3.0238030713756783,True,-0.16799541922907268,-3.0577661470957995,-3.022219772366696,-3.097066159235207,-3.0449904658863183,-2.9407020293743056,-0.14680802471843268,1.0,-1.0
49,39,19.0,20.0,703,250,453,-3.2078794463604474,-3.0238030713756783,True,-0.18407637498476914,-3.0577661470957995,-3.022219772366696,-3.097066159235207,-3.0449904658863183,-2.9407020293743056,-0.16288898047412914,1.0,-1.0
50,0,-20.0,-19.0,702,470,232,-3.065464516933103,-3.025952211741619,True,-0.039512305191483854,-3.034564121843512,-3.0255869829319604,-3.089375221292129,-3.033115606155607,-2.983110858027391,-0.03234891077749591,2.0,-0.5
50,1,-19.0,-18.0,703,412,291,-2.9829077783250213,-3.025952211741619,True,0.043044433416597805,-3.034564121843512,-3.0255869829319604,-3.089375221292129,-3.033115606155607,-2.983110858027391,0.05020782783058575,5.0,1.0
50,2,-18.0,-17.0,703,293,410,-2.7990812048844007,-3.025952211741619,True,0.2268710068572184,-3.034564121843512,-3.0255869829319604,-3.089375221292129,-3.033115606155607,-2.983110858027391,0.23403440127120634,5.0,1.0
50,3,-17.0,-16.0,702,317,385,-3.0737122415998415,-3.025952211741619,True,-0.047760029858222364,-3.034564121843512,-3.0255869829319604,-3.089375221292129,-3.033115606155607,-2.983110858027391,-0.040596635444233975,2.0,-0.5
50,4,-16.0,-15.0,703,483,220,-3.1579030142248494,-3.025952211741619,True,-0.13195080248323032,-3.034564121843512,-3.0255869829319604,-3.089375221292129,-3.033115606155607,-2.983110858027391,-0.12478740806924193,1.0,-1.0
50,5,-15.0,-14.0,702,477,225,-3.034776927611212,-3.025952211741619,True,-0.008824715869593103,-3.034564121843512,-3.0255869829319604,-3.089375221292129,-3.033115606155607,-2.983110858027391,-0.001661321455605158,2.0,-0.5
50,6,-14.0,-13.0,703,288,415,-3.017942934620576,-3.025952211741619,True,0.008009277121042935,-3.034564121843512,-3.0255869829319604,-3.089375221292129,-3.033115606155607,-2.983110858027391,0.01517267153503088,4.0,0.5
50,7,-13.0,-12.0,702,312,390,-3.1814391823377304,-3.025952211741619,True,-0.15548697059611127,-3.034564121843512,-3.0255869829319604,-3.089375221292129,-3.033115606155607,-2.983110858027391,-0.14832357618212333,1.0,-1.0
50,8,-12.0,-11.0,703,283,420,-3.1677683642789205,-3.025952211741619,True,-0.1418161525373014,-3.034564121843512,-3.0255869829319604,-3.089375221292129,-3.033115606155607,-2.983110858027391,-0.13465275812331345,1.0,-1.0
50,9,-11.0,-10.0,703,389,314,-2.998148131120676,-3.025952211741619,True,0.027804080620942973,-3.034564121843512,-3.0255869829319604,-3.089375221292129,-3.033115606155607,-2.983110858027391,0.03496747503493092,4.0,0.5
50,10,-10.0,-9.0,702,522,180,-3.0318412042776384,-3.025952211741619,True,-0.005888992536019266,-3.034564121843512,-3.0255869829319604,-3.089375221292129,-3.033115606155607,-2.983110858027391,0.0012744018779686783,3.0,0.0
50,11,-9.0,-8.0,703,573,130,-2.983178551261514,-3.025952211741619,True,0.042773660480105224,-3.034564121843512,-3.0255869829319604,-3.089375221292129,-3.033115606155607,-2.983110858027391,0.04993705489409317,4.0,0.5
50,12,-8.0,-7.0,702,531,171,-2.985116445364454,-3.025952211741619,True,0.04083576637716524,-3.034564121843512,-3.0255869829319604,-3.089375221292129,-3.033115606155607,-2.983110858027391,0.047999160791153184,4.0,0.5
50,13,-7.0,-6.0,703,601,102,-2.9340418355947326,-3.025952211741619,True,0.09191037614688646,-3.034564121843512,-3.0255869829319604,-3.089375221292129,-3.033115606155607,-2.983110858027391,0.09907377056087441,5.0,1.0
50,14,-6.0,-5.0,702,568,134,-2.856356529543,-3.025952211741619,True,0.1695956821986191,-3.034564121843512,-3.0255869829319604,-3.089375221292129,-3.033115606155607,-2.983110858027391,0.17675907661260704,5.0,1.0
50,15,-5.0,-4.0,703,469,234,-3.087672011443973,-3.025952211741619,True,-0.06171979970235375,-3.034564121843512,-3.0255869829319604,-3.089375221292129,-3.033115606155607,-2.983110858027391,-0.054556405288365806,2.0,-0.5
50,16,-4.0,-3.0,702,369,333,-2.927533367671463,-3.025952211741619,True,0.09841884407015611,-3.034564121843512,-3.0255869829319604,-3.089375221292129,-3.033115606155607,-2.983110858027391,0.10558223848414405,5.0,1.0
50,17,-3.0,-2.0,703,477,226,-3.1052851348691015,-3.025952211741619,True,-0.07933292312748241,-3.034564121843512,-3.0255869829319604,-3.089375221292129,-3.033115606155607,-2.983110858027391,-0.07216952871349402,1.0,-1.0
50,18,-2.0,-1.0,703,341,362,-3.0944848508365976,-3.025952211741619,True,-0.06853263909497853,-3.034564121843512,-3.0255869829319604,-3.089375221292129,-3.033115606155607,-2.983110858027391,-0.06136924468099059,1.0,-1.0
50,19,-1.0,0.0,702,535,167,-3.0343900080335753,-3.025952211741619,True,-0.008437796291956179,-3.034564121843512,-3.0255869829319604,-3.089375221292129,-3.033115606155607,-2.983110858027391,-0.0012744018779686783,3.0,0.0
50,20,0.0,1.0,703,409,294,-3.0704693627010125,-3.025952211741619,True,-0.04451715095939335,-3.034564121843512,-3.0255869829319604,-3.089375221292129,-3.033115606155607,-2.983110858027391,-0.0373537565454054,2.0,-0.5
50,21,1.0,2.0,702,450,252,-3.0709807292568945,-3.025952211741619,True,-0.04502851751527537,-3.034564121843512,-3.0255869829319604,-3.089375221292129,-3.033115606155607,-2.983110858027391,-0.03786512310128742,2.0,-0.5
50,22,2.0,3.0,703,372,331,-3.1041003488345837,-3.025952211741619,True,-0.07814813709296464,-3.034564121843512,-3.0255869829319604,-3.089375221292129,-3.033115606155607,-2.983110858027391,-0.07098474267897714,1.0,-1.0
50,23,3.0,4.0,702,385,317,-3.08412164163451,-3.025952211741619,True,-0.05816942989289098,-3.034564121843512,-3.0255869829319604,-3.089375221292129,-3.033115606155607,-2.983110858027391,-0.05100603547890303,2.0,-0.5
50,24,4.0,5.0,703,307,396,-3.0440893099902144,-3.025952211741619,True,-0.01813709824859533,-3.034564121843512,-3.0255869829319604,-3.089375221292129,-3.033115606155607,-2.983110858027391,-0.010973703834607385,2.0,-0.5
50,25,5.0,6.0,703,448,255,-3.1360459897414517,-3.025952211741619,True,-0.11009377799983255,-3.034564121843512,-3.0255869829319604,-3.089375221292129,-3.033115606155607,-2.983110858027391,-0.10293038358584505,1.0,-1.0
50,26,6.0,7.0,702,254,448,-3.297195762859987,-3.025952211741619,True,-0.27124355111836795,-3.034564121843512,-3.0255869829319604,-3.089375221292129,-3.033115606155607,-2.983110858027391,-0.26408015670438,1.0,-1.0
50,27,7.0,8.0,703,492,211,-3.2596909362418387,-3.025952211741619,True,-0.2337387245002196,-3.034564121843512,-3.0255869829319604,-3.089375221292129,-3.033115606155607,-2.983110858027391,-0.22657533008623165,1.0,-1.0
50,28,8.0,9.0,702,273,429,-3.153873164725938,-3.025952211741619,True,-0.12792095298431905,-3.034564121843512,-3.0255869829319604,-3.089375221292129,-3.033115606155607,-2.983110858027391,-0.1207575585703311,1.0,-1.0
50,29,9.0,10.0,703,282,421,-3.210850428594318,-3.025952211741619,True,-0.18489821685269892,-3.034564121843512,-3.0255869829319604,-3.089375221292129,-3.033115606155607,-2.983110858027391,-0.17773482243871097,1.0,-1.0
50,30,10.0,11.0,702,307,395,-3.1280688924259183,-3.025952211741619,True,-0.10211668068429924,-3.034564121843512,-3.0255869829319604,-3.089375221292129,-3.033115606155607,-2.983110858027391,-0.0949532862703113,1.0,-1.0
50,31,11.0,12.0,703,361,342,-3.163560156814378,-3.025952211741619,True,-0.13760794507275875,-3.034564121843512,-3.0255869829319604,-3.089375221292129,-3.033115606155607,-2.983110858027391,-0.1304445506587708,1.0,-1.0
50,32,12.0,13.0,702,309,393,-3.055328158168895,-3.025952211741619,True,-0.029375946427276034,-3.034564121843512,-3.0255869829319604,-3.089375221292129,-3.033115606155607,-2.983110858027391,-0.02221255201328809,2.0,-0.5
50,33,13.0,14.0,703,696,7,-2.7276180742666787,-3.025952211741619,True,0.2983341374749404,-3.034564121843512,-3.0255869829319604,-3.089375221292129,-3.033115606155607,-2.983110858027391,0.30549753188892836,5.0,1.0
50,34,14.0,15.0,703,412,291,-2.7624775033632,-3.025952211741619,True,0.263474708378419,-3.034564121843512,-3.0255869829319604,-3.089375221292129,-3.033115606155607,-2.983110858027391,0.27063810279240696,5.0,1.0
50,35,15.0,16.0,702,282,420,-2.8298238249325407,-3.025952211741619,True,0.1961283868090784,-3.034564121843512,-3.0255869829319604,-3.089375221292129,-3.033115606155607,-2.983110858027391,0.20329178122306635,5.0,1.0
50,36,16.0,17.0,703,4,699,-3.6939869169674093,-3.025952211741619,True,-0.6680347052257902,-3.034564121843512,-3.0255869829319604,-3.089375221292129,-3.033115606155607,-2.983110858027391,-0.6608713108118018,1.0,-1.0
50,37,17.0,18.0,702,542,160,-3.0835700013569523,-3.025952211741619,True,-0.05761778961533315,-3.034564121843512,-3.0255869829319604,-3.089375221292129,-3.033115606155607,-2.983110858027391,-0.050454395201345204,2.0,-0.5
50,38,18.0,19.0,703,637,66,-3.0699720222429483,-3.025952211741619,True,-0.04401981050132919,-3.034564121843512,-3.0255869829319604,-3.089375221292129,-3.033115606155607,-2.983110858027391,-0.03685641608734125,2.0,-0.5
50,39,19.0,20.0,702,422,280,-3.0274629171614222,-3.025952211741619,True,-0.0015107054198031378,-3.034564121843512,-3.0255869829319604,-3.089375221292129,-3.033115606155607,-2.983110858027391,0.005652688994184807,3.0,0.0
51,0,-20.0,-19.0,703,250,453,-3.0375665285888096,-3.0681553256344922,True,0.030588797045682625,-3.0880155504426416,-3.0810945030423773,-3.125421549611187,-3.0835495285412406,-3.023526686561336,0.04598299995243105,4.0,0.5
51,1,-19.0,-18.0,703,359,344,-2.941823745924553,-3.0681553256344922,True,0.12633157970993913,-3.0880155504426416,-3.0810945030423773,-3.125421549611187,-3.0835495285412406,-3.023526686561336,0.14172578261668756,5.0,1.0
51,2,-18.0,-17.0,702,422,280,-3.171587393787142,-3.0681553256344922,True,-0.10343206815264994,-3.0880155504426416,-3.0810945030423773,-3.125421549611187,-3.0835495285412406,-3.023526686561336,-0.08803786524590151,1.0,-1.0
51,3,-17.0,-16.0,703,381,322,-3.1136079189537886,-3.0681553256344922,True,-0.04545259331929641,-3.0880155504426416,-3.0810945030423773,-3.125421549611187,-3.0835495285412406,-3.023526686561336,-0.030058390412547986,2.0,-0.5
51,4,-16.0,-15.0,702,307,395,-3.0842810359985764,-3.0681553256344922,True,-0.016125710364084167,-3.0880155504426416,-3.0810945030423773,-3.125421549611187,-3.0835495285412406,-3.023526686561336,-0.000731507457335745,3.0,0.0
51,5,-15.0,-14.0,703,269,434,-3.0957499658182193,-3.0681553256344922,True,-0.027594640183727037,-3.0880155504426416,-3.0810945030423773,-3.125421549611187,-3.0835495285412406,-3.023526686561336,-0.01220043727697906,2.0,-0.5
51,6,-14.0,-13.0,702,525,177,-3.160674828160468,-3.0681553256344922,True,-0.09251950252597574,-3.0880155504426416,-3.0810945030423773,-3.125421549611187,-3.0835495285412406,-3.023526686561336,-0.07712529961922732,1.0,-1.0
51,7,-13.0,-12.0,703,504,199,-3.0403438621442804,-3.0681553256344922,True,0.027811463490211796,-3.0880155504426416,-3.0810945030423773,-3.125421549611187,-3.0835495285412406,-3.023526686561336,0.04320566639696022,4.0,0.5
51,8,-12.0,-11.0,702,303,399,-3.082818021083905,-3.0681553256344922,True,-0.014662695449412677,-3.0880155504426416,-3.0810945030423773,-3.125421549611187,-3.0835495285412406,-3.023526686561336,0.000731507457335745,3.0,0.0
51,9,-11.0,-10.0,703,310,393,-2.9571165299232267,-3.0681553256344922,True,0.11103879571126551,-3.0880155504426416,-3.0810945030423773,-3.125421549611187,-3.0835495285412406,-3.023526686561336,0.12643299861801394,5.0,1.0
51,10,-10.0,-9.0,703,321,382,-3.003465853171753,-3.0681553256344922,True,0.06468947246273915,-3.0880155504426416,-3.0810945030423773,-3.125421549611187,-3.0835495285412406,-3.023526686561336,0.08008367536948757,5.0,1.0
51,11,-9.0,-8.0,702,531,171,-3.133339812061168,-3.0681553256344922,True,-0.06518448642667574,-3.0880155504426416,-3.0810945030423773,-3.125421549611187,-3.0835495285412406,-3.023526686561336,-0.049790283519927314,1.0,-1.0
51,12,-8.0,-7.0,703,574,129,-2.967518052347942,-3.0681553256344922,True,0.10063727328655014,-3.0880155504426416,-3.0810945030423773,-3.125421549611187,-3.0835495285412406,-3.023526686561336,0.11603147619329857,5.0,1.0
51,13,-7.0,-6.0,702,422,280,-3.148249056149914,-3.0681553256344922,True,-0.08009373051542168,-3.0880155504426416,-3.0810945030423773,-3.125421549611187,-3.0835495285412406,-3.023526686561336,-0.06469952760867326,1.0,-1.0
51,14,-6.0,-5.0,703,463,240,-3.0302136310245307,-3.0681553256344922,True,0.03794169460996155,-3.0880155504426416,-3.0810945030423773,-3.125421549611187,-3.0835495285412406,-3.023526686561336,0.053335897516709974,4.0,0.5
51,15,-5.0,-4.0,702,642,60,-2.9303862959609672,-3.0681553256344922,True,0.137769029673525,-3.0880155504426416,-3.0810945030423773,-3.125421549611187,-3.0835495285412406,-3.023526686561336,0.15316323258027342,5.0,1.0
51,16,-4.0,-3.0,703,380,323,-3.122782128794527,-3.0681553256344922,True,-0.054626803160034765,-3.0880155504426416,-3.0810945030423773,-3.125421549611187,-3.0835495285412406,-3.023526686561336,-0.03923260025328634,2.0,-0.5
51,17,-3.0,-2.0,703,248,455,-3.0925799569853885,-3.0681553256344922,True,-0.02442463135089623,-3.0880155504426416,-3.0810945030423773,-3.125421549611187,-3.0835495285412406,-3.023526686561336,-0.009030428444147809,2.0,-0.5
51,18,-2.0,-1.0,702,515,187,-3.170013914819068,-3.0681553256344922,True,-0.1018585891845758,-3.0880155504426416,-3.0810945030423773,-3.125421549611187,-3.0835495285412406,-3.023526686561336,-0.08646438627782738,1.0,-1.0
51,19,-1.0,0.0,703,419,284,-3.078987980991621,-3.0681553256344922,True,-0.01083265535712874,-3.0880155504426416,-3.0810945030423773,-3.125421549611187,-3.0835495285412406,-3.023526686561336,0.004561547549619682,4.0,0.5
51,20,0.0,1.0,702,231,471,-3.035649461130875,-3.0681553256344922,True,0.03250586450361714,-3.0880155504426416,-3.0810945030423773,-3.125421549611187,-3.0835495285412406,-3.023526686561336,0.047900067410365565,4.0,0.5
51,21,1.0,2.0,703,309,394,-2.9208651185025323,-3.0681553256344922,True,0.14729020713195995,-3.0880155504426416,-3.0810945030423773,-3.125421549611187,-3.0835495285412406,-3.023526686561336,0.16268441003870837,5.0,1.0
51,22,2.0,3.0,702,380,322,-3.271138909623491,-3.0681553256344922,True,-0.20298358398899863,-3.0880155504426416,-3.0810945030423773,-3.125421549611187,-3.0835495285412406,-3.023526686561336,-0.1875893810822502,1.0,-1.0
51,23,3.0,4.0,703,464,239,-3.0893055134765133,-3.0681553256344922,True,-0.02115018784202105,-3.0880155504426416,-3.0810945030423773,-3.125421549611187,-3.0835495285412406,-3.023526686561336,-0.005755984935272629,2.0,-0.5
51,24,4.0,5.0,702,410,292,-3.0368441585881976,-3.0681553256344922,True,0.03131116704629466,-3.0880155504426416,-3.0810945030423773,-3.125421549611187,-3.0835495285412406,-3.023526686561336,0.046705369953043085,4.0,0.5
51,25,5.0,6.0,703,475,228,-3.1499848100682883,-3.0681553256344922,True,-0.08182948443379612,-3.0880155504426416,-3.0810945030423773,-3.125421549611187,-3.0835495285412406,-3.023526686561336,-0.0664352815270477,1.0,-1.0
51,26,6.0,7.0,703,507,196,-3.102285370453102,-3.0681553256344922,True,-0.03413004481860993,-3.0880155504426416,-3.0810945030423773,-3.125421549611187,-3.0835495285412406,-3.023526686561336,-0.018735841911861506,2.0,-0.5
51,27,7.0,8.0,702,495,207,-3.2200773466368675,-3.0681553256344922,True,-0.15192202100237528,-3.0880155504426416,-3.0810945030423773,-3.125421549611187,-3.0835495285412406,-3.023526686561336,-0.13652781809562686,1.0,-1.0
51,28,8.0,9.0,703,304,399,-3.1441095923087077,-3.0681553256344922,True,-0.07595426667421545,-3.0880155504426416,-3.0810945030423773,-3.125421549611187,-3.0835495285412406,-3.023526686561336,-0.060560063767467476,1.0,-1.0
51,29,9.0,10.0,702,496,206,-3.111587067179807,-3.0681553256344922,True,-0.04343174154531493,-3.0880155504426416,-3.0810945030423773,-3.125421549611187,-3.0835495285412406,-3.023526686561336,-0.028037538638566506,2.0,-0.5
51,30,10.0,11.0,703,483,220,-3.1945306777417692,-3.0681553256344922,True,-0.12637535210727702,-3.0880155504426416,-3.0810945030423773,-3.125421549611187,-3.0835495285412406,-3.023526686561336,-0.11098114920052815,1.0,-1.0
51,31,11.0,12.0,702,566,136,-3.098027995330227,-3.0681553256344922,True,-0.029872669695734988,-3.0880155504426416,-3.0810945030423773,-3.125421549611187,-3.0835495285412406,-3.023526686561336,-0.014478466788986566,2.0,-0.5
51,32,12.0,13.0,703,669,34,-3.03200898330677,-3.0681553256344922,True,0.03614634232772218,-3.0880155504426416,-3.0810945030423773,-3.125421549611187,-3.0835495285412406,-3.023526686561336,0.0515405452344706,4.0,0.5
51,33,13.0,14.0,703,618,85,-2.7414746201687183,-3.0681553256344922,True,0.3266807054657739,-3.0880155504426416,-3.0810945030423773,-3.125421549611187,-3.0835495285412406,-3.023526686561336,0.3420749083725223,5.0,1.0
51,34,14.0,15.0,702,586,116,-2.738125553471947,-3.0681553256344922,True,0.33002977216254514,-3.0880155504426416,-3.0810945030423773,-3.125421549611187,-3.0835495285412406,-3.023526686561336,0.34542397506929357,5.0,1.0
51,35,15.0,16.0,703,494,209,-2.467970935277525,-3.0681553256344922,True,0.6001843903569672,-3.0880155504426416,-3.0810945030423773,-3.125421549611187,-3.0835495285412406,-3.023526686561336,0.6155785932637157,5.0,1.0
51,36,16.0,17.0,702,261,441,-2.999622123946563,-3.0681553256344922,True,0.06853320168792942,-3.0880155504426416,-3.0810945030423773,-3.125421549611187,-3.0835495285412406,-3.023526686561336,0.08392740459467785,5.0,1.0
51,37,17.0,18.0,703,95,608,-3.2309667647223375,-3.0681553256344922,True,-0.16281143908784523,-3.0880155504426416,-3.0810945030423773,-3.125421549611187,-3.0835495285412406,-3.023526686561336,-0.14741723618109637,1.0,-1.0
51,38,18.0,19.0,702,164,538,-3.340360385692563,-3.0681553256344922,True,-0.272205060058071,-3.0880155504426416,-3.0810945030423773,-3.125421549611187,-3.0835495285412406,-3.023526686561336,-0.25681085715132257,1.0,-1.0
51,39,19.0,20.0,703,117,586,-3.2116469571432047,-3.0681553256344922,True,-0.14349163150871247,-3.0880155504426416,-3.0810945030423773,-3.125421549611187,-3.0835495285412406,-3.023526686561336,-0.12809742860196405,1.0,-1.0
52,0,-20.0,-19.0,703,314,389,-3.1172455034522515,-3.030806140339071,True,-0.08643936311318035,-3.0492566156023857,-3.0271070063364043,-3.078603259525763,-3.0356383997237852,-2.9691876139183844,-0.08160710372846625,1.0,-1.0
52,1,-19.0,-18.0,703,389,314,-3.1290507248151593,-3.030806140339071,True,-0.09824458447608819,-3.0492566156023857,-3.0271070063364043,-3.078603259525763,-3.0356383997237852,-2.9691876139183844,-0.09341232509137454,1.0,-1.0
52,2,-18.0,-17.0,702,232,470,-3.1527795562709935,-3.030806140339071,True,-0.12197341593192235,-3.0492566156023857,-3.0271070063364043,-3.078603259525763,-3.0356383997237852,-2.9691876139183844,-0.1171411565472078,1.0,-1.0
52,3,-17.0,-16.0,703,357,346,-3.0267900284713245,-3.030806140339071,True,0.004016111867746641,-3.0492566156023857,-3.0271070063364043,-3.078603259525763,-3.0356383997237852,-2.9691876139183844,0.00884837125246074,4.0,0.5
52,4,-16.0,-15.0,702,574,128,-3.08324425931876,-3.030806140339071,True,-0.05243811897968875,-3.0492566156023857,-3.0271070063364043,-3.078603259525763,-3.0356383997237852,-2.9691876139183844,-0.04760585959497465,1.0,-1.0
52,5,-15.0,-14.0,703,504,199,-3.0703626748912303,-3.030806140339071,True,-0.03955653455215913,-3.0492566156023857,-3.0271070063364043,-3.078603259525763,-3.0356383997237852,-2.9691876139183844,-0.03472427516744503,2.0,-0.5
52,6,-14.0,-13.0,702,317,385,-3.0003691714750214,-3.030806140339071,True,0.030436968864049785,-3.0492566156023857,-3.0271070063364043,-3.078603259525763,-3.0356383997237852,-2.9691876139183844,0.035269228248763884,4.0,0.5
52,7,-13.0,-12.0,703,545,158,-2.9441569594729358,-3.030806140339071,True,0.08664918086613538,-3.0492566156023857,-3.0271070063364043,-3.078603259525763,-3.0356383997237852,-2.9691876139183844,0.09148144025084903,5.0,1.0
52,8,-12.0,-11.0,703,322,381,-2.9523564930911665,-3.030806140339071,True,0.0784496472479046,-3.0492566156023857,-3.0271070063364043,-3.078603259525763,-3.0356383997237852,-2.9691876139183844,0.0832819066326187,5.0,1.0
52,9,-11.0,-10.0,702,544,158,-2.931506491974712,-3.030806140339071,True,0.09929964836435934,-3.0492566156023857,-3.0271070063364043,-3.078603259525763,-3.0356383997237852,-2.9691876139183844,0.10413190774907344,5.0,1.0
52,10,-10.0,-9.0,703,600,103,-2.901120284436264,-3.030806140339071,True,0.12968585590280712,-3.0492566156023857,-3.0271070063364043,-3.078603259525763,-3.0356383997237852,-2.9691876139183844,0.13451811528752122,5.0,1.0
52,11,-9.0,-8.0,702,553,149,-2.974797987527457,-3.030806140339071,True,0.05600815281161431,-3.0492566156023857,-3.0271070063364043,-3.078603259525763,-3.0356383997237852,-2.9691876139183844,0.06084041219632841,4.0,0.5
52,12,-8.0,-7.0,703,507,196,-3.005337141040141,-3.030806140339071,True,0.025468999298930317,-3.0492566156023857,-3.0271070063364043,-3.078603259525763,-3.0356383997237852,-2.9691876139183844,0.030301258683644416,4.0,0.5
52,13,-7.0,-6.0,702,638,64,-3.043910447585192,-3.030806140339071,True,-0.013104307246120772,-3.0492566156023857,-3.0271070063364043,-3.078603259525763,-3.0356383997237852,-2.9691876139183844,-0.008272047861406673,3.0,0.0
52,14,-6.0,-5.0,703,374,329,-3.0738755990125113,-3.030806140339071,True,-0.04306945867344014,-3.0492566156023857,-3.0271070063364043,-3.078603259525763,-3.0356383997237852,-2.9691876139183844,-0.03823719928872649,2.0,-0.5
52,15,-5.0,-4.0,702,469,233,-3.137032645321033,-3.030806140339071,True,-0.10622650498196196,-3.0492566156023857,-3.0271070063364043,-3.078603259525763,-3.0356383997237852,-2.9691876139183844,-0.10139424559724786,1.0,-1.0
52,16,-4.0,-3.0,703,478,225,-3.0770562595947637,-3.030806140339071,True,-0.04625011925569256,-3.0492566156023857,-3.0271070063364043,-3.078603259525763,-3.0356383997237852,-2.9691876139183844,-0.0414178598709789,2.0,-0.5
52,17,-3.0,-2.0,703,357,346,-3.055790820956734,-3.030806140339071,True,-0.024984680617663013,-3.0492566156023857,-3.0271070063364043,-3.078603259525763,-3.0356383997237852,-2.9691876139183844,-0.020152421232948914,2.0,-0.5
52,18,-2.0,-1.0,702,332,370,-3.0273663518623786,-3.030806140339071,True,0.0034397884766925735,-3.0492566156023857,-3.0271070063364043,-3.078603259525763,-3.0356383997237852,-2.9691876139183844,0.008272047861406673,3.0,0.0
52,19,-1.0,0.0,703,257,446,-2.911973406211394,-3.030806140339071,True,0.11883273412767714,-3.0492566156023857,-3.0271070063364043,-3.078603259525763,-3.0356383997237852,-2.9691876139183844,0.12366499351239124,5.0,1.0
52,20,0.0,1.0,702,454,248,-2.941950625442793,-3.030806140339071,True,0.08885551489627819,-3.0492566156023857,-3.0271070063364043,-3.078603259525763,-3.0356383997237852,-2.9691876139183844,0.09368777428099229,5.0,1.0
52,21,1.0,2.0,703,500,203,-3.1901784221513982,-3.030806140339071,True,-0.1593722818123271,-3.0492566156023857,-3.0271070063364043,-3.078603259525763,-3.0356383997237852,-2.9691876139183844,-0.154540022427613,1.0,-1.0
52,22,2.0,3.0,702,362,340,-3.1235617808773006,-3.030806140339071,True,-0.09275564053822949,-3.0492566156023857,-3.0271070063364043,-3.078603259525763,-3.0356383997237852,-2.9691876139183844,-0.08792338115351539,1.0,-1.0
52,23,3.0,4.0,703,400,303,-3.181890544998426,-3.030806140339071,True,-0.1510844046593549,-3.0492566156023857,-3.0271070063364043,-3.078603259525763,-3.0356383997237852,-2.9691876139183844,-0.1462521452746408,1.0,-1.0
52,24,4.0,5.0,703,146,557,-2.9717037797682617,-3.030806140339071,True,0.05910236057080942,-3.0492566156023857,-3.0271070063364043,-3.078603259525763,-3.0356383997237852,-2.9691876139183844,0.06393461995552352,4.0,0.5
52,25,5.0,6.0,702,539,163,-3.1250282516204897,-3.030806140339071,True,-0.09422211128141855,-3.0492566156023857,-3.0271070063364043,-3.078603259525763,-3.0356383997237852,-2.9691876139183844,-0.08938985189670445,1.0,-1.0
52,26,6.0,7.0,703,358,345,-3.1087982229679163,-3.030806140339071,True,-0.07799208262884516,-3.0492566156023857,-3.0271070063364043,-3.078603259525763,-3.0356383997237852,-2.9691876139183844,-0.07315982324413106,1.0,-1.0
52,27,7.0,8.0,702,307,395,-3.1221699951468294,-3.030806140339071,True,-0.09136385480775822,-3.0492566156023857,-3.0271070063364043,-3.078603259525763,-3.0356383997237852,-2.9691876139183844,-0.08653159542304412,1.0,-1.0
52,28,8.0,9.0,703,346,357,-3.192779126826734,-3.030806140339071,True,-0.16197298648766267,-3.0492566156023857,-3.0271070063364043,-3.078603259525763,-3.0356383997237852,-2.9691876139183844,-0.15714072710294857,1.0,-1.0
52,29,9.0,10.0,702,635,67,-3.188877753342397,-3.030806140339071,True,-0.15807161300332595,-3.0492566156023857,-3.0271070063364043,-3.078603259525763,-3.0356383997237852,-2.9691876139183844,-0.15323935361861185,1.0,-1.0
52,30,10.0,11.0,703,376,327,-3.1447969975127683,-3.030806140339071,True,-0.11399085717369717,-3.0492566156023857,-3.0271070063364043,-3.078603259525763,-3.0356383997237852,-2.9691876139183844,-0.10915859778898307,1.0,-1.0
52,31,11.0,12.0,702,403,299,-3.0812316291940784,-3.030806140339071,True,-0.050425488855007305,-3.0492566156023857,-3.0271070063364043,-3.078603259525763,-3.0356383997237852,-2.9691876139183844,-0.045593229470293206,1.0,-1.0
52,32,12.0,13.0,703,213,490,-3.0179226191230493,-3.030806140339071,True,0.012883521216021876,-3.0492566156023857,-3.0271070063364043,-3.078603259525763,-3.0356383997237852,-2.9691876139183844,0.017715780600735975,4.0,0.5
52,33,13.0,14.0,703,610,93,-2.6526042899138984,-3.030806140339071,True,0.37820185042517274,-3.0492566156023857,-3.0271070063364043,-3.078603259525763,-3.0356383997237852,-2.9691876139183844,0.38303410980988684,5.0,1.0
52,34,14.0,15.0,702,455,247,-2.8236152081237957,-3.030806140339071,True,0.2071909322152754,-3.0492566156023857,-3.0271070063364043,-3.078603259525763,-3.0356383997237852,-2.9691876139183844,0.21202319159998906,5.0,1.0
52,35,15.0,16.0,703,553,150,-2.6079834185274358,-3.030806140339071,True,0.4228227218116354,-3.0492566156023857,-3.0271070063364043,-3.078603259525763,-3.0356383997237852,-2.9691876139183844,0.42765498119634904,5.0,1.0
52,36,16.0,17.0,702,177,525,-3.0596809914562395,-3.030806140339071,True,-0.028874851117168365,-3.0492566156023857,-3.0271070063364043,-3.078603259525763,-3.0356383997237852,-2.9691876139183844,-0.024042591732454266,2.0,-0.5
52,37,17.0,18.0,703,65,638,-3.336438759123627,-3.030806140339071,True,-0.3056326187845557,-3.0492566156023857,-3.0271070063364043,-3.078603259525763,-3.0356383997237852,-2.9691876139183844,-0.3008003593998416,1.0,-1.0
52,38,18.0,19.0,702,43,659,-3.574520819776478,-3.030806140339071,True,-0.5437146794374068,-3.0492566156023857,-3.0271070063364043,-3.078603259525763,-3.0356383997237852,-2.9691876139183844,-0.5388824200526927,1.0,-1.0
52,39,19.0,20.0,703,70,633,-3.419508315656659,-3.030806140339071,True,-0.3887021753175879,-3.0492566156023857,-3.0271070063364043,-3.078603259525763,-3.0356383997237852,-2.9691876139183844,-0.3838699159328738,1.0,-1.0
53,0,-20.0,-19.0,702,514,188,-2.9628256862262017,-3.0272590772432344,True,0.06443339101703272,-3.029765828616286,-2.9939895346916,-3.076103352232994,-3.0111543483988843,-2.9759480563543526,0.04832866217268261,5.0,1.0
53,1,-19.0,-18.0,703,443,260,-2.9942734120925736,-3.0272590772432344,True,0.032985665150660815,-3.029765828616286,-2.9939895346916,-3.076103352232994,-3.0111543483988843,-2.9759480563543526,0.016880936306310712,3.0,0.0
53,2,-18.0,-17.0,702,447,255,-2.9743453717611756,-3.0272590772432344,True,0.05291370548205876,-3.029765828616286,-2.9939895346916,-3.076103352232994,-3.0111543483988843,-2.9759480563543526,0.03680897663770821,5.0,1.0
53,3,-17.0,-16.0,703,521,182,-3.0584761992720053,-3.0272590772432344,True,-0.031217122028770916,-3.029765828616286,-2.9939895346916,-3.076103352232994,-3.0111543483988843,-2.9759480563543526,-0.04732185087312102,2.0,-0.5
53,4,-16.0,-15.0,702,513,189,-2.9842697535633684,-3.0272590772432344,True,0.042989323679865965,-3.029765828616286,-2.9939895346916,-3.076103352232994,-3.0111543483988843,-2.9759480563543526,0.026884594835515863,4.0,0.5
53,5,-15.0,-14.0,703,374,329,-2.835004600890062,-3.0272590772432344,True,0.1922544763531726,-3.029765828616286,-2.9939895346916,-3.076103352232994,-3.0111543483988843,-2.9759480563543526,0.1761497475088225,5.0,1.0
53,6,-14.0,-13.0,702,559,143,-3.0803073270601806,-3.0272590772432344,True,-0.053048249816946225,-3.029765828616286,-2.9939895346916,-3.076103352232994,-3.0111543483988843,-2.9759480563543526,-0.06915297866129633,1.0,-1.0
53,7,-13.0,-12.0,703,510,193,-3.0280352847051955,-3.0272590772432344,True,-0.0007762074619610537,-3.029765828616286,-2.9939895346916,-3.076103352232994,-3.0111543483988843,-2.9759480563543526,-0.016880936306311156,3.0,0.0
53,8,-12.0,-11.0,703,318,385,-2.9734584904063444,-3.0272590772432344,True,0.05380058683689004,-3.029765828616286,-2.9939895346916,-3.076103352232994,-3.0111543483988843,-2.9759480563543526,0.03769585799253994,5.0,1.0
53,9,-11.0,-10.0,702,427,275,-3.0747020272905985,-3.0272590772432344,True,-0.047442950047364096,-3.029765828616286,-2.9939895346916,-3.076103352232994,-3.0111543483988843,-2.9759480563543526,-0.0635476788917142,2.0,-0.5
53,10,-10.0,-9.0,703,549,154,-2.9877809167403857,-3.0272590772432344,True,0.03947816050284869,-3.029765828616286,-2.9939895346916,-3.076103352232994,-3.0111543483988843,-2.9759480563543526,0.02337343165849859,4.0,0.5
53,11,-9.0,-8.0,702,475,227,-3.105806136858327,-3.0272590772432344,True,-0.07854705961509278,-3.029765828616286,-2.9939895346916,-3.076103352232994,-3.0111543483988843,-2.9759480563543526,-0.09465178845944289,1.0,-1.0
53,12,-8.0,-7.0,703,445,258,-3.1776963314198685,-3.0272590772432344,True,-0.15043725417663412,-3.029765828616286,-2.9939895346916,-3.076103352232994,-3.0111543483988843,-2.9759480563543526,-0.16654198302098422,1.0,-1.0
53,13,-7.0,-6.0,702,417,285,-3.13166305214146,-3.0272590772432344,True,-0.10440397489822573,-3.029765828616286,-2.9939895346916,-3.076103352232994,-3.0111543483988843,-2.9759480563543526,-0.12050870374257583,1.0,-1.0
53,14,-6.0,-5.0,703,405,298,-3.180366034586616,-3.0272590772432344,True,-0.15310695734338164,-3.029765828616286,-2.9939895346916,-3.076103352232994,-3.0111543483988843,-2.9759480563543526,-0.16921168618773175,1.0,-1.0
53,15,-5.0,-4.0,703,426,277,-3.043198068646968,-3.0272590772432344,True,-0.01593899140373356,-3.029765828616286,-2.9939895346916,-3.076103352232994,-3.0111543483988843,-2.9759480563543526,-0.03204372024808366,2.0,-0.5
53,16,-4.0,-3.0,702,557,145,-2.9509670553865823,-3.0272590772432344,True,0.07629202185665207,-3.029765828616286,-2.9939895346916,-3.076103352232994,-3.0111543483988843,-2.9759480563543526,0.06018729301230197,5.0,1.0
53,17,-3.0,-2.0,703,560,143,-2.993642573423743,-3.0272590772432344,True,0.03361650381949133,-3.029765828616286,-2.9939895346916,-3.076103352232994,-3.0111543483988843,-2.9759480563543526,0.017511774975141225,4.0,0.5
53,18,-2.0,-1.0,702,438,264,-2.9764822845520786,-3.0272590772432344,True,0.05077679269115576,-3.029765828616286,-2.9939895346916,-3.076103352232994,-3.0111543483988843,-2.9759480563543526,0.0346720638468061,4.0,0.5
53,19,-1.0,0.0,703,661,42,-3.0318809378409517,-3.0272590772432344,True,-0.004621860597717298,-3.029765828616286,-2.9939895346916,-3.076103352232994,-3.0111543483988843,-2.9759480563543526,-0.020726589442067844,2.0,-0.5
53,20,0.0,1.0,702,437,265,-3.000815552528787,-3.0272590772432344,True,0.02644352471444744,-3.029765828616286,-2.9939895346916,-3.076103352232994,-3.0111543483988843,-2.9759480563543526,0.01033879587009734,3.0,0.0
53,21,1.0,2.0,703,408,295,-3.0709687319640935,-3.0272590772432344,True,-0.04370965472085908,-3.029765828616286,-2.9939895346916,-3.076103352232994,-3.0111543483988843,-2.9759480563543526,-0.05981438356520874,2.0,-0.5
53,22,2.0,3.0,703,434,269,-3.1085386470924963,-3.0272590772432344,True,-0.08127956984926188,-3.029765828616286,-2.9939895346916,-3.076103352232994,-3.0111543483988843,-2.9759480563543526,-0.09738429869361198,1.0,-1.0
53,23,3.0,4.0,702,574,128,-3.107579548938595,-3.0272590772432344,True,-0.0803204716953605,-3.029765828616286,-2.9939895346916,-3.076103352232994,-3.0111543483988843,-2.9759480563543526,-0.0964252005397106,1.0,-1.0
53,24,4.0,5.0,703,518,185,-3.1175062096078627,-3.0272590772432344,True,-0.09024713236462834,-3.029765828616286,-2.9939895346916,-3.076103352232994,-3.0111543483988843,-2.9759480563543526,-0.10635186120897844,1.0,-1.0
53,25,5.0,6.0,702,447,255,-3.102888897303452,-3.0272590772432344,True,-0.07562982006021768,-3.029765828616286,-2.9939895346916,-3.076103352232994,-3.0111543483988843,-2.9759480563543526,-0.09173454890456778,1.0,-1.0
53,26,6.0,7.0,703,366,337,-3.138420733924232,-3.0272590772432344,True,-0.11116165668099764,-3.029765828616286,-2.9939895346916,-3.076103352232994,-3.0111543483988843,-2.9759480563543526,-0.12726638552534775,1.0,-1.0
53,27,7.0,8.0,702,415,287,-3.301742760097821,-3.0272590772432344,True,-0.2744836828545867,-3.029765828616286,-2.9939895346916,-3.076103352232994,-3.0111543483988843,-2.9759480563543526,-0.2905884116989368,1.0,-1.0
53,28,8.0,9.0,703,363,340,-3.0568047327554364,-3.0272590772432344,True,-0.029545655512202007,-3.029765828616286,-2.9939895346916,-3.076103352232994,-3.0111543483988843,-2.9759480563543526,-0.04565038435655211,2.0,-0.5
53,29,9.0,10.0,702,242,460,-3.040813546564942,-3.0272590772432344,True,-0.013554469321707785,-3.029765828616286,-2.9939895346916,-3.076103352232994,-3.0111543483988843,-2.9759480563543526,-0.029659198166057887,2.0,-0.5
53,30,10.0,11.0,703,521,182,-3.1068483133804183,-3.0272590772432344,True,-0.07958923613718394,-3.029765828616286,-2.9939895346916,-3.076103352232994,-3.0111543483988843,-2.9759480563543526,-0.09569396498153404,1.0,-1.0
53,31,11.0,12.0,703,332,371,-3.086355682070739,-3.0272590772432344,True,-0.059096604827504784,-3.029765828616286,-2.9939895346916,-3.076103352232994,-3.0111543483988843,-2.9759480563543526,-0.07520133367185489,1.0,-1.0
53,32,12.0,13.0,702,303,399,-3.089371827080769,-3.0272590772432344,True,-0.062112749837534675,-3.029765828616286,-2.9939895346916,-3.076103352232994,-3.0111543483988843,-2.9759480563543526,-0.07821747868188478,1.0,-1.0
53,33,13.0,14.0,703,395,308,-3.102802170078706,-3.0272590772432344,True,-0.07554309283547145,-3.029765828616286,-2.9939895346916,-3.076103352232994,-3.0111543483988843,-2.9759480563543526,-0.09164782167982155,1.0,-1.0
53,34,14.0,15.0,702,507,195,-3.1449275203659037,-3.0272590772432344,True,-0.11766844312266933,-3.029765828616286,-2.9939895346916,-3.076103352232994,-3.0111543483988843,-2.9759480563543526,-0.13377317196701988,1.0,-1.0
53,35,15.0,16.0,703,294,409,-3.1059846503015853,-3.0272590772432344,True,-0.07872557305835093,-3.029765828616286,-2.9939895346916,-3.076103352232994,-3.0111543483988843,-2.9759480563543526,-0.09483030190270103,1.0,-1.0
53,36,16.0,17.0,702,450,252,-3.0100041335636862,-3.0272590772432344,True,0.017254943679548163,-3.029765828616286,-2.9939895346916,-3.076103352232994,-3.0111543483988843,-2.9759480563543526,0.0011502148351980601,3.0,0.0
53,37,17.0,18.0,703,360,343,-3.027454324949467,-3.0272590772432344,True,-0.00019524770623258192,-3.029765828616286,-2.9939895346916,-3.076103352232994,-3.0111543483988843,-2.9759480563543526,-0.016299976550582684,3.0,0.0
53,38,18.0,19.0,703,353,350,-2.976611432329132,-3.0272590772432344,True,0.05064764491410223,-3.029765828616286,-2.9939895346916,-3.076103352232994,-3.0111543483988843,-2.9759480563543526,0.03454291606975213,4.0,0.5
53,39,19.0,20.0,702,453,249,-3.049204341038342,-3.0272590772432344,True,-0.02194526379510764,-3.029765828616286,-2.9939895346916,-3.076103352232994,-3.0111543483988843,-2.9759480563543526,-0.03804999263945774,2.0,-0.5
54,0,-20.0,-19.0,703,477,226,-3.0066006608226283,-3.0459370923948605,True,0.03933643157223221,-3.058118963210131,-3.035299554715817,-3.1140618250396055,-3.045148239391914,-3.0055606670497963,0.0385475785692857,4.0,0.5
54,1,-19.0,-18.0,702,657,45,-3.0229908927351157,-3.0459370923948605,True,0.02294619965974487,-3.058118963210131,-3.035299554715817,-3.1140618250396055,-3.045148239391914,-3.0055606670497963,0.022157346656797916,4.0,0.5
54,2,-18.0,-17.0,703,477,226,-2.912172319803212,-3.0459370923948605,True,0.13376477259164865,-3.058118963210131,-3.035299554715817,-3.1140618250396055,-3.045148239391914,-3.0055606670497963,0.13297591958870214,5.0,1.0
54,3,-17.0,-16.0,703,523,180,-3.021010914868176,-3.0459370923948605,True,0.02492617752668469,-3.058118963210131,-3.035299554715817,-3.1140618250396055,-3.045148239391914,-3.0055606670497963,0.02413732452373818,4.0,0.5
54,4,-16.0,-15.0,702,378,324,-3.1590158595198363,-3.0459370923948605,True,-0.11307876712497578,-3.058118963210131,-3.035299554715817,-3.1140618250396055,-3.045148239391914,-3.0055606670497963,-0.11386762012792229,1.0,-1.0
54,5,-15.0,-14.0,703,474,229,-3.121816843589291,-3.0459370923948605,True,-0.07587975119443024,-3.058118963210131,-3.035299554715817,-3.1140618250396055,-3.045148239391914,-3.0055606670497963,-0.07666860419737676,1.0,-1.0
54,6,-14.0,-13.0,702,574,128,-2.996537789891442,-3.0459370923948605,True,0.04939930250341851,-3.058118963210131,-3.035299554715817,-3.1140618250396055,-3.045148239391914,-3.0055606670497963,0.048610449500472,5.0,1.0
54,7,-13.0,-12.0,703,248,455,-3.1491291762295375,-3.0459370923948605,True,-0.10319208383467693,-3.058118963210131,-3.035299554715817,-3.1140618250396055,-3.045148239391914,-3.0055606670497963,-0.103980936837623,1.0,-1.0
54,8,-12.0,-11.0,702,469,233,-3.1114768188563775,-3.0459370923948605,True,-0.06553972646151696,-3.058118963210131,-3.035299554715817,-3.1140618250396055,-3.045148239391914,-3.0055606670497963,-0.06632857946446302,2.0,-0.5
54,9,-11.0,-10.0,703,444,259,-3.0398643623696437,-3.0459370923948605,True,0.006072730025216799,-3.058118963210131,-3.035299554715817,-3.1140618250396055,-3.045148239391914,-3.0055606670497963,0.005283877022269845,3.0,0.0
54,10,-10.0,-9.0,702,352,350,-2.957405379586089,-3.0459370923948605,True,0.0885317128087717,-3.058118963210131,-3.035299554715817,-3.1140618250396055,-3.045148239391914,-3.0055606670497963,0.08774285980582519,5.0,1.0
54,11,-9.0,-8.0,703,320,383,-3.1316687031532187,-3.0459370923948605,True,-0.08573161075835811,-3.058118963210131,-3.035299554715817,-3.1140618250396055,-3.045148239391914,-3.0055606670497963,-0.08652046376130462,1.0,-1.0
54,12,-8.0,-7.0,703,315,388,-3.082322187235692,-3.0459370923948605,True,-0.0363850948408313,-3.058118963210131,-3.035299554715817,-3.1140618250396055,-3.045148239391914,-3.0055606670497963,-0.03717394784377781,2.0,-0.5
54,13,-7.0,-6.0,702,494,208,-3.0297203453611394,-3.0459370923948605,True,0.016216747033721113,-3.058118963210131,-3.035299554715817,-3.1140618250396055,-3.045148239391914,-3.0055606670497963,0.015427894030774603,4.0,0.5
54,14,-6.0,-5.0,703,270,433,-2.8107845049288023,-3.0459370923948605,True,0.23515258746605827,-3.058118963210131,-3.035299554715817,-3.1140618250396055,-3.045148239391914,-3.0055606670497963,0.23436373446311176,5.0,1.0
54,15,-5.0,-4.0,702,269,433,-3.0024406857312997,-3.0459370923948605,True,0.043496406663560805,-3.058118963210131,-3.035299554715817,-3.1140618250396055,-3.045148239391914,-3.0055606670497963,0.04270755366061385,5.0,1.0
54,16,-4.0,-3.0,703,559,144,-3.1035331759459512,-3.0459370923948605,True,-0.05759608355109069,-3.058118963210131,-3.035299554715817,-3.1140618250396055,-3.045148239391914,-3.0055606670497963,-0.0583849365540372,2.0,-0.5
54,17,-3.0,-2.0,702,460,242,-3.067513998182956,-3.0459370923948605,True,-0.021576905788095235,-3.058118963210131,-3.035299554715817,-3.1140618250396055,-3.045148239391914,-3.0055606670497963,-0.022365758791041745,2.0,-0.5
54,18,-2.0,-1.0,703,461,242,-3.050432116414184,-3.0459370923948605,True,-0.004495024019323335,-3.058118963210131,-3.035299554715817,-3.1140618250396055,-3.045148239391914,-3.0055606670497963,-0.005283877022269845,3.0,0.0
54,19,-1.0,0.0,703,281,422,-3.142305112672625,-3.0459370923948605,True,-0.09636802027776437,-3.058118963210131,-3.035299554715817,-3.1140618250396055,-3.045148239391914,-3.0055606670497963,-0.09715687328071088,1.0,-1.0
54,20,0.0,1.0,702,339,363,-3.1190129251710292,-3.0459370923948605,True,-0.07307583277616869,-3.058118963210131,-3.035299554715817,-3.1140618250396055,-3.045148239391914,-3.0055606670497963,-0.07386468577911476,1.0,-1.0
54,21,1.0,2.0,703,232,471,-3.1513623052727975,-3.0459370923948605,True,-0.10542521287793694,-3.058118963210131,-3.035299554715817,-3.1140618250396055,-3.045148239391914,-3.0055606670497963,-0.106214065880883,1.0,-1.0
54,22,2.0,3.0,702,455,247,-3.0846539128908312,-3.0459370923948605,True,-0.038716820495970694,-3.058118963210131,-3.035299554715817,-3.1140618250396055,-3.045148239391914,-3.0055606670497963,-0.039505673498917204,2.0,-0.5
54,23,3.0,4.0,703,428,275,-3.1737604436969247,-3.0459370923948605,True,-0.12782335130206413,-3.058118963210131,-3.035299554715817,-3.1140618250396055,-3.045148239391914,-3.0055606670497963,-0.12861220430501064,1.0,-1.0
54,24,4.0,5.0,702,285,417,-3.0712633612868094,-3.0459370923948605,True,-0.02532626889194889,-3.058118963210131,-3.035299554715817,-3.1140618250396055,-3.045148239391914,-3.0055606670497963,-0.026115121894894955,2.0,-0.5
54,25,5.0,6.0,703,404,299,-2.949393432554993,-3.0459370923948605,True,0.09654365983986768,-3.058118963210131,-3.035299554715817,-3.1140618250396055,-3.045148239391914,-3.0055606670497963,0.09575480683692117,5.0,1.0
54,26,6.0,7.0,702,344,358,-2.976281403181879,-3.0459370923948605,True,0.06965568921298138,-3.058118963210131,-3.035299554715817,-3.1140618250396055,-3.045148239391914,-3.0055606670497963,0.06886683621003487,5.0,1.0
54,27,7.0,8.0,703,432,271,-2.9841996469771255,-3.0459370923948605,True,0.06173744541773507,-3.058118963210131,-3.035299554715817,-3.1140618250396055,-3.045148239391914,-3.0055606670497963,0.060948592414789005,5.0,1.0
54,28,8.0,9.0,703,589,114,-3.034512685117487,-3.0459370923948605,True,0.011424407277373483,-3.058118963210131,-3.035299554715817,-3.1140618250396055,-3.045148239391914,-3.0055606670497963,0.010635554274426973,4.0,0.5
54,29,9.0,10.0,702,388,314,-3.0850977830850783,-3.0459370923948605,True,-0.03916069069021777,-3.058118963210131,-3.035299554715817,-3.1140618250396055,-3.045148239391914,-3.0055606670497963,-0.03994954369316428,2.0,-0.5
54,30,10.0,11.0,703,409,294,-3.0104345641077077,-3.0459370923948605,True,0.035502528287152835,-3.058118963210131,-3.035299554715817,-3.1140618250396055,-3.045148239391914,-3.0055606670497963,0.03471367528420588,4.0,0.5
54,31,11.0,12.0,702,478,224,-2.9941806496451364,-3.0459370923948605,True,0.05175644274972413,-3.058118963210131,-3.035299554715817,-3.1140618250396055,-3.045148239391914,-3.0055606670497963,0.05096758974677762,5.0,1.0
54,32,12.0,13.0,703,542,161,-3.1251376915986646,-3.0459370923948605,True,-0.07920059920380407,-3.058118963210131,-3.035299554715817,-3.1140618250396055,-3.045148239391914,-3.0055606670497963,-0.07998945220675058,1.0,-1.0
54,33,13.0,14.0,702,528,174,-2.724753132645112,-3.0459370923948605,True,0.32118395974974856,-3.058118963210131,-3.035299554715817,-3.1140618250396055,-3.045148239391914,-3.0055606670497963,0.32039510674680205,5.0,1.0
54,34,14.0,15.0,703,432,271,-2.7306397959301916,-3.0459370923948605,True,0.315297296464669,-3.058118963210131,-3.035299554715817,-3.1140618250396055,-3.045148239391914,-3.0055606670497963,0.314508443461722,5.0,1.0
54,35,15.0,16.0,703,430,273,-2.6990929342270737,-3.0459370923948605,True,0.3468441581677868,-3.058118963210131,-3.035299554715817,-3.1140618250396055,-3.045148239391914,-3.0055606670497963,0.3460553051648403,5.0,1.0
54,36,16.0,17.0,702,235,467,-3.2290610491221403,-3.0459370923948605,True,-0.18312395672727977,-3.058118963210131,-3.035299554715817,-3.1140618250396055,-3.045148239391914,-3.0055606670497963,-0.18391280973022628,1.0,-1.0
54,37,17.0,18.0,703,494,209,-3.1225974128572984,-3.0459370923948605,True,-0.07666032046243787,-3.058118963210131,-3.035299554715817,-3.1140618250396055,-3.045148239391914,-3.0055606670497963,-0.07744917346538438,1.0,-1.0
54,38,18.0,19.0,702,448,254,-3.0113409785940513,-3.0459370923948605,True,0.03459611380080929,-3.058118963210131,-3.035299554715817,-3.1140618250396055,-3.045148239391914,-3.0055606670497963,0.03380726079786234,4.0,0.5
54,39,19.0,20.0,703,515,188,-3.0172997906851795,-3.0459370923948605,True,0.02863730170968104,-3.058118963210131,-3.035299554715817,-3.1140618250396055,-3.045148239391914,-3.0055606670497963,0.02784844870673453,4.0,0.5
55,0,-20.0,-19.0,703,625,78,-2.9920350763511356,-2.948803267418981,True,-0.043231808932154614,-2.962711794026587,-2.952369312660383,-2.995412685761814,-2.9568105920348047,-2.904692057708899,-0.035224484316331406,2.0,-0.5
55,1,-19.0,-18.0,702,590,112,-2.883576333812357,-2.948803267418981,True,0.06522693360662402,-2.962711794026587,-2.952369312660383,-2.995412685761814,-2.9568105920348047,-2.904692057708899,0.07323425822244767,5.0,1.0
55,2,-18.0,-17.0,703,568,135,-2.890767900644154,-2.948803267418981,True,0.058035366774827235,-2.962711794026587,-2.952369312660383,-2.995412685761814,-2.9568105920348047,-2.904692057708899,0.06604269139065089,5.0,1.0
55,3,-17.0,-16.0,702,343,359,-2.9589300077898244,-2.948803267418981,True,-0.010126740370843379,-2.962711794026587,-2.952369312660383,-2.995412685761814,-2.9568105920348047,-2.904692057708899,-0.002119415755019727,3.0,0.0
55,4,-16.0,-15.0,703,573,130,-3.0532610867430194,-2.948803267418981,True,-0.10445781932403841,-2.962711794026587,-2.952369312660383,-2.995412685761814,-2.9568105920348047,-2.904692057708899,-0.09645049470821476,1.0,-1.0
55,5,-15.0,-14.0,702,467,235,-2.8680767452978153,-2.948803267418981,True,0.08072652212116571,-2.962711794026587,-2.952369312660383,-2.995412685761814,-2.9568105920348047,-2.904692057708899,0.08873384673698892,5.0,1.0
55,6,-14.0,-13.0,703,486,217,-2.9757533126329814,-2.948803267418981,True,-0.02695004521400035,-2.962711794026587,-2.952369312660383,-2.995412685761814,-2.9568105920348047,-2.904692057708899,-0.0189427205981767,2.0,-0.5
55,7,-13.0,-12.0,703,557,146,-3.031869123941397,-2.948803267418981,True,-0.08306585652241605,-2.962711794026587,-2.952369312660383,-2.995412685761814,-2.9568105920348047,-2.904692057708899,-0.0750585319065924,1.0,-1.0
55,8,-12.0,-11.0,702,686,16,-2.907701352057676,-2.948803267418981,True,0.04110191536130481,-2.962711794026587,-2.952369312660383,-2.995412685761814,-2.9568105920348047,-2.904692057708899,0.04910923997712846,4.0,0.5
55,9,-11.0,-10.0,703,501,202,-2.895664174662567,-2.948803267418981,True,0.05313909275641393,-2.962711794026587,-2.952369312660383,-2.995412685761814,-2.9568105920348047,-2.904692057708899,0.06114641737223758,5.0,1.0
55,10,-10.0,-9.0,702,554,148,-2.9088931540669605,-2.948803267418981,True,0.03991011335202055,-2.962711794026587,-2.952369312660383,-2.995412685761814,-2.9568105920348047,-2.904692057708899,0.0479174379678442,4.0,0.5
55,11,-9.0,-8.0,703,577,126,-3.0055455139938476,-2.948803267418981,True,-0.056742246574866595,-2.962711794026587,-2.952369312660383,-2.995412685761814,-2.9568105920348047,-2.904692057708899,-0.04873492195904339,1.0,-1.0
55,12,-8.0,-7.0,702,641,61,-2.9495314793477805,-2.948803267418981,True,-0.0007282119287994604,-2.962711794026587,-2.952369312660383,-2.995412685761814,-2.9568105920348047,-2.904692057708899,0.007279112687024192,4.0,0.5
55,13,-7.0,-6.0,703,402,301,-3.016741364010652,-2.948803267418981,True,-0.06793809659167094,-2.962711794026587,-2.952369312660383,-2.995412685761814,-2.9568105920348047,-2.904692057708899,-0.059930771975847286,1.0,-1.0
55,14,-6.0,-5.0,702,518,184,-2.9770590666297254,-2.948803267418981,True,-0.028255799210744392,-2.962711794026587,-2.952369312660383,-2.995412685761814,-2.9568105920348047,-2.904692057708899,-0.02024847459492074,2.0,-0.5
55,15,-5.0,-4.0,703,659,44,-2.954691176279785,-2.948803267418981,True,-0.005887908860803925,-2.962711794026587,-2.952369312660383,-2.995412685761814,-2.9568105920348047,-2.904692057708899,0.002119415755019727,3.0,0.0
55,16,-4.0,-3.0,703,566,137,-2.9673339772048513,-2.948803267418981,True,-0.018530709785870236,-2.962711794026587,-2.952369312660383,-2.995412685761814,-2.9568105920348047,-2.904692057708899,-0.010523385170047028,2.0,-0.5
55,17,-3.0,-2.0,702,503,199,-3.017350974877668,-2.948803267418981,True,-0.06854770745868688,-2.962711794026587,-2.952369312660383,-2.995412685761814,-2.9568105920348047,-2.904692057708899,-0.06054038284286323,1.0,-1.0
55,18,-2.0,-1.0,703,563,140,-2.7812372006925594,-2.948803267418981,True,0.1675660667264216,-2.962711794026587,-2.952369312660383,-2.995412685761814,-2.9568105920348047,-2.904692057708899,0.17557339134224526,5.0,1.0
55,19,-1.0,0.0,702,507,195,-2.9400463273428703,-2.948803267418981,True,0.00875694007611072,-2.962711794026587,-2.952369312660383,-2.995412685761814,-2.9568105920348047,-2.904692057708899,0.016764264691934372,4.0,0.5
55,20,0.0,1.0,703,666,37,-2.892705789674586,-2.948803267418981,True,0.056097477744395,-2.962711794026587,-2.952369312660383,-2.995412685761814,-2.9568105920348047,-2.904692057708899,0.06410480236021865,5.0,1.0
55,21,1.0,2.0,702,545,157,-3.01650396185812,-2.948803267418981,True,-0.06770069443913895,-2.962711794026587,-2.952369312660383,-2.995412685761814,-2.9568105920348047,-2.904692057708899,-0.0596933698233153,1.0,-1.0
55,22,2.0,3.0,703,555,148,-2.9171682254044957,-2.948803267418981,True,0.031635042014485304,-2.962711794026587,-2.952369312660383,-2.995412685761814,-2.9568105920348047,-2.904692057708899,0.03964236663030851,4.0,0.5
55,23,3.0,4.0,703,355,348,-3.155095348028879,-2.948803267418981,True,-0.2062920806098978,-2.962711794026587,-2.952369312660383,-2.995412685761814,-2.9568105920348047,-2.904692057708899,-0.19828475599407414,1.0,-1.0
55,24,4.0,5.0,702,487,215,-3.1744499635162104,-2.948803267418981,True,-0.22564669609722943,-2.962711794026587,-2.952369312660383,-2.995412685761814,-2.9568105920348047,-2.904692057708899,-0.21763937148140577,1.0,-1.0
55,25,5.0,6.0,703,470,233,-3.064771544818637,-2.948803267418981,True,-0.11596827739965576,-2.962711794026587,-2.952369312660383,-2.995412685761814,-2.9568105920348047,-2.904692057708899,-0.10796095278383211,1.0,-1.0
55,26,6.0,7.0,702,572,130,-3.0530610237748634,-2.948803267418981,True,-0.10425775635588241,-2.962711794026587,-2.952369312660383,-2.995412685761814,-2.9568105920348047,-2.904692057708899,-0.09625043174005876,1.0,-1.0
55,27,7.0,8.0,703,640,63,-3.065969684178241,-2.948803267418981,True,-0.1171664167592601,-2.962711794026587,-2.952369312660383,-2.995412685761814,-2.9568105920348047,-2.904692057708899,-0.10915909214343644,1.0,-1.0
55,28,8.0,9.0,702,652,50,-3.0343028800951863,-2.948803267418981,True,-0.08549961267620532,-2.962711794026587,-2.952369312660383,-2.995412685761814,-2.9568105920348047,-2.904692057708899,-0.07749228806038166,1.0,-1.0
55,29,9.0,10.0,703,527,176,-3.0189539564560577,-2.948803267418981,True,-0.07015068903707666,-2.962711794026587,-2.952369312660383,-2.995412685761814,-2.9568105920348047,-2.904692057708899,-0.06214336442125301,1.0,-1.0
55,30,10.0,11.0,703,482,221,-2.9544345796396208,-2.948803267418981,True,-0.005631312220639728,-2.962711794026587,-2.952369312660383,-2.995412685761814,-2.9568105920348047,-2.904692057708899,0.002376012395183924,3.0,0.0
55,31,11.0,12.0,702,548,154,-3.1290439920151005,-2.948803267418981,True,-0.1802407245961195,-2.962711794026587,-2.952369312660383,-2.995412685761814,-2.9568105920348047,-2.904692057708899,-0.17223339998029585,1.0,-1.0
55,32,12.0,13.0,703,495,208,-2.9953346917058985,-2.948803267418981,True,-0.04653142428691748,-2.962711794026587,-2.952369312660383,-2.995412685761814,-2.9568105920348047,-2.904692057708899,-0.038524099671093825,2.0,-0.5
55,33,13.0,14.0,702,602,100,-2.6306975354190616,-2.948803267418981,True,0.3181057319999194,-2.962711794026587,-2.952369312660383,-2.995412685761814,-2.9568105920348047,-2.904692057708899,0.3261130566157431,5.0,1.0
55,34,14.0,15.0,703,441,262,-2.762171033331972,-2.948803267418981,True,0.18663223408700924,-2.962711794026587,-2.952369312660383,-2.995412685761814,-2.9568105920348047,-2.904692057708899,0.1946395587028329,5.0,1.0
55,35,15.0,16.0,702,321,381,-2.9192122498309327,-2.948803267418981,True,0.029591017588048274,-2.962711794026587,-2.952369312660383,-2.995412685761814,-2.9568105920348047,-2.904692057708899,0.037598342203871926,4.0,0.5
55,36,16.0,17.0,703,437,266,-3.1402900158162694,-2.948803267418981,True,-0.1914867483972884,-2.962711794026587,-2.952369312660383,-2.995412685761814,-2.9568105920348047,-2.904692057708899,-0.1834794237814643,1.0,-1.0
55,37,17.0,18.0,702,311,391,-3.1204656337021084,-2.948803267418981,True,-0.17166236628312737,-2.962711794026587,-2.952369312660383,-2.995412685761814,-2.9568105920348047,-2.904692057708899,-0.1636550416673037,1.0,-1.0
55,38,18.0,19.0,703,472,231,-3.131129823719532,-2.948803267418981,True,-0.18232655630055117,-2.962711794026587,-2.952369312660383,-2.995412685761814,-2.9568105920348047,-2.904692057708899,-0.17431923168472752,1.0,-1.0
55,39,19.0,20.0,703,457,246,-3.1074855792350142,-2.948803267418981,True,-0.1586823118160332,-2.962711794026587,-2.952369312660383,-2.995412685761814,-2.9568105920348047,-2.904692057708899,-0.15067498720020955,1.0,-1.0
56,0,-20.0,-19.0,702,646,56,-2.9214927555318466,-2.9771559975287962,True,0.05566324199694961,-2.9760552116978585,-2.9513484897970717,-3.0356154392662593,-2.95980233978372,-2.898261815461849,0.038309584251873474,4.0,0.5
56,1,-19.0,-18.0,703,639,64,-3.0331645025800587,-2.9771559975287962,True,-0.056008505051262425,-2.9760552116978585,-2.9513484897970717,-3.0356154392662593,-2.95980233978372,-2.898261815461849,-0.07336216279633856,2.0,-0.5
56,2,-18.0,-17.0,702,517,185,-3.042968249324861,-2.9771559975287962,True,-0.06581225179606465,-2.9760552116978585,-2.9513484897970717,-3.0356154392662593,-2.95980233978372,-2.898261815461849,-0.08316590954114078,1.0,-1.0
56,3,-17.0,-16.0,703,464,239,-3.017050474547146,-2.9771559975287962,True,-0.03989447701834958,-2.9760552116978585,-2.9513484897970717,-3.0356154392662593,-2.95980233978372,-2.898261815461849,-0.05724813476342572,2.0,-0.5
56,4,-16.0,-15.0,702,545,157,-2.8274894075974393,-2.9771559975287962,True,0.14966658993135695,-2.9760552116978585,-2.9513484897970717,-3.0356154392662593,-2.95980233978372,-2.898261815461849,0.13231293218628037,5.0,1.0
56,5,-15.0,-14.0,703,648,55,-2.966385613753413,-2.9771559975287962,True,0.010770383775383419,-2.9760552116978585,-2.9513484897970717,-3.0356154392662593,-2.95980233978372,-2.898261815461849,-0.006583273969692716,3.0,0.0
56,6,-14.0,-13.0,703,507,196,-2.7631416829687536,-2.9771559975287962,True,0.2140143145600426,-2.9760552116978585,-2.9513484897970717,-3.0356154392662593,-2.95980233978372,-2.898261815461849,0.19666065681496647,5.0,1.0
56,7,-13.0,-12.0,702,453,249,-2.822820838904535,-2.9771559975287962,True,0.1543351586242614,-2.9760552116978585,-2.9513484897970717,-3.0356154392662593,-2.95980233978372,-2.898261815461849,0.13698150087918526,5.0,1.0
56,8,-12.0,-11.0,703,692,11,-2.848398410552241,-2.9771559975287962,True,0.12875758697655515,-2.9760552116978585,-2.9513484897970717,-3.0356154392662593,-2.95980233978372,-2.898261815461849,0.11140392923147902,5.0,1.0
56,9,-11.0,-10.0,702,643,59,-2.949062230220792,-2.9771559975287962,True,0.02809376730800439,-2.9760552116978585,-2.9513484897970717,-3.0356154392662593,-2.95980233978372,-2.898261815461849,0.010740109562928257,4.0,0.5
56,10,-10.0,-9.0,703,573,130,-2.91049878770661,-2.9771559975287962,True,0.06665720982218604,-2.9760552116978585,-2.9513484897970717,-3.0356154392662593,-2.95980233978372,-2.898261815461849,0.0493035520771099,4.0,0.5
56,11,-9.0,-8.0,702,493,209,-2.8615508987275637,-2.9771559975287962,True,0.11560509880123249,-2.9760552116978585,-2.9513484897970717,-3.0356154392662593,-2.95980233978372,-2.898261815461849,0.09825144105615591,5.0,1.0
56,12,-8.0,-7.0,703,643,60,-2.987873609185514,-2.9771559975287962,True,-0.010717611656717807,-2.9760552116978585,-2.9513484897970717,-3.0356154392662593,-2.95980233978372,-2.898261815461849,-0.02807126940179394,2.0,-0.5
56,13,-7.0,-6.0,703,474,229,-3.212572498777645,-2.9771559975287962,True,-0.23541650124884894,-2.9760552116978585,-2.9513484897970717,-3.0356154392662593,-2.95980233978372,-2.898261815461849,-0.2527701589939251,1.0,-1.0
56,14,-6.0,-5.0,702,379,323,-3.0221694446020417,-2.9771559975287962,True,-0.045013447073245505,-2.9760552116978585,-2.9513484897970717,-3.0356154392662593,-2.95980233978372,-2.898261815461849,-0.06236710481832164,2.0,-0.5
56,15,-5.0,-4.0,703,284,419,-3.237695378206095,-2.9771559975287962,True,-0.26053938067729865,-2.9760552116978585,-2.9513484897970717,-3.0356154392662593,-2.95980233978372,-2.898261815461849,-0.2778930384223748,1.0,-1.0
56,16,-4.0,-3.0,702,440,262,-3.1398822770840673,-2.9771559975287962,True,-0.16272627955527108,-2.9760552116978585,-2.9513484897970717,-3.0356154392662593,-2.95980233978372,-2.898261815461849,-0.18007993730034766,1.0,-1.0
56,17,-3.0,-2.0,703,461,242,-2.9532190658140274,-2.9771559975287962,True,0.02393693171476885,-2.9760552116978585,-2.9513484897970717,-3.0356154392662593,-2.95980233978372,-2.898261815461849,0.0065832739696922715,3.0,0.0
56,18,-2.0,-1.0,702,519,183,-2.9422045611324723,-2.9771559975287962,True,0.03495143639632392,-2.9760552116978585,-2.9513484897970717,-3.0356154392662593,-2.95980233978372,-2.898261815461849,0.017597778651247786,4.0,0.5
56,19,-1.0,0.0,703,630,73,-3.0834792633588077,-2.9771559975287962,True,-0.1063232658300115,-2.9760552116978585,-2.9513484897970717,-3.0356154392662593,-2.95980233978372,-2.898261815461849,-0.12367692357508808,1.0,-1.0
56,20,0.0,1.0,703,542,161,-3.0232709368138115,-2.9771559975287962,True,-0.04611493928501531,-2.9760552116978585,-2.9513484897970717,-3.0356154392662593,-2.95980233978372,-2.898261815461849,-0.06346859703009144,2.0,-0.5
56,21,1.0,2.0,702,560,142,-3.031172729363282,-2.9771559975287962,True,-0.05401673183448574,-2.9760552116978585,-2.9513484897970717,-3.0356154392662593,-2.95980233978372,-2.898261815461849,-0.07137038957956188,2.0,-0.5
56,22,2.0,3.0,703,269,434,-3.009360101602726,-2.9771559975287962,True,-0.032204104073929596,-2.9760552116978585,-2.9513484897970717,-3.0356154392662593,-2.95980233978372,-2.898261815461849,-0.04955776181900573,2.0,-0.5
56,23,3.0,4.0,702,388,314,-2.9555669560755535,-2.9771559975287962,True,0.021589041453242697,-2.9760552116978585,-2.9513484897970717,-3.0356154392662593,-2.95980233978372,-2.898261815461849,0.0042353837081670065,3.0,0.0
56,24,4.0,5.0,703,461,242,-3.085112968735414,-2.9771559975287962,True,-0.10795697120661796,-2.9760552116978585,-2.9513484897970717,-3.0356154392662593,-2.95980233978372,-2.898261815461849,-0.1253106289516941,1.0,-1.0
56,25,5.0,6.0,702,341,361,-3.026054503025493,-2.9771559975287962,True,-0.04889850549669683,-2.9760552116978585,-2.9513484897970717,-3.0356154392662593,-2.95980233978372,-2.898261815461849,-0.06625216324177297,2.0,-0.5
56,26,6.0,7.0,703,570,133,-2.8682301462665816,-2.9771559975287962,True,0.10892585126221466,-2.9760552116978585,-2.9513484897970717,-3.0356154392662593,-2.95980233978372,-2.898261815461849,0.09157219351713852,5.0,1.0
56,27,7.0,8.0,702,556,146,-3.0877618526362256,-2.9771559975287962,True,-0.11060585510742937,-2.9760552116978585,-2.9513484897970717,-3.0356154392662593,-2.95980233978372,-2.898261815461849,-0.1279595128525055,1.0,-1.0
56,28,8.0,9.0,703,669,34,-3.065650686337918,-2.9771559975287962,True,-0.08849468880912159,-2.9760552116978585,-2.9513484897970717,-3.0356154392662593,-2.95980233978372,-2.898261815461849,-0.10584834655419773,1.0,-1.0
56,29,9.0,10.0,703,527,176,-3.003531345502452,-2.9771559975287962,True,-0.026375347973655927,-2.9760552116978585,-2.9513484897970717,-3.0356154392662593,-2.95980233978372,-2.898261815461849,-0.04372900571873206,2.0,-0.5
56,30,10.0,11.0,702,305,397,-3.0776422274038673,-2.9771559975287962,True,-0.10048622987507105,-2.9760552116978585,-2.9513484897970717,-3.0356154392662593,-2.95980233978372,-2.898261815461849,-0.11783988762014763,1.0,-1.0
56,31,11.0,12.0,703,364,339,-3.006017232223843,-2.9771559975287962,True,-0.028861234695046978,-2.9760552116978585,-2.9513484897970717,-3.0356154392662593,-2.95980233978372,-2.898261815461849,-0.04621489244012311,2.0,-0.5
56,32,12.0,13.0,702,449,253,-3.056844002537032,-2.9771559975287962,True,-0.07968800500823559,-2.9760552116978585,-2.9513484897970717,-3.0356154392662593,-2.95980233978372,-2.898261815461849,-0.09704166275331172,1.0,-1.0
56,33,13.0,14.0,703,616,87,-2.7483235588619794,-2.9771559975287962,True,0.2288324386668168,-2.9760552116978585,-2.9513484897970717,-3.0356154392662593,-2.95980233978372,-2.898261815461849,0.21147878092174066,5.0,1.0
56,34,14.0,15.0,702,404,298,-2.7336689584266303,-2.9771559975287962,True,0.24348703910216596,-2.9760552116978585,-2.9513484897970717,-3.0356154392662593,-2.95980233978372,-2.898261815461849,0.22613338135708982,5.0,1.0
56,35,15.0,16.0,703,522,181,-2.941589194186067,-2.9771559975287962,True,0.035566803342729436,-2.9760552116978585,-2.9513484897970717,-3.0356154392662593,-2.95980233978372,-2.898261815461849,0.018213145597653302,4.0,0.5
56,36,16.0,17.0,703,317,386,-3.1008752982881687,-2.9771559975287962,True,-0.12371930075937243,-2.9760552116978585,-2.9513484897970717,-3.0356154392662593,-2.95980233978372,-2.898261815461849,-0.14107295850444856,1.0,-1.0
56,37,17.0,18.0,702,319,383,-3.2444269796870273,-2.9771559975287962,True,-0.2672709821582311,-2.9760552116978585,-2.9513484897970717,-3.0356154392662593,-2.95980233978372,-2.898261815461849,-0.28462463990330766,1.0,-1.0
56,38,18.0,19.0,703,229,474,-3.1102568281701344,-2.9771559975287962,True,-0.13310083064133815,-2.9760552116978585,-2.9513484897970717,-3.0356154392662593,-2.95980233978372,-2.898261815461849,-0.1504544883864143,1.0,-1.0
56,39,19.0,20.0,702,429,273,-3.353129171553664,-2.9771559975287962,True,-0.37597317402486796,-2.9760552116978585,-2.9513484897970717,-3.0356154392662593,-2.95980233978372,-2.898261815461849,-0.3933268317699441,1.0,-1.0
57,0,-20.0,-19.0,703,460,243,-3.1069408685627526,-3.0559972177714294,True,-0.050943650791323236,-3.0729988205949548,-3.060280077246942,-3.1068556534199137,-3.0698205288852995,-3.0034760908574394,-0.037120339677453096,1.0,-1.0
57,1,-19.0,-18.0,702,497,205,-3.1933188329234232,-3.0559972177714294,True,-0.13732161515199381,-3.0729988205949548,-3.060280077246942,-3.1068556534199137,-3.0698205288852995,-3.0034760908574394,-0.12349830403812367,1.0,-1.0
57,2,-18.0,-17.0,703,306,397,-3.1128821803748847,-3.0559972177714294,True,-0.056884962603455325,-3.0729988205949548,-3.060280077246942,-3.1068556534199137,-3.0698205288852995,-3.0034760908574394,-0.043061651489585184,1.0,-1.0
57,3,-17.0,-16.0,702,357,345,-3.1068272483723005,-3.0559972177714294,True,-0.0508300306008711,-3.0729988205949548,-3.060280077246942,-3.1068556534199137,-3.0698205288852995,-3.0034760908574394,-0.03700671948700096,2.0,-0.5
57,4,-16.0,-15.0,703,506,197,-3.101604399214205,-3.0559972177714294,True,-0.045607181442775424,-3.0729988205949548,-3.060280077246942,-3.1068556534199137,-3.0698205288852995,-3.0034760908574394,-0.031783870328905284,2.0,-0.5
57,5,-15.0,-14.0,703,405,298,-3.0035173696554214,-3.0559972177714294,True,0.05247984811600803,-3.0729988205949548,-3.060280077246942,-3.1068556534199137,-3.0698205288852995,-3.0034760908574394,0.06630315922987817,4.0,0.5
57,6,-14.0,-13.0,702,208,494,-3.003352254463493,-3.0559972177714294,True,0.05264496330793644,-3.0729988205949548,-3.060280077246942,-3.1068556534199137,-3.0698205288852995,-3.0034760908574394,0.06646827442180658,5.0,1.0
57,7,-13.0,-12.0,703,423,280,-3.0736443744506614,-3.0559972177714294,True,-0.017647156679232,-3.0729988205949548,-3.060280077246942,-3.1068556534199137,-3.0698205288852995,-3.0034760908574394,-0.003823845565361861,2.0,-0.5
57,8,-12.0,-11.0,702,406,296,-3.1346336679640885,-3.0559972177714294,True,-0.07863645019265908,-3.0729988205949548,-3.060280077246942,-3.1068556534199137,-3.0698205288852995,-3.0034760908574394,-0.06481313907878894,1.0,-1.0
57,9,-11.0,-10.0,703,465,238,-2.9933565717596453,-3.0559972177714294,True,0.0626406460117841,-3.0729988205949548,-3.060280077246942,-3.1068556534199137,-3.0698205288852995,-3.0034760908574394,0.07646395712565424,5.0,1.0
57,10,-10.0,-9.0,702,501,201,-3.0127075120656803,-3.0559972177714294,True,0.04328970570574908,-3.0729988205949548,-3.060280077246942,-3.1068556534199137,-3.0698205288852995,-3.0034760908574394,0.05711301681961922,4.0,0.5
57,11,-9.0,-8.0,703,357,346,-3.0518585501450426,-3.0559972177714294,True,0.004138667626386816,-3.0729988205949548,-3.060280077246942,-3.1068556534199137,-3.0698205288852995,-3.0034760908574394,0.017961978740256956,4.0,0.5
57,12,-8.0,-7.0,703,347,356,-3.0671704176030414,-3.0559972177714294,True,-0.011173199831612024,-3.0729988205949548,-3.060280077246942,-3.1068556534199137,-3.0698205288852995,-3.0034760908574394,0.0026501112822585604,3.0,0.0
57,13,-7.0,-6.0,702,378,324,-3.078194070940961,-3.0559972177714294,True,-0.022196853169531572,-3.0729988205949548,-3.060280077246942,-3.1068556534199137,-3.0698205288852995,-3.0034760908574394,-0.008373542055661432,2.0,-0.5
57,14,-6.0,-5.0,703,395,308,-2.936019484572163,-3.0559972177714294,True,0.11997773319926619,-3.0729988205949548,-3.060280077246942,-3.1068556534199137,-3.0698205288852995,-3.0034760908574394,0.13380104431313633,5.0,1.0
57,15,-5.0,-4.0,702,294,408,-2.97182253520281,-3.0559972177714294,True,0.08417468256861937,-3.0729988205949548,-3.060280077246942,-3.1068556534199137,-3.0698205288852995,-3.0034760908574394,0.09799799368248951,5.0,1.0
57,16,-4.0,-3.0,703,539,164,-3.1208836484306555,-3.0559972177714294,True,-0.06488643065922606,-3.0729988205949548,-3.060280077246942,-3.1068556534199137,-3.0698205288852995,-3.0034760908574394,-0.05106311954535592,1.0,-1.0
57,17,-3.0,-2.0,702,468,234,-2.9342497895956403,-3.0559972177714294,True,0.1217474281757891,-3.0729988205949548,-3.060280077246942,-3.1068556534199137,-3.0698205288852995,-3.0034760908574394,0.13557073928965924,5.0,1.0
57,18,-2.0,-1.0,703,566,137,-3.072470640167558,-3.0559972177714294,True,-0.0164734223961287,-3.0729988205949548,-3.060280077246942,-3.1068556534199137,-3.0698205288852995,-3.0034760908574394,-0.0026501112822585604,3.0,0.0
57,19,-1.0,0.0,703,504,199,-3.044489938964163,-3.0559972177714294,True,0.011507278807266541,-3.0729988205949548,-3.060280077246942,-3.1068556534199137,-3.0698205288852995,-3.0034760908574394,0.02533058992113668,4.0,0.5
57,20,0.0,1.0,702,473,229,-3.123226343207525,-3.0559972177714294,True,-0.0672291254360955,-3.0729988205949548,-3.060280077246942,-3.1068556534199137,-3.0698205288852995,-3.0034760908574394,-0.05340581432222535,1.0,-1.0
57,21,1.0,2.0,703,256,447,-3.1748736579082615,-3.0559972177714294,True,-0.11887644013683207,-3.0729988205949548,-3.060280077246942,-3.1068556534199137,-3.0698205288852995,-3.0034760908574394,-0.10505312902296149,1.0,-1.0
57,22,2.0,3.0,702,321,381,-3.111979140514098,-3.0559972177714294,True,-0.055981922742668555,-3.0729988205949548,-3.060280077246942,-3.1068556534199137,-3.0698205288852995,-3.0034760908574394,-0.042158611628798415,1.0,-1.0
57,23,3.0,4.0,703,597,106,-2.9824000626939,-3.0559972177714294,True,0.0735971550775294,-3.0729988205949548,-3.060280077246942,-3.1068556534199137,-3.0698205288852995,-3.0034760908574394,0.08742046619139954,5.0,1.0
57,24,4.0,5.0,702,611,91,-3.043595695917024,-3.0559972177714294,True,0.012401521854405573,-3.0729988205949548,-3.060280077246942,-3.1068556534199137,-3.0698205288852995,-3.0034760908574394,0.026224832968275713,4.0,0.5
57,25,5.0,6.0,703,361,342,-3.008020081056378,-3.0559972177714294,True,0.047977136715051216,-3.0729988205949548,-3.060280077246942,-3.1068556534199137,-3.0698205288852995,-3.0034760908574394,0.06180044782892136,4.0,0.5
57,26,6.0,7.0,702,392,310,-3.122426191154234,-3.0559972177714294,True,-0.06642897338280473,-3.0729988205949548,-3.060280077246942,-3.1068556534199137,-3.0698205288852995,-3.0034760908574394,-0.052605662268934594,1.0,-1.0
57,27,7.0,8.0,703,475,228,-3.1072634835005184,-3.0559972177714294,True,-0.05126626572908899,-3.0729988205949548,-3.060280077246942,-3.1068556534199137,-3.0698205288852995,-3.0034760908574394,-0.03744295461521885,1.0,-1.0
57,28,8.0,9.0,703,292,411,-3.073402259305987,-3.0559972177714294,True,-0.017405041534557686,-3.0729988205949548,-3.060280077246942,-3.1068556534199137,-3.0698205288852995,-3.0034760908574394,-0.0035817304206875455,2.0,-0.5
57,29,9.0,10.0,702,578,124,-3.1485502986248073,-3.0559972177714294,True,-0.09255308085337788,-3.0729988205949548,-3.060280077246942,-3.1068556534199137,-3.0698205288852995,-3.0034760908574394,-0.07872976973950818,1.0,-1.0
57,30,10.0,11.0,703,587,116,-3.109235569441517,-3.0559972177714294,True,-0.053238351670087614,-3.0729988205949548,-3.060280077246942,-3.1068556534199137,-3.0698205288852995,-3.0034760908574394,-0.03941504055621747,1.0,-1.0
57,31,11.0,12.0,702,388,314,-2.870780162094166,-3.0559972177714294,True,0.18521705567726343,-3.0729988205949548,-3.060280077246942,-3.1068556534199137,-3.0698205288852995,-3.0034760908574394,0.19904036679113357,5.0,1.0
57,32,12.0,13.0,703,597,106,-3.015127016356092,-3.0559972177714294,True,0.04087020141533726,-3.0729988205949548,-3.060280077246942,-3.1068556534199137,-3.0698205288852995,-3.0034760908574394,0.0546935125292074,4.0,0.5
57,33,13.0,14.0,702,649,53,-2.6067292575931926,-3.0559972177714294,True,0.4492679601782368,-3.0729988205949548,-3.060280077246942,-3.1068556534199137,-3.0698205288852995,-3.0034760908574394,0.4630912712921069,5.0,1.0
57,34,14.0,15.0,703,401,302,-2.9146867325050274,-3.0559972177714294,True,0.141310485266402,-3.0729988205949548,-3.060280077246942,-3.1068556534199137,-3.0698205288852995,-3.0034760908574394,0.15513379638027214,5.0,1.0
57,35,15.0,16.0,703,503,200,-2.8047765495557315,-3.0559972177714294,True,0.2512206682156979,-3.0729988205949548,-3.060280077246942,-3.1068556534199137,-3.0698205288852995,-3.0034760908574394,0.265043979329568,5.0,1.0
57,36,16.0,17.0,702,561,141,-3.0172999194389667,-3.0559972177714294,True,0.038697298332462715,-3.0729988205949548,-3.060280077246942,-3.1068556534199137,-3.0698205288852995,-3.0034760908574394,0.052520609446332855,4.0,0.5
57,37,17.0,18.0,703,419,284,-3.0251778813504386,-3.0559972177714294,True,0.030819336420990773,-3.0729988205949548,-3.060280077246942,-3.1068556534199137,-3.0698205288852995,-3.0034760908574394,0.04464264753486136,4.0,0.5
57,38,18.0,19.0,702,361,341,-3.124405249045809,-3.0559972177714294,True,-0.06840803127437978,-3.0729988205949548,-3.060280077246942,-3.1068556534199137,-3.0698205288852995,-3.0034760908574394,-0.05458472016050964,1.0,-1.0
57,39,19.0,20.0,703,347,356,-3.1587062849079808,-3.0559972177714294,True,-0.10270906713655137,-3.0729988205949548,-3.060280077246942,-3.1068556534199137,-3.0698205288852995,-3.0034760908574394,-0.08888575602268123,1.0,-1.0
58,0,-20.0,-19.0,703,378,325,-3.052359439071251,-2.998921664317459,True,-0.05343777475379197,-3.0389957756138917,-3.0131802641624894,-3.0688939670558346,-3.0261368660006447,-2.9344166829536222,-0.02622257307060627,2.0,-0.5
58,1,-19.0,-18.0,702,353,349,-3.019238212475477,-2.998921664317459,True,-0.020316548158017866,-3.0389957756138917,-3.0131802641624894,-3.0688939670558346,-3.0261368660006447,-2.9344166829536222,0.0068986535251678305,3.0,0.0
58,2,-18.0,-17.0,703,530,173,-3.113047150196879,-2.998921664317459,True,-0.11412548587941984,-3.0389957756138917,-3.0131802641624894,-3.0688939670558346,-3.0261368660006447,-2.9344166829536222,-0.08691028419623414,1.0,-1.0
58,3,-17.0,-16.0,702,470,232,-3.134740113108056,-2.998921664317459,True,-0.13581844879059712,-3.0389957756138917,-3.0131802641624894,-3.0688939670558346,-3.0261368660006447,-2.9344166829536222,-0.10860324710741143,1.0,-1.0
58,4,-16.0,-15.0,703,393,310,-3.105714383212545,-2.998921664317459,True,-0.10679271889508613,-3.0389957756138917,-3.0131802641624894,-3.0688939670558346,-3.0261368660006447,-2.9344166829536222,-0.07957751721190043,1.0,-1.0
58,5,-15.0,-14.0,702,393,309,-2.9433209450033764,-2.998921664317459,True,0.055600719314082614,-3.0389957756138917,-3.0131802641624894,-3.0688939670558346,-3.0261368660006447,-2.9344166829536222,0.08281592099726831,4.0,0.5
58,6,-14.0,-13.0,703,345,358,-3.0598531715021275,-2.998921664317459,True,-0.060931507184668554,-3.0389957756138917,-3.0131802641624894,-3.0688939670558346,-3.0261368660006447,-2.9344166829536222,-0.03371630550148286,2.0,-0.5
58,7,-13.0,-12.0,703,432,271,-3.133614117917801,-2.998921664317459,True,-0.134692453600342,-3.0389957756138917,-3.0131802641624894,-3.0688939670558346,-3.0261368660006447,-2.9344166829536222,-0.10747725191715629,1.0,-1.0
58,8,-12.0,-11.0,702,373,329,-2.827574709413142,-2.998921664317459,True,0.17134695490431717,-3.0389957756138917,-3.0131802641624894,-3.0688939670558346,-3.0261368660006447,-2.9344166829536222,0.19856215658750287,5.0,1.0
58,9,-11.0,-10.0,703,491,212,-2.9077038968043607,-2.998921664317459,True,0.09121776751309829,-3.0389957756138917,-3.0131802641624894,-3.0688939670558346,-3.0261368660006447,-2.9344166829536222,0.11843296919628399,5.0,1.0
58,10,-10.0,-9.0,702,545,157,-2.9789227836171173,-2.998921664317459,True,0.019998880700341726,-3.0389957756138917,-3.0131802641624894,-3.0688939670558346,-3.0261368660006447,-2.9344166829536222,0.04721408238352742,4.0,0.5
58,11,-9.0,-8.0,703,447,256,-3.0951701532880924,-2.998921664317459,True,-0.09624848897063343,-3.0389957756138917,-3.0131802641624894,-3.0688939670558346,-3.0261368660006447,-2.9344166829536222,-0.06903328728744773,1.0,-1.0
58,12,-8.0,-7.0,702,348,354,-2.9846409885027994,-2.998921664317459,True,0.014280675814659638,-3.0389957756138917,-3.0131802641624894,-3.0688939670558346,-3.0261368660006447,-2.9344166829536222,0.04149587749784489,4.0,0.5
58,13,-7.0,-6.0,703,618,85,-3.005776105113283,-2.998921664317459,True,-0.0068544407958239795,-3.0389957756138917,-3.0131802641624894,-3.0688939670558346,-3.0261368660006447,-2.9344166829536222,0.020360760887361717,4.0,0.5
58,14,-6.0,-5.0,703,473,230,-3.0601352383117484,-2.998921664317459,True,-0.061213573994289394,-3.0389957756138917,-3.0131802641624894,-3.0688939670558346,-3.0261368660006447,-2.9344166829536222,-0.0339983723111037,2.0,-0.5
58,15,-5.0,-4.0,702,509,193,-2.8904480131038213,-2.998921664317459,True,0.10847365121363772,-3.0389957756138917,-3.0131802641624894,-3.0688939670558346,-3.0261368660006447,-2.9344166829536222,0.13568885289682342,5.0,1.0
58,16,-4.0,-3.0,703,574,129,-3.0462805330548783,-2.998921664317459,True,-0.047358868737419346,-3.0389957756138917,-3.0131802641624894,-3.0688939670558346,-3.0261368660006447,-2.9344166829536222,-0.02014366705423365,2.0,-0.5
58,17,-3.0,-2.0,702,594,108,-2.8495957229032816,-2.998921664317459,True,0.14932594141417743,-3.0389957756138917,-3.0131802641624894,-3.0688939670558346,-3.0261368660006447,-2.9344166829536222,0.17654114309736313,5.0,1.0
58,18,-2.0,-1.0,703,516,187,-3.033035519525812,-2.998921664317459,True,-0.03411385520835308,-3.0389957756138917,-3.0131802641624894,-3.0688939670558346,-3.0261368660006447,-2.9344166829536222,-0.006898653525167386,3.0,0.0
58,19,-1.0,0.0,702,276,426,-2.737262090223329,-2.998921664317459,True,0.2616595740941299,-3.0389957756138917,-3.0131802641624894,-3.0688939670558346,-3.0261368660006447,-2.9344166829536222,0.2888747757773156,5.0,1.0
58,20,0.0,1.0,703,412,291,-2.8884107410436943,-2.998921664317459,True,0.11051092327376466,-3.0389957756138917,-3.0131802641624894,-3.0688939670558346,-3.0261368660006447,-2.9344166829536222,0.13772612495695036,5.0,1.0
58,21,1.0,2.0,702,233,469,-3.033117205921105,-2.998921664317459,True,-0.03419554160364591,-3.0389957756138917,-3.0131802641624894,-3.0688939670558346,-3.0261368660006447,-2.9344166829536222,-0.00698033992046021,3.0,0.0
58,22,2.0,3.0,703,435,268,-3.0578142944697384,-2.998921664317459,True,-0.05889263015227941,-3.0389957756138917,-3.0131802641624894,-3.0688939670558346,-3.0261368660006447,-2.9344166829536222,-0.031677428469093716,2.0,-0.5
58,23,3.0,4.0,703,438,265,-3.092402386125643,-2.998921664317459,True,-0.0934807218081839,-3.0389957756138917,-3.0131802641624894,-3.0688939670558346,-3.0261368660006447,-2.9344166829536222,-0.0662655201249982,1.0,-1.0
58,24,4.0,5.0,702,283,419,-3.093576512949104,-2.998921664317459,True,-0.0946548486316452,-3.0389957756138917,-3.0131802641624894,-3.0688939670558346,-3.0261368660006447,-2.9344166829536222,-0.0674396469484595,1.0,-1.0
58,25,5.0,6.0,703,380,323,-3.071985553295414,-2.998921664317459,True,-0.07306388897795513,-3.0389957756138917,-3.0131802641624894,-3.0688939670558346,-3.0261368660006447,-2.9344166829536222,-0.04584868729476943,1.0,-1.0
58,26,6.0,7.0,702,519,183,-3.2372556965155876,-2.998921664317459,True,-0.23833403219812865,-3.0389957756138917,-3.0131802641624894,-3.0688939670558346,-3.0261368660006447,-2.9344166829536222,-0.2111188305149434,1.0,-1.0
58,27,7.0,8.0,703,310,393,-3.0328860805409907,-2.998921664317459,True,-0.033964416223531746,-3.0389957756138917,-3.0131802641624894,-3.0688939670558346,-3.0261368660006447,-2.9344166829536222,-0.006749214540346049,3.0,0.0
58,28,8.0,9.0,702,355,347,-3.0002002055722956,-2.998921664317459,True,-0.0012785412548366182,-3.0389957756138917,-3.0131802641624894,-3.0688939670558346,-3.0261368660006447,-2.9344166829536222,0.025936660428348635,4.0,0.5
58,29,9.0,10.0,703,209,494,-2.978754078037335,-2.998921664317459,True,0.020167586280123828,-3.0389957756138917,-3.0131802641624894,-3.0688939670558346,-3.0261368660006447,-2.9344166829536222,0.047382787963309525,4.0,0.5
58,30,10.0,11.0,703,537,166,-3.1654214388339637,-2.998921664317459,True,-0.16649977451650466,-3.0389957756138917,-3.0131802641624894,-3.0688939670558346,-3.0261368660006447,-2.9344166829536222,-0.1392845728333194,1.0,-1.0
58,31,11.0,12.0,702,515,187,-3.105817013163746,-2.998921664317459,True,-0.10689534884628715,-3.0389957756138917,-3.0131802641624894,-3.0688939670558346,-3.0261368660006447,-2.9344166829536222,-0.07968014716310146,1.0,-1.0
58,32,12.0,13.0,703,458,245,-2.9525075917454626,-2.998921664317459,True,0.04641407257199637,-3.0389957756138917,-3.0131802641624894,-3.0688939670558346,-3.0261368660006447,-2.9344166829536222,0.07362927425518251,4.0,0.5
58,33,13.0,14.0,702,588,114,-2.8116651346419124,-2.998921664317459,True,0.18725652967554662,-3.0389957756138917,-3.0131802641624894,-3.0688939670558346,-3.0261368660006447,-2.9344166829536222,0.21447173135873232,5.0,1.0
58,34,14.0,15.0,703,392,311,-2.9407138037888765,-2.998921664317459,True,0.05820786052858251,-3.0389957756138917,-3.0131802641624894,-3.0688939670558346,-3.0261368660006447,-2.9344166829536222,0.08542306221176821,4.0,0.5
58,35,15.0,16.0,702,426,276,-3.0329924489998303,-2.998921664317459,True,-0.03407078468237135,-3.0389957756138917,-3.0131802641624894,-3.0688939670558346,-3.0261368660006447,-2.9344166829536222,-0.00685558299918565,3.0,0.0
58,36,16.0,17.0,703,267,436,-3.184028544449709,-2.998921664317459,True,-0.18510688013224996,-3.0389957756138917,-3.0131802641624894,-3.0688939670558346,-3.0261368660006447,-2.9344166829536222,-0.15789167844906427,1.0,-1.0
58,37,17.0,18.0,702,416,286,-2.9788116668428772,-2.998921664317459,True,0.020109997474581753,-3.0389957756138917,-3.0131802641624894,-3.0688939670558346,-3.0261368660006447,-2.9344166829536222,0.047325199157767894,4.0,0.5
58,38,18.0,19.0,703,290,413,-3.0622243899956674,-2.998921664317459,True,-0.06330272567820838,-3.0389957756138917,-3.0131802641624894,-3.0688939670558346,-3.0261368660006447,-2.9344166829536222,-0.03608752399502313,2.0,-0.5
58,39,19.0,20.0,703,493,210,-3.2184052535320276,-2.998921664317459,True,-0.21948358921456856,-3.0389957756138917,-3.0131802641624894,-3.0688939670558346,-3.0261368660006447,-2.9344166829536222,-0.1922683875313833,1.0,-1.0
59,0,-20.0,-19.0,703,492,211,-3.120784275276282,-2.9772007759884676,True,-0.14358349928781466,-2.9722578824216517,-2.9492986379070723,-3.060387554264498,-2.95715557030665,-2.9116734257709673,-0.1636287049696321,1.0,-1.0
59,1,-19.0,-18.0,702,458,244,-3.0967541082222168,-2.9772007759884676,True,-0.1195533322337492,-2.9722578824216517,-2.9492986379070723,-3.060387554264498,-2.95715557030665,-2.9116734257709673,-0.13959853791556665,1.0,-1.0
59,2,-18.0,-17.0,703,496,207,-3.025472592490633,-2.9772007759884676,True,-0.04827181650216561,-2.9722578824216517,-2.9492986379070723,-3.060387554264498,-2.95715557030665,-2.9116734257709673,-0.06831702218398306,2.0,-0.5
59,3,-17.0,-16.0,702,436,266,-2.959748777453036,-2.9772007759884676,True,0.017451998535431557,-2.9722578824216517,-2.9492986379070723,-3.060387554264498,-2.95715557030665,-2.9116734257709673,-0.0025932071463858897,3.0,0.0
59,4,-16.0,-15.0,703,502,201,-3.0024700607704786,-2.9772007759884676,True,-0.02526928478201107,-2.9722578824216517,-2.9492986379070723,-3.060387554264498,-2.95715557030665,-2.9116734257709673,-0.045314490463828516,2.0,-0.5
59,5,-15.0,-14.0,702,238,464,-2.942865195930949,-2.9772007759884676,True,0.03433558005751847,-2.9722578824216517,-2.9492986379070723,-3.060387554264498,-2.95715557030665,-2.9116734257709673,0.01429037437570102,4.0,0.5
59,6,-14.0,-13.0,703,488,215,-3.114140320711315,-2.9772007759884676,True,-0.13693954472284764,-2.9722578824216517,-2.9492986379070723,-3.060387554264498,-2.95715557030665,-2.9116734257709673,-0.15698475040466509,1.0,-1.0
59,7,-13.0,-12.0,703,473,230,-2.9423237270953693,-2.9772007759884676,True,0.034877048893098284,-2.9722578824216517,-2.9492986379070723,-3.060387554264498,-2.95715557030665,-2.9116734257709673,0.014831843211280837,4.0,0.5
59,8,-12.0,-11.0,702,560,142,-2.9875467884944045,-2.9772007759884676,True,-0.010346012505936919,-2.9722578824216517,-2.9492986379070723,-3.060387554264498,-2.95715557030665,-2.9116734257709673,-0.030391218187754365,2.0,-0.5
59,9,-11.0,-10.0,703,626,77,-2.9545623631602638,-2.9772007759884676,True,0.02263841282820378,-2.9722578824216517,-2.9492986379070723,-3.060387554264498,-2.95715557030665,-2.9116734257709673,0.0025932071463858897,3.0,0.0
59,10,-10.0,-9.0,702,592,110,-3.0642852752863723,-2.9772007759884676,True,-0.08708449929790474,-2.9722578824216517,-2.9492986379070723,-3.060387554264498,-2.95715557030665,-2.9116734257709673,-0.10712970497972218,1.0,-1.0
59,11,-9.0,-8.0,703,438,265,-2.8760248423356356,-2.9772007759884676,True,0.10117593365283195,-2.9722578824216517,-2.9492986379070723,-3.060387554264498,-2.95715557030665,-2.9116734257709673,0.08113072797101406,5.0,1.0
59,12,-8.0,-7.0,702,465,237,-2.915411748819274,-2.9772007759884676,True,0.061789027169193655,-2.9722578824216517,-2.9492986379070723,-3.060387554264498,-2.95715557030665,-2.9116734257709673,0.04174382148737621,4.0,0.5
59,13,-7.0,-6.0,703,421,282,-2.794272960719102,-2.9772007759884676,True,0.18292781526936563,-2.9722578824216517,-2.9492986379070723,-3.060387554264498,-2.95715557030665,-2.9116734257709673,0.1628826095875482,5.0,1.0
59,14,-6.0,-5.0,703,573,130,-2.883978721995057,-2.9772007759884676,True,0.09322205399341055,-2.9722578824216517,-2.9492986379070723,-3.060387554264498,-2.95715557030665,-2.9116734257709673,0.0731768483115931,5.0,1.0
59,15,-5.0,-4.0,702,443,259,-2.929281436400238,-2.9772007759884676,True,0.04791933958822936,-2.9722578824216517,-2.9492986379070723,-3.060387554264498,-2.95715557030665,-2.9116734257709673,0.027874133906411913,4.0,0.5
59,16,-4.0,-3.0,703,215,488,-2.8986025691142348,-2.9772007759884676,True,0.0785982068742328,-2.9722578824216517,-2.9492986379070723,-3.060387554264498,-2.95715557030665,-2.9116734257709673,0.058553001192415355,5.0,1.0
59,17,-3.0,-2.0,702,395,307,-2.900458456626048,-2.9772007759884676,True,0.07674231936241949,-2.9722578824216517,-2.9492986379070723,-3.060387554264498,-2.95715557030665,-2.9116734257709673,0.05669711368060204,5.0,1.0
59,18,-2.0,-1.0,703,460,243,-3.0590883139238727,-2.9772007759884676,True,-0.08188753793540515,-2.9722578824216517,-2.9492986379070723,-3.060387554264498,-2.95715557030665,-2.9116734257709673,-0.1019327436172226,2.0,-0.5
59,19,-1.0,0.0,702,567,135,-3.075942984944565,-2.9772007759884676,True,-0.09874220895609742,-2.9722578824216517,-2.9492986379070723,-3.060387554264498,-2.95715557030665,-2.9116734257709673,-0.11878741463791487,1.0,-1.0
59,20,0.0,1.0,703,573,130,-3.1392871773225295,-2.9772007759884676,True,-0.16208640133406194,-2.9722578824216517,-2.9492986379070723,-3.060387554264498,-2.95715557030665,-2.9116734257709673,-0.18213160701587894,1.0,-1.0
59,21,1.0,2.0,703,301,402,-2.9765392181502714,-2.9772007759884676,True,0.0006615578381961029,-2.9722578824216517,-2.9492986379070723,-3.060387554264498,-2.95715557030665,-2.9116734257709673,-0.019383647843621343,2.0,-0.5
59,22,2.0,3.0,702,523,179,-3.1389789289403964,-2.9772007759884676,True,-0.16177815295192888,-2.9722578824216517,-2.9492986379070723,-3.060387554264498,-2.95715557030665,-2.9116734257709673,-0.18182335863374632,1.0,-1.0
59,23,3.0,4.0,703,359,344,-3.035137818007042,-2.9772007759884676,True,-0.0579370420185743,-2.9722578824216517,-2.9492986379070723,-3.060387554264498,-2.95715557030665,-2.9116734257709673,-0.07798224770039175,2.0,-0.5
59,24,4.0,5.0,702,436,266,-3.0511953058767873,-2.9772007759884676,True,-0.07399452988831978,-2.9722578824216517,-2.9492986379070723,-3.060387554264498,-2.95715557030665,-2.9116734257709673,-0.09403973557013767,2.0,-0.5
59,25,5.0,6.0,703,426,277,-3.0553247489605013,-2.9772007759884676,True,-0.07812397297203377,-2.9722578824216517,-2.9492986379070723,-3.060387554264498,-2.95715557030665,-2.9116734257709673,-0.09816917865385122,2.0,-0.5
59,26,6.0,7.0,702,391,311,-3.0982167480588334,-2.9772007759884676,True,-0.12101597207036585,-2.9722578824216517,-2.9492986379070723,-3.060387554264498,-2.95715557030665,-2.9116734257709673,-0.1410611777521833,1.0,-1.0
59,27,7.0,8.0,703,524,179,-3.0817400159438986,-2.9772007759884676,True,-0.10453923995543102,-2.9722578824216517,-2.9492986379070723,-3.060387554264498,-2.95715557030665,-2.9116734257709673,-0.12458444563724846,1.0,-1.0
59,28,8.0,9.0,702,351,351,-3.1211804287923695,-2.9772007759884676,True,-0.1439796528039019,-2.9722578824216517,-2.9492986379070723,-3.060387554264498,-2.95715557030665,-2.9116734257709673,-0.1640248584857189,1.0,-1.0
59,29,9.0,10.0,703,312,391,-3.18869328876895,-2.9772007759884676,True,-0.2114925127804823,-2.9722578824216517,-2.9492986379070723,-3.060387554264498,-2.95715557030665,-2.9116734257709673,-0.23153771846229976,1.0,-1.0
59,30,10.0,11.0,703,472,231,-3.178188946131994,-2.9772007759884676,True,-0.20098817014352655,-2.9722578824216517,-2.9492986379070723,-3.060387554264498,-2.95715557030665,-2.9116734257709673,-0.221033375825344,1.0,-1.0
59,31,11.0,12.0,702,428,274,-3.0932797126447586,-2.9772007759884676,True,-0.1160789366562911,-2.9722578824216517,-2.9492986379070723,-3.060387554264498,-2.95715557030665,-2.9116734257709673,-0.1361241423381081,1.0,-1.0
59,32,12.0,13.0,703,369,334,-3.064020815315939,-2.9772007759884676,True,-0.0868200393274714,-2.9722578824216517,-2.9492986379070723,-3.060387554264498,-2.95715557030665,-2.9116734257709673,-0.10686524500928885,1.0,-1.0
59,33,13.0,14.0,702,393,309,-3.0307465984851234,-2.9772007759884676,True,-0.05354582249665585,-2.9722578824216517,-2.9492986379070723,-3.060387554264498,-2.95715557030665,-2.9116734257709673,-0.0735910281784733,2.0,-0.5
59,34,14.0,15.0,703,242,461,-2.8999134573235175,-2.9772007759884676,True,0.07728731866495009,-2.9722578824216517,-2.9492986379070723,-3.060387554264498,-2.95715557030665,-2.9116734257709673,0.05724211298313309,5.0,1.0
59,35,15.0,16.0,702,333,369,-2.9827928905958054,-2.9772007759884676,True,-0.005592114607337884,-2.9722578824216517,-2.9492986379070723,-3.060387554264498,-2.95715557030665,-2.9116734257709673,-0.025637320289154886,2.0,-0.5
59,36,16.0,17.0,703,649,54,-3.005720888234505,-2.9772007759884676,True,-0.028520112246037232,-2.9722578824216517,-2.9492986379070723,-3.060387554264498,-2.95715557030665,-2.9116734257709673,-0.04856531792785468,2.0,-0.5
59,37,17.0,18.0,703,366,337,-3.045788997075228,-2.9772007759884676,True,-0.06858822108676055,-2.9722578824216517,-2.9492986379070723,-3.060387554264498,-2.95715557030665,-2.9116734257709673,-0.088633426768578,2.0,-0.5
59,38,18.0,19.0,702,473,229,-2.9247586659546068,-2.9772007759884676,True,0.05244211003386079,-2.9722578824216517,-2.9492986379070723,-3.060387554264498,-2.95715557030665,-2.9116734257709673,0.03239690435204334,4.0,0.5
59,39,19.0,20.0,703,440,263,-3.0220189677785947,-2.9772007759884676,True,-0.04481819179012714,-2.9722578824216517,-2.9492986379070723,-3.060387554264498,-2.95715557030665,-2.9116734257709673,-0.06486339747194458,2.0,-0.5
60,0,-20.0,-19.0,703,308,395,-2.966344672624969,-2.9949455071432967,True,0.028600834518327733,-2.9836231491365672,-2.9734409946893434,-3.0393342862502615,-2.9801727605532196,-2.943054683833665,0.013828087928250632,4.0,0.5
60,1,-19.0,-18.0,702,605,97,-2.915528661625894,-2.9949455071432967,True,0.07941684551740247,-2.9836231491365672,-2.9734409946893434,-3.0393342862502615,-2.9801727605532196,-2.943054683833665,0.06464409892732537,5.0,1.0
60,2,-18.0,-17.0,703,397,306,-3.028176707933378,-2.9949455071432967,True,-0.03323120079008124,-2.9836231491365672,-2.9734409946893434,-3.0393342862502615,-2.9801727605532196,-2.943054683833665,-0.04800394738015834,2.0,-0.5
60,3,-17.0,-16.0,703,330,373,-2.9522300245695883,-2.9949455071432967,True,0.042715482573708385,-2.9836231491365672,-2.9734409946893434,-3.0393342862502615,-2.9801727605532196,-2.943054683833665,0.027942735983631284,4.0,0.5
60,4,-16.0,-15.0,702,505,197,-3.19199547238985,-2.9949455071432967,True,-0.19704996524655316,-2.9836231491365672,-2.9734409946893434,-3.0393342862502615,-2.9801727605532196,-2.943054683833665,-0.21182271183663026,1.0,-1.0
60,5,-15.0,-14.0,703,522,181,-3.1369284111910423,-2.9949455071432967,True,-0.1419829040477456,-2.9836231491365672,-2.9734409946893434,-3.0393342862502615,-2.9801727605532196,-2.943054683833665,-0.1567556506378227,1.0,-1.0
60,6,-14.0,-13.0,702,382,320,-2.981098444728062,-2.9949455071432967,True,0.013847062415234479,-2.9836231491365672,-2.9734409946893434,-3.0393342862502615,-2.9801727605532196,-2.943054683833665,-0.0009256841748426226,3.0,0.0
60,7,-13.0,-12.0,703,386,317,-2.979247076378377,-2.9949455071432967,True,0.015698430764919724,-2.9836231491365672,-2.9734409946893434,-3.0393342862502615,-2.9801727605532196,-2.943054683833665,0.0009256841748426226,3.0,0.0
60,8,-12.0,-11.0,702,633,69,-2.8655406136448476,-2.9949455071432967,True,0.12940489349844908,-2.9836231491365672,-2.9734409946893434,-3.0393342862502615,-2.9801727605532196,-2.943054683833665,0.11463214690837153,5.0,1.0
60,9,-11.0,-10.0,703,374,329,-2.857144647250459,-2.9949455071432967,True,0.13780085989283775,-2.9836231491365672,-2.9734409946893434,-3.0393342862502615,-2.9801727605532196,-2.943054683833665,0.12302811330276064,5.0,1.0
60,10,-10.0,-9.0,703,462,241,-2.8357749507845496,-2.9949455071432967,True,0.1591705563587471,-2.9836231491365672,-2.9734409946893434,-3.0393342862502615,-2.9801727605532196,-2.943054683833665,0.14439780976867,5.0,1.0
60,11,-9.0,-8.0,702,542,160,-2.9607256579726213,-2.9949455071432967,True,0.03421984917067533,-2.9836231491365672,-2.9734409946893434,-3.0393342862502615,-2.9801727605532196,-2.943054683833665,0.01944710258059823,4.0,0.5
60,12,-8.0,-7.0,703,558,145,-3.0728070212009126,-2.9949455071432967,True,-0.07786151405761599,-2.9836231491365672,-2.9734409946893434,-3.0393342862502615,-2.9801727605532196,-2.943054683833665,-0.09263426064769309,1.0,-1.0
60,13,-7.0,-6.0,702,406,296,-3.023812329845778,-2.9949455071432967,True,-0.02886682270248153,-2.9836231491365672,-2.9734409946893434,-3.0393342862502615,-2.9801727605532196,-2.943054683833665,-0.04363956929255863,2.0,-0.5
60,14,-6.0,-5.0,703,541,162,-2.9119238686660402,-2.9949455071432967,True,0.08302163847725641,-2.9836231491365672,-2.9734409946893434,-3.0393342862502615,-2.9801727605532196,-2.943054683833665,0.06824889188717975,5.0,1.0
60,15,-5.0,-4.0,702,523,179,-2.966233412043679,-2.9949455071432967,True,0.028712095099617585,-2.9836231491365672,-2.9734409946893434,-3.0393342862502615,-2.9801727605532196,-2.943054683833665,0.013939348509540483,4.0,0.5
60,16,-4.0,-3.0,703,363,340,-2.9867088989691846,-2.9949455071432967,True,0.008236608174112092,-2.9836231491365672,-2.9734409946893434,-3.0393342862502615,-2.9801727605532196,-2.943054683833665,-0.006536138415965453,2.0,-0.5
60,17,-3.0,-2.0,702,299,403,-3.015036076904878,-2.9949455071432967,True,-0.02009056976158119,-2.9836231491365672,-2.9734409946893434,-3.0393342862502615,-2.9801727605532196,-2.943054683833665,-0.03486331635165829,2.0,-0.5
60,18,-2.0,-1.0,703,310,393,-3.1315102510366675,-2.9949455071432967,True,-0.1365647438933708,-2.9836231491365672,-2.9734409946893434,-3.0393342862502615,-2.9801727605532196,-2.943054683833665,-0.1513374904834479,1.0,-1.0
60,19,-1.0,0.0,703,287,416,-3.120142943105163,-2.9949455071432967,True,-0.12519743596186617,-2.9836231491365672,-2.9734409946893434,-3.0393342862502615,-2.9801727605532196,-2.943054683833665,-0.13997018255194327,1.0,-1.0
60,20,0.0,1.0,702,315,387,-3.1204049312266324,-2.9949455071432967,True,-0.12545942408333577,-2.9836231491365672,-2.9734409946893434,-3.0393342862502615,-2.9801727605532196,-2.943054683833665,-0.14023217067341287,1.0,-1.0
60,21,1.0,2.0,703,626,77,-3.0335614124664962,-2.9949455071432967,True,-0.038615905323199584,-2.9836231491365672,-2.9734409946893434,-3.0393342862502615,-2.9801727605532196,-2.943054683833665,-0.05338865191327624,2.0,-0.5
60,22,2.0,3.0,702,558,144,-3.035897823275191,-2.9949455071432967,True,-0.04095231613189432,-2.9836231491365672,-2.9734409946893434,-3.0393342862502615,-2.9801727605532196,-2.943054683833665,-0.05572506272197142,2.0,-0.5
60,23,3.0,4.0,703,567,136,-3.066283540251399,-2.9949455071432967,True,-0.07133803310810238,-2.9836231491365672,-2.9734409946893434,-3.0393342862502615,-2.9801727605532196,-2.943054683833665,-0.08611077969817948,1.0,-1.0
60,24,4.0,5.0,702,233,469,-3.0837516687586435,-2.9949455071432967,True,-0.08880616161534682,-2.9836231491365672,-2.9734409946893434,-3.0393342862502615,-2.9801727605532196,-2.943054683833665,-0.10357890820542393,1.0,-1.0
60,25,5.0,6.0,703,284,419,-3.1305181001051237,-2.9949455071432967,True,-0.135572592961827,-2.9836231491365672,-2.9734409946893434,-3.0393342862502615,-2.9801727605532196,-2.943054683833665,-0.15034533955190454,1.0,-1.0
60,26,6.0,7.0,703,398,305,-3.126673308946753,-2.9949455071432967,True,-0.13172780180345622,-2.9836231491365672,-2.9734409946893434,-3.0393342862502615,-2.9801727605532196,-2.943054683833665,-0.14650054839353333,1.0,-1.0
60,27,7.0,8.0,702,404,298,-3.1322445434388295,-2.9949455071432967,True,-0.13729903629553286,-2.9836231491365672,-2.9734409946893434,-3.0393342862502615,-2.9801727605532196,-2.943054683833665,-0.15207178288560952,1.0,-1.0
60,28,8.0,9.0,703,459,244,-3.1142813807161294,-2.9949455071432967,True,-0.1193358735728327,-2.9836231491365672,-2.9734409946893434,-3.0393342862502615,-2.9801727605532196,-2.943054683833665,-0.1341086201629098,1.0,-1.0
60,29,9.0,10.0,702,389,313,-3.1728169831223507,-2.9949455071432967,True,-0.17787147597905406,-2.9836231491365672,-2.9734409946893434,-3.0393342862502615,-2.9801727605532196,-2.943054683833665,-0.19264422256913116,1.0,-1.0
60,30,10.0,11.0,703,355,348,-3.1025298221532953,-2.9949455071432967,True,-0.10758431500999865,-2.9836231491365672,-2.9734409946893434,-3.0393342862502615,-2.9801727605532196,-2.943054683833665,-0.1223570616000762,1.0,-1.0
60,31,11.0,12.0,702,431,271,-2.8755780823084334,-2.9949455071432967,True,0.11936742483486329,-2.9836231491365672,-2.9734409946893434,-3.0393342862502615,-2.9801727605532196,-2.943054683833665,0.10459467824478619,5.0,1.0
60,32,12.0,13.0,703,542,161,-2.952004068832334,-2.9949455071432967,True,0.04294143831096253,-2.9836231491365672,-2.9734409946893434,-3.0393342862502615,-2.9801727605532196,-2.943054683833665,0.02816869172088543,4.0,0.5
60,33,13.0,14.0,703,614,89,-2.540112537934757,-2.9949455071432967,True,0.4548329692085398,-2.9836231491365672,-2.9734409946893434,-3.0393342862502615,-2.9801727605532196,-2.943054683833665,0.44006022261846267,5.0,1.0
60,34,14.0,15.0,702,543,159,-2.741204254473228,-2.9949455071432967,True,0.25374125267006864,-2.9836231491365672,-2.9734409946893434,-3.0393342862502615,-2.9801727605532196,-2.943054683833665,0.23896850607999154,5.0,1.0
60,35,15.0,16.0,703,513,190,-2.976400499959728,-2.9949455071432967,True,0.01854500718356844,-2.9836231491365672,-2.9734409946893434,-3.0393342862502615,-2.9801727605532196,-2.943054683833665,0.003772260593491339,3.0,0.0
60,36,16.0,17.0,702,387,315,-2.6717192754790138,-2.9949455071432967,True,0.3232262316642829,-2.9836231491365672,-2.9734409946893434,-3.0393342862502615,-2.9801727605532196,-2.943054683833665,0.3084534850742058,5.0,1.0
60,37,17.0,18.0,703,269,434,-3.155197315008764,-2.9949455071432967,True,-0.16025180786546755,-2.9836231491365672,-2.9734409946893434,-3.0393342862502615,-2.9801727605532196,-2.943054683833665,-0.17502455445554466,1.0,-1.0
60,38,18.0,19.0,702,470,232,-3.1627157929018086,-2.9949455071432967,True,-0.16777028575851194,-2.9836231491365672,-2.9734409946893434,-3.0393342862502615,-2.9801727605532196,-2.943054683833665,-0.18254303234858904,1.0,-1.0
60,39,19.0,20.0,703,504,199,-3.1780219938110172,-2.9949455071432967,True,-0.18307648666772058,-2.9836231491365672,-2.9734409946893434,-3.0393342862502615,-2.9801727605532196,-2.943054683833665,-0.19784923325779724,1.0,-1.0
61,0,-20.0,-19.0,702,381,321,-3.1717966891982843,-3.0130085333377936,True,-0.15878815586049067,-3.0541118051082154,-3.0088244116635208,-3.07996503496861,-3.0370608356218174,-2.9258517150854964,-0.1347358535764669,1.0,-1.0
61,1,-19.0,-18.0,703,390,313,-3.020793107944575,-3.0130085333377936,True,-0.0077845746067812804,-3.0541118051082154,-3.0088244116635208,-3.07996503496861,-3.0370608356218174,-2.9258517150854964,0.016267727677242494,3.0,0.0
61,2,-18.0,-17.0,702,410,292,-3.0618438539085973,-3.0130085333377936,True,-0.04883532057080364,-3.0541118051082154,-3.0088244116635208,-3.07996503496861,-3.0370608356218174,-2.9258517150854964,-0.024783018286779868,2.0,-0.5
61,3,-17.0,-16.0,703,469,234,-3.1402068853537957,-3.0130085333377936,True,-0.12719835201600205,-3.0541118051082154,-3.0088244116635208,-3.07996503496861,-3.0370608356218174,-2.9258517150854964,-0.10314604973197872,1.0,-1.0
61,4,-16.0,-15.0,703,389,314,-3.1086520235856097,-3.0130085333377936,True,-0.09564349024781604,-3.0541118051082154,-3.0088244116635208,-3.07996503496861,-3.0370608356218174,-2.9258517150854964,-0.07159118796379227,1.0,-1.0
61,5,-15.0,-14.0,702,544,158,-3.0691827431313716,-3.0130085333377936,True,-0.05617420979357801,-3.0541118051082154,-3.0088244116635208,-3.07996503496861,-3.0370608356218174,-2.9258517150854964,-0.03212190750955468,2.0,-0.5
61,6,-14.0,-13.0,703,410,293,-3.07040270542961,-3.0130085333377936,True,-0.0573941720918163,-3.0541118051082154,-3.0088244116635208,-3.07996503496861,-3.0370608356218174,-2.9258517150854964,-0.033341869807792524,2.0,-0.5
61,7,-13.0,-12.0,702,478,224,-3.1208621715604865,-3.0130085333377936,True,-0.1078536382226929,-3.0541118051082154,-3.0088244116635208,-3.07996503496861,-3.0370608356218174,-2.9258517150854964,-0.08380133593866912,1.0,-1.0
61,8,-12.0,-11.0,703,439,264,-3.143891965802316,-3.0130085333377936,True,-0.13088343246452228,-3.0541118051082154,-3.0088244116635208,-3.07996503496861,-3.0370608356218174,-2.9258517150854964,-0.1068311301804985,1.0,-1.0
61,9,-11.0,-10.0,702,504,198,-3.0533285632990603,-3.0130085333377936,True,-0.04032002996126671,-3.0541118051082154,-3.0088244116635208,-3.07996503496861,-3.0370608356218174,-2.9258517150854964,-0.016267727677242938,3.0,0.0
61,10,-10.0,-9.0,703,441,262,-2.9469324176935974,-3.0130085333377936,True,0.06607611564419624,-3.0541118051082154,-3.0088244116635208,-3.07996503496861,-3.0370608356218174,-2.9258517150854964,0.09012841792822002,4.0,0.5
61,11,-9.0,-8.0,703,557,146,-2.9941960050977876,-3.0130085333377936,True,0.01881252824000601,-3.0541118051082154,-3.0088244116635208,-3.07996503496861,-3.0370608356218174,-2.9258517150854964,0.04286483052402934,4.0,0.5
61,12,-8.0,-7.0,702,583,119,-2.923030876727226,-3.0130085333377936,True,0.08997765661056745,-3.0541118051082154,-3.0088244116635208,-3.07996503496861,-3.0370608356218174,-2.9258517150854964,0.11402995889459122,5.0,1.0
61,13,-7.0,-6.0,703,616,87,-2.88029813227245,-3.0130085333377936,True,0.1327104010653435,-3.0541118051082154,-3.0088244116635208,-3.07996503496861,-3.0370608356218174,-2.9258517150854964,0.15676270334936726,5.0,1.0
61,14,-6.0,-5.0,702,619,83,-2.926791994538253,-3.0130085333377936,True,0.08621653879954083,-3.0541118051082154,-3.0088244116635208,-3.07996503496861,-3.0370608356218174,-2.9258517150854964,0.1102688410835646,4.0,0.5
61,15,-5.0,-4.0,703,592,111,-2.8900760445169977,-3.0130085333377936,True,0.12293248882079588,-3.0541118051082154,-3.0088244116635208,-3.07996503496861,-3.0370608356218174,-2.9258517150854964,0.14698479110481966,5.0,1.0
61,16,-4.0,-3.0,702,588,114,-2.9312220995935245,-3.0130085333377936,True,0.08178643374426908,-3.0541118051082154,-3.0088244116635208,-3.07996503496861,-3.0370608356218174,-2.9258517150854964,0.10583873602829286,4.0,0.5
61,17,-3.0,-2.0,703,436,267,-2.910671602061322,-3.0130085333377936,True,0.1023369312764717,-3.0541118051082154,-3.0088244116635208,-3.07996503496861,-3.0370608356218174,-2.9258517150854964,0.12638923356049547,5.0,1.0
61,18,-2.0,-1.0,703,558,145,-3.055069100652738,-3.0130085333377936,True,-0.042060567314944564,-3.0541118051082154,-3.0088244116635208,-3.07996503496861,-3.0370608356218174,-2.9258517150854964,-0.01800826503092079,2.0,-0.5
61,19,-1.0,0.0,702,481,221,-2.8409216843882605,-3.0130085333377936,True,0.17208684894953308,-3.0541118051082154,-3.0088244116635208,-3.07996503496861,-3.0370608356218174,-2.9258517150854964,0.19613915123355685,5.0,1.0
61,20,0.0,1.0,703,472,231,-2.967748424361889,-3.0130085333377936,True,0.0452601089759046,-3.0541118051082154,-3.0088244116635208,-3.07996503496861,-3.0370608356218174,-2.9258517150854964,0.06931241125992837,4.0,0.5
61,21,1.0,2.0,702,316,386,-3.2105980494401583,-3.0130085333377936,True,-0.19758951610236464,-3.0541118051082154,-3.0088244116635208,-3.07996503496861,-3.0370608356218174,-2.9258517150854964,-0.17353721381834086,1.0,-1.0
61,22,2.0,3.0,703,317,386,-3.0044945707888093,-3.0130085333377936,True,0.008513962548984289,-3.0541118051082154,-3.0088244116635208,-3.07996503496861,-3.0370608356218174,-2.9258517150854964,0.03256626483300806,4.0,0.5
61,23,3.0,4.0,702,413,289,-3.0800254692750038,-3.0130085333377936,True,-0.06701693593721014,-3.0541118051082154,-3.0088244116635208,-3.07996503496861,-3.0370608356218174,-2.9258517150854964,-0.04296463365318681,1.0,-1.0
61,24,4.0,5.0,703,463,240,-3.0600457950156303,-3.0130085333377936,True,-0.04703726167783673,-3.0541118051082154,-3.0088244116635208,-3.07996503496861,-3.0370608356218174,-2.9258517150854964,-0.022984959393812954,2.0,-0.5
61,25,5.0,6.0,702,324,378,-2.869667784167016,-3.0130085333377936,True,0.14334074917077766,-3.0541118051082154,-3.0088244116635208,-3.07996503496861,-3.0370608356218174,-2.9258517150854964,0.16739305145480143,5.0,1.0
61,26,6.0,7.0,703,407,296,-3.128536004796278,-3.0130085333377936,True,-0.11552747145848441,-3.0541118051082154,-3.0088244116635208,-3.07996503496861,-3.0370608356218174,-2.9258517150854964,-0.09147516917446064,1.0,-1.0
61,27,7.0,8.0,703,406,297,-2.9841655511817327,-3.0130085333377936,True,0.02884298215606096,-3.0541118051082154,-3.0088244116635208,-3.07996503496861,-3.0370608356218174,-2.9258517150854964,0.05289528444008473,4.0,0.5
61,28,8.0,9.0,702,508,194,-3.0673530434691987,-3.0130085333377936,True,-0.054344510131405066,-3.0541118051082154,-3.0088244116635208,-3.07996503496861,-3.0370608356218174,-2.9258517150854964,-0.03029220784738129,2.0,-0.5
61,29,9.0,10.0,703,316,387,-3.0319635450978843,-3.0130085333377936,True,-0.018955011760090734,-3.0541118051082154,-3.0088244116635208,-3.07996503496861,-3.0370608356218174,-2.9258517150854964,0.00509729052393304,3.0,0.0
61,30,10.0,11.0,702,405,297,-3.0088069734462564,-3.0130085333377936,True,0.004201559891537254,-3.0541118051082154,-3.0088244116635208,-3.07996503496861,-3.0370608356218174,-2.9258517150854964,0.02825386217556103,4.0,0.5
61,31,11.0,12.0,703,547,156,-3.0214725836216676,-3.0130085333377936,True,-0.00846405028387398,-3.0541118051082154,-3.0088244116635208,-3.07996503496861,-3.0370608356218174,-2.9258517150854964,0.01558825200014935,3.0,0.0
61,32,12.0,13.0,702,421,281,-3.0571541139280414,-3.0130085333377936,True,-0.04414558059024776,-3.0541118051082154,-3.0088244116635208,-3.07996503496861,-3.0370608356218174,-2.9258517150854964,-0.020093278306223983,2.0,-0.5
61,33,13.0,14.0,703,587,116,-2.5367697956339597,-3.0130085333377936,True,0.47623873770383396,-3.0541118051082154,-3.0088244116635208,-3.07996503496861,-3.0370608356218174,-2.9258517150854964,0.5002910399878573,5.0,1.0
61,34,14.0,15.0,703,512,191,-2.4420001224356302,-3.0130085333377936,True,0.5710084109021634,-3.0541118051082154,-3.0088244116635208,-3.07996503496861,-3.0370608356218174,-2.9258517150854964,0.5950607131861871,5.0,1.0
61,35,15.0,16.0,702,337,365,-2.8027802577029566,-3.0130085333377936,True,0.21022827563483704,-3.0541118051082154,-3.0088244116635208,-3.07996503496861,-3.0370608356218174,-2.9258517150854964,0.2342805779188608,5.0,1.0
61,36,16.0,17.0,703,410,293,-2.6726809478031623,-3.0130085333377936,True,0.34032758553463127,-3.0541118051082154,-3.0088244116635208,-3.07996503496861,-3.0370608356218174,-2.9258517150854964,0.36437988781865505,5.0,1.0
61,37,17.0,18.0,702,565,137,-3.056044599834473,-3.0130085333377936,True,-0.04303606649667957,-3.0541118051082154,-3.0088244116635208,-3.07996503496861,-3.0370608356218174,-2.9258517150854964,-0.018983764212655796,2.0,-0.5
61,38,18.0,19.0,703,479,224,-3.151797816081922,-3.0130085333377936,True,-0.1387892827441286,-3.0541118051082154,-3.0088244116635208,-3.07996503496861,-3.0370608356218174,-2.9258517150854964,-0.11473698046010483,1.0,-1.0
61,39,19.0,20.0,702,563,139,-2.993227805985467,-3.0130085333377936,True,0.01978072735232672,-3.0541118051082154,-3.0088244116635208,-3.07996503496861,-3.0370608356218174,-2.9258517150854964,0.043833029636350496,4.0,0.5
62,0,-20.0,-19.0,702,598,104,-3.0952586550205554,-2.9236363536656667,True,-0.17162230135488876,-2.9190394420291437,-2.9040993485887046,-3.006841438402595,-2.91426858451608,-2.8234335852001022,-0.18099007050447558,1.0,-1.0
62,1,-19.0,-18.0,703,397,306,-3.0818888089449,-2.9236363536656667,True,-0.15825245527923348,-2.9190394420291437,-2.9040993485887046,-3.006841438402595,-2.91426858451608,-2.8234335852001022,-0.1676202244288203,1.0,-1.0
62,2,-18.0,-17.0,702,570,132,-3.1226643148575524,-2.9236363536656667,True,-0.1990279611918857,-2.9190394420291437,-2.9040993485887046,-3.006841438402595,-2.91426858451608,-2.8234335852001022,-0.20839573034147252,1.0,-1.0
62,3,-17.0,-16.0,703,364,339,-2.9204140336433295,-2.9236363536656667,True,0.003222320022337133,-2.9190394420291437,-2.9040993485887046,-3.006841438402595,-2.91426858451608,-2.8234335852001022,-0.006145449127249236,2.0,-0.5
62,4,-16.0,-15.0,703,571,132,-3.0059603336360468,-2.9236363536656667,True,-0.0823239799703801,-2.9190394420291437,-2.9040993485887046,-3.006841438402595,-2.91426858451608,-2.8234335852001022,-0.09169174911996691,2.0,-0.5
62,5,-15.0,-14.0,702,472,230,-2.9388965494029597,-2.9236363536656667,True,-0.015260195737293092,-2.9190394420291437,-2.9040993485887046,-3.006841438402595,-2.91426858451608,-2.8234335852001022,-0.02462796488688035,2.0,-0.5
62,6,-14.0,-13.0,703,527,176,-2.870298070522024,-2.9236363536656667,True,0.05333828314364286,-2.9190394420291437,-2.9040993485887046,-3.006841438402595,-2.91426858451608,-2.8234335852001022,0.04397051399405605,4.0,0.5
62,7,-13.0,-12.0,702,578,124,-2.892289113703624,-2.9236363536656667,True,0.03134723996204247,-2.9190394420291437,-2.9040993485887046,-3.006841438402595,-2.91426858451608,-2.8234335852001022,0.02197947081245566,4.0,0.5
62,8,-12.0,-11.0,703,636,67,-2.8961267389125824,-2.9236363536656667,True,0.02750961475308422,-2.9190394420291437,-2.9040993485887046,-3.006841438402595,-2.91426858451608,-2.8234335852001022,0.01814184560349741,4.0,0.5
62,9,-11.0,-10.0,702,609,93,-2.7960921647932926,-2.9236363536656667,True,0.12754418887237406,-2.9190394420291437,-2.9040993485887046,-3.006841438402595,-2.91426858451608,-2.8234335852001022,0.11817641972278725,5.0,1.0
62,10,-10.0,-9.0,703,483,220,-3.0127641894532884,-2.9236363536656667,True,-0.08912783578762173,-2.9190394420291437,-2.9040993485887046,-3.006841438402595,-2.91426858451608,-2.8234335852001022,-0.09849560493720855,1.0,-1.0
62,11,-9.0,-8.0,702,403,299,-2.9106223928691684,-2.9236363536656667,True,0.013013960796498303,-2.9190394420291437,-2.9040993485887046,-3.006841438402595,-2.91426858451608,-2.8234335852001022,0.0036461916469114897,3.0,0.0
62,12,-8.0,-7.0,703,432,271,-2.78954839674744,-2.9236363536656667,True,0.1340879569182265,-2.9190394420291437,-2.9040993485887046,-3.006841438402595,-2.91426858451608,-2.8234335852001022,0.12472018776863969,5.0,1.0
62,13,-7.0,-6.0,703,565,138,-2.8217134183505257,-2.9236363536656667,True,0.10192293531514096,-2.9190394420291437,-2.9040993485887046,-3.006841438402595,-2.91426858451608,-2.8234335852001022,0.09255516616555415,5.0,1.0
62,14,-6.0,-5.0,702,665,37,-2.8053810823022287,-2.9236363536656667,True,0.11825527136343794,-2.9190394420291437,-2.9040993485887046,-3.006841438402595,-2.91426858451608,-2.8234335852001022,0.10888750221385113,5.0,1.0
62,15,-5.0,-4.0,703,654,49,-2.9179147761629913,-2.9236363536656667,True,0.0057215775026753235,-2.9190394420291437,-2.9040993485887046,-3.006841438402595,-2.91426858451608,-2.8234335852001022,-0.0036461916469119338,3.0,0.0
62,16,-4.0,-3.0,702,456,246,-2.8235061769148784,-2.9236363536656667,True,0.10013017675078828,-2.9190394420291437,-2.9040993485887046,-3.006841438402595,-2.91426858451608,-2.8234335852001022,0.09076240760120147,4.0,0.5
62,17,-3.0,-2.0,703,670,33,-2.8232158100557747,-2.9236363536656667,True,0.10042054360989194,-2.9190394420291437,-2.9040993485887046,-3.006841438402595,-2.91426858451608,-2.8234335852001022,0.09105277446030513,5.0,1.0
62,18,-2.0,-1.0,702,600,102,-3.009484752702241,-2.9236363536656667,True,-0.08584839903657437,-2.9190394420291437,-2.9040993485887046,-3.006841438402595,-2.91426858451608,-2.8234335852001022,-0.09521616818616119,1.0,-1.0
62,19,-1.0,0.0,703,402,301,-2.938687294317932,-2.9236363536656667,True,-0.015050940652265421,-2.9190394420291437,-2.9040993485887046,-3.006841438402595,-2.91426858451608,-2.8234335852001022,-0.024418709801852234,2.0,-0.5
62,20,0.0,1.0,703,500,203,-3.028564109406314,-2.9236363536656667,True,-0.10492775574064739,-2.9190394420291437,-2.9040993485887046,-3.006841438402595,-2.91426858451608,-2.8234335852001022,-0.1142955248902342,1.0,-1.0
62,21,1.0,2.0,702,482,220,-3.0769529390472146,-2.9236363536656667,True,-0.1533165853815479,-2.9190394420291437,-2.9040993485887046,-3.006841438402595,-2.91426858451608,-2.8234335852001022,-0.16268435453113472,1.0,-1.0
62,22,2.0,3.0,703,549,154,-3.0467188776529754,-2.9236363536656667,True,-0.12308252398730879,-2.9190394420291437,-2.9040993485887046,-3.006841438402595,-2.91426858451608,-2.8234335852001022,-0.1324502931368956,1.0,-1.0
62,23,3.0,4.0,702,584,118,-3.079656740529617,-2.9236363536656667,True,-0.15602038686395048,-2.9190394420291437,-2.9040993485887046,-3.006841438402595,-2.91426858451608,-2.8234335852001022,-0.1653881560135373,1.0,-1.0
62,24,4.0,5.0,703,589,114,-3.03098562109965,-2.9236363536656667,True,-0.10734926743398354,-2.9190394420291437,-2.9040993485887046,-3.006841438402595,-2.91426858451608,-2.8234335852001022,-0.11671703658357035,1.0,-1.0
62,25,5.0,6.0,702,453,249,-2.988072466316935,-2.9236363536656667,True,-0.06443611265126847,-2.9190394420291437,-2.9040993485887046,-3.006841438402595,-2.91426858451608,-2.8234335852001022,-0.07380388180085529,2.0,-0.5
62,26,6.0,7.0,703,538,165,-3.0266266216517272,-2.9236363536656667,True,-0.10299026798606059,-2.9190394420291437,-2.9040993485887046,-3.006841438402595,-2.91426858451608,-2.8234335852001022,-0.1123580371356474,1.0,-1.0
62,27,7.0,8.0,703,326,377,-3.2142648701390777,-2.9236363536656667,True,-0.29062851647341104,-2.9190394420291437,-2.9040993485887046,-3.006841438402595,-2.91426858451608,-2.8234335852001022,-0.29999628562299785,1.0,-1.0
62,28,8.0,9.0,702,331,371,-3.185916376176946,-2.9236363536656667,True,-0.26228002251127913,-2.9190394420291437,-2.9040993485887046,-3.006841438402595,-2.91426858451608,-2.8234335852001022,-0.27164779166086594,1.0,-1.0
62,29,9.0,10.0,703,454,249,-3.08207637718294,-2.9236363536656667,True,-0.15844002351727315,-2.9190394420291437,-2.9040993485887046,-3.006841438402595,-2.91426858451608,-2.8234335852001022,-0.16780779266685997,1.0,-1.0
62,30,10.0,11.0,702,463,239,-3.092814506240608,-2.9236363536656667,True,-0.16917815257494118,-2.9190394420291437,-2.9040993485887046,-3.006841438402595,-2.91426858451608,-2.8234335852001022,-0.178545921724528,1.0,-1.0
62,31,11.0,12.0,703,411,292,-3.2023966266334027,-2.9236363536656667,True,-0.2787602729677361,-2.9190394420291437,-2.9040993485887046,-3.006841438402595,-2.91426858451608,-2.8234335852001022,-0.2881280421173229,1.0,-1.0
62,32,12.0,13.0,702,365,337,-3.1233190992393274,-2.9236363536656667,True,-0.19968274557366072,-2.9190394420291437,-2.9040993485887046,-3.006841438402595,-2.91426858451608,-2.8234335852001022,-0.20905051472324754,1.0,-1.0
62,33,13.0,14.0,703,533,170,-2.7848806352382973,-2.9236363536656667,True,0.13875571842736933,-2.9190394420291437,-2.9040993485887046,-3.006841438402595,-2.91426858451608,-2.8234335852001022,0.12938794927778252,5.0,1.0
62,34,14.0,15.0,702,464,238,-2.8697289610154746,-2.9236363536656667,True,0.053907392650192065,-2.9190394420291437,-2.9040993485887046,-3.006841438402595,-2.91426858451608,-2.8234335852001022,0.04453962350060525,4.0,0.5
62,35,15.0,16.0,703,408,295,-2.7047254135026977,-2.9236363536656667,True,0.21891094016296897,-2.9190394420291437,-2.9040993485887046,-3.006841438402595,-2.91426858451608,-2.8234335852001022,0.20954317101338216,5.0,1.0
62,36,16.0,17.0,703,435,268,-2.81585273387376,-2.9236363536656667,True,0.10778361979190665,-2.9190394420291437,-2.9040993485887046,-3.006841438402595,-2.91426858451608,-2.8234335852001022,0.09841585064231984,5.0,1.0
62,37,17.0,18.0,702,282,420,-2.8049807761510905,-2.9236363536656667,True,0.11865557751457612,-2.9190394420291437,-2.9040993485887046,-3.006841438402595,-2.91426858451608,-2.8234335852001022,0.1092878083649893,5.0,1.0
62,38,18.0,19.0,703,456,247,-3.155961463177034,-2.9236363536656667,True,-0.23232510951136742,-2.9190394420291437,-2.9040993485887046,-3.006841438402595,-2.91426858451608,-2.8234335852001022,-0.24169287866095424,1.0,-1.0
62,39,19.0,20.0,702,413,289,-3.0621419192906867,-2.9236363536656667,True,-0.13850556562502003,-2.9190394420291437,-2.9040993485887046,-3.006841438402595,-2.91426858451608,-2.8234335852001022,-0.14787333477460685,1.0,-1.0
63,0,-20.0,-19.0,702,568,134,-3.0356641065472143,-2.990091002681505,True,-0.04557310386570945,-3.031894467789728,-3.0035190347411644,-3.0938303242014453,-3.0197585268132796,-2.936263591604761,-0.015905579733934694,2.0,-0.5
63,1,-19.0,-18.0,703,586,117,-3.0894263087607894,-2.990091002681505,True,-0.09933530607928454,-3.031894467789728,-3.0035190347411644,-3.0938303242014453,-3.0197585268132796,-2.936263591604761,-0.06966778194750978,2.0,-0.5
63,2,-18.0,-17.0,702,432,270,-3.1070423705234127,-2.990091002681505,True,-0.11695136784190785,-3.031894467789728,-3.0035190347411644,-3.0938303242014453,-3.0197585268132796,-2.936263591604761,-0.08728384371013309,1.0,-1.0
63,3,-17.0,-16.0,703,376,327,-2.9947339446445307,-2.990091002681505,True,-0.004642941963025837,-3.031894467789728,-3.0035190347411644,-3.0938303242014453,-3.0197585268132796,-2.936263591604761,0.02502458216874892,4.0,0.5
63,4,-16.0,-15.0,703,460,243,-3.0617711063714723,-2.990091002681505,True,-0.07168010368996747,-3.031894467789728,-3.0035190347411644,-3.0938303242014453,-3.0197585268132796,-2.936263591604761,-0.04201257955819271,2.0,-0.5
63,5,-15.0,-14.0,702,421,281,-3.1528100587085555,-2.990091002681505,True,-0.1627190560270506,-3.031894467789728,-3.0035190347411644,-3.0938303242014453,-3.0197585268132796,-2.936263591604761,-0.13305153189527585,1.0,-1.0
63,6,-14.0,-13.0,703,374,329,-3.0288102178972394,-2.990091002681505,True,-0.038719215215734515,-3.031894467789728,-3.0035190347411644,-3.0938303242014453,-3.0197585268132796,-2.936263591604761,-0.0090516910839602,3.0,0.0
63,7,-13.0,-12.0,702,347,355,-2.989722978025197,-2.990091002681505,True,0.0003680246563080303,-3.031894467789728,-3.0035190347411644,-3.0938303242014453,-3.0197585268132796,-2.936263591604761,0.03003554878808279,4.0,0.5
63,8,-12.0,-11.0,703,457,246,-3.19770242152182,-2.990091002681505,True,-0.2076114188403153,-3.031894467789728,-3.0035190347411644,-3.0938303242014453,-3.0197585268132796,-2.936263591604761,-0.17794389470854055,1.0,-1.0
63,9,-11.0,-10.0,702,463,239,-3.128893455502784,-2.990091002681505,True,-0.13880245282127923,-3.031894467789728,-3.0035190347411644,-3.0938303242014453,-3.0197585268132796,-2.936263591604761,-0.10913492868950447,1.0,-1.0
63,10,-10.0,-9.0,703,471,232,-2.928422518417552,-2.990091002681505,True,0.061668484263952994,-3.031894467789728,-3.0035190347411644,-3.0938303242014453,-3.0197585268132796,-2.936263591604761,0.09133600839572775,5.0,1.0
63,11,-9.0,-8.0,703,574,129,-3.010706835729319,-2.990091002681505,True,-0.020615833047814114,-3.031894467789728,-3.0035190347411644,-3.0938303242014453,-3.0197585268132796,-2.936263591604761,0.009051691083960645,3.0,0.0
63,12,-8.0,-7.0,702,667,35,-2.9388772826671636,-2.990091002681505,True,0.05121372001434121,-3.031894467789728,-3.0035190347411644,-3.0938303242014453,-3.0197585268132796,-2.936263591604761,0.08088124414611553,4.0,0.5
63,13,-7.0,-6.0,703,417,286,-2.775697675722643,-2.990091002681505,True,0.21439332695886204,-3.031894467789728,-3.0035190347411644,-3.0938303242014453,-3.0197585268132796,-2.936263591604761,0.2440608510906368,5.0,1.0
63,14,-6.0,-5.0,702,412,290,-3.11612794417649,-2.990091002681505,True,-0.12603694149498512,-3.031894467789728,-3.0035190347411644,-3.0938303242014453,-3.0197585268132796,-2.936263591604761,-0.09636941736321036,1.0,-1.0
63,15,-5.0,-4.0,703,355,348,-2.8818401415223236,-2.990091002681505,True,0.10825086115918126,-3.031894467789728,-3.0035190347411644,-3.0938303242014453,-3.0197585268132796,-2.936263591604761,0.13791838529095557,5.0,1.0
63,16,-4.0,-3.0,702,553,149,-2.957436453814979,-2.990091002681505,True,0.03265454886652597,-3.031894467789728,-3.0035190347411644,-3.0938303242014453,-3.0197585268132796,-2.936263591604761,0.062322072998300726,4.0,0.5
63,17,-3.0,-2.0,703,518,185,-3.0402677458663776,-2.990091002681505,True,-0.05017674318487275,-3.031894467789728,-3.0035190347411644,-3.0938303242014453,-3.0197585268132796,-2.936263591604761,-0.020509219053097993,2.0,-0.5
63,18,-2.0,-1.0,703,521,182,-2.7596390478183346,-2.990091002681505,True,0.23045195486317027,-3.031894467789728,-3.0035190347411644,-3.0938303242014453,-3.0197585268132796,-2.936263591604761,0.26011947899494503,5.0,1.0
63,19,-1.0,0.0,702,427,275,-2.6062274393918976,-2.990091002681505,True,0.38386356328960725,-3.031894467789728,-3.0035190347411644,-3.0938303242014453,-3.0197585268132796,-2.936263591604761,0.413531087421382,5.0,1.0
63,20,0.0,1.0,703,407,296,-3.190391629295817,-2.990091002681505,True,-0.20030062661431236,-3.031894467789728,-3.0035190347411644,-3.0938303242014453,-3.0197585268132796,-2.936263591604761,-0.1706331024825376,1.0,-1.0
63,21,1.0,2.0,702,257,445,-2.995024871636753,-2.990091002681505,True,-0.004933868955248055,-3.031894467789728,-3.0035190347411644,-3.0938303242014453,-3.0197585268132796,-2.936263591604761,0.024733655176526703,4.0,0.5
63,22,2.0,3.0,703,365,338,-2.922967945618493,-2.990091002681505,True,0.06712305706301169,-3.031894467789728,-3.0035190347411644,-3.0938303242014453,-3.0197585268132796,-2.936263591604761,0.09679058119478645,5.0,1.0
63,23,3.0,4.0,702,479,223,-3.1109234712790577,-2.990091002681505,True,-0.12083246859755281,-3.031894467789728,-3.0035190347411644,-3.0938303242014453,-3.0197585268132796,-2.936263591604761,-0.09116494446577805,1.0,-1.0
63,24,4.0,5.0,703,547,156,-3.2135876505445835,-2.990091002681505,True,-0.22349664786307866,-3.031894467789728,-3.0035190347411644,-3.0938303242014453,-3.0197585268132796,-2.936263591604761,-0.1938291237313039,1.0,-1.0
63,25,5.0,6.0,702,319,383,-3.0972921097843384,-2.990091002681505,True,-0.10720110710283359,-3.031894467789728,-3.0035190347411644,-3.0938303242014453,-3.0197585268132796,-2.936263591604761,-0.07753358297105883,1.0,-1.0
63,26,6.0,7.0,703,398,305,-3.0825980444746004,-2.990091002681505,True,-0.09250704179309555,-3.031894467789728,-3.0035190347411644,-3.0938303242014453,-3.0197585268132796,-2.936263591604761,-0.06283951766132079,2.0,-0.5
63,27,7.0,8.0,703,255,448,-3.1341538322251234,-2.990091002681505,True,-0.1440628295436186,-3.031894467789728,-3.0035190347411644,-3.0938303242014453,-3.0197585268132796,-2.936263591604761,-0.11439530541184384,1.0,-1.0
63,28,8.0,9.0,702,374,328,-3.131627135022462,-2.990091002681505,True,-0.1415361323409572,-3.031894467789728,-3.0035190347411644,-3.0938303242014453,-3.0197585268132796,-2.936263591604761,-0.11186860820918243,1.0,-1.0
63,29,9.0,10.0,703,476,227,-3.070630182860598,-2.990091002681505,True,-0.08053918017909334,-3.031894467789728,-3.0035190347411644,-3.0938303242014453,-3.0197585268132796,-2.936263591604761,-0.05087165604731858,2.0,-0.5
63,30,10.0,11.0,702,471,231,-3.01934271564489,-2.990091002681505,True,-0.029251712963385135,-3.031894467789728,-3.0035190347411644,-3.0938303242014453,-3.0197585268132796,-2.936263591604761,0.00041581116838962373,3.0,0.0
63,31,11.0,12.0,703,412,291,-2.9509749507301324,-2.990091002681505,True,0.039116051951372466,-3.031894467789728,-3.0035190347411644,-3.0938303242014453,-3.0197585268132796,-2.936263591604761,0.06878357608314722,4.0,0.5
63,32,12.0,13.0,702,326,376,-3.0639891546353613,-2.990091002681505,True,-0.0738981519538564,-3.031894467789728,-3.0035190347411644,-3.0938303242014453,-3.0197585268132796,-2.936263591604761,-0.04423062782208165,2.0,-0.5
63,33,13.0,14.0,703,436,267,-2.702290038172652,-2.990091002681505,True,0.28780096450885306,-3.031894467789728,-3.0035190347411644,-3.0938303242014453,-3.0197585268132796,-2.936263591604761,0.3174684886406278,5.0,1.0
63,34,14.0,15.0,703,466,237,-2.8795178641881893,-2.990091002681505,True,0.11057313849331551,-3.031894467789728,-3.0035190347411644,-3.0938303242014453,-3.0197585268132796,-2.936263591604761,0.14024066262509027,5.0,1.0
63,35,15.0,16.0,702,309,393,-2.6474778180518563,-2.990091002681505,True,0.3426131846296485,-3.031894467789728,-3.0035190347411644,-3.0938303242014453,-3.0197585268132796,-2.936263591604761,0.3722807087614233,5.0,1.0
63,36,16.0,17.0,703,473,230,-3.0714949070548068,-2.990091002681505,True,-0.08140390437330192,-3.031894467789728,-3.0035190347411644,-3.0938303242014453,-3.0197585268132796,-2.936263591604761,-0.05173638024152716,2.0,-0.5
63,37,17.0,18.0,702,228,474,-3.0897312468339537,-2.990091002681505,True,-0.09964024415244888,-3.031894467789728,-3.0035190347411644,-3.0938303242014453,-3.0197585268132796,-2.936263591604761,-0.06997272002067412,2.0,-0.5
63,38,18.0,19.0,703,27,676,-2.9086888594482625,-2.990091002681505,True,0.08140214323324235,-3.031894467789728,-3.0035190347411644,-3.0938303242014453,-3.0197585268132796,-2.936263591604761,0.11106966736501711,5.0,1.0
63,39,19.0,20.0,702,403,299,-3.2434965058714753,-2.990091002681505,True,-0.25340550318997046,-3.031894467789728,-3.0035190347411644,-3.0938303242014453,-3.0197585268132796,-2.936263591604761,-0.22373797905819615,1.0,-1.0
64,0,-20.0,-19.0,702,580,122,-3.140745665862786,-3.0455176559931134,True,-0.09522800986967273,-3.0540045049073785,-3.04249124012228,-3.0801924374374723,-3.0485445414877184,-3.0021020923432062,-0.09220112437506778,1.0,-1.0
64,1,-19.0,-18.0,703,598,105,-3.0381240241001604,-3.0455176559931134,True,0.0073936318929530565,-3.0540045049073785,-3.04249124012228,-3.0801924374374723,-3.0485445414877184,-3.0021020923432062,0.010420517387558004,4.0,0.5
64,2,-18.0,-17.0,702,400,302,-3.089246651982713,-3.0455176559931134,True,-0.04372899598959945,-3.0540045049073785,-3.04249124012228,-3.0801924374374723,-3.0485445414877184,-3.0021020923432062,-0.0407021104949945,1.0,-1.0
64,3,-17.0,-16.0,703,500,203,-3.005700801881186,-3.0455176559931134,True,0.03981685411192748,-3.0540045049073785,-3.04249124012228,-3.0801924374374723,-3.0485445414877184,-3.0021020923432062,0.04284373960653243,4.0,0.5
64,4,-16.0,-15.0,702,460,242,-3.1629192558083066,-3.0455176559931134,True,-0.11740159981519316,-3.0540045049073785,-3.04249124012228,-3.0801924374374723,-3.0485445414877184,-3.0021020923432062,-0.11437471432058821,1.0,-1.0
64,5,-15.0,-14.0,703,513,190,-3.110325053641151,-3.0455176559931134,True,-0.06480739764803767,-3.0540045049073785,-3.04249124012228,-3.0801924374374723,-3.0485445414877184,-3.0021020923432062,-0.06178051215343272,1.0,-1.0
64,6,-14.0,-13.0,703,271,432,-3.115704385268977,-3.0455176559931134,True,-0.07018672927586378,-3.0540045049073785,-3.04249124012228,-3.0801924374374723,-3.0485445414877184,-3.0021020923432062,-0.06715984378125883,1.0,-1.0
64,7,-13.0,-12.0,702,499,203,-3.006524379795955,-3.0455176559931134,True,0.03899327619715853,-3.0540045049073785,-3.04249124012228,-3.0801924374374723,-3.0485445414877184,-3.0021020923432062,0.04202016169176348,4.0,0.5
64,8,-12.0,-11.0,703,498,205,-3.04606441686765,-3.0455176559931134,True,-0.0005467608745366448,-3.0540045049073785,-3.04249124012228,-3.0801924374374723,-3.0485445414877184,-3.0021020923432062,0.0024801246200683025,3.0,0.0
64,9,-11.0,-10.0,702,516,186,-3.070545566780814,-3.0455176559931134,True,-0.025027910787700502,-3.0540045049073785,-3.04249124012228,-3.0801924374374723,-3.0485445414877184,-3.0021020923432062,-0.022001025293095555,2.0,-0.5
64,10,-10.0,-9.0,703,638,65,-2.985330615846268,-3.0455176559931134,True,0.060187040146845394,-3.0540045049073785,-3.04249124012228,-3.0801924374374723,-3.0485445414877184,-3.0021020923432062,0.06321392564145034,5.0,1.0
64,11,-9.0,-8.0,702,464,238,-2.9884738231839894,-3.0455176559931134,True,0.05704383280912406,-3.0540045049073785,-3.04249124012228,-3.0801924374374723,-3.0485445414877184,-3.0021020923432062,0.06007071830372901,5.0,1.0
64,12,-8.0,-7.0,703,619,84,-3.051024666107787,-3.0455176559931134,True,-0.005507010114673694,-3.0540045049073785,-3.04249124012228,-3.0801924374374723,-3.0485445414877184,-3.0021020923432062,-0.0024801246200687466,3.0,0.0
64,13,-7.0,-6.0,703,474,229,-2.9107150950052123,-3.0455176559931134,True,0.1348025609879011,-3.0540045049073785,-3.04249124012228,-3.0801924374374723,-3.0485445414877184,-3.0021020923432062,0.13782944648250606,5.0,1.0
64,14,-6.0,-5.0,702,496,206,-3.0771743659223914,-3.0455176559931134,True,-0.03165670992927794,-3.0540045049073785,-3.04249124012228,-3.0801924374374723,-3.0485445414877184,-3.0021020923432062,-0.028629824434673434,2.0,-0.5
64,15,-5.0,-4.0,703,476,227,-2.9791088782333857,-3.0455176559931134,True,0.06640877775972776,-3.0540045049073785,-3.04249124012228,-3.0801924374374723,-3.0485445414877184,-3.0021020923432062,0.0694356632543327,5.0,1.0
64,16,-4.0,-3.0,702,468,234,-3.0612381566881735,-3.0455176559931134,True,-0.015720500695060036,-3.0540045049073785,-3.04249124012228,-3.0801924374374723,-3.0485445414877184,-3.0021020923432062,-0.012693615200454644,2.0,-0.5
64,17,-3.0,-2.0,703,560,143,-3.057646530106879,-3.0455176559931134,True,-0.012128874113765509,-3.0540045049073785,-3.04249124012228,-3.0801924374374723,-3.0485445414877184,-3.0021020923432062,-0.009101988619160561,2.0,-0.5
64,18,-2.0,-1.0,702,311,391,-3.0224348230492084,-3.0455176559931134,True,0.023082832943905007,-3.0540045049073785,-3.04249124012228,-3.0801924374374723,-3.0485445414877184,-3.0021020923432062,0.026109718438509955,4.0,0.5
64,19,-1.0,0.0,703,475,228,-2.991305963729267,-3.0455176559931134,True,0.054211692263846256,-3.0540045049073785,-3.04249124012228,-3.0801924374374723,-3.0485445414877184,-3.0021020923432062,0.0572385777584512,5.0,1.0
64,20,0.0,1.0,703,412,291,-3.0913052082472805,-3.0455176559931134,True,-0.045787552254167085,-3.0540045049073785,-3.04249124012228,-3.0801924374374723,-3.0485445414877184,-3.0021020923432062,-0.04276066675956214,1.0,-1.0
64,21,1.0,2.0,702,580,122,-3.0652425089933413,-3.0455176559931134,True,-0.01972485300022786,-3.0540045049073785,-3.04249124012228,-3.0801924374374723,-3.0485445414877184,-3.0021020923432062,-0.016697967505622913,2.0,-0.5
64,22,2.0,3.0,703,454,249,-3.0592862207022495,-3.0455176559931134,True,-0.013768564709136122,-3.0540045049073785,-3.04249124012228,-3.0801924374374723,-3.0485445414877184,-3.0021020923432062,-0.01074167921453073,2.0,-0.5
64,23,3.0,4.0,702,490,212,-3.0492639628822977,-3.0455176559931134,True,-0.0037463068891843143,-3.0540045049073785,-3.04249124012228,-3.0801924374374723,-3.0485445414877184,-3.0021020923432062,-0.000719421394579367,3.0,0.0
64,24,4.0,5.0,703,381,322,-3.0619454374550155,-3.0455176559931134,True,-0.016427781461902047,-3.0540045049073785,-3.04249124012228,-3.0801924374374723,-3.0485445414877184,-3.0021020923432062,-0.0134008959672971,2.0,-0.5
64,25,5.0,6.0,702,536,166,-3.0065999113723314,-3.0455176559931134,True,0.03891774462078201,-3.0540045049073785,-3.04249124012228,-3.0801924374374723,-3.0485445414877184,-3.0021020923432062,0.04194463011538696,4.0,0.5
64,26,6.0,7.0,703,512,191,-3.0137662282297093,-3.0455176559931134,True,0.031751427763404116,-3.0540045049073785,-3.04249124012228,-3.0801924374374723,-3.0485445414877184,-3.0021020923432062,0.034778313258009064,4.0,0.5
64,27,7.0,8.0,702,590,112,-3.0541712444419544,-3.0455176559931134,True,-0.00865358844884101,-3.0540045049073785,-3.04249124012228,-3.0801924374374723,-3.0485445414877184,-3.0021020923432062,-0.0056267029542360625,2.0,-0.5
64,28,8.0,9.0,703,426,277,-3.213384694403062,-3.0455176559931134,True,-0.16786703840994877,-3.0540045049073785,-3.04249124012228,-3.0801924374374723,-3.0485445414877184,-3.0021020923432062,-0.16484015291534382,1.0,-1.0
64,29,9.0,10.0,703,463,240,-3.0482520049767476,-3.0455176559931134,True,-0.002734348983634227,-3.0540045049073785,-3.04249124012228,-3.0801924374374723,-3.0485445414877184,-3.0021020923432062,0.000292536510970276,3.0,0.0
64,30,10.0,11.0,702,499,203,-2.9852383695760314,-3.0455176559931134,True,0.06027928641708202,-3.0540045049073785,-3.04249124012228,-3.0801924374374723,-3.0485445414877184,-3.0021020923432062,0.06330617191168697,5.0,1.0
64,31,11.0,12.0,703,498,205,-3.120478393599242,-3.0455176559931134,True,-0.07496073760612854,-3.0540045049073785,-3.04249124012228,-3.0801924374374723,-3.0485445414877184,-3.0021020923432062,-0.07193385211152359,1.0,-1.0
64,32,12.0,13.0,702,390,312,-2.8914617491500954,-3.0455176559931134,True,0.15405590684301806,-3.0540045049073785,-3.04249124012228,-3.0801924374374723,-3.0485445414877184,-3.0021020923432062,0.15708279233762257,5.0,1.0
64,33,13.0,14.0,703,586,117,-2.811581365324924,-3.0455176559931134,True,0.23393629066818944,-3.0540045049073785,-3.04249124012228,-3.0801924374374723,-3.0485445414877184,-3.0021020923432062,0.2369631761627944,5.0,1.0
64,34,14.0,15.0,702,490,212,-2.749101071945193,-3.0455176559931134,True,0.2964165840479205,-3.0540045049073785,-3.04249124012228,-3.0801924374374723,-3.0485445414877184,-3.0021020923432062,0.29944346954252543,5.0,1.0
64,35,15.0,16.0,703,441,262,-2.810328547766255,-3.0455176559931134,True,0.23518910822685823,-3.0540045049073785,-3.04249124012228,-3.0801924374374723,-3.0485445414877184,-3.0021020923432062,0.23821599372146318,5.0,1.0
64,36,16.0,17.0,703,108,595,-2.9917961327148537,-3.0455176559931134,True,0.05372152327825974,-3.0540045049073785,-3.04249124012228,-3.0801924374374723,-3.0485445414877184,-3.0021020923432062,0.05674840877286469,5.0,1.0
64,37,17.0,18.0,702,232,470,-3.167553492085428,-3.0455176559931134,True,-0.12203583609231439,-3.0540045049073785,-3.04249124012228,-3.0801924374374723,-3.0485445414877184,-3.0021020923432062,-0.11900895059770944,1.0,-1.0
64,38,18.0,19.0,703,446,257,-3.2163649019156506,-3.0455176559931134,True,-0.1708472459225372,-3.0540045049073785,-3.04249124012228,-3.0801924374374723,-3.0485445414877184,-3.0021020923432062,-0.16782036042793225,1.0,-1.0
64,39,19.0,20.0,702,419,283,-3.1019625221812253,-3.0455176559931134,True,-0.05644486618811184,-3.0540045049073785,-3.04249124012228,-3.0801924374374723,-3.0485445414877184,-3.0021020923432062,-0.053417980693506895,1.0,-1.0
65,0,-20.0,-19.0,703,421,282,-3.127438943771825,-2.993741573932893,True,-0.13369736983893166,-2.98352511590213,-2.9723347828457305,-3.0622308350285454,-2.9777905829018554,-2.934932492943839,-0.14964836086996947,1.0,-1.0
65,1,-19.0,-18.0,703,490,213,-2.951653734007347,-2.993741573932893,True,0.04208783992554599,-2.98352511590213,-2.9723347828457305,-3.0622308350285454,-2.9777905829018554,-2.934932492943839,0.02613684889450818,4.0,0.5
65,2,-18.0,-17.0,702,420,282,-3.1727262165402093,-2.993741573932893,True,-0.17898464260731606,-2.98352511590213,-2.9723347828457305,-3.0622308350285454,-2.9777905829018554,-2.934932492943839,-0.19493563363835387,1.0,-1.0
65,3,-17.0,-16.0,703,451,252,-2.873331537814613,-2.993741573932893,True,0.12041003611828005,-2.98352511590213,-2.9723347828457305,-3.0622308350285454,-2.9777905829018554,-2.934932492943839,0.10445904508724224,5.0,1.0
65,4,-16.0,-15.0,702,506,196,-3.0568681733683953,-2.993741573932893,True,-0.06312659943550214,-2.98352511590213,-2.9723347828457305,-3.0622308350285454,-2.9777905829018554,-2.934932492943839,-0.07907759046654039,2.0,-0.5
65,5,-15.0,-14.0,703,366,337,-3.0381859552236876,-2.993741573932893,True,-0.04444438129079442,-2.98352511590213,-2.9723347828457305,-3.0622308350285454,-2.9777905829018554,-2.934932492943839,-0.060395372321832674,2.0,-0.5
65,6,-14.0,-13.0,702,408,294,-2.977424018567031,-2.993741573932893,True,0.016317555365862102,-2.98352511590213,-2.9723347828457305,-3.0622308350285454,-2.9777905829018554,-2.934932492943839,0.00036656433482429307,3.0,0.0
65,7,-13.0,-12.0,703,538,165,-2.839264973030398,-2.993741573932893,True,0.15447660090249515,-2.98352511590213,-2.9723347828457305,-3.0622308350285454,-2.9777905829018554,-2.934932492943839,0.13852560987145734,5.0,1.0
65,8,-12.0,-11.0,703,419,284,-2.9900859664932353,-2.993741573932893,True,0.003655607439657871,-2.98352511590213,-2.9723347828457305,-3.0622308350285454,-2.9777905829018554,-2.934932492943839,-0.012295383591380382,2.0,-0.5
65,9,-11.0,-10.0,702,427,275,-2.9007558373108804,-2.993741573932893,True,0.09298573662201282,-2.98352511590213,-2.9723347828457305,-3.0622308350285454,-2.9777905829018554,-2.934932492943839,0.077034745590975,5.0,1.0
65,10,-10.0,-9.0,703,554,149,-2.9193652546310602,-2.993741573932893,True,0.07437631930183297,-2.98352511590213,-2.9723347828457305,-3.0622308350285454,-2.9777905829018554,-2.934932492943839,0.05842532827079561,5.0,1.0
65,11,-9.0,-8.0,702,493,209,-2.9661146058530297,-2.993741573932893,True,0.027626968079863534,-2.98352511590213,-2.9723347828457305,-3.0622308350285454,-2.9777905829018554,-2.934932492943839,0.011675977048825725,4.0,0.5
65,12,-8.0,-7.0,703,535,168,-3.1428521203887243,-2.993741573932893,True,-0.1491105464558311,-2.98352511590213,-2.9723347828457305,-3.0622308350285454,-2.9777905829018554,-2.934932492943839,-0.16506153748686891,1.0,-1.0
65,13,-7.0,-6.0,702,577,125,-2.9781571472366792,-2.993741573932893,True,0.01558442669621396,-2.98352511590213,-2.9723347828457305,-3.0622308350285454,-2.9777905829018554,-2.934932492943839,-0.000366564334823849,3.0,0.0
65,14,-6.0,-5.0,703,422,281,-2.873302301255492,-2.993741573932893,True,0.12043927267740129,-2.98352511590213,-2.9723347828457305,-3.0622308350285454,-2.9777905829018554,-2.934932492943839,0.10448828164636348,5.0,1.0
65,15,-5.0,-4.0,702,642,60,-2.940121572381432,-2.993741573932893,True,0.05362000155146118,-2.98352511590213,-2.9723347828457305,-3.0622308350285454,-2.9777905829018554,-2.934932492943839,0.037669010520423374,4.0,0.5
65,16,-4.0,-3.0,703,480,223,-3.0783188200089944,-2.993741573932893,True,-0.08457724607610118,-2.98352511590213,-2.9723347828457305,-3.0622308350285454,-2.9777905829018554,-2.934932492943839,-0.10052823710713898,1.0,-1.0
65,17,-3.0,-2.0,703,660,43,-3.0110631508954904,-2.993741573932893,True,-0.017321576962597174,-2.98352511590213,-2.9723347828457305,-3.0622308350285454,-2.9777905829018554,-2.934932492943839,-0.03327256799363498,2.0,-0.5
65,18,-2.0,-1.0,702,460,242,-3.096765808362346,-2.993741573932893,True,-0.10302423442945274,-2.98352511590213,-2.9723347828457305,-3.0622308350285454,-2.9777905829018554,-2.934932492943839,-0.11897522546049055,1.0,-1.0
65,19,-1.0,0.0,703,541,162,-2.941035341516996,-2.993741573932893,True,0.052706232415897336,-2.98352511590213,-2.9723347828457305,-3.0622308350285454,-2.9777905829018554,-2.934932492943839,0.03675524138485953,4.0,0.5
65,20,0.0,1.0,702,509,193,-2.9490978036463082,-2.993741573932893,True,0.04464377028658495,-2.98352511590213,-2.9723347828457305,-3.0622308350285454,-2.9777905829018554,-2.934932492943839,0.028692779255547585,4.0,0.5
65,21,1.0,2.0,703,450,253,-3.054993823850416,-2.993741573932893,True,-0.06125224991752276,-2.98352511590213,-2.9723347828457305,-3.0622308350285454,-2.9777905829018554,-2.934932492943839,-0.07720324094856057,2.0,-0.5
65,22,2.0,3.0,702,515,187,-3.0416146294900503,-2.993741573932893,True,-0.04787305555715715,-2.98352511590213,-2.9723347828457305,-3.0622308350285454,-2.9777905829018554,-2.934932492943839,-0.06382404658819496,2.0,-0.5
65,23,3.0,4.0,703,372,331,-3.0642192600470795,-2.993741573932893,True,-0.07047768611418626,-2.98352511590213,-2.9723347828457305,-3.0622308350285454,-2.9777905829018554,-2.934932492943839,-0.08642867714522406,1.0,-1.0
65,24,4.0,5.0,703,498,205,-3.1807934868111563,-2.993741573932893,True,-0.18705191287826306,-2.98352511590213,-2.9723347828457305,-3.0622308350285454,-2.9777905829018554,-2.934932492943839,-0.20300290390930087,1.0,-1.0
65,25,5.0,6.0,702,289,413,-3.135651321562399,-2.993741573932893,True,-0.14190974762950592,-2.98352511590213,-2.9723347828457305,-3.0622308350285454,-2.9777905829018554,-2.934932492943839,-0.15786073866054373,1.0,-1.0
65,26,6.0,7.0,703,522,181,-3.044399171265769,-2.993741573932893,True,-0.05065759733287578,-2.98352511590213,-2.9723347828457305,-3.0622308350285454,-2.9777905829018554,-2.934932492943839,-0.06660858836391359,2.0,-0.5
65,27,7.0,8.0,702,389,313,-3.203690617246213,-2.993741573932893,True,-0.20994904331331998,-2.98352511590213,-2.9723347828457305,-3.0622308350285454,-2.9777905829018554,-2.934932492943839,-0.2259000343443578,1.0,-1.0
65,28,8.0,9.0,703,437,266,-3.0209234239898066,-2.993741573932893,True,-0.027181850056913426,-2.98352511590213,-2.9723347828457305,-3.0622308350285454,-2.9777905829018554,-2.934932492943839,-0.04313284108795079,2.0,-0.5
65,29,9.0,10.0,702,422,280,-3.0731670800543527,-2.993741573932893,True,-0.07942550612145949,-2.98352511590213,-2.9723347828457305,-3.0622308350285454,-2.9777905829018554,-2.934932492943839,-0.0953764971524973,1.0,-1.0
65,30,10.0,11.0,703,400,303,-3.0178160695644345,-2.993741573932893,True,-0.024074495631541293,-2.98352511590213,-2.9723347828457305,-3.0622308350285454,-2.9777905829018554,-2.934932492943839,-0.0400254866625791,2.0,-0.5
65,31,11.0,12.0,703,464,239,-3.066331352913673,-2.993741573932893,True,-0.07258977898077967,-2.98352511590213,-2.9723347828457305,-3.0622308350285454,-2.9777905829018554,-2.934932492943839,-0.08854077001181748,1.0,-1.0
65,32,12.0,13.0,702,444,258,-2.9674968102774475,-2.993741573932893,True,0.026244763655445702,-2.98352511590213,-2.9723347828457305,-3.0622308350285454,-2.9777905829018554,-2.934932492943839,0.010293772624407893,4.0,0.5
65,33,13.0,14.0,703,499,204,-2.9955743028112853,-2.993741573932893,True,-0.0018327288783921425,-2.98352511590213,-2.9723347828457305,-3.0622308350285454,-2.9777905829018554,-2.934932492943839,-0.01778371990942995,2.0,-0.5
65,34,14.0,15.0,702,626,76,-2.9957342289004103,-2.993741573932893,True,-0.0019926549675171046,-2.98352511590213,-2.9723347828457305,-3.0622308350285454,-2.9777905829018554,-2.934932492943839,-0.017943645998554913,2.0,-0.5
65,35,15.0,16.0,703,438,265,-2.9252376149913832,-2.993741573932893,True,0.06850395894150996,-2.98352511590213,-2.9723347828457305,-3.0622308350285454,-2.9777905829018554,-2.934932492943839,0.05255296791047215,5.0,1.0
65,36,16.0,17.0,702,679,23,-3.134858694185953,-2.993741573932893,True,-0.1411171202530599,-2.98352511590213,-2.9723347828457305,-3.0622308350285454,-2.9777905829018554,-2.934932492943839,-0.1570681112840977,1.0,-1.0
65,37,17.0,18.0,703,545,158,-2.970702447565906,-2.993741573932893,True,0.02303912636698735,-2.98352511590213,-2.9723347828457305,-3.0622308350285454,-2.9777905829018554,-2.934932492943839,0.007088135335949541,4.0,0.5
65,38,18.0,19.0,702,423,279,-3.0284558259713767,-2.993741573932893,True,-0.03471425203848355,-2.98352511590213,-2.9723347828457305,-3.0622308350285454,-2.9777905829018554,-2.934932492943839,-0.05066524306952136,2.0,-0.5
65,39,19.0,20.0,703,422,281,-2.9957469060115205,-2.993741573932893,True,-0.0020053320786272977,-2.98352511590213,-2.9723347828457305,-3.0622308350285454,-2.9777905829018554,-2.934932492943839,-0.017956323109665107,2.0,-0.5
66,0,-20.0,-19.0,703,437,266,-3.2542259472226145,-3.0618157481386215,True,-0.19241019908399304,-3.0842056767930157,-3.0600709078745356,-3.1192359103279665,-3.072564952948844,-3.0209073907390125,-0.18166099427377036,1.0,-1.0
66,1,-19.0,-18.0,702,388,314,-3.160981062412332,-3.0618157481386215,True,-0.09916531427371034,-3.0842056767930157,-3.0600709078745356,-3.1192359103279665,-3.072564952948844,-3.0209073907390125,-0.08841610946348766,1.0,-1.0
66,2,-18.0,-17.0,703,435,268,-3.091382437763115,-3.0618157481386215,True,-0.029566689624493492,-3.0842056767930157,-3.0600709078745356,-3.1192359103279665,-3.072564952948844,-3.0209073907390125,-0.018817484814270813,2.0,-0.5
66,3,-17.0,-16.0,703,536,167,-3.037427210716463,-3.0618157481386215,True,0.024388537422158407,-3.0842056767930157,-3.0600709078745356,-3.1192359103279665,-3.072564952948844,-3.0209073907390125,0.035137742232381086,4.0,0.5
66,4,-16.0,-15.0,702,461,241,-3.131515200048397,-3.0618157481386215,True,-0.06969945190977533,-3.0842056767930157,-3.0600709078745356,-3.1192359103279665,-3.072564952948844,-3.0209073907390125,-0.058950247099552655,1.0,-1.0
66,5,-15.0,-14.0,703,501,202,-3.080192286390357,-3.0618157481386215,True,-0.018376538251735575,-3.0842056767930157,-3.0600709078745356,-3.1192359103279665,-3.072564952948844,-3.0209073907390125,-0.007627333441512896,3.0,0.0
66,6,-14.0,-13.0,702,296,406,-2.995384573811766,-3.0618157481386215,True,0.0664311743268553,-3.0842056767930157,-3.0600709078745356,-3.1192359103279665,-3.072564952948844,-3.0209073907390125,0.07718037913707798,5.0,1.0
66,7,-13.0,-12.0,703,560,143,-3.142204932376153,-3.0618157481386215,True,-0.08038918423753172,-3.0842056767930157,-3.0600709078745356,-3.1192359103279665,-3.072564952948844,-3.0209073907390125,-0.06963997942730904,1.0,-1.0
66,8,-12.0,-11.0,702,270,432,-3.1814279675448867,-3.0618157481386215,True,-0.11961221940626521,-3.0842056767930157,-3.0600709078745356,-3.1192359103279665,-3.072564952948844,-3.0209073907390125,-0.10886301459604253,1.0,-1.0
66,9,-11.0,-10.0,703,231,472,-3.0649376195073312,-3.0618157481386215,True,-0.003121871368709783,-3.0842056767930157,-3.0600709078745356,-3.1192359103279665,-3.072564952948844,-3.0209073907390125,0.007627333441512896,3.0,0.0
66,10,-10.0,-9.0,703,148,555,-3.0891109317295986,-3.0618157481386215,True,-0.027295183590977157,-3.0842056767930157,-3.0600709078745356,-3.1192359103279665,-3.072564952948844,-3.0209073907390125,-0.016545978780754478,2.0,-0.5
66,11,-9.0,-8.0,702,451,251,-3.0279892831228437,-3.0618157481386215,True,0.033826465015777796,-3.0842056767930157,-3.0600709078745356,-3.1192359103279665,-3.072564952948844,-3.0209073907390125,0.04457566982600003,4.0,0.5
66,12,-8.0,-7.0,703,414,289,-3.0541227047677855,-3.0618157481386215,True,0.0076930433708359836,-3.0842056767930157,-3.0600709078745356,-3.1192359103279665,-3.072564952948844,-3.0209073907390125,0.018442248181059107,4.0,0.5
66,13,-7.0,-6.0,702,371,331,-2.909994396179866,-3.0618157481386215,True,0.15182135195875546,-3.0842056767930157,-3.0600709078745356,-3.1192359103279665,-3.072564952948844,-3.0209073907390125,0.16257055676897814,5.0,1.0
66,14,-6.0,-5.0,703,388,315,-3.023628130606847,-3.0618157481386215,True,0.038187617531774354,-3.0842056767930157,-3.0600709078745356,-3.1192359103279665,-3.072564952948844,-3.0209073907390125,0.04893682234199703,4.0,0.5
66,15,-5.0,-4.0,702,302,400,-2.8599225177315626,-3.0618157481386215,True,0.20189323040705887,-3.0842056767930157,-3.0600709078745356,-3.1192359103279665,-3.072564952948844,-3.0209073907390125,0.21264243521728154,5.0,1.0
66,16,-4.0,-3.0,703,283,420,-2.889592589164772,-3.0618157481386215,True,0.17222315897384943,-3.0842056767930157,-3.0600709078745356,-3.1192359103279665,-3.072564952948844,-3.0209073907390125,0.1829723637840721,5.0,1.0
66,17,-3.0,-2.0,703,434,269,-3.1151428137544896,-3.0618157481386215,True,-0.0533270656158682,-3.0842056767930157,-3.0600709078745356,-3.1192359103279665,-3.072564952948844,-3.0209073907390125,-0.04257786080564552,2.0,-0.5
66,18,-2.0,-1.0,702,464,238,-3.012745171135509,-3.0618157481386215,True,0.04907057700311235,-3.0842056767930157,-3.0600709078745356,-3.1192359103279665,-3.072564952948844,-3.0209073907390125,0.05981978181333503,5.0,1.0
66,19,-1.0,0.0,703,328,375,-3.1143871867857413,-3.0618157481386215,True,-0.052571438647119884,-3.0842056767930157,-3.0600709078745356,-3.1192359103279665,-3.072564952948844,-3.0209073907390125,-0.041822233836897205,2.0,-0.5
66,20,0.0,1.0,702,555,147,-3.0522408573243744,-3.0618157481386215,True,0.009574890814247006,-3.0842056767930157,-3.0600709078745356,-3.1192359103279665,-3.072564952948844,-3.0209073907390125,0.020324095624469685,4.0,0.5
66,21,1.0,2.0,703,445,258,-3.1444030305965587,-3.0618157481386215,True,-0.08258728245793723,-3.0842056767930157,-3.0600709078745356,-3.1192359103279665,-3.072564952948844,-3.0209073907390125,-0.07183807764771455,1.0,-1.0
66,22,2.0,3.0,702,326,376,-3.097272166658684,-3.0618157481386215,True,-0.03545641852006254,-3.0842056767930157,-3.0600709078745356,-3.1192359103279665,-3.072564952948844,-3.0209073907390125,-0.02470721370983986,2.0,-0.5
66,23,3.0,4.0,703,378,325,-3.169561784154447,-3.0618157481386215,True,-0.10774603601582555,-3.0842056767930157,-3.0600709078745356,-3.1192359103279665,-3.072564952948844,-3.0209073907390125,-0.09699683120560287,1.0,-1.0
66,24,4.0,5.0,702,397,305,-3.2161565733487723,-3.0618157481386215,True,-0.1543408252101508,-3.0842056767930157,-3.0600709078745356,-3.1192359103279665,-3.072564952948844,-3.0209073907390125,-0.14359162039992812,1.0,-1.0
66,25,5.0,6.0,703,558,145,-3.085219938769203,-3.0618157481386215,True,-0.023404190630581745,-3.0842056767930157,-3.0600709078745356,-3.1192359103279665,-3.072564952948844,-3.0209073907390125,-0.012654985820359066,2.0,-0.5
66,26,6.0,7.0,703,325,378,-2.987855990500165,-3.0618157481386215,True,0.0739597576384563,-3.0842056767930157,-3.0600709078745356,-3.1192359103279665,-3.072564952948844,-3.0209073907390125,0.08470896244867898,5.0,1.0
66,27,7.0,8.0,702,246,456,-3.24760054588177,-3.0618157481386215,True,-0.18578479774314838,-3.0842056767930157,-3.0600709078745356,-3.1192359103279665,-3.072564952948844,-3.0209073907390125,-0.1750355929329257,1.0,-1.0
66,28,8.0,9.0,703,593,110,-3.0829759817724725,-3.0618157481386215,True,-0.021160233633851,-3.0842056767930157,-3.0600709078745356,-3.1192359103279665,-3.072564952948844,-3.0209073907390125,-0.010411028823628321,3.0,0.0
66,29,9.0,10.0,702,313,389,-3.0867401708908964,-3.0618157481386215,True,-0.02492442275227491,-3.0842056767930157,-3.0600709078745356,-3.1192359103279665,-3.072564952948844,-3.0209073907390125,-0.014175217942052232,2.0,-0.5
66,30,10.0,11.0,703,388,315,-3.0767926593511468,-3.0618157481386215,True,-0.014976911212525312,-3.0842056767930157,-3.0600709078745356,-3.1192359103279665,-3.072564952948844,-3.0209073907390125,-0.004227706402302633,3.0,0.0
66,31,11.0,12.0,702,462,240,-3.0676587429012456,-3.0618157481386215,True,-0.005842994762624176,-3.0842056767930157,-3.0600709078745356,-3.1192359103279665,-3.072564952948844,-3.0209073907390125,0.004906210047598503,3.0,0.0
66,32,12.0,13.0,703,443,260,-3.0365227172650435,-3.0618157481386215,True,0.025293030873577926,-3.0842056767930157,-3.0600709078745356,-3.1192359103279665,-3.072564952948844,-3.0209073907390125,0.036042235683800605,4.0,0.5
66,33,13.0,14.0,703,483,220,-3.0919987624183602,-3.0618157481386215,True,-0.030183014279738796,-3.0842056767930157,-3.0600709078745356,-3.1192359103279665,-3.072564952948844,-3.0209073907390125,-0.019433809469515673,2.0,-0.5
66,34,14.0,15.0,702,545,157,-3.082961826734279,-3.0618157481386215,True,-0.021146078595657425,-3.0842056767930157,-3.0600709078745356,-3.1192359103279665,-3.072564952948844,-3.0209073907390125,-0.010396873785434746,3.0,0.0
66,35,15.0,16.0,703,236,467,-2.98108887659148,-3.0618157481386215,True,0.08072687154714142,-3.0842056767930157,-3.0600709078745356,-3.1192359103279665,-3.072564952948844,-3.0209073907390125,0.0914760763573641,5.0,1.0
66,36,16.0,17.0,702,340,362,-2.9108771769298127,-3.0618157481386215,True,0.15093857120880871,-3.0842056767930157,-3.0600709078745356,-3.1192359103279665,-3.072564952948844,-3.0209073907390125,0.1616877760190314,5.0,1.0
66,37,17.0,18.0,703,315,388,-2.9585280212402476,-3.0618157481386215,True,0.10328772689837384,-3.0842056767930157,-3.0600709078745356,-3.1192359103279665,-3.072564952948844,-3.0209073907390125,0.11403693170859608,5.0,1.0
66,38,18.0,19.0,702,393,309,-3.1410110366257182,-3.0618157481386215,True,-0.07919528848709678,-3.0842056767930157,-3.0600709078745356,-3.1192359103279665,-3.072564952948844,-3.0209073907390125,-0.0684460836768741,1.0,-1.0
66,39,19.0,20.0,703,530,173,-3.1170450072749705,-3.0618157481386215,True,-0.05522925913634902,-3.0842056767930157,-3.0600709078745356,-3.1192359103279665,-3.072564952948844,-3.0209073907390125,-0.04448005432612634,2.0,-0.5
67,0,-20.0,-19.0,703,626,77,-2.9588184435689873,-2.9743170683267337,True,0.015498624757746438,-3.013284680173591,-2.9543957694841123,-3.045142157832981,-2.9852529406349397,-2.8979094849541047,0.026434497065952023,3.0,0.0
67,1,-19.0,-18.0,702,592,110,-3.0152368654179997,-2.9743170683267337,True,-0.04091979709126603,-3.013284680173591,-2.9543957694841123,-3.045142157832981,-2.9852529406349397,-2.8979094849541047,-0.029983924783060445,2.0,-0.5
67,2,-18.0,-17.0,703,444,259,-3.128102824583928,-2.9743170683267337,True,-0.15378575625719426,-3.013284680173591,-2.9543957694841123,-3.045142157832981,-2.9852529406349397,-2.8979094849541047,-0.14284988394898823,1.0,-1.0
67,3,-17.0,-16.0,702,364,338,-3.0331924223574314,-2.9743170683267337,True,-0.05887535403069766,-3.013284680173591,-2.9543957694841123,-3.045142157832981,-2.9852529406349397,-2.8979094849541047,-0.04793948172249207,2.0,-0.5
67,4,-16.0,-15.0,703,558,145,-3.073148472241044,-2.9743170683267337,True,-0.09883140391431011,-3.013284680173591,-2.9543957694841123,-3.045142157832981,-2.9852529406349397,-2.8979094849541047,-0.08789553160610408,1.0,-1.0
67,5,-15.0,-14.0,703,464,239,-3.0438140071670254,-2.9743170683267337,True,-0.06949693884029173,-3.013284680173591,-2.9543957694841123,-3.045142157832981,-2.9852529406349397,-2.8979094849541047,-0.05856106653208526,2.0,-0.5
67,6,-14.0,-13.0,702,358,344,-3.102868290010331,-2.9743170683267337,True,-0.12855122168359712,-3.013284680173591,-2.9543957694841123,-3.045142157832981,-2.9852529406349397,-2.8979094849541047,-0.11761534937539109,1.0,-1.0
67,7,-13.0,-12.0,703,508,195,-2.847910751120184,-2.9743170683267337,True,0.1264063172065497,-3.013284680173591,-2.9543957694841123,-3.045142157832981,-2.9852529406349397,-2.8979094849541047,0.13734218951475574,5.0,1.0
67,8,-12.0,-11.0,702,550,152,-3.021832952734897,-2.9743170683267337,True,-0.047515884408163345,-3.013284680173591,-2.9543957694841123,-3.045142157832981,-2.9852529406349397,-2.8979094849541047,-0.036580012099957315,2.0,-0.5
67,9,-11.0,-10.0,703,479,224,-3.0116874377008918,-2.9743170683267337,True,-0.03737036937415805,-3.013284680173591,-2.9543957694841123,-3.045142157832981,-2.9852529406349397,-2.8979094849541047,-0.026434497065952467,3.0,0.0
67,10,-10.0,-9.0,702,637,65,-2.8311627924261638,-2.9743170683267337,True,0.14315427590056995,-3.013284680173591,-2.9543957694841123,-3.045142157832981,-2.9852529406349397,-2.8979094849541047,0.15409014820877553,5.0,1.0
67,11,-9.0,-8.0,703,469,234,-2.859521168943576,-2.9743170683267337,True,0.1147958993831577,-3.013284680173591,-2.9543957694841123,-3.045142157832981,-2.9852529406349397,-2.8979094849541047,0.12573177169136374,5.0,1.0
67,12,-8.0,-7.0,702,542,160,-3.0491266098308496,-2.9743170683267337,True,-0.0748095415041159,-3.013284680173591,-2.9543957694841123,-3.045142157832981,-2.9852529406349397,-2.8979094849541047,-0.06387366919590987,1.0,-1.0
67,13,-7.0,-6.0,703,579,124,-3.0529967662905175,-2.9743170683267337,True,-0.07867969796378382,-3.013284680173591,-2.9543957694841123,-3.045142157832981,-2.9852529406349397,-2.8979094849541047,-0.06774382565557735,1.0,-1.0
67,14,-6.0,-5.0,703,561,142,-2.9007754403876143,-2.9743170683267337,True,0.07354162793911945,-3.013284680173591,-2.9543957694841123,-3.045142157832981,-2.9852529406349397,-2.8979094849541047,0.08447750024732548,4.0,0.5
67,15,-5.0,-4.0,702,569,133,-2.9258190440431657,-2.9743170683267337,True,0.048498024283567975,-3.013284680173591,-2.9543957694841123,-3.045142157832981,-2.9852529406349397,-2.8979094849541047,0.059433896591774005,4.0,0.5
67,16,-4.0,-3.0,703,471,232,-2.8893116186535774,-2.9743170683267337,True,0.08500544967315626,-3.013284680173591,-2.9543957694841123,-3.045142157832981,-2.9852529406349397,-2.8979094849541047,0.09594132198136274,5.0,1.0
67,17,-3.0,-2.0,702,561,141,-2.886789868830441,-2.9743170683267337,True,0.08752719949629251,-3.013284680173591,-2.9543957694841123,-3.045142157832981,-2.9852529406349397,-2.8979094849541047,0.09846307180449854,5.0,1.0
67,18,-2.0,-1.0,703,656,47,-2.948990278935931,-2.9743170683267337,True,0.025326789390802684,-3.013284680173591,-2.9543957694841123,-3.045142157832981,-2.9852529406349397,-2.8979094849541047,0.036262661699008714,4.0,0.5
67,19,-1.0,0.0,702,644,58,-2.905235311290117,-2.9743170683267337,True,0.06908175703661668,-3.013284680173591,-2.9543957694841123,-3.045142157832981,-2.9852529406349397,-2.8979094849541047,0.0800176293448227,4.0,0.5
67,20,0.0,1.0,703,642,61,-2.872694723540419,-2.9743170683267337,True,0.10162234478631449,-3.013284680173591,-2.9543957694841123,-3.045142157832981,-2.9852529406349397,-2.8979094849541047,0.11255821709452052,5.0,1.0
67,21,1.0,2.0,703,528,175,-2.9489457463980586,-2.9743170683267337,True,0.025371321928675084,-3.013284680173591,-2.9543957694841123,-3.045142157832981,-2.9852529406349397,-2.8979094849541047,0.03630719423688111,4.0,0.5
67,22,2.0,3.0,702,618,84,-2.904889338216629,-2.9743170683267337,True,0.0694277301101045,-3.013284680173591,-2.9543957694841123,-3.045142157832981,-2.9852529406349397,-2.8979094849541047,0.08036360241831053,4.0,0.5
67,23,3.0,4.0,703,384,319,-2.955330085911917,-2.9743170683267337,True,0.018986982414816556,-3.013284680173591,-2.9543957694841123,-3.045142157832981,-2.9852529406349397,-2.8979094849541047,0.029922854723022585,3.0,0.0
67,24,4.0,5.0,702,381,321,-3.218569365501868,-2.9743170683267337,True,-0.2442522971751342,-3.013284680173591,-2.9543957694841123,-3.045142157832981,-2.9852529406349397,-2.8979094849541047,-0.23331642486692816,1.0,-1.0
67,25,5.0,6.0,703,554,149,-3.044225528215452,-2.9743170683267337,True,-0.06990845988871808,-3.013284680173591,-2.9543957694841123,-3.045142157832981,-2.9852529406349397,-2.8979094849541047,-0.05897258758051205,2.0,-0.5
67,26,6.0,7.0,702,587,115,-2.996239775983197,-2.9743170683267337,True,-0.021922707656463203,-3.013284680173591,-2.9543957694841123,-3.045142157832981,-2.9852529406349397,-2.8979094849541047,-0.010986835348257173,3.0,0.0
67,27,7.0,8.0,703,516,187,-3.1345601762314517,-2.9743170683267337,True,-0.16024310790471796,-3.013284680173591,-2.9543957694841123,-3.045142157832981,-2.9852529406349397,-2.8979094849541047,-0.14930723559651238,1.0,-1.0
67,28,8.0,9.0,702,609,93,-3.0971957081720367,-2.9743170683267337,True,-0.122878639845303,-3.013284680173591,-2.9543957694841123,-3.045142157832981,-2.9852529406349397,-2.8979094849541047,-0.11194276753709698,1.0,-1.0
67,29,9.0,10.0,703,484,219,-3.0206803161595532,-2.9743170683267337,True,-0.04636324783281953,-3.013284680173591,-2.9543957694841123,-3.045142157832981,-2.9852529406349397,-2.8979094849541047,-0.03542737552461306,2.0,-0.5
67,30,10.0,11.0,703,546,157,-3.0593974402914443,-2.9743170683267337,True,-0.08508037196471063,-3.013284680173591,-2.9543957694841123,-3.045142157832981,-2.9852529406349397,-2.8979094849541047,-0.0741444996565046,1.0,-1.0
67,31,11.0,12.0,702,490,212,-3.088793300898125,-2.9743170683267337,True,-0.11447623257139128,-3.013284680173591,-2.9543957694841123,-3.045142157832981,-2.9852529406349397,-2.8979094849541047,-0.10354036026318525,1.0,-1.0
67,32,12.0,13.0,703,435,268,-3.0238190903509254,-2.9743170683267337,True,-0.04950202202419174,-3.013284680173591,-2.9543957694841123,-3.045142157832981,-2.9852529406349397,-2.8979094849541047,-0.038566149715985265,2.0,-0.5
67,33,13.0,14.0,702,442,260,-3.0334088617702353,-2.9743170683267337,True,-0.05909179344350157,-3.013284680173591,-2.9543957694841123,-3.045142157832981,-2.9852529406349397,-2.8979094849541047,-0.04815592113529599,2.0,-0.5
67,34,14.0,15.0,703,335,368,-3.027691025118391,-2.9743170683267337,True,-0.05337395679165713,-3.013284680173591,-2.9543957694841123,-3.045142157832981,-2.9852529406349397,-2.8979094849541047,-0.0424380844834511,2.0,-0.5
67,35,15.0,16.0,702,446,256,-2.9978429939651745,-2.9743170683267337,True,-0.023525925638440803,-3.013284680173591,-2.9543957694841123,-3.045142157832981,-2.9852529406349397,-2.8979094849541047,-0.012590053330234774,3.0,0.0
67,36,16.0,17.0,703,526,177,-3.02310135886947,-2.9743170683267337,True,-0.048784290542736475,-3.013284680173591,-2.9543957694841123,-3.045142157832981,-2.9852529406349397,-2.8979094849541047,-0.037848418234530445,2.0,-0.5
67,37,17.0,18.0,703,430,273,-2.9855231978383157,-2.9743170683267337,True,-0.011206129511581953,-3.013284680173591,-2.9543957694841123,-3.045142157832981,-2.9852529406349397,-2.8979094849541047,-0.00027025720337636727,3.0,0.0
67,38,18.0,19.0,702,545,157,-2.977322793913694,-2.9743170683267337,True,-0.0030057255869602173,-3.013284680173591,-2.9543957694841123,-3.045142157832981,-2.9852529406349397,-2.8979094849541047,0.007930146721245812,3.0,0.0
67,39,19.0,20.0,703,445,258,-2.8881739110807096,-2.9743170683267337,True,0.08614315724602406,-3.013284680173591,-2.9543957694841123,-3.045142157832981,-2.9852529406349397,-2.8979094849541047,0.09707902955423009,5.0,1.0
68,0,-20.0,-19.0,702,613,89,-2.9475385269918486,-3.023620764894378,True,0.07608223790252922,-3.032704367005812,-3.0159281535438756,-3.084840135252718,-3.023690804344775,-2.9781814601751253,0.0761522773529264,5.0,1.0
68,1,-19.0,-18.0,703,617,86,-2.965753177331331,-3.023620764894378,True,0.057867587563046996,-3.032704367005812,-3.0159281535438756,-3.084840135252718,-3.023690804344775,-2.9781814601751253,0.05793762701344418,5.0,1.0
68,2,-18.0,-17.0,702,514,188,-2.9146645059863756,-3.023620764894378,True,0.1089562589080022,-3.032704367005812,-3.0159281535438756,-3.084840135252718,-3.023690804344775,-2.9781814601751253,0.10902629835839894,5.0,1.0
68,3,-17.0,-16.0,703,478,225,-2.956237706495453,-3.023620764894378,True,0.06738305839892478,-3.032704367005812,-3.0159281535438756,-3.084840135252718,-3.023690804344775,-2.9781814601751253,0.06745309784932196,5.0,1.0
68,4,-16.0,-15.0,702,546,156,-2.8893025364003067,-3.023620764894378,True,0.13431822849407116,-3.032704367005812,-3.0159281535438756,-3.084840135252718,-3.023690804344775,-2.9781814601751253,0.13438826794446834,5.0,1.0
68,5,-15.0,-14.0,703,388,315,-3.037704835420965,-3.023620764894378,True,-0.014084070526587222,-3.032704367005812,-3.0159281535438756,-3.084840135252718,-3.023690804344775,-2.9781814601751253,-0.014014031076190037,2.0,-0.5
68,6,-14.0,-13.0,703,521,182,-3.1120520322161207,-3.023620764894378,True,-0.08843126732174289,-3.032704367005812,-3.0159281535438756,-3.084840135252718,-3.023690804344775,-2.9781814601751253,-0.0883612278713457,1.0,-1.0
68,7,-13.0,-12.0,702,590,112,-2.9987463981771034,-3.023620764894378,True,0.024874366717274388,-3.032704367005812,-3.0159281535438756,-3.084840135252718,-3.023690804344775,-2.9781814601751253,0.024944406167671573,4.0,0.5
68,8,-12.0,-11.0,703,641,62,-3.0124565774022227,-3.023620764894378,True,0.011164187492155087,-3.032704367005812,-3.0159281535438756,-3.084840135252718,-3.023690804344775,-2.9781814601751253,0.011234226942552272,4.0,0.5
68,9,-11.0,-10.0,702,330,372,-3.0845864229384876,-3.023620764894378,True,-0.060965658044109805,-3.032704367005812,-3.0159281535438756,-3.084840135252718,-3.023690804344775,-2.9781814601751253,-0.06089561859371306,2.0,-0.5
68,10,-10.0,-9.0,703,513,190,-3.140980217322725,-3.023620764894378,True,-0.11735945242834722,-3.032704367005812,-3.0159281535438756,-3.084840135252718,-3.023690804344775,-2.9781814601751253,-0.11728941297795004,1.0,-1.0
68,11,-9.0,-8.0,702,482,220,-2.9918401360475584,-3.023620764894378,True,0.031780628846819425,-3.032704367005812,-3.0159281535438756,-3.084840135252718,-3.023690804344775,-2.9781814601751253,0.03185066829721661,4.0,0.5
68,12,-8.0,-7.0,703,541,162,-3.118713836344623,-3.023620764894378,True,-0.09509307145024515,-3.032704367005812,-3.0159281535438756,-3.084840135252718,-3.023690804344775,-2.9781814601751253,-0.09502303199984796,1.0,-1.0
68,13,-7.0,-6.0,703,572,131,-3.028613074666141,-3.023620764894378,True,-0.004992309771763015,-3.032704367005812,-3.0159281535438756,-3.084840135252718,-3.023690804344775,-2.9781814601751253,-0.004922270321365829,3.0,0.0
68,14,-6.0,-5.0,702,445,257,-3.041429381368232,-3.023620764894378,True,-0.017808616473854233,-3.032704367005812,-3.0159281535438756,-3.084840135252718,-3.023690804344775,-2.9781814601751253,-0.017738577023457047,2.0,-0.5
68,15,-5.0,-4.0,703,530,173,-3.0463162251872706,-3.023620764894378,True,-0.022695460292892822,-3.032704367005812,-3.0159281535438756,-3.084840135252718,-3.023690804344775,-2.9781814601751253,-0.022625420842495192,2.0,-0.5
68,16,-4.0,-3.0,702,459,243,-3.0856012721954085,-3.023620764894378,True,-0.06198050730103066,-3.032704367005812,-3.0159281535438756,-3.084840135252718,-3.023690804344775,-2.9781814601751253,-0.06191046785063348,1.0,-1.0
68,17,-3.0,-2.0,703,633,70,-3.0987856802489127,-3.023620764894378,True,-0.07516491535453484,-3.032704367005812,-3.0159281535438756,-3.084840135252718,-3.023690804344775,-2.9781814601751253,-0.07509487590413766,1.0,-1.0
68,18,-2.0,-1.0,702,575,127,-3.0187685340234096,-3.023620764894378,True,0.004852230870968199,-3.032704367005812,-3.0159281535438756,-3.084840135252718,-3.023690804344775,-2.9781814601751253,0.004922270321365385,3.0,0.0
68,19,-1.0,0.0,703,577,126,-2.982324221123057,-3.023620764894378,True,0.04129654377132086,-3.032704367005812,-3.0159281535438756,-3.084840135252718,-3.023690804344775,-2.9781814601751253,0.041366583221718045,4.0,0.5
68,20,0.0,1.0,702,673,29,-2.882634141064229,-3.023620764894378,True,0.1409866238301487,-3.032704367005812,-3.0159281535438756,-3.084840135252718,-3.023690804344775,-2.9781814601751253,0.1410566632805459,5.0,1.0
68,21,1.0,2.0,703,556,147,-3.07920711565165,-3.023620764894378,True,-0.05558635075727203,-3.032704367005812,-3.0159281535438756,-3.084840135252718,-3.023690804344775,-2.9781814601751253,-0.055516311306874844,2.0,-0.5
68,22,2.0,3.0,703,509,194,-3.0075326316394095,-3.023620764894378,True,0.016088133254968273,-3.032704367005812,-3.0159281535438756,-3.084840135252718,-3.023690804344775,-2.9781814601751253,0.016158172705365903,4.0,0.5
68,23,3.0,4.0,702,324,378,-3.2236714697432216,-3.023620764894378,True,-0.2000507048488438,-3.032704367005812,-3.0159281535438756,-3.084840135252718,-3.023690804344775,-2.9781814601751253,-0.1999806653984466,1.0,-1.0
68,24,4.0,5.0,703,511,192,-3.105302717261718,-3.023620764894378,True,-0.08168195236734022,-3.032704367005812,-3.0159281535438756,-3.084840135252718,-3.023690804344775,-2.9781814601751253,-0.08161191291694303,1.0,-1.0
68,25,5.0,6.0,702,443,259,-3.0466633066329534,-3.023620764894378,True,-0.02304254173857556,-3.032704367005812,-3.0159281535438756,-3.084840135252718,-3.023690804344775,-2.9781814601751253,-0.022972502288178376,2.0,-0.5
68,26,6.0,7.0,703,397,306,-3.0996445918760007,-3.023620764894378,True,-0.07602382698162291,-3.032704367005812,-3.0159281535438756,-3.084840135252718,-3.023690804344775,-2.9781814601751253,-0.07595378753122572,1.0,-1.0
68,27,7.0,8.0,702,384,318,-3.1083609671951566,-3.023620764894378,True,-0.08474020230077883,-3.032704367005812,-3.0159281535438756,-3.084840135252718,-3.023690804344775,-2.9781814601751253,-0.08467016285038165,1.0,-1.0
68,28,8.0,9.0,703,338,365,-3.2143434385822465,-3.023620764894378,True,-0.19072267368786866,-3.032704367005812,-3.0159281535438756,-3.084840135252718,-3.023690804344775,-2.9781814601751253,-0.19065263423747147,1.0,-1.0
68,29,9.0,10.0,703,607,96,-3.088424828889215,-3.023620764894378,True,-0.06480406399483707,-3.032704367005812,-3.0159281535438756,-3.084840135252718,-3.023690804344775,-2.9781814601751253,-0.06473402454443988,1.0,-1.0
68,30,10.0,11.0,702,454,248,-3.076271175834372,-3.023620764894378,True,-0.05265041093999434,-3.032704367005812,-3.0159281535438756,-3.084840135252718,-3.023690804344775,-2.9781814601751253,-0.052580371489597155,2.0,-0.5
68,31,11.0,12.0,703,408,295,-2.9690172612126227,-3.023620764894378,True,0.05460350368175515,-3.032704367005812,-3.0159281535438756,-3.084840135252718,-3.023690804344775,-2.9781814601751253,0.054673543132152336,5.0,1.0
68,32,12.0,13.0,702,367,335,-2.9377938823441565,-3.023620764894378,True,0.0858268825502213,-3.032704367005812,-3.0159281535438756,-3.084840135252718,-3.023690804344775,-2.9781814601751253,0.08589692200061849,5.0,1.0
68,33,13.0,14.0,703,613,90,-2.9485642154222096,-3.023620764894378,True,0.07505654947216822,-3.032704367005812,-3.0159281535438756,-3.084840135252718,-3.023690804344775,-2.9781814601751253,0.07512658892256541,5.0,1.0
68,34,14.0,15.0,702,467,235,-3.0090424661803747,-3.023620764894378,True,0.014578298714003068,-3.032704367005812,-3.0159281535438756,-3.084840135252718,-3.023690804344775,-2.9781814601751253,0.014648338164400254,4.0,0.5
68,35,15.0,16.0,703,498,205,-3.1739237037909196,-3.023620764894378,True,-0.15030293889654178,-3.032704367005812,-3.0159281535438756,-3.084840135252718,-3.023690804344775,-2.9781814601751253,-0.15023289944614504,1.0,-1.0
68,36,16.0,17.0,702,489,213,-3.066933318850731,-3.023620764894378,True,-0.04331255395635303,-3.032704367005812,-3.0159281535438756,-3.084840135252718,-3.023690804344775,-2.9781814601751253,-0.04324251450595584,2.0,-0.5
68,37,17.0,18.0,703,361,342,-3.1509404391291933,-3.023620764894378,True,-0.1273196742348155,-3.032704367005812,-3.0159281535438756,-3.084840135252718,-3.023690804344775,-2.9781814601751253,-0.1272496347844183,1.0,-1.0
68,38,18.0,19.0,703,322,381,-3.178227597038068,-3.023620764894378,True,-0.1546068321436902,-3.032704367005812,-3.0159281535438756,-3.084840135252718,-3.023690804344775,-2.9781814601751253,-0.154536792693293,1.0,-1.0
68,39,19.0,20.0,702,406,296,-3.132338210760135,-3.023620764894378,True,-0.10871744586575716,-3.032704367005812,-3.0159281535438756,-3.084840135252718,-3.023690804344775,-2.9781814601751253,-0.10864740641535997,1.0,-1.0
69,0,-20.0,-19.0,703,529,174,-3.0239419262478977,-3.0077833288221507,True,-0.01615859742574699,-3.0625515734383746,-3.02860722704664,-3.113671952172247,-3.043549001016535,-2.9090809186336664,0.01960707476863721,4.0,0.5
69,1,-19.0,-18.0,702,584,118,-2.916629311595275,-3.0077833288221507,True,0.09115401722687588,-3.0625515734383746,-3.02860722704664,-3.113671952172247,-3.043549001016535,-2.9090809186336664,0.12691968942126008,4.0,0.5
69,2,-18.0,-17.0,703,254,449,-3.132931593538808,-3.0077833288221507,True,-0.1251482647166573,-3.0625515734383746,-3.02860722704664,-3.113671952172247,-3.043549001016535,-2.9090809186336664,-0.0893825925222731,1.0,-1.0
69,3,-17.0,-16.0,702,473,229,-3.1395404883298155,-3.0077833288221507,True,-0.13175715950766476,-3.0625515734383746,-3.02860722704664,-3.113671952172247,-3.043549001016535,-2.9090809186336664,-0.09599148731328055,1.0,-1.0
69,4,-16.0,-15.0,703,511,192,-3.0713404988278947,-3.0077833288221507,True,-0.06355717000574401,-3.0625515734383746,-3.02860722704664,-3.113671952172247,-3.043549001016535,-2.9090809186336664,-0.02779149781135981,2.0,-0.5
69,5,-15.0,-14.0,703,561,142,-3.154472281385347,-3.0077833288221507,True,-0.14668895256319647,-3.0625515734383746,-3.02860722704664,-3.113671952172247,-3.043549001016535,-2.9090809186336664,-0.11092328036881227,1.0,-1.0
69,6,-14.0,-13.0,702,479,223,-3.119448202926231,-3.0077833288221507,True,-0.11166487410408044,-3.0625515734383746,-3.02860722704664,-3.113671952172247,-3.043549001016535,-2.9090809186336664,-0.07589920190969623,1.0,-1.0
69,7,-13.0,-12.0,703,325,378,-3.055360634483313,-3.0077833288221507,True,-0.04757730566116214,-3.0625515734383746,-3.02860722704664,-3.113671952172247,-3.043549001016535,-2.9090809186336664,-0.011811633466777938,3.0,0.0
69,8,-12.0,-11.0,702,553,149,-2.886435739748841,-3.0077833288221507,True,0.12134758907330978,-3.0625515734383746,-3.02860722704664,-3.113671952172247,-3.043549001016535,-2.9090809186336664,0.15711326126769398,5.0,1.0
69,9,-11.0,-10.0,703,588,115,-3.111746535254252,-3.0077833288221507,True,-0.10396320643210144,-3.0625515734383746,-3.02860722704664,-3.113671952172247,-3.043549001016535,-2.9090809186336664,-0.06819753423771724,2.0,-0.5
69,10,-10.0,-9.0,702,470,232,-2.8767193851205772,-3.0077833288221507,True,0.13106394370157348,-3.0625515734383746,-3.02860722704664,-3.113671952172247,-3.043549001016535,-2.9090809186336664,0.16682961589595813,5.0,1.0
69,11,-9.0,-8.0,703,530,173,-2.9801634334567626,-3.0077833288221507,True,0.027619895365388114,-3.0625515734383746,-3.02860722704664,-3.113671952172247,-3.043549001016535,-2.9090809186336664,0.06338556755977232,4.0,0.5
69,12,-8.0,-7.0,703,659,44,-2.8031560414949466,-3.0077833288221507,True,0.20462728732720414,-3.0625515734383746,-3.02860722704664,-3.113671952172247,-3.043549001016535,-2.9090809186336664,0.24039295952158835,5.0,1.0
69,13,-7.0,-6.0,702,684,18,-2.786774287829284,-3.0077833288221507,True,0.2210090409928669,-3.0625515734383746,-3.02860722704664,-3.113671952172247,-3.043549001016535,-2.9090809186336664,0.2567747131872511,5.0,1.0
69,14,-6.0,-5.0,703,345,358,-3.130554623442733,-3.0077833288221507,True,-0.12277129462058234,-3.0625515734383746,-3.02860722704664,-3.113671952172247,-3.043549001016535,-2.9090809186336664,-0.08700562242619814,1.0,-1.0
69,15,-5.0,-4.0,702,679,23,-2.748019965717733,-3.0077833288221507,True,0.2597633631044176,-3.0625515734383746,-3.02860722704664,-3.113671952172247,-3.043549001016535,-2.9090809186336664,0.2955290352988018,5.0,1.0
69,16,-4.0,-3.0,703,489,214,-3.074492768947889,-3.0077833288221507,True,-0.06670944012573843,-3.0625515734383746,-3.02860722704664,-3.113671952172247,-3.043549001016535,-2.9090809186336664,-0.030943767931354227,2.0,-0.5
69,17,-3.0,-2.0,702,561,141,-3.031737367549757,-3.0077833288221507,True,-0.023954038727606264,-3.0625515734383746,-3.02860722704664,-3.113671952172247,-3.043549001016535,-2.9090809186336664,0.011811633466777938,3.0,0.0
69,18,-2.0,-1.0,703,534,169,-3.0247814997650533,-3.0077833288221507,True,-0.01699817094290257,-3.0625515734383746,-3.02860722704664,-3.113671952172247,-3.043549001016535,-2.9090809186336664,0.018767501251481633,4.0,0.5
69,19,-1.0,0.0,702,620,82,-3.087419990780602,-3.0077833288221507,True,-0.07963666195845143,-3.0625515734383746,-3.02860722704664,-3.113671952172247,-3.043549001016535,-2.9090809186336664,-0.043870989764067225,2.0,-0.5
69,20,0.0,1.0,703,399,304,-2.9702580663712848,-3.0077833288221507,True,0.03752526245086596,-3.0625515734383746,-3.02860722704664,-3.113671952172247,-3.043549001016535,-2.9090809186336664,0.07329093464525016,4.0,0.5
69,21,1.0,2.0,703,556,147,-3.061553759528904,-3.0077833288221507,True,-0.05377043070675347,-3.0625515734383746,-3.02860722704664,-3.113671952172247,-3.043549001016535,-2.9090809186336664,-0.018004758512369268,3.0,0.0
69,22,2.0,3.0,702,449,253,-3.079913057728499,-3.0077833288221507,True,-0.0721297289063485,-3.0625515734383746,-3.02860722704664,-3.113671952172247,-3.043549001016535,-2.9090809186336664,-0.0363640567119643,2.0,-0.5
69,23,3.0,4.0,703,551,152,-3.0845554547173983,-3.0077833288221507,True,-0.07677212589524762,-3.0625515734383746,-3.02860722704664,-3.113671952172247,-3.043549001016535,-2.9090809186336664,-0.04100645370086342,2.0,-0.5
69,24,4.0,5.0,702,501,201,-3.069096446634913,-3.0077833288221507,True,-0.061313117812762385,-3.0625515734383746,-3.02860722704664,-3.113671952172247,-3.043549001016535,-2.9090809186336664,-0.025547445618378184,2.0,-0.5
69,25,5.0,6.0,703,391,312,-3.0714656288714557,-3.0077833288221507,True,-0.06368230004930497,-3.0625515734383746,-3.02860722704664,-3.113671952172247,-3.043549001016535,-2.9090809186336664,-0.027916627854921217,2.0,-0.5
69,26,6.0,7.0,702,325,377,-3.01583186758652,-3.0077833288221507,True,-0.008048538764369173,-3.0625515734383746,-3.02860722704664,-3.113671952172247,-3.043549001016535,-2.9090809186336664,0.02771713343001503,4.0,0.5
69,27,7.0,8.0,703,464,239,-2.976652987135405,-3.0077833288221507,True,0.031130341686745666,-3.0625515734383746,-3.02860722704664,-3.113671952172247,-3.043549001016535,-2.9090809186336664,0.06689601388112987,4.0,0.5
69,28,8.0,9.0,703,422,281,-2.900940716339244,-3.0077833288221507,True,0.1068426124829065,-3.0625515734383746,-3.02860722704664,-3.113671952172247,-3.043549001016535,-2.9090809186336664,0.1426082846772907,5.0,1.0
69,29,9.0,10.0,702,542,160,-2.9795875591883996,-3.0077833288221507,True,0.028195769633751144,-3.0625515734383746,-3.02860722704664,-3.113671952172247,-3.043549001016535,-2.9090809186336664,0.0639614418281349,4.0,0.5
69,30,10.0,11.0,703,499,204,-3.0068756289092637,-3.0077833288221507,True,0.0009076999128869723,-3.0625515734383746,-3.02860722704664,-3.113671952172247,-3.043549001016535,-2.9090809186336664,0.03667337210727073,4.0,0.5
69,31,11.0,12.0,702,411,291,-2.922305972199372,-3.0077833288221507,True,0.08547735662277889,-3.0625515734383746,-3.02860722704664,-3.113671952172247,-3.043549001016535,-2.9090809186336664,0.12124302881716309,4.0,0.5
69,32,12.0,13.0,703,571,132,-2.9268660657100765,-3.0077833288221507,True,0.08091726311207426,-3.0625515734383746,-3.02860722704664,-3.113671952172247,-3.043549001016535,-2.9090809186336664,0.11668293530645846,4.0,0.5
69,33,13.0,14.0,702,621,81,-2.908433902943107,-3.0077833288221507,True,0.09934942587904372,-3.0625515734383746,-3.02860722704664,-3.113671952172247,-3.043549001016535,-2.9090809186336664,0.13511509807342792,5.0,1.0
69,34,14.0,15.0,703,414,289,-2.7226185532739016,-3.0077833288221507,True,0.28516477554824915,-3.0625515734383746,-3.02860722704664,-3.113671952172247,-3.043549001016535,-2.9090809186336664,0.32093044774263335,5.0,1.0
69,35,15.0,16.0,702,458,244,-3.1523625063104426,-3.0077833288221507,True,-0.14457917748829185,-3.0625515734383746,-3.02860722704664,-3.113671952172247,-3.043549001016535,-2.9090809186336664,-0.10881350529390765,1.0,-1.0
69,36,16.0,17.0,703,613,90,-2.8027495287222575,-3.0077833288221507,True,0.20503380009989325,-3.0625515734383746,-3.02860722704664,-3.113671952172247,-3.043549001016535,-2.9090809186336664,0.2407994722942779,5.0,1.0
69,37,17.0,18.0,703,311,392,-2.9342696186951076,-3.0077833288221507,True,0.07351371012704311,-3.0625515734383746,-3.02860722704664,-3.113671952172247,-3.043549001016535,-2.9090809186336664,0.10927938232142687,4.0,0.5
69,38,18.0,19.0,702,304,398,-2.858520948079065,-3.0077833288221507,True,0.14926238074308573,-3.0625515734383746,-3.02860722704664,-3.113671952172247,-3.043549001016535,-2.9090809186336664,0.18502805293746993,5.0,1.0
69,39,19.0,20.0,703,542,161,-2.9040802272974084,-3.0077833288221507,True,0.10370310152474227,-3.0625515734383746,-3.02860722704664,-3.113671952172247,-3.043549001016535,-2.9090809186336664,0.13946877371912647,5.0,1.0
70,0,-20.0,-19.0,703,315,388,-3.091648458283227,-3.0075026939922753,True,-0.08414576429095177,-3.0366674958912427,-3.001974519593505,-3.0774460435554665,-3.0100116612532863,-2.9493165515563677,-0.08163679702994076,1.0,-1.0
70,1,-19.0,-18.0,702,433,269,-2.7617389143546878,-3.0075026939922753,True,0.24576377963758755,-3.0366674958912427,-3.001974519593505,-3.0774460435554665,-3.0100116612532863,-2.9493165515563677,0.24827274689859813,5.0,1.0
70,2,-18.0,-17.0,703,289,414,-3.077350382507037,-3.0075026939922753,True,-0.06984768851476186,-3.0366674958912427,-3.001974519593505,-3.0774460435554665,-3.0100116612532863,-2.9493165515563677,-0.06733872125375084,2.0,-0.5
70,3,-17.0,-16.0,702,571,131,-2.8205015317063022,-3.0075026939922753,True,0.18700116228597308,-3.0366674958912427,-3.001974519593505,-3.0774460435554665,-3.0100116612532863,-2.9493165515563677,0.1895101295469841,5.0,1.0
70,4,-16.0,-15.0,703,532,171,-2.86556541052972,-3.0075026939922753,True,0.14193728346255519,-3.0366674958912427,-3.001974519593505,-3.0774460435554665,-3.0100116612532863,-2.9493165515563677,0.1444462507235662,5.0,1.0
70,5,-15.0,-14.0,702,392,310,-2.95161291684926,-3.0075026939922753,True,0.05588977714301535,-3.0366674958912427,-3.001974519593505,-3.0774460435554665,-3.0100116612532863,-2.9493165515563677,0.05839874440402637,4.0,0.5
70,6,-14.0,-13.0,703,513,190,-3.062116752140751,-3.0075026939922753,True,-0.05461405814847575,-3.0366674958912427,-3.001974519593505,-3.0774460435554665,-3.0100116612532863,-2.9493165515563677,-0.05210509088746473,2.0,-0.5
70,7,-13.0,-12.0,702,407,295,-3.134101130818334,-3.0075026939922753,True,-0.12659843682605887,-3.0366674958912427,-3.001974519593505,-3.0774460435554665,-3.0100116612532863,-2.9493165515563677,-0.12408946956504785,1.0,-1.0
70,8,-12.0,-11.0,703,495,208,-3.077733026700754,-3.0075026939922753,True,-0.07023033270847856,-3.0366674958912427,-3.001974519593505,-3.0774460435554665,-3.0100116612532863,-2.9493165515563677,-0.06772136544746754,1.0,-1.0
70,9,-11.0,-10.0,703,432,271,-3.172549934364283,-3.0075026939922753,True,-0.16504724037200758,-3.0366674958912427,-3.001974519593505,-3.0774460435554665,-3.0100116612532863,-2.9493165515563677,-0.16253827311099656,1.0,-1.0
70,10,-10.0,-9.0,702,368,334,-3.066031324122372,-3.0075026939922753,True,-0.05852863013009646,-3.0366674958912427,-3.001974519593505,-3.0774460435554665,-3.0100116612532863,-2.9493165515563677,-0.05601966286908544,2.0,-0.5
70,11,-9.0,-8.0,703,586,117,-3.070413370496586,-3.0075026939922753,True,-0.06291067650431081,-3.0366674958912427,-3.001974519593505,-3.0774460435554665,-3.0100116612532863,-2.9493165515563677,-0.060401709243299795,2.0,-0.5
70,12,-8.0,-7.0,702,411,291,-2.9724890014221166,-3.0075026939922753,True,0.03501369257015874,-3.0366674958912427,-3.001974519593505,-3.0774460435554665,-3.0100116612532863,-2.9493165515563677,0.03752265983116976,4.0,0.5
70,13,-7.0,-6.0,703,533,170,-3.015845377141645,-3.0075026939922753,True,-0.008342683149369812,-3.0366674958912427,-3.001974519593505,-3.0774460435554665,-3.0100116612532863,-2.9493165515563677,-0.0058337158883587925,3.0,0.0
70,14,-6.0,-5.0,702,450,252,-2.9992814436506547,-3.0075026939922753,True,0.008221250341620578,-3.0366674958912427,-3.001974519593505,-3.0774460435554665,-3.0100116612532863,-2.9493165515563677,0.010730217602631598,4.0,0.5
70,15,-5.0,-4.0,703,495,208,-2.9652418365982336,-3.0075026939922753,True,0.04226085739404173,-3.0366674958912427,-3.001974519593505,-3.0774460435554665,-3.0100116612532863,-2.9493165515563677,0.04476982465505275,4.0,0.5
70,16,-4.0,-3.0,703,588,115,-3.004177945364928,-3.0075026939922753,True,0.0033247486273473292,-3.0366674958912427,-3.001974519593505,-3.0774460435554665,-3.0100116612532863,-2.9493165515563677,0.005833715888358348,3.0,0.0
70,17,-3.0,-2.0,702,263,439,-2.942427455677691,-3.0075026939922753,True,0.06507523831458428,-3.0366674958912427,-3.001974519593505,-3.0774460435554665,-3.0100116612532863,-2.9493165515563677,0.0675842055755953,5.0,1.0
70,18,-2.0,-1.0,703,122,581,-2.8249416513678507,-3.0075026939922753,True,0.18256104262442463,-3.0366674958912427,-3.001974519593505,-3.0774460435554665,-3.0100116612532863,-2.9493165515563677,0.18507000988543565,5.0,1.0
70,19,-1.0,0.0,702,214,488,-3.2742860157490754,-3.0075026939922753,True,-0.2667833217568001,-3.0366674958912427,-3.001974519593505,-3.0774460435554665,-3.0100116612532863,-2.9493165515563677,-0.26427435449578907,1.0,-1.0
70,20,0.0,1.0,703,303,400,-3.0716500564871985,-3.0075026939922753,True,-0.06414736249492314,-3.0366674958912427,-3.001974519593505,-3.0774460435554665,-3.0100116612532863,-2.9493165515563677,-0.061638395233912124,2.0,-0.5
70,21,1.0,2.0,702,551,151,-3.073296159327418,-3.0075026939922753,True,-0.06579346533514263,-3.0366674958912427,-3.001974519593505,-3.0774460435554665,-3.0100116612532863,-2.9493165515563677,-0.06328449807413161,2.0,-0.5
70,22,2.0,3.0,703,610,93,-3.10766789477342,-3.0075026939922753,True,-0.10016520078114466,-3.0366674958912427,-3.001974519593505,-3.0774460435554665,-3.0100116612532863,-2.9493165515563677,-0.09765623352013364,1.0,-1.0
70,23,3.0,4.0,703,601,102,-2.9801373201225214,-3.0075026939922753,True,0.027365373869753906,-3.0366674958912427,-3.001974519593505,-3.0774460435554665,-3.0100116612532863,-2.9493165515563677,0.029874341130764925,4.0,0.5
70,24,4.0,5.0,702,401,301,-3.1754935260614365,-3.0075026939922753,True,-0.1679908320691612,-3.0366674958912427,-3.001974519593505,-3.0774460435554665,-3.0100116612532863,-2.9493165515563677,-0.1654818648081502,1.0,-1.0
70,25,5.0,6.0,703,555,148,-3.0258684219963157,-3.0075026939922753,True,-0.01836572800404035,-3.0366674958912427,-3.001974519593505,-3.0774460435554665,-3.0100116612532863,-2.9493165515563677,-0.015856760743029774,3.0,0.0
70,26,6.0,7.0,702,529,173,-3.1512161789959103,-3.0075026939922753,True,-0.143713485003635,-3.0366674958912427,-3.001974519593505,-3.0774460435554665,-3.0100116612532863,-2.9493165515563677,-0.141204517742624,1.0,-1.0
70,27,7.0,8.0,703,561,142,-3.1572034396697637,-3.0075026939922753,True,-0.14970074567748837,-3.0366674958912427,-3.001974519593505,-3.0774460435554665,-3.0100116612532863,-2.9493165515563677,-0.1471917784164778,1.0,-1.0
70,28,8.0,9.0,702,506,196,-3.096782717486383,-3.0075026939922753,True,-0.08928002349410757,-3.0366674958912427,-3.001974519593505,-3.0774460435554665,-3.0100116612532863,-2.9493165515563677,-0.08677105623309656,1.0,-1.0
70,29,9.0,10.0,703,639,64,-2.8960557023231486,-3.0075026939922753,True,0.11144699166912675,-3.0366674958912427,-3.001974519593505,-3.0774460435554665,-3.0100116612532863,-2.9493165515563677,0.11395595893013732,5.0,1.0
70,30,10.0,11.0,702,470,232,-2.902711908189688,-3.0075026939922753,True,0.10479078580258738,-3.0366674958912427,-3.001974519593505,-3.0774460435554665,-3.0100116612532863,-2.9493165515563677,0.1072997530635984,5.0,1.0
70,31,11.0,12.0,703,578,125,-2.9757698967341284,-3.0075026939922753,True,0.03173279725814693,-3.0366674958912427,-3.001974519593505,-3.0774460435554665,-3.0100116612532863,-2.9493165515563677,0.03424176451915795,4.0,0.5
70,32,12.0,13.0,703,606,97,-2.9798648212935315,-3.0075026939922753,True,0.02763787269874385,-3.0366674958912427,-3.001974519593505,-3.0774460435554665,-3.0100116612532863,-2.9493165515563677,0.030146839959754868,4.0,0.5
70,33,13.0,14.0,702,554,148,-3.08961339930837,-3.0075026939922753,True,-0.08211070531609455,-3.0366674958912427,-3.001974519593505,-3.0774460435554665,-3.0100116612532863,-2.9493165515563677,-0.07960173805508353,1.0,-1.0
70,34,14.0,15.0,703,385,318,-3.0237939547968824,-3.0075026939922753,True,-0.016291260804607077,-3.0366674958912427,-3.001974519593505,-3.0774460435554665,-3.0100116612532863,-2.9493165515563677,-0.013782293543596058,3.0,0.0
70,35,15.0,16.0,702,336,366,-2.962318542312308,-3.0075026939922753,True,0.045184151679967144,-3.0366674958912427,-3.001974519593505,-3.0774460435554665,-3.0100116612532863,-2.9493165515563677,0.04769311894097816,4.0,0.5
70,36,16.0,17.0,703,471,232,-2.8725167239936553,-3.0075026939922753,True,0.13498596999862,-3.0366674958912427,-3.001974519593505,-3.0774460435554665,-3.0100116612532863,-2.9493165515563677,0.13749493725963058,5.0,1.0
70,37,17.0,18.0,702,547,155,-2.87432340803627,-3.0075026939922753,True,0.13317928595600526,-3.0366674958912427,-3.001974519593505,-3.0774460435554665,-3.0100116612532863,-2.9493165515563677,0.13568825321701627,5.0,1.0
70,38,18.0,19.0,703,557,146,-2.721455733724439,-3.0075026939922753,True,0.28604696026783616,-3.0366674958912427,-3.001974519593505,-3.0774460435554665,-3.0100116612532863,-2.9493165515563677,0.2885559275288472,5.0,1.0
70,39,19.0,20.0,703,574,129,-2.9472974160886443,-3.0075026939922753,True,0.06020527790363106,-3.0366674958912427,-3.001974519593505,-3.0774460435554665,-3.0100116612532863,-2.9493165515563677,0.06271424516464208,5.0,1.0
71,0,-20.0,-19.0,702,401,301,-2.5554301269304798,-2.969001887944567,True,0.41357176101408744,-3.014108162379522,-2.99381425572374,-3.057589140459571,-3.005327441333991,-2.9523867963452544,0.4498973144035108,5.0,1.0
71,1,-19.0,-18.0,703,392,311,-2.717075016300028,-2.969001887944567,True,0.2519268716445393,-3.014108162379522,-2.99381425572374,-3.057589140459571,-3.005327441333991,-2.9523867963452544,0.2882524250339631,5.0,1.0
71,2,-18.0,-17.0,703,637,66,-2.9054145517999004,-2.969001887944567,True,0.06358733614466683,-3.014108162379522,-2.99381425572374,-3.057589140459571,-3.005327441333991,-2.9523867963452544,0.09991288953409061,5.0,1.0
71,3,-17.0,-16.0,702,664,38,-2.663657535364533,-2.969001887944567,True,0.30534435258003434,-3.014108162379522,-2.99381425572374,-3.057589140459571,-3.005327441333991,-2.9523867963452544,0.3416699059694581,5.0,1.0
71,4,-16.0,-15.0,703,652,51,-2.9424770470655814,-2.969001887944567,True,0.026524840878985767,-3.014108162379522,-2.99381425572374,-3.057589140459571,-3.005327441333991,-2.9523867963452544,0.06285039426840999,5.0,1.0
71,5,-15.0,-14.0,702,662,40,-3.0043086314332412,-2.969001887944567,True,-0.03530674348867402,-3.014108162379522,-2.99381425572374,-3.057589140459571,-3.005327441333991,-2.9523867963452544,0.001018809900750206,3.0,0.0
71,6,-14.0,-13.0,703,524,179,-3.0235949426675877,-2.969001887944567,True,-0.05459305472302045,-3.014108162379522,-2.99381425572374,-3.057589140459571,-3.005327441333991,-2.9523867963452544,-0.018267501333597114,2.0,-0.5
71,7,-13.0,-12.0,702,580,122,-3.074027059736345,-2.969001887944567,True,-0.10502517179177762,-3.014108162379522,-2.99381425572374,-3.057589140459571,-3.005327441333991,-2.9523867963452544,-0.06869961840235383,1.0,-1.0
71,8,-12.0,-11.0,703,547,156,-2.955690046105145,-2.969001887944567,True,0.013311841839422023,-3.014108162379522,-2.99381425572374,-3.057589140459571,-3.005327441333991,-2.9523867963452544,0.049637395228845804,4.0,0.5
71,9,-11.0,-10.0,702,572,130,-3.05210983403398,-2.969001887944567,True,-0.08310794608941263,-3.014108162379522,-2.99381425572374,-3.057589140459571,-3.005327441333991,-2.9523867963452544,-0.04678239269998885,2.0,-0.5
71,10,-10.0,-9.0,703,587,116,-2.980987796523239,-2.969001887944567,True,-0.011985908578671989,-3.014108162379522,-2.99381425572374,-3.057589140459571,-3.005327441333991,-2.9523867963452544,0.024339644810751793,4.0,0.5
71,11,-9.0,-8.0,703,343,360,-3.10676307396831,-2.969001887944567,True,-0.13776118602374288,-3.014108162379522,-2.99381425572374,-3.057589140459571,-3.005327441333991,-2.9523867963452544,-0.1014356326343191,1.0,-1.0
71,12,-8.0,-7.0,702,625,77,-3.0438002567314975,-2.969001887944567,True,-0.07479836878693025,-3.014108162379522,-2.99381425572374,-3.057589140459571,-3.005327441333991,-2.9523867963452544,-0.03847281539750602,2.0,-0.5
71,13,-7.0,-6.0,703,423,280,-2.9707967034493157,-2.969001887944567,True,-0.0017948155047484704,-3.014108162379522,-2.99381425572374,-3.057589140459571,-3.005327441333991,-2.9523867963452544,0.03453073788467487,4.0,0.5
71,14,-6.0,-5.0,702,377,325,-3.139028140949714,-2.969001887944567,True,-0.17002625300514662,-3.014108162379522,-2.99381425572374,-3.057589140459571,-3.005327441333991,-2.9523867963452544,-0.13370069961572284,1.0,-1.0
71,15,-5.0,-4.0,703,474,229,-3.0905752652043943,-2.969001887944567,True,-0.12157337725982709,-3.014108162379522,-2.99381425572374,-3.057589140459571,-3.005327441333991,-2.9523867963452544,-0.0852478238704033,1.0,-1.0
71,16,-4.0,-3.0,702,536,166,-3.0063462512347408,-2.969001887944567,True,-0.03734436329017354,-3.014108162379522,-2.99381425572374,-3.057589140459571,-3.005327441333991,-2.9523867963452544,-0.001018809900749762,3.0,0.0
71,17,-3.0,-2.0,703,428,275,-3.037857036031194,-2.969001887944567,True,-0.06885514808662663,-3.014108162379522,-2.99381425572374,-3.057589140459571,-3.005327441333991,-2.9523867963452544,-0.032529594697202846,2.0,-0.5
71,18,-2.0,-1.0,703,392,311,-3.1510343550839917,-2.969001887944567,True,-0.18203246713942445,-3.014108162379522,-2.99381425572374,-3.057589140459571,-3.005327441333991,-2.9523867963452544,-0.1457069137500011,1.0,-1.0
71,19,-1.0,0.0,702,633,69,-2.959064088278126,-2.969001887944567,True,0.009937799666441371,-3.014108162379522,-2.99381425572374,-3.057589140459571,-3.005327441333991,-2.9523867963452544,0.04626335305586515,4.0,0.5
71,20,0.0,1.0,703,570,133,-3.012024980924754,-2.969001887944567,True,-0.04302309298018692,-3.014108162379522,-2.99381425572374,-3.057589140459571,-3.005327441333991,-2.9523867963452544,-0.006697539590763135,3.0,0.0
71,21,1.0,2.0,702,524,178,-2.971441434637229,-2.969001887944567,True,-0.002439546692661665,-3.014108162379522,-2.99381425572374,-3.057589140459571,-3.005327441333991,-2.9523867963452544,0.033886006696762117,4.0,0.5
71,22,2.0,3.0,703,226,477,-2.9748305398533685,-2.969001887944567,True,-0.00582865190880133,-3.014108162379522,-2.99381425572374,-3.057589140459571,-3.005327441333991,-2.9523867963452544,0.03049690148062245,4.0,0.5
71,23,3.0,4.0,702,641,61,-3.0017483847010134,-2.969001887944567,True,-0.03274649675644614,-3.014108162379522,-2.99381425572374,-3.057589140459571,-3.005327441333991,-2.9523867963452544,0.0035790566329776397,3.0,0.0
71,24,4.0,5.0,703,246,457,-3.002490057990938,-2.969001887944567,True,-0.033488170046370946,-3.014108162379522,-2.99381425572374,-3.057589140459571,-3.005327441333991,-2.9523867963452544,0.002837383343052835,3.0,0.0
71,25,5.0,6.0,703,512,191,-3.1088704766628035,-2.969001887944567,True,-0.13986858871823626,-3.014108162379522,-2.99381425572374,-3.057589140459571,-3.005327441333991,-2.9523867963452544,-0.10354303532881248,1.0,-1.0
71,26,6.0,7.0,702,426,276,-2.9505385944520315,-2.969001887944567,True,0.018463293492535726,-3.014108162379522,-2.99381425572374,-3.057589140459571,-3.005327441333991,-2.9523867963452544,0.05478884688195951,5.0,1.0
71,27,7.0,8.0,703,250,453,-3.159715859890974,-2.969001887944567,True,-0.1907139719464066,-3.014108162379522,-2.99381425572374,-3.057589140459571,-3.005327441333991,-2.9523867963452544,-0.15438841855698282,1.0,-1.0
71,28,8.0,9.0,702,457,245,-3.1690151256492447,-2.969001887944567,True,-0.2000132377046775,-3.014108162379522,-2.99381425572374,-3.057589140459571,-3.005327441333991,-2.9523867963452544,-0.1636876843152537,1.0,-1.0
71,29,9.0,10.0,703,291,412,-3.062593428044291,-2.969001887944567,True,-0.09359154009972359,-3.014108162379522,-2.99381425572374,-3.057589140459571,-3.005327441333991,-2.9523867963452544,-0.05726598671029981,1.0,-1.0
71,30,10.0,11.0,702,261,441,-2.9859662104542832,-2.969001887944567,True,-0.016964322509716023,-3.014108162379522,-2.99381425572374,-3.057589140459571,-3.005327441333991,-2.9523867963452544,0.019361230879707758,4.0,0.5
71,31,11.0,12.0,703,491,212,-3.085013634840048,-2.969001887944567,True,-0.11601174689548088,-3.014108162379522,-2.99381425572374,-3.057589140459571,-3.005327441333991,-2.9523867963452544,-0.0796861935060571,1.0,-1.0
71,32,12.0,13.0,702,316,386,-2.9585903046236623,-2.969001887944567,True,0.01041158332090486,-3.014108162379522,-2.99381425572374,-3.057589140459571,-3.005327441333991,-2.9523867963452544,0.04673713671032864,4.0,0.5
71,33,13.0,14.0,703,365,338,-2.933266133066623,-2.969001887944567,True,0.035735754877944004,-3.014108162379522,-2.99381425572374,-3.057589140459571,-3.005327441333991,-2.9523867963452544,0.07206130826736779,5.0,1.0
71,34,14.0,15.0,703,558,145,-2.9837949721602963,-2.969001887944567,True,-0.014793084215729113,-3.014108162379522,-2.99381425572374,-3.057589140459571,-3.005327441333991,-2.9523867963452544,0.02153246917369467,4.0,0.5
71,35,15.0,16.0,702,354,348,-3.0979713992709828,-2.969001887944567,True,-0.12896951132641554,-3.014108162379522,-2.99381425572374,-3.057589140459571,-3.005327441333991,-2.9523867963452544,-0.09264395793699176,1.0,-1.0
71,36,16.0,17.0,703,348,355,-3.082444836107531,-2.969001887944567,True,-0.11344294816296374,-3.014108162379522,-2.99381425572374,-3.057589140459571,-3.005327441333991,-2.9523867963452544,-0.07711739477353996,1.0,-1.0
71,37,17.0,18.0,702,624,78,-2.9847420725141367,-2.969001887944567,True,-0.015740184569569493,-3.014108162379522,-2.99381425572374,-3.057589140459571,-3.005327441333991,-2.9523867963452544,0.02058536881985429,4.0,0.5
71,38,18.0,19.0,703,617,86,-2.926751692374903,-2.969001887944567,True,0.04225019556966414,-3.014108162379522,-2.99381425572374,-3.057589140459571,-3.005327441333991,-2.9523867963452544,0.07857574895908792,5.0,1.0
71,39,19.0,20.0,702,389,313,-2.7748312759227107,-2.969001887944567,True,0.19417061202185648,-3.014108162379522,-2.99381425572374,-3.057589140459571,-3.005327441333991,-2.9523867963452544,0.23049616541128026,5.0,1.0
72,0,-20.0,-19.0,703,178,525,-3.037265610477911,-3.118038202097368,True,0.08077259161945705,-3.1219771501546885,-3.1128215487969197,-3.2153180380500226,-3.1178107884929043,-3.0725256225398194,0.08054517801499328,5.0,1.0
72,1,-19.0,-18.0,703,266,437,-2.964853941782465,-3.118038202097368,True,0.15318426031490295,-3.1219771501546885,-3.1128215487969197,-3.2153180380500226,-3.1178107884929043,-3.0725256225398194,0.1529568467104392,5.0,1.0
72,2,-18.0,-17.0,702,393,309,-3.2284044154758966,-3.118038202097368,True,-0.11036621337852859,-3.1219771501546885,-3.1128215487969197,-3.2153180380500226,-3.1178107884929043,-3.0725256225398194,-0.11059362698299235,1.0,-1.0
72,3,-17.0,-16.0,703,148,555,-3.2295808327752478,-3.118038202097368,True,-0.11154263067787973,-3.1219771501546885,-3.1128215487969197,-3.2153180380500226,-3.1178107884929043,-3.0725256225398194,-0.11177004428234394,1.0,-1.0
72,4,-16.0,-15.0,702,410,292,-3.0833717861416265,-3.118038202097368,True,0.03466641595574149,-3.1219771501546885,-3.1128215487969197,-3.2153180380500226,-3.1178107884929043,-3.0725256225398194,0.034439002351277725,4.0,0.5
72,5,-15.0,-14.0,703,450,253,-3.2290644000993938,-3.118038202097368,True,-0.11102619800202573,-3.1219771501546885,-3.1128215487969197,-3.2153180380500226,-3.1178107884929043,-3.0725256225398194,-0.1112536116064895,1.0,-1.0
72,6,-14.0,-13.0,702,450,252,-3.111005937557074,-3.118038202097368,True,0.00703226454029382,-3.1219771501546885,-3.1128215487969197,-3.2153180380500226,-3.1178107884929043,-3.0725256225398194,0.0068048509358300535,4.0,0.5
72,7,-13.0,-12.0,703,290,413,-3.074997592557669,-3.118038202097368,True,0.043040609539699126,-3.1219771501546885,-3.1128215487969197,-3.2153180380500226,-3.1178107884929043,-3.0725256225398194,0.04281319593523536,4.0,0.5
72,8,-12.0,-11.0,703,248,455,-3.0552618966576413,-3.118038202097368,True,0.06277630543972679,-3.1219771501546885,-3.1128215487969197,-3.2153180380500226,-3.1178107884929043,-3.0725256225398194,0.06254889183526302,5.0,1.0
72,9,-11.0,-10.0,702,411,291,-3.2406116759402477,-3.118038202097368,True,-0.12257347384287964,-3.1219771501546885,-3.1128215487969197,-3.2153180380500226,-3.1178107884929043,-3.0725256225398194,-0.12280088744734385,1.0,-1.0
72,10,-10.0,-9.0,703,462,241,-3.168033455445471,-3.118038202097368,True,-0.04999525334810295,-3.1219771501546885,-3.1128215487969197,-3.2153180380500226,-3.1178107884929043,-3.0725256225398194,-0.05022266695256672,2.0,-0.5
72,11,-9.0,-8.0,702,367,335,-3.114120002813881,-3.118038202097368,True,0.003918199283487134,-3.1219771501546885,-3.1128215487969197,-3.2153180380500226,-3.1178107884929043,-3.0725256225398194,0.0036907856790233673,3.0,0.0
72,12,-8.0,-7.0,703,458,245,-3.244399505917248,-3.118038202097368,True,-0.1263613038198801,-3.1219771501546885,-3.1128215487969197,-3.2153180380500226,-3.1178107884929043,-3.0725256225398194,-0.12658871742434386,1.0,-1.0
72,13,-7.0,-6.0,702,307,395,-3.1267984826877435,-3.118038202097368,True,-0.00876028059037548,-3.1219771501546885,-3.1128215487969197,-3.2153180380500226,-3.1178107884929043,-3.0725256225398194,-0.008987694194839246,2.0,-0.5
72,14,-6.0,-5.0,703,149,554,-3.1112345494428566,-3.118038202097368,True,0.006803652654511438,-3.1219771501546885,-3.1128215487969197,-3.2153180380500226,-3.1178107884929043,-3.0725256225398194,0.006576239050047672,4.0,0.5
72,15,-5.0,-4.0,702,251,451,-3.1225584096891734,-3.118038202097368,True,-0.004520207591805381,-3.1219771501546885,-3.1128215487969197,-3.2153180380500226,-3.1178107884929043,-3.0725256225398194,-0.004747621196269147,2.0,-0.5
72,16,-4.0,-3.0,703,457,246,-3.1215015741719276,-3.118038202097368,True,-0.003463372074559601,-3.1219771501546885,-3.1128215487969197,-3.2153180380500226,-3.1178107884929043,-3.0725256225398194,-0.0036907856790238114,3.0,0.0
72,17,-3.0,-2.0,703,424,279,-3.2109559122413978,-3.118038202097368,True,-0.09291771014402972,-3.1219771501546885,-3.1128215487969197,-3.2153180380500226,-3.1178107884929043,-3.0725256225398194,-0.09314512374849349,2.0,-0.5
72,18,-2.0,-1.0,702,456,246,-3.0651097124862714,-3.118038202097368,True,0.05292848961109664,-3.1219771501546885,-3.1128215487969197,-3.2153180380500226,-3.1178107884929043,-3.0725256225398194,0.052701076006632874,5.0,1.0
72,19,-1.0,0.0,703,388,315,-2.821634347586227,-3.118038202097368,True,0.29640385451114115,-3.1219771501546885,-3.1128215487969197,-3.2153180380500226,-3.1178107884929043,-3.0725256225398194,0.2961764409066774,5.0,1.0
72,20,0.0,1.0,702,543,159,-3.02143400813476,-3.118038202097368,True,0.09660419396260789,-3.1219771501546885,-3.1128215487969197,-3.2153180380500226,-3.1178107884929043,-3.0725256225398194,0.09637678035814412,5.0,1.0
72,21,1.0,2.0,703,504,199,-3.191750950413558,-3.118038202097368,True,-0.0737127483161899,-3.1219771501546885,-3.1128215487969197,-3.2153180380500226,-3.1178107884929043,-3.0725256225398194,-0.07394016192065367,2.0,-0.5
72,22,2.0,3.0,702,435,267,-3.0369057495413787,-3.118038202097368,True,0.08113245255598933,-3.1219771501546885,-3.1128215487969197,-3.2153180380500226,-3.1178107884929043,-3.0725256225398194,0.08090503895152557,5.0,1.0
72,23,3.0,4.0,703,422,281,-3.065020214378675,-3.118038202097368,True,0.05301798771869315,-3.1219771501546885,-3.1128215487969197,-3.2153180380500226,-3.1178107884929043,-3.0725256225398194,0.05279057411422938,5.0,1.0
72,24,4.0,5.0,703,356,347,-3.100317216862466,-3.118038202097368,True,0.017720985234901843,-3.1219771501546885,-3.1128215487969197,-3.2153180380500226,-3.1178107884929043,-3.0725256225398194,0.017493571630438076,4.0,0.5
72,25,5.0,6.0,702,404,298,-2.7143330647973074,-3.118038202097368,True,0.40370513730006063,-3.1219771501546885,-3.1128215487969197,-3.2153180380500226,-3.1178107884929043,-3.0725256225398194,0.40347772369559687,5.0,1.0
72,26,6.0,7.0,703,404,299,-2.843444022385087,-3.118038202097368,True,0.27459417971228106,-3.1219771501546885,-3.1128215487969197,-3.2153180380500226,-3.1178107884929043,-3.0725256225398194,0.2743667661078173,5.0,1.0
72,27,7.0,8.0,702,276,426,-2.9888553392144686,-3.118038202097368,True,0.12918286288289949,-3.1219771501546885,-3.1128215487969197,-3.2153180380500226,-3.1178107884929043,-3.0725256225398194,0.12895544927843527,5.0,1.0
72,28,8.0,9.0,703,313,390,-2.7086799731782722,-3.118038202097368,True,0.4093582289190958,-3.1219771501546885,-3.1128215487969197,-3.2153180380500226,-3.1178107884929043,-3.0725256225398194,0.40913081531463247,5.0,1.0
72,29,9.0,10.0,702,253,449,-2.8821203536501527,-3.118038202097368,True,0.2359178484472153,-3.1219771501546885,-3.1128215487969197,-3.2153180380500226,-3.1178107884929043,-3.0725256225398194,0.23569043484275154,5.0,1.0
72,30,10.0,11.0,703,219,484,-2.8936034782954256,-3.118038202097368,True,0.2244347238019424,-3.1219771501546885,-3.1128215487969197,-3.2153180380500226,-3.1178107884929043,-3.0725256225398194,0.22420731019747864,5.0,1.0
72,31,11.0,12.0,703,266,437,-2.992656584599554,-3.118038202097368,True,0.12538161749781418,-3.1219771501546885,-3.1128215487969197,-3.2153180380500226,-3.1178107884929043,-3.0725256225398194,0.1251542038933504,5.0,1.0
72,32,12.0,13.0,702,273,429,-2.9126058624204614,-3.118038202097368,True,0.20543233967690666,-3.1219771501546885,-3.1128215487969197,-3.2153180380500226,-3.1178107884929043,-3.0725256225398194,0.2052049260724429,5.0,1.0
72,33,13.0,14.0,703,257,446,-2.9955130075184977,-3.118038202097368,True,0.12252519457887034,-3.1219771501546885,-3.1128215487969197,-3.2153180380500226,-3.1178107884929043,-3.0725256225398194,0.12229778097440658,5.0,1.0
72,34,14.0,15.0,702,563,139,-3.1511330898307564,-3.118038202097368,True,-0.03309488773338831,-3.1219771501546885,-3.1128215487969197,-3.2153180380500226,-3.1178107884929043,-3.0725256225398194,-0.03332230133785208,2.0,-0.5
72,35,15.0,16.0,703,268,435,-3.124825344924884,-3.118038202097368,True,-0.006787142827516135,-3.1219771501546885,-3.1128215487969197,-3.2153180380500226,-3.1178107884929043,-3.0725256225398194,-0.007014556431979901,2.0,-0.5
72,36,16.0,17.0,702,221,481,-3.110710419492644,-3.118038202097368,True,0.00732778260472422,-3.1219771501546885,-3.1128215487969197,-3.2153180380500226,-3.1178107884929043,-3.0725256225398194,0.007100369000260454,4.0,0.5
72,37,17.0,18.0,703,174,529,-3.092293556096877,-3.118038202097368,True,0.025744646000490867,-3.1219771501546885,-3.1128215487969197,-3.2153180380500226,-3.1178107884929043,-3.0725256225398194,0.0255172323960271,4.0,0.5
72,38,18.0,19.0,702,267,435,-3.2347182014464098,-3.118038202097368,True,-0.11667999934904172,-3.1219771501546885,-3.1128215487969197,-3.2153180380500226,-3.1178107884929043,-3.0725256225398194,-0.11690741295350549,1.0,-1.0
72,39,19.0,20.0,703,322,381,-3.0841573404046607,-3.118038202097368,True,0.03388086169270732,-3.1219771501546885,-3.1128215487969197,-3.2153180380500226,-3.1178107884929043,-3.0725256225398194,0.033653448088243554,4.0,0.5
73,0,-20.0,-19.0,703,418,285,-3.10230227742314,-3.0366368934537578,True,-0.06566538396938215,-3.0824971003150616,-3.00906492745956,-3.108508993178946,-3.046745043955165,-2.975132426648163,-0.05555723346797503,2.0,-0.5
73,1,-19.0,-18.0,702,188,514,-3.2668794148311346,-3.0366368934537578,True,-0.23024252137737689,-3.0824971003150616,-3.00906492745956,-3.108508993178946,-3.046745043955165,-2.975132426648163,-0.22013437087596932,1.0,-1.0
73,2,-18.0,-17.0,703,188,515,-3.011501864014912,-3.0366368934537578,True,0.025135029438845713,-3.0824971003150616,-3.00906492745956,-3.108508993178946,-3.046745043955165,-2.975132426648163,0.03524317994025283,3.0,0.0
73,3,-17.0,-16.0,702,276,426,-3.0060864494474626,-3.0366368934537578,True,0.03055044400629514,-3.0824971003150616,-3.00906492745956,-3.108508993178946,-3.046745043955165,-2.975132426648163,0.04065859450770226,4.0,0.5
73,4,-16.0,-15.0,703,306,397,-3.1039747421071446,-3.0366368934537578,True,-0.06733784865338688,-3.0824971003150616,-3.00906492745956,-3.108508993178946,-3.046745043955165,-2.975132426648163,-0.05722969815197976,2.0,-0.5
73,5,-15.0,-14.0,702,320,382,-3.0819882238954177,-3.0366368934537578,True,-0.045351330441659954,-3.0824971003150616,-3.00906492745956,-3.108508993178946,-3.046745043955165,-2.975132426648163,-0.03524317994025283,3.0,0.0
73,6,-14.0,-13.0,703,295,408,-3.00097979750233,-3.0366368934537578,True,0.03565709595142774,-3.0824971003150616,-3.00906492745956,-3.108508993178946,-3.046745043955165,-2.975132426648163,0.04576524645283486,4.0,0.5
73,7,-13.0,-12.0,703,401,302,-2.8908684208946474,-3.0366368934537578,True,0.1457684725591104,-3.0824971003150616,-3.00906492745956,-3.108508993178946,-3.046745043955165,-2.975132426648163,0.15587662306051708,5.0,1.0
73,8,-12.0,-11.0,702,234,468,-3.1221117463943484,-3.0366368934537578,True,-0.08547485294059065,-3.0824971003150616,-3.00906492745956,-3.108508993178946,-3.046745043955165,-2.975132426648163,-0.07536670243918353,1.0,-1.0
73,9,-11.0,-10.0,703,482,221,-3.17065635991962,-3.0366368934537578,True,-0.13401946646586227,-3.0824971003150616,-3.00906492745956,-3.108508993178946,-3.046745043955165,-2.975132426648163,-0.12391131596445515,1.0,-1.0
73,10,-10.0,-9.0,702,291,411,-3.1665852100252336,-3.0366368934537578,True,-0.12994831657147587,-3.0824971003150616,-3.00906492745956,-3.108508993178946,-3.046745043955165,-2.975132426648163,-0.11984016607006875,1.0,-1.0
73,11,-9.0,-8.0,703,327,376,-3.083119060383515,-3.0366368934537578,True,-0.04648216692975726,-3.0824971003150616,-3.00906492745956,-3.108508993178946,-3.046745043955165,-2.975132426648163,-0.03637401642835014,2.0,-0.5
73,12,-8.0,-7.0,702,136,566,-3.099991412537367,-3.0366368934537578,True,-0.06335451908360934,-3.0824971003150616,-3.00906492745956,-3.108508993178946,-3.046745043955165,-2.975132426648163,-0.05324636858220222,2.0,-0.5
73,13,-7.0,-6.0,703,471,232,-3.1257460160703916,-3.0366368934537578,True,-0.08910912261663384,-3.0824971003150616,-3.00906492745956,-3.108508993178946,-3.046745043955165,-2.975132426648163,-0.07900097211522716,1.0,-1.0
73,14,-6.0,-5.0,703,511,192,-2.9507650190522194,-3.0366368934537578,True,0.08587187440153832,-3.0824971003150616,-3.00906492745956,-3.108508993178946,-3.046745043955165,-2.975132426648163,0.09598002490294544,5.0,1.0
73,15,-5.0,-4.0,702,403,299,-2.995671175302219,-3.0366368934537578,True,0.0409657181515386,-3.0824971003150616,-3.00906492745956,-3.108508993178946,-3.046745043955165,-2.975132426648163,0.05107386865294572,4.0,0.5
73,16,-4.0,-3.0,703,513,190,-2.929406525888985,-3.0366368934537578,True,0.10723036756477278,-3.0824971003150616,-3.00906492745956,-3.108508993178946,-3.046745043955165,-2.975132426648163,0.1173385180661799,5.0,1.0
73,17,-3.0,-2.0,702,453,249,-2.877967898478284,-3.0366368934537578,True,0.1586689949754736,-3.0824971003150616,-3.00906492745956,-3.108508993178946,-3.046745043955165,-2.975132426648163,0.16877714547688072,5.0,1.0
73,18,-2.0,-1.0,703,301,402,-2.7628813590599752,-3.0366368934537578,True,0.27375553439378253,-3.0824971003150616,-3.00906492745956,-3.108508993178946,-3.046745043955165,-2.975132426648163,0.28386368489518965,5.0,1.0
73,19,-1.0,0.0,702,389,313,-2.9832548958468106,-3.0366368934537578,True,0.053381997606947174,-3.0824971003150616,-3.00906492745956,-3.108508993178946,-3.046745043955165,-2.975132426648163,0.0634901481083543,4.0,0.5
73,20,0.0,1.0,703,456,247,-2.998343057808478,-3.0366368934537578,True,0.03829383564527955,-3.0824971003150616,-3.00906492745956,-3.108508993178946,-3.046745043955165,-2.975132426648163,0.04840198614668667,4.0,0.5
73,21,1.0,2.0,702,560,142,-3.117123634847727,-3.0366368934537578,True,-0.08048674139396939,-3.0824971003150616,-3.00906492745956,-3.108508993178946,-3.046745043955165,-2.975132426648163,-0.07037859089256226,1.0,-1.0
73,22,2.0,3.0,703,434,269,-3.032400590369984,-3.0366368934537578,True,0.0042363030837737625,-3.0824971003150616,-3.00906492745956,-3.108508993178946,-3.046745043955165,-2.975132426648163,0.014344453585180883,3.0,0.0
73,23,3.0,4.0,703,501,202,-3.181460760397146,-3.0366368934537578,True,-0.14482386694338834,-3.0824971003150616,-3.00906492745956,-3.108508993178946,-3.046745043955165,-2.975132426648163,-0.13471571644198121,1.0,-1.0
73,24,4.0,5.0,702,319,383,-3.2454198677648876,-3.0366368934537578,True,-0.2087829743111298,-3.0824971003150616,-3.00906492745956,-3.108508993178946,-3.046745043955165,-2.975132426648163,-0.19867482380972312,1.0,-1.0
73,25,5.0,6.0,703,480,223,-2.9491939907442557,-3.0366368934537578,True,0.08744290270950206,-3.0824971003150616,-3.00906492745956,-3.108508993178946,-3.046745043955165,-2.975132426648163,0.09755105321090873,5.0,1.0
73,26,6.0,7.0,702,394,308,-2.7971701029602882,-3.0366368934537578,True,0.23946679049346953,-3.0824971003150616,-3.00906492745956,-3.108508993178946,-3.046745043955165,-2.975132426648163,0.2495749409948771,5.0,1.0
73,27,7.0,8.0,703,232,471,-2.983369221969749,-3.0366368934537578,True,0.053267671484008794,-3.0824971003150616,-3.00906492745956,-3.108508993178946,-3.046745043955165,-2.975132426648163,0.06337582198541591,4.0,0.5
73,28,8.0,9.0,702,556,146,-2.9662561273506736,-3.0366368934537578,True,0.07038076610308419,-3.0824971003150616,-3.00906492745956,-3.108508993178946,-3.046745043955165,-2.975132426648163,0.08048891660449131,5.0,1.0
73,29,9.0,10.0,703,462,241,-2.9960255304660097,-3.0366368934537578,True,0.040611362987748034,-3.0824971003150616,-3.00906492745956,-3.108508993178946,-3.046745043955165,-2.975132426648163,0.050719513489155155,4.0,0.5
73,30,10.0,11.0,703,421,282,-3.180086944544367,-3.0366368934537578,True,-0.14345005109060915,-3.0824971003150616,-3.00906492745956,-3.108508993178946,-3.046745043955165,-2.975132426648163,-0.13334190058920203,1.0,-1.0
73,31,11.0,12.0,702,265,437,-3.2932637350735185,-3.0366368934537578,True,-0.2566268416197608,-3.0824971003150616,-3.00906492745956,-3.108508993178946,-3.046745043955165,-2.975132426648163,-0.24651869111835367,1.0,-1.0
73,32,12.0,13.0,703,212,491,-3.2023145514981843,-3.0366368934537578,True,-0.16567765804442658,-3.0824971003150616,-3.00906492745956,-3.108508993178946,-3.046745043955165,-2.975132426648163,-0.15556950754301946,1.0,-1.0
73,33,13.0,14.0,702,458,244,-3.325481955832662,-3.0366368934537578,True,-0.28884506237890406,-3.0824971003150616,-3.00906492745956,-3.108508993178946,-3.046745043955165,-2.975132426648163,-0.27873691187749694,1.0,-1.0
73,34,14.0,15.0,703,117,586,-3.064983324570181,-3.0366368934537578,True,-0.02834643111642343,-3.0824971003150616,-3.00906492745956,-3.108508993178946,-3.046745043955165,-2.975132426648163,-0.01823828061501631,3.0,0.0
73,35,15.0,16.0,702,275,427,-2.975090073378219,-3.0366368934537578,True,0.06154682007553891,-3.0824971003150616,-3.00906492745956,-3.108508993178946,-3.046745043955165,-2.975132426648163,0.07165497057694603,5.0,1.0
73,36,16.0,17.0,703,239,464,-3.220885072857117,-3.0366368934537578,True,-0.18424817940335902,-3.0824971003150616,-3.00906492745956,-3.108508993178946,-3.046745043955165,-2.975132426648163,-0.1741400289019519,1.0,-1.0
73,37,17.0,18.0,702,312,390,-3.136986058182231,-3.0366368934537578,True,-0.1003491647284731,-3.0824971003150616,-3.00906492745956,-3.108508993178946,-3.046745043955165,-2.975132426648163,-0.09024101422706599,1.0,-1.0
73,38,18.0,19.0,703,372,331,-2.959609651245906,-3.0366368934537578,True,0.07702724220785173,-3.0824971003150616,-3.00906492745956,-3.108508993178946,-3.046745043955165,-2.975132426648163,0.08713539270925885,5.0,1.0
73,39,19.0,20.0,703,273,430,-2.720196253558751,-3.0366368934537578,True,0.3164406398950068,-3.0824971003150616,-3.00906492745956,-3.108508993178946,-3.046745043955165,-2.975132426648163,0.32654879039641393,5.0,1.0
74,0,-20.0,-19.0,702,365,337,-3.2426846562282003,-3.0409977839596163,True,-0.20168687226858406,-3.083027037491847,-3.068225630469947,-3.144440431805375,-3.072190176006684,-2.975565574051282,-0.17049448022151648,1.0,-1.0
74,1,-19.0,-18.0,703,154,549,-3.0717187872977223,-3.0409977839596163,True,-0.030721003338106012,-3.083027037491847,-3.068225630469947,-3.144440431805375,-3.072190176006684,-2.975565574051282,0.00047138870896157314,3.0,0.0
74,2,-18.0,-17.0,702,434,268,-3.2133946623851166,-3.0409977839596163,True,-0.17239687842550033,-3.083027037491847,-3.068225630469947,-3.144440431805375,-3.072190176006684,-2.975565574051282,-0.14120448637843275,1.0,-1.0
74,3,-17.0,-16.0,703,437,266,-3.1124935086325443,-3.0409977839596163,True,-0.07149572467292797,-3.083027037491847,-3.068225630469947,-3.144440431805375,-3.072190176006684,-2.975565574051282,-0.04030333262586039,2.0,-0.5
74,4,-16.0,-15.0,703,473,230,-2.9438142893287593,-3.0409977839596163,True,0.09718349463085696,-3.083027037491847,-3.068225630469947,-3.144440431805375,-3.072190176006684,-2.975565574051282,0.1283758866779241,5.0,1.0
74,5,-15.0,-14.0,702,535,167,-2.8720771866064316,-3.0409977839596163,True,0.16892059735318465,-3.083027037491847,-3.068225630469947,-3.144440431805375,-3.072190176006684,-2.975565574051282,0.2001129894002518,5.0,1.0
74,6,-14.0,-13.0,703,490,213,-2.756152709838378,-3.0409977839596163,True,0.2848450741212383,-3.083027037491847,-3.068225630469947,-3.144440431805375,-3.072190176006684,-2.975565574051282,0.31603746616830586,5.0,1.0
74,7,-13.0,-12.0,702,497,205,-3.0639562165693324,-3.0409977839596163,True,-0.022958432609716084,-3.083027037491847,-3.068225630469947,-3.144440431805375,-3.072190176006684,-2.975565574051282,0.008233959437351501,4.0,0.5
74,8,-12.0,-11.0,703,473,230,-2.7286960019377338,-3.0409977839596163,True,0.3123017820218825,-3.083027037491847,-3.068225630469947,-3.144440431805375,-3.072190176006684,-2.975565574051282,0.3434941740689501,5.0,1.0
74,9,-11.0,-10.0,702,590,112,-2.693212109297265,-3.0409977839596163,True,0.34778567466235133,-3.083027037491847,-3.068225630469947,-3.144440431805375,-3.072190176006684,-2.975565574051282,0.3789780667094189,5.0,1.0
74,10,-10.0,-9.0,703,573,130,-3.095695948662761,-3.0409977839596163,True,-0.05469816470314459,-3.083027037491847,-3.068225630469947,-3.144440431805375,-3.072190176006684,-2.975565574051282,-0.023505772656077006,2.0,-0.5
74,11,-9.0,-8.0,702,419,283,-3.0726615647156446,-3.0409977839596163,True,-0.03166378075602827,-3.083027037491847,-3.068225630469947,-3.144440431805375,-3.072190176006684,-2.975565574051282,-0.00047138870896112905,3.0,0.0
74,12,-8.0,-7.0,703,152,551,-3.2304609247351244,-3.0409977839596163,True,-0.18946314077550808,-3.083027037491847,-3.068225630469947,-3.144440431805375,-3.072190176006684,-2.975565574051282,-0.1582707487284405,1.0,-1.0
74,13,-7.0,-6.0,703,278,425,-2.9861493356254556,-3.0409977839596163,True,0.05484844833416069,-3.083027037491847,-3.068225630469947,-3.144440431805375,-3.072190176006684,-2.975565574051282,0.08604084038122783,4.0,0.5
74,14,-6.0,-5.0,702,113,589,-3.2428474830855563,-3.0409977839596163,True,-0.20184969912593997,-3.083027037491847,-3.068225630469947,-3.144440431805375,-3.072190176006684,-2.975565574051282,-0.1706573070788724,1.0,-1.0
74,15,-5.0,-4.0,703,353,350,-3.174683281037239,-3.0409977839596163,True,-0.1336854970776229,-3.083027037491847,-3.068225630469947,-3.144440431805375,-3.072190176006684,-2.975565574051282,-0.10249310503055531,1.0,-1.0
74,16,-4.0,-3.0,702,102,600,-3.0277991882702753,-3.0409977839596163,True,0.013198595689341008,-3.083027037491847,-3.068225630469947,-3.144440431805375,-3.072190176006684,-2.975565574051282,0.04439098773640815,4.0,0.5
74,17,-3.0,-2.0,703,449,254,-3.1343594820614205,-3.0409977839596163,True,-0.09336169810180417,-3.083027037491847,-3.068225630469947,-3.144440431805375,-3.072190176006684,-2.975565574051282,-0.062169306054736584,2.0,-0.5
74,18,-2.0,-1.0,702,431,271,-3.1067508243811597,-3.0409977839596163,True,-0.0657530404215434,-3.083027037491847,-3.068225630469947,-3.144440431805375,-3.072190176006684,-2.975565574051282,-0.034560648374476255,2.0,-0.5
74,19,-1.0,0.0,703,419,284,-3.050347518496207,-3.0409977839596163,True,-0.009349734536590937,-3.083027037491847,-3.068225630469947,-3.144440431805375,-3.072190176006684,-2.975565574051282,0.02184265751047665,4.0,0.5
74,20,0.0,1.0,703,356,347,-3.0534074907598328,-3.0409977839596163,True,-0.012409706800216469,-3.083027037491847,-3.068225630469947,-3.144440431805375,-3.072190176006684,-2.975565574051282,0.018782685246851116,4.0,0.5
74,21,1.0,2.0,702,336,366,-3.0424987953701725,-3.0409977839596163,True,-0.0015010114105562522,-3.083027037491847,-3.068225630469947,-3.144440431805375,-3.072190176006684,-2.975565574051282,0.029691380636511333,4.0,0.5
74,22,2.0,3.0,703,451,252,-3.01056663401799,-3.0409977839596163,True,0.030431149941626323,-3.083027037491847,-3.068225630469947,-3.144440431805375,-3.072190176006684,-2.975565574051282,0.06162354198869391,4.0,0.5
74,23,3.0,4.0,702,238,464,-2.9528416054248092,-3.0409977839596163,True,0.08815617853480706,-3.083027037491847,-3.068225630469947,-3.144440431805375,-3.072190176006684,-2.975565574051282,0.11934857058187509,5.0,1.0
74,24,4.0,5.0,703,309,394,-2.911761657517593,-3.0409977839596163,True,0.1292361264420232,-3.083027037491847,-3.068225630469947,-3.144440431805375,-3.072190176006684,-2.975565574051282,0.1604285184890908,5.0,1.0
74,25,5.0,6.0,702,491,211,-3.0289781637383713,-3.0409977839596163,True,0.012019620221245031,-3.083027037491847,-3.068225630469947,-3.144440431805375,-3.072190176006684,-2.975565574051282,0.04321201226831217,4.0,0.5
74,26,6.0,7.0,703,431,272,-2.778626479264448,-3.0409977839596163,True,0.2623713046951681,-3.083027037491847,-3.068225630469947,-3.144440431805375,-3.072190176006684,-2.975565574051282,0.2935636967422357,5.0,1.0
74,27,7.0,8.0,703,572,131,-3.0886135636047216,-3.0409977839596163,True,-0.04761577964510533,-3.083027037491847,-3.068225630469947,-3.144440431805375,-3.072190176006684,-2.975565574051282,-0.016423387598037742,2.0,-0.5
74,28,8.0,9.0,702,333,369,-3.122379767662305,-3.0409977839596163,True,-0.08138198370268857,-3.083027037491847,-3.068225630469947,-3.144440431805375,-3.072190176006684,-2.975565574051282,-0.05018959165562098,2.0,-0.5
74,29,9.0,10.0,703,511,192,-3.0164716413838892,-3.0409977839596163,True,0.02452614257572705,-3.083027037491847,-3.068225630469947,-3.144440431805375,-3.072190176006684,-2.975565574051282,0.05571853462279508,4.0,0.5
74,30,10.0,11.0,702,395,307,-2.955145572740391,-3.0409977839596163,True,0.08585221121922526,-3.083027037491847,-3.068225630469947,-3.144440431805375,-3.072190176006684,-2.975565574051282,0.11704460326629285,5.0,1.0
74,31,11.0,12.0,703,418,285,-3.2461855275563205,-3.0409977839596163,True,-0.20518774359670422,-3.083027037491847,-3.068225630469947,-3.144440431805375,-3.072190176006684,-2.975565574051282,-0.17399535154963663,1.0,-1.0
74,32,12.0,13.0,702,511,191,-3.0618714927120294,-3.0409977839596163,True,-0.020873708752413123,-3.083027037491847,-3.068225630469947,-3.144440431805375,-3.072190176006684,-2.975565574051282,0.010318683294654463,4.0,0.5
74,33,13.0,14.0,703,501,202,-2.9701132436381736,-3.0409977839596163,True,0.07088454032144265,-3.083027037491847,-3.068225630469947,-3.144440431805375,-3.072190176006684,-2.975565574051282,0.10207693236851023,5.0,1.0
74,34,14.0,15.0,702,458,244,-3.032941205858227,-3.0409977839596163,True,0.008056578101389267,-3.083027037491847,-3.068225630469947,-3.144440431805375,-3.072190176006684,-2.975565574051282,0.03924897014845685,4.0,0.5
74,35,15.0,16.0,703,490,213,-3.038335944429046,-3.0409977839596163,True,0.002661839530570198,-3.083027037491847,-3.068225630469947,-3.144440431805375,-3.072190176006684,-2.975565574051282,0.03385423157763778,4.0,0.5
74,36,16.0,17.0,703,432,271,-3.055866389467886,-3.0409977839596163,True,-0.014868605508269628,-3.083027037491847,-3.068225630469947,-3.144440431805375,-3.072190176006684,-2.975565574051282,0.016323786538797957,4.0,0.5
74,37,17.0,18.0,702,506,196,-3.02371459230196,-3.0409977839596163,True,0.01728319165765635,-3.083027037491847,-3.068225630469947,-3.144440431805375,-3.072190176006684,-2.975565574051282,0.048475583704723935,4.0,0.5
74,38,18.0,19.0,703,444,259,-2.961583056397287,-3.0409977839596163,True,0.07941472756232937,-3.083027037491847,-3.068225630469947,-3.144440431805375,-3.072190176006684,-2.975565574051282,0.11060711960939695,5.0,1.0
74,39,19.0,20.0,702,415,287,-2.9819519180180913,-3.0409977839596163,True,0.059045865941524944,-3.083027037491847,-3.068225630469947,-3.144440431805375,-3.072190176006684,-2.975565574051282,0.09023825798859209,4.0,0.5
75,0,-20.0,-19.0,703,509,194,-3.071767998404578,-3.0586749018518806,True,-0.013093096552697414,-3.0751781005348366,-3.0294679657056274,-3.1152237550264545,-3.0509443608100453,-2.9975528066640456,-0.020823637594532762,3.0,0.0
75,1,-19.0,-18.0,702,547,155,-3.0988954514816682,-3.0586749018518806,True,-0.040220549629787605,-3.0751781005348366,-3.0294679657056274,-3.1152237550264545,-3.0509443608100453,-2.9975528066640456,-0.04795109067162251,2.0,-0.5
75,2,-18.0,-17.0,703,364,339,-3.201447417749688,-3.0586749018518806,True,-0.14277251589780748,-3.0751781005348366,-3.0294679657056274,-3.1152237550264545,-3.0509443608100453,-2.9975528066640456,-0.15050305693964283,1.0,-1.0
75,3,-17.0,-16.0,703,403,300,-3.0793460031384856,-3.0586749018518806,True,-0.020671101286604987,-3.0751781005348366,-3.0294679657056274,-3.1152237550264545,-3.0509443608100453,-2.9975528066640456,-0.028401642328440335,2.0,-0.5
75,4,-16.0,-15.0,702,247,455,-3.2306972056763072,-3.0586749018518806,True,-0.17202230382442663,-3.0751781005348366,-3.0294679657056274,-3.1152237550264545,-3.0509443608100453,-2.9975528066640456,-0.17975284486626197,1.0,-1.0
75,5,-15.0,-14.0,703,483,220,-3.017452530075035,-3.0586749018518806,True,0.04122237177684562,-3.0751781005348366,-3.0294679657056274,-3.1152237550264545,-3.0509443608100453,-2.9975528066640456,0.033491830735010275,4.0,0.5
75,6,-14.0,-13.0,702,298,404,-3.114896342923149,-3.0586749018518806,True,-0.05622144107126825,-3.0751781005348366,-3.0294679657056274,-3.1152237550264545,-3.0509443608100453,-2.9975528066640456,-0.0639519821131036,2.0,-0.5
75,7,-13.0,-12.0,703,266,437,-3.1162059913363716,-3.0586749018518806,True,-0.05753108948449093,-3.0751781005348366,-3.0294679657056274,-3.1152237550264545,-3.0509443608100453,-2.9975528066640456,-0.06526163052632672,1.0,-1.0
75,8,-12.0,-11.0,702,344,358,-2.9619576898556477,-3.0586749018518806,True,0.09671721199623295,-3.0751781005348366,-3.0294679657056274,-3.1152237550264545,-3.0509443608100453,-2.9975528066640456,0.08898667095439716,5.0,1.0
75,9,-11.0,-10.0,703,349,354,-2.892296952563403,-3.0586749018518806,True,0.16637794928847782,-3.0751781005348366,-3.0294679657056274,-3.1152237550264545,-3.0509443608100453,-2.9975528066640456,0.15864740824664247,5.0,1.0
75,10,-10.0,-9.0,703,575,128,-3.030120723215512,-3.0586749018518806,True,0.028554178636368555,-3.0751781005348366,-3.0294679657056274,-3.1152237550264545,-3.0509443608100453,-2.9975528066640456,0.020823637594533206,3.0,0.0
75,11,-9.0,-8.0,702,497,205,-2.9737383449804202,-3.0586749018518806,True,0.0849365568714604,-3.0751781005348366,-3.0294679657056274,-3.1152237550264545,-3.0509443608100453,-2.9975528066640456,0.0772060158296255,5.0,1.0
75,12,-8.0,-7.0,703,284,419,-2.9287472807975674,-3.0586749018518806,True,0.1299276210543132,-3.0751781005348366,-3.0294679657056274,-3.1152237550264545,-3.0509443608100453,-2.9975528066640456,0.12219708001247787,5.0,1.0
75,13,-7.0,-6.0,702,290,412,-3.0286701509713243,-3.0586749018518806,True,0.03000475088055632,-3.0751781005348366,-3.0294679657056274,-3.1152237550264545,-3.0509443608100453,-2.9975528066640456,0.02227420983872097,4.0,0.5
75,14,-6.0,-5.0,703,303,400,-3.008684983882332,-3.0586749018518806,True,0.049989917969548436,-3.0751781005348366,-3.0294679657056274,-3.1152237550264545,-3.0509443608100453,-2.9975528066640456,0.04225937692771309,4.0,0.5
75,15,-5.0,-4.0,702,534,168,-3.1304162138038056,-3.0586749018518806,True,-0.07174131195192501,-3.0751781005348366,-3.0294679657056274,-3.1152237550264545,-3.0509443608100453,-2.9975528066640456,-0.07947185299376036,1.0,-1.0
75,16,-4.0,-3.0,703,224,479,-3.101763692244235,-3.0586749018518806,True,-0.04308879039235425,-3.0751781005348366,-3.0294679657056274,-3.1152237550264545,-3.0509443608100453,-2.9975528066640456,-0.050819331434189596,2.0,-0.5
75,17,-3.0,-2.0,702,502,200,-3.2025854705074717,-3.0586749018518806,True,-0.14391056865559104,-3.0751781005348366,-3.0294679657056274,-3.1152237550264545,-3.0509443608100453,-2.9975528066640456,-0.15164110969742683,1.0,-1.0
75,18,-2.0,-1.0,703,340,363,-3.0032018166127825,-3.0586749018518806,True,0.05547308523909811,-3.0751781005348366,-3.0294679657056274,-3.1152237550264545,-3.0509443608100453,-2.9975528066640456,0.04774254419726276,4.0,0.5
75,19,-1.0,0.0,703,282,421,-2.980605776817834,-3.0586749018518806,True,0.07806912503404684,-3.0751781005348366,-3.0294679657056274,-3.1152237550264545,-3.0509443608100453,-2.9975528066640456,0.07033858399221149,5.0,1.0
75,20,0.0,1.0,702,197,505,-2.6717629376451404,-3.0586749018518806,True,0.38691196420674023,-3.0751781005348366,-3.0294679657056274,-3.1152237550264545,-3.0509443608100453,-2.9975528066640456,0.3791814231649049,5.0,1.0
75,21,1.0,2.0,703,403,300,-2.750113935404415,-3.0586749018518806,True,0.30856096644746556,-3.0751781005348366,-3.0294679657056274,-3.1152237550264545,-3.0509443608100453,-2.9975528066640456,0.3008304254056302,5.0,1.0
75,22,2.0,3.0,702,252,450,-3.2392975620246913,-3.0586749018518806,True,-0.1806226601728107,-3.0751781005348366,-3.0294679657056274,-3.1152237550264545,-3.0509443608100453,-2.9975528066640456,-0.1883532012146465,1.0,-1.0
75,23,3.0,4.0,703,496,207,-3.0475773701932964,-3.0586749018518806,True,0.011097531658584181,-3.0751781005348366,-3.0294679657056274,-3.1152237550264545,-3.0509443608100453,-2.9975528066640456,0.003366990616748833,3.0,0.0
75,24,4.0,5.0,702,468,234,-3.0088634276207493,-3.0586749018518806,True,0.0498114742311313,-3.0751781005348366,-3.0294679657056274,-3.1152237550264545,-3.0509443608100453,-2.9975528066640456,0.042080933189295955,4.0,0.5
75,25,5.0,6.0,703,589,114,-3.0280565041124596,-3.0586749018518806,True,0.03061839773942099,-3.0751781005348366,-3.0294679657056274,-3.1152237550264545,-3.0509443608100453,-2.9975528066640456,0.022887856697585196,4.0,0.5
75,26,6.0,7.0,703,368,335,-3.1327089873372795,-3.0586749018518806,True,-0.07403408548539891,-3.0751781005348366,-3.0294679657056274,-3.1152237550264545,-3.0509443608100453,-2.9975528066640456,-0.08176462652723426,1.0,-1.0
75,27,7.0,8.0,702,504,198,-2.964223705208715,-3.0586749018518806,True,0.09445119664316559,-3.0751781005348366,-3.0294679657056274,-3.1152237550264545,-3.0509443608100453,-2.9975528066640456,0.08672065560133024,5.0,1.0
75,28,8.0,9.0,703,382,321,-2.929489444138513,-3.0586749018518806,True,0.12918545771336776,-3.0751781005348366,-3.0294679657056274,-3.1152237550264545,-3.0509443608100453,-2.9975528066640456,0.12145491667153241,5.0,1.0
75,29,9.0,10.0,702,535,167,-3.0406991794721465,-3.0586749018518806,True,0.017975722379734105,-3.0751781005348366,-3.0294679657056274,-3.1152237550264545,-3.0509443608100453,-2.9975528066640456,0.010245181337898757,3.0,0.0
75,30,10.0,11.0,703,231,472,-3.216833764156259,-3.0586749018518806,True,-0.15815886230437837,-3.0751781005348366,-3.0294679657056274,-3.1152237550264545,-3.0509443608100453,-2.9975528066640456,-0.16588940334621372,1.0,-1.0
75,31,11.0,12.0,702,188,514,-3.287502315211068,-3.0586749018518806,True,-0.22882741335918722,-3.0751781005348366,-3.0294679657056274,-3.1152237550264545,-3.0509443608100453,-2.9975528066640456,-0.23655795440102256,1.0,-1.0
75,32,12.0,13.0,703,201,502,-3.0989458312464704,-3.0586749018518806,True,-0.04027092939458976,-3.0751781005348366,-3.0294679657056274,-3.1152237550264545,-3.0509443608100453,-2.9975528066640456,-0.04800147043642511,2.0,-0.5
75,33,13.0,14.0,702,479,223,-3.088464384818909,-3.0586749018518806,True,-0.029789482967028214,-3.0751781005348366,-3.0294679657056274,-3.1152237550264545,-3.0509443608100453,-2.9975528066640456,-0.03752002400886356,2.0,-0.5
75,34,14.0,15.0,703,450,253,-2.9707878423260023,-3.0586749018518806,True,0.08788705952587827,-3.0751781005348366,-3.0294679657056274,-3.1152237550264545,-3.0509443608100453,-2.9975528066640456,0.08015651848404293,5.0,1.0
75,35,15.0,16.0,703,530,173,-3.0531558313194216,-3.0586749018518806,True,0.005519070532459036,-3.0751781005348366,-3.0294679657056274,-3.1152237550264545,-3.0509443608100453,-2.9975528066640456,-0.002211470509376312,3.0,0.0
75,36,16.0,17.0,702,628,74,-2.99723993289004,-3.0586749018518806,True,0.06143496896184075,-3.0751781005348366,-3.0294679657056274,-3.1152237550264545,-3.0509443608100453,-2.9975528066640456,0.053704427920005404,5.0,1.0
75,37,17.0,18.0,703,606,97,-2.9624315956452487,-3.0586749018518806,True,0.0962433062066319,-3.0751781005348366,-3.0294679657056274,-3.1152237550264545,-3.0509443608100453,-2.9975528066640456,0.08851276516479656,5.0,1.0
75,38,18.0,19.0,702,510,192,-3.0761002448232,-3.0586749018518806,True,-0.01742534297131959,-3.0751781005348366,-3.0294679657056274,-3.1152237550264545,-3.0509443608100453,-2.9975528066640456,-0.02515588401315494,2.0,-0.5
75,39,19.0,20.0,703,559,144,-3.0240521013728308,-3.0586749018518806,True,0.034622800479049864,-3.0751781005348366,-3.0294679657056274,-3.1152237550264545,-3.0509443608100453,-2.9975528066640456,0.026892259437214516,4.0,0.5
76,0,-20.0,-19.0,702,592,110,-2.8500593539309422,-2.9036211117772597,True,0.05356175784631745,-2.9421822539953255,-2.910107224111629,-2.9778718721122646,-2.9328565215325035,-2.8323169322824917,0.0827971676015613,4.0,0.5
76,1,-19.0,-18.0,703,481,222,-2.8523203520373195,-2.9036211117772597,True,0.051300759739940194,-2.9421822539953255,-2.910107224111629,-2.9778718721122646,-2.9328565215325035,-2.8323169322824917,0.08053616949518405,4.0,0.5
76,2,-18.0,-17.0,702,664,38,-2.842047056001358,-2.9036211117772597,True,0.06157405577590147,-2.9421822539953255,-2.910107224111629,-2.9778718721122646,-2.9328565215325035,-2.8323169322824917,0.09080946553114533,4.0,0.5
76,3,-17.0,-16.0,703,684,19,-2.8031265611258935,-2.9036211117772597,True,0.10049455065136614,-2.9421822539953255,-2.910107224111629,-2.9778718721122646,-2.9328565215325035,-2.8323169322824917,0.12972996040661045,5.0,1.0
76,4,-16.0,-15.0,703,628,75,-2.739221844602516,-2.9036211117772597,True,0.16439926717474362,-2.9421822539953255,-2.910107224111629,-2.9778718721122646,-2.9328565215325035,-2.8323169322824917,0.19363467692998748,5.0,1.0
76,5,-15.0,-14.0,702,501,201,-2.962795451483165,-2.9036211117772597,True,-0.05917433970590524,-2.9421822539953255,-2.910107224111629,-2.9778718721122646,-2.9328565215325035,-2.8323169322824917,-0.029938929950661386,2.0,-0.5
76,6,-14.0,-13.0,703,534,169,-2.674087392040116,-2.9036211117772597,True,0.22953371973714365,-2.9421822539953255,-2.910107224111629,-2.9778718721122646,-2.9328565215325035,-2.8323169322824917,0.2587691294923875,5.0,1.0
76,7,-13.0,-12.0,702,697,5,-3.0226873494087125,-2.9036211117772597,True,-0.11906623763145285,-2.9421822539953255,-2.910107224111629,-2.9778718721122646,-2.9328565215325035,-2.8323169322824917,-0.089830827876209,1.0,-1.0
76,8,-12.0,-11.0,703,681,22,-2.9357721439601856,-2.9036211117772597,True,-0.03215103218292592,-2.9421822539953255,-2.910107224111629,-2.9778718721122646,-2.9328565215325035,-2.8323169322824917,-0.002915622427682063,3.0,0.0
76,9,-11.0,-10.0,702,562,140,-2.9500168329271634,-2.9036211117772597,True,-0.04639572114990376,-2.9421822539953255,-2.910107224111629,-2.9778718721122646,-2.9328565215325035,-2.8323169322824917,-0.0171603113946599,2.0,-0.5
76,10,-10.0,-9.0,703,568,135,-2.8858660657866158,-2.9036211117772597,True,0.017755045990643925,-2.9421822539953255,-2.910107224111629,-2.9778718721122646,-2.9328565215325035,-2.8323169322824917,0.04699045574588734,4.0,0.5
76,11,-9.0,-8.0,703,645,58,-2.954626872345906,-2.9036211117772597,True,-0.05100576056864625,-2.9421822539953255,-2.910107224111629,-2.9778718721122646,-2.9328565215325035,-2.8323169322824917,-0.021770350813402395,2.0,-0.5
76,12,-8.0,-7.0,702,514,188,-3.0055014320878475,-2.9036211117772597,True,-0.1018803203105878,-2.9421822539953255,-2.910107224111629,-2.9778718721122646,-2.9328565215325035,-2.8323169322824917,-0.07264491055534394,1.0,-1.0
76,13,-7.0,-6.0,703,398,305,-2.9299408991048215,-2.9036211117772597,True,-0.026319787327561794,-2.9421822539953255,-2.910107224111629,-2.9778718721122646,-2.9328565215325035,-2.8323169322824917,0.002915622427682507,3.0,0.0
76,14,-6.0,-5.0,702,671,31,-2.9686620187870703,-2.9036211117772597,True,-0.06504090700981058,-2.9421822539953255,-2.910107224111629,-2.9778718721122646,-2.9328565215325035,-2.8323169322824917,-0.03580549725456672,2.0,-0.5
76,15,-5.0,-4.0,703,627,76,-3.0294284990336875,-2.9036211117772597,True,-0.12580738725642782,-2.9421822539953255,-2.910107224111629,-2.9778718721122646,-2.9328565215325035,-2.8323169322824917,-0.09657197750118396,1.0,-1.0
76,16,-4.0,-3.0,702,589,113,-3.0332352667423765,-2.9036211117772597,True,-0.12961415496511686,-2.9421822539953255,-2.910107224111629,-2.9778718721122646,-2.9328565215325035,-2.8323169322824917,-0.100378745209873,1.0,-1.0
76,17,-3.0,-2.0,703,597,106,-2.741224688156756,-2.9036211117772597,True,0.16239642362050377,-2.9421822539953255,-2.910107224111629,-2.9778718721122646,-2.9328565215325035,-2.8323169322824917,0.19163183337574763,5.0,1.0
76,18,-2.0,-1.0,702,681,21,-2.7798007052643845,-2.9036211117772597,True,0.12382040651287518,-2.9421822539953255,-2.910107224111629,-2.9778718721122646,-2.9328565215325035,-2.8323169322824917,0.15305581626811904,5.0,1.0
76,19,-1.0,0.0,703,462,241,-3.1120014507183567,-2.9036211117772597,True,-0.20838033894109698,-2.9421822539953255,-2.910107224111629,-2.9778718721122646,-2.9328565215325035,-2.8323169322824917,-0.17914492918585312,1.0,-1.0
76,20,0.0,1.0,703,537,166,-2.8679792401926303,-2.9036211117772597,True,0.03564187158462939,-2.9421822539953255,-2.910107224111629,-2.9778718721122646,-2.9328565215325035,-2.8323169322824917,0.06487728133987325,4.0,0.5
76,21,1.0,2.0,702,609,93,-3.0017767909891493,-2.9036211117772597,True,-0.09815567921188961,-2.9421822539953255,-2.910107224111629,-2.9778718721122646,-2.9328565215325035,-2.8323169322824917,-0.06892026945664576,1.0,-1.0
76,22,2.0,3.0,703,392,311,-3.0915449521881295,-2.9036211117772597,True,-0.18792384041086985,-2.9421822539953255,-2.910107224111629,-2.9778718721122646,-2.9328565215325035,-2.8323169322824917,-0.15868843065562555,1.0,-1.0
76,23,3.0,4.0,702,566,136,-2.9934763960975035,-2.9036211117772597,True,-0.08985528432024381,-2.9421822539953255,-2.910107224111629,-2.9778718721122646,-2.9328565215325035,-2.8323169322824917,-0.060619874564999954,1.0,-1.0
76,24,4.0,5.0,703,470,233,-3.0745965791690923,-2.9036211117772597,True,-0.17097546739183267,-2.9421822539953255,-2.910107224111629,-2.9778718721122646,-2.9328565215325035,-2.8323169322824917,-0.1417400576365888,1.0,-1.0
76,25,5.0,6.0,702,660,42,-2.992652379281426,-2.9036211117772597,True,-0.08903126750416623,-2.9421822539953255,-2.910107224111629,-2.9778718721122646,-2.9328565215325035,-2.8323169322824917,-0.059795857748922376,1.0,-1.0
76,26,6.0,7.0,703,401,302,-3.19268210087414,-2.9036211117772597,True,-0.2890609890968805,-2.9421822539953255,-2.910107224111629,-2.9778718721122646,-2.9328565215325035,-2.8323169322824917,-0.25982557934163664,1.0,-1.0
76,27,7.0,8.0,703,420,283,-2.9366847635901596,-2.9036211117772597,True,-0.03306365181289994,-2.9421822539953255,-2.910107224111629,-2.9778718721122646,-2.9328565215325035,-2.8323169322824917,-0.003828242057656528,3.0,0.0
76,28,8.0,9.0,702,473,229,-3.0810432268919214,-2.9036211117772597,True,-0.17742211511466177,-2.9421822539953255,-2.910107224111629,-2.9778718721122646,-2.9328565215325035,-2.8323169322824917,-0.14818670535941747,1.0,-1.0
76,29,9.0,10.0,703,359,344,-2.9056417068998712,-2.9036211117772597,True,-0.002020595122611546,-2.9421822539953255,-2.910107224111629,-2.9778718721122646,-2.9328565215325035,-2.8323169322824917,0.02721481463263231,4.0,0.5
76,30,10.0,11.0,702,446,256,-2.8311272744924922,-2.9036211117772597,True,0.07249383728476744,-2.9421822539953255,-2.910107224111629,-2.9778718721122646,-2.9328565215325035,-2.8323169322824917,0.10172924704001174,5.0,1.0
76,31,11.0,12.0,703,598,105,-2.8987231166166043,-2.9036211117772597,True,0.004897995160655366,-2.9421822539953255,-2.910107224111629,-2.9778718721122646,-2.9328565215325035,-2.8323169322824917,0.034133404915899224,4.0,0.5
76,32,12.0,13.0,702,591,111,-2.8771122669963245,-2.9036211117772597,True,0.02650884478093518,-2.9421822539953255,-2.910107224111629,-2.9778718721122646,-2.9328565215325035,-2.8323169322824917,0.05574425453617904,4.0,0.5
76,33,13.0,14.0,703,519,184,-2.9608798861194807,-2.9036211117772597,True,-0.05725877434222104,-2.9421822539953255,-2.910107224111629,-2.9778718721122646,-2.9328565215325035,-2.8323169322824917,-0.028023364586977184,2.0,-0.5
76,34,14.0,15.0,703,565,138,-2.9482284388297413,-2.9036211117772597,True,-0.044607327052481605,-2.9421822539953255,-2.910107224111629,-2.9778718721122646,-2.9328565215325035,-2.8323169322824917,-0.015371917297237747,2.0,-0.5
76,35,15.0,16.0,702,395,307,-3.05309469417906,-2.9036211117772597,True,-0.14947358240180053,-2.9421822539953255,-2.910107224111629,-2.9778718721122646,-2.9328565215325035,-2.8323169322824917,-0.12023817264655667,1.0,-1.0
76,36,16.0,17.0,703,554,149,-2.7811498682038653,-2.9036211117772597,True,0.12247124357339434,-2.9421822539953255,-2.910107224111629,-2.9778718721122646,-2.9328565215325035,-2.8323169322824917,0.1517066533286382,5.0,1.0
76,37,17.0,18.0,702,604,98,-2.9840819122142435,-2.9036211117772597,True,-0.08046080043698378,-2.9421822539953255,-2.910107224111629,-2.9778718721122646,-2.9328565215325035,-2.8323169322824917,-0.051225390681739924,1.0,-1.0
76,38,18.0,19.0,703,449,254,-3.0595036370618707,-2.9036211117772597,True,-0.155882525284611,-2.9421822539953255,-2.910107224111629,-2.9778718721122646,-2.9328565215325035,-2.8323169322824917,-0.12664711552936714,1.0,-1.0
76,39,19.0,20.0,702,406,296,-2.7622668611260655,-2.9036211117772597,True,0.14135425065119422,-2.9421822539953255,-2.910107224111629,-2.9778718721122646,-2.9328565215325035,-2.8323169322824917,0.17058966040643853,5.0,1.0
77,0,-20.0,-19.0,702,553,149,-2.817396781347946,-2.9914371643241227,True,0.17404038297617674,-2.992586803337739,-2.9668609942045983,-3.0319302783631104,-2.980833907262115,-2.9280560009994048,0.16343712591416892,5.0,1.0
77,1,-19.0,-18.0,703,547,156,-2.889121707431778,-2.9914371643241227,True,0.10231545689234478,-2.992586803337739,-2.9668609942045983,-3.0319302783631104,-2.980833907262115,-2.9280560009994048,0.09171219983033696,5.0,1.0
77,2,-18.0,-17.0,703,605,98,-2.8406939165455003,-2.9914371643241227,True,0.15074324777862236,-2.992586803337739,-2.9668609942045983,-3.0319302783631104,-2.980833907262115,-2.9280560009994048,0.14013999071661454,5.0,1.0
77,3,-17.0,-16.0,702,555,147,-2.999109672467905,-2.9914371643241227,True,-0.007672508143782508,-2.992586803337739,-2.9668609942045983,-3.0319302783631104,-2.980833907262115,-2.9280560009994048,-0.01827576520579033,2.0,-0.5
77,4,-16.0,-15.0,703,461,242,-3.07782716670411,-2.9914371643241227,True,-0.08639000237998751,-2.992586803337739,-2.9668609942045983,-3.0319302783631104,-2.980833907262115,-2.9280560009994048,-0.09699325944199533,1.0,-1.0
77,5,-15.0,-14.0,702,651,51,-2.898942842507803,-2.9914371643241227,True,0.09249432181631967,-2.992586803337739,-2.9668609942045983,-3.0319302783631104,-2.980833907262115,-2.9280560009994048,0.08189106475431185,5.0,1.0
77,6,-14.0,-13.0,703,513,190,-2.9962435730592274,-2.9914371643241227,True,-0.004806408735104739,-2.992586803337739,-2.9668609942045983,-3.0319302783631104,-2.980833907262115,-2.9280560009994048,-0.01540966579711256,2.0,-0.5
77,7,-13.0,-12.0,702,142,560,-3.2171359049775665,-2.9914371643241227,True,-0.22569874065344386,-2.992586803337739,-2.9668609942045983,-3.0319302783631104,-2.980833907262115,-2.9280560009994048,-0.23630199771545168,1.0,-1.0
77,8,-12.0,-11.0,703,537,166,-3.165754710728594,-2.9914371643241227,True,-0.17431754640447128,-2.992586803337739,-2.9668609942045983,-3.0319302783631104,-2.980833907262115,-2.9280560009994048,-0.1849208034664791,1.0,-1.0
77,9,-11.0,-10.0,702,486,216,-3.0199193313897883,-2.9914371643241227,True,-0.028482167065665642,-2.992586803337739,-2.9668609942045983,-3.0319302783631104,-2.980833907262115,-2.9280560009994048,-0.03908542412767346,2.0,-0.5
77,10,-10.0,-9.0,703,458,245,-2.9312025177357066,-2.9914371643241227,True,0.06023464658841604,-2.992586803337739,-2.9668609942045983,-3.0319302783631104,-2.980833907262115,-2.9280560009994048,0.04963138952640822,4.0,0.5
77,11,-9.0,-8.0,703,321,382,-2.97207291368589,-2.9914371643241227,True,0.01936425063823277,-2.992586803337739,-2.9668609942045983,-3.0319302783631104,-2.980833907262115,-2.9280560009994048,0.008760993576224951,3.0,0.0
77,12,-8.0,-7.0,702,604,98,-2.94079122219579,-2.9914371643241227,True,0.05064594212833251,-2.992586803337739,-2.9668609942045983,-3.0319302783631104,-2.980833907262115,-2.9280560009994048,0.04004268506632469,4.0,0.5
77,13,-7.0,-6.0,703,375,328,-2.9895949008383402,-2.9914371643241227,True,0.001842263485782425,-2.992586803337739,-2.9668609942045983,-3.0319302783631104,-2.980833907262115,-2.9280560009994048,-0.008760993576224951,3.0,0.0
77,14,-6.0,-5.0,702,423,279,-3.177863200586713,-2.9914371643241227,True,-0.18642603626259024,-2.992586803337739,-2.9668609942045983,-3.0319302783631104,-2.980833907262115,-2.9280560009994048,-0.19702929332459806,1.0,-1.0
77,15,-5.0,-4.0,703,572,131,-3.0064086116764566,-2.9914371643241227,True,-0.014971447352333911,-2.992586803337739,-2.9668609942045983,-3.0319302783631104,-2.980833907262115,-2.9280560009994048,-0.025574704414342175,2.0,-0.5
77,16,-4.0,-3.0,702,416,286,-3.0679631192830756,-2.9914371643241227,True,-0.07652595495895298,-2.992586803337739,-2.9668609942045983,-3.0319302783631104,-2.980833907262115,-2.9280560009994048,-0.08712921202096124,1.0,-1.0
77,17,-3.0,-2.0,703,655,48,-2.941593872135635,-2.9914371643241227,True,0.04984329218848771,-2.992586803337739,-2.9668609942045983,-3.0319302783631104,-2.980833907262115,-2.9280560009994048,0.03924003512647989,4.0,0.5
77,18,-2.0,-1.0,703,557,146,-2.9604908703941306,-2.9914371643241227,True,0.03094629392999204,-2.992586803337739,-2.9668609942045983,-3.0319302783631104,-2.980833907262115,-2.9280560009994048,0.02034303686798422,4.0,0.5
77,19,-1.0,0.0,702,432,270,-2.918616450790499,-2.9914371643241227,True,0.07282071353362385,-2.992586803337739,-2.9668609942045983,-3.0319302783631104,-2.980833907262115,-2.9280560009994048,0.06221745647161603,5.0,1.0
77,20,0.0,1.0,703,621,82,-2.9046108098015697,-2.9914371643241227,True,0.08682635452255294,-2.992586803337739,-2.9668609942045983,-3.0319302783631104,-2.980833907262115,-2.9280560009994048,0.07622309746054512,5.0,1.0
77,21,1.0,2.0,702,552,150,-3.0385298496249433,-2.9914371643241227,True,-0.04709268530082067,-2.992586803337739,-2.9668609942045983,-3.0319302783631104,-2.980833907262115,-2.9280560009994048,-0.057695942362828934,1.0,-1.0
77,22,2.0,3.0,703,426,277,-2.8207978376427483,-2.9914371643241227,True,0.17063932668137438,-2.992586803337739,-2.9668609942045983,-3.0319302783631104,-2.980833907262115,-2.9280560009994048,0.16003606961936656,5.0,1.0
77,23,3.0,4.0,702,410,292,-2.9778314043492538,-2.9914371643241227,True,0.013605759974868903,-2.992586803337739,-2.9668609942045983,-3.0319302783631104,-2.980833907262115,-2.9280560009994048,0.0030025029128610825,3.0,0.0
77,24,4.0,5.0,703,541,162,-2.9071863933940505,-2.9914371643241227,True,0.08425077093007216,-2.992586803337739,-2.9668609942045983,-3.0319302783631104,-2.980833907262115,-2.9280560009994048,0.07364751386806434,5.0,1.0
77,25,5.0,6.0,702,446,256,-2.776142531555202,-2.9914371643241227,True,0.21529463276892047,-2.992586803337739,-2.9668609942045983,-3.0319302783631104,-2.980833907262115,-2.9280560009994048,0.20469137570691265,5.0,1.0
77,26,6.0,7.0,703,582,121,-2.9167025280713172,-2.9914371643241227,True,0.07473463625280541,-2.992586803337739,-2.9668609942045983,-3.0319302783631104,-2.980833907262115,-2.9280560009994048,0.06413137919079803,5.0,1.0
77,27,7.0,8.0,703,555,148,-2.984209375937202,-2.9914371643241227,True,0.007227788386920508,-2.992586803337739,-2.9668609942045983,-3.0319302783631104,-2.980833907262115,-2.9280560009994048,-0.003375468675087312,3.0,0.0
77,28,8.0,9.0,702,650,52,-2.9968277955113374,-2.9914371643241227,True,-0.005390631187214723,-2.992586803337739,-2.9668609942045983,-3.0319302783631104,-2.980833907262115,-2.9280560009994048,-0.015993888249222543,2.0,-0.5
77,29,9.0,10.0,703,507,196,-2.9871898186335004,-2.9914371643241227,True,0.0042473456906222395,-2.992586803337739,-2.9668609942045983,-3.0319302783631104,-2.980833907262115,-2.9280560009994048,-0.006355911371385581,3.0,0.0
77,30,10.0,11.0,702,391,311,-3.071933185389226,-2.9914371643241227,True,-0.08049602106510356,-2.992586803337739,-2.9668609942045983,-3.0319302783631104,-2.980833907262115,-2.9280560009994048,-0.09109927812711138,1.0,-1.0
77,31,11.0,12.0,703,265,438,-2.978065792844247,-2.9914371643241227,True,0.013371371479875549,-2.992586803337739,-2.9668609942045983,-3.0319302783631104,-2.980833907262115,-2.9280560009994048,0.0027681144178677286,3.0,0.0
77,32,12.0,13.0,702,495,207,-3.0979562114049974,-2.9914371643241227,True,-0.10651904708087478,-2.992586803337739,-2.9668609942045983,-3.0319302783631104,-2.980833907262115,-2.9280560009994048,-0.11712230414288216,1.0,-1.0
77,33,13.0,14.0,703,498,205,-2.903830140622575,-2.9914371643241227,True,0.0876070237015476,-2.992586803337739,-2.9668609942045983,-3.0319302783631104,-2.980833907262115,-2.9280560009994048,0.07700376663953978,5.0,1.0
77,34,14.0,15.0,703,498,205,-3.0303536997364935,-2.9914371643241227,True,-0.038916535412370834,-2.992586803337739,-2.9668609942045983,-3.0319302783631104,-2.980833907262115,-2.9280560009994048,-0.04951979247437821,2.0,-0.5
77,35,15.0,16.0,702,555,147,-3.0482684953250114,-2.9914371643241227,True,-0.056831331000888774,-2.992586803337739,-2.9668609942045983,-3.0319302783631104,-2.980833907262115,-2.9280560009994048,-0.0674345880628966,1.0,-1.0
77,36,16.0,17.0,703,360,343,-3.152524683255057,-2.9914371643241227,True,-0.16108751893093443,-2.992586803337739,-2.9668609942045983,-3.0319302783631104,-2.980833907262115,-2.9280560009994048,-0.17169077599294225,1.0,-1.0
77,37,17.0,18.0,702,399,303,-3.054621847493979,-2.9914371643241227,True,-0.06318468316985637,-2.992586803337739,-2.9668609942045983,-3.0319302783631104,-2.980833907262115,-2.9280560009994048,-0.07378794023186419,1.0,-1.0
77,38,18.0,19.0,703,198,505,-3.090589613232712,-2.9914371643241227,True,-0.09915244890858954,-2.992586803337739,-2.9668609942045983,-3.0319302783631104,-2.980833907262115,-2.9280560009994048,-0.10975570597059736,1.0,-1.0
77,39,19.0,20.0,702,478,224,-3.216652869126152,-2.9914371643241227,True,-0.22521570480202913,-2.992586803337739,-2.9668609942045983,-3.0319302783631104,-2.980833907262115,-2.9280560009994048,-0.23581896186403695,1.0,-1.0
78,0,-20.0,-19.0,703,394,309,-3.2336120174846976,-3.017924072100114,True,-0.21568794538458347,-3.0311738378666657,-3.0147243741576704,-3.1015014216771344,-3.02299121647514,-2.9608007410825827,-0.21062080100955782,1.0,-1.0
78,1,-19.0,-18.0,702,200,502,-2.9783510801010356,-3.017924072100114,True,0.0395729919990786,-3.0311738378666657,-3.0147243741576704,-3.1015014216771344,-3.02299121647514,-2.9608007410825827,0.0446401363741038,4.0,0.5
78,2,-18.0,-17.0,703,245,458,-3.1213972445020848,-3.017924072100114,True,-0.10347317240197063,-3.0311738378666657,-3.0147243741576704,-3.1015014216771344,-3.02299121647514,-2.9608007410825827,-0.09840602802694498,1.0,-1.0
78,3,-17.0,-16.0,702,380,322,-3.1234462060587656,-3.017924072100114,True,-0.1055221339586514,-3.0311738378666657,-3.0147243741576704,-3.1015014216771344,-3.02299121647514,-2.9608007410825827,-0.10045498958362575,1.0,-1.0
78,4,-16.0,-15.0,703,264,439,-3.115754856870083,-3.017924072100114,True,-0.09783078476996865,-3.0311738378666657,-3.0147243741576704,-3.1015014216771344,-3.02299121647514,-2.9608007410825827,-0.092763640394943,1.0,-1.0
78,5,-15.0,-14.0,702,485,217,-3.239053260785502,-3.017924072100114,True,-0.22112918868538767,-3.0311738378666657,-3.0147243741576704,-3.1015014216771344,-3.02299121647514,-2.9608007410825827,-0.21606204431036202,1.0,-1.0
78,6,-14.0,-13.0,703,484,219,-3.0475956770680184,-3.017924072100114,True,-0.02967160496790422,-3.0311738378666657,-3.0147243741576704,-3.1015014216771344,-3.02299121647514,-2.9608007410825827,-0.024604460592878574,2.0,-0.5
78,7,-13.0,-12.0,703,645,58,-2.9921448248306075,-3.017924072100114,True,0.025779247269506644,-3.0311738378666657,-3.0147243741576704,-3.1015014216771344,-3.02299121647514,-2.9608007410825827,0.03084639164453229,4.0,0.5
78,8,-12.0,-11.0,702,619,83,-3.0182130614579226,-3.017924072100114,True,-0.0002889893578084113,-3.0311738378666657,-3.0147243741576704,-3.1015014216771344,-3.02299121647514,-2.9608007410825827,0.004778155017217234,3.0,0.0
78,9,-11.0,-10.0,703,605,98,-3.0104604230129177,-3.017924072100114,True,0.007463649087196433,-3.0311738378666657,-3.0147243741576704,-3.1015014216771344,-3.02299121647514,-2.9608007410825827,0.012530793462222078,4.0,0.5
78,10,-10.0,-9.0,702,483,219,-3.096750276612818,-3.017924072100114,True,-0.07882620451270395,-3.0311738378666657,-3.0147243741576704,-3.1015014216771344,-3.02299121647514,-2.9608007410825827,-0.0737590601376783,2.0,-0.5
78,11,-9.0,-8.0,703,566,137,-3.035334852324154,-3.017924072100114,True,-0.017410780224039968,-3.0311738378666657,-3.0147243741576704,-3.1015014216771344,-3.02299121647514,-2.9608007410825827,-0.012343635849014323,2.0,-0.5
78,12,-8.0,-7.0,702,571,131,-2.908149724027222,-3.017924072100114,True,0.1097743480728921,-3.0311738378666657,-3.0147243741576704,-3.1015014216771344,-3.02299121647514,-2.9608007410825827,0.11484149244791775,5.0,1.0
78,13,-7.0,-6.0,703,658,45,-2.8423057198596635,-3.017924072100114,True,0.17561835224045064,-3.0311738378666657,-3.0147243741576704,-3.1015014216771344,-3.02299121647514,-2.9608007410825827,0.18068549661547628,5.0,1.0
78,14,-6.0,-5.0,702,691,11,-2.885736273857498,-3.017924072100114,True,0.13218779824261606,-3.0311738378666657,-3.0147243741576704,-3.1015014216771344,-3.02299121647514,-2.9608007410825827,0.1372549426176417,5.0,1.0
78,15,-5.0,-4.0,703,413,290,-3.0481127637468544,-3.017924072100114,True,-0.030188691646740207,-3.0311738378666657,-3.0147243741576704,-3.1015014216771344,-3.02299121647514,-2.9608007410825827,-0.02512154727171456,2.0,-0.5
78,16,-4.0,-3.0,703,470,233,-2.811994640167714,-3.017924072100114,True,0.20592943193240032,-3.0311738378666657,-3.0147243741576704,-3.1015014216771344,-3.02299121647514,-2.9608007410825827,0.21099657630742596,5.0,1.0
78,17,-3.0,-2.0,702,537,165,-2.8337658950691202,-3.017924072100114,True,0.1841581770309939,-3.0311738378666657,-3.0147243741576704,-3.1015014216771344,-3.02299121647514,-2.9608007410825827,0.18922532140602,5.0,1.0
78,18,-2.0,-1.0,703,510,193,-2.988533272673261,-3.017924072100114,True,0.029390799426852965,-3.0311738378666657,-3.0147243741576704,-3.1015014216771344,-3.02299121647514,-2.9608007410825827,0.03445794380187861,4.0,0.5
78,19,-1.0,0.0,702,403,299,-3.0277693714923575,-3.017924072100114,True,-0.009845299392243323,-3.0311738378666657,-3.0147243741576704,-3.1015014216771344,-3.02299121647514,-2.9608007410825827,-0.004778155017217234,3.0,0.0
78,20,0.0,1.0,703,264,439,-2.9889986798283394,-3.017924072100114,True,0.028925392271774708,-3.0311738378666657,-3.0147243741576704,-3.1015014216771344,-3.02299121647514,-2.9608007410825827,0.03399253664680035,4.0,0.5
78,21,1.0,2.0,702,305,397,-3.1970281314255056,-3.017924072100114,True,-0.17910405932539142,-3.0311738378666657,-3.0147243741576704,-3.1015014216771344,-3.02299121647514,-2.9608007410825827,-0.17403691495036577,1.0,-1.0
78,22,2.0,3.0,703,304,399,-3.1275353775351222,-3.017924072100114,True,-0.10961130543500808,-3.0311738378666657,-3.0147243741576704,-3.1015014216771344,-3.02299121647514,-2.9608007410825827,-0.10454416105998243,1.0,-1.0
78,23,3.0,4.0,703,477,226,-2.935296137948729,-3.017924072100114,True,0.08262793415138514,-3.0311738378666657,-3.0147243741576704,-3.1015014216771344,-3.02299121647514,-2.9608007410825827,0.08769507852641079,5.0,1.0
78,24,4.0,5.0,702,425,277,-3.012990577804002,-3.017924072100114,True,0.00493349429611234,-3.0311738378666657,-3.0147243741576704,-3.1015014216771344,-3.02299121647514,-2.9608007410825827,0.010000638671137985,4.0,0.5
78,25,5.0,6.0,703,261,442,-2.7129731628415117,-3.017924072100114,True,0.30495090925860247,-3.0311738378666657,-3.0147243741576704,-3.1015014216771344,-3.02299121647514,-2.9608007410825827,0.31001805363362767,5.0,1.0
78,26,6.0,7.0,702,467,235,-3.0318723488186206,-3.017924072100114,True,-0.013948276718506403,-3.0311738378666657,-3.0147243741576704,-3.1015014216771344,-3.02299121647514,-2.9608007410825827,-0.008881132343481202,2.0,-0.5
78,27,7.0,8.0,703,388,315,-2.9579376771500896,-3.017924072100114,True,0.05998639495002456,-3.0311738378666657,-3.0147243741576704,-3.1015014216771344,-3.02299121647514,-2.9608007410825827,0.0650535393250502,5.0,1.0
78,28,8.0,9.0,702,263,439,-2.9569568813649405,-3.017924072100114,True,0.06096719073517365,-3.0311738378666657,-3.0147243741576704,-3.1015014216771344,-3.02299121647514,-2.9608007410825827,0.0660343351101993,5.0,1.0
78,29,9.0,10.0,703,298,405,-3.2215730689610123,-3.017924072100114,True,-0.2036489968608981,-3.0311738378666657,-3.0147243741576704,-3.1015014216771344,-3.02299121647514,-2.9608007410825827,-0.19858185248587246,1.0,-1.0
78,30,10.0,11.0,703,384,319,-3.166653369650438,-3.017924072100114,True,-0.14872929755032382,-3.0311738378666657,-3.0147243741576704,-3.1015014216771344,-3.02299121647514,-2.9608007410825827,-0.14366215317529818,1.0,-1.0
78,31,11.0,12.0,702,392,310,-3.044909666465766,-3.017924072100114,True,-0.026985594365652066,-3.0311738378666657,-3.0147243741576704,-3.1015014216771344,-3.02299121647514,-2.9608007410825827,-0.02191844999062642,2.0,-0.5
78,32,12.0,13.0,703,451,252,-3.028839111027948,-3.017924072100114,True,-0.010915038927833631,-3.0311738378666657,-3.0147243741576704,-3.1015014216771344,-3.02299121647514,-2.9608007410825827,-0.005847894552807986,3.0,0.0
78,33,13.0,14.0,702,535,167,-3.1235364132637367,-3.017924072100114,True,-0.1056123411636225,-3.0311738378666657,-3.0147243741576704,-3.1015014216771344,-3.02299121647514,-2.9608007410825827,-0.10054519678859686,1.0,-1.0
78,34,14.0,15.0,703,380,323,-3.0831630825248406,-3.017924072100114,True,-0.06523901042472646,-3.0311738378666657,-3.0147243741576704,-3.1015014216771344,-3.02299121647514,-2.9608007410825827,-0.06017186604970082,2.0,-0.5
78,35,15.0,16.0,702,482,220,-3.039348410660126,-3.017924072100114,True,-0.02142433856001169,-3.0311738378666657,-3.0147243741576704,-3.1015014216771344,-3.02299121647514,-2.9608007410825827,-0.016357194184986046,2.0,-0.5
78,36,16.0,17.0,703,417,286,-3.095044430999518,-3.017924072100114,True,-0.07712035889940383,-3.0311738378666657,-3.0147243741576704,-3.1015014216771344,-3.02299121647514,-2.9608007410825827,-0.07205321452437818,2.0,-0.5
78,37,17.0,18.0,702,605,97,-2.9520485671803676,-3.017924072100114,True,0.06587550491974659,-3.0311738378666657,-3.0147243741576704,-3.1015014216771344,-3.02299121647514,-2.9608007410825827,0.07094264929477179,5.0,1.0
78,38,18.0,19.0,703,553,150,-3.100632587870537,-3.017924072100114,True,-0.08270851577042304,-3.0311738378666657,-3.0147243741576704,-3.1015014216771344,-3.02299121647514,-2.9608007410825827,-0.0776413713953974,2.0,-0.5
78,39,19.0,20.0,703,435,268,-3.008397549787829,-3.017924072100114,True,0.009526522312285124,-3.0311738378666657,-3.0147243741576704,-3.1015014216771344,-3.02299121647514,-2.9608007410825827,0.014593666687310769,4.0,0.5
79,0,-20.0,-19.0,702,546,156,-2.861705324918404,-2.9711690436731475,True,0.10946371875474359,-3.0099193088040033,-2.985457942946499,-3.0840390821335664,-3.005129776048973,-2.869812667547098,0.1434244511305689,5.0,1.0
79,1,-19.0,-18.0,703,599,104,-2.7472480135836275,-2.9711690436731475,True,0.22392103008952002,-3.0099193088040033,-2.985457942946499,-3.0840390821335664,-3.005129776048973,-2.869812667547098,0.25788176246534533,5.0,1.0
79,2,-18.0,-17.0,703,436,267,-2.7195878874910293,-2.9711690436731475,True,0.2515811561821182,-3.0099193088040033,-2.985457942946499,-3.0840390821335664,-3.005129776048973,-2.869812667547098,0.2855418885579435,5.0,1.0
79,3,-17.0,-16.0,702,465,237,-3.1117968142481534,-2.9711690436731475,True,-0.14062777057500586,-3.0099193088040033,-2.985457942946499,-3.0840390821335664,-3.005129776048973,-2.869812667547098,-0.10666703819918055,1.0,-1.0
79,4,-16.0,-15.0,703,578,125,-2.966517614862243,-2.9711690436731475,True,0.004651428810904523,-3.0099193088040033,-2.985457942946499,-3.0840390821335664,-3.005129776048973,-2.869812667547098,0.03861216118672983,4.0,0.5
79,5,-15.0,-14.0,702,680,22,-3.0009545750154354,-2.9711690436731475,True,-0.029785531342287896,-3.0099193088040033,-2.985457942946499,-3.0840390821335664,-3.005129776048973,-2.869812667547098,0.004175201033537412,3.0,0.0
79,6,-14.0,-13.0,703,678,25,-2.8898039300957867,-2.9711690436731475,True,0.08136511357736076,-3.0099193088040033,-2.985457942946499,-3.0840390821335664,-3.005129776048973,-2.869812667547098,0.11532584595318607,4.0,0.5
79,7,-13.0,-12.0,702,461,241,-3.0093049770825098,-2.9711690436731475,True,-0.03813593340936228,-3.0099193088040033,-2.985457942946499,-3.0840390821335664,-3.005129776048973,-2.869812667547098,-0.004175201033536968,3.0,0.0
79,8,-12.0,-11.0,703,586,117,-2.7500965329486196,-2.9711690436731475,True,0.22107251072452794,-3.0099193088040033,-2.985457942946499,-3.0840390821335664,-3.005129776048973,-2.869812667547098,0.2550332431003528,5.0,1.0
79,9,-11.0,-10.0,702,482,220,-2.872515115089996,-2.9711690436731475,True,0.09865392858315136,-3.0099193088040033,-2.985457942946499,-3.0840390821335664,-3.005129776048973,-2.869812667547098,0.13261466095897667,4.0,0.5
79,10,-10.0,-9.0,703,413,290,-3.122838669042147,-2.9711690436731475,True,-0.1516696253689993,-3.0099193088040033,-2.985457942946499,-3.0840390821335664,-3.005129776048973,-2.869812667547098,-0.117708892993174,1.0,-1.0
79,11,-9.0,-8.0,703,552,151,-2.819490017361436,-2.9711690436731475,True,0.1516790263117116,-3.0099193088040033,-2.985457942946499,-3.0840390821335664,-3.005129776048973,-2.869812667547098,0.1856397586875369,5.0,1.0
79,12,-8.0,-7.0,702,616,86,-2.8983550361194967,-2.9711690436731475,True,0.07281400755365075,-3.0099193088040033,-2.985457942946499,-3.0840390821335664,-3.005129776048973,-2.869812667547098,0.10677473992947606,4.0,0.5
79,13,-7.0,-6.0,703,564,139,-3.025352945781204,-2.9711690436731475,True,-0.05418390210805635,-3.0099193088040033,-2.985457942946499,-3.0840390821335664,-3.005129776048973,-2.869812667547098,-0.02022316973223104,2.0,-0.5
79,14,-6.0,-5.0,702,572,130,-3.112513860766865,-2.9711690436731475,True,-0.1413448170937177,-3.0099193088040033,-2.985457942946499,-3.0840390821335664,-3.005129776048973,-2.869812667547098,-0.1073840847178924,1.0,-1.0
79,15,-5.0,-4.0,703,372,331,-3.010670158685829,-2.9711690436731475,True,-0.03950111501268161,-3.0099193088040033,-2.985457942946499,-3.0840390821335664,-3.005129776048973,-2.869812667547098,-0.0055403826368563,2.0,-0.5
79,16,-4.0,-3.0,702,623,79,-3.161539401587958,-2.9711690436731475,True,-0.19037035791481038,-3.0099193088040033,-2.985457942946499,-3.0840390821335664,-3.005129776048973,-2.869812667547098,-0.15640962553898508,1.0,-1.0
79,17,-3.0,-2.0,703,509,194,-3.2343311351386808,-2.9711690436731475,True,-0.26316209146553327,-3.0099193088040033,-2.985457942946499,-3.0840390821335664,-3.005129776048973,-2.869812667547098,-0.22920135908970796,1.0,-1.0
79,18,-2.0,-1.0,703,308,395,-3.0747865047620375,-2.9711690436731475,True,-0.10361746108889003,-3.0099193088040033,-2.985457942946499,-3.0840390821335664,-3.005129776048973,-2.869812667547098,-0.06965672871306428,2.0,-0.5
79,19,-1.0,0.0,702,366,336,-3.0339723588814946,-2.9711690436731475,True,-0.06280331520834714,-3.0099193088040033,-2.985457942946499,-3.0840390821335664,-3.005129776048973,-2.869812667547098,-0.02884258283252139,2.0,-0.5
79,20,0.0,1.0,703,516,187,-3.216351945810708,-2.9711690436731475,True,-0.24518290213756044,-3.0099193088040033,-2.985457942946499,-3.0840390821335664,-3.005129776048973,-2.869812667547098,-0.21122216976173513,1.0,-1.0
79,21,1.0,2.0,702,440,262,-2.981300070018423,-2.9711690436731475,True,-0.010131026345275629,-3.0099193088040033,-2.985457942946499,-3.0840390821335664,-3.005129776048973,-2.869812667547098,0.02382970603054968,4.0,0.5
79,22,2.0,3.0,703,533,170,-3.070093673561022,-2.9711690436731475,True,-0.09892462988787454,-3.0099193088040033,-2.985457942946499,-3.0840390821335664,-3.005129776048973,-2.869812667547098,-0.06496389751204923,2.0,-0.5
79,23,3.0,4.0,702,368,334,-3.008318837593199,-2.9711690436731475,True,-0.037149793920051355,-3.0099193088040033,-2.985457942946499,-3.0840390821335664,-3.005129776048973,-2.869812667547098,-0.003189061544226046,3.0,0.0
79,24,4.0,5.0,703,476,227,-3.078859162049419,-2.9711690436731475,True,-0.1076901183762713,-3.0099193088040033,-2.985457942946499,-3.0840390821335664,-3.005129776048973,-2.869812667547098,-0.07372938600044598,2.0,-0.5
79,25,5.0,6.0,702,343,359,-3.226910864431379,-2.9711690436731475,True,-0.2557418207582316,-3.0099193088040033,-2.985457942946499,-3.0840390821335664,-3.005129776048973,-2.869812667547098,-0.2217810883824063,1.0,-1.0
79,26,6.0,7.0,703,114,589,-3.032002166886557,-2.9711690436731475,True,-0.06083312321340939,-3.0099193088040033,-2.985457942946499,-3.0840390821335664,-3.005129776048973,-2.869812667547098,-0.02687239083758408,2.0,-0.5
79,27,7.0,8.0,703,317,386,-3.1217341390366076,-2.9711690436731475,True,-0.15056509536346008,-3.0099193088040033,-2.985457942946499,-3.0840390821335664,-3.005129776048973,-2.869812667547098,-0.11660436298763521,1.0,-1.0
79,28,8.0,9.0,702,297,405,-3.028773477015616,-2.9711690436731475,True,-0.057604433342468564,-3.0099193088040033,-2.985457942946499,-3.0840390821335664,-3.005129776048973,-2.869812667547098,-0.023643700966643255,2.0,-0.5
79,29,9.0,10.0,703,280,423,-3.1567713661352625,-2.9711690436731475,True,-0.18560232246211505,-3.0099193088040033,-2.985457942946499,-3.0840390821335664,-3.005129776048973,-2.869812667547098,-0.15164159008628975,1.0,-1.0
79,30,10.0,11.0,702,492,210,-2.971030682065661,-2.9711690436731475,True,0.00013836160748637027,-3.0099193088040033,-2.985457942946499,-3.0840390821335664,-3.005129776048973,-2.869812667547098,0.03409909398331168,4.0,0.5
79,31,11.0,12.0,703,348,355,-3.176932530690886,-2.9711690436731475,True,-0.20576348701773872,-3.0099193088040033,-2.985457942946499,-3.0840390821335664,-3.005129776048973,-2.869812667547098,-0.1718027546419134,1.0,-1.0
79,32,12.0,13.0,702,593,109,-2.9704573710384325,-2.9711690436731475,True,0.0007116726347149438,-3.0099193088040033,-2.985457942946499,-3.0840390821335664,-3.005129776048973,-2.869812667547098,0.03467240501054025,4.0,0.5
79,33,13.0,14.0,703,579,124,-2.8811227861299686,-2.9711690436731475,True,0.09004625754317885,-3.0099193088040033,-2.985457942946499,-3.0840390821335664,-3.005129776048973,-2.869812667547098,0.12400698991900416,4.0,0.5
79,34,14.0,15.0,703,317,386,-3.000024943305048,-2.9711690436731475,True,-0.028855899631900606,-3.0099193088040033,-2.985457942946499,-3.0840390821335664,-3.005129776048973,-2.869812667547098,0.005104832743924703,3.0,0.0
79,35,15.0,16.0,702,625,77,-3.007807598510579,-2.9711690436731475,True,-0.0366385548374315,-3.0099193088040033,-2.985457942946499,-3.0840390821335664,-3.005129776048973,-2.869812667547098,-0.002677822461606194,3.0,0.0
79,36,16.0,17.0,703,669,34,-3.0631469183958715,-2.9711690436731475,True,-0.091977874722724,-3.0099193088040033,-2.985457942946499,-3.0840390821335664,-3.005129776048973,-2.869812667547098,-0.0580171423468987,2.0,-0.5
79,37,17.0,18.0,702,655,47,-2.8842112560678923,-2.9711690436731475,True,0.08695778760525519,-3.0099193088040033,-2.985457942946499,-3.0840390821335664,-3.005129776048973,-2.869812667547098,0.1209185199810805,4.0,0.5
79,38,18.0,19.0,703,679,24,-2.802407059553137,-2.9711690436731475,True,0.1687619841200103,-3.0099193088040033,-2.985457942946499,-3.0840390821335664,-3.005129776048973,-2.869812667547098,0.20272271649583562,5.0,1.0
79,39,19.0,20.0,702,617,85,-3.150553745371103,-2.9711690436731475,True,-0.1793847016979555,-3.0099193088040033,-2.985457942946499,-3.0840390821335664,-3.005129776048973,-2.869812667547098,-0.1454239693221302,1.0,-1.0
80,0,-20.0,-19.0,702,619,83,-3.102599376390373,-3.069723433600805,True,-0.0328759427895684,-3.077510296015466,-3.0553062687092356,-3.1059026301546955,-3.0659667706178926,-3.0264853058359313,-0.03663260577248062,2.0,-0.5
80,1,-19.0,-18.0,703,668,35,-3.0551145331446774,-3.069723433600805,True,0.014608900456127394,-3.077510296015466,-3.0553062687092356,-3.1059026301546955,-3.0659667706178926,-3.0264853058359313,0.010852237473215176,4.0,0.5
80,2,-18.0,-17.0,703,475,228,-3.055463143262056,-3.069723433600805,True,0.01426029033874876,-3.077510296015466,-3.0553062687092356,-3.1059026301546955,-3.0659667706178926,-3.0264853058359313,0.010503627355836542,3.0,0.0
80,3,-17.0,-16.0,702,398,304,-3.0543227042533196,-3.069723433600805,True,0.015400729347485154,-3.077510296015466,-3.0553062687092356,-3.1059026301546955,-3.0659667706178926,-3.0264853058359313,0.011644066364572492,4.0,0.5
80,4,-16.0,-15.0,703,650,53,-2.9336362153073656,-3.069723433600805,True,0.13608721829343917,-3.077510296015466,-3.0553062687092356,-3.1059026301546955,-3.0659667706178926,-3.0264853058359313,0.13233055531052695,5.0,1.0
80,5,-15.0,-14.0,702,543,159,-2.973648948157859,-3.069723433600805,True,0.09607448544294561,-3.077510296015466,-3.0553062687092356,-3.1059026301546955,-3.0659667706178926,-3.0264853058359313,0.0923178224600334,5.0,1.0
80,6,-14.0,-13.0,703,456,247,-3.026904170865047,-3.069723433600805,True,0.04281926273575776,-3.077510296015466,-3.0553062687092356,-3.1059026301546955,-3.0659667706178926,-3.0264853058359313,0.03906259975284554,4.0,0.5
80,7,-13.0,-12.0,702,613,89,-3.0830934453882,-3.069723433600805,True,-0.013370011787395164,-3.077510296015466,-3.0553062687092356,-3.1059026301546955,-3.0659667706178926,-3.0264853058359313,-0.017126674770307382,2.0,-0.5
80,8,-12.0,-11.0,703,335,368,-2.952882080174957,-3.069723433600805,True,0.11684135342584767,-3.077510296015466,-3.0553062687092356,-3.1059026301546955,-3.0659667706178926,-3.0264853058359313,0.11308469044293545,5.0,1.0
80,9,-11.0,-10.0,703,321,382,-3.023204873234721,-3.069723433600805,True,0.046518560366083594,-3.077510296015466,-3.0553062687092356,-3.1059026301546955,-3.0659667706178926,-3.0264853058359313,0.04276189738317138,5.0,1.0
80,10,-10.0,-9.0,702,401,301,-3.2024463195220543,-3.069723433600805,True,-0.13272288592124948,-3.077510296015466,-3.0553062687092356,-3.1059026301546955,-3.0659667706178926,-3.0264853058359313,-0.1364795489041617,1.0,-1.0
80,11,-9.0,-8.0,703,413,290,-3.0252287107485842,-3.069723433600805,True,0.04449472285222056,-3.077510296015466,-3.0553062687092356,-3.1059026301546955,-3.0659667706178926,-3.0264853058359313,0.040738059869308785,5.0,1.0
80,12,-8.0,-7.0,702,356,346,-3.0764703979737287,-3.069723433600805,True,-0.00674696437292388,-3.077510296015466,-3.0553062687092356,-3.1059026301546955,-3.0659667706178926,-3.0264853058359313,-0.010503627355836098,3.0,0.0
80,13,-7.0,-6.0,703,335,368,-3.078781282510923,-3.069723433600805,True,-0.009057848910118071,-3.077510296015466,-3.0553062687092356,-3.1059026301546955,-3.0659667706178926,-3.0264853058359313,-0.01281451189303029,2.0,-0.5
80,14,-6.0,-5.0,702,550,152,-3.0445202841821692,-3.069723433600805,True,0.02520314941863555,-3.077510296015466,-3.0553062687092356,-3.1059026301546955,-3.0659667706178926,-3.0264853058359313,0.021446486435723777,4.0,0.5
80,15,-5.0,-4.0,703,559,144,-3.2435387163143714,-3.069723433600805,True,-0.1738152827135666,-3.077510296015466,-3.0553062687092356,-3.1059026301546955,-3.0659667706178926,-3.0264853058359313,-0.17757194569647883,1.0,-1.0
80,16,-4.0,-3.0,702,357,345,-3.131082802827635,-3.069723433600805,True,-0.061359369226830385,-3.077510296015466,-3.0553062687092356,-3.1059026301546955,-3.0659667706178926,-3.0264853058359313,-0.0651160322097426,1.0,-1.0
80,17,-3.0,-2.0,703,401,302,-3.131859610687415,-3.069723433600805,True,-0.06213617708661001,-3.077510296015466,-3.0553062687092356,-3.1059026301546955,-3.0659667706178926,-3.0264853058359313,-0.06589284006952223,1.0,-1.0
80,18,-2.0,-1.0,703,464,239,-3.0838586656229787,-3.069723433600805,True,-0.014135232022173927,-3.077510296015466,-3.0553062687092356,-3.1059026301546955,-3.0659667706178926,-3.0264853058359313,-0.017891895005086145,2.0,-0.5
80,19,-1.0,0.0,702,445,257,-3.1158123914476623,-3.069723433600805,True,-0.046088957846857515,-3.077510296015466,-3.0553062687092356,-3.1059026301546955,-3.0659667706178926,-3.0264853058359313,-0.04984562082976973,1.0,-1.0
80,20,0.0,1.0,703,470,233,-3.153529693973025,-3.069723433600805,True,-0.08380626037222028,-3.077510296015466,-3.0553062687092356,-3.1059026301546955,-3.0659667706178926,-3.0264853058359313,-0.0875629233551325,1.0,-1.0
80,21,1.0,2.0,702,455,247,-3.0031683338905233,-3.069723433600805,True,0.0665550997102815,-3.077510296015466,-3.0553062687092356,-3.1059026301546955,-3.0659667706178926,-3.0264853058359313,0.06279843672736884,5.0,1.0
80,22,2.0,3.0,703,651,52,-3.0074753296770815,-3.069723433600805,True,0.062248103923723264,-3.077510296015466,-3.0553062687092356,-3.1059026301546955,-3.0659667706178926,-3.0264853058359313,0.05849144094081149,5.0,1.0
80,23,3.0,4.0,702,514,188,-3.031124844343136,-3.069723433600805,True,0.03859858925766879,-3.077510296015466,-3.0553062687092356,-3.1059026301546955,-3.0659667706178926,-3.0264853058359313,0.034841926274756574,4.0,0.5
80,24,4.0,5.0,703,410,293,-3.030228088269901,-3.069723433600805,True,0.03949534533090393,-3.077510296015466,-3.0553062687092356,-3.1059026301546955,-3.0659667706178926,-3.0264853058359313,0.03573868234799171,4.0,0.5
80,25,5.0,6.0,703,440,263,-3.1328889924308205,-3.069723433600805,True,-0.06316555883001573,-3.077510296015466,-3.0553062687092356,-3.1059026301546955,-3.0659667706178926,-3.0264853058359313,-0.06692222181292795,1.0,-1.0
80,26,6.0,7.0,702,373,329,-3.0948597382929304,-3.069723433600805,True,-0.025136304692125577,-3.077510296015466,-3.0553062687092356,-3.1059026301546955,-3.0659667706178926,-3.0264853058359313,-0.028892967675037795,2.0,-0.5
80,27,7.0,8.0,703,243,460,-3.02986848877119,-3.069723433600805,True,0.0398549448296146,-3.077510296015466,-3.0553062687092356,-3.1059026301546955,-3.0659667706178926,-3.0264853058359313,0.036098281846702385,4.0,0.5
80,28,8.0,9.0,702,318,384,-3.1617758662879996,-3.069723433600805,True,-0.09205243268719476,-3.077510296015466,-3.0553062687092356,-3.1059026301546955,-3.0659667706178926,-3.0264853058359313,-0.09580909567010742,1.0,-1.0
80,29,9.0,10.0,703,391,312,-3.06187803950822,-3.069723433600805,True,0.00784539409258489,-3.077510296015466,-3.0553062687092356,-3.1059026301546955,-3.0659667706178926,-3.0264853058359313,0.004088731109672672,3.0,0.0
80,30,10.0,11.0,702,486,216,-3.1333693159957097,-3.069723433600805,True,-0.06364588239490487,-3.077510296015466,-3.0553062687092356,-3.1059026301546955,-3.0659667706178926,-3.0264853058359313,-0.06740254537781709,1.0,-1.0
80,31,11.0,12.0,703,442,261,-3.126914722230532,-3.069723433600805,True,-0.05719128862972722,-3.077510296015466,-3.0553062687092356,-3.1059026301546955,-3.0659667706178926,-3.0264853058359313,-0.06094795161263944,1.0,-1.0
80,32,12.0,13.0,703,387,316,-3.159873585849222,-3.069723433600805,True,-0.09015015224841738,-3.077510296015466,-3.0553062687092356,-3.1059026301546955,-3.0659667706178926,-3.0264853058359313,-0.0939068152313296,1.0,-1.0
80,33,13.0,14.0,702,280,422,-3.0153950415106503,-3.069723433600805,True,0.0543283920901545,-3.077510296015466,-3.0553062687092356,-3.1059026301546955,-3.0659667706178926,-3.0264853058359313,0.05057172910724228,5.0,1.0
80,34,14.0,15.0,703,511,192,-3.1371953195449613,-3.069723433600805,True,-0.06747188594415654,-3.077510296015466,-3.0553062687092356,-3.1059026301546955,-3.0659667706178926,-3.0264853058359313,-0.07122854892706876,1.0,-1.0
80,35,15.0,16.0,702,363,339,-3.1296019713697567,-3.069723433600805,True,-0.05987853776895191,-3.077510296015466,-3.0553062687092356,-3.1059026301546955,-3.0659667706178926,-3.0264853058359313,-0.06363520075186413,1.0,-1.0
80,36,16.0,17.0,703,515,188,-2.8605447157281008,-3.069723433600805,True,0.20917871787270403,-3.077510296015466,-3.0553062687092356,-3.1059026301546955,-3.0659667706178926,-3.0264853058359313,0.20542205488979182,5.0,1.0
80,37,17.0,18.0,702,338,364,-3.1410558613201047,-3.069723433600805,True,-0.07133242771929993,-3.077510296015466,-3.0553062687092356,-3.1059026301546955,-3.0659667706178926,-3.0264853058359313,-0.07508909070221215,1.0,-1.0
80,38,18.0,19.0,703,469,234,-3.123550780216862,-3.069723433600805,True,-0.05382734661605726,-3.077510296015466,-3.0553062687092356,-3.1059026301546955,-3.0659667706178926,-3.0264853058359313,-0.05758400959896948,1.0,-1.0
80,39,19.0,20.0,702,229,473,-3.058010508912916,-3.069723433600805,True,0.011712924687888648,-3.077510296015466,-3.0553062687092356,-3.1059026301546955,-3.0659667706178926,-3.0264853058359313,0.00795626170497643,3.0,0.0
81,0,-20.0,-19.0,703,438,265,-3.1096490797250045,-2.963223302746045,True,-0.14642577697895964,-2.9812982336561826,-2.9436404728565932,-3.0197070551543055,-2.9695114524440873,-2.900957739603969,-0.14013762728091717,1.0,-1.0
81,1,-19.0,-18.0,702,552,150,-2.879084895294981,-2.963223302746045,True,0.08413840745106382,-2.9812982336561826,-2.9436404728565932,-3.0197070551543055,-2.9695114524440873,-2.900957739603969,0.0904265571491063,5.0,1.0
81,2,-18.0,-17.0,703,562,141,-2.892208553230544,-2.963223302746045,True,0.07101474951550069,-2.9812982336561826,-2.9436404728565932,-3.0197070551543055,-2.9695114524440873,-2.900957739603969,0.07730289921354316,5.0,1.0
81,3,-17.0,-16.0,703,533,170,-2.9038741350617774,-2.963223302746045,True,0.059349167684267456,-2.9812982336561826,-2.9436404728565932,-3.0197070551543055,-2.9695114524440873,-2.900957739603969,0.06563731738230993,4.0,0.5
81,4,-16.0,-15.0,702,608,94,-2.9825290651093583,-2.963223302746045,True,-0.019305762363313494,-2.9812982336561826,-2.9436404728565932,-3.0197070551543055,-2.9695114524440873,-2.900957739603969,-0.013017612665271017,2.0,-0.5
81,5,-15.0,-14.0,703,577,126,-3.002224022335411,-2.963223302746045,True,-0.03900071958936602,-2.9812982336561826,-2.9436404728565932,-3.0197070551543055,-2.9695114524440873,-2.900957739603969,-0.03271256989132354,2.0,-0.5
81,6,-14.0,-13.0,702,652,50,-3.109825075724459,-2.963223302746045,True,-0.14660177297841415,-2.9812982336561826,-2.9436404728565932,-3.0197070551543055,-2.9695114524440873,-2.900957739603969,-0.14031362328037167,1.0,-1.0
81,7,-13.0,-12.0,703,505,198,-3.0231744657165276,-2.963223302746045,True,-0.05995116297048275,-2.9812982336561826,-2.9436404728565932,-3.0197070551543055,-2.9695114524440873,-2.900957739603969,-0.05366301327244072,1.0,-1.0
81,8,-12.0,-11.0,702,690,12,-3.0061741867494214,-2.963223302746045,True,-0.042950884003376544,-2.9812982336561826,-2.9436404728565932,-3.0197070551543055,-2.9695114524440873,-2.900957739603969,-0.036662734305334066,2.0,-0.5
81,9,-11.0,-10.0,703,661,42,-2.8838250167320725,-2.963223302746045,True,0.07939828601397236,-2.9812982336561826,-2.9436404728565932,-3.0197070551543055,-2.9695114524440873,-2.900957739603969,0.08568643571201484,5.0,1.0
81,10,-10.0,-9.0,703,559,144,-2.801616540912458,-2.963223302746045,True,0.1616067618335868,-2.9812982336561826,-2.9436404728565932,-3.0197070551543055,-2.9695114524440873,-2.900957739603969,0.16789491153162928,5.0,1.0
81,11,-9.0,-8.0,702,689,13,-2.8755895644876017,-2.963223302746045,True,0.08763373825844312,-2.9812982336561826,-2.9436404728565932,-3.0197070551543055,-2.9695114524440873,-2.900957739603969,0.0939218879564856,5.0,1.0
81,12,-8.0,-7.0,703,632,71,-2.9083106407424473,-2.963223302746045,True,0.05491266200359757,-2.9812982336561826,-2.9436404728565932,-3.0197070551543055,-2.9695114524440873,-2.900957739603969,0.0612008117016396,4.0,0.5
81,13,-7.0,-6.0,702,586,116,-3.0185512516335646,-2.963223302746045,True,-0.055327948887519796,-2.9812982336561826,-2.9436404728565932,-3.0197070551543055,-2.9695114524440873,-2.900957739603969,-0.04903979918947732,2.0,-0.5
81,14,-6.0,-5.0,703,689,14,-3.039247185611109,-2.963223302746045,True,-0.07602388286506434,-2.9812982336561826,-2.9436404728565932,-3.0197070551543055,-2.9695114524440873,-2.900957739603969,-0.06973573316702186,1.0,-1.0
81,15,-5.0,-4.0,702,623,79,-3.055022456323805,-2.963223302746045,True,-0.09179915357776025,-2.9812982336561826,-2.9436404728565932,-3.0197070551543055,-2.9695114524440873,-2.900957739603969,-0.08551100387971777,1.0,-1.0
81,16,-4.0,-3.0,703,508,195,-2.9802911897399476,-2.963223302746045,True,-0.017067886993902714,-2.9812982336561826,-2.9436404728565932,-3.0197070551543055,-2.9695114524440873,-2.900957739603969,-0.01077973729586068,3.0,0.0
81,17,-3.0,-2.0,702,662,40,-2.9251956211668197,-2.963223302746045,True,0.03802768157922509,-2.9812982336561826,-2.9436404728565932,-3.0197070551543055,-2.9695114524440873,-2.900957739603969,0.044315831277267126,4.0,0.5
81,18,-2.0,-1.0,703,692,11,-2.958731715148226,-2.963223302746045,True,0.004491587597818647,-2.9812982336561826,-2.9436404728565932,-3.0197070551543055,-2.9695114524440873,-2.900957739603969,0.010779737295861125,3.0,0.0
81,19,-1.0,0.0,703,382,321,-2.9093413934753616,-2.963223302746045,True,0.05388190927068326,-2.9812982336561826,-2.9436404728565932,-3.0197070551543055,-2.9695114524440873,-2.900957739603969,0.06017005896872574,4.0,0.5
81,20,0.0,1.0,702,600,102,-2.9988874372181695,-2.963223302746045,True,-0.03566413447212469,-2.9812982336561826,-2.9436404728565932,-3.0197070551543055,-2.9695114524440873,-2.900957739603969,-0.029375984774081765,2.0,-0.5
81,21,1.0,2.0,703,504,199,-2.9429466985034316,-2.963223302746045,True,0.02027660424261324,-2.9812982336561826,-2.9436404728565932,-3.0197070551543055,-2.9695114524440873,-2.900957739603969,0.026564753940655272,4.0,0.5
81,22,2.0,3.0,702,621,81,-2.9875152036983694,-2.963223302746045,True,-0.024291900952324585,-2.9812982336561826,-2.9436404728565932,-3.0197070551543055,-2.9695114524440873,-2.900957739603969,-0.018003751254281664,2.0,-0.5
81,23,3.0,4.0,703,560,143,-2.908944374300437,-2.963223302746045,True,0.054278928445608,-2.9812982336561826,-2.9436404728565932,-3.0197070551543055,-2.9695114524440873,-2.900957739603969,0.06056707814365048,4.0,0.5
81,24,4.0,5.0,702,559,143,-3.0156309809783663,-2.963223302746045,True,-0.05240767823232151,-2.9812982336561826,-2.9436404728565932,-3.0197070551543055,-2.9695114524440873,-2.900957739603969,-0.04611952853427903,2.0,-0.5
81,25,5.0,6.0,703,628,75,-2.956207376848102,-2.963223302746045,True,0.007015925897942754,-2.9812982336561826,-2.9436404728565932,-3.0197070551543055,-2.9695114524440873,-2.900957739603969,0.013304075595985232,3.0,0.0
81,26,6.0,7.0,703,631,72,-2.9757991015492147,-2.963223302746045,True,-0.012575798803169835,-2.9812982336561826,-2.9436404728565932,-3.0197070551543055,-2.9695114524440873,-2.900957739603969,-0.0062876491051273575,3.0,0.0
81,27,7.0,8.0,702,593,109,-2.8970776431583243,-2.963223302746045,True,0.06614565958772056,-2.9812982336561826,-2.9436404728565932,-3.0197070551543055,-2.9695114524440873,-2.900957739603969,0.07243380928576304,5.0,1.0
81,28,8.0,9.0,703,418,285,-2.8591130167480614,-2.963223302746045,True,0.10411028599798344,-2.9812982336561826,-2.9436404728565932,-3.0197070551543055,-2.9695114524440873,-2.900957739603969,0.11039843569602592,5.0,1.0
81,29,9.0,10.0,702,510,192,-2.955213007003937,-2.963223302746045,True,0.008010295742107765,-2.9812982336561826,-2.9436404728565932,-3.0197070551543055,-2.9695114524440873,-2.900957739603969,0.014298445440150243,3.0,0.0
81,30,10.0,11.0,703,529,174,-3.076765120501245,-2.963223302746045,True,-0.11354181775520011,-2.9812982336561826,-2.9436404728565932,-3.0197070551543055,-2.9695114524440873,-2.900957739603969,-0.10725366805715764,1.0,-1.0
81,31,11.0,12.0,702,575,127,-3.0603244384499613,-2.963223302746045,True,-0.09710113570391643,-2.9812982336561826,-2.9436404728565932,-3.0197070551543055,-2.9695114524440873,-2.900957739603969,-0.09081298600587395,1.0,-1.0
81,32,12.0,13.0,703,631,72,-2.919916889946995,-2.963223302746045,True,0.0433064127990499,-2.9812982336561826,-2.9436404728565932,-3.0197070551543055,-2.9695114524440873,-2.900957739603969,0.049594562497092376,4.0,0.5
81,33,13.0,14.0,703,669,34,-2.9372736221263653,-2.963223302746045,True,0.025949680619679505,-2.9812982336561826,-2.9436404728565932,-3.0197070551543055,-2.9695114524440873,-2.900957739603969,0.03223783031772198,4.0,0.5
81,34,14.0,15.0,702,531,171,-2.954405409788821,-2.963223302746045,True,0.008817892957223794,-2.9812982336561826,-2.9436404728565932,-3.0197070551543055,-2.9695114524440873,-2.900957739603969,0.015106042655266272,3.0,0.0
81,35,15.0,16.0,703,617,86,-2.9567738663007606,-2.963223302746045,True,0.0064494364452842845,-2.9812982336561826,-2.9436404728565932,-3.0197070551543055,-2.9695114524440873,-2.900957739603969,0.012737586143326318,3.0,0.0
81,36,16.0,17.0,702,570,132,-2.9755824067139134,-2.963223302746045,True,-0.012359103967868545,-2.9812982336561826,-2.9436404728565932,-3.0197070551543055,-2.9695114524440873,-2.900957739603969,-0.006070954269826068,3.0,0.0
81,37,17.0,18.0,703,596,107,-3.121761326315006,-2.963223302746045,True,-0.15853802356896107,-2.9812982336561826,-2.9436404728565932,-3.0197070551543055,-2.9695114524440873,-2.900957739603969,-0.1522498738709186,1.0,-1.0
81,38,18.0,19.0,702,568,134,-3.045877294326027,-2.963223302746045,True,-0.08265399157998221,-2.9812982336561826,-2.9436404728565932,-3.0197070551543055,-2.9695114524440873,-2.900957739603969,-0.07636584188193973,1.0,-1.0
81,39,19.0,20.0,703,370,333,-3.1224977485383723,-2.963223302746045,True,-0.1592744457923274,-2.9812982336561826,-2.9436404728565932,-3.0197070551543055,-2.9695114524440873,-2.900957739603969,-0.15298629609428493,1.0,-1.0
82,0,-20.0,-19.0,703,526,177,-2.9040727615821385,-3.027195958967419,True,0.12312319738528066,-3.023602000416605,-3.0099979431580373,-3.0798466919971084,-3.0183994299084884,-2.9817730823711464,0.11432666832634997,5.0,1.0
82,1,-19.0,-18.0,703,476,227,-2.988855805716393,-3.027195958967419,True,0.03834015325102591,-3.023602000416605,-3.0099979431580373,-3.0798466919971084,-3.0183994299084884,-2.9817730823711464,0.02954362419209522,4.0,0.5
82,2,-18.0,-17.0,702,603,99,-2.944046033842231,-3.027195958967419,True,0.08314992512518815,-3.023602000416605,-3.0099979431580373,-3.0798466919971084,-3.0183994299084884,-2.9817730823711464,0.07435339606625746,5.0,1.0
82,3,-17.0,-16.0,703,595,108,-2.984432004358944,-3.027195958967419,True,0.04276395460847526,-3.023602000416605,-3.0099979431580373,-3.0798466919971084,-3.0183994299084884,-2.9817730823711464,0.03396742554954457,4.0,0.5
82,4,-16.0,-15.0,702,330,372,-2.904410177909921,-3.027195958967419,True,0.12278578105749816,-3.023602000416605,-3.0099979431580373,-3.0798466919971084,-3.0183994299084884,-2.9817730823711464,0.11398925199856746,5.0,1.0
82,5,-15.0,-14.0,703,440,263,-3.0173331632207874,-3.027195958967419,True,0.009862795746631736,-3.023602000416605,-3.0099979431580373,-3.0798466919971084,-3.0183994299084884,-2.9817730823711464,0.001066266687700601,3.0,0.0
82,6,-14.0,-13.0,702,482,220,-3.161102739156239,-3.027195958967419,True,-0.13390678018881985,-3.023602000416605,-3.0099979431580373,-3.0798466919971084,-3.0183994299084884,-2.9817730823711464,-0.14270330924775054,1.0,-1.0
82,7,-13.0,-12.0,703,476,227,-3.150536613424981,-3.027195958967419,True,-0.1233406544575617,-3.023602000416605,-3.0099979431580373,-3.0798466919971084,-3.0183994299084884,-2.9817730823711464,-0.1321371835164924,1.0,-1.0
82,8,-12.0,-11.0,703,534,169,-3.123380937559524,-3.027195958967419,True,-0.09618497859210473,-3.023602000416605,-3.0099979431580373,-3.0798466919971084,-3.0183994299084884,-2.9817730823711464,-0.10498150765103542,1.0,-1.0
82,9,-11.0,-10.0,702,635,67,-3.019465696596189,-3.027195958967419,True,0.00773026237123009,-3.023602000416605,-3.0099979431580373,-3.0798466919971084,-3.0183994299084884,-2.9817730823711464,-0.001066266687700601,3.0,0.0
82,10,-10.0,-9.0,703,697,6,-3.0286574828637796,-3.027195958967419,True,-0.0014615238963604504,-3.023602000416605,-3.0099979431580373,-3.0798466919971084,-3.0183994299084884,-2.9817730823711464,-0.010258052955291586,2.0,-0.5
82,11,-9.0,-8.0,702,478,224,-2.959348914881908,-3.027195958967419,True,0.06784704408551123,-3.023602000416605,-3.0099979431580373,-3.0798466919971084,-3.0183994299084884,-2.9817730823711464,0.05905051502658054,5.0,1.0
82,12,-8.0,-7.0,703,548,155,-3.0782322145683225,-3.027195958967419,True,-0.05103625560090341,-3.023602000416605,-3.0099979431580373,-3.0798466919971084,-3.0183994299084884,-2.9817730823711464,-0.059832784659834104,2.0,-0.5
82,13,-7.0,-6.0,702,517,185,-3.0846901242834655,-3.027195958967419,True,-0.05749416531604634,-3.023602000416605,-3.0099979431580373,-3.0798466919971084,-3.0183994299084884,-2.9817730823711464,-0.06629069437497659,1.0,-1.0
82,14,-6.0,-5.0,703,537,166,-3.0010326741924533,-3.027195958967419,True,0.026163284774965767,-3.023602000416605,-3.0099979431580373,-3.0798466919971084,-3.0183994299084884,-2.9817730823711464,0.017366755716035076,4.0,0.5
82,15,-5.0,-4.0,702,453,249,-3.1291997276739725,-3.027195958967419,True,-0.10200376870655337,-3.023602000416605,-3.0099979431580373,-3.0798466919971084,-3.0183994299084884,-2.9817730823711464,-0.11080029776548406,1.0,-1.0
82,16,-4.0,-3.0,703,560,143,-3.0435997275168485,-3.027195958967419,True,-0.016403768549429376,-3.023602000416605,-3.0099979431580373,-3.0798466919971084,-3.0183994299084884,-2.9817730823711464,-0.025200297608360067,2.0,-0.5
82,17,-3.0,-2.0,703,485,218,-2.9973256992647834,-3.027195958967419,True,0.029870259702635682,-3.023602000416605,-3.0099979431580373,-3.0798466919971084,-3.0183994299084884,-2.9817730823711464,0.02107373064370499,4.0,0.5
82,18,-2.0,-1.0,702,546,156,-3.050400364327737,-3.027195958967419,True,-0.02320440536031798,-3.023602000416605,-3.0099979431580373,-3.0798466919971084,-3.0183994299084884,-2.9817730823711464,-0.03200093441924867,2.0,-0.5
82,19,-1.0,0.0,703,362,341,-2.973796316407754,-3.027195958967419,True,0.05339964255966523,-3.023602000416605,-3.0099979431580373,-3.0798466919971084,-3.0183994299084884,-2.9817730823711464,0.04460311350073454,5.0,1.0
82,20,0.0,1.0,702,575,127,-3.104014825577322,-3.027195958967419,True,-0.07681886660990278,-3.023602000416605,-3.0099979431580373,-3.0798466919971084,-3.0183994299084884,-2.9817730823711464,-0.08561539566883347,1.0,-1.0
82,21,1.0,2.0,703,453,250,-3.050953011692938,-3.027195958967419,True,-0.023757052725518868,-3.023602000416605,-3.0099979431580373,-3.0798466919971084,-3.0183994299084884,-2.9817730823711464,-0.03255358178444956,2.0,-0.5
82,22,2.0,3.0,702,313,389,-3.0794653114927333,-3.027195958967419,True,-0.05226935252531417,-3.023602000416605,-3.0099979431580373,-3.0798466919971084,-3.0183994299084884,-2.9817730823711464,-0.06106588158424486,2.0,-0.5
82,23,3.0,4.0,703,334,369,-3.271433430852561,-3.027195958967419,True,-0.2442374718851421,-3.023602000416605,-3.0099979431580373,-3.0798466919971084,-3.0183994299084884,-2.9817730823711464,-0.2530340009440728,1.0,-1.0
82,24,4.0,5.0,703,458,245,-3.0710385591545464,-3.027195958967419,True,-0.04384260018712727,-3.023602000416605,-3.0099979431580373,-3.0798466919971084,-3.0183994299084884,-2.9817730823711464,-0.05263912924605796,2.0,-0.5
82,25,5.0,6.0,702,526,176,-3.1181139315113615,-3.027195958967419,True,-0.0909179725439424,-3.023602000416605,-3.0099979431580373,-3.0798466919971084,-3.0183994299084884,-2.9817730823711464,-0.09971450160287265,1.0,-1.0
82,26,6.0,7.0,703,518,185,-2.977330088383458,-3.027195958967419,True,0.04986587058396097,-3.023602000416605,-3.0099979431580373,-3.0798466919971084,-3.0183994299084884,-2.9817730823711464,0.04106934152503028,5.0,1.0
82,27,7.0,8.0,702,397,305,-3.153904520909745,-3.027195958967419,True,-0.12670856194232583,-3.023602000416605,-3.0099979431580373,-3.0798466919971084,-3.0183994299084884,-2.9817730823711464,-0.13550509100125652,1.0,-1.0
82,28,8.0,9.0,703,388,315,-2.8914908693444756,-3.027195958967419,True,0.13570508962294348,-3.023602000416605,-3.0099979431580373,-3.0798466919971084,-3.0183994299084884,-2.9817730823711464,0.12690856056401234,5.0,1.0
82,29,9.0,10.0,702,524,178,-3.0693909849164935,-3.027195958967419,True,-0.04219502594907443,-3.023602000416605,-3.0099979431580373,-3.0798466919971084,-3.0183994299084884,-2.9817730823711464,-0.050991555008004674,2.0,-0.5
82,30,10.0,11.0,703,680,23,-3.0487139554625733,-3.027195958967419,True,-0.02151799649515418,-3.023602000416605,-3.0099979431580373,-3.0798466919971084,-3.0183994299084884,-2.9817730823711464,-0.03031452555408487,2.0,-0.5
82,31,11.0,12.0,703,496,207,-3.085588437854863,-3.027195958967419,True,-0.05839247888744392,-3.023602000416605,-3.0099979431580373,-3.0798466919971084,-3.0183994299084884,-2.9817730823711464,-0.06718900794637461,1.0,-1.0
82,32,12.0,13.0,702,521,181,-3.0120451526720005,-3.027195958967419,True,0.01515080629541865,-3.023602000416605,-3.0099979431580373,-3.0798466919971084,-3.0183994299084884,-2.9817730823711464,0.00635427723648796,3.0,0.0
82,33,13.0,14.0,703,431,272,-3.0170712722575668,-3.027195958967419,True,0.010124686709852337,-3.023602000416605,-3.0099979431580373,-3.0798466919971084,-3.0183994299084884,-2.9817730823711464,0.0013281576509216464,3.0,0.0
82,34,14.0,15.0,702,632,70,-3.101419655764723,-3.027195958967419,True,-0.07422369679730378,-3.023602000416605,-3.0099979431580373,-3.0798466919971084,-3.0183994299084884,-2.9817730823711464,-0.08302022585623448,1.0,-1.0
82,35,15.0,16.0,703,591,112,-3.1300995011537975,-3.027195958967419,True,-0.10290354218637843,-3.023602000416605,-3.0099979431580373,-3.0798466919971084,-3.0183994299084884,-2.9817730823711464,-0.11170007124530867,1.0,-1.0
82,36,16.0,17.0,702,479,223,-3.127647612111097,-3.027195958967419,True,-0.10045165314367788,-3.023602000416605,-3.0099979431580373,-3.0798466919971084,-3.0183994299084884,-2.9817730823711464,-0.10924818220260857,1.0,-1.0
82,37,17.0,18.0,703,451,252,-3.076303019020658,-3.027195958967419,True,-0.04910706005323906,-3.023602000416605,-3.0099979431580373,-3.0798466919971084,-3.0183994299084884,-2.9817730823711464,-0.05790358911216975,2.0,-0.5
82,38,18.0,19.0,702,402,300,-2.9908734209808725,-3.027195958967419,True,0.03632253798654661,-3.023602000416605,-3.0099979431580373,-3.0798466919971084,-3.0183994299084884,-2.9817730823711464,0.02752600892761592,4.0,0.5
82,39,19.0,20.0,703,546,157,-3.050225942455654,-3.027195958967419,True,-0.02302998348823504,-3.023602000416605,-3.0099979431580373,-3.0798466919971084,-3.0183994299084884,-2.9817730823711464,-0.03182651254716573,2.0,-0.5
83,0,-20.0,-19.0,703,480,223,-3.115991815187793,-3.0328572950235193,True,-0.0831345201642737,-3.0352124431284855,-3.021990388644926,-3.0775000770973993,-3.028548502963856,-2.9982291708621904,-0.08744331222393686,1.0,-1.0
83,1,-19.0,-18.0,702,600,102,-3.0066797307414155,-3.0328572950235193,True,0.026177564282103827,-3.0352124431284855,-3.021990388644926,-3.0775000770973993,-3.028548502963856,-2.9982291708621904,0.021868772222440658,4.0,0.5
83,2,-18.0,-17.0,703,519,184,-3.0249802092985947,-3.0328572950235193,True,0.007877085724924626,-3.0352124431284855,-3.021990388644926,-3.0775000770973993,-3.028548502963856,-2.9982291708621904,0.003568293665261457,3.0,0.0
83,3,-17.0,-16.0,702,639,63,-2.9154826373904004,-3.0328572950235193,True,0.11737465763311894,-3.0352124431284855,-3.021990388644926,-3.0775000770973993,-3.028548502963856,-2.9982291708621904,0.11306586557345577,5.0,1.0
83,4,-16.0,-15.0,703,660,43,-2.96498347344015,-3.0328572950235193,True,0.06787382158336941,-3.0352124431284855,-3.021990388644926,-3.0775000770973993,-3.028548502963856,-2.9982291708621904,0.06356502952370624,5.0,1.0
83,5,-15.0,-14.0,703,625,78,-2.963666697298476,-3.0328572950235193,True,0.0691905977250431,-3.0352124431284855,-3.021990388644926,-3.0775000770973993,-3.028548502963856,-2.9982291708621904,0.06488180566537993,5.0,1.0
83,6,-14.0,-13.0,702,582,120,-3.0521043630028366,-3.0328572950235193,True,-0.0192470679793173,-3.0352124431284855,-3.021990388644926,-3.0775000770973993,-3.028548502963856,-2.9982291708621904,-0.02355586003898047,2.0,-0.5
83,7,-13.0,-12.0,703,629,74,-3.0183361634015538,-3.0328572950235193,True,0.014521131621965555,-3.0352124431284855,-3.021990388644926,-3.0775000770973993,-3.028548502963856,-2.9982291708621904,0.010212339562302386,4.0,0.5
83,8,-12.0,-11.0,702,459,243,-3.0738105321981646,-3.0328572950235193,True,-0.040953237174645274,-3.0352124431284855,-3.021990388644926,-3.0775000770973993,-3.028548502963856,-2.9982291708621904,-0.04526202923430844,2.0,-0.5
83,9,-11.0,-10.0,703,495,208,-3.013865702410814,-3.0328572950235193,True,0.018991592612705332,-3.0352124431284855,-3.021990388644926,-3.0775000770973993,-3.028548502963856,-2.9982291708621904,0.014682800553042163,4.0,0.5
83,10,-10.0,-9.0,702,561,141,-2.9413713080298067,-3.0328572950235193,True,0.09148598699371258,-3.0352124431284855,-3.021990388644926,-3.0775000770973993,-3.028548502963856,-2.9982291708621904,0.0871771949340494,5.0,1.0
83,11,-9.0,-8.0,703,585,118,-2.9995860352602275,-3.0328572950235193,True,0.033271259763291816,-3.0352124431284855,-3.021990388644926,-3.0775000770973993,-3.028548502963856,-2.9982291708621904,0.028962467703628647,4.0,0.5
83,12,-8.0,-7.0,703,485,218,-3.126249781059691,-3.0328572950235193,True,-0.0933924860361719,-3.0352124431284855,-3.021990388644926,-3.0775000770973993,-3.028548502963856,-2.9982291708621904,-0.09770127809583506,1.0,-1.0
83,13,-7.0,-6.0,702,634,68,-3.0389960110721566,-3.0328572950235193,True,-0.006138716048637249,-3.0352124431284855,-3.021990388644926,-3.0775000770973993,-3.028548502963856,-2.9982291708621904,-0.010447508108300863,2.0,-0.5
83,14,-6.0,-5.0,703,629,74,-3.032116796629118,-3.0328572950235193,True,0.0007404983944012677,-3.0352124431284855,-3.021990388644926,-3.0775000770973993,-3.028548502963856,-2.9982291708621904,-0.0035682936652619013,3.0,0.0
83,15,-5.0,-4.0,702,508,194,-2.9941585776680797,-3.0328572950235193,True,0.038698717355439616,-3.0352124431284855,-3.021990388644926,-3.0775000770973993,-3.028548502963856,-2.9982291708621904,0.034389925295776,5.0,1.0
83,16,-4.0,-3.0,703,650,53,-3.052908346383181,-3.0328572950235193,True,-0.020051051359661898,-3.0352124431284855,-3.021990388644926,-3.0775000770973993,-3.028548502963856,-2.9982291708621904,-0.024359843419325067,2.0,-0.5
83,17,-3.0,-2.0,702,636,66,-3.0885687117951024,-3.0328572950235193,True,-0.05571141677158309,-3.0352124431284855,-3.021990388644926,-3.0775000770973993,-3.028548502963856,-2.9982291708621904,-0.06002020883124626,1.0,-1.0
83,18,-2.0,-1.0,703,238,465,-3.1228284471850922,-3.0328572950235193,True,-0.08997115216157292,-3.0352124431284855,-3.021990388644926,-3.0775000770973993,-3.028548502963856,-2.9982291708621904,-0.09427994422123565,1.0,-1.0
83,19,-1.0,0.0,702,458,244,-3.110460561017717,-3.0328572950235193,True,-0.07760326599419765,-3.0352124431284855,-3.021990388644926,-3.0775000770973993,-3.028548502963856,-2.9982291708621904,-0.08191205805386081,1.0,-1.0
83,20,0.0,1.0,703,582,121,-2.9438687356077815,-3.0328572950235193,True,0.0889885594157378,-3.0352124431284855,-3.021990388644926,-3.0775000770973993,-3.028548502963856,-2.9982291708621904,0.08467976735607508,5.0,1.0
83,21,1.0,2.0,703,497,206,-2.9325081406215427,-3.0328572950235193,True,0.10034915440197656,-3.0352124431284855,-3.021990388644926,-3.0775000770973993,-3.028548502963856,-2.9982291708621904,0.09604036234231339,5.0,1.0
83,22,2.0,3.0,702,419,283,-3.004254651242337,-3.0328572950235193,True,0.02860264378118238,-3.0352124431284855,-3.021990388644926,-3.0775000770973993,-3.028548502963856,-2.9982291708621904,0.02429385172151921,4.0,0.5
83,23,3.0,4.0,703,572,131,-2.9869105537795155,-3.0328572950235193,True,0.045946741244003775,-3.0352124431284855,-3.021990388644926,-3.0775000770973993,-3.028548502963856,-2.9982291708621904,0.041637949184340606,5.0,1.0
83,24,4.0,5.0,702,458,244,-3.012663732091377,-3.0328572950235193,True,0.02019356293214214,-3.0352124431284855,-3.021990388644926,-3.0775000770973993,-3.028548502963856,-2.9982291708621904,0.01588477087247897,4.0,0.5
83,25,5.0,6.0,703,633,70,-2.96355044041493,-3.0328572950235193,True,0.06930685460858932,-3.0352124431284855,-3.021990388644926,-3.0775000770973993,-3.028548502963856,-2.9982291708621904,0.06499806254892615,5.0,1.0
83,26,6.0,7.0,702,628,74,-2.996059304719682,-3.0328572950235193,True,0.036797990303837125,-3.0352124431284855,-3.021990388644926,-3.0775000770973993,-3.028548502963856,-2.9982291708621904,0.032489198244173956,5.0,1.0
83,27,7.0,8.0,703,534,169,-2.9684795714696723,-3.0328572950235193,True,0.06437772355384697,-3.0352124431284855,-3.021990388644926,-3.0775000770973993,-3.028548502963856,-2.9982291708621904,0.0600689314941838,5.0,1.0
83,28,8.0,9.0,703,673,30,-3.0543629109884933,-3.0328572950235193,True,-0.021505615964974023,-3.0352124431284855,-3.021990388644926,-3.0775000770973993,-3.028548502963856,-2.9982291708621904,-0.025814408024637192,2.0,-0.5
83,29,9.0,10.0,702,479,223,-3.0705750289512523,-3.0328572950235193,True,-0.03771773392773303,-3.0352124431284855,-3.021990388644926,-3.0775000770973993,-3.028548502963856,-2.9982291708621904,-0.0420265259873962,2.0,-0.5
83,30,10.0,11.0,703,595,108,-3.048524674233196,-3.0328572950235193,True,-0.015667379209676646,-3.0352124431284855,-3.021990388644926,-3.0775000770973993,-3.028548502963856,-2.9982291708621904,-0.019976171269339815,2.0,-0.5
83,31,11.0,12.0,702,379,323,-2.99316030965617,-3.0328572950235193,True,0.039696985367349225,-3.0352124431284855,-3.021990388644926,-3.0775000770973993,-3.028548502963856,-2.9982291708621904,0.035388193307686056,5.0,1.0
83,32,12.0,13.0,703,505,198,-3.0513644119204186,-3.0328572950235193,True,-0.018507116896899323,-3.0352124431284855,-3.021990388644926,-3.0775000770973993,-3.028548502963856,-2.9982291708621904,-0.022815908956562048,2.0,-0.5
83,33,13.0,14.0,702,522,180,-2.9691550960540276,-3.0328572950235193,True,0.0637021989694917,-3.0352124431284855,-3.021990388644926,-3.0775000770973993,-3.028548502963856,-2.9982291708621904,0.059393406909828084,5.0,1.0
83,34,14.0,15.0,703,510,193,-3.083392257901918,-3.0328572950235193,True,-0.05053496287839865,-3.0352124431284855,-3.021990388644926,-3.0775000770973993,-3.028548502963856,-2.9982291708621904,-0.05484375493806182,1.0,-1.0
83,35,15.0,16.0,703,552,151,-3.067824175824056,-3.0328572950235193,True,-0.03496688080053678,-3.0352124431284855,-3.021990388644926,-3.0775000770973993,-3.028548502963856,-2.9982291708621904,-0.03927567286019995,2.0,-0.5
83,36,16.0,17.0,702,306,396,-2.9649251397800387,-3.0328572950235193,True,0.06793215524348062,-3.0352124431284855,-3.021990388644926,-3.0775000770973993,-3.028548502963856,-2.9982291708621904,0.06362336318381745,5.0,1.0
83,37,17.0,18.0,703,567,136,-3.0977441393074057,-3.0328572950235193,True,-0.06488684428388636,-3.0352124431284855,-3.021990388644926,-3.0775000770973993,-3.028548502963856,-2.9982291708621904,-0.06919563634354953,1.0,-1.0
83,38,18.0,19.0,702,438,264,-3.036068290816392,-3.0328572950235193,True,-0.0032109957928727617,-3.0352124431284855,-3.021990388644926,-3.0775000770973993,-3.028548502963856,-2.9982291708621904,-0.007519787852535931,2.0,-0.5
83,39,19.0,20.0,703,475,228,-3.075668343422733,-3.0328572950235193,True,-0.0428110483992139,-3.0352124431284855,-3.021990388644926,-3.0775000770973993,-3.028548502963856,-2.9982291708621904,-0.04711984045887707,2.0,-0.5
84,0,-20.0,-19.0,702,449,253,-3.064136143740561,-3.062154208267338,True,-0.0019819354732231176,-3.0638848584694305,-3.059454382230485,-3.1029887727136005,-3.0622104339849874,-3.0227146768104927,-0.0019257097555738234,2.0,-0.5
84,1,-19.0,-18.0,703,500,203,-3.126324052700971,-3.062154208267338,True,-0.06416984443363294,-3.0638848584694305,-3.059454382230485,-3.1029887727136005,-3.0622104339849874,-3.0227146768104927,-0.06411361871598364,1.0,-1.0
84,2,-18.0,-17.0,702,586,116,-3.0279833500205977,-3.062154208267338,True,0.034170858246740377,-3.0638848584694305,-3.059454382230485,-3.1029887727136005,-3.0622104339849874,-3.0227146768104927,0.03422708396438967,4.0,0.5
84,3,-17.0,-16.0,703,402,301,-3.1336921518900933,-3.062154208267338,True,-0.07153794362275523,-3.0638848584694305,-3.059454382230485,-3.1029887727136005,-3.0622104339849874,-3.0227146768104927,-0.07148171790510593,1.0,-1.0
84,4,-16.0,-15.0,702,339,363,-3.0636792614294146,-3.062154208267338,True,-0.0015250531620765173,-3.0638848584694305,-3.059454382230485,-3.1029887727136005,-3.0622104339849874,-3.0227146768104927,-0.0014688274444272231,3.0,0.0
84,5,-15.0,-14.0,703,491,212,-3.0342440893395213,-3.062154208267338,True,0.027910118927816807,-3.0638848584694305,-3.059454382230485,-3.1029887727136005,-3.0622104339849874,-3.0227146768104927,0.0279663446454661,4.0,0.5
84,6,-14.0,-13.0,703,334,369,-3.0207402289769267,-3.062154208267338,True,0.04141397929041135,-3.0638848584694305,-3.059454382230485,-3.1029887727136005,-3.0622104339849874,-3.0227146768104927,0.041470205008060645,5.0,1.0
84,7,-13.0,-12.0,702,406,296,-3.123571921074465,-3.062154208267338,True,-0.06141771280712671,-3.0638848584694305,-3.059454382230485,-3.1029887727136005,-3.0622104339849874,-3.0227146768104927,-0.06136148708947742,1.0,-1.0
84,8,-12.0,-11.0,703,507,196,-2.9956454872892992,-3.062154208267338,True,0.06650872097803884,-3.0638848584694305,-3.059454382230485,-3.1029887727136005,-3.0622104339849874,-3.0227146768104927,0.06656494669568813,5.0,1.0
84,9,-11.0,-10.0,702,614,88,-3.107671028749131,-3.062154208267338,True,-0.04551682048179284,-3.0638848584694305,-3.059454382230485,-3.1029887727136005,-3.0622104339849874,-3.0227146768104927,-0.04546059476414355,1.0,-1.0
84,10,-10.0,-9.0,703,501,202,-3.06074160654056,-3.062154208267338,True,0.001412601726777929,-3.0638848584694305,-3.059454382230485,-3.1029887727136005,-3.0622104339849874,-3.0227146768104927,0.0014688274444272231,3.0,0.0
84,11,-9.0,-8.0,702,569,133,-3.023372826088348,-3.062154208267338,True,0.038781382178989965,-3.0638848584694305,-3.059454382230485,-3.1029887727136005,-3.0622104339849874,-3.0227146768104927,0.03883760789663926,4.0,0.5
84,12,-8.0,-7.0,703,496,207,-3.0131316971476156,-3.062154208267338,True,0.049022511119722445,-3.0638848584694305,-3.059454382230485,-3.1029887727136005,-3.0622104339849874,-3.0227146768104927,0.049078736837371295,5.0,1.0
84,13,-7.0,-6.0,703,437,266,-3.145069879778553,-3.062154208267338,True,-0.08291567151121493,-3.0638848584694305,-3.059454382230485,-3.1029887727136005,-3.0622104339849874,-3.0227146768104927,-0.08285944579356563,1.0,-1.0
84,14,-6.0,-5.0,702,482,220,-3.002157706037399,-3.062154208267338,True,0.05999650222993891,-3.0638848584694305,-3.059454382230485,-3.1029887727136005,-3.0622104339849874,-3.0227146768104927,0.0600527279475882,5.0,1.0
84,15,-5.0,-4.0,703,323,380,-2.9845925051066047,-3.062154208267338,True,0.07756170316073341,-3.0638848584694305,-3.059454382230485,-3.1029887727136005,-3.0622104339849874,-3.0227146768104927,0.0776179288783827,5.0,1.0
84,16,-4.0,-3.0,702,431,271,-3.101428020701757,-3.062154208267338,True,-0.039273812434418964,-3.0638848584694305,-3.059454382230485,-3.1029887727136005,-3.0622104339849874,-3.0227146768104927,-0.03921758671676967,2.0,-0.5
84,17,-3.0,-2.0,703,496,207,-3.0795381144883076,-3.062154208267338,True,-0.017383906220969525,-3.0638848584694305,-3.059454382230485,-3.1029887727136005,-3.0622104339849874,-3.0227146768104927,-0.017327680503320675,2.0,-0.5
84,18,-2.0,-1.0,702,284,418,-3.057881108073727,-3.062154208267338,True,0.004273100193611157,-3.0638848584694305,-3.059454382230485,-3.1029887727136005,-3.0622104339849874,-3.0227146768104927,0.004329325911260451,4.0,0.5
84,19,-1.0,0.0,703,368,335,-3.077482986172906,-3.062154208267338,True,-0.015328777905567748,-3.0638848584694305,-3.059454382230485,-3.1029887727136005,-3.0622104339849874,-3.0227146768104927,-0.015272552187918453,2.0,-0.5
84,20,0.0,1.0,703,292,411,-3.073780582436877,-3.062154208267338,True,-0.011626374169539044,-3.0638848584694305,-3.059454382230485,-3.1029887727136005,-3.0622104339849874,-3.0227146768104927,-0.01157014845188975,2.0,-0.5
84,21,1.0,2.0,702,492,210,-2.7701755022136214,-3.062154208267338,True,0.2919787060537167,-3.0638848584694305,-3.059454382230485,-3.1029887727136005,-3.0622104339849874,-3.0227146768104927,0.29203493177136597,5.0,1.0
84,22,2.0,3.0,703,592,111,-2.977564645340842,-3.062154208267338,True,0.08458956292649589,-3.0638848584694305,-3.059454382230485,-3.1029887727136005,-3.0622104339849874,-3.0227146768104927,0.08464578864414518,5.0,1.0
84,23,3.0,4.0,702,396,306,-2.9718955525337103,-3.062154208267338,True,0.09025865573362779,-3.0638848584694305,-3.059454382230485,-3.1029887727136005,-3.0622104339849874,-3.0227146768104927,0.09031488145127708,5.0,1.0
84,24,4.0,5.0,703,539,164,-2.9541434837354816,-3.062154208267338,True,0.10801072453185645,-3.0638848584694305,-3.059454382230485,-3.1029887727136005,-3.0622104339849874,-3.0227146768104927,0.10806695024950574,5.0,1.0
84,25,5.0,6.0,702,554,148,-2.8400448829212803,-3.062154208267338,True,0.22210932534605776,-3.0638848584694305,-3.059454382230485,-3.1029887727136005,-3.0622104339849874,-3.0227146768104927,0.22216555106370706,5.0,1.0
84,26,6.0,7.0,703,253,450,-3.1308787821220063,-3.062154208267338,True,-0.06872457385466824,-3.0638848584694305,-3.059454382230485,-3.1029887727136005,-3.0622104339849874,-3.0227146768104927,-0.06866834813701894,1.0,-1.0
84,27,7.0,8.0,702,315,387,-3.1797165964232197,-3.062154208267338,True,-0.1175623881558816,-3.0638848584694305,-3.059454382230485,-3.1029887727136005,-3.0622104339849874,-3.0227146768104927,-0.11750616243823275,1.0,-1.0
84,28,8.0,9.0,703,538,165,-3.0537415835894755,-3.062154208267338,True,0.008412624677862635,-3.0638848584694305,-3.059454382230485,-3.1029887727136005,-3.0622104339849874,-3.0227146768104927,0.008468850395511929,4.0,0.5
84,29,9.0,10.0,703,320,383,-2.8721507224304417,-3.062154208267338,True,0.1900034858368964,-3.0638848584694305,-3.059454382230485,-3.1029887727136005,-3.0622104339849874,-3.0227146768104927,0.1900597115545457,5.0,1.0
84,30,10.0,11.0,702,580,122,-3.010319535545576,-3.062154208267338,True,0.05183467272176223,-3.0638848584694305,-3.059454382230485,-3.1029887727136005,-3.0622104339849874,-3.0227146768104927,0.051890898439411526,5.0,1.0
84,31,11.0,12.0,703,446,257,-3.0056823883417314,-3.062154208267338,True,0.05647181992560668,-3.0638848584694305,-3.059454382230485,-3.1029887727136005,-3.0622104339849874,-3.0227146768104927,0.056528045643255975,5.0,1.0
84,32,12.0,13.0,702,486,216,-3.019428311725964,-3.062154208267338,True,0.04272589654137393,-3.0638848584694305,-3.059454382230485,-3.1029887727136005,-3.0622104339849874,-3.0227146768104927,0.042782122259023225,5.0,1.0
84,33,13.0,14.0,703,478,225,-3.009870310160996,-3.062154208267338,True,0.052283898106342264,-3.0638848584694305,-3.059454382230485,-3.1029887727136005,-3.0622104339849874,-3.0227146768104927,0.05234012382399156,5.0,1.0
84,34,14.0,15.0,702,283,419,-3.1673448360471723,-3.062154208267338,True,-0.10519062777983423,-3.0638848584694305,-3.059454382230485,-3.1029887727136005,-3.0622104339849874,-3.0227146768104927,-0.10513440206218494,1.0,-1.0
84,35,15.0,16.0,703,478,225,-3.1320197979956417,-3.062154208267338,True,-0.06986558972830359,-3.0638848584694305,-3.059454382230485,-3.1029887727136005,-3.0622104339849874,-3.0227146768104927,-0.0698093640106543,1.0,-1.0
84,36,16.0,17.0,703,296,407,-3.2136086727529687,-3.062154208267338,True,-0.1514544644856306,-3.0638848584694305,-3.059454382230485,-3.1029887727136005,-3.0622104339849874,-3.0227146768104927,-0.1513982387679813,1.0,-1.0
84,37,17.0,18.0,702,592,110,-3.1442659838600457,-3.062154208267338,True,-0.08211177559270766,-3.0638848584694305,-3.059454382230485,-3.1029887727136005,-3.0622104339849874,-3.0227146768104927,-0.08205554987505836,1.0,-1.0
84,38,18.0,19.0,703,472,231,-3.021732998167807,-3.062154208267338,True,0.040421210099530924,-3.0638848584694305,-3.059454382230485,-3.1029887727136005,-3.0622104339849874,-3.0227146768104927,0.04047743581718022,5.0,1.0
84,39,19.0,20.0,702,588,114,-3.0247644459811194,-3.062154208267338,True,0.03738976228621871,-3.0638848584694305,-3.059454382230485,-3.1029887727136005,-3.0622104339849874,-3.0227146768104927,0.03744598800386756,4.0,0.5
85,0,-20.0,-19.0,703,242,461,-3.0018108333248987,-3.0495506712536953,True,0.04773983792879655,-3.057345855131064,-3.036201450976433,-3.0767537989806195,-3.045445284015413,-3.0144599056271346,0.04363445069051419,5.0,1.0
85,1,-19.0,-18.0,702,464,238,-3.0925939945491616,-3.0495506712536953,True,-0.04304332329546634,-3.057345855131064,-3.036201450976433,-3.0767537989806195,-3.045445284015413,-3.0144599056271346,-0.047148710533748694,1.0,-1.0
85,2,-18.0,-17.0,703,464,239,-3.0714737337911053,-3.0495506712536953,True,-0.021923062537410054,-3.057345855131064,-3.036201450976433,-3.0767537989806195,-3.045445284015413,-3.0144599056271346,-0.026028449775692408,2.0,-0.5
85,3,-17.0,-16.0,703,492,211,-3.0186762630612134,-3.0495506712536953,True,0.030874408192481884,-3.057345855131064,-3.036201450976433,-3.0767537989806195,-3.045445284015413,-3.0144599056271346,0.02676902095419953,4.0,0.5
85,4,-16.0,-15.0,702,609,93,-3.131291055202945,-3.0495506712536953,True,-0.08174038394924965,-3.057345855131064,-3.036201450976433,-3.0767537989806195,-3.045445284015413,-3.0144599056271346,-0.085845771187532,1.0,-1.0
85,5,-15.0,-14.0,703,477,226,-3.065034653770309,-3.0495506712536953,True,-0.015483982516613537,-3.057345855131064,-3.036201450976433,-3.0767537989806195,-3.045445284015413,-3.0144599056271346,-0.01958936975489589,2.0,-0.5
85,6,-14.0,-13.0,702,435,267,-3.0386940043636113,-3.0495506712536953,True,0.010856666890084021,-3.057345855131064,-3.036201450976433,-3.0767537989806195,-3.045445284015413,-3.0144599056271346,0.006751279651801223,3.0,0.0
85,7,-13.0,-12.0,703,248,455,-3.1523440348371974,-3.0495506712536953,True,-0.1027933635835021,-3.057345855131064,-3.036201450976433,-3.0767537989806195,-3.045445284015413,-3.0144599056271346,-0.10689875082178446,1.0,-1.0
85,8,-12.0,-11.0,702,334,368,-3.0259556706184947,-3.0495506712536953,True,0.02359500063520059,-3.057345855131064,-3.036201450976433,-3.0767537989806195,-3.045445284015413,-3.0144599056271346,0.019489613396918237,4.0,0.5
85,9,-11.0,-10.0,703,437,266,-3.052196563667214,-3.0495506712536953,True,-0.002645892413518869,-3.057345855131064,-3.036201450976433,-3.0767537989806195,-3.045445284015413,-3.0144599056271346,-0.006751279651801223,3.0,0.0
85,10,-10.0,-9.0,703,562,141,-2.9576863623017107,-3.0495506712536953,True,0.09186430895198461,-3.057345855131064,-3.036201450976433,-3.0767537989806195,-3.045445284015413,-3.0144599056271346,0.08775892171370225,5.0,1.0
85,11,-9.0,-8.0,702,630,72,-3.0244874303352853,-3.0495506712536953,True,0.025063240918409946,-3.057345855131064,-3.036201450976433,-3.0767537989806195,-3.045445284015413,-3.0144599056271346,0.02095785368012759,4.0,0.5
85,12,-8.0,-7.0,703,473,230,-3.2174245510965176,-3.0495506712536953,True,-0.16787387984282232,-3.057345855131064,-3.036201450976433,-3.0767537989806195,-3.045445284015413,-3.0144599056271346,-0.17197926708110467,1.0,-1.0
85,13,-7.0,-6.0,702,581,121,-2.9757728072225698,-3.0495506712536953,True,0.07377786403112552,-3.057345855131064,-3.036201450976433,-3.0767537989806195,-3.045445284015413,-3.0144599056271346,0.06967247679284316,5.0,1.0
85,14,-6.0,-5.0,703,611,92,-3.033154996836547,-3.0495506712536953,True,0.016395674417148065,-3.057345855131064,-3.036201450976433,-3.0767537989806195,-3.045445284015413,-3.0144599056271346,0.012290287178865711,4.0,0.5
85,15,-5.0,-4.0,702,452,250,-3.068926681256859,-3.0495506712536953,True,-0.019376010003163913,-3.057345855131064,-3.036201450976433,-3.0767537989806195,-3.045445284015413,-3.0144599056271346,-0.023481397241446267,2.0,-0.5
85,16,-4.0,-3.0,703,551,152,-3.115912410486777,-3.0495506712536953,True,-0.06636173923308153,-3.057345855131064,-3.036201450976433,-3.0767537989806195,-3.045445284015413,-3.0144599056271346,-0.07046712647136388,1.0,-1.0
85,17,-3.0,-2.0,703,654,49,-3.06363943358688,-3.0495506712536953,True,-0.014088762333184679,-3.057345855131064,-3.036201450976433,-3.0767537989806195,-3.045445284015413,-3.0144599056271346,-0.018194149571467033,2.0,-0.5
85,18,-2.0,-1.0,702,262,440,-2.9487385540819884,-3.0495506712536953,True,0.1008121171717069,-3.057345855131064,-3.036201450976433,-3.0767537989806195,-3.045445284015413,-3.0144599056271346,0.09670672993342455,5.0,1.0
85,19,-1.0,0.0,703,400,303,-2.935199390682622,-3.0495506712536953,True,0.11435128057107313,-3.057345855131064,-3.036201450976433,-3.0767537989806195,-3.045445284015413,-3.0144599056271346,0.11024589333279078,5.0,1.0
85,20,0.0,1.0,702,378,324,-3.1194252442047303,-3.0495506712536953,True,-0.06987457295103505,-3.057345855131064,-3.036201450976433,-3.0767537989806195,-3.045445284015413,-3.0144599056271346,-0.0739799601893174,1.0,-1.0
85,21,1.0,2.0,703,518,185,-3.008710519568917,-3.0495506712536953,True,0.04084015168477828,-3.057345855131064,-3.036201450976433,-3.0767537989806195,-3.045445284015413,-3.0144599056271346,0.03673476444649593,5.0,1.0
85,22,2.0,3.0,702,558,144,-2.984077967279462,-3.0495506712536953,True,0.06547270397423333,-3.057345855131064,-3.036201450976433,-3.0767537989806195,-3.045445284015413,-3.0144599056271346,0.06136731673595097,5.0,1.0
85,23,3.0,4.0,703,449,254,-2.942046891408792,-3.0495506712536953,True,0.10750377984490322,-3.057345855131064,-3.036201450976433,-3.0767537989806195,-3.045445284015413,-3.0144599056271346,0.10339839260662087,5.0,1.0
85,24,4.0,5.0,702,634,68,-2.822293048921467,-3.0495506712536953,True,0.22725762233222824,-3.057345855131064,-3.036201450976433,-3.0767537989806195,-3.045445284015413,-3.0144599056271346,0.22315223509394588,5.0,1.0
85,25,5.0,6.0,703,556,147,-3.0248390995993595,-3.0495506712536953,True,0.024711571654335796,-3.057345855131064,-3.036201450976433,-3.0767537989806195,-3.045445284015413,-3.0144599056271346,0.02060618441605344,4.0,0.5
85,26,6.0,7.0,703,583,120,-2.9819803509272216,-3.0495506712536953,True,0.0675703203264737,-3.057345855131064,-3.036201450976433,-3.0767537989806195,-3.045445284015413,-3.0144599056271346,0.06346493308819134,5.0,1.0
85,27,7.0,8.0,702,362,340,-3.155325497502639,-3.0495506712536953,True,-0.10577482624894374,-3.057345855131064,-3.036201450976433,-3.0767537989806195,-3.045445284015413,-3.0144599056271346,-0.1098802134872261,1.0,-1.0
85,28,8.0,9.0,703,459,244,-3.2042207160376486,-3.0495506712536953,True,-0.1546700447839533,-3.057345855131064,-3.036201450976433,-3.0767537989806195,-3.045445284015413,-3.0144599056271346,-0.1587754320222361,1.0,-1.0
85,29,9.0,10.0,702,402,300,-3.218638232035505,-3.0495506712536953,True,-0.16908756078180964,-3.057345855131064,-3.036201450976433,-3.0767537989806195,-3.045445284015413,-3.0144599056271346,-0.173192948020092,1.0,-1.0
85,30,10.0,11.0,703,350,353,-2.976881725280653,-3.0495506712536953,True,0.0726689459730423,-3.057345855131064,-3.036201450976433,-3.0767537989806195,-3.045445284015413,-3.0144599056271346,0.06856355873475994,5.0,1.0
85,31,11.0,12.0,702,535,167,-3.212501136460979,-3.0495506712536953,True,-0.16295046520728373,-3.057345855131064,-3.036201450976433,-3.0767537989806195,-3.045445284015413,-3.0144599056271346,-0.1670558524455661,1.0,-1.0
85,32,12.0,13.0,703,669,34,-2.995647701969056,-3.0495506712536953,True,0.05390296928463911,-3.057345855131064,-3.036201450976433,-3.0767537989806195,-3.045445284015413,-3.0144599056271346,0.04979758204635676,5.0,1.0
85,33,13.0,14.0,703,443,260,-3.0423121725429443,-3.0495506712536953,True,0.007238498710750996,-3.057345855131064,-3.036201450976433,-3.0767537989806195,-3.045445284015413,-3.0144599056271346,0.0031331114724686415,3.0,0.0
85,34,14.0,15.0,702,533,169,-2.96216298966695,-3.0495506712536953,True,0.08738768158674537,-3.057345855131064,-3.036201450976433,-3.0767537989806195,-3.045445284015413,-3.0144599056271346,0.08328229434846302,5.0,1.0
85,35,15.0,16.0,703,401,302,-2.9193477846394416,-3.0495506712536953,True,0.13020288661425372,-3.057345855131064,-3.036201450976433,-3.0767537989806195,-3.045445284015413,-3.0144599056271346,0.12609749937597137,5.0,1.0
85,36,16.0,17.0,702,146,556,-2.897110571768787,-3.0495506712536953,True,0.15244009948490822,-3.057345855131064,-3.036201450976433,-3.0767537989806195,-3.045445284015413,-3.0144599056271346,0.14833471224662587,5.0,1.0
85,37,17.0,18.0,703,441,262,-3.0305505789487315,-3.0495506712536953,True,0.0190000923049638,-3.057345855131064,-3.036201450976433,-3.0767537989806195,-3.045445284015413,-3.0144599056271346,0.014894705066681446,4.0,0.5
85,38,18.0,19.0,702,434,268,-3.013667324483161,-3.0495506712536953,True,0.035883346770534175,-3.057345855131064,-3.036201450976433,-3.0767537989806195,-3.045445284015413,-3.0144599056271346,0.03177795953225182,5.0,1.0
85,39,19.0,20.0,703,372,331,-3.047831914289377,-3.0495506712536953,True,0.0017187569643182243,-3.057345855131064,-3.036201450976433,-3.0767537989806195,-3.045445284015413,-3.0144599056271346,-0.00238663027396413,3.0,0.0
86,0,-20.0,-19.0,703,474,229,-3.0315887187537607,-3.071499620021938,True,0.03991090126817731,-3.0912750711177313,-3.074320173854409,-3.1461008506347334,-3.0829901872730634,-2.995275570529394,0.05140146851930272,4.0,0.5
86,1,-19.0,-18.0,702,614,88,-2.8737078789484616,-3.071499620021938,True,0.1977917410734764,-3.0912750711177313,-3.074320173854409,-3.1461008506347334,-3.0829901872730634,-2.995275570529394,0.20928230832460182,5.0,1.0
86,2,-18.0,-17.0,703,652,51,-3.0793667285767015,-3.071499620021938,True,-0.007867108554763469,-3.0912750711177313,-3.074320173854409,-3.1461008506347334,-3.0829901872730634,-2.995275570529394,0.0036234586963623805,3.0,0.0
86,3,-17.0,-16.0,703,607,96,-2.8973658544318948,-3.071499620021938,True,0.17413376559004323,-3.0912750711177313,-3.074320173854409,-3.1461008506347334,-3.0829901872730634,-2.995275570529394,0.18562433284116864,5.0,1.0
86,4,-16.0,-15.0,702,550,152,-2.9084554111228362,-3.071499620021938,True,0.16304420889910176,-3.0912750711177313,-3.074320173854409,-3.1461008506347334,-3.0829901872730634,-2.995275570529394,0.1745347761502276,5.0,1.0
86,5,-15.0,-14.0,703,622,81,-3.0681521625271624,-3.071499620021938,True,0.0033474574947756075,-3.0912750711177313,-3.074320173854409,-3.1461008506347334,-3.0829901872730634,-2.995275570529394,0.014838024745901013,4.0,0.5
86,6,-14.0,-13.0,702,500,202,-2.9803535914891617,-3.071499620021938,True,0.09114602853277631,-3.0912750711177313,-3.074320173854409,-3.1461008506347334,-3.0829901872730634,-2.995275570529394,0.10263659578390172,5.0,1.0
86,7,-13.0,-12.0,703,428,275,-3.0002495635428046,-3.071499620021938,True,0.0712500564791334,-3.0912750711177313,-3.074320173854409,-3.1461008506347334,-3.0829901872730634,-2.995275570529394,0.08274062373025881,4.0,0.5
86,8,-12.0,-11.0,702,507,195,-2.9461300402500994,-3.071499620021938,True,0.1253695797718386,-3.0912750711177313,-3.074320173854409,-3.1461008506347334,-3.0829901872730634,-2.995275570529394,0.136860147022964,5.0,1.0
86,9,-11.0,-10.0,703,251,452,-3.247343371519589,-3.071499620021938,True,-0.1758437514976512,-3.0912750711177313,-3.074320173854409,-3.1461008506347334,-3.0829901872730634,-2.995275570529394,-0.16435318424652579,1.0,-1.0
86,10,-10.0,-9.0,702,363,339,-3.1629097906770167,-3.071499620021938,True,-0.09141017065507873,-3.0912750711177313,-3.074320173854409,-3.1461008506347334,-3.0829901872730634,-2.995275570529394,-0.07991960340395332,1.0,-1.0
86,11,-9.0,-8.0,703,472,231,-3.1101836520230046,-3.071499620021938,True,-0.038684032001066626,-3.0912750711177313,-3.074320173854409,-3.1461008506347334,-3.0829901872730634,-2.995275570529394,-0.02719346474994122,2.0,-0.5
86,12,-8.0,-7.0,703,544,159,-3.187201723078171,-3.071499620021938,True,-0.11570210305623307,-3.0912750711177313,-3.074320173854409,-3.1461008506347334,-3.0829901872730634,-2.995275570529394,-0.10421153580510767,1.0,-1.0
86,13,-7.0,-6.0,702,427,275,-3.1222399901858644,-3.071499620021938,True,-0.05074037016392641,-3.0912750711177313,-3.074320173854409,-3.1461008506347334,-3.0829901872730634,-2.995275570529394,-0.039249802912801,2.0,-0.5
86,14,-6.0,-5.0,703,418,285,-3.245803340447559,-3.071499620021938,True,-0.17430372042562103,-3.0912750711177313,-3.074320173854409,-3.1461008506347334,-3.0829901872730634,-2.995275570529394,-0.16281315317449563,1.0,-1.0
86,15,-5.0,-4.0,702,326,376,-3.140497870620639,-3.071499620021938,True,-0.06899825059870102,-3.0912750711177313,-3.074320173854409,-3.1461008506347334,-3.0829901872730634,-2.995275570529394,-0.05750768334757561,2.0,-0.5
86,16,-4.0,-3.0,703,384,319,-3.096972368521215,-3.071499620021938,True,-0.025472748499276943,-3.0912750711177313,-3.074320173854409,-3.1461008506347334,-3.0829901872730634,-2.995275570529394,-0.013982181248151537,2.0,-0.5
86,17,-3.0,-2.0,702,346,356,-3.0866136459694262,-3.071499620021938,True,-0.01511402594748823,-3.0912750711177313,-3.074320173854409,-3.1461008506347334,-3.0829901872730634,-2.995275570529394,-0.0036234586963628246,3.0,0.0
86,18,-2.0,-1.0,703,321,382,-3.013334112345809,-3.071499620021938,True,0.058165507676128936,-3.0912750711177313,-3.074320173854409,-3.1461008506347334,-3.0829901872730634,-2.995275570529394,0.06965607492725434,4.0,0.5
86,19,-1.0,0.0,703,389,314,-3.231522585407574,-3.071499620021938,True,-0.16002296538563598,-3.0912750711177313,-3.074320173854409,-3.1461008506347334,-3.0829901872730634,-2.995275570529394,-0.14853239813451058,1.0,-1.0
86,20,0.0,1.0,702,202,500,-3.1179193732312136,-3.071499620021938,True,-0.046419753209275605,-3.0912750711177313,-3.074320173854409,-3.1461008506347334,-3.0829901872730634,-2.995275570529394,-0.0349291859581502,2.0,-0.5
86,21,1.0,2.0,703,303,400,-3.315934561621196,-3.071499620021938,True,-0.24443494159925816,-3.0912750711177313,-3.074320173854409,-3.1461008506347334,-3.0829901872730634,-2.995275570529394,-0.23294437434813275,1.0,-1.0
86,22,2.0,3.0,702,464,238,-3.1519962598115394,-3.071499620021938,True,-0.08049663978960142,-3.0912750711177313,-3.074320173854409,-3.1461008506347334,-3.0829901872730634,-2.995275570529394,-0.06900607253847602,1.0,-1.0
86,23,3.0,4.0,703,481,222,-3.067509874042212,-3.071499620021938,True,0.0039897459797257895,-3.0912750711177313,-3.074320173854409,-3.1461008506347334,-3.0829901872730634,-2.995275570529394,0.015480313230851195,4.0,0.5
86,24,4.0,5.0,702,503,199,-3.2292310102082817,-3.071499620021938,True,-0.15773139018634375,-3.0912750711177313,-3.074320173854409,-3.1461008506347334,-3.0829901872730634,-2.995275570529394,-0.14624082293521834,1.0,-1.0
86,25,5.0,6.0,703,442,261,-3.108229064723596,-3.071499620021938,True,-0.036729444701657954,-3.0912750711177313,-3.074320173854409,-3.1461008506347334,-3.0829901872730634,-2.995275570529394,-0.02523887745053255,2.0,-0.5
86,26,6.0,7.0,702,556,146,-3.076815333821742,-3.071499620021938,True,-0.0053157137998041115,-3.0912750711177313,-3.074320173854409,-3.1461008506347334,-3.0829901872730634,-2.995275570529394,0.006174853451321294,3.0,0.0
86,27,7.0,8.0,703,542,161,-3.03859227490962,-3.071499620021938,True,0.032907345112318076,-3.0912750711177313,-3.074320173854409,-3.1461008506347334,-3.0829901872730634,-2.995275570529394,0.04439791236344348,4.0,0.5
86,28,8.0,9.0,703,386,317,-3.0902181362504537,-3.071499620021938,True,-0.018718516228515725,-3.0912750711177313,-3.074320173854409,-3.1461008506347334,-3.0829901872730634,-2.995275570529394,-0.007227948977390319,3.0,0.0
86,29,9.0,10.0,702,369,333,-3.086504661428308,-3.071499620021938,True,-0.015005041406369823,-3.0912750711177313,-3.074320173854409,-3.1461008506347334,-3.0829901872730634,-2.995275570529394,-0.003514474155244418,3.0,0.0
86,30,10.0,11.0,703,404,299,-3.060820544528146,-3.071499620021938,True,0.010679075493792212,-3.0912750711177313,-3.074320173854409,-3.1461008506347334,-3.0829901872730634,-2.995275570529394,0.022169642744917617,4.0,0.5
86,31,11.0,12.0,702,477,225,-3.1183628056504227,-3.071499620021938,True,-0.04686318562848468,-3.0912750711177313,-3.074320173854409,-3.1461008506347334,-3.0829901872730634,-2.995275570529394,-0.03537261837735928,2.0,-0.5
86,32,12.0,13.0,703,536,167,-3.061408226138425,-3.071499620021938,True,0.010091393883512989,-3.0912750711177313,-3.074320173854409,-3.1461008506347334,-3.0829901872730634,-2.995275570529394,0.021581961134638394,4.0,0.5
86,33,13.0,14.0,702,567,135,-3.1300872099530994,-3.071499620021938,True,-0.05858758993116142,-3.0912750711177313,-3.074320173854409,-3.1461008506347334,-3.0829901872730634,-2.995275570529394,-0.047097022680036016,2.0,-0.5
86,34,14.0,15.0,703,532,171,-3.1552315597688523,-3.071499620021938,True,-0.08373193974691429,-3.0912750711177313,-3.074320173854409,-3.1461008506347334,-3.0829901872730634,-2.995275570529394,-0.07224137249578888,1.0,-1.0
86,35,15.0,16.0,703,331,372,-2.948785206901692,-3.071499620021938,True,0.12271441312024578,-3.0912750711177313,-3.074320173854409,-3.1461008506347334,-3.0829901872730634,-2.995275570529394,0.13420498037137119,5.0,1.0
86,36,16.0,17.0,702,453,249,-3.0380324858859877,-3.071499620021938,True,0.03346713413595026,-3.0912750711177313,-3.074320173854409,-3.1461008506347334,-3.0829901872730634,-2.995275570529394,0.04495770138707522,4.0,0.5
86,37,17.0,18.0,703,537,166,-3.0826613517760695,-3.071499620021938,True,-0.011161731754131488,-3.0912750711177313,-3.074320173854409,-3.1461008506347334,-3.0829901872730634,-2.995275570529394,0.0003288354969943619,3.0,0.0
86,38,18.0,19.0,702,475,227,-2.9820705380172625,-3.071499620021938,True,0.08942908200467548,-3.0912750711177313,-3.074320173854409,-3.1461008506347334,-3.0829901872730634,-2.995275570529394,0.10091964925580088,5.0,1.0
86,39,19.0,20.0,703,320,383,-2.9196861719880287,-3.071499620021938,True,0.15181344803390928,-3.0912750711177313,-3.074320173854409,-3.1461008506347334,-3.0829901872730634,-2.995275570529394,0.1633040152850347,5.0,1.0
87,0,-20.0,-19.0,703,502,201,-3.0193844394550085,-3.0553190203313436,True,0.035934580876335165,-3.038200922176391,-3.028231703405694,-3.0879339527970298,-3.0326496375056693,-3.0060368082421123,0.013265198050660842,4.0,0.5
87,1,-19.0,-18.0,702,207,495,-3.0295493578698736,-3.0553190203313436,True,0.025769662461470055,-3.038200922176391,-3.028231703405694,-3.0879339527970298,-3.0326496375056693,-3.0060368082421123,0.003100279635795733,3.0,0.0
87,2,-18.0,-17.0,703,501,202,-2.9256642378941837,-3.0553190203313436,True,0.1296547824371599,-3.038200922176391,-3.028231703405694,-3.0879339527970298,-3.0326496375056693,-3.0060368082421123,0.10698539961148512,5.0,1.0
87,3,-17.0,-16.0,702,512,190,-2.988864912945058,-3.0553190203313436,True,0.06645410738628543,-3.038200922176391,-3.028231703405694,-3.0879339527970298,-3.0326496375056693,-3.0060368082421123,0.04378472456061111,5.0,1.0
87,4,-16.0,-15.0,703,572,131,-3.0093565112719127,-3.0553190203313436,True,0.04596250905943089,-3.038200922176391,-3.028231703405694,-3.0879339527970298,-3.0326496375056693,-3.0060368082421123,0.023293126233756567,4.0,0.5
87,5,-15.0,-14.0,703,626,77,-2.9698161722367473,-3.0553190203313436,True,0.0855028480945963,-3.038200922176391,-3.028231703405694,-3.0879339527970298,-3.0326496375056693,-3.0060368082421123,0.06283346526892153,5.0,1.0
87,6,-14.0,-13.0,702,634,68,-3.016056638657996,-3.0553190203313436,True,0.0392623816733475,-3.038200922176391,-3.028231703405694,-3.0879339527970298,-3.0326496375056693,-3.0060368082421123,0.01659299884767318,4.0,0.5
87,7,-13.0,-12.0,703,320,383,-3.189548634747625,-3.0553190203313436,True,-0.13422961441628134,-3.038200922176391,-3.028231703405694,-3.0879339527970298,-3.0326496375056693,-3.0060368082421123,-0.15689899724195566,1.0,-1.0
87,8,-12.0,-11.0,702,603,99,-3.026621236838363,-3.0553190203313436,True,0.028697783492980466,-3.038200922176391,-3.028231703405694,-3.0879339527970298,-3.0326496375056693,-3.0060368082421123,0.006028400667306144,4.0,0.5
87,9,-11.0,-10.0,703,515,188,-2.996077699152711,-3.0553190203313436,True,0.05924132117863268,-3.038200922176391,-3.028231703405694,-3.0879339527970298,-3.0326496375056693,-3.0060368082421123,0.036571938352958355,5.0,1.0
87,10,-10.0,-9.0,702,491,211,-3.1778109568248083,-3.0553190203313436,True,-0.12249193649346468,-3.038200922176391,-3.028231703405694,-3.0879339527970298,-3.0326496375056693,-3.0060368082421123,-0.145161319319139,1.0,-1.0
87,11,-9.0,-8.0,703,510,193,-3.0586718357346103,-3.0553190203313436,True,-0.003352815403266707,-3.038200922176391,-3.028231703405694,-3.0879339527970298,-3.0326496375056693,-3.0060368082421123,-0.02602219822894103,2.0,-0.5
87,12,-8.0,-7.0,703,327,376,-3.244206018135143,-3.0553190203313436,True,-0.18888699780379925,-3.038200922176391,-3.028231703405694,-3.0879339527970298,-3.0326496375056693,-3.0060368082421123,-0.21155638062947357,1.0,-1.0
87,13,-7.0,-6.0,702,325,377,-3.087526744349217,-3.0553190203313436,True,-0.03220772401787331,-3.038200922176391,-3.028231703405694,-3.0879339527970298,-3.0326496375056693,-3.0060368082421123,-0.05487710684354763,2.0,-0.5
87,14,-6.0,-5.0,703,467,236,-3.0832476916489235,-3.0553190203313436,True,-0.027928671317579923,-3.038200922176391,-3.028231703405694,-3.0879339527970298,-3.0326496375056693,-3.0060368082421123,-0.050598054143254245,2.0,-0.5
87,15,-5.0,-4.0,702,444,258,-2.9740836312879373,-3.0553190203313436,True,0.08123538904340633,-3.038200922176391,-3.028231703405694,-3.0879339527970298,-3.0326496375056693,-3.0060368082421123,0.058566006217732,5.0,1.0
87,16,-4.0,-3.0,703,426,277,-3.0357499171414655,-3.0553190203313436,True,0.019569103189878145,-3.038200922176391,-3.028231703405694,-3.0879339527970298,-3.0326496375056693,-3.0060368082421123,-0.003100279635795733,3.0,0.0
87,17,-3.0,-2.0,702,479,223,-3.1437915972979655,-3.0553190203313436,True,-0.08847257696662192,-3.038200922176391,-3.028231703405694,-3.0879339527970298,-3.0326496375056693,-3.0060368082421123,-0.1111419597922958,1.0,-1.0
87,18,-2.0,-1.0,703,498,205,-3.0891555781404674,-3.0553190203313436,True,-0.03383655780912376,-3.038200922176391,-3.028231703405694,-3.0879339527970298,-3.0326496375056693,-3.0060368082421123,-0.056505940634798524,1.0,-1.0
87,19,-1.0,0.0,702,509,193,-3.041196594996856,-3.0553190203313436,True,0.014122425334487598,-3.038200922176391,-3.028231703405694,-3.0879339527970298,-3.0326496375056693,-3.0060368082421123,-0.008546957491186724,2.0,-0.5
87,20,0.0,1.0,703,594,109,-3.056895902796057,-3.0553190203313436,True,-0.001576882464713325,-3.038200922176391,-3.028231703405694,-3.0879339527970298,-3.0326496375056693,-3.0060368082421123,-0.024246265290387647,2.0,-0.5
87,21,1.0,2.0,703,599,104,-3.035465174815948,-3.0553190203313436,True,0.019853845515395818,-3.038200922176391,-3.028231703405694,-3.0879339527970298,-3.0326496375056693,-3.0060368082421123,-0.002815537310278504,3.0,0.0
87,22,2.0,3.0,702,452,250,-3.207113796772447,-3.0553190203313436,True,-0.15179477644110317,-3.038200922176391,-3.028231703405694,-3.0879339527970298,-3.0326496375056693,-3.0060368082421123,-0.1744641592667775,1.0,-1.0
87,23,3.0,4.0,703,310,393,-3.0465098358526994,-3.0553190203313436,True,0.008809184478644205,-3.038200922176391,-3.028231703405694,-3.0879339527970298,-3.0326496375056693,-3.0060368082421123,-0.013860198347030117,2.0,-0.5
87,24,4.0,5.0,702,347,355,-3.0069398179779925,-3.0553190203313436,True,0.048379202353351136,-3.038200922176391,-3.028231703405694,-3.0879339527970298,-3.0326496375056693,-3.0060368082421123,0.025709819527676814,4.0,0.5
87,25,5.0,6.0,703,289,414,-2.9777967638994047,-3.0553190203313436,True,0.07752225643193889,-3.038200922176391,-3.028231703405694,-3.0879339527970298,-3.0326496375056693,-3.0060368082421123,0.05485287360626456,5.0,1.0
87,26,6.0,7.0,702,595,107,-3.073046446033052,-3.0553190203313436,True,-0.017727425701708377,-3.038200922176391,-3.028231703405694,-3.0879339527970298,-3.0326496375056693,-3.0060368082421123,-0.0403968085273827,2.0,-0.5
87,27,7.0,8.0,703,534,169,-3.0802831805640016,-3.0553190203313436,True,-0.024964160232658017,-3.038200922176391,-3.028231703405694,-3.0879339527970298,-3.0326496375056693,-3.0060368082421123,-0.04763354305833234,2.0,-0.5
87,28,8.0,9.0,703,499,204,-3.0896402514581576,-3.0553190203313436,True,-0.034321231126813956,-3.038200922176391,-3.028231703405694,-3.0879339527970298,-3.0326496375056693,-3.0060368082421123,-0.05699061395248828,1.0,-1.0
87,29,9.0,10.0,702,516,186,-3.108602531549782,-3.0553190203313436,True,-0.05328351121843822,-3.038200922176391,-3.028231703405694,-3.0879339527970298,-3.0326496375056693,-3.0060368082421123,-0.07595289404411254,1.0,-1.0
87,30,10.0,11.0,703,531,172,-3.0161654266751614,-3.0553190203313436,True,0.039153593656182206,-3.038200922176391,-3.028231703405694,-3.0879339527970298,-3.0326496375056693,-3.0060368082421123,0.016484210830507884,4.0,0.5
87,31,11.0,12.0,702,276,426,-3.0908146490344226,-3.0553190203313436,True,-0.035495628703078985,-3.038200922176391,-3.028231703405694,-3.0879339527970298,-3.0326496375056693,-3.0060368082421123,-0.05816501152875331,1.0,-1.0
87,32,12.0,13.0,703,459,244,-3.117637594797486,-3.0553190203313436,True,-0.06231857446614253,-3.038200922176391,-3.028231703405694,-3.0879339527970298,-3.0326496375056693,-3.0060368082421123,-0.08498795729181685,1.0,-1.0
87,33,13.0,14.0,702,549,153,-3.129002722765451,-3.0553190203313436,True,-0.07368370243410727,-3.038200922176391,-3.028231703405694,-3.0879339527970298,-3.0326496375056693,-3.0060368082421123,-0.09635308525978159,1.0,-1.0
87,34,14.0,15.0,703,519,184,-3.0160369473144266,-3.0553190203313436,True,0.039282073016916996,-3.038200922176391,-3.028231703405694,-3.0879339527970298,-3.0326496375056693,-3.0060368082421123,0.016612690191242674,4.0,0.5
87,35,15.0,16.0,702,567,135,-3.0051417920511727,-3.0553190203313436,True,0.050177228280170905,-3.038200922176391,-3.028231703405694,-3.0879339527970298,-3.0326496375056693,-3.0060368082421123,0.027507845454496582,5.0,1.0
87,36,16.0,17.0,703,658,45,-3.016516989953564,-3.0553190203313436,True,0.038802030377779406,-3.038200922176391,-3.028231703405694,-3.0879339527970298,-3.0326496375056693,-3.0060368082421123,0.016132647552105084,4.0,0.5
87,37,17.0,18.0,703,565,138,-3.114504742445014,-3.0553190203313436,True,-0.05918572211367046,-3.038200922176391,-3.028231703405694,-3.0879339527970298,-3.0326496375056693,-3.0060368082421123,-0.08185510493934478,1.0,-1.0
87,38,18.0,19.0,702,517,185,-3.1329726464242054,-3.0553190203313436,True,-0.07765362609286175,-3.038200922176391,-3.028231703405694,-3.0879339527970298,-3.0326496375056693,-3.0060368082421123,-0.10032300891853607,1.0,-1.0
87,39,19.0,20.0,703,539,164,-3.0714431804700872,-3.0553190203313436,True,-0.016124160138743626,-3.038200922176391,-3.028231703405694,-3.0879339527970298,-3.0326496375056693,-3.0060368082421123,-0.03879354296441795,2.0,-0.5
88,0,-20.0,-19.0,703,604,99,-3.1973414258360275,-2.9639837692849054,True,-0.23335765655112217,-2.967035699269503,-2.9474237419484237,-3.0004330139666133,-2.9586376243286723,-2.8723712626164777,-0.23870380150735526,1.0,-1.0
88,1,-19.0,-18.0,702,364,338,-3.1367799168421864,-2.9639837692849054,True,-0.172796147557281,-2.967035699269503,-2.9474237419484237,-3.0004330139666133,-2.9586376243286723,-2.8723712626164777,-0.1781422925135141,1.0,-1.0
88,2,-18.0,-17.0,703,589,114,-3.020674870381738,-2.9639837692849054,True,-0.05669110109683251,-2.967035699269503,-2.9474237419484237,-3.0004330139666133,-2.9586376243286723,-2.8723712626164777,-0.0620372460530656,1.0,-1.0
88,3,-17.0,-16.0,703,651,52,-2.863436016502398,-2.9639837692849054,True,0.10054775278250716,-2.967035699269503,-2.9474237419484237,-3.0004330139666133,-2.9586376243286723,-2.8723712626164777,0.09520160782627407,5.0,1.0
88,4,-16.0,-15.0,702,614,88,-2.900568576024292,-2.9639837692849054,True,0.06341519326061329,-2.967035699269503,-2.9474237419484237,-3.0004330139666133,-2.9586376243286723,-2.8723712626164777,0.0580690483043802,4.0,0.5
88,5,-15.0,-14.0,703,600,103,-2.8495723974143665,-2.9639837692849054,True,0.11441137187053885,-2.967035699269503,-2.9474237419484237,-3.0004330139666133,-2.9586376243286723,-2.8723712626164777,0.10906522691430576,5.0,1.0
88,6,-14.0,-13.0,702,331,371,-3.185416418749103,-2.9639837692849054,True,-0.2214326494641976,-2.967035699269503,-2.9474237419484237,-3.0004330139666133,-2.9586376243286723,-2.8723712626164777,-0.2267787944204307,1.0,-1.0
88,7,-13.0,-12.0,703,608,95,-2.925311250862395,-2.9639837692849054,True,0.038672518422510294,-2.967035699269503,-2.9474237419484237,-3.0004330139666133,-2.9586376243286723,-2.8723712626164777,0.033326373466277204,4.0,0.5
88,8,-12.0,-11.0,702,543,159,-2.953951950991845,-2.9639837692849054,True,0.010031818293060546,-2.967035699269503,-2.9474237419484237,-3.0004330139666133,-2.9586376243286723,-2.8723712626164777,0.004685673336827456,3.0,0.0
88,9,-11.0,-10.0,703,642,61,-2.8753496779878374,-2.9639837692849054,True,0.08863409129706801,-2.967035699269503,-2.9474237419484237,-3.0004330139666133,-2.9586376243286723,-2.8723712626164777,0.08328794634083492,4.0,0.5
88,10,-10.0,-9.0,702,542,160,-2.7406260016368984,-2.9639837692849054,True,0.22335776764800697,-2.967035699269503,-2.9474237419484237,-3.0004330139666133,-2.9586376243286723,-2.8723712626164777,0.21801162269177388,5.0,1.0
88,11,-9.0,-8.0,703,435,268,-2.8246097883286057,-2.9639837692849054,True,0.13937398095629971,-2.967035699269503,-2.9474237419484237,-3.0004330139666133,-2.9586376243286723,-2.8723712626164777,0.13402783600006662,5.0,1.0
88,12,-8.0,-7.0,703,498,205,-3.1322394885287204,-2.9639837692849054,True,-0.168255719243815,-2.967035699269503,-2.9474237419484237,-3.0004330139666133,-2.9586376243286723,-2.8723712626164777,-0.17360186420004808,1.0,-1.0
88,13,-7.0,-6.0,702,643,59,-2.8482007428835705,-2.9639837692849054,True,0.11578302640133487,-2.967035699269503,-2.9474237419484237,-3.0004330139666133,-2.9586376243286723,-2.8723712626164777,0.11043688144510178,5.0,1.0
88,14,-6.0,-5.0,703,625,78,-2.976318206372794,-2.9639837692849054,True,-0.012334437087888617,-2.967035699269503,-2.9474237419484237,-3.0004330139666133,-2.9586376243286723,-2.8723712626164777,-0.017680582044121707,2.0,-0.5
88,15,-5.0,-4.0,702,395,307,-2.9715730790077286,-2.9639837692849054,True,-0.007589309722823234,-2.967035699269503,-2.9474237419484237,-3.0004330139666133,-2.9586376243286723,-2.8723712626164777,-0.012935454679056324,2.0,-0.5
88,16,-4.0,-3.0,703,515,188,-2.981251731402959,-2.9639837692849054,True,-0.017267962118053592,-2.967035699269503,-2.9474237419484237,-3.0004330139666133,-2.9586376243286723,-2.8723712626164777,-0.022614107074286682,2.0,-0.5
88,17,-3.0,-2.0,702,478,224,-2.9394448197842427,-2.9639837692849054,True,0.02453894950066271,-2.967035699269503,-2.9474237419484237,-3.0004330139666133,-2.9586376243286723,-2.8723712626164777,0.01919280454442962,4.0,0.5
88,18,-2.0,-1.0,703,690,13,-2.9936857284949046,-2.9639837692849054,True,-0.029701959209999185,-2.967035699269503,-2.9474237419484237,-3.0004330139666133,-2.9586376243286723,-2.8723712626164777,-0.03504810416623272,2.0,-0.5
88,19,-1.0,0.0,703,580,123,-2.9633232976654993,-2.9639837692849054,True,0.0006604716194060778,-2.967035699269503,-2.9474237419484237,-3.0004330139666133,-2.9586376243286723,-2.8723712626164777,-0.004685673336827456,3.0,0.0
88,20,0.0,1.0,702,651,51,-2.797092222694092,-2.9639837692849054,True,0.16689154659081318,-2.967035699269503,-2.9474237419484237,-3.0004330139666133,-2.9586376243286723,-2.8723712626164777,0.1615454016345801,5.0,1.0
88,21,1.0,2.0,703,591,112,-2.8269247526282686,-2.9639837692849054,True,0.13705901665663678,-2.967035699269503,-2.9474237419484237,-3.0004330139666133,-2.9586376243286723,-2.8723712626164777,0.1317128717004037,5.0,1.0
88,22,2.0,3.0,702,349,353,-3.1124733458096934,-2.9639837692849054,True,-0.148489576524788,-2.967035699269503,-2.9474237419484237,-3.0004330139666133,-2.9586376243286723,-2.8723712626164777,-0.1538357214810211,1.0,-1.0
88,23,3.0,4.0,703,489,214,-2.8455851244535677,-2.9639837692849054,True,0.11839864483133766,-2.967035699269503,-2.9474237419484237,-3.0004330139666133,-2.9586376243286723,-2.8723712626164777,0.11305249987510413,5.0,1.0
88,24,4.0,5.0,702,623,79,-2.9405837912395847,-2.9639837692849054,True,0.02339997804532068,-2.967035699269503,-2.9474237419484237,-3.0004330139666133,-2.9586376243286723,-2.8723712626164777,0.01805383308908759,4.0,0.5
88,25,5.0,6.0,703,436,267,-2.831551391728219,-2.9639837692849054,True,0.13243237755668646,-2.967035699269503,-2.9474237419484237,-3.0004330139666133,-2.9586376243286723,-2.8723712626164777,0.12708623260045337,5.0,1.0
88,26,6.0,7.0,703,535,168,-2.889240117773575,-2.9639837692849054,True,0.07474365151133044,-2.967035699269503,-2.9474237419484237,-3.0004330139666133,-2.9586376243286723,-2.8723712626164777,0.06939750655509735,4.0,0.5
88,27,7.0,8.0,702,486,216,-2.982802913042215,-2.9639837692849054,True,-0.018819143757309753,-2.967035699269503,-2.9474237419484237,-3.0004330139666133,-2.9586376243286723,-2.8723712626164777,-0.024165288713542843,2.0,-0.5
88,28,8.0,9.0,703,332,371,-2.9678425114189366,-2.9639837692849054,True,-0.0038587421340312567,-2.967035699269503,-2.9474237419484237,-3.0004330139666133,-2.9586376243286723,-2.8723712626164777,-0.009204887090264346,2.0,-0.5
88,29,9.0,10.0,702,503,199,-3.0002015169876985,-2.9639837692849054,True,-0.03621774770279318,-2.967035699269503,-2.9474237419484237,-3.0004330139666133,-2.9586376243286723,-2.8723712626164777,-0.04156389265902627,2.0,-0.5
88,30,10.0,11.0,703,519,184,-3.0355141295558195,-2.9639837692849054,True,-0.07153036027091408,-2.967035699269503,-2.9474237419484237,-3.0004330139666133,-2.9586376243286723,-2.8723712626164777,-0.07687650522714717,1.0,-1.0
88,31,11.0,12.0,702,509,193,-2.995677495050032,-2.9639837692849054,True,-0.03169372576512641,-2.967035699269503,-2.9474237419484237,-3.0004330139666133,-2.9586376243286723,-2.8723712626164777,-0.0370398707213595,2.0,-0.5
88,32,12.0,13.0,703,527,176,-2.858712448707631,-2.9639837692849054,True,0.10527132057727417,-2.967035699269503,-2.9474237419484237,-3.0004330139666133,-2.9586376243286723,-2.8723712626164777,0.09992517562104108,5.0,1.0
88,33,13.0,14.0,702,583,119,-3.062173194901625,-2.9639837692849054,True,-0.09818942561671973,-2.967035699269503,-2.9474237419484237,-3.0004330139666133,-2.9586376243286723,-2.8723712626164777,-0.10353557057295282,1.0,-1.0
88,34,14.0,15.0,703,525,178,-2.9481275409035756,-2.9639837692849054,True,0.015856228381329718,-2.967035699269503,-2.9474237419484237,-3.0004330139666133,-2.9586376243286723,-2.8723712626164777,0.010510083425096184,3.0,0.0
88,35,15.0,16.0,703,535,168,-2.866189643550535,-2.9639837692849054,True,0.09779412573437041,-2.967035699269503,-2.9474237419484237,-3.0004330139666133,-2.9586376243286723,-2.8723712626164777,0.09244798077813732,5.0,1.0
88,36,16.0,17.0,702,615,87,-2.732406695304148,-2.9639837692849054,True,0.23157707398075722,-2.967035699269503,-2.9474237419484237,-3.0004330139666133,-2.9586376243286723,-2.8723712626164777,0.22623092902452413,5.0,1.0
88,37,17.0,18.0,703,137,566,-3.0839058804181416,-2.9639837692849054,True,-0.11992211113323625,-2.967035699269503,-2.9474237419484237,-3.0004330139666133,-2.9586376243286723,-2.8723712626164777,-0.12526825608946934,1.0,-1.0
88,38,18.0,19.0,702,457,245,-2.803545549319112,-2.9639837692849054,True,0.16043821996579322,-2.967035699269503,-2.9474237419484237,-3.0004330139666133,-2.9586376243286723,-2.8723712626164777,0.15509207500956013,5.0,1.0
88,39,19.0,20.0,703,515,188,-2.936396204949346,-2.9639837692849054,True,0.0275875643355592,-2.967035699269503,-2.9474237419484237,-3.0004330139666133,-2.9586376243286723,-2.8723712626164777,0.02224141937932611,4.0,0.5
89,0,-20.0,-19.0,703,456,247,-3.1145751148575958,-3.0519743262310564,True,-0.0626007886265394,-3.049567759705762,-3.0398576286702688,-3.09200145220325,-3.044618955524874,-3.0120682199384277,-0.06995615933272203,1.0,-1.0
89,1,-19.0,-18.0,702,488,214,-3.1180158931083275,-3.0519743262310564,True,-0.06604156687727114,-3.049567759705762,-3.0398576286702688,-3.09200145220325,-3.044618955524874,-3.0120682199384277,-0.07339693758345334,1.0,-1.0
89,2,-18.0,-17.0,703,294,409,-3.2008590479711714,-3.0519743262310564,True,-0.14888472174011502,-3.049567759705762,-3.0398576286702688,-3.09200145220325,-3.044618955524874,-3.0120682199384277,-0.15624009244629722,1.0,-1.0
89,3,-17.0,-16.0,702,400,302,-2.9450469363159026,-3.0519743262310564,True,0.10692738991515371,-3.049567759705762,-3.0398576286702688,-3.09200145220325,-3.044618955524874,-3.0120682199384277,0.09957201920897196,5.0,1.0
89,4,-16.0,-15.0,703,570,133,-2.9932609448557614,-3.0519743262310564,True,0.058713381375294915,-3.049567759705762,-3.0398576286702688,-3.09200145220325,-3.044618955524874,-3.0120682199384277,0.05135801066911316,5.0,1.0
89,5,-15.0,-14.0,702,601,101,-3.0404181488310327,-3.0519743262310564,True,0.011556177400023682,-3.049567759705762,-3.0398576286702688,-3.09200145220325,-3.044618955524874,-3.0120682199384277,0.004200806693841486,3.0,0.0
89,6,-14.0,-13.0,703,499,204,-2.9930061355005804,-3.0519743262310564,True,0.05896819073047599,-3.049567759705762,-3.0398576286702688,-3.09200145220325,-3.044618955524874,-3.0120682199384277,0.05161282002429379,5.0,1.0
89,7,-13.0,-12.0,702,638,64,-3.0301983209019214,-3.0519743262310564,True,0.02177600532913493,-3.049567759705762,-3.0398576286702688,-3.09200145220325,-3.044618955524874,-3.0120682199384277,0.014420634622953177,4.0,0.5
89,8,-12.0,-11.0,703,497,206,-3.0391725484737795,-3.0519743262310564,True,0.012801777757276867,-3.049567759705762,-3.0398576286702688,-3.09200145220325,-3.044618955524874,-3.0120682199384277,0.0054464070510946705,4.0,0.5
89,9,-11.0,-10.0,703,569,134,-3.0598146751441875,-3.0519743262310564,True,-0.007840348913131123,-3.049567759705762,-3.0398576286702688,-3.09200145220325,-3.044618955524874,-3.0120682199384277,-0.01519571961931332,2.0,-0.5
89,10,-10.0,-9.0,702,470,232,-3.048819762218716,-3.0519743262310564,True,0.0031545640123402663,-3.049567759705762,-3.0398576286702688,-3.09200145220325,-3.044618955524874,-3.0120682199384277,-0.00420080669384193,3.0,0.0
89,11,-9.0,-8.0,703,478,225,-3.1023358653821123,-3.0519743262310564,True,-0.0503615391510559,-3.049567759705762,-3.0398576286702688,-3.09200145220325,-3.044618955524874,-3.0120682199384277,-0.0577169098572381,1.0,-1.0
89,12,-8.0,-7.0,702,491,211,-3.088556647810296,-3.0519743262310564,True,-0.036582321579239796,-3.049567759705762,-3.0398576286702688,-3.09200145220325,-3.044618955524874,-3.0120682199384277,-0.04393769228542199,2.0,-0.5
89,13,-7.0,-6.0,703,466,237,-3.0183373116326497,-3.0519743262310564,True,0.03363701459840662,-3.049567759705762,-3.0398576286702688,-3.09200145220325,-3.044618955524874,-3.0120682199384277,0.026281643892224427,4.0,0.5
89,14,-6.0,-5.0,702,319,383,-3.1941649603699793,-3.0519743262310564,True,-0.14219063413892297,-3.049567759705762,-3.0398576286702688,-3.09200145220325,-3.044618955524874,-3.0120682199384277,-0.1495460048451056,1.0,-1.0
89,15,-5.0,-4.0,703,355,348,-3.0504819788565958,-3.0519743262310564,True,0.0014923473744605786,-3.049567759705762,-3.0398576286702688,-3.09200145220325,-3.044618955524874,-3.0120682199384277,-0.0058630233317220615,2.0,-0.5
89,16,-4.0,-3.0,703,604,99,-3.051718490834257,-3.0519743262310564,True,0.0002558353967994087,-3.049567759705762,-3.0398576286702688,-3.09200145220325,-3.044618955524874,-3.0120682199384277,-0.007099535309382787,2.0,-0.5
89,17,-3.0,-2.0,702,618,84,-3.0310690067846022,-3.0519743262310564,True,0.02090531944645413,-3.049567759705762,-3.0398576286702688,-3.09200145220325,-3.044618955524874,-3.0120682199384277,0.013549948740271933,4.0,0.5
89,18,-2.0,-1.0,703,401,302,-2.9593416724323283,-3.0519743262310564,True,0.09263265379872809,-3.049567759705762,-3.0398576286702688,-3.09200145220325,-3.044618955524874,-3.0120682199384277,0.0852772830925459,5.0,1.0
89,19,-1.0,0.0,702,425,277,-2.960293062339323,-3.0519743262310564,True,0.09168126389173326,-3.049567759705762,-3.0398576286702688,-3.09200145220325,-3.044618955524874,-3.0120682199384277,0.08432589318555106,5.0,1.0
89,20,0.0,1.0,703,440,263,-3.124132626449194,-3.0519743262310564,True,-0.07215830021813785,-3.049567759705762,-3.0398576286702688,-3.09200145220325,-3.044618955524874,-3.0120682199384277,-0.07951367092432005,1.0,-1.0
89,21,1.0,2.0,702,344,358,-2.9582401837499925,-3.0519743262310564,True,0.09373414248106382,-3.049567759705762,-3.0398576286702688,-3.09200145220325,-3.044618955524874,-3.0120682199384277,0.08637877177488162,5.0,1.0
89,22,2.0,3.0,703,429,274,-2.8551363411964723,-3.0519743262310564,True,0.19683798503458405,-3.049567759705762,-3.0398576286702688,-3.09200145220325,-3.044618955524874,-3.0120682199384277,0.18948261432840185,5.0,1.0
89,23,3.0,4.0,702,490,212,-2.863187944017404,-3.0519743262310564,True,0.18878638221365218,-3.049567759705762,-3.0398576286702688,-3.09200145220325,-3.044618955524874,-3.0120682199384277,0.18143101150746999,5.0,1.0
89,24,4.0,5.0,703,193,510,-3.1650329289774684,-3.0519743262310564,True,-0.113058602746412,-3.049567759705762,-3.0398576286702688,-3.09200145220325,-3.044618955524874,-3.0120682199384277,-0.12041397345259419,1.0,-1.0
89,25,5.0,6.0,703,260,443,-2.7834050574086255,-3.0519743262310564,True,0.2685692688224308,-3.049567759705762,-3.0398576286702688,-3.09200145220325,-3.044618955524874,-3.0120682199384277,0.26121389811624907,5.0,1.0
89,26,6.0,7.0,702,333,369,-2.7691716543470886,-3.0519743262310564,True,0.2828026718839678,-3.049567759705762,-3.0398576286702688,-3.09200145220325,-3.044618955524874,-3.0120682199384277,0.27544730117778515,5.0,1.0
89,27,7.0,8.0,703,431,272,-2.7048833872377,-3.0519743262310564,True,0.3470909389933565,-3.049567759705762,-3.0398576286702688,-3.09200145220325,-3.044618955524874,-3.0120682199384277,0.3397355682871743,5.0,1.0
89,28,8.0,9.0,702,429,273,-3.1755726604834544,-3.0519743262310564,True,-0.12359833425239808,-3.049567759705762,-3.0398576286702688,-3.09200145220325,-3.044618955524874,-3.0120682199384277,-0.13095370495858027,1.0,-1.0
89,29,9.0,10.0,703,329,374,-2.801747232816769,-3.0519743262310564,True,0.25022709341428717,-3.049567759705762,-3.0398576286702688,-3.09200145220325,-3.044618955524874,-3.0120682199384277,0.24287172270810498,5.0,1.0
89,30,10.0,11.0,702,414,288,-3.002508414522627,-3.0519743262310564,True,0.04946591170842929,-3.049567759705762,-3.0398576286702688,-3.09200145220325,-3.044618955524874,-3.0120682199384277,0.04211054100224709,5.0,1.0
89,31,11.0,12.0,703,252,451,-3.1193976140121267,-3.0519743262310564,True,-0.06742328778107032,-3.049567759705762,-3.0398576286702688,-3.09200145220325,-3.044618955524874,-3.0120682199384277,-0.07477865848725251,1.0,-1.0
89,32,12.0,13.0,703,241,462,-2.853946730940575,-3.0519743262310564,True,0.19802759529048153,-3.049567759705762,-3.0398576286702688,-3.09200145220325,-3.044618955524874,-3.0120682199384277,0.19067222458429933,5.0,1.0
89,33,13.0,14.0,702,374,328,-3.1226959802913474,-3.0519743262310564,True,-0.07072165406029107,-3.049567759705762,-3.0398576286702688,-3.09200145220325,-3.044618955524874,-3.0120682199384277,-0.07807702476647327,1.0,-1.0
89,34,14.0,15.0,703,300,403,-3.063243986901026,-3.0519743262310564,True,-0.011269660669969817,-3.049567759705762,-3.0398576286702688,-3.09200145220325,-3.044618955524874,-3.0120682199384277,-0.018625031376152013,2.0,-0.5
89,35,15.0,16.0,702,494,208,-3.0983197954124466,-3.0519743262310564,True,-0.046345469181390264,-3.049567759705762,-3.0398576286702688,-3.09200145220325,-3.044618955524874,-3.0120682199384277,-0.05370083988757246,1.0,-1.0
89,36,16.0,17.0,703,327,376,-2.9497331576014076,-3.0519743262310564,True,0.10224116862964872,-3.049567759705762,-3.0398576286702688,-3.09200145220325,-3.044618955524874,-3.0120682199384277,0.09488579792346608,5.0,1.0
89,37,17.0,18.0,702,494,208,-3.280554075377829,-3.0519743262310564,True,-0.22857974914677248,-3.049567759705762,-3.0398576286702688,-3.09200145220325,-3.044618955524874,-3.0120682199384277,-0.23593511985295468,1.0,-1.0
89,38,18.0,19.0,703,236,467,-3.019150325361843,-3.0519743262310564,True,0.03282400086921333,-3.049567759705762,-3.0398576286702688,-3.09200145220325,-3.044618955524874,-3.0120682199384277,0.025468630163031136,4.0,0.5
89,39,19.0,20.0,703,350,353,-3.1332621317571347,-3.0519743262310564,True,-0.0812878055260784,-3.049567759705762,-3.0398576286702688,-3.09200145220325,-3.044618955524874,-3.0120682199384277,-0.08864317623226059,1.0,-1.0
90,0,-20.0,-19.0,703,358,345,-2.9743172424407214,-2.936906092218927,True,-0.0374111502217942,-2.9696976137732407,-2.955251114048143,-3.0448279447429965,-2.9658673797054105,-2.8448668877126178,-0.008449862735310898,2.0,-0.5
90,1,-19.0,-18.0,702,355,347,-3.118654272250583,-2.936906092218927,True,-0.1817481800316556,-2.9696976137732407,-2.955251114048143,-3.0448279447429965,-2.9658673797054105,-2.8448668877126178,-0.1527868925451723,1.0,-1.0
90,2,-18.0,-17.0,703,429,274,-2.9423374467713503,-2.936906092218927,True,-0.005431354552423162,-2.9696976137732407,-2.955251114048143,-3.0448279447429965,-2.9658673797054105,-2.8448668877126178,0.023529932934060138,4.0,0.5
90,3,-17.0,-16.0,702,445,257,-2.8559140342845217,-2.936906092218927,True,0.08099205793440545,-2.9696976137732407,-2.955251114048143,-3.0448279447429965,-2.9658673797054105,-2.8448668877126178,0.10995334542088875,4.0,0.5
90,4,-16.0,-15.0,703,369,334,-3.0986991138540643,-2.936906092218927,True,-0.1617930216351371,-2.9696976137732407,-2.955251114048143,-3.0448279447429965,-2.9658673797054105,-2.8448668877126178,-0.1328317341486538,1.0,-1.0
90,5,-15.0,-14.0,702,529,173,-2.852303898281184,-2.936906092218927,True,0.08460219393774304,-2.9696976137732407,-2.955251114048143,-3.0448279447429965,-2.9658673797054105,-2.8448668877126178,0.11356348142422634,4.0,0.5
90,6,-14.0,-13.0,703,428,275,-2.7637538765635936,-2.936906092218927,True,0.17315221565533356,-2.9696976137732407,-2.955251114048143,-3.0448279447429965,-2.9658673797054105,-2.8448668877126178,0.20211350314181686,5.0,1.0
90,7,-13.0,-12.0,702,565,137,-3.0058988010234677,-2.936906092218927,True,-0.06899270880454056,-2.9696976137732407,-2.955251114048143,-3.0448279447429965,-2.9658673797054105,-2.8448668877126178,-0.0400314213180577,2.0,-0.5
90,8,-12.0,-11.0,703,669,34,-2.9219854327494934,-2.936906092218927,True,0.014920659469433772,-2.9696976137732407,-2.955251114048143,-3.0448279447429965,-2.9658673797054105,-2.8448668877126178,0.04388194695591707,4.0,0.5
90,9,-11.0,-10.0,703,589,114,-2.965816841820064,-2.936906092218927,True,-0.02891074960113693,-2.9696976137732407,-2.955251114048143,-3.0448279447429965,-2.9658673797054105,-2.8448668877126178,5.053788534636894e-05,3.0,0.0
90,10,-10.0,-9.0,702,560,142,-2.8225558560069195,-2.936906092218927,True,0.11435023621200768,-2.9696976137732407,-2.955251114048143,-3.0448279447429965,-2.9658673797054105,-2.8448668877126178,0.14331152369849098,5.0,1.0
90,11,-9.0,-8.0,703,442,261,-3.091037847742402,-2.936906092218927,True,-0.1541317555234749,-2.9696976137732407,-2.955251114048143,-3.0448279447429965,-2.9658673797054105,-2.8448668877126178,-0.1251704680369916,1.0,-1.0
90,12,-8.0,-7.0,702,658,44,-3.064300076842778,-2.936906092218927,True,-0.127393984623851,-2.9696976137732407,-2.955251114048143,-3.0448279447429965,-2.9658673797054105,-2.8448668877126178,-0.09843269713736769,1.0,-1.0
90,13,-7.0,-6.0,703,612,91,-3.038337234043069,-2.936906092218927,True,-0.10143114182414203,-2.9696976137732407,-2.955251114048143,-3.0448279447429965,-2.9658673797054105,-2.8448668877126178,-0.07246985433765873,2.0,-0.5
90,14,-6.0,-5.0,702,512,190,-2.989209590899903,-2.936906092218927,True,-0.052303498680975835,-2.9696976137732407,-2.955251114048143,-3.0448279447429965,-2.9658673797054105,-2.8448668877126178,-0.023342211194492535,2.0,-0.5
90,15,-5.0,-4.0,703,289,414,-2.7459573079650745,-2.936906092218927,True,0.19094878425385264,-2.9696976137732407,-2.955251114048143,-3.0448279447429965,-2.9658673797054105,-2.8448668877126178,0.21991007174033594,5.0,1.0
90,16,-4.0,-3.0,703,460,243,-3.0996741818931146,-2.936906092218927,True,-0.16276808967418743,-2.9696976137732407,-2.955251114048143,-3.0448279447429965,-2.9658673797054105,-2.8448668877126178,-0.13380680218770413,1.0,-1.0
90,17,-3.0,-2.0,702,685,17,-2.735653997384509,-2.936906092218927,True,0.2012520948344183,-2.9696976137732407,-2.955251114048143,-3.0448279447429965,-2.9658673797054105,-2.8448668877126178,0.2302133823209016,5.0,1.0
90,18,-2.0,-1.0,703,438,265,-2.6857968739709723,-2.936906092218927,True,0.25110921824795485,-2.9696976137732407,-2.955251114048143,-3.0448279447429965,-2.9658673797054105,-2.8448668877126178,0.28007050573443815,5.0,1.0
90,19,-1.0,0.0,702,245,457,-2.9659179175907564,-2.936906092218927,True,-0.029011825371829225,-2.9696976137732407,-2.955251114048143,-3.0448279447429965,-2.9658673797054105,-2.8448668877126178,-5.053788534592485e-05,3.0,0.0
90,20,0.0,1.0,703,454,249,-3.2121615623537525,-2.936906092218927,True,-0.2752554701348253,-2.9696976137732407,-2.955251114048143,-3.0448279447429965,-2.9658673797054105,-2.8448668877126178,-0.24629418264834202,1.0,-1.0
90,21,1.0,2.0,702,392,310,-3.1862126361580927,-2.936906092218927,True,-0.24930654393916551,-2.9696976137732407,-2.955251114048143,-3.0448279447429965,-2.9658673797054105,-2.8448668877126178,-0.22034525645268221,1.0,-1.0
90,22,2.0,3.0,703,413,290,-2.9204200572804635,-2.936906092218927,True,0.01648603493846368,-2.9696976137732407,-2.955251114048143,-3.0448279447429965,-2.9658673797054105,-2.8448668877126178,0.04544732242494698,4.0,0.5
90,23,3.0,4.0,703,522,181,-2.972847008452738,-2.936906092218927,True,-0.03594091623381068,-2.9696976137732407,-2.955251114048143,-3.0448279447429965,-2.9658673797054105,-2.8448668877126178,-0.006979628747327382,2.0,-0.5
90,24,4.0,5.0,702,509,193,-3.125131270986991,-2.936906092218927,True,-0.188225178768064,-2.9696976137732407,-2.955251114048143,-3.0448279447429965,-2.9658673797054105,-2.8448668877126178,-0.1592638912815807,1.0,-1.0
90,25,5.0,6.0,703,518,185,-2.9870239418244218,-2.936906092218927,True,-0.05011784960549459,-2.9696976137732407,-2.955251114048143,-3.0448279447429965,-2.9658673797054105,-2.8448668877126178,-0.02115656211901129,2.0,-0.5
90,26,6.0,7.0,702,585,117,-2.8921864780765203,-2.936906092218927,True,0.04471961414240688,-2.9696976137732407,-2.955251114048143,-3.0448279447429965,-2.9658673797054105,-2.8448668877126178,0.07368090162889018,4.0,0.5
90,27,7.0,8.0,703,348,355,-3.155793182767389,-2.936906092218927,True,-0.21888709054846167,-2.9696976137732407,-2.955251114048143,-3.0448279447429965,-2.9658673797054105,-2.8448668877126178,-0.18992580306197837,1.0,-1.0
90,28,8.0,9.0,702,522,180,-3.027424298902016,-2.936906092218927,True,-0.09051820668308874,-2.9696976137732407,-2.955251114048143,-3.0448279447429965,-2.9658673797054105,-2.8448668877126178,-0.06155691919660544,2.0,-0.5
90,29,9.0,10.0,703,218,485,-3.0492062707766974,-2.936906092218927,True,-0.11230017855777019,-2.9696976137732407,-2.955251114048143,-3.0448279447429965,-2.9658673797054105,-2.8448668877126178,-0.08333889107128689,1.0,-1.0
90,30,10.0,11.0,702,492,210,-2.8653312710789383,-2.936906092218927,True,0.07157482113998892,-2.9696976137732407,-2.955251114048143,-3.0448279447429965,-2.9658673797054105,-2.8448668877126178,0.10053610862647222,4.0,0.5
90,31,11.0,12.0,703,492,211,-2.8178914729369726,-2.936906092218927,True,0.11901461928195456,-2.9696976137732407,-2.955251114048143,-3.0448279447429965,-2.9658673797054105,-2.8448668877126178,0.14797590676843786,5.0,1.0
90,32,12.0,13.0,703,372,331,-3.10188813478323,-2.936906092218927,True,-0.16498204256430293,-2.9696976137732407,-2.955251114048143,-3.0448279447429965,-2.9658673797054105,-2.8448668877126178,-0.13602075507781963,1.0,-1.0
90,33,13.0,14.0,702,299,403,-3.1523779893925084,-2.936906092218927,True,-0.21547189717358117,-2.9696976137732407,-2.955251114048143,-3.0448279447429965,-2.9658673797054105,-2.8448668877126178,-0.18651060968709787,1.0,-1.0
90,34,14.0,15.0,703,324,379,-3.18301309213139,-2.936906092218927,True,-0.24610699991246276,-2.9696976137732407,-2.955251114048143,-3.0448279447429965,-2.9658673797054105,-2.8448668877126178,-0.21714571242597946,1.0,-1.0
90,35,15.0,16.0,702,321,381,-3.176905718067257,-2.936906092218927,True,-0.23999962584832968,-2.9696976137732407,-2.955251114048143,-3.0448279447429965,-2.9658673797054105,-2.8448668877126178,-0.21103833836184638,1.0,-1.0
90,36,16.0,17.0,703,253,450,-3.2654313887047213,-2.936906092218927,True,-0.3285252964857941,-2.9696976137732407,-2.955251114048143,-3.0448279447429965,-2.9658673797054105,-2.8448668877126178,-0.2995640089993108,1.0,-1.0
90,37,17.0,18.0,702,382,320,-3.0910832798091077,-2.936906092218927,True,-0.1541771875901805,-2.9696976137732407,-2.955251114048143,-3.0448279447429965,-2.9658673797054105,-2.8448668877126178,-0.12521590010369765,1.0,-1.0
90,38,18.0,19.0,703,45,658,-3.0650799350242632,-2.936906092218927,True,-0.12817384280533606,-2.9696976137732407,-2.955251114048143,-3.0448279447429965,-2.9658673797054105,-2.8448668877126178,-0.09921255531885276,1.0,-1.0
90,39,19.0,20.0,703,247,456,-3.1692057765546346,-2.936906092218927,True,-0.23229968433570747,-2.9696976137732407,-2.955251114048143,-3.0448279447429965,-2.9658673797054105,-2.8448668877126178,-0.20333839684922372,1.0,-1.0
91,0,-20.0,-19.0,703,455,248,-2.939773471905013,-3.0110468127912275,True,0.07127334088621451,-3.03322115982755,-3.022973053277387,-3.0856388974045053,-3.027748154074624,-2.971015652010567,0.08797468216961102,5.0,1.0
91,1,-19.0,-18.0,702,483,219,-3.128114702620179,-3.0110468127912275,True,-0.11706788982895144,-3.03322115982755,-3.022973053277387,-3.0856388974045053,-3.027748154074624,-2.971015652010567,-0.10036654854555493,1.0,-1.0
91,2,-18.0,-17.0,703,502,201,-3.108410652003917,-3.0110468127912275,True,-0.09736383921268965,-3.03322115982755,-3.022973053277387,-3.0856388974045053,-3.027748154074624,-2.971015652010567,-0.08066249792929314,1.0,-1.0
91,3,-17.0,-16.0,702,351,351,-3.0036954037910384,-3.0110468127912275,True,0.0073514090001891574,-3.03322115982755,-3.022973053277387,-3.0856388974045053,-3.027748154074624,-2.971015652010567,0.024052750283585667,4.0,0.5
91,4,-16.0,-15.0,703,597,106,-3.0954456529124723,-3.0110468127912275,True,-0.08439884012124477,-3.03322115982755,-3.022973053277387,-3.0856388974045053,-3.027748154074624,-2.971015652010567,-0.06769749883784826,1.0,-1.0
91,5,-15.0,-14.0,703,486,217,-3.088509571229651,-3.0110468127912275,True,-0.07746275843842332,-3.03322115982755,-3.022973053277387,-3.0856388974045053,-3.027748154074624,-2.971015652010567,-0.06076141715502681,1.0,-1.0
91,6,-14.0,-13.0,702,386,316,-3.0205122462429363,-3.0110468127912275,True,-0.009465433451708805,-3.03322115982755,-3.022973053277387,-3.0856388974045053,-3.027748154074624,-2.971015652010567,0.007235907831687705,4.0,0.5
91,7,-13.0,-12.0,703,433,270,-3.084682006129457,-3.0110468127912275,True,-0.07363519333822932,-3.03322115982755,-3.022973053277387,-3.0856388974045053,-3.027748154074624,-2.971015652010567,-0.05693385205483281,2.0,-0.5
91,8,-12.0,-11.0,702,450,252,-2.967604594189072,-3.0110468127912275,True,0.04344221860215569,-3.03322115982755,-3.022973053277387,-3.0856388974045053,-3.027748154074624,-2.971015652010567,0.0601435598855522,5.0,1.0
91,9,-11.0,-10.0,703,627,76,-2.9119508351727927,-3.0110468127912275,True,0.0990959776184348,-3.03322115982755,-3.022973053277387,-3.0856388974045053,-3.027748154074624,-2.971015652010567,0.11579731890183131,5.0,1.0
91,10,-10.0,-9.0,702,633,69,-2.994746006673223,-3.0110468127912275,True,0.01630080611800455,-3.03322115982755,-3.022973053277387,-3.0856388974045053,-3.027748154074624,-2.971015652010567,0.03300214740140106,4.0,0.5
91,11,-9.0,-8.0,703,655,48,-3.024986440851028,-3.0110468127912275,True,-0.013939628059800313,-3.03322115982755,-3.022973053277387,-3.0856388974045053,-3.027748154074624,-2.971015652010567,0.002761713223596196,3.0,0.0
91,12,-8.0,-7.0,702,680,22,-2.972152671284398,-3.0110468127912275,True,0.03889414150682935,-3.03322115982755,-3.022973053277387,-3.0856388974045053,-3.027748154074624,-2.971015652010567,0.05559548279022586,4.0,0.5
91,13,-7.0,-6.0,703,494,209,-3.036534961807842,-3.0110468127912275,True,-0.025488149016614337,-3.03322115982755,-3.022973053277387,-3.0856388974045053,-3.027748154074624,-2.971015652010567,-0.008786807733217827,2.0,-0.5
91,14,-6.0,-5.0,703,613,90,-3.0305098672982203,-3.0110468127912275,True,-0.019463054506992705,-3.03322115982755,-3.022973053277387,-3.0856388974045053,-3.027748154074624,-2.971015652010567,-0.002761713223596196,3.0,0.0
91,15,-5.0,-4.0,702,396,306,-3.076135409723833,-3.0110468127912275,True,-0.06508859693260538,-3.03322115982755,-3.022973053277387,-3.0856388974045053,-3.027748154074624,-2.971015652010567,-0.04838725564920887,2.0,-0.5
91,16,-4.0,-3.0,703,548,155,-3.0496303236963485,-3.0110468127912275,True,-0.03858351090512091,-3.03322115982755,-3.022973053277387,-3.0856388974045053,-3.027748154074624,-2.971015652010567,-0.0218821696217244,2.0,-0.5
91,17,-3.0,-2.0,702,564,138,-3.121837310013584,-3.0110468127912275,True,-0.11079049722235634,-3.03322115982755,-3.022973053277387,-3.0856388974045053,-3.027748154074624,-2.971015652010567,-0.09408915593895983,1.0,-1.0
91,18,-2.0,-1.0,703,628,75,-2.828613132537679,-3.0110468127912275,True,0.18243368025354867,-3.03322115982755,-3.022973053277387,-3.0856388974045053,-3.027748154074624,-2.971015652010567,0.19913502153694518,5.0,1.0
91,19,-1.0,0.0,702,629,73,-2.7370909957418816,-3.0110468127912275,True,0.2739558170493459,-3.03322115982755,-3.022973053277387,-3.0856388974045053,-3.027748154074624,-2.971015652010567,0.2906571583327424,5.0,1.0
91,20,0.0,1.0,703,522,181,-2.6753912713108754,-3.0110468127912275,True,0.33565554148035215,-3.03322115982755,-3.022973053277387,-3.0856388974045053,-3.027748154074624,-2.971015652010567,0.35235688276374866,5.0,1.0
91,21,1.0,2.0,703,510,193,-2.9800865061821096,-3.0110468127912275,True,0.03096030660911797,-3.03322115982755,-3.022973053277387,-3.0856388974045053,-3.027748154074624,-2.971015652010567,0.04766164789251448,4.0,0.5
91,22,2.0,3.0,702,499,203,-2.7943637472761673,-3.0110468127912275,True,0.21668306551506022,-3.03322115982755,-3.022973053277387,-3.0856388974045053,-3.027748154074624,-2.971015652010567,0.2333844067984563,5.0,1.0
91,23,3.0,4.0,703,206,497,-3.140087627577471,-3.0110468127912275,True,-0.12904081478624363,-3.03322115982755,-3.022973053277387,-3.0856388974045053,-3.027748154074624,-2.971015652010567,-0.11233947350284712,1.0,-1.0
91,24,4.0,5.0,702,310,392,-2.8507031409523593,-3.0110468127912275,True,0.16034367183886822,-3.03322115982755,-3.022973053277387,-3.0856388974045053,-3.027748154074624,-2.971015652010567,0.17704501312226428,5.0,1.0
91,25,5.0,6.0,703,612,91,-3.092810002620764,-3.0110468127912275,True,-0.08176318982953656,-3.03322115982755,-3.022973053277387,-3.0856388974045053,-3.027748154074624,-2.971015652010567,-0.06506184854614006,1.0,-1.0
91,26,6.0,7.0,702,632,70,-2.9697935113767304,-3.0110468127912275,True,0.04125330141449712,-3.03322115982755,-3.022973053277387,-3.0856388974045053,-3.027748154074624,-2.971015652010567,0.05795464269789363,5.0,1.0
91,27,7.0,8.0,703,641,62,-2.96419631044653,-3.0110468127912275,True,0.04685050234469745,-3.03322115982755,-3.022973053277387,-3.0856388974045053,-3.027748154074624,-2.971015652010567,0.06355184362809396,5.0,1.0
91,28,8.0,9.0,703,440,263,-2.9615652549493534,-3.0110468127912275,True,0.049481557841874135,-3.03322115982755,-3.022973053277387,-3.0856388974045053,-3.027748154074624,-2.971015652010567,0.06618289912527064,5.0,1.0
91,29,9.0,10.0,702,443,259,-3.1605543271753773,-3.0110468127912275,True,-0.14950751438414978,-3.03322115982755,-3.022973053277387,-3.0856388974045053,-3.027748154074624,-2.971015652010567,-0.13280617310075327,1.0,-1.0
91,30,10.0,11.0,703,648,55,-2.9528754111573154,-3.0110468127912275,True,0.0581714016339121,-3.03322115982755,-3.022973053277387,-3.0856388974045053,-3.027748154074624,-2.971015652010567,0.07487274291730861,5.0,1.0
91,31,11.0,12.0,702,516,186,-2.9195867437849814,-3.0110468127912275,True,0.09146006900624615,-3.03322115982755,-3.022973053277387,-3.0856388974045053,-3.027748154074624,-2.971015652010567,0.10816141028964266,5.0,1.0
91,32,12.0,13.0,703,543,160,-3.0290162619327767,-3.0110468127912275,True,-0.017969449141549187,-3.03322115982755,-3.022973053277387,-3.0856388974045053,-3.027748154074624,-2.971015652010567,-0.0012681078581526783,3.0,0.0
91,33,13.0,14.0,702,480,222,-3.1181606826850157,-3.0110468127912275,True,-0.10711386989378813,-3.03322115982755,-3.022973053277387,-3.0856388974045053,-3.027748154074624,-2.971015652010567,-0.09041252861039206,1.0,-1.0
91,34,14.0,15.0,703,563,140,-2.8591684909644965,-3.0110468127912275,True,0.151878321826731,-3.03322115982755,-3.022973053277387,-3.0856388974045053,-3.027748154074624,-2.971015652010567,0.1685796631101275,5.0,1.0
91,35,15.0,16.0,702,625,77,-2.9102577601600683,-3.0110468127912275,True,0.10078905263115923,-3.03322115982755,-3.022973053277387,-3.0856388974045053,-3.027748154074624,-2.971015652010567,0.11749039391455574,5.0,1.0
91,36,16.0,17.0,703,453,250,-2.8930277001767974,-3.0110468127912275,True,0.1180191126144301,-3.03322115982755,-3.022973053277387,-3.0856388974045053,-3.027748154074624,-2.971015652010567,0.13472045389782705,5.0,1.0
91,37,17.0,18.0,703,595,108,-3.0912727621202634,-3.0110468127912275,True,-0.08022594932903582,-3.03322115982755,-3.022973053277387,-3.0856388974045053,-3.027748154074624,-2.971015652010567,-0.06352460804563975,1.0,-1.0
91,38,18.0,19.0,702,350,352,-2.7482532172563143,-3.0110468127912275,True,0.2627935955349132,-3.03322115982755,-3.022973053277387,-3.0856388974045053,-3.027748154074624,-2.971015652010567,0.2794949368183097,5.0,1.0
91,39,19.0,20.0,703,559,144,-2.836348486415896,-3.0110468127912275,True,0.17469832637533145,-3.03322115982755,-3.022973053277387,-3.0856388974045053,-3.027748154074624,-2.971015652010567,0.19139966765872796,5.0,1.0
92,0,-20.0,-19.0,702,644,58,-3.0077037463385006,-2.9466604380380383,True,-0.06104330830046223,-2.9889994847960923,-2.971440118959758,-3.021104376717419,-2.9855350214067533,-2.869781860427289,-0.022168724931747708,2.0,-0.5
92,1,-19.0,-18.0,703,703,0,-2.865589045990984,-2.9466604380380383,True,0.08107139204705449,-2.9889994847960923,-2.971440118959758,-3.021104376717419,-2.9855350214067533,-2.869781860427289,0.11994597541576946,5.0,1.0
92,2,-18.0,-17.0,702,641,61,-2.829949045747295,-2.9466604380380383,True,0.11671139229074345,-2.9889994847960923,-2.971440118959758,-3.021104376717419,-2.9855350214067533,-2.869781860427289,0.15558597565945842,5.0,1.0
92,3,-17.0,-16.0,703,664,39,-2.811382658154038,-2.9466604380380383,True,0.13527777988400036,-2.9889994847960923,-2.971440118959758,-3.021104376717419,-2.9855350214067533,-2.869781860427289,0.17415236325271533,5.0,1.0
92,4,-16.0,-15.0,702,664,38,-2.8335950770544134,-2.9466604380380383,True,0.11306536098362496,-2.9889994847960923,-2.971440118959758,-3.021104376717419,-2.9855350214067533,-2.869781860427289,0.15193994435233993,5.0,1.0
92,5,-15.0,-14.0,703,659,44,-2.7558907163063275,-2.9466604380380383,True,0.1907697217317108,-2.9889994847960923,-2.971440118959758,-3.021104376717419,-2.9855350214067533,-2.869781860427289,0.22964430510042577,5.0,1.0
92,6,-14.0,-13.0,703,631,72,-3.019406470050109,-2.9466604380380383,True,-0.07274603201207075,-2.9889994847960923,-2.971440118959758,-3.021104376717419,-2.9855350214067533,-2.869781860427289,-0.033871448643355784,2.0,-0.5
92,7,-13.0,-12.0,702,565,137,-2.98542194969095,-2.9466604380380383,True,-0.03876151165291164,-2.9889994847960923,-2.971440118959758,-3.021104376717419,-2.9855350214067533,-2.869781860427289,0.00011307171580332565,3.0,0.0
92,8,-12.0,-11.0,703,591,112,-3.0371231532105982,-2.9466604380380383,True,-0.09046271517255988,-2.9889994847960923,-2.971440118959758,-3.021104376717419,-2.9855350214067533,-2.869781860427289,-0.05158813180384492,1.0,-1.0
92,9,-11.0,-10.0,702,522,180,-3.0619247213963234,-2.9466604380380383,True,-0.11526428335828509,-2.9889994847960923,-2.971440118959758,-3.021104376717419,-2.9855350214067533,-2.869781860427289,-0.07638969998957013,1.0,-1.0
92,10,-10.0,-9.0,703,675,28,-3.0043721950573934,-2.9466604380380383,True,-0.05771175701935505,-2.9889994847960923,-2.971440118959758,-3.021104376717419,-2.9855350214067533,-2.869781860427289,-0.018837173650640082,2.0,-0.5
92,11,-9.0,-8.0,702,533,169,-3.026198096719348,-2.9466604380380383,True,-0.07953765868130969,-2.9889994847960923,-2.971440118959758,-3.021104376717419,-2.9855350214067533,-2.869781860427289,-0.04066307531259472,1.0,-1.0
92,12,-8.0,-7.0,703,696,7,-2.89829023101101,-2.9466604380380383,True,0.04837020702702821,-2.9889994847960923,-2.971440118959758,-3.021104376717419,-2.9855350214067533,-2.869781860427289,0.08724479039574318,4.0,0.5
92,13,-7.0,-6.0,702,635,67,-2.8711794652393907,-2.9466604380380383,True,0.07548097279864763,-2.9889994847960923,-2.971440118959758,-3.021104376717419,-2.9855350214067533,-2.869781860427289,0.1143555561673626,4.0,0.5
92,14,-6.0,-5.0,703,575,128,-2.993095630174858,-2.9466604380380383,True,-0.04643519213681957,-2.9889994847960923,-2.971440118959758,-3.021104376717419,-2.9855350214067533,-2.869781860427289,-0.007560608768104604,2.0,-0.5
92,15,-5.0,-4.0,703,397,306,-2.985648093122557,-2.9466604380380383,True,-0.038987655084518735,-2.9889994847960923,-2.971440118959758,-3.021104376717419,-2.9855350214067533,-2.869781860427289,-0.00011307171580376973,3.0,0.0
92,16,-4.0,-3.0,702,427,275,-3.0643117596435325,-2.9466604380380383,True,-0.11765132160549419,-2.9889994847960923,-2.971440118959758,-3.021104376717419,-2.9855350214067533,-2.869781860427289,-0.07877673823677922,1.0,-1.0
92,17,-3.0,-2.0,703,544,159,-2.9543512147327458,-2.9466604380380383,True,-0.007690776694707413,-2.9889994847960923,-2.971440118959758,-3.021104376717419,-2.9855350214067533,-2.869781860427289,0.031183806674007553,4.0,0.5
92,18,-2.0,-1.0,702,476,226,-3.0326761882425752,-2.9466604380380383,True,-0.08601575020453689,-2.9889994847960923,-2.971440118959758,-3.021104376717419,-2.9855350214067533,-2.869781860427289,-0.047141166835821924,1.0,-1.0
92,19,-1.0,0.0,703,550,153,-2.895099302877827,-2.9466604380380383,True,0.051561135160211435,-2.9889994847960923,-2.971440118959758,-3.021104376717419,-2.9855350214067533,-2.869781860427289,0.0904357185289264,4.0,0.5
92,20,0.0,1.0,702,629,73,-2.8987546455935695,-2.9466604380380383,True,0.0479057924444688,-2.9889994847960923,-2.971440118959758,-3.021104376717419,-2.9855350214067533,-2.869781860427289,0.08678037581318421,4.0,0.5
92,21,1.0,2.0,703,544,159,-2.96138413796011,-2.9466604380380383,True,-0.014723699922071454,-2.9889994847960923,-2.971440118959758,-3.021104376717419,-2.9855350214067533,-2.869781860427289,0.024150883446643512,4.0,0.5
92,22,2.0,3.0,703,703,0,-2.8004047519506554,-2.9466604380380383,True,0.14625568608738293,-2.9889994847960923,-2.971440118959758,-3.021104376717419,-2.9855350214067533,-2.869781860427289,0.1851302694560979,5.0,1.0
92,23,3.0,4.0,702,640,62,-3.0373260759505207,-2.9466604380380383,True,-0.09066563791248239,-2.9889994847960923,-2.971440118959758,-3.021104376717419,-2.9855350214067533,-2.869781860427289,-0.05179105454376742,1.0,-1.0
92,24,4.0,5.0,703,670,33,-2.9579023895821686,-2.9466604380380383,True,-0.011241951544130213,-2.9889994847960923,-2.971440118959758,-3.021104376717419,-2.9855350214067533,-2.869781860427289,0.02763263182458431,4.0,0.5
92,25,5.0,6.0,702,318,384,-2.8757227452409557,-2.9466604380380383,True,0.07093769279708262,-2.9889994847960923,-2.971440118959758,-3.021104376717419,-2.9855350214067533,-2.869781860427289,0.10981227616579714,4.0,0.5
92,26,6.0,7.0,703,660,43,-2.9566536487406507,-2.9466604380380383,True,-0.009993210702612387,-2.9889994847960923,-2.971440118959758,-3.021104376717419,-2.9855350214067533,-2.869781860427289,0.028881372666102578,4.0,0.5
92,27,7.0,8.0,702,642,60,-2.899425036660858,-2.9466604380380383,True,0.04723540137718052,-2.9889994847960923,-2.971440118959758,-3.021104376717419,-2.9855350214067533,-2.869781860427289,0.08610998474589548,4.0,0.5
92,28,8.0,9.0,703,662,41,-2.957885325115102,-2.9466604380380383,True,-0.011224887077063705,-2.9889994847960923,-2.971440118959758,-3.021104376717419,-2.9855350214067533,-2.869781860427289,0.02764969629165126,4.0,0.5
92,29,9.0,10.0,703,333,370,-3.0544946655874403,-2.9466604380380383,True,-0.10783422754940197,-2.9889994847960923,-2.971440118959758,-3.021104376717419,-2.9855350214067533,-2.869781860427289,-0.06895964418068701,1.0,-1.0
92,30,10.0,11.0,702,587,115,-3.1712430248405217,-2.9466604380380383,True,-0.22458258680248333,-2.9889994847960923,-2.971440118959758,-3.021104376717419,-2.9855350214067533,-2.869781860427289,-0.18570800343376836,1.0,-1.0
92,31,11.0,12.0,703,628,75,-2.975675633148174,-2.9466604380380383,True,-0.02901519511013584,-2.9889994847960923,-2.971440118959758,-3.021104376717419,-2.9855350214067533,-2.869781860427289,0.009859388258579127,3.0,0.0
92,32,12.0,13.0,702,573,129,-2.996156239308662,-2.9466604380380383,True,-0.049495801270623474,-2.9889994847960923,-2.971440118959758,-3.021104376717419,-2.9855350214067533,-2.869781860427289,-0.010621217901908508,2.0,-0.5
92,33,13.0,14.0,703,511,192,-2.9759097391599503,-2.9466604380380383,True,-0.02924930112191193,-2.9889994847960923,-2.971440118959758,-3.021104376717419,-2.9855350214067533,-2.869781860427289,0.009625282246803035,3.0,0.0
92,34,14.0,15.0,702,461,241,-3.185737343566921,-2.9466604380380383,True,-0.23907690552888283,-2.9889994847960923,-2.971440118959758,-3.021104376717419,-2.9855350214067533,-2.869781860427289,-0.20020232216016787,1.0,-1.0
92,35,15.0,16.0,703,676,27,-3.1253116349306325,-2.9466604380380383,True,-0.17865119689259412,-2.9889994847960923,-2.971440118959758,-3.021104376717419,-2.9855350214067533,-2.869781860427289,-0.13977661352387916,1.0,-1.0
92,36,16.0,17.0,702,592,110,-2.9576283315779257,-2.9466604380380383,True,-0.010967893539887363,-2.9889994847960923,-2.971440118959758,-3.021104376717419,-2.9855350214067533,-2.869781860427289,0.027906689828827602,4.0,0.5
92,37,17.0,18.0,703,517,186,-2.9243092578252754,-2.9466604380380383,True,0.022351180212762944,-2.9889994847960923,-2.971440118959758,-3.021104376717419,-2.9855350214067533,-2.869781860427289,0.06122576358147791,4.0,0.5
92,38,18.0,19.0,703,551,152,-2.991504946230471,-2.9466604380380383,True,-0.044844508192432464,-2.9889994847960923,-2.971440118959758,-3.021104376717419,-2.9855350214067533,-2.869781860427289,-0.0059699248237174984,2.0,-0.5
92,39,19.0,20.0,702,655,47,-2.883140371221903,-2.9466604380380383,True,0.06352006681613531,-2.9889994847960923,-2.971440118959758,-3.021104376717419,-2.9855350214067533,-2.869781860427289,0.10239465018485028,4.0,0.5
93,0,-20.0,-19.0,703,350,353,-2.759438828695807,-3.0105542954209836,True,0.2511154667251767,-3.0137711954714224,-2.9981350180880915,-3.0602047593246153,-3.0104439109632732,-2.953141222458094,0.2510050822674663,5.0,1.0
93,1,-19.0,-18.0,702,516,186,-2.9163112718940685,-3.0105542954209836,True,0.09424302352691516,-3.0137711954714224,-2.9981350180880915,-3.0602047593246153,-3.0104439109632732,-2.953141222458094,0.09413263906920477,5.0,1.0
93,2,-18.0,-17.0,703,664,39,-3.0096052656832595,-3.0105542954209836,True,0.0009490297377241497,-3.0137711954714224,-2.9981350180880915,-3.0602047593246153,-3.0104439109632732,-2.953141222458094,0.0008386452800137612,3.0,0.0
93,3,-17.0,-16.0,702,559,143,-2.954062358272942,-3.0105542954209836,True,0.05649193714804168,-3.0137711954714224,-2.9981350180880915,-3.0602047593246153,-3.0104439109632732,-2.953141222458094,0.056381552690331294,4.0,0.5
93,4,-16.0,-15.0,703,483,220,-2.9841158265828867,-3.0105542954209836,True,0.026438468838096973,-3.0137711954714224,-2.9981350180880915,-3.0602047593246153,-3.0104439109632732,-2.953141222458094,0.026328084380386585,4.0,0.5
93,5,-15.0,-14.0,702,661,41,-2.8237185775853635,-3.0105542954209836,True,0.18683571783562014,-3.0137711954714224,-2.9981350180880915,-3.0602047593246153,-3.0104439109632732,-2.953141222458094,0.18672533337790975,5.0,1.0
93,6,-14.0,-13.0,703,608,95,-3.0173795961371987,-3.0105542954209836,True,-0.006825300716215121,-3.0137711954714224,-2.9981350180880915,-3.0602047593246153,-3.0104439109632732,-2.953141222458094,-0.00693568517392551,2.0,-0.5
93,7,-13.0,-12.0,702,504,198,-2.963665912672552,-3.0105542954209836,True,0.046888382748431656,-3.0137711954714224,-2.9981350180880915,-3.0602047593246153,-3.0104439109632732,-2.953141222458094,0.04677799829072127,4.0,0.5
93,8,-12.0,-11.0,703,600,103,-2.79967738250727,-3.0105542954209836,True,0.2108769129137138,-3.0137711954714224,-2.9981350180880915,-3.0602047593246153,-3.0104439109632732,-2.953141222458094,0.2107665284560034,5.0,1.0
93,9,-11.0,-10.0,703,533,170,-3.0168128656391424,-3.0105542954209836,True,-0.006258570218158788,-3.0137711954714224,-2.9981350180880915,-3.0602047593246153,-3.0104439109632732,-2.953141222458094,-0.006368954675869176,2.0,-0.5
93,10,-10.0,-9.0,702,234,468,-3.1956754626368116,-3.0105542954209836,True,-0.18512116721582794,-3.0137711954714224,-2.9981350180880915,-3.0602047593246153,-3.0104439109632732,-2.953141222458094,-0.18523155167353877,1.0,-1.0
93,11,-9.0,-8.0,703,481,222,-2.967079931373761,-3.0105542954209836,True,0.043474364047222824,-3.0137711954714224,-2.9981350180880915,-3.0602047593246153,-3.0104439109632732,-2.953141222458094,0.043363979589512436,4.0,0.5
93,12,-8.0,-7.0,702,226,476,-3.1949813268554106,-3.0105542954209836,True,-0.18442703143442696,-3.0137711954714224,-2.9981350180880915,-3.0602047593246153,-3.0104439109632732,-2.953141222458094,-0.18453741589213735,1.0,-1.0
93,13,-7.0,-6.0,703,357,346,-3.296052495338242,-3.0105542954209836,True,-0.28549819991725833,-3.0137711954714224,-2.9981350180880915,-3.0602047593246153,-3.0104439109632732,-2.953141222458094,-0.2856085843749687,1.0,-1.0
93,14,-6.0,-5.0,702,476,226,-3.1181999731284007,-3.0105542954209836,True,-0.10764567770741706,-3.0137711954714224,-2.9981350180880915,-3.0602047593246153,-3.0104439109632732,-2.953141222458094,-0.10775606216512745,1.0,-1.0
93,15,-5.0,-4.0,703,527,176,-3.0408730213900204,-3.0105542954209836,True,-0.03031872596903673,-3.0137711954714224,-2.9981350180880915,-3.0602047593246153,-3.0104439109632732,-2.953141222458094,-0.03042911042674712,2.0,-0.5
93,16,-4.0,-3.0,703,464,239,-3.152481817936992,-3.0105542954209836,True,-0.14192752251600815,-3.0137711954714224,-2.9981350180880915,-3.0602047593246153,-3.0104439109632732,-2.953141222458094,-0.14203790697371854,1.0,-1.0
93,17,-3.0,-2.0,702,469,233,-3.039293622832706,-3.0105542954209836,True,-0.02873932741172247,-3.0137711954714224,-2.9981350180880915,-3.0602047593246153,-3.0104439109632732,-2.953141222458094,-0.02884971186943286,2.0,-0.5
93,18,-2.0,-1.0,703,505,198,-3.0112825562432874,-3.0105542954209836,True,-0.0007282608223038167,-3.0137711954714224,-2.9981350180880915,-3.0602047593246153,-3.0104439109632732,-2.953141222458094,-0.0008386452800142052,3.0,0.0
93,19,-1.0,0.0,702,489,213,-2.950377815013551,-3.0105542954209836,True,0.06017648040743273,-3.0137711954714224,-2.9981350180880915,-3.0602047593246153,-3.0104439109632732,-2.953141222458094,0.06006609594972234,5.0,1.0
93,20,0.0,1.0,703,469,234,-3.0981839671134117,-3.0105542954209836,True,-0.08762967169242808,-3.0137711954714224,-2.9981350180880915,-3.0602047593246153,-3.0104439109632732,-2.953141222458094,-0.08774005615013891,1.0,-1.0
93,21,1.0,2.0,702,582,120,-3.024878416187518,-3.0105542954209836,True,-0.014324120766534332,-3.0137711954714224,-2.9981350180880915,-3.0602047593246153,-3.0104439109632732,-2.953141222458094,-0.01443450522424472,2.0,-0.5
93,22,2.0,3.0,703,651,52,-2.9602842720876628,-3.0105542954209836,True,0.05027002333332087,-3.0137711954714224,-2.9981350180880915,-3.0602047593246153,-3.0104439109632732,-2.953141222458094,0.05015963887561048,4.0,0.5
93,23,3.0,4.0,703,635,68,-2.819013901274043,-3.0105542954209836,True,0.19154039414694068,-3.0137711954714224,-2.9981350180880915,-3.0602047593246153,-3.0104439109632732,-2.953141222458094,0.1914300096892303,5.0,1.0
93,24,4.0,5.0,702,520,182,-2.969552321003816,-3.0105542954209836,True,0.041001974417167464,-3.0137711954714224,-2.9981350180880915,-3.0602047593246153,-3.0104439109632732,-2.953141222458094,0.040891589959457075,4.0,0.5
93,25,5.0,6.0,703,558,145,-3.061937093230134,-3.0105542954209836,True,-0.05138279780915056,-3.0137711954714224,-2.9981350180880915,-3.0602047593246153,-3.0104439109632732,-2.953141222458094,-0.05149318226686095,1.0,-1.0
93,26,6.0,7.0,702,508,194,-3.044719554629134,-3.0105542954209836,True,-0.03416525920815028,-3.0137711954714224,-2.9981350180880915,-3.0602047593246153,-3.0104439109632732,-2.953141222458094,-0.03427564366586067,2.0,-0.5
93,27,7.0,8.0,703,394,309,-3.1374973883881503,-3.0105542954209836,True,-0.12694309296716666,-3.0137711954714224,-2.9981350180880915,-3.0602047593246153,-3.0104439109632732,-2.953141222458094,-0.12705347742487705,1.0,-1.0
93,28,8.0,9.0,702,498,204,-2.9728192240820763,-3.0105542954209836,True,0.0377350713389073,-3.0137711954714224,-2.9981350180880915,-3.0602047593246153,-3.0104439109632732,-2.953141222458094,0.03762468688119691,4.0,0.5
93,29,9.0,10.0,703,558,145,-2.8949225307537025,-3.0105542954209836,True,0.11563176466728109,-3.0137711954714224,-2.9981350180880915,-3.0602047593246153,-3.0104439109632732,-2.953141222458094,0.1155213802095707,5.0,1.0
93,30,10.0,11.0,702,506,196,-3.2249461103448556,-3.0105542954209836,True,-0.21439181492387194,-3.0137711954714224,-2.9981350180880915,-3.0602047593246153,-3.0104439109632732,-2.953141222458094,-0.21450219938158277,1.0,-1.0
93,31,11.0,12.0,703,548,155,-3.0798692734136073,-3.0105542954209836,True,-0.06931497799262365,-3.0137711954714224,-2.9981350180880915,-3.0602047593246153,-3.0104439109632732,-2.953141222458094,-0.06942536245033448,1.0,-1.0
93,32,12.0,13.0,703,540,163,-2.9566122548826366,-3.0105542954209836,True,0.05394204053834706,-3.0137711954714224,-2.9981350180880915,-3.0602047593246153,-3.0104439109632732,-2.953141222458094,0.053831656080636225,4.0,0.5
93,33,13.0,14.0,702,467,235,-2.960360785542165,-3.0105542954209836,True,0.05019350987881843,-3.0137711954714224,-2.9981350180880915,-3.0602047593246153,-3.0104439109632732,-2.953141222458094,0.05008312542110804,4.0,0.5
93,34,14.0,15.0,703,283,420,-2.89854317074675,-3.0105542954209836,True,0.11201112467423346,-3.0137711954714224,-2.9981350180880915,-3.0602047593246153,-3.0104439109632732,-2.953141222458094,0.11190074021652308,5.0,1.0
93,35,15.0,16.0,702,457,245,-3.013479153395272,-3.0105542954209836,True,-0.0029248579742882086,-3.0137711954714224,-2.9981350180880915,-3.0602047593246153,-3.0104439109632732,-2.953141222458094,-0.003035242431998597,3.0,0.0
93,36,16.0,17.0,703,379,324,-3.041029056952776,-3.0105542954209836,True,-0.030474761531792183,-3.0137711954714224,-2.9981350180880915,-3.0602047593246153,-3.0104439109632732,-2.953141222458094,-0.03058514598950257,2.0,-0.5
93,37,17.0,18.0,702,462,240,-3.1353853065534047,-3.0105542954209836,True,-0.12483101113242112,-3.0137711954714224,-2.9981350180880915,-3.0602047593246153,-3.0104439109632732,-2.953141222458094,-0.12494139559013151,1.0,-1.0
93,38,18.0,19.0,703,463,240,-2.9872667610339367,-3.0105542954209836,True,0.023287534387046893,-3.0137711954714224,-2.9981350180880915,-3.0602047593246153,-3.0104439109632732,-2.953141222458094,0.023177149929336505,4.0,0.5
93,39,19.0,20.0,703,606,97,-2.9981352651576065,-3.0105542954209836,True,0.012419030263377095,-3.0137711954714224,-2.9981350180880915,-3.0602047593246153,-3.0104439109632732,-2.953141222458094,0.012308645805666707,3.0,0.0
94,0,-20.0,-19.0,702,403,299,-2.9367729743193247,-3.005864581361414,True,0.06909160704208928,-3.025945051500499,-3.0098288058349647,-3.0664911042408534,-3.014423026517651,-2.947959562637003,0.07765005219832632,5.0,1.0
94,1,-19.0,-18.0,703,640,63,-3.053744099159718,-3.005864581361414,True,-0.047879517798303795,-3.025945051500499,-3.0098288058349647,-3.0664911042408534,-3.014423026517651,-2.947959562637003,-0.039321072642066746,2.0,-0.5
94,2,-18.0,-17.0,703,568,135,-2.971336760828269,-3.005864581361414,True,0.03452782053314518,-3.025945051500499,-3.0098288058349647,-3.0664911042408534,-3.014423026517651,-2.947959562637003,0.04308626568938223,4.0,0.5
94,3,-17.0,-16.0,702,634,68,-3.0657921406857884,-3.005864581361414,True,-0.059927559324374435,-3.025945051500499,-3.0098288058349647,-3.0664911042408534,-3.014423026517651,-2.947959562637003,-0.051369114168137386,2.0,-0.5
94,4,-16.0,-15.0,703,321,382,-3.038358467338037,-3.005864581361414,True,-0.03249388597662284,-3.025945051500499,-3.0098288058349647,-3.0664911042408534,-3.014423026517651,-2.947959562637003,-0.02393544082038579,2.0,-0.5
94,5,-15.0,-14.0,702,486,216,-2.9454232952372923,-3.005864581361414,True,0.060441286124121696,-3.025945051500499,-3.0098288058349647,-3.0664911042408534,-3.014423026517651,-2.947959562637003,0.06899973128035874,5.0,1.0
94,6,-14.0,-13.0,703,536,167,-3.015788620360696,-3.005864581361414,True,-0.009924038999281848,-3.025945051500499,-3.0098288058349647,-3.0664911042408534,-3.014423026517651,-2.947959562637003,-0.001365593843044799,3.0,0.0
94,7,-13.0,-12.0,702,581,121,-2.9488049851035734,-3.005864581361414,True,0.05705959625784063,-3.025945051500499,-3.0098288058349647,-3.0664911042408534,-3.014423026517651,-2.947959562637003,0.06561804141407768,4.0,0.5
94,8,-12.0,-11.0,703,519,184,-3.0812800682576484,-3.005864581361414,True,-0.07541548689623445,-3.025945051500499,-3.0098288058349647,-3.0664911042408534,-3.014423026517651,-2.947959562637003,-0.0668570417399974,1.0,-1.0
94,9,-11.0,-10.0,703,560,143,-3.013057432674606,-3.005864581361414,True,-0.007192851313191806,-3.025945051500499,-3.0098288058349647,-3.0664911042408534,-3.014423026517651,-2.947959562637003,0.001365593843045243,3.0,0.0
94,10,-10.0,-9.0,702,576,126,-2.9985213683309047,-3.005864581361414,True,0.007343213030509332,-3.025945051500499,-3.0098288058349647,-3.0664911042408534,-3.014423026517651,-2.947959562637003,0.01590165818674638,4.0,0.5
94,11,-9.0,-8.0,703,599,104,-2.9123430619244624,-3.005864581361414,True,0.09352151943695164,-3.025945051500499,-3.0098288058349647,-3.0664911042408534,-3.014423026517651,-2.947959562637003,0.10207996459318869,5.0,1.0
94,12,-8.0,-7.0,702,308,394,-2.756613751817483,-3.005864581361414,True,0.24925082954393085,-3.025945051500499,-3.0098288058349647,-3.0664911042408534,-3.014423026517651,-2.947959562637003,0.2578092747001679,5.0,1.0
94,13,-7.0,-6.0,703,568,135,-2.7776521552183326,-3.005864581361414,True,0.22821242614308135,-3.025945051500499,-3.0098288058349647,-3.0664911042408534,-3.014423026517651,-2.947959562637003,0.2367708712993184,5.0,1.0
94,14,-6.0,-5.0,702,194,508,-3.137384468430166,-3.005864581361414,True,-0.13151988706875217,-3.025945051500499,-3.0098288058349647,-3.0664911042408534,-3.014423026517651,-2.947959562637003,-0.12296144191251512,1.0,-1.0
94,15,-5.0,-4.0,703,500,203,-3.0058827063642917,-3.005864581361414,True,-1.8125002877678043e-05,-3.025945051500499,-3.0098288058349647,-3.0664911042408534,-3.014423026517651,-2.947959562637003,0.008540320153358927,4.0,0.5
94,16,-4.0,-3.0,702,243,459,-3.141930629329019,-3.005864581361414,True,-0.13606604796760502,-3.025945051500499,-3.0098288058349647,-3.0664911042408534,-3.014423026517651,-2.947959562637003,-0.12750760281136797,1.0,-1.0
94,17,-3.0,-2.0,703,251,452,-3.0439579032443027,-3.005864581361414,True,-0.03809332188288872,-3.025945051500499,-3.0098288058349647,-3.0664911042408534,-3.014423026517651,-2.947959562637003,-0.02953487672665167,2.0,-0.5
94,18,-2.0,-1.0,703,545,158,-3.0685879949060473,-3.005864581361414,True,-0.06272341354463329,-3.025945051500499,-3.0098288058349647,-3.0664911042408534,-3.014423026517651,-2.947959562637003,-0.054164968388396684,1.0,-1.0
94,19,-1.0,0.0,702,467,235,-3.2040587436983166,-3.005864581361414,True,-0.19819416233690257,-3.025945051500499,-3.0098288058349647,-3.0664911042408534,-3.014423026517651,-2.947959562637003,-0.18963571718066596,1.0,-1.0
94,20,0.0,1.0,703,542,161,-3.116778188432348,-3.005864581361414,True,-0.110913607070934,-3.025945051500499,-3.0098288058349647,-3.0664911042408534,-3.014423026517651,-2.947959562637003,-0.10235516191469696,1.0,-1.0
94,21,1.0,2.0,702,496,206,-3.0040800981311087,-3.005864581361414,True,0.0017844832303053337,-3.025945051500499,-3.0098288058349647,-3.0664911042408534,-3.014423026517651,-2.947959562637003,0.010342928386542383,4.0,0.5
94,22,2.0,3.0,703,447,256,-2.868708620005369,-3.005864581361414,True,0.1371559613560449,-3.025945051500499,-3.0098288058349647,-3.0664911042408534,-3.014423026517651,-2.947959562637003,0.14571440651228196,5.0,1.0
94,23,3.0,4.0,702,529,173,-2.9234771476687,-3.005864581361414,True,0.08238743369271395,-3.025945051500499,-3.0098288058349647,-3.0664911042408534,-3.014423026517651,-2.947959562637003,0.090945878848951,5.0,1.0
94,24,4.0,5.0,703,455,248,-3.0275477709593726,-3.005864581361414,True,-0.021683189597958563,-3.025945051500499,-3.0098288058349647,-3.0664911042408534,-3.014423026517651,-2.947959562637003,-0.013124744441721958,2.0,-0.5
94,25,5.0,6.0,703,443,260,-3.0454562089767374,-3.005864581361414,True,-0.03959162761532342,-3.025945051500499,-3.0098288058349647,-3.0664911042408534,-3.014423026517651,-2.947959562637003,-0.031033182459086373,2.0,-0.5
94,26,6.0,7.0,702,543,159,-2.8867756027826843,-3.005864581361414,True,0.11908897857872969,-3.025945051500499,-3.0098288058349647,-3.0664911042408534,-3.014423026517651,-2.947959562637003,0.12764742373496674,5.0,1.0
94,27,7.0,8.0,703,421,282,-3.0952204709504074,-3.005864581361414,True,-0.08935588958899343,-3.025945051500499,-3.0098288058349647,-3.0664911042408534,-3.014423026517651,-2.947959562637003,-0.08079744443275638,1.0,-1.0
94,28,8.0,9.0,702,581,121,-3.0965143274817786,-3.005864581361414,True,-0.09064974612036458,-3.025945051500499,-3.0098288058349647,-3.0664911042408534,-3.014423026517651,-2.947959562637003,-0.08209130096412753,1.0,-1.0
94,29,9.0,10.0,703,598,105,-2.866972832049193,-3.005864581361414,True,0.1388917493122208,-3.025945051500499,-3.0098288058349647,-3.0664911042408534,-3.014423026517651,-2.947959562637003,0.14745019446845786,5.0,1.0
94,30,10.0,11.0,702,581,121,-2.9118982498465473,-3.005864581361414,True,0.09396633151486666,-3.025945051500499,-3.0098288058349647,-3.0664911042408534,-3.014423026517651,-2.947959562637003,0.10252477667110327,5.0,1.0
94,31,11.0,12.0,703,586,117,-2.948441359231625,-3.005864581361414,True,0.05742322212978879,-3.025945051500499,-3.0098288058349647,-3.0664911042408534,-3.014423026517651,-2.947959562637003,0.06598166728602584,4.0,0.5
94,32,12.0,13.0,703,459,244,-2.845992864820088,-3.005864581361414,True,0.15987171654132615,-3.025945051500499,-3.0098288058349647,-3.0664911042408534,-3.014423026517651,-2.947959562637003,0.1684301616975632,5.0,1.0
94,33,13.0,14.0,702,412,290,-2.8348771636906207,-3.005864581361414,True,0.17098741767079328,-3.025945051500499,-3.0098288058349647,-3.0664911042408534,-3.014423026517651,-2.947959562637003,0.17954586282703033,5.0,1.0
94,34,14.0,15.0,703,618,85,-3.0073230717937904,-3.005864581361414,True,-0.001458490432376447,-3.025945051500499,-3.0098288058349647,-3.0664911042408534,-3.014423026517651,-2.947959562637003,0.007099954723860602,4.0,0.5
94,35,15.0,16.0,702,673,29,-2.906465676009549,-3.005864581361414,True,0.09939890535186491,-3.025945051500499,-3.0098288058349647,-3.0664911042408534,-3.014423026517651,-2.947959562637003,0.10795735050810196,5.0,1.0
94,36,16.0,17.0,703,575,128,-2.820673881713914,-3.005864581361414,True,0.1851906996474999,-3.025945051500499,-3.0098288058349647,-3.0664911042408534,-3.014423026517651,-2.947959562637003,0.19374914480373695,5.0,1.0
94,37,17.0,18.0,702,614,88,-2.781408126641828,-3.005864581361414,True,0.22445645471958597,-3.025945051500499,-3.0098288058349647,-3.0664911042408534,-3.014423026517651,-2.947959562637003,0.23301489987582302,5.0,1.0
94,38,18.0,19.0,703,525,178,-2.9224613269052844,-3.005864581361414,True,0.08340325445612962,-3.025945051500499,-3.0098288058349647,-3.0664911042408534,-3.014423026517651,-2.947959562637003,0.09196169961236667,5.0,1.0
94,39,19.0,20.0,702,580,122,-2.8290868219262197,-3.005864581361414,True,0.17677775943519425,-3.025945051500499,-3.0098288058349647,-3.0664911042408534,-3.014423026517651,-2.947959562637003,0.18533620459143085,5.0,1.0
