trial,bin_index,start_s,end_s,total_frame_count,eligible_frame_count,nan_sample_count,mean_log_vigor,baseline_mean_log_vigor,trial_defined,delta_log_vigor,baseline_P45_log_vigor,baseline_P55_log_vigor,baseline_P25_log_vigor,baseline_P50_log_vigor,baseline_P75_log_vigor,median_centred_log_vigor,band_class,band_display_score
5,0,-20.0,-19.0,703,100,603,-2.9099161024262234,-2.9114846083461794,True,0.0015685059199559426,-2.8910559689777546,-2.8571285988902084,-2.9309503752092283,-2.877205113498446,-2.828199367799807,-0.03271098892777724,2.0,-0.5
5,1,-19.0,-18.0,702,196,506,-2.9296408582620153,-2.9114846083461794,True,-0.018156249915835865,-2.8910559689777546,-2.8571285988902084,-2.9309503752092283,-2.877205113498446,-2.828199367799807,-0.05243574476356949,2.0,-0.5
5,2,-18.0,-17.0,703,119,584,-2.898642892276812,-2.9114846083461794,True,0.012841716069367237,-2.8910559689777546,-2.8571285988902084,-2.9309503752092283,-2.877205113498446,-2.828199367799807,-0.021437778778365946,2.0,-0.5
5,3,-17.0,-16.0,702,34,668,-2.715746361889195,-2.9114846083461794,True,0.19573824645698457,-2.8910559689777546,-2.8571285988902084,-2.9309503752092283,-2.877205113498446,-2.828199367799807,0.16145875160925138,5.0,1.0
5,4,-16.0,-15.0,703,154,549,-2.8370326307345395,-2.9114846083461794,True,0.07445197761163991,-2.8910559689777546,-2.8571285988902084,-2.9309503752092283,-2.877205113498446,-2.828199367799807,0.040172482763906725,4.0,0.5
5,5,-15.0,-14.0,702,66,636,-3.0960135842313075,-2.9114846083461794,True,-0.18452897588512807,-2.8910559689777546,-2.8571285988902084,-2.9309503752092283,-2.877205113498446,-2.828199367799807,-0.21880847073286125,1.0,-1.0
5,6,-14.0,-13.0,703,198,505,-2.9024651890181876,-2.9114846083461794,True,0.009019419327991773,-2.8910559689777546,-2.8571285988902084,-2.9309503752092283,-2.877205113498446,-2.828199367799807,-0.025260075519741854,2.0,-0.5
5,7,-13.0,-12.0,703,159,544,-2.8848484862785257,-2.9114846083461794,True,0.026636122067653645,-2.8910559689777546,-2.8571285988902084,-2.9309503752092283,-2.877205113498446,-2.828199367799807,-0.007643372780079538,3.0,0.0
5,8,-12.0,-11.0,702,90,612,-2.8193604846040032,-2.9114846083461794,True,0.09212412374217616,-2.8910559689777546,-2.8571285988902084,-2.9309503752092283,-2.877205113498446,-2.828199367799807,0.05784462889444297,5.0,1.0
5,9,-11.0,-10.0,703,112,591,-3.1724994019550903,-2.9114846083461794,True,-0.2610147936089109,-2.8910559689777546,-2.8571285988902084,-2.9309503752092283,-2.877205113498446,-2.828199367799807,-0.29529428845664407,1.0,-1.0
5,10,-10.0,-9.0,702,233,469,-2.736530220430517,-2.9114846083461794,True,0.1749543879156623,-2.8910559689777546,-2.8571285988902084,-2.9309503752092283,-2.877205113498446,-2.828199367799807,0.14067489306792913,5.0,1.0
5,11,-9.0,-8.0,703,114,589,-2.8328794962750745,-2.9114846083461794,True,0.07860511207110488,-2.8910559689777546,-2.8571285988902084,-2.9309503752092283,-2.877205113498446,-2.828199367799807,0.044325617223371694,4.0,0.5
5,12,-8.0,-7.0,702,197,505,-2.8419325366557926,-2.9114846083461794,True,0.0695520716903868,-2.8910559689777546,-2.8571285988902084,-2.9309503752092283,-2.877205113498446,-2.828199367799807,0.035272576842653613,4.0,0.5
5,13,-7.0,-6.0,703,73,630,-2.8305604983046804,-2.9114846083461794,True,0.08092411004149902,-2.8910559689777546,-2.8571285988902084,-2.9309503752092283,-2.877205113498446,-2.828199367799807,0.04664461519376584,4.0,0.5
5,14,-6.0,-5.0,703,86,617,-2.8180883595497113,-2.9114846083461794,True,0.09339624879646813,-2.8910559689777546,-2.8571285988902084,-2.9309503752092283,-2.877205113498446,-2.828199367799807,0.0591167539487345,5.0,1.0
5,15,-5.0,-4.0,702,97,605,-2.8695617407183667,-2.9114846083461794,True,0.04192286762781272,-2.8910559689777546,-2.8571285988902084,-2.9309503752092283,-2.877205113498446,-2.828199367799807,0.007643372780079538,3.0,0.0
5,16,-4.0,-3.0,703,172,531,-3.2982987597676683,-2.9114846083461794,True,-0.3868141514214889,-2.8910559689777546,-2.8571285988902084,-2.9309503752092283,-2.877205113498446,-2.828199367799807,-0.4210936462692221,1.0,-1.0
5,17,-3.0,-2.0,702,74,628,-2.9348789260508656,-2.9114846083461794,True,-0.02339431770468625,-2.8910559689777546,-2.8571285988902084,-2.9309503752092283,-2.877205113498446,-2.828199367799807,-0.057673812552419434,1.0,-1.0
5,18,-2.0,-1.0,703,100,603,-3.0796796612098176,-2.9114846083461794,True,-0.16819505286363823,-2.8910559689777546,-2.8571285988902084,-2.9309503752092283,-2.877205113498446,-2.828199367799807,-0.2024745477113714,1.0,-1.0
5,19,-1.0,0.0,702,83,619,-2.8211159762851885,-2.9114846083461794,True,0.09036863206099088,-2.8910559689777546,-2.8571285988902084,-2.9309503752092283,-2.877205113498446,-2.828199367799807,0.0560891372132577,5.0,1.0
5,20,0.0,1.0,703,58,645,-2.89962658793444,-2.9114846083461794,True,0.011858020411739556,-2.8910559689777546,-2.8571285988902084,-2.9309503752092283,-2.877205113498446,-2.828199367799807,-0.022421474435993627,2.0,-0.5
5,21,1.0,2.0,703,66,637,-2.6295616113789304,-2.9114846083461794,True,0.281922996967249,-2.8910559689777546,-2.8571285988902084,-2.9309503752092283,-2.877205113498446,-2.828199367799807,0.2476435021195158,5.0,1.0
5,22,2.0,3.0,702,74,628,-2.9889009013746506,-2.9114846083461794,True,-0.0774162930284712,-2.8910559689777546,-2.8571285988902084,-2.9309503752092283,-2.877205113498446,-2.828199367799807,-0.11169578787620438,1.0,-1.0
5,23,3.0,4.0,703,77,626,-2.8088509286321073,-2.9114846083461794,True,0.10263367971407211,-2.8910559689777546,-2.8571285988902084,-2.9309503752092283,-2.877205113498446,-2.828199367799807,0.06835418486633849,5.0,1.0
5,24,4.0,5.0,702,106,596,-2.8664652168386233,-2.9114846083461794,True,0.04501939150755607,-2.8910559689777546,-2.8571285988902084,-2.9309503752092283,-2.877205113498446,-2.828199367799807,0.010739896659822445,3.0,0.0
5,25,5.0,6.0,703,147,556,-2.7263423322876106,-2.9114846083461794,True,0.1851422760585688,-2.8910559689777546,-2.8571285988902084,-2.9309503752092283,-2.877205113498446,-2.828199367799807,0.15086278121083563,5.0,1.0
5,26,6.0,7.0,702,70,632,-2.6717662179418697,-2.9114846083461794,True,0.23971839040430964,-2.8910559689777546,-2.8571285988902084,-2.9309503752092283,-2.877205113498446,-2.828199367799807,0.20543889555657646,5.0,1.0
5,27,7.0,8.0,703,140,563,-2.808147506869359,-2.9114846083461794,True,0.10333710147682051,-2.8910559689777546,-2.8571285988902084,-2.9309503752092283,-2.877205113498446,-2.828199367799807,0.06905760662908733,5.0,1.0
5,28,8.0,9.0,703,58,645,-2.7444427164256258,-2.9114846083461794,True,0.16704189192055363,-2.8910559689777546,-2.8571285988902084,-2.9309503752092283,-2.877205113498446,-2.828199367799807,0.13276239707282045,5.0,1.0
5,29,9.0,10.0,702,99,603,-2.8028047688890063,-2.9114846083461794,True,0.10867983945717308,-2.8910559689777546,-2.8571285988902084,-2.9309503752092283,-2.877205113498446,-2.828199367799807,0.0744003446094399,5.0,1.0
5,30,10.0,11.0,703,103,600,-2.9121930866135215,-2.9114846083461794,True,-0.0007084782673421053,-2.8910559689777546,-2.8571285988902084,-2.9309503752092283,-2.877205113498446,-2.828199367799807,-0.034987973115074844,2.0,-0.5
5,31,11.0,12.0,702,90,612,-2.946145464589794,-2.9114846083461794,True,-0.03466085624361481,-2.8910559689777546,-2.8571285988902084,-2.9309503752092283,-2.877205113498446,-2.828199367799807,-0.068940351091348,1.0,-1.0
5,32,12.0,13.0,703,153,550,-2.9436806342080217,-2.9114846083461794,True,-0.03219602586184234,-2.8910559689777546,-2.8571285988902084,-2.9309503752092283,-2.877205113498446,-2.828199367799807,-0.06647552070957552,1.0,-1.0
5,33,13.0,14.0,702,64,638,-2.735389717512477,-2.9114846083461794,True,0.17609489083370233,-2.8910559689777546,-2.8571285988902084,-2.9309503752092283,-2.877205113498446,-2.828199367799807,0.14181539598596915,5.0,1.0
5,34,14.0,15.0,703,60,643,-2.8467508898782437,-2.9114846083461794,True,0.06473371846793574,-2.8910559689777546,-2.8571285988902084,-2.9309503752092283,-2.877205113498446,-2.828199367799807,0.030454223620202114,4.0,0.5
5,35,15.0,16.0,703,50,653,-2.888167247888424,-2.9114846083461794,True,0.023317360457755232,-2.8910559689777546,-2.8571285988902084,-2.9309503752092283,-2.877205113498446,-2.828199367799807,-0.010962134389977951,3.0,0.0
5,36,16.0,17.0,702,145,557,-2.9379723310792136,-2.9114846083461794,True,-0.026487722733034236,-2.8910559689777546,-2.8571285988902084,-2.9309503752092283,-2.877205113498446,-2.828199367799807,-0.06076721758076742,1.0,-1.0
5,37,17.0,18.0,703,94,609,-2.757614361963229,-2.9114846083461794,True,0.15387024638295044,-2.8910559689777546,-2.8571285988902084,-2.9309503752092283,-2.877205113498446,-2.828199367799807,0.11959075153521725,5.0,1.0
5,38,18.0,19.0,702,96,606,-3.0771676596670035,-2.9114846083461794,True,-0.16568305132082406,-2.8910559689777546,-2.8571285988902084,-2.9309503752092283,-2.877205113498446,-2.828199367799807,-0.19996254616855724,1.0,-1.0
5,39,19.0,20.0,703,86,617,-2.8092377355074563,-2.9114846083461794,True,0.10224687283872314,-2.8910559689777546,-2.8571285988902084,-2.9309503752092283,-2.877205113498446,-2.828199367799807,0.06796737799098995,5.0,1.0
6,0,-20.0,-19.0,702,0,702,,-2.7045969848016225,True,,-2.8387130523584134,-2.7362447869737325,-2.8996512195164716,-2.789698811528507,-2.4996458790084617,,,
6,1,-19.0,-18.0,703,85,618,-2.854804727040689,-2.7045969848016225,True,-0.15020774223906663,-2.8387130523584134,-2.7362447869737325,-2.8996512195164716,-2.789698811528507,-2.4996458790084617,-0.06510591551218203,2.0,-0.5
6,2,-18.0,-17.0,703,57,646,-2.7415315009450367,-2.7045969848016225,True,-0.03693451614341425,-2.8387130523584134,-2.7362447869737325,-2.8996512195164716,-2.789698811528507,-2.4996458790084617,0.048167310583470346,3.0,0.0
6,3,-17.0,-16.0,702,54,648,-2.96283375081906,-2.7045969848016225,True,-0.2582367660174376,-2.8387130523584134,-2.7362447869737325,-2.8996512195164716,-2.789698811528507,-2.4996458790084617,-0.173134939290553,1.0,-1.0
6,4,-16.0,-15.0,703,152,551,-2.4733746973334685,-2.7045969848016225,True,0.231222287468154,-2.8387130523584134,-2.7362447869737325,-2.8996512195164716,-2.789698811528507,-2.4996458790084617,0.3163241141950386,5.0,1.0
6,5,-15.0,-14.0,702,0,702,,-2.7045969848016225,True,,-2.8387130523584134,-2.7362447869737325,-2.8996512195164716,-2.789698811528507,-2.4996458790084617,,,
6,6,-14.0,-13.0,703,107,596,-2.9177609186482854,-2.7045969848016225,True,-0.21316393384666288,-2.8387130523584134,-2.7362447869737325,-2.8996512195164716,-2.789698811528507,-2.4996458790084617,-0.12806210711977828,1.0,-1.0
6,7,-13.0,-12.0,702,114,588,-2.63579722151895,-2.7045969848016225,True,0.06879976328267245,-2.8387130523584134,-2.7362447869737325,-2.8996512195164716,-2.789698811528507,-2.4996458790084617,0.15390159000955705,4.0,0.5
6,8,-12.0,-11.0,703,0,703,,-2.7045969848016225,True,,-2.8387130523584134,-2.7362447869737325,-2.8996512195164716,-2.789698811528507,-2.4996458790084617,,,
6,9,-11.0,-10.0,703,0,703,,-2.7045969848016225,True,,-2.8387130523584134,-2.7362447869737325,-2.8996512195164716,-2.789698811528507,-2.4996458790084617,,,
6,10,-10.0,-9.0,702,99,603,-2.837866122111978,-2.7045969848016225,True,-0.1332691373103554,-2.8387130523584134,-2.7362447869737325,-2.8996512195164716,-2.789698811528507,-2.4996458790084617,-0.04816731058347079,3.0,0.0
6,11,-9.0,-8.0,703,16,687,-3.0868040740236014,-2.7045969848016225,True,-0.3822070892219789,-2.8387130523584134,-2.7362447869737325,-2.8996512195164716,-2.789698811528507,-2.4996458790084617,-0.2971052624950943,1.0,-1.0
6,12,-8.0,-7.0,702,113,589,-2.8936146531392004,-2.7045969848016225,True,-0.18901766833757794,-2.8387130523584134,-2.7362447869737325,-2.8996512195164716,-2.789698811528507,-2.4996458790084617,-0.10391584161069334,2.0,-0.5
6,13,-7.0,-6.0,703,205,498,-2.5084029395667935,-2.7045969848016225,True,0.19619404523482897,-2.8387130523584134,-2.7362447869737325,-2.8996512195164716,-2.789698811528507,-2.4996458790084617,0.281295871961714,4.0,0.5
6,14,-6.0,-5.0,702,306,396,-2.360373013850367,-2.7045969848016225,True,0.34422397095125534,-2.8387130523584134,-2.7362447869737325,-2.8996512195164716,-2.789698811528507,-2.4996458790084617,0.42932579767813994,5.0,1.0
6,15,-5.0,-4.0,703,379,324,-2.182000198622044,-2.7045969848016225,True,0.5225967861795784,-2.8387130523584134,-2.7362447869737325,-2.8996512195164716,-2.789698811528507,-2.4996458790084617,0.607698612906463,5.0,1.0
6,16,-4.0,-3.0,703,0,703,,-2.7045969848016225,True,,-2.8387130523584134,-2.7362447869737325,-2.8996512195164716,-2.789698811528507,-2.4996458790084617,,,
6,17,-3.0,-2.0,702,0,702,,-2.7045969848016225,True,,-2.8387130523584134,-2.7362447869737325,-2.8996512195164716,-2.789698811528507,-2.4996458790084617,,,
6,18,-2.0,-1.0,703,0,703,,-2.7045969848016225,True,,-2.8387130523584134,-2.7362447869737325,-2.8996512195164716,-2.789698811528507,-2.4996458790084617,,,
6,19,-1.0,0.0,702,0,702,,-2.7045969848016225,True,,-2.8387130523584134,-2.7362447869737325,-2.8996512195164716,-2.789698811528507,-2.4996458790084617,,,
6,20,0.0,1.0,703,0,703,,-2.7045969848016225,True,,-2.8387130523584134,-2.7362447869737325,-2.8996512195164716,-2.789698811528507,-2.4996458790084617,,,
6,21,1.0,2.0,702,0,702,,-2.7045969848016225,True,,-2.8387130523584134,-2.7362447869737325,-2.8996512195164716,-2.789698811528507,-2.4996458790084617,,,
6,22,2.0,3.0,703,0,703,,-2.7045969848016225,True,,-2.8387130523584134,-2.7362447869737325,-2.8996512195164716,-2.789698811528507,-2.4996458790084617,,,
6,23,3.0,4.0,703,74,629,-2.9194882766285057,-2.7045969848016225,True,-0.21489129182688327,-2.8387130523584134,-2.7362447869737325,-2.8996512195164716,-2.789698811528507,-2.4996458790084617,-0.12978946509999867,1.0,-1.0
6,24,4.0,5.0,702,86,616,-2.8455249756214,-2.7045969848016225,True,-0.14092799081977736,-2.8387130523584134,-2.7362447869737325,-2.8996512195164716,-2.789698811528507,-2.4996458790084617,-0.05582616409289276,2.0,-0.5
6,25,5.0,6.0,703,49,654,-3.0506214229013495,-2.7045969848016225,True,-0.34602443809972705,-2.8387130523584134,-2.7362447869737325,-2.8996512195164716,-2.789698811528507,-2.4996458790084617,-0.260922611372842,1.0,-1.0
6,26,6.0,7.0,702,0,702,,-2.7045969848016225,True,,-2.8387130523584134,-2.7362447869737325,-2.8996512195164716,-2.789698811528507,-2.4996458790084617,,,
6,27,7.0,8.0,703,108,595,-2.819167231696304,-2.7045969848016225,True,-0.11457024689468165,-2.8387130523584134,-2.7362447869737325,-2.8996512195164716,-2.789698811528507,-2.4996458790084617,-0.02946842016779705,3.0,0.0
6,28,8.0,9.0,702,193,509,-2.446506950784487,-2.7045969848016225,True,0.2580900340171355,-2.8387130523584134,-2.7362447869737325,-2.8996512195164716,-2.789698811528507,-2.4996458790084617,0.3431918607440201,5.0,1.0
6,29,9.0,10.0,703,210,493,-2.4648439677077834,-2.7045969848016225,True,0.23975301709383912,-2.8387130523584134,-2.7362447869737325,-2.8996512195164716,-2.789698811528507,-2.4996458790084617,0.32485484382072327,5.0,1.0
6,30,10.0,11.0,703,332,371,-2.318046742718418,-2.7045969848016225,True,0.3865502420832043,-2.8387130523584134,-2.7362447869737325,-2.8996512195164716,-2.789698811528507,-2.4996458790084617,0.4716520688100889,5.0,1.0
6,31,11.0,12.0,702,66,636,-2.2752495079971222,-2.7045969848016225,True,0.42934747680450025,-2.8387130523584134,-2.7362447869737325,-2.8996512195164716,-2.789698811528507,-2.4996458790084617,0.5144493035313848,5.0,1.0
6,32,12.0,13.0,703,284,419,-2.260429820978076,-2.7045969848016225,True,0.4441671638235465,-2.8387130523584134,-2.7362447869737325,-2.8996512195164716,-2.789698811528507,-2.4996458790084617,0.5292689905504311,5.0,1.0
6,33,13.0,14.0,702,283,419,-2.358906425931021,-2.7045969848016225,True,0.3456905588706016,-2.8387130523584134,-2.7362447869737325,-2.8996512195164716,-2.789698811528507,-2.4996458790084617,0.4307923855974862,5.0,1.0
6,34,14.0,15.0,703,0,703,,-2.7045969848016225,True,,-2.8387130523584134,-2.7362447869737325,-2.8996512195164716,-2.789698811528507,-2.4996458790084617,,,
6,35,15.0,16.0,702,0,702,,-2.7045969848016225,True,,-2.8387130523584134,-2.7362447869737325,-2.8996512195164716,-2.789698811528507,-2.4996458790084617,,,
6,36,16.0,17.0,703,0,703,,-2.7045969848016225,True,,-2.8387130523584134,-2.7362447869737325,-2.8996512195164716,-2.789698811528507,-2.4996458790084617,,,
6,37,17.0,18.0,703,0,703,,-2.7045969848016225,True,,-2.8387130523584134,-2.7362447869737325,-2.8996512195164716,-2.789698811528507,-2.4996458790084617,,,
6,38,18.0,19.0,702,0,702,,-2.7045969848016225,True,,-2.8387130523584134,-2.7362447869737325,-2.8996512195164716,-2.789698811528507,-2.4996458790084617,,,
6,39,19.0,20.0,703,105,598,-2.7232954652956507,-2.7045969848016225,True,-0.018698480494028225,-2.8387130523584134,-2.7362447869737325,-2.8996512195164716,-2.789698811528507,-2.4996458790084617,0.06640334623285638,4.0,0.5
7,0,-20.0,-19.0,702,139,563,-2.722465599206391,-2.759570728572151,True,0.03710512936576027,-2.770099275446101,-2.7186208339665128,-2.8616434487855242,-2.722465599206391,-2.6775825056972407,0.0,3.0,0.0
7,1,-19.0,-18.0,703,87,616,-2.9744792518599823,-2.759570728572151,True,-0.21490852328783117,-2.770099275446101,-2.7186208339665128,-2.8616434487855242,-2.722465599206391,-2.6775825056972407,-0.25201365265359144,1.0,-1.0
7,2,-18.0,-17.0,702,101,601,-2.616284069844456,-2.759570728572151,True,0.1432866587276953,-2.770099275446101,-2.7186208339665128,-2.8616434487855242,-2.722465599206391,-2.6775825056972407,0.10618152936193503,5.0,1.0
7,3,-17.0,-16.0,703,108,595,-2.9352860536363132,-2.759570728572151,True,-0.1757153250641621,-2.770099275446101,-2.7186208339665128,-2.8616434487855242,-2.722465599206391,-2.6775825056972407,-0.21282045442992192,1.0,-1.0
7,4,-16.0,-15.0,703,114,589,-2.7181936378287492,-2.759570728572151,True,0.0413770907434019,-2.770099275446101,-2.7186208339665128,-2.8616434487855242,-2.722465599206391,-2.6775825056972407,0.004271961377642075,4.0,0.5
7,5,-15.0,-14.0,702,113,589,-2.717621033341928,-2.759570728572151,True,0.04194969523022296,-2.770099275446101,-2.7186208339665128,-2.8616434487855242,-2.722465599206391,-2.6775825056972407,0.004844565864462691,4.0,0.5
7,6,-14.0,-13.0,703,124,579,-2.7846714032764677,-2.759570728572151,True,-0.02510067470431654,-2.770099275446101,-2.7186208339665128,-2.8616434487855242,-2.722465599206391,-2.6775825056972407,-0.06220580407007725,2.0,-0.5
7,7,-13.0,-12.0,702,141,561,-2.7171030784627037,-2.759570728572151,True,0.04246765010944742,-2.770099275446101,-2.7186208339665128,-2.8616434487855242,-2.722465599206391,-2.6775825056972407,0.005362520743686705,4.0,0.5
7,8,-12.0,-11.0,703,175,528,-2.922845178107324,-2.759570728572151,True,-0.163274449535173,-2.770099275446101,-2.7186208339665128,-2.8616434487855242,-2.722465599206391,-2.6775825056972407,-0.20037957890093328,1.0,-1.0
7,9,-11.0,-10.0,702,98,604,-2.775391906139402,-2.759570728572151,True,-0.015821177567250988,-2.770099275446101,-2.7186208339665128,-2.8616434487855242,-2.722465599206391,-2.6775825056972407,-0.05292630693301126,2.0,-0.5
7,10,-10.0,-9.0,703,173,530,-2.867107592474817,-2.759570728572151,True,-0.10753686390266592,-2.770099275446101,-2.7186208339665128,-2.8616434487855242,-2.722465599206391,-2.6775825056972407,-0.1446419932684262,1.0,-1.0
7,11,-9.0,-8.0,703,209,494,-2.856179305096232,-2.759570728572151,True,-0.09660857652408072,-2.770099275446101,-2.7186208339665128,-2.8616434487855242,-2.722465599206391,-2.6775825056972407,-0.133713705889841,2.0,-0.5
7,12,-8.0,-7.0,702,140,562,-2.512387259268641,-2.759570728572151,True,0.24718346930350998,-2.770099275446101,-2.7186208339665128,-2.8616434487855242,-2.722465599206391,-2.6775825056972407,0.21007833993774971,5.0,1.0
7,13,-7.0,-6.0,703,101,602,-2.602299651780875,-2.759570728572151,True,0.15727107679127617,-2.770099275446101,-2.7186208339665128,-2.8616434487855242,-2.722465599206391,-2.6775825056972407,0.1201659474255159,5.0,1.0
7,14,-6.0,-5.0,702,121,581,-2.707261179648104,-2.759570728572151,True,0.05230954892404727,-2.770099275446101,-2.7186208339665128,-2.8616434487855242,-2.722465599206391,-2.6775825056972407,0.015204419558286997,4.0,0.5
7,15,-5.0,-4.0,703,127,576,-2.6479038317463766,-2.759570728572151,True,0.11166689682577458,-2.770099275446101,-2.7186208339665128,-2.8616434487855242,-2.722465599206391,-2.6775825056972407,0.07456176746001386,5.0,1.0
7,16,-4.0,-3.0,702,171,531,-3.0163492169832056,-2.759570728572151,True,-0.25677848841105444,-2.770099275446101,-2.7186208339665128,-2.8616434487855242,-2.722465599206391,-2.6775825056972407,-0.2938836177768147,1.0,-1.0
7,17,-3.0,-2.0,703,0,703,,-2.759570728572151,True,,-2.770099275446101,-2.7186208339665128,-2.8616434487855242,-2.722465599206391,-2.6775825056972407,,,
7,18,-2.0,-1.0,702,143,559,-2.8363972937999224,-2.759570728572151,True,-0.07682656522777132,-2.770099275446101,-2.7186208339665128,-2.8616434487855242,-2.722465599206391,-2.6775825056972407,-0.11393169459353159,2.0,-0.5
7,19,-1.0,0.0,703,185,518,-2.501617300368976,-2.759570728572151,True,0.25795342820317524,-2.770099275446101,-2.7186208339665128,-2.8616434487855242,-2.722465599206391,-2.6775825056972407,0.22084829883741497,5.0,1.0
7,20,0.0,1.0,703,0,703,,-2.759570728572151,True,,-2.770099275446101,-2.7186208339665128,-2.8616434487855242,-2.722465599206391,-2.6775825056972407,,,
7,21,1.0,2.0,702,231,471,-2.4095895684803335,-2.759570728572151,True,0.3499811600918177,-2.770099275446101,-2.7186208339665128,-2.8616434487855242,-2.722465599206391,-2.6775825056972407,0.31287603072605785,5.0,1.0
7,22,2.0,3.0,703,329,374,-2.295510737813669,-2.759570728572151,True,0.46405999075848214,-2.770099275446101,-2.7186208339665128,-2.8616434487855242,-2.722465599206391,-2.6775825056972407,0.4269548613927219,5.0,1.0
7,23,3.0,4.0,702,217,485,-2.38779268551519,-2.759570728572151,True,0.37177804305696105,-2.770099275446101,-2.7186208339665128,-2.8616434487855242,-2.722465599206391,-2.6775825056972407,0.3346729136912008,5.0,1.0
7,24,4.0,5.0,703,367,336,-2.253067156796127,-2.759570728572151,True,0.5065035717760242,-2.770099275446101,-2.7186208339665128,-2.8616434487855242,-2.722465599206391,-2.6775825056972407,0.46939844241026396,5.0,1.0
7,25,5.0,6.0,702,0,702,,-2.759570728572151,True,,-2.770099275446101,-2.7186208339665128,-2.8616434487855242,-2.722465599206391,-2.6775825056972407,,,
7,26,6.0,7.0,703,0,703,,-2.759570728572151,True,,-2.770099275446101,-2.7186208339665128,-2.8616434487855242,-2.722465599206391,-2.6775825056972407,,,
7,27,7.0,8.0,703,0,703,,-2.759570728572151,True,,-2.770099275446101,-2.7186208339665128,-2.8616434487855242,-2.722465599206391,-2.6775825056972407,,,
7,28,8.0,9.0,702,0,702,,-2.759570728572151,True,,-2.770099275446101,-2.7186208339665128,-2.8616434487855242,-2.722465599206391,-2.6775825056972407,,,
7,29,9.0,10.0,703,99,604,-2.9392174828064648,-2.759570728572151,True,-0.17964675423431364,-2.770099275446101,-2.7186208339665128,-2.8616434487855242,-2.722465599206391,-2.6775825056972407,-0.2167518836000739,1.0,-1.0
7,30,10.0,11.0,702,161,541,-2.633924367093722,-2.759570728572151,True,0.1256463614784291,-2.770099275446101,-2.7186208339665128,-2.8616434487855242,-2.722465599206391,-2.6775825056972407,0.08854123211266884,5.0,1.0
7,31,11.0,12.0,703,194,509,-2.74309610677746,-2.759570728572151,True,0.016474621794690947,-2.770099275446101,-2.7186208339665128,-2.8616434487855242,-2.722465599206391,-2.6775825056972407,-0.020630507571069323,3.0,0.0
7,32,12.0,13.0,702,235,467,-2.7255874299173843,-2.759570728572151,True,0.03398329865476679,-2.770099275446101,-2.7186208339665128,-2.8616434487855242,-2.722465599206391,-2.6775825056972407,-0.0031218307109934784,3.0,0.0
7,33,13.0,14.0,703,126,577,-2.6991673783453125,-2.759570728572151,True,0.060403350226838626,-2.770099275446101,-2.7186208339665128,-2.8616434487855242,-2.722465599206391,-2.6775825056972407,0.023298220861078356,4.0,0.5
7,34,14.0,15.0,703,113,590,-2.7676299230716315,-2.759570728572151,True,-0.008059194499480338,-2.770099275446101,-2.7186208339665128,-2.8616434487855242,-2.722465599206391,-2.6775825056972407,-0.04516432386524061,3.0,0.0
7,35,15.0,16.0,702,204,498,-2.461618299785791,-2.759570728572151,True,0.2979524287863602,-2.770099275446101,-2.7186208339665128,-2.8616434487855242,-2.722465599206391,-2.6775825056972407,0.2608472994205999,5.0,1.0
7,36,16.0,17.0,703,35,668,-2.9857431722002965,-2.759570728572151,True,-0.22617244362814537,-2.770099275446101,-2.7186208339665128,-2.8616434487855242,-2.722465599206391,-2.6775825056972407,-0.26327757299390564,1.0,-1.0
7,37,17.0,18.0,702,83,619,-2.5315250300303593,-2.759570728572151,True,0.2280456985417918,-2.770099275446101,-2.7186208339665128,-2.8616434487855242,-2.722465599206391,-2.6775825056972407,0.19094056917603108,5.0,1.0
7,38,18.0,19.0,703,141,562,-2.5874125362642726,-2.759570728572151,True,0.17215819230787854,-2.770099275446101,-2.7186208339665128,-2.8616434487855242,-2.722465599206391,-2.6775825056972407,0.13505306294211827,5.0,1.0
7,39,19.0,20.0,702,133,569,-2.7780771372545825,-2.759570728572151,True,-0.018506408682431363,-2.770099275446101,-2.7186208339665128,-2.8616434487855242,-2.722465599206391,-2.6775825056972407,-0.05561153804819163,2.0,-0.5
8,0,-20.0,-19.0,702,160,542,-2.686245894827751,-2.8977483392729444,True,0.2115024444451934,-2.886986530957052,-2.8598971138654012,-2.981553139118582,-2.8754115862618503,-2.8133373412812177,0.18916569143409934,5.0,1.0
8,1,-19.0,-18.0,703,86,617,-2.7360277245661524,-2.8977483392729444,True,0.161720614706792,-2.886986530957052,-2.8598971138654012,-2.981553139118582,-2.8754115862618503,-2.8133373412812177,0.13938386169569794,5.0,1.0
8,2,-18.0,-17.0,702,117,585,-2.6466781831798754,-2.8977483392729444,True,0.25107015609306904,-2.886986530957052,-2.8598971138654012,-2.981553139118582,-2.8754115862618503,-2.8133373412812177,0.22873340308197454,5.0,1.0
8,3,-17.0,-16.0,703,94,609,-2.837221453540463,-2.8977483392729444,True,0.06052688573248144,-2.886986530957052,-2.8598971138654012,-2.981553139118582,-2.8754115862618503,-2.8133373412812177,0.03819013272138738,4.0,0.5
8,4,-16.0,-15.0,702,106,596,-2.7588649477840885,-2.8977483392729444,True,0.13888339148885587,-2.886986530957052,-2.8598971138654012,-2.981553139118582,-2.8754115862618503,-2.8133373412812177,0.11654663847776181,5.0,1.0
8,5,-15.0,-14.0,703,89,614,-2.810374991728501,-2.8977483392729444,True,0.08737334754444337,-2.886986530957052,-2.8598971138654012,-2.981553139118582,-2.8754115862618503,-2.8133373412812177,0.06503659453334931,5.0,1.0
8,6,-14.0,-13.0,702,102,600,-2.8162996908339344,-2.8977483392729444,True,0.08144864843901001,-2.886986530957052,-2.8598971138654012,-2.981553139118582,-2.8754115862618503,-2.8133373412812177,0.05911189542791595,4.0,0.5
8,7,-13.0,-12.0,703,36,667,-3.3947402211362503,-2.8977483392729444,True,-0.4969918818633059,-2.886986530957052,-2.8598971138654012,-2.981553139118582,-2.8754115862618503,-2.8133373412812177,-0.5193286348744,1.0,-1.0
8,8,-12.0,-11.0,703,30,673,-3.0001933498742868,-2.8977483392729444,True,-0.10244501060134237,-2.886986530957052,-2.8598971138654012,-2.981553139118582,-2.8754115862618503,-2.8133373412812177,-0.12478176361243642,1.0,-1.0
8,9,-11.0,-10.0,702,0,702,,-2.8977483392729444,True,,-2.886986530957052,-2.8598971138654012,-2.981553139118582,-2.8754115862618503,-2.8133373412812177,,,
8,10,-10.0,-9.0,703,100,603,-2.9472911500739642,-2.8977483392729444,True,-0.049542810801019854,-2.886986530957052,-2.8598971138654012,-2.981553139118582,-2.8754115862618503,-2.8133373412812177,-0.07187956381211347,2.0,-0.5
8,11,-9.0,-8.0,702,74,628,-2.8581732835991294,-2.8977483392729444,True,0.03957505567381503,-2.886986530957052,-2.8598971138654012,-2.981553139118582,-2.8754115862618503,-2.8133373412812177,0.017238302662720972,4.0,0.5
8,12,-8.0,-7.0,703,100,603,-3.043145575559746,-2.8977483392729444,True,-0.14539723628680168,-2.886986530957052,-2.8598971138654012,-2.981553139118582,-2.8754115862618503,-2.8133373412812177,-0.16773398929789574,1.0,-1.0
8,13,-7.0,-6.0,702,98,604,-2.8290173324927883,-2.8977483392729444,True,0.06873100678015609,-2.886986530957052,-2.8598971138654012,-2.981553139118582,-2.8754115862618503,-2.8133373412812177,0.04639425376906203,4.0,0.5
8,14,-6.0,-5.0,703,95,608,-3.0665260154645213,-2.8977483392729444,True,-0.1687776761915769,-2.886986530957052,-2.8598971138654012,-2.981553139118582,-2.8754115862618503,-2.8133373412812177,-0.19111442920267097,1.0,-1.0
8,15,-5.0,-4.0,703,92,611,-2.8937206664929316,-2.8977483392729444,True,0.004027672780012814,-2.886986530957052,-2.8598971138654012,-2.981553139118582,-2.8754115862618503,-2.8133373412812177,-0.018309080231081687,2.0,-0.5
8,16,-4.0,-3.0,702,28,674,-2.8882726359231854,-2.8977483392729444,True,0.009475703349759002,-2.886986530957052,-2.8598971138654012,-2.981553139118582,-2.8754115862618503,-2.8133373412812177,-0.012861049661335056,2.0,-0.5
8,17,-3.0,-2.0,703,158,545,-2.9629129283628766,-2.8977483392729444,True,-0.06516458908993217,-2.886986530957052,-2.8598971138654012,-2.981553139118582,-2.8754115862618503,-2.8133373412812177,-0.08750134210102667,2.0,-0.5
8,18,-2.0,-1.0,702,102,600,-2.8754115862618503,-2.8977483392729444,True,0.022336753011094057,-2.886986530957052,-2.8598971138654012,-2.981553139118582,-2.8754115862618503,-2.8133373412812177,0.0,3.0,0.0
8,19,-1.0,0.0,703,113,590,-3.0061008144836525,-2.8977483392729444,True,-0.10835247521070812,-2.886986530957052,-2.8598971138654012,-2.981553139118582,-2.8754115862618503,-2.8133373412812177,-0.13068922822180218,1.0,-1.0
8,20,0.0,1.0,702,0,702,,-2.8977483392729444,True,,-2.886986530957052,-2.8598971138654012,-2.981553139118582,-2.8754115862618503,-2.8133373412812177,,,
8,21,1.0,2.0,703,41,662,-3.145190652962872,-2.8977483392729444,True,-0.24744231368992775,-2.886986530957052,-2.8598971138654012,-2.981553139118582,-2.8754115862618503,-2.8133373412812177,-0.2697790667010218,1.0,-1.0
8,22,2.0,3.0,703,115,588,-3.051692400604943,-2.8977483392729444,True,-0.15394406133199867,-2.886986530957052,-2.8598971138654012,-2.981553139118582,-2.8754115862618503,-2.8133373412812177,-0.17628081434309273,1.0,-1.0
8,23,3.0,4.0,702,200,502,-2.8612541654060664,-2.8977483392729444,True,0.03649417386687803,-2.886986530957052,-2.8598971138654012,-2.981553139118582,-2.8754115862618503,-2.8133373412812177,0.014157420855783975,3.0,0.0
8,24,4.0,5.0,703,0,703,,-2.8977483392729444,True,,-2.886986530957052,-2.8598971138654012,-2.981553139118582,-2.8754115862618503,-2.8133373412812177,,,
8,25,5.0,6.0,702,101,601,-2.914971584952502,-2.8977483392729444,True,-0.017223245679557575,-2.886986530957052,-2.8598971138654012,-2.981553139118582,-2.8754115862618503,-2.8133373412812177,-0.03955999869065163,2.0,-0.5
8,26,6.0,7.0,703,163,540,-2.7525263491788223,-2.8977483392729444,True,0.14522199009412207,-2.886986530957052,-2.8598971138654012,-2.981553139118582,-2.8754115862618503,-2.8133373412812177,0.12288523708302801,5.0,1.0
8,27,7.0,8.0,702,179,523,-2.730336824135115,-2.8977483392729444,True,0.16741151513782926,-2.886986530957052,-2.8598971138654012,-2.981553139118582,-2.8754115862618503,-2.8133373412812177,0.1450747621267352,5.0,1.0
8,28,8.0,9.0,703,72,631,-2.958281815546485,-2.8977483392729444,True,-0.060533476273540554,-2.886986530957052,-2.8598971138654012,-2.981553139118582,-2.8754115862618503,-2.8133373412812177,-0.08287022928463461,2.0,-0.5
8,29,9.0,10.0,703,156,547,-2.738585174357422,-2.8977483392729444,True,0.15916316491552251,-2.886986530957052,-2.8598971138654012,-2.981553139118582,-2.8754115862618503,-2.8133373412812177,0.13682641190442846,5.0,1.0
8,30,10.0,11.0,702,207,495,-2.686993328751456,-2.8977483392729444,True,0.21075501052148837,-2.886986530957052,-2.8598971138654012,-2.981553139118582,-2.8754115862618503,-2.8133373412812177,0.18841825751039432,5.0,1.0
8,31,11.0,12.0,703,150,553,-2.855581533011414,-2.8977483392729444,True,0.042166806261530354,-2.886986530957052,-2.8598971138654012,-2.981553139118582,-2.8754115862618503,-2.8133373412812177,0.019830053250436297,4.0,0.5
8,32,12.0,13.0,702,153,549,-2.931570265137146,-2.8977483392729444,True,-0.03382192586420141,-2.886986530957052,-2.8598971138654012,-2.981553139118582,-2.8754115862618503,-2.8133373412812177,-0.056158678875295465,2.0,-0.5
8,33,13.0,14.0,703,90,613,-2.842179100719399,-2.8977483392729444,True,0.055569238553545564,-2.886986530957052,-2.8598971138654012,-2.981553139118582,-2.8754115862618503,-2.8133373412812177,0.033232485542451506,4.0,0.5
8,34,14.0,15.0,702,78,624,-2.805673983281759,-2.8977483392729444,True,0.09207435599118519,-2.886986530957052,-2.8598971138654012,-2.981553139118582,-2.8754115862618503,-2.8133373412812177,0.06973760298009113,5.0,1.0
8,35,15.0,16.0,703,0,703,,-2.8977483392729444,True,,-2.886986530957052,-2.8598971138654012,-2.981553139118582,-2.8754115862618503,-2.8133373412812177,,,
8,36,16.0,17.0,703,165,538,-2.7971086601371504,-2.8977483392729444,True,0.10063967913579397,-2.886986530957052,-2.8598971138654012,-2.981553139118582,-2.8754115862618503,-2.8133373412812177,0.07830292612469991,5.0,1.0
8,37,17.0,18.0,702,129,573,-2.897544757550848,-2.8977483392729444,True,0.00020358172209622438,-2.886986530957052,-2.8598971138654012,-2.981553139118582,-2.8754115862618503,-2.8133373412812177,-0.022133171288997833,2.0,-0.5
8,38,18.0,19.0,703,149,554,-2.945390515504181,-2.8977483392729444,True,-0.047642176231236455,-2.886986530957052,-2.8598971138654012,-2.981553139118582,-2.8754115862618503,-2.8133373412812177,-0.06997892924233051,2.0,-0.5
8,39,19.0,20.0,702,89,613,-2.8270612416178142,-2.8977483392729444,True,0.07068709765513015,-2.886986530957052,-2.8598971138654012,-2.981553139118582,-2.8754115862618503,-2.8133373412812177,0.04835034464403609,4.0,0.5
9,0,-20.0,-19.0,703,138,565,-2.894817629668406,-2.908531642573848,True,0.01371401290544183,-2.9386272178886217,-2.8934189110336823,-2.989801850517308,-2.894817629668406,-2.810203151810363,0.0,3.0,0.0
9,1,-19.0,-18.0,703,158,545,-2.982298987388379,-2.908531642573848,True,-0.07376734481453129,-2.9386272178886217,-2.8934189110336823,-2.989801850517308,-2.894817629668406,-2.810203151810363,-0.08748135771997312,2.0,-0.5
9,2,-18.0,-17.0,702,115,587,-2.731817017551139,-2.908531642573848,True,0.17671462502270874,-2.9386272178886217,-2.8934189110336823,-2.989801850517308,-2.894817629668406,-2.810203151810363,0.1630006121172669,5.0,1.0
9,3,-17.0,-16.0,703,121,582,-2.8840383667581464,-2.908531642573848,True,0.024493275815701487,-2.9386272178886217,-2.8934189110336823,-2.989801850517308,-2.894817629668406,-2.810203151810363,0.010779262910259657,4.0,0.5
9,4,-16.0,-15.0,702,101,601,-2.8316020778927333,-2.908531642573848,True,0.07692956468111456,-2.9386272178886217,-2.8934189110336823,-2.989801850517308,-2.894817629668406,-2.810203151810363,0.06321555177567273,4.0,0.5
9,5,-15.0,-14.0,703,113,590,-2.9654448097872894,-2.908531642573848,True,-0.05691316721344153,-2.9386272178886217,-2.8934189110336823,-2.989801850517308,-2.894817629668406,-2.810203151810363,-0.07062718011888336,2.0,-0.5
9,6,-14.0,-13.0,702,100,602,-2.77301349394451,-2.908531642573848,True,0.13551814862933798,-2.9386272178886217,-2.8934189110336823,-2.989801850517308,-2.894817629668406,-2.810203151810363,0.12180413572389615,5.0,1.0
9,7,-13.0,-12.0,703,86,617,-2.755560410757912,-2.908531642573848,True,0.15297123181593575,-2.9386272178886217,-2.8934189110336823,-2.989801850517308,-2.894817629668406,-2.810203151810363,0.13925721891049392,5.0,1.0
9,8,-12.0,-11.0,703,106,597,-2.7888042257279935,-2.908531642573848,True,0.11972741684585442,-2.9386272178886217,-2.8934189110336823,-2.989801850517308,-2.894817629668406,-2.810203151810363,0.10601340394041303,5.0,1.0
9,9,-11.0,-10.0,702,172,530,-2.8932634978520464,-2.908531642573848,True,0.015268144721801491,-2.9386272178886217,-2.8934189110336823,-2.989801850517308,-2.894817629668406,-2.810203151810363,0.0015541318163596607,4.0,0.5
9,10,-10.0,-9.0,703,138,565,-2.9434949499130902,-2.908531642573848,True,-0.034963307339242355,-2.9386272178886217,-2.8934189110336823,-2.989801850517308,-2.894817629668406,-2.810203151810363,-0.048677320244684186,2.0,-0.5
9,11,-9.0,-8.0,702,121,581,-2.7724851443935323,-2.908531642573848,True,0.13604649818031556,-2.9386272178886217,-2.8934189110336823,-2.989801850517308,-2.894817629668406,-2.810203151810363,0.12233248527487373,5.0,1.0
9,12,-8.0,-7.0,703,154,549,-3.0275091603387394,-2.908531642573848,True,-0.11897751776489152,-2.9386272178886217,-2.8934189110336823,-2.989801850517308,-2.894817629668406,-2.810203151810363,-0.13269153067033335,1.0,-1.0
9,13,-7.0,-6.0,702,126,576,-3.0449777936238673,-2.908531642573848,True,-0.13644615105001945,-2.9386272178886217,-2.8934189110336823,-2.989801850517308,-2.894817629668406,-2.810203151810363,-0.15016016395546172,1.0,-1.0
9,14,-6.0,-5.0,703,0,703,,-2.908531642573848,True,,-2.9386272178886217,-2.8934189110336823,-2.989801850517308,-2.894817629668406,-2.810203151810363,,,
9,15,-5.0,-4.0,702,102,600,-3.040913601394137,-2.908531642573848,True,-0.13238195882028903,-2.9386272178886217,-2.8934189110336823,-2.989801850517308,-2.894817629668406,-2.810203151810363,-0.14609597172573086,1.0,-1.0
9,16,-4.0,-3.0,703,60,643,-2.89265175156409,-2.908531642573848,True,0.01587989100975795,-2.9386272178886217,-2.8934189110336823,-2.989801850517308,-2.894817629668406,-2.810203151810363,0.0021658781043161213,4.0,0.5
9,17,-3.0,-2.0,703,133,570,-2.963980782684687,-2.908531642573848,True,-0.055449140110839235,-2.9386272178886217,-2.8934189110336823,-2.989801850517308,-2.894817629668406,-2.810203151810363,-0.06916315301628106,2.0,-0.5
9,18,-2.0,-1.0,702,145,557,-3.07812279401618,-2.908531642573848,True,-0.16959115144233206,-2.9386272178886217,-2.8934189110336823,-2.989801850517308,-2.894817629668406,-2.810203151810363,-0.18330516434777389,1.0,-1.0
9,19,-1.0,0.0,703,13,690,-2.9973047136462365,-2.908531642573848,True,-0.08877307107238863,-2.9386272178886217,-2.8934189110336823,-2.989801850517308,-2.894817629668406,-2.810203151810363,-0.10248708397783046,1.0,-1.0
9,20,0.0,1.0,702,97,605,-2.843621917744634,-2.908531642573848,True,0.06490972482921409,-2.9386272178886217,-2.8934189110336823,-2.989801850517308,-2.894817629668406,-2.810203151810363,0.05119571192377226,4.0,0.5
9,21,1.0,2.0,703,98,605,-2.7376143954089964,-2.908531642573848,True,0.17091724716485146,-2.9386272178886217,-2.8934189110336823,-2.989801850517308,-2.894817629668406,-2.810203151810363,0.15720323425940963,5.0,1.0
9,22,2.0,3.0,702,164,538,-3.132588311649603,-2.908531642573848,True,-0.22405666907575528,-2.9386272178886217,-2.8934189110336823,-2.989801850517308,-2.894817629668406,-2.810203151810363,-0.2377706819811971,1.0,-1.0
9,23,3.0,4.0,703,78,625,-2.900457641240948,-2.908531642573848,True,0.008074001332899705,-2.9386272178886217,-2.8934189110336823,-2.989801850517308,-2.894817629668406,-2.810203151810363,-0.005640011572542125,3.0,0.0
9,24,4.0,5.0,703,0,703,,-2.908531642573848,True,,-2.9386272178886217,-2.8934189110336823,-2.989801850517308,-2.894817629668406,-2.810203151810363,,,
9,25,5.0,6.0,702,136,566,-2.91920814822778,-2.908531642573848,True,-0.010676505653932189,-2.9386272178886217,-2.8934189110336823,-2.989801850517308,-2.894817629668406,-2.810203151810363,-0.02439051855937402,3.0,0.0
9,26,6.0,7.0,703,89,614,-3.0584194613671407,-2.908531642573848,True,-0.14988781879329283,-2.9386272178886217,-2.8934189110336823,-2.989801850517308,-2.894817629668406,-2.810203151810363,-0.16360183169873466,1.0,-1.0
9,27,7.0,8.0,702,161,541,-3.007773247309605,-2.908531642573848,True,-0.09924160473575716,-2.9386272178886217,-2.8934189110336823,-2.989801850517308,-2.894817629668406,-2.810203151810363,-0.11295561764119899,1.0,-1.0
9,28,8.0,9.0,703,88,615,-2.753858378592584,-2.908531642573848,True,0.1546732639812638,-2.9386272178886217,-2.8934189110336823,-2.989801850517308,-2.894817629668406,-2.810203151810363,0.14095925107582197,5.0,1.0
9,29,9.0,10.0,702,124,578,-2.750806746396577,-2.908531642573848,True,0.15772489617727103,-2.9386272178886217,-2.8934189110336823,-2.989801850517308,-2.894817629668406,-2.810203151810363,0.1440108832718292,5.0,1.0
9,30,10.0,11.0,703,50,653,-2.8158771552581627,-2.908531642573848,True,0.09265448731568515,-2.9386272178886217,-2.8934189110336823,-2.989801850517308,-2.894817629668406,-2.810203151810363,0.07894047441024332,4.0,0.5
9,31,11.0,12.0,703,137,566,-2.8521875721524013,-2.908531642573848,True,0.056344070421446624,-2.9386272178886217,-2.8934189110336823,-2.989801850517308,-2.894817629668406,-2.810203151810363,0.04263005751600479,4.0,0.5
9,32,12.0,13.0,702,182,520,-2.911121099277667,-2.908531642573848,True,-0.0025894567038191596,-2.9386272178886217,-2.8934189110336823,-2.989801850517308,-2.894817629668406,-2.810203151810363,-0.01630346960926099,3.0,0.0
9,33,13.0,14.0,703,14,689,-3.2091223804518907,-2.908531642573848,True,-0.3005907378780428,-2.9386272178886217,-2.8934189110336823,-2.989801850517308,-2.894817629668406,-2.810203151810363,-0.31430475078348463,1.0,-1.0
9,34,14.0,15.0,702,143,559,-2.5864066690682574,-2.908531642573848,True,0.32212497350559044,-2.9386272178886217,-2.8934189110336823,-2.989801850517308,-2.894817629668406,-2.810203151810363,0.30841096060014905,5.0,1.0
9,35,15.0,16.0,703,107,596,-2.6836567131463718,-2.908531642573848,True,0.2248749294274761,-2.9386272178886217,-2.8934189110336823,-2.989801850517308,-2.894817629668406,-2.810203151810363,0.21116091652203384,5.0,1.0
9,36,16.0,17.0,702,139,563,-2.8902454792009586,-2.908531642573848,True,0.01828616337288924,-2.9386272178886217,-2.8934189110336823,-2.989801850517308,-2.894817629668406,-2.810203151810363,0.004572150467447855,4.0,0.5
9,37,17.0,18.0,703,87,616,-2.8780757413646314,-2.908531642573848,True,0.030455901209216485,-2.9386272178886217,-2.8934189110336823,-2.989801850517308,-2.894817629668406,-2.810203151810363,0.016741888303774655,4.0,0.5
9,38,18.0,19.0,703,72,631,-2.841188544996802,-2.908531642573848,True,0.06734309757704571,-2.9386272178886217,-2.8934189110336823,-2.989801850517308,-2.894817629668406,-2.810203151810363,0.05362908467160388,4.0,0.5
9,39,19.0,20.0,702,55,647,-3.1688786863990814,-2.908531642573848,True,-0.26034704382523355,-2.9386272178886217,-2.8934189110336823,-2.989801850517308,-2.894817629668406,-2.810203151810363,-0.27406105673067493,1.0,-1.0
10,0,-20.0,-19.0,703,67,636,-2.747181853356177,-2.782483770602728,True,0.03530191724655074,-2.7454709806760063,-2.7059519167789507,-2.8470064687732357,-2.731296090827824,-2.634935857761042,-0.015885762528353276,2.0,-0.5
10,1,-19.0,-18.0,702,145,557,-2.5104489955777884,-2.782483770602728,True,0.27203477502493945,-2.7454709806760063,-2.7059519167789507,-2.8470064687732357,-2.731296090827824,-2.634935857761042,0.22084709525003543,5.0,1.0
10,2,-18.0,-17.0,703,135,568,-2.6707331914967054,-2.782483770602728,True,0.11175057910602249,-2.7454709806760063,-2.7059519167789507,-2.8470064687732357,-2.731296090827824,-2.634935857761042,0.06056289933111847,4.0,0.5
10,3,-17.0,-16.0,702,98,604,-2.6526367887714475,-2.782483770602728,True,0.1298469818312804,-2.7454709806760063,-2.7059519167789507,-2.8470064687732357,-2.731296090827824,-2.634935857761042,0.07865930205637639,4.0,0.5
10,4,-16.0,-15.0,703,87,616,-3.0794312687945244,-2.782483770602728,True,-0.29694749819179656,-2.7454709806760063,-2.7059519167789507,-2.8470064687732357,-2.731296090827824,-2.634935857761042,-0.34813517796670057,1.0,-1.0
10,5,-15.0,-14.0,703,111,592,-2.842011015384725,-2.782483770602728,True,-0.059527244781997,-2.7454709806760063,-2.7059519167789507,-2.8470064687732357,-2.731296090827824,-2.634935857761042,-0.11071492455690102,2.0,-0.5
10,6,-14.0,-13.0,702,0,702,,-2.782483770602728,True,,-2.7454709806760063,-2.7059519167789507,-2.8470064687732357,-2.731296090827824,-2.634935857761042,,,
10,7,-13.0,-12.0,703,86,617,-2.8619928289387677,-2.782483770602728,True,-0.07950905833603983,-2.7454709806760063,-2.7059519167789507,-2.8470064687732357,-2.731296090827824,-2.634935857761042,-0.1306967381109443,1.0,-1.0
10,8,-12.0,-11.0,702,99,603,-3.044034103366677,-2.782483770602728,True,-0.261550332763949,-2.7454709806760063,-2.7059519167789507,-2.8470064687732357,-2.731296090827824,-2.634935857761042,-0.312738012538853,1.0,-1.0
10,9,-11.0,-10.0,703,110,593,-2.635559419608562,-2.782483770602728,True,0.146924350994166,-2.7454709806760063,-2.7059519167789507,-2.8470064687732357,-2.731296090827824,-2.634935857761042,0.09573667121926199,4.0,0.5
10,10,-10.0,-9.0,702,129,573,-2.7476330091671013,-2.782483770602728,True,0.0348507614356266,-2.7454709806760063,-2.7059519167789507,-2.8470064687732357,-2.731296090827824,-2.634935857761042,-0.016336918339277418,2.0,-0.5
10,11,-9.0,-8.0,703,100,603,-2.6330651722184824,-2.782483770602728,True,0.14941859838424554,-2.7454709806760063,-2.7059519167789507,-2.8470064687732357,-2.731296090827824,-2.634935857761042,0.09823091860934152,5.0,1.0
10,12,-8.0,-7.0,703,204,499,-2.5386384924738667,-2.782483770602728,True,0.24384527812886114,-2.7454709806760063,-2.7059519167789507,-2.8470064687732357,-2.731296090827824,-2.634935857761042,0.19265759835395713,5.0,1.0
10,13,-7.0,-6.0,702,0,702,,-2.782483770602728,True,,-2.7454709806760063,-2.7059519167789507,-2.8470064687732357,-2.731296090827824,-2.634935857761042,,,
10,14,-6.0,-5.0,703,9,694,-3.5000739642860594,-2.782483770602728,True,-0.7175901936833315,-2.7454709806760063,-2.7059519167789507,-2.8470064687732357,-2.731296090827824,-2.634935857761042,-0.7687778734582356,1.0,-1.0
10,15,-5.0,-4.0,702,80,622,-2.744900689782616,-2.782483770602728,True,0.03758308082011208,-2.7454709806760063,-2.7059519167789507,-2.8470064687732357,-2.731296090827824,-2.634935857761042,-0.013604598954791935,3.0,0.0
10,16,-4.0,-3.0,703,109,594,-2.7176914918730324,-2.782483770602728,True,0.06479227872969551,-2.7454709806760063,-2.7059519167789507,-2.8470064687732357,-2.731296090827824,-2.634935857761042,0.013604598954791491,3.0,0.0
10,17,-3.0,-2.0,702,204,498,-2.5937080445471143,-2.782483770602728,True,0.18877572605561355,-2.7454709806760063,-2.7059519167789507,-2.8470064687732357,-2.731296090827824,-2.634935857761042,0.13758804628070953,5.0,1.0
10,18,-2.0,-1.0,703,0,703,,-2.782483770602728,True,,-2.7454709806760063,-2.7059519167789507,-2.8470064687732357,-2.731296090827824,-2.634935857761042,,,
10,19,-1.0,0.0,703,0,703,,-2.782483770602728,True,,-2.7454709806760063,-2.7059519167789507,-2.8470064687732357,-2.731296090827824,-2.634935857761042,,,
10,20,0.0,1.0,702,0,702,,-2.782483770602728,True,,-2.7454709806760063,-2.7059519167789507,-2.8470064687732357,-2.731296090827824,-2.634935857761042,,,
10,21,1.0,2.0,703,71,632,-2.9802838056483103,-2.782483770602728,True,-0.1978000350455824,-2.7454709806760063,-2.7059519167789507,-2.8470064687732357,-2.731296090827824,-2.634935857761042,-0.24898771482048643,1.0,-1.0
10,22,2.0,3.0,702,75,627,-2.7728801053081247,-2.782483770602728,True,0.009603665294603214,-2.7454709806760063,-2.7059519167789507,-2.8470064687732357,-2.731296090827824,-2.634935857761042,-0.0415840144803008,2.0,-0.5
10,23,3.0,4.0,703,41,662,-2.9446508633359554,-2.782483770602728,True,-0.1621670927332275,-2.7454709806760063,-2.7059519167789507,-2.8470064687732357,-2.731296090827824,-2.634935857761042,-0.2133547725081315,1.0,-1.0
10,24,4.0,5.0,702,110,592,-2.8322131264306596,-2.782483770602728,True,-0.0497293558279317,-2.7454709806760063,-2.7059519167789507,-2.8470064687732357,-2.731296090827824,-2.634935857761042,-0.10091703560283616,2.0,-0.5
10,25,5.0,6.0,703,122,581,-2.7617464987139715,-2.782483770602728,True,0.020737271888756403,-2.7454709806760063,-2.7059519167789507,-2.8470064687732357,-2.731296090827824,-2.634935857761042,-0.030450407886147612,2.0,-0.5
10,26,6.0,7.0,703,190,513,-2.7982390006811864,-2.782483770602728,True,-0.01575523007845847,-2.7454709806760063,-2.7059519167789507,-2.8470064687732357,-2.731296090827824,-2.634935857761042,-0.06694290985336249,2.0,-0.5
10,27,7.0,8.0,702,168,534,-2.426485173783265,-2.782483770602728,True,0.3559985968194628,-2.7454709806760063,-2.7059519167789507,-2.8470064687732357,-2.731296090827824,-2.634935857761042,0.30481091704455876,5.0,1.0
10,28,8.0,9.0,703,30,673,-2.7524939675449143,-2.782483770602728,True,0.029989803057813624,-2.7454709806760063,-2.7059519167789507,-2.8470064687732357,-2.731296090827824,-2.634935857761042,-0.02119787671709039,2.0,-0.5
10,29,9.0,10.0,702,0,702,,-2.782483770602728,True,,-2.7454709806760063,-2.7059519167789507,-2.8470064687732357,-2.731296090827824,-2.634935857761042,,,
10,30,10.0,11.0,703,164,539,-2.5955779987576517,-2.782483770602728,True,0.18690577184507617,-2.7454709806760063,-2.7059519167789507,-2.8470064687732357,-2.731296090827824,-2.634935857761042,0.13571809207017171,5.0,1.0
10,31,11.0,12.0,702,228,474,-2.567924877882932,-2.782483770602728,True,0.21455889271979567,-2.7454709806760063,-2.7059519167789507,-2.8470064687732357,-2.731296090827824,-2.634935857761042,0.16337121294489165,5.0,1.0
10,32,12.0,13.0,703,0,703,,-2.782483770602728,True,,-2.7454709806760063,-2.7059519167789507,-2.8470064687732357,-2.731296090827824,-2.634935857761042,,,
10,33,13.0,14.0,702,163,539,-2.595504792209925,-2.782483770602728,True,0.18697897839280309,-2.7454709806760063,-2.7059519167789507,-2.8470064687732357,-2.731296090827824,-2.634935857761042,0.13579129861789907,5.0,1.0
10,34,14.0,15.0,703,0,703,,-2.782483770602728,True,,-2.7454709806760063,-2.7059519167789507,-2.8470064687732357,-2.731296090827824,-2.634935857761042,,,
10,35,15.0,16.0,703,96,607,-2.857304135047533,-2.782483770602728,True,-0.07482036444480489,-2.7454709806760063,-2.7059519167789507,-2.8470064687732357,-2.731296090827824,-2.634935857761042,-0.1260080442197089,1.0,-1.0
10,36,16.0,17.0,702,85,617,-2.816189004239298,-2.782483770602728,True,-0.033705233636569965,-2.7454709806760063,-2.7059519167789507,-2.8470064687732357,-2.731296090827824,-2.634935857761042,-0.08489291341147398,2.0,-0.5
10,37,17.0,18.0,703,0,703,,-2.782483770602728,True,,-2.7454709806760063,-2.7059519167789507,-2.8470064687732357,-2.731296090827824,-2.634935857761042,,,
10,38,18.0,19.0,702,105,597,-2.6934227445849745,-2.782483770602728,True,0.08906102601775334,-2.7454709806760063,-2.7059519167789507,-2.8470064687732357,-2.731296090827824,-2.634935857761042,0.037873346242849326,4.0,0.5
10,39,19.0,20.0,703,195,508,-2.6489435289255803,-2.782483770602728,True,0.13354024167714762,-2.7454709806760063,-2.7059519167789507,-2.8470064687732357,-2.731296090827824,-2.634935857761042,0.0823525619022436,4.0,0.5
11,0,-20.0,-19.0,703,242,461,-2.542418847475144,-2.656178705310431,True,0.11375985783528719,-2.684386071407613,-2.6174840657347094,-2.7214673348483664,-2.647963486465179,-2.5622388654154866,0.10554463899003519,5.0,1.0
11,1,-19.0,-18.0,702,144,558,-2.513017759970576,-2.656178705310431,True,0.14316094533985524,-2.684386071407613,-2.6174840657347094,-2.7214673348483664,-2.647963486465179,-2.5622388654154866,0.13494572649460324,5.0,1.0
11,2,-18.0,-17.0,703,85,618,-2.612138203255925,-2.656178705310431,True,0.04404050205450627,-2.684386071407613,-2.6174840657347094,-2.7214673348483664,-2.647963486465179,-2.5622388654154866,0.035825283209254266,4.0,0.5
11,3,-17.0,-16.0,702,0,702,,-2.656178705310431,True,,-2.684386071407613,-2.6174840657347094,-2.7214673348483664,-2.647963486465179,-2.5622388654154866,,,
11,4,-16.0,-15.0,703,126,577,-2.707561426522291,-2.656178705310431,True,-0.05138272121185983,-2.684386071407613,-2.6174840657347094,-2.7214673348483664,-2.647963486465179,-2.5622388654154866,-0.05959794005711183,2.0,-0.5
11,5,-15.0,-14.0,703,102,601,-2.568198300728655,-2.656178705310431,True,0.08798040458177603,-2.684386071407613,-2.6174840657347094,-2.7214673348483664,-2.647963486465179,-2.5622388654154866,0.07976518573652402,4.0,0.5
11,6,-14.0,-13.0,702,55,647,-2.740431699797445,-2.656178705310431,True,-0.08425299448701384,-2.684386071407613,-2.6174840657347094,-2.7214673348483664,-2.647963486465179,-2.5622388654154866,-0.09246821333226585,1.0,-1.0
11,7,-13.0,-12.0,703,142,561,-2.6192660198943045,-2.656178705310431,True,0.03691268541612658,-2.684386071407613,-2.6174840657347094,-2.7214673348483664,-2.647963486465179,-2.5622388654154866,0.028697466570874575,3.0,0.0
11,8,-12.0,-11.0,702,0,702,,-2.656178705310431,True,,-2.684386071407613,-2.6174840657347094,-2.7214673348483664,-2.647963486465179,-2.5622388654154866,,,
11,9,-11.0,-10.0,703,109,594,-2.848566141945053,-2.656178705310431,True,-0.19238743663462188,-2.684386071407613,-2.6174840657347094,-2.7214673348483664,-2.647963486465179,-2.5622388654154866,-0.20060265547987388,1.0,-1.0
11,10,-10.0,-9.0,702,134,568,-2.782818556048222,-2.656178705310431,True,-0.12663985073779083,-2.684386071407613,-2.6174840657347094,-2.7214673348483664,-2.647963486465179,-2.5622388654154866,-0.13485506958304283,1.0,-1.0
11,11,-9.0,-8.0,703,216,487,-2.515066828175238,-2.656178705310431,True,0.1411118771351929,-2.684386071407613,-2.6174840657347094,-2.7214673348483664,-2.647963486465179,-2.5622388654154866,0.1328966582899409,5.0,1.0
11,12,-8.0,-7.0,703,0,703,,-2.656178705310431,True,,-2.684386071407613,-2.6174840657347094,-2.7214673348483664,-2.647963486465179,-2.5622388654154866,,,
11,13,-7.0,-6.0,702,105,597,-2.7151458798653403,-2.656178705310431,True,-0.058967174554909185,-2.684386071407613,-2.6174840657347094,-2.7214673348483664,-2.647963486465179,-2.5622388654154866,-0.06718239340016119,2.0,-0.5
11,14,-6.0,-5.0,703,175,528,-2.8011946503269836,-2.656178705310431,True,-0.14501594501655246,-2.684386071407613,-2.6174840657347094,-2.7214673348483664,-2.647963486465179,-2.5622388654154866,-0.1532311638618049,1.0,-1.0
11,15,-5.0,-4.0,702,124,578,-2.603850071463156,-2.656178705310431,True,0.05232863384727526,-2.684386071407613,-2.6174840657347094,-2.7214673348483664,-2.647963486465179,-2.5622388654154866,0.04411341500202326,4.0,0.5
11,16,-4.0,-3.0,703,0,703,,-2.656178705310431,True,,-2.684386071407613,-2.6174840657347094,-2.7214673348483664,-2.647963486465179,-2.5622388654154866,,,
11,17,-3.0,-2.0,702,98,604,-2.708163386986532,-2.656178705310431,True,-0.05198468167610093,-2.684386071407613,-2.6174840657347094,-2.7214673348483664,-2.647963486465179,-2.5622388654154866,-0.060199900521352934,2.0,-0.5
11,18,-2.0,-1.0,703,135,568,-2.6766609530360537,-2.656178705310431,True,-0.02048224772562257,-2.684386071407613,-2.6174840657347094,-2.7214673348483664,-2.647963486465179,-2.5622388654154866,-0.028697466570874575,3.0,0.0
11,19,-1.0,0.0,703,114,589,-2.5443605594759817,-2.656178705310431,True,0.11181814583444938,-2.684386071407613,-2.6174840657347094,-2.7214673348483664,-2.647963486465179,-2.5622388654154866,0.10360292698919737,5.0,1.0
11,20,0.0,1.0,702,142,560,-2.7086267427010755,-2.656178705310431,True,-0.05244803739064441,-2.684386071407613,-2.6174840657347094,-2.7214673348483664,-2.647963486465179,-2.5622388654154866,-0.06066325623589641,2.0,-0.5
11,21,1.0,2.0,703,0,703,,-2.656178705310431,True,,-2.684386071407613,-2.6174840657347094,-2.7214673348483664,-2.647963486465179,-2.5622388654154866,,,
11,22,2.0,3.0,702,132,570,-2.6627000655828863,-2.656178705310431,True,-0.006521360272455201,-2.684386071407613,-2.6174840657347094,-2.7214673348483664,-2.647963486465179,-2.5622388654154866,-0.014736579117707205,3.0,0.0
11,23,3.0,4.0,703,182,521,-2.6060902152415752,-2.656178705310431,True,0.05008849006885585,-2.684386071407613,-2.6174840657347094,-2.7214673348483664,-2.647963486465179,-2.5622388654154866,0.04187327122360385,4.0,0.5
11,24,4.0,5.0,702,242,460,-2.4470342339001325,-2.656178705310431,True,0.20914447141029857,-2.684386071407613,-2.6174840657347094,-2.7214673348483664,-2.647963486465179,-2.5622388654154866,0.20092925256504657,5.0,1.0
11,25,5.0,6.0,703,212,491,-2.330859779429957,-2.656178705310431,True,0.3253189258804743,-2.684386071407613,-2.6174840657347094,-2.7214673348483664,-2.647963486465179,-2.5622388654154866,0.3171037070352223,5.0,1.0
11,26,6.0,7.0,703,318,385,-2.3809347338556703,-2.656178705310431,True,0.27524397145476076,-2.684386071407613,-2.6174840657347094,-2.7214673348483664,-2.647963486465179,-2.5622388654154866,0.26702875260950876,5.0,1.0
11,27,7.0,8.0,702,212,490,-2.434677407999519,-2.656178705310431,True,0.22150129731091228,-2.684386071407613,-2.6174840657347094,-2.7214673348483664,-2.647963486465179,-2.5622388654154866,0.21328607846566028,5.0,1.0
11,28,8.0,9.0,703,167,536,-2.4749332292352757,-2.656178705310431,True,0.1812454760751554,-2.684386071407613,-2.6174840657347094,-2.7214673348483664,-2.647963486465179,-2.5622388654154866,0.17303025722990295,5.0,1.0
11,29,9.0,10.0,702,324,378,-2.443693167422487,-2.656178705310431,True,0.212485537887944,-2.684386071407613,-2.6174840657347094,-2.7214673348483664,-2.647963486465179,-2.5622388654154866,0.204270319042692,5.0,1.0
11,30,10.0,11.0,703,381,322,-2.37983886776991,-2.656178705310431,True,0.27633983754052105,-2.684386071407613,-2.6174840657347094,-2.7214673348483664,-2.647963486465179,-2.5622388654154866,0.26812461869526905,5.0,1.0
11,31,11.0,12.0,702,0,702,,-2.656178705310431,True,,-2.684386071407613,-2.6174840657347094,-2.7214673348483664,-2.647963486465179,-2.5622388654154866,,,
11,32,12.0,13.0,703,0,703,,-2.656178705310431,True,,-2.684386071407613,-2.6174840657347094,-2.7214673348483664,-2.647963486465179,-2.5622388654154866,,,
11,33,13.0,14.0,703,0,703,,-2.656178705310431,True,,-2.684386071407613,-2.6174840657347094,-2.7214673348483664,-2.647963486465179,-2.5622388654154866,,,
11,34,14.0,15.0,702,0,702,,-2.656178705310431,True,,-2.684386071407613,-2.6174840657347094,-2.7214673348483664,-2.647963486465179,-2.5622388654154866,,,
11,35,15.0,16.0,703,0,703,,-2.656178705310431,True,,-2.684386071407613,-2.6174840657347094,-2.7214673348483664,-2.647963486465179,-2.5622388654154866,,,
11,36,16.0,17.0,702,0,702,,-2.656178705310431,True,,-2.684386071407613,-2.6174840657347094,-2.7214673348483664,-2.647963486465179,-2.5622388654154866,,,
11,37,17.0,18.0,703,0,703,,-2.656178705310431,True,,-2.684386071407613,-2.6174840657347094,-2.7214673348483664,-2.647963486465179,-2.5622388654154866,,,
11,38,18.0,19.0,702,75,627,-2.9739283600907314,-2.656178705310431,True,-0.31774965478030026,-2.684386071407613,-2.6174840657347094,-2.7214673348483664,-2.647963486465179,-2.5622388654154866,-0.3259648736255527,1.0,-1.0
11,39,19.0,20.0,703,0,703,,-2.656178705310431,True,,-2.684386071407613,-2.6174840657347094,-2.7214673348483664,-2.647963486465179,-2.5622388654154866,,,
12,0,-20.0,-19.0,703,134,569,-2.937230800357582,-2.9110520857094566,True,-0.02617871464812538,-2.936090495290262,-2.9223392500184153,-3.057805933080388,-2.93152927502098,-2.8947478918533767,-0.005701525336601954,2.0,-0.5
12,1,-19.0,-18.0,702,85,617,-2.903202283086523,-2.9110520857094566,True,0.007849802622933666,-2.936090495290262,-2.9223392500184153,-3.057805933080388,-2.93152927502098,-2.8947478918533767,0.02832699193445709,4.0,0.5
12,2,-18.0,-17.0,703,99,604,-2.6540863707454063,-2.9110520857094566,True,0.2569657149640503,-2.936090495290262,-2.9223392500184153,-3.057805933080388,-2.93152927502098,-2.8947478918533767,0.2774429042755737,5.0,1.0
12,3,-17.0,-16.0,702,0,702,,-2.9110520857094566,True,,-2.936090495290262,-2.9223392500184153,-3.057805933080388,-2.93152927502098,-2.8947478918533767,,,
12,4,-16.0,-15.0,703,89,614,-2.883002136950483,-2.9110520857094566,True,0.02804994875897382,-2.936090495290262,-2.9223392500184153,-3.057805933080388,-2.93152927502098,-2.8947478918533767,0.048527138070497244,5.0,1.0
12,5,-15.0,-14.0,703,169,534,-3.094424684966022,-2.9110520857094566,True,-0.18337259925656557,-2.936090495290262,-2.9223392500184153,-3.057805933080388,-2.93152927502098,-2.8947478918533767,-0.16289540994504215,1.0,-1.0
12,6,-14.0,-13.0,702,76,626,-2.9175164210957267,-2.9110520857094566,True,-0.006464335386270115,-2.936090495290262,-2.9223392500184153,-3.057805933080388,-2.93152927502098,-2.8947478918533767,0.01401285392525331,4.0,0.5
12,7,-13.0,-12.0,703,94,609,-2.7734256581044345,-2.9110520857094566,True,0.13762642760502208,-2.936090495290262,-2.9223392500184153,-3.057805933080388,-2.93152927502098,-2.8947478918533767,0.1581036169165455,5.0,1.0
12,8,-12.0,-11.0,702,34,668,-3.0578059330803877,-2.9110520857094566,True,-0.1467538473709311,-2.936090495290262,-2.9223392500184153,-3.057805933080388,-2.93152927502098,-2.8947478918533767,-0.12627665805940813,2.0,-0.5
12,9,-11.0,-10.0,703,107,596,-3.0666855312416645,-2.9110520857094566,True,-0.15563344553220793,-2.936090495290262,-2.9223392500184153,-3.057805933080388,-2.93152927502098,-2.8947478918533767,-0.1351562562206845,1.0,-1.0
12,10,-10.0,-9.0,702,143,559,-2.9200417437677744,-2.9110520857094566,True,-0.008989658058317751,-2.936090495290262,-2.9223392500184153,-3.057805933080388,-2.93152927502098,-2.8947478918533767,0.011487531253205674,4.0,0.5
12,11,-9.0,-8.0,703,83,620,-2.93152927502098,-2.9110520857094566,True,-0.020477189311523425,-2.936090495290262,-2.9223392500184153,-3.057805933080388,-2.93152927502098,-2.8947478918533767,0.0,3.0,0.0
12,12,-8.0,-7.0,703,143,560,-2.8947478918533767,-2.9110520857094566,True,0.01630419385607995,-2.936090495290262,-2.9223392500184153,-3.057805933080388,-2.93152927502098,-2.8947478918533767,0.036781383167603376,5.0,1.0
12,13,-7.0,-6.0,702,60,642,-2.9413334437431753,-2.9110520857094566,True,-0.030281358033718675,-2.936090495290262,-2.9223392500184153,-3.057805933080388,-2.93152927502098,-2.8947478918533767,-0.009804168722195694,2.0,-0.5
12,14,-6.0,-5.0,703,0,703,,-2.9110520857094566,True,,-2.936090495290262,-2.9223392500184153,-3.057805933080388,-2.93152927502098,-2.8947478918533767,,,
12,15,-5.0,-4.0,702,89,613,-2.9386109558885414,-2.9110520857094566,True,-0.02755887017908476,-2.936090495290262,-2.9223392500184153,-3.057805933080388,-2.93152927502098,-2.8947478918533767,-0.007081680867561335,2.0,-0.5
12,16,-4.0,-3.0,703,3,700,-2.327416022878483,-2.9110520857094566,True,0.5836360628309736,-2.936090495290262,-2.9223392500184153,-3.057805933080388,-2.93152927502098,-2.8947478918533767,0.604113252142497,5.0,1.0
12,17,-3.0,-2.0,702,97,605,-3.058057467101741,-2.9110520857094566,True,-0.14700538139228447,-2.936090495290262,-2.9223392500184153,-3.057805933080388,-2.93152927502098,-2.8947478918533767,-0.12652819208076105,1.0,-1.0
12,18,-2.0,-1.0,703,142,561,-3.1887688371784635,-2.9110520857094566,True,-0.2777167514690069,-2.936090495290262,-2.9223392500184153,-3.057805933080388,-2.93152927502098,-2.8947478918533767,-0.25723956215748345,1.0,-1.0
12,19,-1.0,0.0,703,0,703,,-2.9110520857094566,True,,-2.936090495290262,-2.9223392500184153,-3.057805933080388,-2.93152927502098,-2.8947478918533767,,,
12,20,0.0,1.0,702,0,702,,-2.9110520857094566,True,,-2.936090495290262,-2.9223392500184153,-3.057805933080388,-2.93152927502098,-2.8947478918533767,,,
12,21,1.0,2.0,703,0,703,,-2.9110520857094566,True,,-2.936090495290262,-2.9223392500184153,-3.057805933080388,-2.93152927502098,-2.8947478918533767,,,
12,22,2.0,3.0,702,0,702,,-2.9110520857094566,True,,-2.936090495290262,-2.9223392500184153,-3.057805933080388,-2.93152927502098,-2.8947478918533767,,,
12,23,3.0,4.0,703,33,670,-3.2563817438487965,-2.9110520857094566,True,-0.3453296581393399,-2.936090495290262,-2.9223392500184153,-3.057805933080388,-2.93152927502098,-2.8947478918533767,-0.3248524688278165,1.0,-1.0
12,24,4.0,5.0,702,89,613,-2.9329136557809017,-2.9110520857094566,True,-0.02186157007144507,-2.936090495290262,-2.9223392500184153,-3.057805933080388,-2.93152927502098,-2.8947478918533767,-0.001384380759921644,3.0,0.0
12,25,5.0,6.0,703,86,617,-3.0384040713307567,-2.9110520857094566,True,-0.12735198562130012,-2.936090495290262,-2.9223392500184153,-3.057805933080388,-2.93152927502098,-2.8947478918533767,-0.1068747963097767,2.0,-0.5
12,26,6.0,7.0,703,97,606,-2.8148233693744698,-2.9110520857094566,True,0.09622871633498686,-2.936090495290262,-2.9223392500184153,-3.057805933080388,-2.93152927502098,-2.8947478918533767,0.11670590564651029,5.0,1.0
12,27,7.0,8.0,702,82,620,-2.985279765478677,-2.9110520857094566,True,-0.07422767976922051,-2.936090495290262,-2.9223392500184153,-3.057805933080388,-2.93152927502098,-2.8947478918533767,-0.05375049045769709,2.0,-0.5
12,28,8.0,9.0,703,99,604,-2.7860124305222276,-2.9110520857094566,True,0.12503965518722904,-2.936090495290262,-2.9223392500184153,-3.057805933080388,-2.93152927502098,-2.8947478918533767,0.14551684449875202,5.0,1.0
12,29,9.0,10.0,702,142,560,-2.7171898391359313,-2.9110520857094566,True,0.19386224657352535,-2.936090495290262,-2.9223392500184153,-3.057805933080388,-2.93152927502098,-2.8947478918533767,0.21433943588504833,5.0,1.0
12,30,10.0,11.0,703,117,586,-2.7010834248887625,-2.9110520857094566,True,0.2099686608206941,-2.936090495290262,-2.9223392500184153,-3.057805933080388,-2.93152927502098,-2.8947478918533767,0.23044585013221752,5.0,1.0
12,31,11.0,12.0,702,0,702,,-2.9110520857094566,True,,-2.936090495290262,-2.9223392500184153,-3.057805933080388,-2.93152927502098,-2.8947478918533767,,,
12,32,12.0,13.0,703,60,643,-2.6896559548699277,-2.9110520857094566,True,0.22139613083952892,-2.936090495290262,-2.9223392500184153,-3.057805933080388,-2.93152927502098,-2.8947478918533767,0.2418733201510519,5.0,1.0
12,33,13.0,14.0,703,116,587,-3.1788485739153876,-2.9110520857094566,True,-0.26779648820593094,-2.936090495290262,-2.9223392500184153,-3.057805933080388,-2.93152927502098,-2.8947478918533767,-0.24731929889440796,1.0,-1.0
12,34,14.0,15.0,702,96,606,-3.038566796938739,-2.9110520857094566,True,-0.12751471122928226,-2.936090495290262,-2.9223392500184153,-3.057805933080388,-2.93152927502098,-2.8947478918533767,-0.10703752191775884,2.0,-0.5
12,35,15.0,16.0,703,73,630,-3.0698966399916836,-2.9110520857094566,True,-0.158844554282227,-2.936090495290262,-2.9223392500184153,-3.057805933080388,-2.93152927502098,-2.8947478918533767,-0.138367364970704,1.0,-1.0
12,36,16.0,17.0,702,67,635,-2.9569936280581453,-2.9110520857094566,True,-0.045941542348688635,-2.936090495290262,-2.9223392500184153,-3.057805933080388,-2.93152927502098,-2.8947478918533767,-0.02546435303716521,2.0,-0.5
12,37,17.0,18.0,703,124,579,-3.035532502350577,-2.9110520857094566,True,-0.12448041664112042,-2.936090495290262,-2.9223392500184153,-3.057805933080388,-2.93152927502098,-2.8947478918533767,-0.10400322732959699,2.0,-0.5
12,38,18.0,19.0,702,156,546,-2.713526778539307,-2.9110520857094566,True,0.1975253071701495,-2.936090495290262,-2.9223392500184153,-3.057805933080388,-2.93152927502098,-2.8947478918533767,0.2180024964816729,5.0,1.0
12,39,19.0,20.0,703,56,647,-3.050131492183454,-2.9110520857094566,True,-0.1390794064739973,-2.936090495290262,-2.9223392500184153,-3.057805933080388,-2.93152927502098,-2.8947478918533767,-0.11860221716247388,2.0,-0.5
13,0,-20.0,-19.0,703,85,618,-2.7191546167625673,-2.71994923389053,True,0.0007946171279624714,-2.6818711897531684,-2.6729452065519963,-2.8371971962329425,-2.677614623887515,-2.636530260256679,-0.04153999287505261,2.0,-0.5
13,1,-19.0,-18.0,703,105,598,-2.839383649526776,-2.71994923389053,True,-0.11943441563624635,-2.6818711897531684,-2.6729452065519963,-2.8371971962329425,-2.677614623887515,-2.636530260256679,-0.161769025639261,1.0,-1.0
13,2,-18.0,-17.0,702,40,662,-2.6329499057728536,-2.71994923389053,True,0.08699932811767619,-2.6818711897531684,-2.6729452065519963,-2.8371971962329425,-2.677614623887515,-2.636530260256679,0.04466471811466155,5.0,1.0
13,3,-17.0,-16.0,703,160,543,-2.8371971962329425,-2.71994923389053,True,-0.11724796234241275,-2.6818711897531684,-2.6729452065519963,-2.8371971962329425,-2.677614623887515,-2.636530260256679,-0.1595825723454274,2.0,-0.5
13,4,-16.0,-15.0,702,169,533,-2.665943500879668,-2.71994923389053,True,0.05400573301086187,-2.6818711897531684,-2.6729452065519963,-2.8371971962329425,-2.677614623887515,-2.636530260256679,0.011671123007847228,4.0,0.5
13,5,-15.0,-14.0,703,0,703,,-2.71994923389053,True,,-2.6818711897531684,-2.6729452065519963,-2.8371971962329425,-2.677614623887515,-2.636530260256679,,,
13,6,-14.0,-13.0,702,111,591,-2.651459645449295,-2.71994923389053,True,0.06848958844123487,-2.6818711897531684,-2.6729452065519963,-2.8371971962329425,-2.677614623887515,-2.636530260256679,0.026154978438220233,4.0,0.5
13,7,-13.0,-12.0,703,171,532,-2.594110544763742,-2.71994923389053,True,0.12583868912678797,-2.6818711897531684,-2.6729452065519963,-2.8371971962329425,-2.677614623887515,-2.636530260256679,0.08350407912377333,5.0,1.0
13,8,-12.0,-11.0,703,0,703,,-2.71994923389053,True,,-2.6818711897531684,-2.6729452065519963,-2.8371971962329425,-2.677614623887515,-2.636530260256679,,,
13,9,-11.0,-10.0,702,110,592,-2.889060407411448,-2.71994923389053,True,-0.1691111735209181,-2.6818711897531684,-2.6729452065519963,-2.8371971962329425,-2.677614623887515,-2.636530260256679,-0.21144578352393273,1.0,-1.0
13,10,-10.0,-9.0,703,95,608,-3.012882827128282,-2.71994923389053,True,-0.29293359323775237,-2.6818711897531684,-2.6729452065519963,-2.8371971962329425,-2.677614623887515,-2.636530260256679,-0.335268203240767,1.0,-1.0
13,11,-9.0,-8.0,702,95,607,-2.977804710333156,-2.71994923389053,True,-0.2578554764426264,-2.6818711897531684,-2.6729452065519963,-2.8371971962329425,-2.677614623887515,-2.636530260256679,-0.30019008644564105,1.0,-1.0
13,12,-8.0,-7.0,703,1,702,-2.677614623887515,-2.71994923389053,True,0.04233461000301464,-2.6818711897531684,-2.6729452065519963,-2.8371971962329425,-2.677614623887515,-2.636530260256679,0.0,3.0,0.0
13,13,-7.0,-6.0,702,163,539,-2.6829353312195816,-2.71994923389053,True,0.03701390267094817,-2.6818711897531684,-2.6729452065519963,-2.8371971962329425,-2.677614623887515,-2.636530260256679,-0.0053207073320664655,2.0,-0.5
13,14,-6.0,-5.0,703,146,557,-2.6717778522181166,-2.71994923389053,True,0.048171381672413194,-2.6818711897531684,-2.6729452065519963,-2.8371971962329425,-2.677614623887515,-2.636530260256679,0.005836771669398555,4.0,0.5
13,15,-5.0,-4.0,703,183,520,-2.4206295091801637,-2.71994923389053,True,0.29931972471036605,-2.6818711897531684,-2.6729452065519963,-2.8371971962329425,-2.677614623887515,-2.636530260256679,0.25698511470735097,5.0,1.0
13,16,-4.0,-3.0,702,0,702,,-2.71994923389053,True,,-2.6818711897531684,-2.6729452065519963,-2.8371971962329425,-2.677614623887515,-2.636530260256679,,,
13,17,-3.0,-2.0,703,88,615,-2.7467056328528616,-2.71994923389053,True,-0.02675639896233184,-2.6818711897531684,-2.6729452065519963,-2.8371971962329425,-2.677614623887515,-2.636530260256679,-0.06909100896534648,2.0,-0.5
13,18,-2.0,-1.0,702,137,565,-2.5829967622633685,-2.71994923389053,True,0.1369524716271613,-2.6818711897531684,-2.6729452065519963,-2.8371971962329425,-2.677614623887515,-2.636530260256679,0.09461786162414665,5.0,1.0
13,19,-1.0,0.0,703,103,600,-2.636530260256679,-2.71994923389053,True,0.08341897363385087,-2.6818711897531684,-2.6729452065519963,-2.8371971962329425,-2.677614623887515,-2.636530260256679,0.04108436363083623,5.0,1.0
13,20,0.0,1.0,702,180,522,-2.5812729593353834,-2.71994923389053,True,0.13867627455514642,-2.6818711897531684,-2.6729452065519963,-2.8371971962329425,-2.677614623887515,-2.636530260256679,0.09634166455213133,5.0,1.0
13,21,1.0,2.0,703,45,658,-2.897422213560229,-2.71994923389053,True,-0.17747297966969944,-2.6818711897531684,-2.6729452065519963,-2.8371971962329425,-2.677614623887515,-2.636530260256679,-0.21980758967271408,1.0,-1.0
13,22,2.0,3.0,702,73,629,-2.9260167969986073,-2.71994923389053,True,-0.2060675631080775,-2.6818711897531684,-2.6729452065519963,-2.8371971962329425,-2.677614623887515,-2.636530260256679,-0.24840217311109258,1.0,-1.0
13,23,3.0,4.0,703,146,557,-2.7399251727084084,-2.71994923389053,True,-0.019975938817878625,-2.6818711897531684,-2.6729452065519963,-2.8371971962329425,-2.677614623887515,-2.636530260256679,-0.06231054882089326,2.0,-0.5
13,24,4.0,5.0,703,75,628,-2.6731411590540275,-2.71994923389053,True,0.04680807483650229,-2.6818711897531684,-2.6729452065519963,-2.8371971962329425,-2.677614623887515,-2.636530260256679,0.00447346483348765,3.0,0.0
13,25,5.0,6.0,702,111,591,-2.6491603981284153,-2.71994923389053,True,0.07078883576211448,-2.6818711897531684,-2.6729452065519963,-2.8371971962329425,-2.677614623887515,-2.636530260256679,0.028454225759099394,4.0,0.5
13,26,6.0,7.0,703,125,578,-2.6410103258005195,-2.71994923389053,True,0.07893890809001025,-2.6818711897531684,-2.6729452065519963,-2.8371971962329425,-2.677614623887515,-2.636530260256679,0.03660429808699561,4.0,0.5
13,27,7.0,8.0,702,225,477,-2.5371296561536423,-2.71994923389053,True,0.1828195777368875,-2.6818711897531684,-2.6729452065519963,-2.8371971962329425,-2.677614623887515,-2.636530260256679,0.14048496773387287,5.0,1.0
13,28,8.0,9.0,703,0,703,,-2.71994923389053,True,,-2.6818711897531684,-2.6729452065519963,-2.8371971962329425,-2.677614623887515,-2.636530260256679,,,
13,29,9.0,10.0,702,109,593,-2.6756708837185212,-2.71994923389053,True,0.04427835017200854,-2.6818711897531684,-2.6729452065519963,-2.8371971962329425,-2.677614623887515,-2.636530260256679,0.0019437401689943457,3.0,0.0
13,30,10.0,11.0,703,128,575,-2.818370234734072,-2.71994923389053,True,-0.09842100084354222,-2.6818711897531684,-2.6729452065519963,-2.8371971962329425,-2.677614623887515,-2.636530260256679,-0.14075561084655686,2.0,-0.5
13,31,11.0,12.0,703,110,593,-2.704456711393014,-2.71994923389053,True,0.015492522497515981,-2.6818711897531684,-2.6729452065519963,-2.8371971962329425,-2.677614623887515,-2.636530260256679,-0.026842087505498657,2.0,-0.5
13,32,12.0,13.0,702,139,563,-2.70324572858003,-2.71994923389053,True,0.0167035053104998,-2.6818711897531684,-2.6729452065519963,-2.8371971962329425,-2.677614623887515,-2.636530260256679,-0.02563110469251484,2.0,-0.5
13,33,13.0,14.0,703,133,570,-2.756765087434056,-2.71994923389053,True,-0.036815853543526345,-2.6818711897531684,-2.6729452065519963,-2.8371971962329425,-2.677614623887515,-2.636530260256679,-0.07915046354654098,2.0,-0.5
13,34,14.0,15.0,702,0,702,,-2.71994923389053,True,,-2.6818711897531684,-2.6729452065519963,-2.8371971962329425,-2.677614623887515,-2.636530260256679,,,
13,35,15.0,16.0,703,147,556,-2.798669368416198,-2.71994923389053,True,-0.07872013452566806,-2.6818711897531684,-2.6729452065519963,-2.8371971962329425,-2.677614623887515,-2.636530260256679,-0.1210547445286827,2.0,-0.5
13,36,16.0,17.0,702,175,527,-2.6329606329595863,-2.71994923389053,True,0.08698860093094352,-2.6818711897531684,-2.6729452065519963,-2.8371971962329425,-2.677614623887515,-2.636530260256679,0.04465399092792888,5.0,1.0
13,37,17.0,18.0,703,0,703,,-2.71994923389053,True,,-2.6818711897531684,-2.6729452065519963,-2.8371971962329425,-2.677614623887515,-2.636530260256679,,,
13,38,18.0,19.0,703,123,580,-2.74262706059186,-2.71994923389053,True,-0.02267782670133034,-2.6818711897531684,-2.6729452065519963,-2.8371971962329425,-2.677614623887515,-2.636530260256679,-0.06501243670434498,2.0,-0.5
13,39,19.0,20.0,702,133,569,-2.670146660547095,-2.71994923389053,True,0.04980257334343463,-2.6818711897531684,-2.6729452065519963,-2.8371971962329425,-2.677614623887515,-2.636530260256679,0.007467963340419992,4.0,0.5
14,0,-20.0,-19.0,703,0,703,,-2.666328849437714,True,,-2.6446610120073735,-2.627512543158211,-2.7429611449195077,-2.6354426682502465,-2.5589590074532405,,,
14,1,-19.0,-18.0,702,108,594,-2.875159381246819,-2.666328849437714,True,-0.20883053180910505,-2.6446610120073735,-2.627512543158211,-2.7429611449195077,-2.6354426682502465,-2.5589590074532405,-0.2397167129965725,1.0,-1.0
14,2,-18.0,-17.0,703,236,467,-2.6301513065948385,-2.666328849437714,True,0.03617754284287544,-2.6446610120073735,-2.627512543158211,-2.7429611449195077,-2.6354426682502465,-2.5589590074532405,0.005291361655408,3.0,0.0
14,3,-17.0,-16.0,703,10,693,-3.1258391966079495,-2.666328849437714,True,-0.45951034717023553,-2.6446610120073735,-2.627512543158211,-2.7429611449195077,-2.6354426682502465,-2.5589590074532405,-0.49039652835770253,1.0,-1.0
14,4,-16.0,-15.0,702,144,558,-2.7496723453615175,-2.666328849437714,True,-0.08334349592380352,-2.6446610120073735,-2.627512543158211,-2.7429611449195077,-2.6354426682502465,-2.5589590074532405,-0.11422967711127052,1.0,-1.0
14,5,-15.0,-14.0,703,166,537,-2.436736621687808,-2.666328849437714,True,0.22959222774990584,-2.6446610120073735,-2.627512543158211,-2.7429611449195077,-2.6354426682502465,-2.5589590074532405,0.1987060465624384,5.0,1.0
14,6,-14.0,-13.0,702,59,643,-2.612559550350657,-2.666328849437714,True,0.053769299087056854,-2.6446610120073735,-2.627512543158211,-2.7429611449195077,-2.6354426682502465,-2.5589590074532405,0.02288311789958941,4.0,0.5
14,7,-13.0,-12.0,703,164,539,-2.6669139105837827,-2.666328849437714,True,-0.0005850611460687105,-2.6446610120073735,-2.627512543158211,-2.7429611449195077,-2.6354426682502465,-2.5589590074532405,-0.031471242333536154,2.0,-0.5
14,8,-12.0,-11.0,702,68,634,-2.7228275435934797,-2.666328849437714,True,-0.056498694155765694,-2.6446610120073735,-2.627512543158211,-2.7429611449195077,-2.6354426682502465,-2.5589590074532405,-0.08738487534323358,2.0,-0.5
14,9,-11.0,-10.0,703,153,550,-2.5542195903395295,-2.666328849437714,True,0.11210925909818448,-2.6446610120073735,-2.627512543158211,-2.7429611449195077,-2.6354426682502465,-2.5589590074532405,0.08122307791071748,5.0,1.0
14,10,-10.0,-9.0,703,296,407,-2.4975222881545434,-2.666328849437714,True,0.16880656128317062,-2.6446610120073735,-2.627512543158211,-2.7429611449195077,-2.6354426682502465,-2.5589590074532405,0.13792038009570273,5.0,1.0
14,11,-9.0,-8.0,702,0,702,,-2.666328849437714,True,,-2.6446610120073735,-2.627512543158211,-2.7429611449195077,-2.6354426682502465,-2.5589590074532405,,,
14,12,-8.0,-7.0,703,142,561,-2.755003969490681,-2.666328849437714,True,-0.08867512005296696,-2.6446610120073735,-2.627512543158211,-2.7429611449195077,-2.6354426682502465,-2.5589590074532405,-0.1195613012404344,1.0,-1.0
14,13,-7.0,-6.0,702,151,551,-2.640734029905654,-2.666328849437714,True,0.025594819532059887,-2.6446610120073735,-2.627512543158211,-2.7429611449195077,-2.6354426682502465,-2.5589590074532405,-0.005291361655407556,3.0,0.0
14,14,-6.0,-5.0,703,150,553,-2.573177258794374,-2.666328849437714,True,0.09315159064333978,-2.6446610120073735,-2.627512543158211,-2.7429611449195077,-2.6354426682502465,-2.5589590074532405,0.062265409455872334,4.0,0.5
14,15,-5.0,-4.0,702,0,702,,-2.666328849437714,True,,-2.6446610120073735,-2.627512543158211,-2.7429611449195077,-2.6354426682502465,-2.5589590074532405,,,
14,16,-4.0,-3.0,703,189,514,-2.4880868994163636,-2.666328849437714,True,0.17824195002135035,-2.6446610120073735,-2.627512543158211,-2.7429611449195077,-2.6354426682502465,-2.5589590074532405,0.14735576883388246,5.0,1.0
14,17,-3.0,-2.0,703,0,703,,-2.666328849437714,True,,-2.6446610120073735,-2.627512543158211,-2.7429611449195077,-2.6354426682502465,-2.5589590074532405,,,
14,18,-2.0,-1.0,702,0,702,,-2.666328849437714,True,,-2.6446610120073735,-2.627512543158211,-2.7429611449195077,-2.6354426682502465,-2.5589590074532405,,,
14,19,-1.0,0.0,703,0,703,,-2.666328849437714,True,,-2.6446610120073735,-2.627512543158211,-2.7429611449195077,-2.6354426682502465,-2.5589590074532405,,,
14,20,0.0,1.0,702,0,702,,-2.666328849437714,True,,-2.6446610120073735,-2.627512543158211,-2.7429611449195077,-2.6354426682502465,-2.5589590074532405,,,
14,21,1.0,2.0,703,84,619,-2.8994286816520507,-2.666328849437714,True,-0.23309983221433672,-2.6446610120073735,-2.627512543158211,-2.7429611449195077,-2.6354426682502465,-2.5589590074532405,-0.26398601340180416,1.0,-1.0
14,22,2.0,3.0,702,108,594,-2.594662460515248,-2.666328849437714,True,0.0716663889224658,-2.6446610120073735,-2.627512543158211,-2.7429611449195077,-2.6354426682502465,-2.5589590074532405,0.04078020773499835,4.0,0.5
14,23,3.0,4.0,703,203,500,-2.6425494927167907,-2.666328849437714,True,0.02377935672092324,-2.6446610120073735,-2.627512543158211,-2.7429611449195077,-2.6354426682502465,-2.5589590074532405,-0.007106824466544204,3.0,0.0
14,24,4.0,5.0,703,0,703,,-2.666328849437714,True,,-2.6446610120073735,-2.627512543158211,-2.7429611449195077,-2.6354426682502465,-2.5589590074532405,,,
14,25,5.0,6.0,702,0,702,,-2.666328849437714,True,,-2.6446610120073735,-2.627512543158211,-2.7429611449195077,-2.6354426682502465,-2.5589590074532405,,,
14,26,6.0,7.0,703,98,605,-2.841089244395512,-2.666328849437714,True,-0.17476039495779805,-2.6446610120073735,-2.627512543158211,-2.7429611449195077,-2.6354426682502465,-2.5589590074532405,-0.2056465761452655,1.0,-1.0
14,27,7.0,8.0,702,0,702,,-2.666328849437714,True,,-2.6446610120073735,-2.627512543158211,-2.7429611449195077,-2.6354426682502465,-2.5589590074532405,,,
14,28,8.0,9.0,703,58,645,-2.995687939769791,-2.666328849437714,True,-0.3293590903320771,-2.6446610120073735,-2.627512543158211,-2.7429611449195077,-2.6354426682502465,-2.5589590074532405,-0.36024527151954455,1.0,-1.0
14,29,9.0,10.0,702,25,677,-3.2843773551020545,-2.666328849437714,True,-0.6180485056643406,-2.6446610120073735,-2.627512543158211,-2.7429611449195077,-2.6354426682502465,-2.5589590074532405,-0.648934686851808,1.0,-1.0
14,30,10.0,11.0,703,95,608,-2.8485915851666284,-2.666328849437714,True,-0.18226273572891438,-2.6446610120073735,-2.627512543158211,-2.7429611449195077,-2.6354426682502465,-2.5589590074532405,-0.21314891691638183,1.0,-1.0
14,31,11.0,12.0,703,0,703,,-2.666328849437714,True,,-2.6446610120073735,-2.627512543158211,-2.7429611449195077,-2.6354426682502465,-2.5589590074532405,,,
14,32,12.0,13.0,702,97,605,-2.801246167975404,-2.666328849437714,True,-0.13491731853769018,-2.6446610120073735,-2.627512543158211,-2.7429611449195077,-2.6354426682502465,-2.5589590074532405,-0.16580349972515762,1.0,-1.0
14,33,13.0,14.0,703,126,577,-2.8852102056735527,-2.666328849437714,True,-0.2188813562358387,-2.6446610120073735,-2.627512543158211,-2.7429611449195077,-2.6354426682502465,-2.5589590074532405,-0.24976753742330615,1.0,-1.0
14,34,14.0,15.0,702,120,582,-2.9852489891848557,-2.666328849437714,True,-0.31892013974714173,-2.6446610120073735,-2.627512543158211,-2.7429611449195077,-2.6354426682502465,-2.5589590074532405,-0.3498063209346096,1.0,-1.0
14,35,15.0,16.0,703,0,703,,-2.666328849437714,True,,-2.6446610120073735,-2.627512543158211,-2.7429611449195077,-2.6354426682502465,-2.5589590074532405,,,
14,36,16.0,17.0,702,98,604,-2.9256783586826978,-2.666328849437714,True,-0.2593495092449838,-2.6446610120073735,-2.627512543158211,-2.7429611449195077,-2.6354426682502465,-2.5589590074532405,-0.29023569043245123,1.0,-1.0
14,37,17.0,18.0,703,96,607,-2.7425530781231586,-2.666328849437714,True,-0.07622422868544465,-2.6446610120073735,-2.627512543158211,-2.7429611449195077,-2.6354426682502465,-2.5589590074532405,-0.10711040987291165,2.0,-0.5
14,38,18.0,19.0,703,105,598,-2.9291189004074534,-2.666328849437714,True,-0.2627900509697394,-2.6446610120073735,-2.627512543158211,-2.7429611449195077,-2.6354426682502465,-2.5589590074532405,-0.29367623215720684,1.0,-1.0
14,39,19.0,20.0,702,0,702,,-2.666328849437714,True,,-2.6446610120073735,-2.627512543158211,-2.7429611449195077,-2.6354426682502465,-2.5589590074532405,,,
15,0,-20.0,-19.0,703,0,703,,-2.503791287531861,True,,-2.4873873016353203,-2.436269571354299,-2.550562871296137,-2.4715934092201164,-2.2949742198910283,,,
15,1,-19.0,-18.0,702,349,353,-2.4715934092201164,-2.503791287531861,True,0.0321978783117447,-2.4873873016353203,-2.436269571354299,-2.550562871296137,-2.4715934092201164,-2.2949742198910283,0.0,3.0,0.0
15,2,-18.0,-17.0,703,0,703,,-2.503791287531861,True,,-2.4873873016353203,-2.436269571354299,-2.550562871296137,-2.4715934092201164,-2.2949742198910283,,,
15,3,-17.0,-16.0,702,199,503,-2.232681460193102,-2.503791287531861,True,0.2711098273387589,-2.4873873016353203,-2.436269571354299,-2.550562871296137,-2.4715934092201164,-2.2949742198910283,0.23891194902701418,5.0,1.0
15,4,-16.0,-15.0,703,703,0,-2.2949742198910283,-2.503791287531861,True,0.20881706764083274,-2.4873873016353203,-2.436269571354299,-2.550562871296137,-2.4715934092201164,-2.2949742198910283,0.17661918932908804,5.0,1.0
15,5,-15.0,-14.0,702,311,391,-2.550562871296137,-2.503791287531861,True,-0.046771583764275704,-2.4873873016353203,-2.436269571354299,-2.550562871296137,-2.4715934092201164,-2.2949742198910283,-0.0789694620760204,2.0,-0.5
15,6,-14.0,-13.0,703,0,703,,-2.503791287531861,True,,-2.4873873016353203,-2.436269571354299,-2.550562871296137,-2.4715934092201164,-2.2949742198910283,,,
15,7,-13.0,-12.0,703,0,703,,-2.503791287531861,True,,-2.4873873016353203,-2.436269571354299,-2.550562871296137,-2.4715934092201164,-2.2949742198910283,,,
15,8,-12.0,-11.0,702,0,702,,-2.503791287531861,True,,-2.4873873016353203,-2.436269571354299,-2.550562871296137,-2.4715934092201164,-2.2949742198910283,,,
15,9,-11.0,-10.0,703,0,703,,-2.503791287531861,True,,-2.4873873016353203,-2.436269571354299,-2.550562871296137,-2.4715934092201164,-2.2949742198910283,,,
15,10,-10.0,-9.0,702,0,702,,-2.503791287531861,True,,-2.4873873016353203,-2.436269571354299,-2.550562871296137,-2.4715934092201164,-2.2949742198910283,,,
15,11,-9.0,-8.0,703,0,703,,-2.503791287531861,True,,-2.4873873016353203,-2.436269571354299,-2.550562871296137,-2.4715934092201164,-2.2949742198910283,,,
15,12,-8.0,-7.0,702,0,702,,-2.503791287531861,True,,-2.4873873016353203,-2.436269571354299,-2.550562871296137,-2.4715934092201164,-2.2949742198910283,,,
15,13,-7.0,-6.0,703,0,703,,-2.503791287531861,True,,-2.4873873016353203,-2.436269571354299,-2.550562871296137,-2.4715934092201164,-2.2949742198910283,,,
15,14,-6.0,-5.0,703,0,703,,-2.503791287531861,True,,-2.4873873016353203,-2.436269571354299,-2.550562871296137,-2.4715934092201164,-2.2949742198910283,,,
15,15,-5.0,-4.0,702,0,702,,-2.503791287531861,True,,-2.4873873016353203,-2.436269571354299,-2.550562871296137,-2.4715934092201164,-2.2949742198910283,,,
15,16,-4.0,-3.0,703,0,703,,-2.503791287531861,True,,-2.4873873016353203,-2.436269571354299,-2.550562871296137,-2.4715934092201164,-2.2949742198910283,,,
15,17,-3.0,-2.0,702,0,702,,-2.503791287531861,True,,-2.4873873016353203,-2.436269571354299,-2.550562871296137,-2.4715934092201164,-2.2949742198910283,,,
15,18,-2.0,-1.0,703,80,623,-2.969144477058922,-2.503791287531861,True,-0.46535318952706106,-2.4873873016353203,-2.436269571354299,-2.550562871296137,-2.4715934092201164,-2.2949742198910283,-0.49755106783880576,1.0,-1.0
15,19,-1.0,0.0,702,0,702,,-2.503791287531861,True,,-2.4873873016353203,-2.436269571354299,-2.550562871296137,-2.4715934092201164,-2.2949742198910283,,,
15,20,0.0,1.0,703,0,703,,-2.503791287531861,True,,-2.4873873016353203,-2.436269571354299,-2.550562871296137,-2.4715934092201164,-2.2949742198910283,,,
15,21,1.0,2.0,703,104,599,-2.9906062964652116,-2.503791287531861,True,-0.4868150089333505,-2.4873873016353203,-2.436269571354299,-2.550562871296137,-2.4715934092201164,-2.2949742198910283,-0.5190128872450956,1.0,-1.0
15,22,2.0,3.0,702,115,587,-2.802934120433177,-2.503791287531861,True,-0.2991428329013157,-2.4873873016353203,-2.436269571354299,-2.550562871296137,-2.4715934092201164,-2.2949742198910283,-0.3313407112130604,1.0,-1.0
15,23,3.0,4.0,703,103,600,-2.9053899513249326,-2.503791287531861,True,-0.4015986637930715,-2.4873873016353203,-2.436269571354299,-2.550562871296137,-2.4715934092201164,-2.2949742198910283,-0.4337965421048162,1.0,-1.0
15,24,4.0,5.0,702,94,608,-2.806268057492762,-2.503791287531861,True,-0.3024767699609008,-2.4873873016353203,-2.436269571354299,-2.550562871296137,-2.4715934092201164,-2.2949742198910283,-0.3346746482726455,1.0,-1.0
15,25,5.0,6.0,703,137,566,-2.698306736903833,-2.503791287531861,True,-0.19451544937197207,-2.4873873016353203,-2.436269571354299,-2.550562871296137,-2.4715934092201164,-2.2949742198910283,-0.22671332768371677,1.0,-1.0
15,26,6.0,7.0,702,84,618,-2.8678224289411927,-2.503791287531861,True,-0.36403114140933157,-2.4873873016353203,-2.436269571354299,-2.550562871296137,-2.4715934092201164,-2.2949742198910283,-0.39622901972107627,1.0,-1.0
15,27,7.0,8.0,703,43,660,-3.0929137230320842,-2.503791287531861,True,-0.5891224355002231,-2.4873873016353203,-2.436269571354299,-2.550562871296137,-2.4715934092201164,-2.2949742198910283,-0.6213203138119674,1.0,-1.0
15,28,8.0,9.0,703,111,592,-3.052001738292905,-2.503791287531861,True,-0.5482104507610441,-2.4873873016353203,-2.436269571354299,-2.550562871296137,-2.4715934092201164,-2.2949742198910283,-0.5804083290727888,1.0,-1.0
15,29,9.0,10.0,702,116,586,-2.8741793856437257,-2.503791287531861,True,-0.37038809811186457,-2.4873873016353203,-2.436269571354299,-2.550562871296137,-2.4715934092201164,-2.2949742198910283,-0.40258597642360927,1.0,-1.0
15,30,10.0,11.0,703,101,602,-2.6004209331364128,-2.503791287531861,True,-0.09662964560455167,-2.4873873016353203,-2.436269571354299,-2.550562871296137,-2.4715934092201164,-2.2949742198910283,-0.12882752391629637,1.0,-1.0
15,31,11.0,12.0,702,98,604,-2.7161803744547015,-2.503791287531861,True,-0.21238908692284042,-2.4873873016353203,-2.436269571354299,-2.550562871296137,-2.4715934092201164,-2.2949742198910283,-0.24458696523458467,1.0,-1.0
15,32,12.0,13.0,703,94,609,-2.9704785809292167,-2.503791287531861,True,-0.4666872933973556,-2.4873873016353203,-2.436269571354299,-2.550562871296137,-2.4715934092201164,-2.2949742198910283,-0.4988851717091003,1.0,-1.0
15,33,13.0,14.0,702,144,558,-2.5384223161605246,-2.503791287531861,True,-0.03463102862866352,-2.4873873016353203,-2.436269571354299,-2.550562871296137,-2.4715934092201164,-2.2949742198910283,-0.06682890694040822,2.0,-0.5
15,34,14.0,15.0,703,124,579,-2.9240709212361047,-2.503791287531861,True,-0.4202796337042436,-2.4873873016353203,-2.436269571354299,-2.550562871296137,-2.4715934092201164,-2.2949742198910283,-0.4524775120159883,1.0,-1.0
15,35,15.0,16.0,703,142,561,-2.7937127662173613,-2.503791287531861,True,-0.2899214786855002,-2.4873873016353203,-2.436269571354299,-2.550562871296137,-2.4715934092201164,-2.2949742198910283,-0.3221193569972449,1.0,-1.0
15,36,16.0,17.0,702,117,585,-2.907984720563229,-2.503791287531861,True,-0.4041934330313679,-2.4873873016353203,-2.436269571354299,-2.550562871296137,-2.4715934092201164,-2.2949742198910283,-0.4363913113431126,1.0,-1.0
15,37,17.0,18.0,703,112,591,-2.7892584413476995,-2.503791287531861,True,-0.2854671538158384,-2.4873873016353203,-2.436269571354299,-2.550562871296137,-2.4715934092201164,-2.2949742198910283,-0.3176650321275831,1.0,-1.0
15,38,18.0,19.0,702,24,678,-3.0269970182466093,-2.503791287531861,True,-0.5232057307147482,-2.4873873016353203,-2.436269571354299,-2.550562871296137,-2.4715934092201164,-2.2949742198910283,-0.5554036090264929,1.0,-1.0
15,39,19.0,20.0,703,88,615,-3.022199707704698,-2.503791287531861,True,-0.518408420172837,-2.4873873016353203,-2.436269571354299,-2.550562871296137,-2.4715934092201164,-2.2949742198910283,-0.5506062984845816,1.0,-1.0
16,0,-20.0,-19.0,702,183,519,-2.983348993432556,-2.680730995157722,True,-0.30261799827483404,-2.6396161938024503,-2.6041799341224614,-2.759446872162451,-2.60965852421245,-2.582265573762508,-0.3736904692201062,1.0,-1.0
16,1,-19.0,-18.0,703,0,703,,-2.680730995157722,True,,-2.6396161938024503,-2.6041799341224614,-2.759446872162451,-2.60965852421245,-2.582265573762508,,,
16,2,-18.0,-17.0,702,580,122,-2.5822655737625078,-2.680730995157722,True,0.0984654213952143,-2.6396161938024503,-2.6041799341224614,-2.759446872162451,-2.60965852421245,-2.582265573762508,0.027392950449941722,5.0,1.0
16,3,-17.0,-16.0,703,453,250,-2.468935012218645,-2.680730995157722,True,0.2117959829390772,-2.6396161938024503,-2.6041799341224614,-2.759446872162451,-2.60965852421245,-2.582265573762508,0.14072351199380506,5.0,1.0
16,4,-16.0,-15.0,703,195,508,-2.60965852421245,-2.680730995157722,True,0.07107247094527214,-2.6396161938024503,-2.6041799341224614,-2.759446872162451,-2.60965852421245,-2.582265573762508,0.0,3.0,0.0
16,5,-15.0,-14.0,702,0,702,,-2.680730995157722,True,,-2.6396161938024503,-2.6041799341224614,-2.759446872162451,-2.60965852421245,-2.582265573762508,,,
16,6,-14.0,-13.0,703,0,703,,-2.680730995157722,True,,-2.6396161938024503,-2.6041799341224614,-2.759446872162451,-2.60965852421245,-2.582265573762508,,,
16,7,-13.0,-12.0,702,0,702,,-2.680730995157722,True,,-2.6396161938024503,-2.6041799341224614,-2.759446872162451,-2.60965852421245,-2.582265573762508,,,
16,8,-12.0,-11.0,703,0,703,,-2.680730995157722,True,,-2.6396161938024503,-2.6041799341224614,-2.759446872162451,-2.60965852421245,-2.582265573762508,,,
16,9,-11.0,-10.0,702,0,702,,-2.680730995157722,True,,-2.6396161938024503,-2.6041799341224614,-2.759446872162451,-2.60965852421245,-2.582265573762508,,,
16,10,-10.0,-9.0,703,0,703,,-2.680730995157722,True,,-2.6396161938024503,-2.6041799341224614,-2.759446872162451,-2.60965852421245,-2.582265573762508,,,
16,11,-9.0,-8.0,703,0,703,,-2.680730995157722,True,,-2.6396161938024503,-2.6041799341224614,-2.759446872162451,-2.60965852421245,-2.582265573762508,,,
16,12,-8.0,-7.0,702,0,702,,-2.680730995157722,True,,-2.6396161938024503,-2.6041799341224614,-2.759446872162451,-2.60965852421245,-2.582265573762508,,,
16,13,-7.0,-6.0,703,0,703,,-2.680730995157722,True,,-2.6396161938024503,-2.6041799341224614,-2.759446872162451,-2.60965852421245,-2.582265573762508,,,
16,14,-6.0,-5.0,702,0,702,,-2.680730995157722,True,,-2.6396161938024503,-2.6041799341224614,-2.759446872162451,-2.60965852421245,-2.582265573762508,,,
16,15,-5.0,-4.0,703,0,703,,-2.680730995157722,True,,-2.6396161938024503,-2.6041799341224614,-2.759446872162451,-2.60965852421245,-2.582265573762508,,,
16,16,-4.0,-3.0,702,0,702,,-2.680730995157722,True,,-2.6396161938024503,-2.6041799341224614,-2.759446872162451,-2.60965852421245,-2.582265573762508,,,
16,17,-3.0,-2.0,703,0,703,,-2.680730995157722,True,,-2.6396161938024503,-2.6041799341224614,-2.759446872162451,-2.60965852421245,-2.582265573762508,,,
16,18,-2.0,-1.0,703,82,621,-2.759446872162451,-2.680730995157722,True,-0.07871587700472915,-2.6396161938024503,-2.6041799341224614,-2.759446872162451,-2.60965852421245,-2.582265573762508,-0.1497883479500013,2.0,-0.5
16,19,-1.0,0.0,702,0,702,,-2.680730995157722,True,,-2.6396161938024503,-2.6041799341224614,-2.759446872162451,-2.60965852421245,-2.582265573762508,,,
16,20,0.0,1.0,703,0,703,,-2.680730995157722,True,,-2.6396161938024503,-2.6041799341224614,-2.759446872162451,-2.60965852421245,-2.582265573762508,,,
16,21,1.0,2.0,702,0,702,,-2.680730995157722,True,,-2.6396161938024503,-2.6041799341224614,-2.759446872162451,-2.60965852421245,-2.582265573762508,,,
16,22,2.0,3.0,703,67,636,-2.990550744095238,-2.680730995157722,True,-0.30981974893751607,-2.6396161938024503,-2.6041799341224614,-2.759446872162451,-2.60965852421245,-2.582265573762508,-0.3808922198827882,1.0,-1.0
16,23,3.0,4.0,702,0,702,,-2.680730995157722,True,,-2.6396161938024503,-2.6041799341224614,-2.759446872162451,-2.60965852421245,-2.582265573762508,,,
16,24,4.0,5.0,703,0,703,,-2.680730995157722,True,,-2.6396161938024503,-2.6041799341224614,-2.759446872162451,-2.60965852421245,-2.582265573762508,,,
16,25,5.0,6.0,703,134,569,-2.7702336153381695,-2.680730995157722,True,-0.08950262018044741,-2.6396161938024503,-2.6041799341224614,-2.759446872162451,-2.60965852421245,-2.582265573762508,-0.1605750911257191,1.0,-1.0
16,26,6.0,7.0,702,0,702,,-2.680730995157722,True,,-2.6396161938024503,-2.6041799341224614,-2.759446872162451,-2.60965852421245,-2.582265573762508,,,
16,27,7.0,8.0,703,116,587,-3.040319497890006,-2.680730995157722,True,-0.3595885027322838,-2.6396161938024503,-2.6041799341224614,-2.759446872162451,-2.60965852421245,-2.582265573762508,-0.43066097367755596,1.0,-1.0
16,28,8.0,9.0,702,26,676,-3.3659982491344604,-2.680730995157722,True,-0.6852672539767384,-2.6396161938024503,-2.6041799341224614,-2.759446872162451,-2.60965852421245,-2.582265573762508,-0.7563397249220105,1.0,-1.0
16,29,9.0,10.0,703,222,481,-2.77871999361731,-2.680730995157722,True,-0.09798899845958786,-2.6396161938024503,-2.6041799341224614,-2.759446872162451,-2.60965852421245,-2.582265573762508,-0.16906146940486,1.0,-1.0
16,30,10.0,11.0,702,152,550,-2.8058721936468967,-2.680730995157722,True,-0.1251411984891746,-2.6396161938024503,-2.6041799341224614,-2.759446872162451,-2.60965852421245,-2.582265573762508,-0.19621366943444674,1.0,-1.0
16,31,11.0,12.0,703,169,534,-2.6442963897118537,-2.680730995157722,True,0.03643460544586841,-2.6396161938024503,-2.6041799341224614,-2.759446872162451,-2.60965852421245,-2.582265573762508,-0.03463786549940373,2.0,-0.5
16,32,12.0,13.0,703,178,525,-2.630253711554768,-2.680730995157722,True,0.05047728360295389,-2.6396161938024503,-2.6041799341224614,-2.759446872162451,-2.60965852421245,-2.582265573762508,-0.020595187342318244,3.0,0.0
16,33,13.0,14.0,702,171,531,-2.7187834590991233,-2.680730995157722,True,-0.03805246394140127,-2.6396161938024503,-2.6041799341224614,-2.759446872162451,-2.60965852421245,-2.582265573762508,-0.10912493488667385,2.0,-0.5
16,34,14.0,15.0,703,149,554,-2.6438782699834014,-2.680730995157722,True,0.0368527251743207,-2.6396161938024503,-2.6041799341224614,-2.759446872162451,-2.60965852421245,-2.582265573762508,-0.03421974577095144,2.0,-0.5
16,35,15.0,16.0,702,114,588,-2.763993259258318,-2.680730995157722,True,-0.083262264100596,-2.6396161938024503,-2.6041799341224614,-2.759446872162451,-2.60965852421245,-2.582265573762508,-0.15433473504586814,1.0,-1.0
16,36,16.0,17.0,703,128,575,-2.750990994322221,-2.680730995157722,True,-0.07025999916449877,-2.6396161938024503,-2.6041799341224614,-2.759446872162451,-2.60965852421245,-2.582265573762508,-0.1413324701097709,2.0,-0.5
16,37,17.0,18.0,702,137,565,-2.822183467994517,-2.680730995157722,True,-0.14145247283679474,-2.6396161938024503,-2.6041799341224614,-2.759446872162451,-2.60965852421245,-2.582265573762508,-0.21252494378206688,1.0,-1.0
16,38,18.0,19.0,703,188,515,-2.664741381510942,-2.680730995157722,True,0.015989613646779866,-2.6396161938024503,-2.6041799341224614,-2.759446872162451,-2.60965852421245,-2.582265573762508,-0.05508285729849227,2.0,-0.5
16,39,19.0,20.0,703,184,519,-2.8237097219658973,-2.680730995157722,True,-0.14297872680817525,-2.6396161938024503,-2.6041799341224614,-2.759446872162451,-2.60965852421245,-2.582265573762508,-0.2140511977534474,1.0,-1.0
17,0,-20.0,-19.0,702,132,570,-2.575572292255489,-2.694044608789519,True,0.11847231653403023,-2.6958619693068604,-2.6825514294617276,-2.7444287939842136,-2.6873204067902803,-2.6307552689588367,0.11174811453479139,5.0,1.0
17,1,-19.0,-18.0,703,162,541,-2.78125909399843,-2.694044608789519,True,-0.08721448520891073,-2.6958619693068604,-2.6825514294617276,-2.7444287939842136,-2.6873204067902803,-2.6307552689588367,-0.09393868720814957,1.0,-1.0
17,2,-18.0,-17.0,703,0,703,,-2.694044608789519,True,,-2.6958619693068604,-2.6825514294617276,-2.7444287939842136,-2.6873204067902803,-2.6307552689588367,,,
17,3,-17.0,-16.0,702,388,314,-2.8129926489103685,-2.694044608789519,True,-0.11894804012084936,-2.6958619693068604,-2.6825514294617276,-2.7444287939842136,-2.6873204067902803,-2.6307552689588367,-0.1256722421200882,1.0,-1.0
17,4,-16.0,-15.0,703,178,525,-2.714884491656245,-2.694044608789519,True,-0.020839882866726,-2.6958619693068604,-2.6825514294617276,-2.7444287939842136,-2.6873204067902803,-2.6307552689588367,-0.027564084865964844,2.0,-0.5
17,5,-15.0,-14.0,702,172,530,-2.6851196850568284,-2.694044608789519,True,0.008924923732690715,-2.6958619693068604,-2.6825514294617276,-2.7444287939842136,-2.6873204067902803,-2.6307552689588367,0.0022007217334518714,3.0,0.0
17,6,-14.0,-13.0,703,163,540,-2.6895211285237317,-2.694044608789519,True,0.004523480265787416,-2.6958619693068604,-2.6825514294617276,-2.7444287939842136,-2.6873204067902803,-2.6307552689588367,-0.0022007217334518714,3.0,0.0
17,7,-13.0,-12.0,702,169,533,-2.7321520273128077,-2.694044608789519,True,-0.03810741852328858,-2.6958619693068604,-2.6825514294617276,-2.7444287939842136,-2.6873204067902803,-2.6307552689588367,-0.04483162052252787,2.0,-0.5
17,8,-12.0,-11.0,703,152,551,-2.6627654955951208,-2.694044608789519,True,0.031279113194398356,-2.6958619693068604,-2.6825514294617276,-2.7444287939842136,-2.6873204067902803,-2.6307552689588367,0.024554911195159512,4.0,0.5
17,9,-11.0,-10.0,703,151,552,-2.491960503095484,-2.694044608789519,True,0.202084105694035,-2.6958619693068604,-2.6825514294617276,-2.7444287939842136,-2.6873204067902803,-2.6307552689588367,0.19535990369479617,5.0,1.0
17,10,-10.0,-9.0,702,165,537,-2.600437334029495,-2.694044608789519,True,0.09360727476002406,-2.6958619693068604,-2.6825514294617276,-2.7444287939842136,-2.6873204067902803,-2.6307552689588367,0.08688307276078522,5.0,1.0
17,11,-9.0,-8.0,703,0,703,,-2.694044608789519,True,,-2.6958619693068604,-2.6825514294617276,-2.7444287939842136,-2.6873204067902803,-2.6307552689588367,,,
17,12,-8.0,-7.0,702,0,702,,-2.694044608789519,True,,-2.6958619693068604,-2.6825514294617276,-2.7444287939842136,-2.6873204067902803,-2.6307552689588367,,,
17,13,-7.0,-6.0,703,436,267,-2.9023634101186975,-2.694044608789519,True,-0.20831880132917835,-2.6958619693068604,-2.6825514294617276,-2.7444287939842136,-2.6873204067902803,-2.6307552689588367,-0.21504300332841675,1.0,-1.0
17,14,-6.0,-5.0,702,190,512,-2.6748466626764253,-2.694044608789519,True,0.019197946113093778,-2.6958619693068604,-2.6825514294617276,-2.7444287939842136,-2.6873204067902803,-2.6307552689588367,0.012473744113854934,4.0,0.5
17,15,-5.0,-4.0,703,169,534,-2.6112018090252924,-2.694044608789519,True,0.0828427997642267,-2.6958619693068604,-2.6825514294617276,-2.7444287939842136,-2.6873204067902803,-2.6307552689588367,0.07611859776498786,5.0,1.0
17,16,-4.0,-3.0,703,0,703,,-2.694044608789519,True,,-2.6958619693068604,-2.6825514294617276,-2.7444287939842136,-2.6873204067902803,-2.6307552689588367,,,
17,17,-3.0,-2.0,702,168,534,-2.8018253627930663,-2.694044608789519,True,-0.10778075400354714,-2.6958619693068604,-2.6825514294617276,-2.7444287939842136,-2.6873204067902803,-2.6307552689588367,-0.11450495600278598,1.0,-1.0
17,18,-2.0,-1.0,703,288,415,-2.7305387066481366,-2.694044608789519,True,-0.03649409785861746,-2.6958619693068604,-2.6825514294617276,-2.7444287939842136,-2.6873204067902803,-2.6307552689588367,-0.0432182998578563,2.0,-0.5
17,19,-1.0,0.0,702,174,528,-2.6372730889366847,-2.694044608789519,True,0.05677151985283446,-2.6958619693068604,-2.6825514294617276,-2.7444287939842136,-2.6873204067902803,-2.6307552689588367,0.05004731785359562,4.0,0.5
17,20,0.0,1.0,703,0,703,,-2.694044608789519,True,,-2.6958619693068604,-2.6825514294617276,-2.7444287939842136,-2.6873204067902803,-2.6307552689588367,,,
17,21,1.0,2.0,702,170,532,-2.642027444847365,-2.694044608789519,True,0.052017163942154276,-2.6958619693068604,-2.6825514294617276,-2.7444287939842136,-2.6873204067902803,-2.6307552689588367,0.04529296194291543,4.0,0.5
17,22,2.0,3.0,703,151,552,-2.655395667358227,-2.694044608789519,True,0.03864894143129227,-2.6958619693068604,-2.6825514294617276,-2.7444287939842136,-2.6873204067902803,-2.6307552689588367,0.03192473943205343,4.0,0.5
17,23,3.0,4.0,703,166,537,-2.753663727899282,-2.694044608789519,True,-0.05961911910976303,-2.6958619693068604,-2.6825514294617276,-2.7444287939842136,-2.6873204067902803,-2.6307552689588367,-0.06634332110900187,1.0,-1.0
17,24,4.0,5.0,702,193,509,-2.8163508417271834,-2.694044608789519,True,-0.1223062329376643,-2.6958619693068604,-2.6825514294617276,-2.7444287939842136,-2.6873204067902803,-2.6307552689588367,-0.12903043493690314,1.0,-1.0
17,25,5.0,6.0,703,160,543,-2.62650516414167,-2.694044608789519,True,0.06753944464784922,-2.6958619693068604,-2.6825514294617276,-2.7444287939842136,-2.6873204067902803,-2.6307552689588367,0.06081524264861038,5.0,1.0
17,26,6.0,7.0,702,168,534,-2.810644244868029,-2.694044608789519,True,-0.11659963607850976,-2.6958619693068604,-2.6825514294617276,-2.7444287939842136,-2.6873204067902803,-2.6307552689588367,-0.1233238380777486,1.0,-1.0
17,27,7.0,8.0,703,290,413,-2.713004766574423,-2.694044608789519,True,-0.018960157784903675,-2.6958619693068604,-2.6825514294617276,-2.7444287939842136,-2.6873204067902803,-2.6307552689588367,-0.02568435978414252,2.0,-0.5
17,28,8.0,9.0,702,160,542,-2.8926102891546663,-2.694044608789519,True,-0.1985656803651472,-2.6958619693068604,-2.6825514294617276,-2.7444287939842136,-2.6873204067902803,-2.6307552689588367,-0.20528988236438606,1.0,-1.0
17,29,9.0,10.0,703,92,611,-2.8342500656605933,-2.694044608789519,True,-0.14020545687107422,-2.6958619693068604,-2.6825514294617276,-2.7444287939842136,-2.6873204067902803,-2.6307552689588367,-0.14692965887031306,1.0,-1.0
17,30,10.0,11.0,703,162,541,-2.633616205363551,-2.694044608789519,True,0.060428403425968114,-2.6958619693068604,-2.6825514294617276,-2.7444287939842136,-2.6873204067902803,-2.6307552689588367,0.05370420142672927,4.0,0.5
17,31,11.0,12.0,702,129,573,-2.6500352461814223,-2.694044608789519,True,0.04400936260809685,-2.6958619693068604,-2.6825514294617276,-2.7444287939842136,-2.6873204067902803,-2.6307552689588367,0.037285160608858,4.0,0.5
17,32,12.0,13.0,703,168,535,-2.7245914332084165,-2.694044608789519,True,-0.030546824418897334,-2.6958619693068604,-2.6825514294617276,-2.7444287939842136,-2.6873204067902803,-2.6307552689588367,-0.03727102641813618,2.0,-0.5
17,33,13.0,14.0,702,115,587,-2.7088512856076745,-2.694044608789519,True,-0.014806676818155395,-2.6958619693068604,-2.6825514294617276,-2.7444287939842136,-2.6873204067902803,-2.6307552689588367,-0.02153087881739424,2.0,-0.5
17,34,14.0,15.0,703,150,553,-2.723109091362187,-2.694044608789519,True,-0.029064482572668027,-2.6958619693068604,-2.6825514294617276,-2.7444287939842136,-2.6873204067902803,-2.6307552689588367,-0.03578868457190687,2.0,-0.5
17,35,15.0,16.0,702,163,539,-2.6120701311377665,-2.694044608789519,True,0.08197447765175259,-2.6958619693068604,-2.6825514294617276,-2.7444287939842136,-2.6873204067902803,-2.6307552689588367,0.07525027565251374,5.0,1.0
17,36,16.0,17.0,703,191,512,-2.6776560799760585,-2.694044608789519,True,0.016388528813460645,-2.6958619693068604,-2.6825514294617276,-2.7444287939842136,-2.6873204067902803,-2.6307552689588367,0.009664326814221802,4.0,0.5
17,37,17.0,18.0,703,138,565,-2.7367956636783184,-2.694044608789519,True,-0.04275105488879927,-2.6958619693068604,-2.6825514294617276,-2.7444287939842136,-2.6873204067902803,-2.6307552689588367,-0.04947525688803811,2.0,-0.5
17,38,18.0,19.0,702,141,561,-2.681781704581853,-2.694044608789519,True,0.012262904207666292,-2.6958619693068604,-2.6825514294617276,-2.7444287939842136,-2.6873204067902803,-2.6307552689588367,0.005538702208427448,4.0,0.5
17,39,19.0,20.0,703,145,558,-2.5386674331922996,-2.694044608789519,True,0.15537717559721953,-2.6958619693068604,-2.6825514294617276,-2.7444287939842136,-2.6873204067902803,-2.6307552689588367,0.14865297359798024,5.0,1.0
18,0,-20.0,-19.0,702,285,417,-2.679668517252474,-2.6710643295414913,True,-0.008604187710982814,-2.714098217451665,-2.6808603501484294,-2.7308026816591764,-2.691586846212028,-2.6053043609616457,0.011918328959553914,4.0,0.5
18,1,-19.0,-18.0,703,227,476,-2.6915868462120276,-2.6710643295414913,True,-0.020522516670536284,-2.714098217451665,-2.6808603501484294,-2.7308026816591764,-2.691586846212028,-2.6053043609616457,0.0,3.0,0.0
18,2,-18.0,-17.0,702,195,507,-2.7295844955886652,-2.6710643295414913,True,-0.058520166047173916,-2.714098217451665,-2.6808603501484294,-2.7308026816591764,-2.691586846212028,-2.6053043609616457,-0.037997649376636744,2.0,-0.5
18,3,-17.0,-16.0,703,169,534,-2.7262228775372104,-2.6710643295414913,True,-0.055158547995719065,-2.714098217451665,-2.6808603501484294,-2.7308026816591764,-2.691586846212028,-2.6053043609616457,-0.03463603132518234,2.0,-0.5
18,4,-16.0,-15.0,702,175,527,-2.7486794595157824,-2.6710643295414913,True,-0.0776151299742911,-2.714098217451665,-2.6808603501484294,-2.7308026816591764,-2.691586846212028,-2.6053043609616457,-0.05709261330375437,1.0,-1.0
18,5,-15.0,-14.0,703,156,547,-2.7750679588805194,-2.6710643295414913,True,-0.10400362933902807,-2.714098217451665,-2.6808603501484294,-2.7308026816591764,-2.691586846212028,-2.6053043609616457,-0.08348111266849134,1.0,-1.0
18,6,-14.0,-13.0,703,198,505,-2.6615549777107215,-2.6710643295414913,True,0.009509351830769841,-2.714098217451665,-2.6808603501484294,-2.7308026816591764,-2.691586846212028,-2.6053043609616457,0.030031868501307013,4.0,0.5
18,7,-13.0,-12.0,702,144,558,-2.781598637636645,-2.6710643295414913,True,-0.11053430809515374,-2.714098217451665,-2.6808603501484294,-2.7308026816591764,-2.691586846212028,-2.6053043609616457,-0.09001179142461702,1.0,-1.0
18,8,-12.0,-11.0,703,162,541,-2.7459627836808242,-2.6710643295414913,True,-0.07489845413933294,-2.714098217451665,-2.6808603501484294,-2.7308026816591764,-2.691586846212028,-2.6053043609616457,-0.054375937468795765,1.0,-1.0
18,9,-11.0,-10.0,702,333,369,-2.589852724418568,-2.6710643295414913,True,0.08121160512292347,-2.714098217451665,-2.6808603501484294,-2.7308026816591764,-2.691586846212028,-2.6053043609616457,0.1017341217934602,5.0,1.0
18,10,-10.0,-9.0,703,128,575,-2.537991930562581,-2.6710643295414913,True,0.1330723989789102,-2.714098217451665,-2.6808603501484294,-2.7308026816591764,-2.691586846212028,-2.6053043609616457,0.15359491564944694,5.0,1.0
18,11,-9.0,-8.0,702,223,479,-2.716599480922736,-2.6710643295414913,True,-0.04553515138124453,-2.714098217451665,-2.6808603501484294,-2.7308026816591764,-2.691586846212028,-2.6053043609616457,-0.025012634710707804,2.0,-0.5
18,12,-8.0,-7.0,703,158,545,-2.5029188513556635,-2.6710643295414913,True,0.1681454781858278,-2.714098217451665,-2.6808603501484294,-2.7308026816591764,-2.691586846212028,-2.6053043609616457,0.18866799485636454,5.0,1.0
18,13,-7.0,-6.0,703,176,527,-2.6025012978579802,-2.6710643295414913,True,0.06856303168351108,-2.714098217451665,-2.6808603501484294,-2.7308026816591764,-2.691586846212028,-2.6053043609616457,0.08908554835404825,5.0,1.0
18,14,-6.0,-5.0,702,144,558,-2.557624734955805,-2.6710643295414913,True,0.11343959458568653,-2.714098217451665,-2.6808603501484294,-2.7308026816591764,-2.691586846212028,-2.6053043609616457,0.13396211125622326,5.0,1.0
18,15,-5.0,-4.0,703,156,547,-2.7320208677296876,-2.6710643295414913,True,-0.06095653818819624,-2.714098217451665,-2.6808603501484294,-2.7308026816591764,-2.691586846212028,-2.6053043609616457,-0.04043402151765996,1.0,-1.0
18,16,-4.0,-3.0,702,187,515,-2.633896068942988,-2.6710643295414913,True,0.03716826059850353,-2.714098217451665,-2.6808603501484294,-2.7308026816591764,-2.691586846212028,-2.6053043609616457,0.05769077726904026,4.0,0.5
18,17,-3.0,-2.0,703,173,530,-2.6081074240653117,-2.6710643295414913,True,0.0629569054761796,-2.714098217451665,-2.6808603501484294,-2.7308026816591764,-2.691586846212028,-2.6053043609616457,0.08347942214671589,4.0,0.5
18,18,-2.0,-1.0,702,152,550,-2.728782326462146,-2.6710643295414913,True,-0.05771799692065471,-2.714098217451665,-2.6808603501484294,-2.7308026816591764,-2.691586846212028,-2.6053043609616457,-0.037195480250117985,2.0,-0.5
18,19,-1.0,0.0,703,0,703,,-2.6710643295414913,True,,-2.714098217451665,-2.6808603501484294,-2.7308026816591764,-2.691586846212028,-2.6053043609616457,,,
18,20,0.0,1.0,703,0,703,,-2.6710643295414913,True,,-2.714098217451665,-2.6808603501484294,-2.7308026816591764,-2.691586846212028,-2.6053043609616457,,,
18,21,1.0,2.0,702,0,702,,-2.6710643295414913,True,,-2.714098217451665,-2.6808603501484294,-2.7308026816591764,-2.691586846212028,-2.6053043609616457,,,
18,22,2.0,3.0,703,92,611,-2.8390420388869804,-2.6710643295414913,True,-0.16797770934548906,-2.714098217451665,-2.6808603501484294,-2.7308026816591764,-2.691586846212028,-2.6053043609616457,-0.14745519267495233,1.0,-1.0
18,23,3.0,4.0,702,129,573,-2.758826253078397,-2.6710643295414913,True,-0.0877619235369056,-2.714098217451665,-2.6808603501484294,-2.7308026816591764,-2.691586846212028,-2.6053043609616457,-0.06723940686636887,1.0,-1.0
18,24,4.0,5.0,703,151,552,-2.6672663223011566,-2.6710643295414913,True,0.0037980072403347442,-2.714098217451665,-2.6808603501484294,-2.7308026816591764,-2.691586846212028,-2.6053043609616457,0.024320523910871028,4.0,0.5
18,25,5.0,6.0,702,86,616,-2.733178343460836,-2.6710643295414913,True,-0.06211401391934457,-2.714098217451665,-2.6808603501484294,-2.7308026816591764,-2.691586846212028,-2.6053043609616457,-0.04159149724880784,1.0,-1.0
18,26,6.0,7.0,703,112,591,-2.9754284075834465,-2.6710643295414913,True,-0.3043640780419552,-2.714098217451665,-2.6808603501484294,-2.7308026816591764,-2.691586846212028,-2.6053043609616457,-0.28384156137141847,1.0,-1.0
18,27,7.0,8.0,703,286,417,-2.562823478526869,-2.6710643295414913,True,0.10824085101462222,-2.714098217451665,-2.6808603501484294,-2.7308026816591764,-2.691586846212028,-2.6053043609616457,0.12876336768515895,5.0,1.0
18,28,8.0,9.0,702,179,523,-2.6014601163040356,-2.6710643295414913,True,0.06960421323745569,-2.714098217451665,-2.6808603501484294,-2.7308026816591764,-2.691586846212028,-2.6053043609616457,0.09012672990799198,5.0,1.0
18,29,9.0,10.0,703,165,538,-2.5548940615974023,-2.6710643295414913,True,0.11617026794408902,-2.714098217451665,-2.6808603501484294,-2.7308026816591764,-2.691586846212028,-2.6053043609616457,0.13669278461462575,5.0,1.0
18,30,10.0,11.0,702,0,702,,-2.6710643295414913,True,,-2.714098217451665,-2.6808603501484294,-2.7308026816591764,-2.691586846212028,-2.6053043609616457,,,
18,31,11.0,12.0,703,142,561,-2.8369790508492576,-2.6710643295414913,True,-0.1659147213077663,-2.714098217451665,-2.6808603501484294,-2.7308026816591764,-2.691586846212028,-2.6053043609616457,-0.14539220463722957,1.0,-1.0
18,32,12.0,13.0,702,170,532,-2.7930063868631767,-2.6710643295414913,True,-0.1219420573216854,-2.714098217451665,-2.6808603501484294,-2.7308026816591764,-2.691586846212028,-2.6053043609616457,-0.10141954065114867,1.0,-1.0
18,33,13.0,14.0,703,126,577,-2.8845158495929883,-2.6710643295414913,True,-0.21345152005149703,-2.714098217451665,-2.6808603501484294,-2.7308026816591764,-2.691586846212028,-2.6053043609616457,-0.1929290033809603,1.0,-1.0
18,34,14.0,15.0,703,180,523,-2.743875795070492,-2.6710643295414913,True,-0.07281146552900086,-2.714098217451665,-2.6808603501484294,-2.7308026816591764,-2.691586846212028,-2.6053043609616457,-0.052288948858464135,1.0,-1.0
18,35,15.0,16.0,702,140,562,-2.662471699843306,-2.6710643295414913,True,0.008592629698185306,-2.714098217451665,-2.6808603501484294,-2.7308026816591764,-2.691586846212028,-2.6053043609616457,0.029115146368722034,4.0,0.5
18,36,16.0,17.0,703,141,562,-2.710411121851084,-2.6710643295414913,True,-0.039346792309592704,-2.714098217451665,-2.6808603501484294,-2.7308026816591764,-2.691586846212028,-2.6053043609616457,-0.018824275639055976,3.0,0.0
18,37,17.0,18.0,702,126,576,-2.612864392210156,-2.6710643295414913,True,0.05819993733133533,-2.714098217451665,-2.6808603501484294,-2.7308026816591764,-2.691586846212028,-2.6053043609616457,0.07872245400187206,4.0,0.5
18,38,18.0,19.0,703,138,565,-2.7739269481728273,-2.6710643295414913,True,-0.10286261863133594,-2.714098217451665,-2.6808603501484294,-2.7308026816591764,-2.691586846212028,-2.6053043609616457,-0.08234010196079966,1.0,-1.0
18,39,19.0,20.0,702,139,563,-2.704634721104033,-2.6710643295414913,True,-0.0335703915625416,-2.714098217451665,-2.6808603501484294,-2.7308026816591764,-2.691586846212028,-2.6053043609616457,-0.013047874892004874,3.0,0.0
19,0,-20.0,-19.0,703,0,703,,-2.714328205787278,True,,-2.721743168564601,-2.655847189440463,-2.878667911630215,-2.7041649924434856,-2.52650030566491,,,
19,1,-19.0,-18.0,702,0,702,,-2.714328205787278,True,,-2.721743168564601,-2.655847189440463,-2.878667911630215,-2.7041649924434856,-2.52650030566491,,,
19,2,-18.0,-17.0,703,0,703,,-2.714328205787278,True,,-2.721743168564601,-2.655847189440463,-2.878667911630215,-2.7041649924434856,-2.52650030566491,,,
19,3,-17.0,-16.0,702,0,702,,-2.714328205787278,True,,-2.721743168564601,-2.655847189440463,-2.878667911630215,-2.7041649924434856,-2.52650030566491,,,
19,4,-16.0,-15.0,703,0,703,,-2.714328205787278,True,,-2.721743168564601,-2.655847189440463,-2.878667911630215,-2.7041649924434856,-2.52650030566491,,,
19,5,-15.0,-14.0,703,0,703,,-2.714328205787278,True,,-2.721743168564601,-2.655847189440463,-2.878667911630215,-2.7041649924434856,-2.52650030566491,,,
19,6,-14.0,-13.0,702,0,702,,-2.714328205787278,True,,-2.721743168564601,-2.655847189440463,-2.878667911630215,-2.7041649924434856,-2.52650030566491,,,
19,7,-13.0,-12.0,703,0,703,,-2.714328205787278,True,,-2.721743168564601,-2.655847189440463,-2.878667911630215,-2.7041649924434856,-2.52650030566491,,,
19,8,-12.0,-11.0,702,0,702,,-2.714328205787278,True,,-2.721743168564601,-2.655847189440463,-2.878667911630215,-2.7041649924434856,-2.52650030566491,,,
19,9,-11.0,-10.0,703,0,703,,-2.714328205787278,True,,-2.721743168564601,-2.655847189440463,-2.878667911630215,-2.7041649924434856,-2.52650030566491,,,
19,10,-10.0,-9.0,702,45,657,-3.0181421720607156,-2.714328205787278,True,-0.3038139662734376,-2.721743168564601,-2.655847189440463,-2.878667911630215,-2.7041649924434856,-2.52650030566491,-0.3139771796172304,1.0,-1.0
19,11,-9.0,-8.0,703,0,703,,-2.714328205787278,True,,-2.721743168564601,-2.655847189440463,-2.878667911630215,-2.7041649924434856,-2.52650030566491,,,
19,12,-8.0,-7.0,703,0,703,,-2.714328205787278,True,,-2.721743168564601,-2.655847189440463,-2.878667911630215,-2.7041649924434856,-2.52650030566491,,,
19,13,-7.0,-6.0,702,0,702,,-2.714328205787278,True,,-2.721743168564601,-2.655847189440463,-2.878667911630215,-2.7041649924434856,-2.52650030566491,,,
19,14,-6.0,-5.0,703,64,639,-2.994576910413226,-2.714328205787278,True,-0.2802487046259481,-2.721743168564601,-2.655847189440463,-2.878667911630215,-2.7041649924434856,-2.52650030566491,-0.2904119179697404,1.0,-1.0
19,15,-5.0,-4.0,702,103,599,-2.7041649924434856,-2.714328205787278,True,0.010163213343792332,-2.721743168564601,-2.655847189440463,-2.878667911630215,-2.7041649924434856,-2.52650030566491,0.0,3.0,0.0
19,16,-4.0,-3.0,703,145,558,-2.762758912847204,-2.714328205787278,True,-0.048430707059925915,-2.721743168564601,-2.655847189440463,-2.878667911630215,-2.7041649924434856,-2.52650030566491,-0.05859392040371825,2.0,-0.5
19,17,-3.0,-2.0,702,175,527,-2.5431056491000774,-2.714328205787278,True,0.17122255668720054,-2.721743168564601,-2.655847189440463,-2.878667911630215,-2.7041649924434856,-2.52650030566491,0.1610593433434082,4.0,0.5
19,18,-2.0,-1.0,703,212,491,-2.5098949622297417,-2.714328205787278,True,0.20443324355753623,-2.721743168564601,-2.655847189440463,-2.878667911630215,-2.7041649924434856,-2.52650030566491,0.1942700302137439,5.0,1.0
19,19,-1.0,0.0,703,229,474,-2.4676538414164946,-2.714328205787278,True,0.24667436437078338,-2.721743168564601,-2.655847189440463,-2.878667911630215,-2.7041649924434856,-2.52650030566491,0.23651115102699105,5.0,1.0
19,20,0.0,1.0,702,120,582,-2.754003018582429,-2.714328205787278,True,-0.03967481279515095,-2.721743168564601,-2.655847189440463,-2.878667911630215,-2.7041649924434856,-2.52650030566491,-0.04983802613894328,2.0,-0.5
19,21,1.0,2.0,703,182,521,-2.5191204136687415,-2.714328205787278,True,0.19520779211853645,-2.721743168564601,-2.655847189440463,-2.878667911630215,-2.7041649924434856,-2.52650030566491,0.18504457877474456,5.0,1.0
19,22,2.0,3.0,702,166,536,-2.5905079084568334,-2.714328205787278,True,0.12382029733044453,-2.721743168564601,-2.655847189440463,-2.878667911630215,-2.7041649924434856,-2.52650030566491,0.11365708398665264,4.0,0.5
19,23,3.0,4.0,703,177,526,-2.5291211638679307,-2.714328205787278,True,0.18520704191934723,-2.721743168564601,-2.655847189440463,-2.878667911630215,-2.7041649924434856,-2.52650030566491,0.1750438285755549,4.0,0.5
19,24,4.0,5.0,702,189,513,-2.648502627001781,-2.714328205787278,True,0.06582557878549711,-2.721743168564601,-2.655847189440463,-2.878667911630215,-2.7041649924434856,-2.52650030566491,0.055662365441704775,4.0,0.5
19,25,5.0,6.0,703,186,517,-2.3831302916690937,-2.714328205787278,True,0.3311979141181842,-2.721743168564601,-2.655847189440463,-2.878667911630215,-2.7041649924434856,-2.52650030566491,0.3210347007743919,5.0,1.0
19,26,6.0,7.0,703,184,519,-2.4749894431136865,-2.714328205787278,True,0.23933876267359144,-2.721743168564601,-2.655847189440463,-2.878667911630215,-2.7041649924434856,-2.52650030566491,0.2291755493297991,5.0,1.0
19,27,7.0,8.0,702,217,485,-2.4838713111148674,-2.714328205787278,True,0.2304568946724106,-2.721743168564601,-2.655847189440463,-2.878667911630215,-2.7041649924434856,-2.52650030566491,0.22029368132861782,5.0,1.0
19,28,8.0,9.0,703,0,703,,-2.714328205787278,True,,-2.721743168564601,-2.655847189440463,-2.878667911630215,-2.7041649924434856,-2.52650030566491,,,
19,29,9.0,10.0,702,168,534,-2.587575010238194,-2.714328205787278,True,0.12675319554908393,-2.721743168564601,-2.655847189440463,-2.878667911630215,-2.7041649924434856,-2.52650030566491,0.1165899822052916,4.0,0.5
19,30,10.0,11.0,703,183,520,-2.594854091918114,-2.714328205787278,True,0.11947411386916418,-2.721743168564601,-2.655847189440463,-2.878667911630215,-2.7041649924434856,-2.52650030566491,0.10931090052537185,4.0,0.5
19,31,11.0,12.0,702,166,536,-2.5731659847679316,-2.714328205787278,True,0.1411622210193464,-2.721743168564601,-2.655847189440463,-2.878667911630215,-2.7041649924434856,-2.52650030566491,0.1309990076755536,4.0,0.5
19,32,12.0,13.0,703,207,496,-2.774091558994272,-2.714328205787278,True,-0.05976335320699411,-2.721743168564601,-2.655847189440463,-2.878667911630215,-2.7041649924434856,-2.52650030566491,-0.06992656655078644,2.0,-0.5
19,33,13.0,14.0,703,177,526,-2.6033314383667707,-2.714328205787278,True,0.11099676742050724,-2.721743168564601,-2.655847189440463,-2.878667911630215,-2.7041649924434856,-2.52650030566491,0.1008335540767149,4.0,0.5
19,34,14.0,15.0,702,169,533,-2.5626633690050964,-2.714328205787278,True,0.15166483678218157,-2.721743168564601,-2.655847189440463,-2.878667911630215,-2.7041649924434856,-2.52650030566491,0.14150162343838923,4.0,0.5
19,35,15.0,16.0,703,190,513,-2.562057011754912,-2.714328205787278,True,0.152271194032366,-2.721743168564601,-2.655847189440463,-2.878667911630215,-2.7041649924434856,-2.52650030566491,0.14210798068857367,4.0,0.5
19,36,16.0,17.0,702,199,503,-2.666734068031217,-2.714328205787278,True,0.04759413775606092,-2.721743168564601,-2.655847189440463,-2.878667911630215,-2.7041649924434856,-2.52650030566491,0.037430924412268585,3.0,0.0
19,37,17.0,18.0,703,198,505,-2.660910404362882,-2.714328205787278,True,0.05341780142439578,-2.721743168564601,-2.655847189440463,-2.878667911630215,-2.7041649924434856,-2.52650030566491,0.04325458808060345,3.0,0.0
19,38,18.0,19.0,702,0,702,,-2.714328205787278,True,,-2.721743168564601,-2.655847189440463,-2.878667911630215,-2.7041649924434856,-2.52650030566491,,,
19,39,19.0,20.0,703,168,535,-2.6462848898175917,-2.714328205787278,True,0.06804331596968627,-2.721743168564601,-2.655847189440463,-2.878667911630215,-2.7041649924434856,-2.52650030566491,0.05788010262589349,4.0,0.5
20,0,-20.0,-19.0,703,141,562,-2.670372398846513,-2.758108813127797,True,0.08773641428128398,-2.789685496531415,-2.772189220300464,-2.8241811339454115,-2.7821164442412227,-2.6909090723244464,0.11174404539470961,5.0,1.0
20,1,-19.0,-18.0,702,151,551,-2.9067185105815283,-2.758108813127797,True,-0.1486096974537312,-2.789685496531415,-2.772189220300464,-2.8241811339454115,-2.7821164442412227,-2.6909090723244464,-0.12460206634030557,1.0,-1.0
20,2,-18.0,-17.0,703,182,521,-2.543242165537902,-2.758108813127797,True,0.21486664758989527,-2.789685496531415,-2.772189220300464,-2.8241811339454115,-2.7821164442412227,-2.6909090723244464,0.2388742787033209,5.0,1.0
20,3,-17.0,-16.0,702,116,586,-2.797817535801183,-2.758108813127797,True,-0.0397087226733861,-2.789685496531415,-2.772189220300464,-2.8241811339454115,-2.7821164442412227,-2.6909090723244464,-0.015701091559960467,2.0,-0.5
20,4,-16.0,-15.0,703,117,586,-2.760976513405982,-2.758108813127797,True,-0.002867700278184948,-2.789685496531415,-2.772189220300464,-2.8241811339454115,-2.7821164442412227,-2.6909090723244464,0.021139930835240683,4.0,0.5
20,5,-15.0,-14.0,703,147,556,-2.6214451851415492,-2.758108813127797,True,0.13666362798624787,-2.789685496531415,-2.772189220300464,-2.8241811339454115,-2.7821164442412227,-2.6909090723244464,0.16067125909967395,5.0,1.0
20,6,-14.0,-13.0,702,174,528,-2.815991683445211,-2.758108813127797,True,-0.057882870317413904,-2.789685496531415,-2.772189220300464,-2.8241811339454115,-2.7821164442412227,-2.6909090723244464,-0.03387523920398827,2.0,-0.5
20,7,-13.0,-12.0,703,170,533,-2.7830320098561505,-2.758108813127797,True,-0.024923196728353414,-2.789685496531415,-2.772189220300464,-2.8241811339454115,-2.7821164442412227,-2.6909090723244464,-0.0009155656149277824,3.0,0.0
20,8,-12.0,-11.0,702,141,561,-2.8006283088903468,-2.758108813127797,True,-0.04251949576254965,-2.789685496531415,-2.772189220300464,-2.8241811339454115,-2.7821164442412227,-2.6909090723244464,-0.01851186464912402,2.0,-0.5
20,9,-11.0,-10.0,703,185,518,-2.718368515290169,-2.758108813127797,True,0.039740297837628,-2.789685496531415,-2.772189220300464,-2.8241811339454115,-2.7821164442412227,-2.6909090723244464,0.06374792895105363,4.0,0.5
20,10,-10.0,-9.0,702,144,558,-2.8275441040648936,-2.758108813127797,True,-0.06943529093709655,-2.789685496531415,-2.772189220300464,-2.8241811339454115,-2.7821164442412227,-2.6909090723244464,-0.04542765982367092,1.0,-1.0
20,11,-9.0,-8.0,703,210,493,-2.8230601439055842,-2.758108813127797,True,-0.06495133077778714,-2.789685496531415,-2.772189220300464,-2.8241811339454115,-2.7821164442412227,-2.6909090723244464,-0.040943699664361066,2.0,-0.5
20,12,-8.0,-7.0,703,184,519,-2.6803659882511877,-2.758108813127797,True,0.07774282487660944,-2.789685496531415,-2.772189220300464,-2.8241811339454115,-2.7821164442412227,-2.6909090723244464,0.10175045599003463,5.0,1.0
20,13,-7.0,-6.0,702,297,405,-2.836047155373639,-2.758108813127797,True,-0.07793834224584195,-2.789685496531415,-2.772189220300464,-2.8241811339454115,-2.7821164442412227,-2.6909090723244464,-0.05393071113241632,1.0,-1.0
20,14,-6.0,-5.0,703,172,531,-2.7812008786262954,-2.758108813127797,True,-0.023092065498498293,-2.789685496531415,-2.772189220300464,-2.8241811339454115,-2.7821164442412227,-2.6909090723244464,0.0009155656149273383,3.0,0.0
20,15,-5.0,-4.0,702,207,495,-2.6944234336821995,-2.758108813127797,True,0.0636853794455976,-2.789685496531415,-2.772189220300464,-2.8241811339454115,-2.7821164442412227,-2.6909090723244464,0.08769301055902323,4.0,0.5
20,16,-4.0,-3.0,703,195,508,-2.6351310335282387,-2.758108813127797,True,0.12297777959955836,-2.789685496531415,-2.772189220300464,-2.8241811339454115,-2.7821164442412227,-2.6909090723244464,0.146985410712984,5.0,1.0
20,17,-3.0,-2.0,702,298,404,-2.8748321724228365,-2.758108813127797,True,-0.11672335929503941,-2.789685496531415,-2.772189220300464,-2.8241811339454115,-2.7821164442412227,-2.6909090723244464,-0.09271572818161378,1.0,-1.0
20,18,-2.0,-1.0,703,249,454,-2.829803554668968,-2.758108813127797,True,-0.07169474154117106,-2.789685496531415,-2.772189220300464,-2.8241811339454115,-2.7821164442412227,-2.6909090723244464,-0.04768711042774543,1.0,-1.0
20,19,-1.0,0.0,703,130,573,-2.761174971235559,-2.758108813127797,True,-0.003066158107762007,-2.789685496531415,-2.772189220300464,-2.8241811339454115,-2.7821164442412227,-2.6909090723244464,0.020941473005663624,4.0,0.5
20,20,0.0,1.0,702,0,702,,-2.758108813127797,True,,-2.789685496531415,-2.772189220300464,-2.8241811339454115,-2.7821164442412227,-2.6909090723244464,,,
20,21,1.0,2.0,703,145,558,-2.8160895349667583,-2.758108813127797,True,-0.05798072183896119,-2.789685496531415,-2.772189220300464,-2.8241811339454115,-2.7821164442412227,-2.6909090723244464,-0.03397309072553556,2.0,-0.5
20,22,2.0,3.0,702,286,416,-2.663050118868955,-2.758108813127797,True,0.09505869425884228,-2.789685496531415,-2.772189220300464,-2.8241811339454115,-2.7821164442412227,-2.6909090723244464,0.11906632537226791,5.0,1.0
20,23,3.0,4.0,703,503,200,-2.8374664611980185,-2.758108813127797,True,-0.07935764807022139,-2.789685496531415,-2.772189220300464,-2.8241811339454115,-2.7821164442412227,-2.6909090723244464,-0.055350016956795756,1.0,-1.0
20,24,4.0,5.0,702,290,412,-2.8234179586722092,-2.758108813127797,True,-0.06530914554441214,-2.789685496531415,-2.772189220300464,-2.8241811339454115,-2.7821164442412227,-2.6909090723244464,-0.041301514430986064,2.0,-0.5
20,25,5.0,6.0,703,157,546,-2.8119938753975102,-2.758108813127797,True,-0.053885062269713124,-2.789685496531415,-2.772189220300464,-2.8241811339454115,-2.7821164442412227,-2.6909090723244464,-0.029877431156287493,2.0,-0.5
20,26,6.0,7.0,703,131,572,-2.66072825692505,-2.758108813127797,True,0.09738055620274721,-2.789685496531415,-2.772189220300464,-2.8241811339454115,-2.7821164442412227,-2.6909090723244464,0.12138818731617285,5.0,1.0
20,27,7.0,8.0,702,145,557,-2.777919829944851,-2.758108813127797,True,-0.019811016817053773,-2.789685496531415,-2.772189220300464,-2.8241811339454115,-2.7821164442412227,-2.6909090723244464,0.004196614296371859,3.0,0.0
20,28,8.0,9.0,703,165,538,-2.620954567324205,-2.758108813127797,True,0.13715424580359192,-2.789685496531415,-2.772189220300464,-2.8241811339454115,-2.7821164442412227,-2.6909090723244464,0.16116187691701755,5.0,1.0
20,29,9.0,10.0,702,157,545,-2.7022909451135613,-2.758108813127797,True,0.05581786801423583,-2.789685496531415,-2.772189220300464,-2.8241811339454115,-2.7821164442412227,-2.6909090723244464,0.07982549912766146,4.0,0.5
20,30,10.0,11.0,703,108,595,-2.560668478952351,-2.758108813127797,True,0.19744033417544626,-2.789685496531415,-2.772189220300464,-2.8241811339454115,-2.7821164442412227,-2.6909090723244464,0.2214479652888719,5.0,1.0
20,31,11.0,12.0,702,167,535,-2.9091451091500913,-2.758108813127797,True,-0.15103629602229418,-2.789685496531415,-2.772189220300464,-2.8241811339454115,-2.7821164442412227,-2.6909090723244464,-0.127028664908869,1.0,-1.0
20,32,12.0,13.0,703,200,503,-2.7188190271507047,-2.758108813127797,True,0.03928978597709243,-2.789685496531415,-2.772189220300464,-2.8241811339454115,-2.7821164442412227,-2.6909090723244464,0.06329741709051806,4.0,0.5
20,33,13.0,14.0,703,131,572,-2.6958505310123075,-2.758108813127797,True,0.06225828211548956,-2.789685496531415,-2.772189220300464,-2.8241811339454115,-2.7821164442412227,-2.6909090723244464,0.08626591322891519,4.0,0.5
20,34,14.0,15.0,702,136,566,-2.6617106692268298,-2.758108813127797,True,0.09639814390096735,-2.789685496531415,-2.772189220300464,-2.8241811339454115,-2.7821164442412227,-2.6909090723244464,0.12040577501439298,5.0,1.0
20,35,15.0,16.0,703,177,526,-2.7946724434440124,-2.758108813127797,True,-0.036563630316215345,-2.789685496531415,-2.772189220300464,-2.8241811339454115,-2.7821164442412227,-2.6909090723244464,-0.012555999202789714,2.0,-0.5
20,36,16.0,17.0,702,156,546,-2.765170041834893,-2.758108813127797,True,-0.00706122870709569,-2.789685496531415,-2.772189220300464,-2.8241811339454115,-2.7821164442412227,-2.6909090723244464,0.01694640240632994,4.0,0.5
20,37,17.0,18.0,703,216,487,-2.761521525426925,-2.758108813127797,True,-0.0034127122991280956,-2.789685496531415,-2.772189220300464,-2.8241811339454115,-2.7821164442412227,-2.6909090723244464,0.020594918814297536,4.0,0.5
20,38,18.0,19.0,702,155,547,-2.6948852109383497,-2.758108813127797,True,0.06322360218944745,-2.789685496531415,-2.772189220300464,-2.8241811339454115,-2.7821164442412227,-2.6909090723244464,0.08723123330287308,4.0,0.5
20,39,19.0,20.0,703,141,562,-2.851540645188504,-2.758108813127797,True,-0.09343183206070682,-2.789685496531415,-2.772189220300464,-2.8241811339454115,-2.7821164442412227,-2.6909090723244464,-0.06942420094728119,1.0,-1.0
21,0,-20.0,-19.0,703,0,703,,-2.82973378922111,True,,-2.774200811474411,-2.755264540504568,-2.8527544568408816,-2.761442716938303,-2.6916812640840213,,,
21,1,-19.0,-18.0,702,127,575,-2.761442716938303,-2.82973378922111,True,0.06829107228280673,-2.774200811474411,-2.755264540504568,-2.8527544568408816,-2.761442716938303,-2.6916812640840213,0.0,3.0,0.0
21,2,-18.0,-17.0,703,163,540,-2.6090518066120847,-2.82973378922111,True,0.22068198260902516,-2.774200811474411,-2.755264540504568,-2.8527544568408816,-2.761442716938303,-2.6916812640840213,0.15239091032621843,5.0,1.0
21,3,-17.0,-16.0,702,113,589,-2.822426584198649,-2.82973378922111,True,0.007307205022460739,-2.774200811474411,-2.755264540504568,-2.8527544568408816,-2.761442716938303,-2.6916812640840213,-0.06098386726034599,2.0,-0.5
21,4,-16.0,-15.0,703,124,579,-2.691929639756697,-2.82973378922111,True,0.13780414946441288,-2.774200811474411,-2.755264540504568,-2.8527544568408816,-2.761442716938303,-2.6916812640840213,0.06951307718160615,4.0,0.5
21,5,-15.0,-14.0,702,12,690,-3.6129919356562126,-2.82973378922111,True,-0.7832581464351027,-2.774200811474411,-2.755264540504568,-2.8527544568408816,-2.761442716938303,-2.6916812640840213,-0.8515492187179099,1.0,-1.0
21,6,-14.0,-13.0,703,165,538,-2.532894524130445,-2.82973378922111,True,0.29683926509066483,-2.774200811474411,-2.755264540504568,-2.8527544568408816,-2.761442716938303,-2.6916812640840213,0.2285481928078581,5.0,1.0
21,7,-13.0,-12.0,703,102,601,-2.929205225978083,-2.82973378922111,True,-0.09947143675697312,-2.774200811474411,-2.755264540504568,-2.8527544568408816,-2.761442716938303,-2.6916812640840213,-0.16776250903977985,1.0,-1.0
21,8,-12.0,-11.0,702,0,702,,-2.82973378922111,True,,-2.774200811474411,-2.755264540504568,-2.8527544568408816,-2.761442716938303,-2.6916812640840213,,,
21,9,-11.0,-10.0,703,0,703,,-2.82973378922111,True,,-2.774200811474411,-2.755264540504568,-2.8527544568408816,-2.761442716938303,-2.6916812640840213,,,
21,10,-10.0,-9.0,702,176,526,-2.8830823294831145,-2.82973378922111,True,-0.05334854026200464,-2.774200811474411,-2.755264540504568,-2.8527544568408816,-2.761442716938303,-2.6916812640840213,-0.12163961254481137,1.0,-1.0
21,11,-9.0,-8.0,703,0,703,,-2.82973378922111,True,,-2.774200811474411,-2.755264540504568,-2.8527544568408816,-2.761442716938303,-2.6916812640840213,,,
21,12,-8.0,-7.0,702,141,561,-2.7796685662756007,-2.82973378922111,True,0.05006522294550919,-2.774200811474411,-2.755264540504568,-2.8527544568408816,-2.761442716938303,-2.6916812640840213,-0.01822584933729754,2.0,-0.5
21,13,-7.0,-6.0,703,126,577,-2.7005077847720425,-2.82973378922111,True,0.1292260044490674,-2.774200811474411,-2.755264540504568,-2.8527544568408816,-2.761442716938303,-2.6916812640840213,0.06093493216626067,4.0,0.5
21,14,-6.0,-5.0,703,0,703,,-2.82973378922111,True,,-2.774200811474411,-2.755264540504568,-2.8527544568408816,-2.761442716938303,-2.6916812640840213,,,
21,15,-5.0,-4.0,702,215,487,-2.7906143855253815,-2.82973378922111,True,0.039119403695728305,-2.774200811474411,-2.755264540504568,-2.8527544568408816,-2.761442716938303,-2.6916812640840213,-0.02917166858707798,2.0,-0.5
21,16,-4.0,-3.0,703,30,673,-3.3147754552359094,-2.82973378922111,True,-0.4850416660147996,-2.774200811474411,-2.755264540504568,-2.8527544568408816,-2.761442716938303,-2.6916812640840213,-0.5533327382976059,1.0,-1.0
21,17,-3.0,-2.0,702,231,471,-2.7526167506043957,-2.82973378922111,True,0.07711703861671415,-2.774200811474411,-2.755264540504568,-2.8527544568408816,-2.761442716938303,-2.6916812640840213,0.008825966333906976,4.0,0.5
21,18,-2.0,-1.0,703,179,524,-2.691432888411345,-2.82973378922111,True,0.13830090080976465,-2.774200811474411,-2.755264540504568,-2.8527544568408816,-2.761442716938303,-2.6916812640840213,0.07000982852695792,5.0,1.0
21,19,-1.0,0.0,702,116,586,-2.573366244738379,-2.82973378922111,True,0.2563675444827309,-2.774200811474411,-2.755264540504568,-2.8527544568408816,-2.761442716938303,-2.6916812640840213,0.18807647219992418,5.0,1.0
21,20,0.0,1.0,703,8,695,-3.338245162924064,-2.82973378922111,True,-0.5085113737029543,-2.774200811474411,-2.755264540504568,-2.8527544568408816,-2.761442716938303,-2.6916812640840213,-0.576802445985761,1.0,-1.0
21,21,1.0,2.0,703,164,539,-2.7172796682009785,-2.82973378922111,True,0.1124541210201313,-2.774200811474411,-2.755264540504568,-2.8527544568408816,-2.761442716938303,-2.6916812640840213,0.04416304873732457,4.0,0.5
21,22,2.0,3.0,702,0,702,,-2.82973378922111,True,,-2.774200811474411,-2.755264540504568,-2.8527544568408816,-2.761442716938303,-2.6916812640840213,,,
21,23,3.0,4.0,703,387,316,-2.7394409021678143,-2.82973378922111,True,0.09029288705329552,-2.774200811474411,-2.755264540504568,-2.8527544568408816,-2.761442716938303,-2.6916812640840213,0.022001814770488792,4.0,0.5
21,24,4.0,5.0,702,444,258,-2.39183803069555,-2.82973378922111,True,0.43789575852555984,-2.774200811474411,-2.755264540504568,-2.8527544568408816,-2.761442716938303,-2.6916812640840213,0.3696046862427531,5.0,1.0
21,25,5.0,6.0,703,265,438,-2.60818962595402,-2.82973378922111,True,0.2215441632670898,-2.774200811474411,-2.755264540504568,-2.8527544568408816,-2.761442716938303,-2.6916812640840213,0.15325309098428308,5.0,1.0
21,26,6.0,7.0,702,50,652,-2.889003718558896,-2.82973378922111,True,-0.0592699293377863,-2.774200811474411,-2.755264540504568,-2.8527544568408816,-2.761442716938303,-2.6916812640840213,-0.12756100162059303,1.0,-1.0
21,27,7.0,8.0,703,0,703,,-2.82973378922111,True,,-2.774200811474411,-2.755264540504568,-2.8527544568408816,-2.761442716938303,-2.6916812640840213,,,
21,28,8.0,9.0,703,0,703,,-2.82973378922111,True,,-2.774200811474411,-2.755264540504568,-2.8527544568408816,-2.761442716938303,-2.6916812640840213,,,
21,29,9.0,10.0,702,0,702,,-2.82973378922111,True,,-2.774200811474411,-2.755264540504568,-2.8527544568408816,-2.761442716938303,-2.6916812640840213,,,
21,30,10.0,11.0,703,0,703,,-2.82973378922111,True,,-2.774200811474411,-2.755264540504568,-2.8527544568408816,-2.761442716938303,-2.6916812640840213,,,
21,31,11.0,12.0,702,0,702,,-2.82973378922111,True,,-2.774200811474411,-2.755264540504568,-2.8527544568408816,-2.761442716938303,-2.6916812640840213,,,
21,32,12.0,13.0,703,0,703,,-2.82973378922111,True,,-2.774200811474411,-2.755264540504568,-2.8527544568408816,-2.761442716938303,-2.6916812640840213,,,
21,33,13.0,14.0,702,0,702,,-2.82973378922111,True,,-2.774200811474411,-2.755264540504568,-2.8527544568408816,-2.761442716938303,-2.6916812640840213,,,
21,34,14.0,15.0,703,0,703,,-2.82973378922111,True,,-2.774200811474411,-2.755264540504568,-2.8527544568408816,-2.761442716938303,-2.6916812640840213,,,
21,35,15.0,16.0,703,0,703,,-2.82973378922111,True,,-2.774200811474411,-2.755264540504568,-2.8527544568408816,-2.761442716938303,-2.6916812640840213,,,
21,36,16.0,17.0,702,0,702,,-2.82973378922111,True,,-2.774200811474411,-2.755264540504568,-2.8527544568408816,-2.761442716938303,-2.6916812640840213,,,
21,37,17.0,18.0,703,102,601,-2.728955599479574,-2.82973378922111,True,0.10077818974153585,-2.774200811474411,-2.755264540504568,-2.8527544568408816,-2.761442716938303,-2.6916812640840213,0.03248711745872912,4.0,0.5
21,38,18.0,19.0,702,165,537,-2.7882055048392584,-2.82973378922111,True,0.04152828438185141,-2.774200811474411,-2.755264540504568,-2.8527544568408816,-2.761442716938303,-2.6916812640840213,-0.02676278790095532,2.0,-0.5
21,39,19.0,20.0,703,102,601,-2.8982639807763504,-2.82973378922111,True,-0.06853019155524054,-2.774200811474411,-2.755264540504568,-2.8527544568408816,-2.761442716938303,-2.6916812640840213,-0.13682126383804727,1.0,-1.0
22,0,-20.0,-19.0,702,371,331,-2.738819815405096,-2.8462631633058253,True,0.10744334790072951,-2.8427038837439653,-2.8135773487946487,-2.8967893966051106,-2.8367027273602523,-2.738738728784185,0.09788291195515653,4.0,0.5
22,1,-19.0,-18.0,703,11,692,-3.1411669933671575,-2.8462631633058253,True,-0.29490383006133225,-2.8427038837439653,-2.8135773487946487,-2.8967893966051106,-2.8367027273602523,-2.738738728784185,-0.3044642660069048,1.0,-1.0
22,2,-18.0,-17.0,703,104,599,-2.6401201455610184,-2.8462631633058253,True,0.20614301774480692,-2.8427038837439653,-2.8135773487946487,-2.8967893966051106,-2.8367027273602523,-2.738738728784185,0.19658258179923394,5.0,1.0
22,3,-17.0,-16.0,702,146,556,-2.745199141923423,-2.8462631633058253,True,0.10106402138240211,-2.8427038837439653,-2.8135773487946487,-2.8967893966051106,-2.8367027273602523,-2.738738728784185,0.09150358543682913,4.0,0.5
22,4,-16.0,-15.0,703,0,703,,-2.8462631633058253,True,,-2.8427038837439653,-2.8135773487946487,-2.8967893966051106,-2.8367027273602523,-2.738738728784185,,,
22,5,-15.0,-14.0,702,160,542,-2.8904710520304375,-2.8462631633058253,True,-0.04420788872461223,-2.8427038837439653,-2.8135773487946487,-2.8967893966051106,-2.8367027273602523,-2.738738728784185,-0.053768324670184775,2.0,-0.5
22,6,-14.0,-13.0,703,159,544,-2.9031077411797837,-2.8462631633058253,True,-0.05684457787395836,-2.8427038837439653,-2.8135773487946487,-2.8967893966051106,-2.8367027273602523,-2.738738728784185,-0.06640501381953179,1.0,-1.0
22,7,-13.0,-12.0,702,110,592,-2.8557952402402123,-2.8462631633058253,True,-0.009532076934386957,-2.8427038837439653,-2.8135773487946487,-2.8967893966051106,-2.8367027273602523,-2.738738728784185,-0.019092512879959944,2.0,-0.5
22,8,-12.0,-11.0,703,195,508,-2.7168020292397452,-2.8462631633058253,True,0.12946113406608006,-2.8427038837439653,-2.8135773487946487,-2.8967893966051106,-2.8367027273602523,-2.738738728784185,0.11990069812050752,5.0,1.0
22,9,-11.0,-10.0,703,0,703,,-2.8462631633058253,True,,-2.8427038837439653,-2.8135773487946487,-2.8967893966051106,-2.8367027273602523,-2.738738728784185,,,
22,10,-10.0,-9.0,702,412,290,-2.8367027273602523,-2.8462631633058253,True,0.009560435945572987,-2.8427038837439653,-2.8135773487946487,-2.8967893966051106,-2.8367027273602523,-2.738738728784185,0.0,3.0,0.0
22,11,-9.0,-8.0,703,11,692,-3.1312626277585305,-2.8462631633058253,True,-0.2849994644527052,-2.8427038837439653,-2.8135773487946487,-2.8967893966051106,-2.8367027273602523,-2.738738728784185,-0.2945599003982782,1.0,-1.0
22,12,-8.0,-7.0,702,157,545,-2.7386576421632745,-2.8462631633058253,True,0.10760552114255084,-2.8427038837439653,-2.8135773487946487,-2.8967893966051106,-2.8367027273602523,-2.738738728784185,0.09804508519697785,5.0,1.0
22,13,-7.0,-6.0,703,138,565,-2.803666472266533,-2.8462631633058253,True,0.04259669103929209,-2.8427038837439653,-2.8135773487946487,-2.8967893966051106,-2.8367027273602523,-2.738738728784185,0.0330362550937191,4.0,0.5
22,14,-6.0,-5.0,702,0,702,,-2.8462631633058253,True,,-2.8427038837439653,-2.8135773487946487,-2.8967893966051106,-2.8367027273602523,-2.738738728784185,,,
22,15,-5.0,-4.0,703,347,356,-2.7344213279568317,-2.8462631633058253,True,0.11184183534899361,-2.8427038837439653,-2.8135773487946487,-2.8967893966051106,-2.8367027273602523,-2.738738728784185,0.10228139940342018,5.0,1.0
22,16,-4.0,-3.0,703,0,703,,-2.8462631633058253,True,,-2.8427038837439653,-2.8135773487946487,-2.8967893966051106,-2.8367027273602523,-2.738738728784185,,,
22,17,-3.0,-2.0,702,181,521,-2.9724786852266694,-2.8462631633058253,True,-0.12621552192084406,-2.8427038837439653,-2.8135773487946487,-2.8967893966051106,-2.8367027273602523,-2.738738728784185,-0.13577595786641705,1.0,-1.0
22,18,-2.0,-1.0,703,131,572,-2.845275807908414,-2.8462631633058253,True,0.0009873553974113491,-2.8427038837439653,-2.8135773487946487,-2.8967893966051106,-2.8367027273602523,-2.738738728784185,-0.008573080548161638,2.0,-0.5
22,19,-1.0,0.0,702,0,702,,-2.8462631633058253,True,,-2.8427038837439653,-2.8135773487946487,-2.8967893966051106,-2.8367027273602523,-2.738738728784185,,,
22,20,0.0,1.0,703,0,703,,-2.8462631633058253,True,,-2.8427038837439653,-2.8135773487946487,-2.8967893966051106,-2.8367027273602523,-2.738738728784185,,,
22,21,1.0,2.0,702,234,468,-2.820073157773522,-2.8462631633058253,True,0.026190005532303218,-2.8427038837439653,-2.8135773487946487,-2.8967893966051106,-2.8367027273602523,-2.738738728784185,0.01662956958673023,3.0,0.0
22,22,2.0,3.0,703,149,554,-2.677000606680039,-2.8462631633058253,True,0.16926255662578615,-2.8427038837439653,-2.8135773487946487,-2.8967893966051106,-2.8367027273602523,-2.738738728784185,0.15970212068021317,5.0,1.0
22,23,3.0,4.0,703,130,573,-2.8854365841035357,-2.8462631633058253,True,-0.03917342079771036,-2.8427038837439653,-2.8135773487946487,-2.8967893966051106,-2.8367027273602523,-2.738738728784185,-0.04873385674328379,2.0,-0.5
22,24,4.0,5.0,702,93,609,-2.5468004169830127,-2.8462631633058253,True,0.29946274632281256,-2.8427038837439653,-2.8135773487946487,-2.8967893966051106,-2.8367027273602523,-2.738738728784185,0.28990231037723957,5.0,1.0
22,25,5.0,6.0,703,341,362,-2.7255835171263683,-2.8462631633058253,True,0.12067964617945703,-2.8427038837439653,-2.8135773487946487,-2.8967893966051106,-2.8367027273602523,-2.738738728784185,0.11111921023388405,5.0,1.0
22,26,6.0,7.0,702,1,701,-3.965990250095934,-2.8462631633058253,True,-1.1197270867901086,-2.8427038837439653,-2.8135773487946487,-2.8967893966051106,-2.8367027273602523,-2.738738728784185,-1.1292875227356816,1.0,-1.0
22,27,7.0,8.0,703,154,549,-2.635172174414479,-2.8462631633058253,True,0.21109098889134614,-2.8427038837439653,-2.8135773487946487,-2.8967893966051106,-2.8367027273602523,-2.738738728784185,0.20153055294577316,5.0,1.0
22,28,8.0,9.0,702,193,509,-2.7511782514909533,-2.8462631633058253,True,0.095084911814872,-2.8427038837439653,-2.8135773487946487,-2.8967893966051106,-2.8367027273602523,-2.738738728784185,0.08552447586929901,4.0,0.5
22,29,9.0,10.0,703,138,565,-2.7521309766136253,-2.8462631633058253,True,0.09413218669220003,-2.8427038837439653,-2.8135773487946487,-2.8967893966051106,-2.8367027273602523,-2.738738728784185,0.08457175074662704,4.0,0.5
22,30,10.0,11.0,703,0,703,,-2.8462631633058253,True,,-2.8427038837439653,-2.8135773487946487,-2.8967893966051106,-2.8367027273602523,-2.738738728784185,,,
22,31,11.0,12.0,702,0,702,,-2.8462631633058253,True,,-2.8427038837439653,-2.8135773487946487,-2.8967893966051106,-2.8367027273602523,-2.738738728784185,,,
22,32,12.0,13.0,703,52,651,-3.071299795841656,-2.8462631633058253,True,-0.22503663253583062,-2.8427038837439653,-2.8135773487946487,-2.8967893966051106,-2.8367027273602523,-2.738738728784185,-0.2345970684814036,1.0,-1.0
22,33,13.0,14.0,702,111,591,-2.7275883016601963,-2.8462631633058253,True,0.11867486164562902,-2.8427038837439653,-2.8135773487946487,-2.8967893966051106,-2.8367027273602523,-2.738738728784185,0.10911442570005603,5.0,1.0
22,34,14.0,15.0,703,304,399,-2.7896272815886034,-2.8462631633058253,True,0.05663588171722189,-2.8427038837439653,-2.8135773487946487,-2.8967893966051106,-2.8367027273602523,-2.738738728784185,0.047075445771648905,4.0,0.5
22,35,15.0,16.0,702,0,702,,-2.8462631633058253,True,,-2.8427038837439653,-2.8135773487946487,-2.8967893966051106,-2.8367027273602523,-2.738738728784185,,,
22,36,16.0,17.0,703,103,600,-2.9379152601899827,-2.8462631633058253,True,-0.09165209688415743,-2.8427038837439653,-2.8135773487946487,-2.8967893966051106,-2.8367027273602523,-2.738738728784185,-0.10121253282973042,1.0,-1.0
22,37,17.0,18.0,703,0,703,,-2.8462631633058253,True,,-2.8427038837439653,-2.8135773487946487,-2.8967893966051106,-2.8367027273602523,-2.738738728784185,,,
22,38,18.0,19.0,702,193,509,-3.044364039363988,-2.8462631633058253,True,-0.19810087605816262,-2.8427038837439653,-2.8135773487946487,-2.8967893966051106,-2.8367027273602523,-2.738738728784185,-0.2076613120037356,1.0,-1.0
22,39,19.0,20.0,703,0,703,,-2.8462631633058253,True,,-2.8427038837439653,-2.8135773487946487,-2.8967893966051106,-2.8367027273602523,-2.738738728784185,,,
23,0,-20.0,-19.0,702,206,496,-2.7004907672280476,-2.8980348744387876,True,0.19754410721074,-2.9135072795062555,-2.9016462619592396,-2.935810735232951,-2.90473539812538,-2.877371276088564,0.2042446308973318,5.0,1.0
23,1,-19.0,-18.0,703,51,652,-2.90473539812538,-2.8980348744387876,True,-0.006700523686592241,-2.9135072795062555,-2.9016462619592396,-2.935810735232951,-2.90473539812538,-2.877371276088564,0.0,3.0,0.0
23,2,-18.0,-17.0,702,0,702,,-2.8980348744387876,True,,-2.9135072795062555,-2.9016462619592396,-2.935810735232951,-2.90473539812538,-2.877371276088564,,,
23,3,-17.0,-16.0,703,0,703,,-2.8980348744387876,True,,-2.9135072795062555,-2.9016462619592396,-2.935810735232951,-2.90473539812538,-2.877371276088564,,,
23,4,-16.0,-15.0,702,0,702,,-2.8980348744387876,True,,-2.9135072795062555,-2.9016462619592396,-2.935810735232951,-2.90473539812538,-2.877371276088564,,,
23,5,-15.0,-14.0,703,223,480,-2.8970125577100294,-2.8980348744387876,True,0.001022316728758188,-2.9135072795062555,-2.9016462619592396,-2.935810735232951,-2.90473539812538,-2.877371276088564,0.007722840415350429,4.0,0.5
23,6,-14.0,-13.0,703,78,625,-2.877371276088564,-2.8980348744387876,True,0.020663598350223467,-2.9135072795062555,-2.9016462619592396,-2.935810735232951,-2.90473539812538,-2.877371276088564,0.027364122036815708,5.0,1.0
23,7,-13.0,-12.0,702,0,702,,-2.8980348744387876,True,,-2.9135072795062555,-2.9016462619592396,-2.935810735232951,-2.90473539812538,-2.877371276088564,,,
23,8,-12.0,-11.0,703,0,703,,-2.8980348744387876,True,,-2.9135072795062555,-2.9016462619592396,-2.935810735232951,-2.90473539812538,-2.877371276088564,,,
23,9,-11.0,-10.0,702,0,702,,-2.8980348744387876,True,,-2.9135072795062555,-2.9016462619592396,-2.935810735232951,-2.90473539812538,-2.877371276088564,,,
23,10,-10.0,-9.0,703,219,484,-2.9266651015775693,-2.8980348744387876,True,-0.028630227138781716,-2.9135072795062555,-2.9016462619592396,-2.935810735232951,-2.90473539812538,-2.877371276088564,-0.021929703452189475,2.0,-0.5
23,11,-9.0,-8.0,702,0,702,,-2.8980348744387876,True,,-2.9135072795062555,-2.9016462619592396,-2.935810735232951,-2.90473539812538,-2.877371276088564,,,
23,12,-8.0,-7.0,703,62,641,-3.0228813482280343,-2.8980348744387876,True,-0.12484647378924674,-2.9135072795062555,-2.9016462619592396,-2.935810735232951,-2.90473539812538,-2.877371276088564,-0.1181459501026545,1.0,-1.0
23,13,-7.0,-6.0,703,130,573,-2.8745973424097016,-2.8980348744387876,True,0.02343753202908605,-2.9135072795062555,-2.9016462619592396,-2.935810735232951,-2.90473539812538,-2.877371276088564,0.03013805571567829,5.0,1.0
23,14,-6.0,-5.0,702,126,576,-2.935810735232951,-2.8980348744387876,True,-0.037775860794163396,-2.9135072795062555,-2.9016462619592396,-2.935810735232951,-2.90473539812538,-2.877371276088564,-0.031075337107571155,2.0,-0.5
23,15,-5.0,-4.0,703,0,703,,-2.8980348744387876,True,,-2.9135072795062555,-2.9016462619592396,-2.935810735232951,-2.90473539812538,-2.877371276088564,,,
23,16,-4.0,-3.0,702,0,702,,-2.8980348744387876,True,,-2.9135072795062555,-2.9016462619592396,-2.935810735232951,-2.90473539812538,-2.877371276088564,,,
23,17,-3.0,-2.0,703,0,703,,-2.8980348744387876,True,,-2.9135072795062555,-2.9016462619592396,-2.935810735232951,-2.90473539812538,-2.877371276088564,,,
23,18,-2.0,-1.0,702,142,560,-2.942749343348816,-2.8980348744387876,True,-0.044714468910028504,-2.9135072795062555,-2.9016462619592396,-2.935810735232951,-2.90473539812538,-2.877371276088564,-0.03801394522343626,1.0,-1.0
23,19,-1.0,0.0,703,0,703,,-2.8980348744387876,True,,-2.9135072795062555,-2.9016462619592396,-2.935810735232951,-2.90473539812538,-2.877371276088564,,,
23,20,0.0,1.0,703,73,630,-2.735940395259183,-2.8980348744387876,True,0.16209447917960462,-2.9135072795062555,-2.9016462619592396,-2.935810735232951,-2.90473539812538,-2.877371276088564,0.16879500286619686,5.0,1.0
23,21,1.0,2.0,702,255,447,-2.629116637274579,-2.8980348744387876,True,0.2689182371642085,-2.9135072795062555,-2.9016462619592396,-2.935810735232951,-2.90473539812538,-2.877371276088564,0.2756187608508007,5.0,1.0
23,22,2.0,3.0,703,0,703,,-2.8980348744387876,True,,-2.9135072795062555,-2.9016462619592396,-2.935810735232951,-2.90473539812538,-2.877371276088564,,,
23,23,3.0,4.0,702,160,542,-2.640665450904174,-2.8980348744387876,True,0.2573694235346138,-2.9135072795062555,-2.9016462619592396,-2.935810735232951,-2.90473539812538,-2.877371276088564,0.264069947221206,5.0,1.0
23,24,4.0,5.0,703,0,703,,-2.8980348744387876,True,,-2.9135072795062555,-2.9016462619592396,-2.935810735232951,-2.90473539812538,-2.877371276088564,,,
23,25,5.0,6.0,702,141,561,-2.626836208897888,-2.8980348744387876,True,0.2711986655408998,-2.9135072795062555,-2.9016462619592396,-2.935810735232951,-2.90473539812538,-2.877371276088564,0.277899189227492,5.0,1.0
23,26,6.0,7.0,703,0,703,,-2.8980348744387876,True,,-2.9135072795062555,-2.9016462619592396,-2.935810735232951,-2.90473539812538,-2.877371276088564,,,
23,27,7.0,8.0,703,100,603,-2.807633494149718,-2.8980348744387876,True,0.09040138028906952,-2.9135072795062555,-2.9016462619592396,-2.935810735232951,-2.90473539812538,-2.877371276088564,0.09710190397566176,5.0,1.0
23,28,8.0,9.0,702,204,498,-2.703767441151239,-2.8980348744387876,True,0.19426743328754847,-2.9135072795062555,-2.9016462619592396,-2.935810735232951,-2.90473539812538,-2.877371276088564,0.20096795697414072,5.0,1.0
23,29,9.0,10.0,703,152,551,-2.6179736097695887,-2.8980348744387876,True,0.2800612646691989,-2.9135072795062555,-2.9016462619592396,-2.935810735232951,-2.90473539812538,-2.877371276088564,0.28676178835579114,5.0,1.0
23,30,10.0,11.0,702,13,689,-3.403063209624312,-2.8980348744387876,True,-0.5050283351855245,-2.9135072795062555,-2.9016462619592396,-2.935810735232951,-2.90473539812538,-2.877371276088564,-0.49832781149893224,1.0,-1.0
23,31,11.0,12.0,703,220,483,-2.765442135702741,-2.8980348744387876,True,0.13259273873604682,-2.9135072795062555,-2.9016462619592396,-2.935810735232951,-2.90473539812538,-2.877371276088564,0.13929326242263906,5.0,1.0
23,32,12.0,13.0,702,0,702,,-2.8980348744387876,True,,-2.9135072795062555,-2.9016462619592396,-2.935810735232951,-2.90473539812538,-2.877371276088564,,,
23,33,13.0,14.0,703,111,592,-2.6899647518852783,-2.8980348744387876,True,0.20807012255350932,-2.9135072795062555,-2.9016462619592396,-2.935810735232951,-2.90473539812538,-2.877371276088564,0.21477064624010156,5.0,1.0
23,34,14.0,15.0,703,235,468,-2.915122118900545,-2.8980348744387876,True,-0.017087244461757578,-2.9135072795062555,-2.9016462619592396,-2.935810735232951,-2.90473539812538,-2.877371276088564,-0.010386720775165337,2.0,-0.5
23,35,15.0,16.0,702,0,702,,-2.8980348744387876,True,,-2.9135072795062555,-2.9016462619592396,-2.935810735232951,-2.90473539812538,-2.877371276088564,,,
23,36,16.0,17.0,703,122,581,-2.8040083058624785,-2.8980348744387876,True,0.09402656857630909,-2.9135072795062555,-2.9016462619592396,-2.935810735232951,-2.90473539812538,-2.877371276088564,0.10072709226290133,5.0,1.0
23,37,17.0,18.0,702,0,702,,-2.8980348744387876,True,,-2.9135072795062555,-2.9016462619592396,-2.935810735232951,-2.90473539812538,-2.877371276088564,,,
23,38,18.0,19.0,703,123,580,-2.841938059360127,-2.8980348744387876,True,0.05609681507866071,-2.9135072795062555,-2.9016462619592396,-2.935810735232951,-2.90473539812538,-2.877371276088564,0.06279733876525295,5.0,1.0
23,39,19.0,20.0,702,112,590,-2.8219362904586167,-2.8980348744387876,True,0.07609858398017089,-2.9135072795062555,-2.9016462619592396,-2.935810735232951,-2.90473539812538,-2.877371276088564,0.08279910766676313,5.0,1.0
24,0,-20.0,-19.0,702,152,550,-2.636311329243277,-2.871108816618262,True,0.23479748737498474,-2.882490972031567,-2.847968531928859,-2.952909757717743,-2.8613104518005006,-2.8158238503578215,0.22499912255722343,5.0,1.0
24,1,-19.0,-18.0,703,0,703,,-2.871108816618262,True,,-2.882490972031567,-2.847968531928859,-2.952909757717743,-2.8613104518005006,-2.8158238503578215,,,
24,2,-18.0,-17.0,703,0,703,,-2.871108816618262,True,,-2.882490972031567,-2.847968531928859,-2.952909757717743,-2.8613104518005006,-2.8158238503578215,,,
24,3,-17.0,-16.0,702,0,702,,-2.871108816618262,True,,-2.882490972031567,-2.847968531928859,-2.952909757717743,-2.8613104518005006,-2.8158238503578215,,,
24,4,-16.0,-15.0,703,0,703,,-2.871108816618262,True,,-2.882490972031567,-2.847968531928859,-2.952909757717743,-2.8613104518005006,-2.8158238503578215,,,
24,5,-15.0,-14.0,702,0,702,,-2.871108816618262,True,,-2.882490972031567,-2.847968531928859,-2.952909757717743,-2.8613104518005006,-2.8158238503578215,,,
24,6,-14.0,-13.0,703,127,576,-2.815951230543568,-2.871108816618262,True,0.05515758607469401,-2.882490972031567,-2.847968531928859,-2.952909757717743,-2.8613104518005006,-2.8158238503578215,0.0453592212569327,4.0,0.5
24,7,-13.0,-12.0,702,195,507,-2.9036714922626334,-2.871108816618262,True,-0.03256267564437154,-2.882490972031567,-2.847968531928859,-2.952909757717743,-2.8613104518005006,-2.8158238503578215,-0.042361040462132404,2.0,-0.5
24,8,-12.0,-11.0,703,43,660,-2.9074130531265134,-2.871108816618262,True,-0.03630423650825154,-2.882490972031567,-2.847968531928859,-2.952909757717743,-2.8613104518005006,-2.8158238503578215,-0.046102601326012405,2.0,-0.5
24,9,-11.0,-10.0,703,151,552,-2.8613104518005006,-2.871108816618262,True,0.009798364817761307,-2.882490972031567,-2.847968531928859,-2.952909757717743,-2.8613104518005006,-2.8158238503578215,0.0,3.0,0.0
24,10,-10.0,-9.0,702,138,564,-2.6897952284147113,-2.871108816618262,True,0.1813135882035506,-2.882490972031567,-2.847968531928859,-2.952909757717743,-2.8613104518005006,-2.8158238503578215,0.17151522338578884,5.0,1.0
24,11,-9.0,-8.0,703,8,695,-2.9984064623089726,-2.871108816618262,True,-0.12729764569071067,-2.882490972031567,-2.847968531928859,-2.952909757717743,-2.8613104518005006,-2.8158238503578215,-0.13709601050847242,1.0,-1.0
24,12,-8.0,-7.0,702,0,702,,-2.871108816618262,True,,-2.882490972031567,-2.847968531928859,-2.952909757717743,-2.8613104518005006,-2.8158238503578215,,,
24,13,-7.0,-6.0,703,91,612,-2.8346266120572174,-2.871108816618262,True,0.03648220456104445,-2.882490972031567,-2.847968531928859,-2.952909757717743,-2.8613104518005006,-2.8158238503578215,0.02668383974328359,4.0,0.5
24,14,-6.0,-5.0,702,0,702,,-2.871108816618262,True,,-2.882490972031567,-2.847968531928859,-2.952909757717743,-2.8613104518005006,-2.8158238503578215,,,
24,15,-5.0,-4.0,703,123,580,-2.8156964701720746,-2.871108816618262,True,0.05541234644618731,-2.882490972031567,-2.847968531928859,-2.952909757717743,-2.8613104518005006,-2.8158238503578215,0.045613981628426004,5.0,1.0
24,16,-4.0,-3.0,703,0,703,,-2.871108816618262,True,,-2.882490972031567,-2.847968531928859,-2.952909757717743,-2.8613104518005006,-2.8158238503578215,,,
24,17,-3.0,-2.0,702,0,702,,-2.871108816618262,True,,-2.882490972031567,-2.847968531928859,-2.952909757717743,-2.8613104518005006,-2.8158238503578215,,,
24,18,-2.0,-1.0,703,34,669,-3.100054303716077,-2.871108816618262,True,-0.22894548709781493,-2.882490972031567,-2.847968531928859,-2.952909757717743,-2.8613104518005006,-2.8158238503578215,-0.23874385191557623,1.0,-1.0
24,19,-1.0,0.0,702,57,645,-3.018960349155331,-2.871108816618262,True,-0.14785153253706929,-2.882490972031567,-2.847968531928859,-2.952909757717743,-2.8613104518005006,-2.8158238503578215,-0.1576498973548306,1.0,-1.0
24,20,0.0,1.0,703,147,556,-2.985910149559413,-2.871108816618262,True,-0.11480133294115102,-2.882490972031567,-2.847968531928859,-2.952909757717743,-2.8613104518005006,-2.8158238503578215,-0.12459969775891233,1.0,-1.0
24,21,1.0,2.0,702,97,605,-2.5474620087147057,-2.871108816618262,True,0.32364680790355616,-2.882490972031567,-2.847968531928859,-2.952909757717743,-2.8613104518005006,-2.8158238503578215,0.31384844308579485,5.0,1.0
24,22,2.0,3.0,703,91,612,-3.059222810796017,-2.871108816618262,True,-0.1881139941777552,-2.882490972031567,-2.847968531928859,-2.952909757717743,-2.8613104518005006,-2.8158238503578215,-0.1979123589955165,1.0,-1.0
24,23,3.0,4.0,703,702,1,-2.549322443174185,-2.871108816618262,True,0.3217863734440769,-2.882490972031567,-2.847968531928859,-2.952909757717743,-2.8613104518005006,-2.8158238503578215,0.3119880086263156,5.0,1.0
24,24,4.0,5.0,702,530,172,-2.268519983132439,-2.871108816618262,True,0.6025888334858229,-2.882490972031567,-2.847968531928859,-2.952909757717743,-2.8613104518005006,-2.8158238503578215,0.5927904686680616,5.0,1.0
24,25,5.0,6.0,703,130,573,-2.767415983755593,-2.871108816618262,True,0.10369283286266873,-2.882490972031567,-2.847968531928859,-2.952909757717743,-2.8613104518005006,-2.8158238503578215,0.09389446804490742,5.0,1.0
24,26,6.0,7.0,702,0,702,,-2.871108816618262,True,,-2.882490972031567,-2.847968531928859,-2.952909757717743,-2.8613104518005006,-2.8158238503578215,,,
24,27,7.0,8.0,703,0,703,,-2.871108816618262,True,,-2.882490972031567,-2.847968531928859,-2.952909757717743,-2.8613104518005006,-2.8158238503578215,,,
24,28,8.0,9.0,702,0,702,,-2.871108816618262,True,,-2.882490972031567,-2.847968531928859,-2.952909757717743,-2.8613104518005006,-2.8158238503578215,,,
24,29,9.0,10.0,703,0,703,,-2.871108816618262,True,,-2.882490972031567,-2.847968531928859,-2.952909757717743,-2.8613104518005006,-2.8158238503578215,,,
24,30,10.0,11.0,703,0,703,,-2.871108816618262,True,,-2.882490972031567,-2.847968531928859,-2.952909757717743,-2.8613104518005006,-2.8158238503578215,,,
24,31,11.0,12.0,702,0,702,,-2.871108816618262,True,,-2.882490972031567,-2.847968531928859,-2.952909757717743,-2.8613104518005006,-2.8158238503578215,,,
24,32,12.0,13.0,703,0,703,,-2.871108816618262,True,,-2.882490972031567,-2.847968531928859,-2.952909757717743,-2.8613104518005006,-2.8158238503578215,,,
24,33,13.0,14.0,702,0,702,,-2.871108816618262,True,,-2.882490972031567,-2.847968531928859,-2.952909757717743,-2.8613104518005006,-2.8158238503578215,,,
24,34,14.0,15.0,703,0,703,,-2.871108816618262,True,,-2.882490972031567,-2.847968531928859,-2.952909757717743,-2.8613104518005006,-2.8158238503578215,,,
24,35,15.0,16.0,702,0,702,,-2.871108816618262,True,,-2.882490972031567,-2.847968531928859,-2.952909757717743,-2.8613104518005006,-2.8158238503578215,,,
24,36,16.0,17.0,703,297,406,-2.7274891736639177,-2.871108816618262,True,0.14361964295434415,-2.882490972031567,-2.847968531928859,-2.952909757717743,-2.8613104518005006,-2.8158238503578215,0.13382127813658284,5.0,1.0
24,37,17.0,18.0,703,244,459,-2.6370755981367004,-2.871108816618262,True,0.23403321848156144,-2.882490972031567,-2.847968531928859,-2.952909757717743,-2.8613104518005006,-2.8158238503578215,0.22423485366380014,5.0,1.0
24,38,18.0,19.0,702,62,640,-2.8710081005444636,-2.871108816618262,True,0.00010071607379824599,-2.882490972031567,-2.847968531928859,-2.952909757717743,-2.8613104518005006,-2.8158238503578215,-0.009697648743963505,3.0,0.0
24,39,19.0,20.0,703,0,703,,-2.871108816618262,True,,-2.882490972031567,-2.847968531928859,-2.952909757717743,-2.8613104518005006,-2.8158238503578215,,,
25,0,-20.0,-19.0,703,190,513,-2.679809970513751,-2.6575852300731015,True,-0.02222474044064926,-2.639909689270275,-2.5918564107426096,-2.7451593807332406,-2.6100286224994615,-2.560782736021662,-0.06978134801428926,2.0,-0.5
25,1,-19.0,-18.0,702,514,188,-2.851577358716763,-2.6575852300731015,True,-0.19399212864366167,-2.639909689270275,-2.5918564107426096,-2.7451593807332406,-2.6100286224994615,-2.560782736021662,-0.24154873621730166,1.0,-1.0
25,2,-18.0,-17.0,703,92,611,-2.5749343326515186,-2.6575852300731015,True,0.08265089742158294,-2.639909689270275,-2.5918564107426096,-2.7451593807332406,-2.6100286224994615,-2.560782736021662,0.03509428984794294,4.0,0.5
25,3,-17.0,-16.0,702,87,615,-2.748231286093584,-2.6575852300731015,True,-0.09064605602048248,-2.639909689270275,-2.5918564107426096,-2.7451593807332406,-2.6100286224994615,-2.560782736021662,-0.13820266359412248,1.0,-1.0
25,4,-16.0,-15.0,703,154,549,-2.744135412279793,-2.6575852300731015,True,-0.08655018220669142,-2.639909689270275,-2.5918564107426096,-2.7451593807332406,-2.6100286224994615,-2.560782736021662,-0.13410678978033141,2.0,-0.5
25,5,-15.0,-14.0,703,143,560,-2.5652054593846336,-2.6575852300731015,True,0.09237977068846792,-2.639909689270275,-2.5918564107426096,-2.7451593807332406,-2.6100286224994615,-2.560782736021662,0.044823163114827924,4.0,0.5
25,6,-14.0,-13.0,702,0,702,,-2.6575852300731015,True,,-2.639909689270275,-2.5918564107426096,-2.7451593807332406,-2.6100286224994615,-2.560782736021662,,,
25,7,-13.0,-12.0,703,262,441,-2.8282233345553673,-2.6575852300731015,True,-0.1706381044822658,-2.639909689270275,-2.5918564107426096,-2.7451593807332406,-2.6100286224994615,-2.560782736021662,-0.21819471205590624,1.0,-1.0
25,8,-12.0,-11.0,702,0,702,,-2.6575852300731015,True,,-2.639909689270275,-2.5918564107426096,-2.7451593807332406,-2.6100286224994615,-2.560782736021662,,,
25,9,-11.0,-10.0,703,235,468,-2.6266095955224498,-2.6575852300731015,True,0.030975634550651776,-2.639909689270275,-2.5918564107426096,-2.7451593807332406,-2.6100286224994615,-2.560782736021662,-0.01658097302298822,3.0,0.0
25,10,-10.0,-9.0,702,172,530,-2.7009144450015987,-2.6575852300731015,True,-0.04332921492849717,-2.639909689270275,-2.5918564107426096,-2.7451593807332406,-2.6100286224994615,-2.560782736021662,-0.09088582250213717,2.0,-0.5
25,11,-9.0,-8.0,703,61,642,-3.057221583105081,-2.6575852300731015,True,-0.3996363530319793,-2.639909689270275,-2.5918564107426096,-2.7451593807332406,-2.6100286224994615,-2.560782736021662,-0.4471929606056193,1.0,-1.0
25,12,-8.0,-7.0,703,147,556,-2.475917600911116,-2.6575852300731015,True,0.18166762916198564,-2.639909689270275,-2.5918564107426096,-2.7451593807332406,-2.6100286224994615,-2.560782736021662,0.13411102158834565,5.0,1.0
25,13,-7.0,-6.0,702,186,516,-2.5870826945410212,-2.6575852300731015,True,0.0705025355320803,-2.639909689270275,-2.5918564107426096,-2.7451593807332406,-2.6100286224994615,-2.560782736021662,0.02294592795844075,4.0,0.5
25,14,-6.0,-5.0,703,223,480,-2.4174900533164028,-2.6575852300731015,True,0.24009517675669878,-2.639909689270275,-2.5918564107426096,-2.7451593807332406,-2.6100286224994615,-2.560782736021662,0.19253856918305878,5.0,1.0
25,15,-5.0,-4.0,702,0,702,,-2.6575852300731015,True,,-2.639909689270275,-2.5918564107426096,-2.7451593807332406,-2.6100286224994615,-2.560782736021662,,,
25,16,-4.0,-3.0,703,203,500,-2.593447649476473,-2.6575852300731015,True,0.06413758059662866,-2.639909689270275,-2.5918564107426096,-2.7451593807332406,-2.6100286224994615,-2.560782736021662,0.016580973022988665,3.0,0.0
25,17,-3.0,-2.0,702,0,702,,-2.6575852300731015,True,,-2.639909689270275,-2.5918564107426096,-2.7451593807332406,-2.6100286224994615,-2.560782736021662,,,
25,18,-2.0,-1.0,703,180,523,-2.547514565932748,-2.6575852300731015,True,0.11007066414035371,-2.639909689270275,-2.5918564107426096,-2.7451593807332406,-2.6100286224994615,-2.560782736021662,0.06251405656671372,5.0,1.0
25,19,-1.0,0.0,702,163,539,-2.523048339167325,-2.6575852300731015,True,0.13453689090577647,-2.639909689270275,-2.5918564107426096,-2.7451593807332406,-2.6100286224994615,-2.560782736021662,0.08698028333213648,5.0,1.0
25,20,0.0,1.0,703,0,703,,-2.6575852300731015,True,,-2.639909689270275,-2.5918564107426096,-2.7451593807332406,-2.6100286224994615,-2.560782736021662,,,
25,21,1.0,2.0,703,134,569,-2.8152727256349044,-2.6575852300731015,True,-0.15768749556180284,-2.639909689270275,-2.5918564107426096,-2.7451593807332406,-2.6100286224994615,-2.560782736021662,-0.20524410313544283,1.0,-1.0
25,22,2.0,3.0,702,201,501,-2.625948793170464,-2.6575852300731015,True,0.0316364369026374,-2.639909689270275,-2.5918564107426096,-2.7451593807332406,-2.6100286224994615,-2.560782736021662,-0.015920170671002598,3.0,0.0
25,23,3.0,4.0,703,4,699,-3.1616542784577257,-2.6575852300731015,True,-0.5040690483846242,-2.639909689270275,-2.5918564107426096,-2.7451593807332406,-2.6100286224994615,-2.560782736021662,-0.5516256559582642,1.0,-1.0
25,24,4.0,5.0,702,605,97,-2.392785540954503,-2.6575852300731015,True,0.26479968911859864,-2.639909689270275,-2.5918564107426096,-2.7451593807332406,-2.6100286224994615,-2.560782736021662,0.21724308154495864,5.0,1.0
25,25,5.0,6.0,703,526,177,-2.401385796868819,-2.6575852300731015,True,0.25619943320428273,-2.639909689270275,-2.5918564107426096,-2.7451593807332406,-2.6100286224994615,-2.560782736021662,0.20864282563064274,5.0,1.0
25,26,6.0,7.0,702,228,474,-2.6465845099938945,-2.6575852300731015,True,0.01100072007920705,-2.639909689270275,-2.5918564107426096,-2.7451593807332406,-2.6100286224994615,-2.560782736021662,-0.03655588749443295,2.0,-0.5
25,27,7.0,8.0,703,0,703,,-2.6575852300731015,True,,-2.639909689270275,-2.5918564107426096,-2.7451593807332406,-2.6100286224994615,-2.560782736021662,,,
25,28,8.0,9.0,703,50,653,-3.647673735565219,-2.6575852300731015,True,-0.9900885054921176,-2.639909689270275,-2.5918564107426096,-2.7451593807332406,-2.6100286224994615,-2.560782736021662,-1.0376451130657576,1.0,-1.0
25,29,9.0,10.0,702,0,702,,-2.6575852300731015,True,,-2.639909689270275,-2.5918564107426096,-2.7451593807332406,-2.6100286224994615,-2.560782736021662,,,
25,30,10.0,11.0,703,0,703,,-2.6575852300731015,True,,-2.639909689270275,-2.5918564107426096,-2.7451593807332406,-2.6100286224994615,-2.560782736021662,,,
25,31,11.0,12.0,702,0,702,,-2.6575852300731015,True,,-2.639909689270275,-2.5918564107426096,-2.7451593807332406,-2.6100286224994615,-2.560782736021662,,,
25,32,12.0,13.0,703,0,703,,-2.6575852300731015,True,,-2.639909689270275,-2.5918564107426096,-2.7451593807332406,-2.6100286224994615,-2.560782736021662,,,
25,33,13.0,14.0,702,0,702,,-2.6575852300731015,True,,-2.639909689270275,-2.5918564107426096,-2.7451593807332406,-2.6100286224994615,-2.560782736021662,,,
25,34,14.0,15.0,703,0,703,,-2.6575852300731015,True,,-2.639909689270275,-2.5918564107426096,-2.7451593807332406,-2.6100286224994615,-2.560782736021662,,,
25,35,15.0,16.0,703,0,703,,-2.6575852300731015,True,,-2.639909689270275,-2.5918564107426096,-2.7451593807332406,-2.6100286224994615,-2.560782736021662,,,
25,36,16.0,17.0,702,0,702,,-2.6575852300731015,True,,-2.639909689270275,-2.5918564107426096,-2.7451593807332406,-2.6100286224994615,-2.560782736021662,,,
25,37,17.0,18.0,703,0,703,,-2.6575852300731015,True,,-2.639909689270275,-2.5918564107426096,-2.7451593807332406,-2.6100286224994615,-2.560782736021662,,,
25,38,18.0,19.0,702,175,527,-2.7436282742262823,-2.6575852300731015,True,-0.08604304415318076,-2.639909689270275,-2.5918564107426096,-2.7451593807332406,-2.6100286224994615,-2.560782736021662,-0.13359965172682076,2.0,-0.5
25,39,19.0,20.0,703,169,534,-2.7027718590888066,-2.6575852300731015,True,-0.04518662901570503,-2.639909689270275,-2.5918564107426096,-2.7451593807332406,-2.6100286224994615,-2.560782736021662,-0.09274323658934502,2.0,-0.5
26,0,-20.0,-19.0,703,178,525,-2.549368824977244,-2.8217947569423414,True,0.27242593196509723,-2.723988367023574,-2.6982227781858725,-3.0793037628512976,-2.7111055726047235,-2.5859816180896007,0.16173674762747936,5.0,1.0
26,1,-19.0,-18.0,703,27,676,-3.2101730998201776,-2.8217947569423414,True,-0.38837834287783624,-2.723988367023574,-2.6982227781858725,-3.0793037628512976,-2.7111055726047235,-2.5859816180896007,-0.4990675272154541,1.0,-1.0
26,2,-18.0,-17.0,702,582,120,-2.4044208912305423,-2.8217947569423414,True,0.41737386571179913,-2.723988367023574,-2.6982227781858725,-3.0793037628512976,-2.7111055726047235,-2.5859816180896007,0.30668468137418126,5.0,1.0
26,3,-17.0,-16.0,703,526,177,-2.3534560085748617,-2.8217947569423414,True,0.4683387483674797,-2.723988367023574,-2.6982227781858725,-3.0793037628512976,-2.7111055726047235,-2.5859816180896007,0.3576495640298618,5.0,1.0
26,4,-16.0,-15.0,702,251,451,-2.6967913565837778,-2.8217947569423414,True,0.1250034003585636,-2.723988367023574,-2.6982227781858725,-3.0793037628512976,-2.7111055726047235,-2.5859816180896007,0.014314216020945736,4.0,0.5
26,5,-15.0,-14.0,703,0,703,,-2.8217947569423414,True,,-2.723988367023574,-2.6982227781858725,-3.0793037628512976,-2.7111055726047235,-2.5859816180896007,,,
26,6,-14.0,-13.0,702,50,652,-3.647673735565219,-2.8217947569423414,True,-0.8258789786228777,-2.723988367023574,-2.6982227781858725,-3.0793037628512976,-2.7111055726047235,-2.5859816180896007,-0.9365681629604956,1.0,-1.0
26,7,-13.0,-12.0,703,0,703,,-2.8217947569423414,True,,-2.723988367023574,-2.6982227781858725,-3.0793037628512976,-2.7111055726047235,-2.5859816180896007,,,
26,8,-12.0,-11.0,703,0,703,,-2.8217947569423414,True,,-2.723988367023574,-2.6982227781858725,-3.0793037628512976,-2.7111055726047235,-2.5859816180896007,,,
26,9,-11.0,-10.0,702,0,702,,-2.8217947569423414,True,,-2.723988367023574,-2.6982227781858725,-3.0793037628512976,-2.7111055726047235,-2.5859816180896007,,,
26,10,-10.0,-9.0,703,0,703,,-2.8217947569423414,True,,-2.723988367023574,-2.6982227781858725,-3.0793037628512976,-2.7111055726047235,-2.5859816180896007,,,
26,11,-9.0,-8.0,702,0,702,,-2.8217947569423414,True,,-2.723988367023574,-2.6982227781858725,-3.0793037628512976,-2.7111055726047235,-2.5859816180896007,,,
26,12,-8.0,-7.0,703,0,703,,-2.8217947569423414,True,,-2.723988367023574,-2.6982227781858725,-3.0793037628512976,-2.7111055726047235,-2.5859816180896007,,,
26,13,-7.0,-6.0,702,0,702,,-2.8217947569423414,True,,-2.723988367023574,-2.6982227781858725,-3.0793037628512976,-2.7111055726047235,-2.5859816180896007,,,
26,14,-6.0,-5.0,703,0,703,,-2.8217947569423414,True,,-2.723988367023574,-2.6982227781858725,-3.0793037628512976,-2.7111055726047235,-2.5859816180896007,,,
26,15,-5.0,-4.0,703,0,703,,-2.8217947569423414,True,,-2.723988367023574,-2.6982227781858725,-3.0793037628512976,-2.7111055726047235,-2.5859816180896007,,,
26,16,-4.0,-3.0,702,175,527,-2.7436282742262823,-2.8217947569423414,True,0.07816648271605908,-2.723988367023574,-2.6982227781858725,-3.0793037628512976,-2.7111055726047235,-2.5859816180896007,-0.03252270162155879,2.0,-0.5
26,17,-3.0,-2.0,703,167,536,-2.6958199974266708,-2.8217947569423414,True,0.1259747595156706,-2.723988367023574,-2.6982227781858725,-3.0793037628512976,-2.7111055726047235,-2.5859816180896007,0.015285575178052735,4.0,0.5
26,18,-2.0,-1.0,702,43,659,-3.1911955923929693,-2.8217947569423414,True,-0.36940083545062796,-2.723988367023574,-2.6982227781858725,-3.0793037628512976,-2.7111055726047235,-2.5859816180896007,-0.48009001978824584,1.0,-1.0
26,19,-1.0,0.0,703,145,558,-2.725419788625669,-2.8217947569423414,True,0.09637496831667258,-2.723988367023574,-2.6982227781858725,-3.0793037628512976,-2.7111055726047235,-2.5859816180896007,-0.014314216020945292,2.0,-0.5
26,20,0.0,1.0,702,0,702,,-2.8217947569423414,True,,-2.723988367023574,-2.6982227781858725,-3.0793037628512976,-2.7111055726047235,-2.5859816180896007,,,
26,21,1.0,2.0,703,0,703,,-2.8217947569423414,True,,-2.723988367023574,-2.6982227781858725,-3.0793037628512976,-2.7111055726047235,-2.5859816180896007,,,
26,22,2.0,3.0,703,156,547,-2.5804920486421974,-2.8217947569423414,True,0.241302708300144,-2.723988367023574,-2.6982227781858725,-3.0793037628512976,-2.7111055726047235,-2.5859816180896007,0.13061352396252612,5.0,1.0
26,23,3.0,4.0,702,90,612,-2.510624221497743,-2.8217947569423414,True,0.3111705354445986,-2.723988367023574,-2.6982227781858725,-3.0793037628512976,-2.7111055726047235,-2.5859816180896007,0.20048135110698073,5.0,1.0
26,24,4.0,5.0,703,95,608,-2.7361691865981714,-2.8217947569423414,True,0.08562557034416995,-2.723988367023574,-2.6982227781858725,-3.0793037628512976,-2.7111055726047235,-2.5859816180896007,-0.02506361399344792,2.0,-0.5
26,25,5.0,6.0,702,257,445,-2.5620136276036276,-2.8217947569423414,True,0.2597811293387138,-2.723988367023574,-2.6982227781858725,-3.0793037628512976,-2.7111055726047235,-2.5859816180896007,0.14909194500109546,5.0,1.0
26,26,6.0,7.0,703,42,661,-3.2218235431618507,-2.8217947569423414,True,-0.4000287862195093,-2.723988367023574,-2.6982227781858725,-3.0793037628512976,-2.7111055726047235,-2.5859816180896007,-0.5107179705571272,1.0,-1.0
26,27,7.0,8.0,702,164,538,-2.5954831360568864,-2.8217947569423414,True,0.22631162088545498,-2.723988367023574,-2.6982227781858725,-3.0793037628512976,-2.7111055726047235,-2.5859816180896007,0.1156224365478371,4.0,0.5
26,28,8.0,9.0,703,265,438,-2.6931275773010515,-2.8217947569423414,True,0.12866717964128993,-2.723988367023574,-2.6982227781858725,-3.0793037628512976,-2.7111055726047235,-2.5859816180896007,0.017977995303672056,4.0,0.5
26,29,9.0,10.0,703,284,419,-2.530088285345546,-2.8217947569423414,True,0.2917064715967954,-2.723988367023574,-2.6982227781858725,-3.0793037628512976,-2.7111055726047235,-2.5859816180896007,0.18101728725917754,5.0,1.0
26,30,10.0,11.0,702,186,516,-2.684863923244183,-2.8217947569423414,True,0.1369308336981585,-2.723988367023574,-2.6982227781858725,-3.0793037628512976,-2.7111055726047235,-2.5859816180896007,0.02624164936054063,4.0,0.5
26,31,11.0,12.0,703,186,517,-2.6201922286885777,-2.8217947569423414,True,0.20160252825376368,-2.723988367023574,-2.6982227781858725,-3.0793037628512976,-2.7111055726047235,-2.5859816180896007,0.0909133439161458,4.0,0.5
26,32,12.0,13.0,702,89,613,-2.6700271573363974,-2.8217947569423414,True,0.151767599605944,-2.723988367023574,-2.6982227781858725,-3.0793037628512976,-2.7111055726047235,-2.5859816180896007,0.04107841526832612,4.0,0.5
26,33,13.0,14.0,703,141,562,-2.8149592028403236,-2.8217947569423414,True,0.006835554102017749,-2.723988367023574,-2.6982227781858725,-3.0793037628512976,-2.7111055726047235,-2.5859816180896007,-0.10385363023560057,2.0,-0.5
26,34,14.0,15.0,702,177,525,-2.5588529389348653,-2.8217947569423414,True,0.26294181800747607,-2.723988367023574,-2.6982227781858725,-3.0793037628512976,-2.7111055726047235,-2.5859816180896007,0.1522526336698582,5.0,1.0
26,35,15.0,16.0,703,230,473,-2.7106147299998,-2.8217947569423414,True,0.11118002694254159,-2.723988367023574,-2.6982227781858725,-3.0793037628512976,-2.7111055726047235,-2.5859816180896007,0.0004908426049237136,3.0,0.0
26,36,16.0,17.0,703,55,648,-2.683449768515918,-2.8217947569423414,True,0.1383449884264234,-2.723988367023574,-2.6982227781858725,-3.0793037628512976,-2.7111055726047235,-2.5859816180896007,0.027655804088805525,4.0,0.5
26,37,17.0,18.0,702,207,495,-2.6136826058472145,-2.8217947569423414,True,0.20811215109512693,-2.723988367023574,-2.6982227781858725,-3.0793037628512976,-2.7111055726047235,-2.5859816180896007,0.09742296675750906,4.0,0.5
26,38,18.0,19.0,703,278,425,-2.6041530624127445,-2.8217947569423414,True,0.21764169452959692,-2.723988367023574,-2.6982227781858725,-3.0793037628512976,-2.7111055726047235,-2.5859816180896007,0.10695251019197904,4.0,0.5
26,39,19.0,20.0,702,212,490,-2.7960979954835956,-2.8217947569423414,True,0.025696761458745776,-2.723988367023574,-2.6982227781858725,-3.0793037628512976,-2.7111055726047235,-2.5859816180896007,-0.08499242287887254,2.0,-0.5
27,0,-20.0,-19.0,703,145,558,-2.6588307247851053,-2.754400840817146,True,0.0955701160320408,-2.727930010073733,-2.6987544497673195,-2.740416662709375,-2.718898614433373,-2.6381572810277403,0.06006788964826759,4.0,0.5
27,1,-19.0,-18.0,702,259,443,-2.7267801014062947,-2.754400840817146,True,0.027620739410851414,-2.727930010073733,-2.6987544497673195,-2.740416662709375,-2.718898614433373,-2.6381572810277403,-0.007881486972921792,3.0,0.0
27,2,-18.0,-17.0,703,174,529,-2.7339241130016125,-2.754400840817146,True,0.020476727815533557,-2.727930010073733,-2.6987544497673195,-2.740416662709375,-2.718898614433373,-2.6381572810277403,-0.015025498568239648,2.0,-0.5
27,3,-17.0,-16.0,702,159,543,-2.7551128759250516,-2.754400840817146,True,-0.0007120351079055176,-2.727930010073733,-2.6987544497673195,-2.740416662709375,-2.718898614433373,-2.6381572810277403,-0.03621426149167917,1.0,-1.0
27,4,-16.0,-15.0,703,185,518,-2.742786169984315,-2.754400840817146,True,0.011614670832831298,-2.727930010073733,-2.6987544497673195,-2.740416662709375,-2.718898614433373,-2.6381572810277403,-0.023887555550941908,1.0,-1.0
27,5,-15.0,-14.0,703,161,542,-2.675980905480076,-2.754400840817146,True,0.07841993533707026,-2.727930010073733,-2.6987544497673195,-2.740416662709375,-2.718898614433373,-2.6381572810277403,0.04291770895329705,4.0,0.5
27,6,-14.0,-13.0,702,173,529,-2.6123720089927613,-2.754400840817146,True,0.14202883182438475,-2.727930010073733,-2.6987544497673195,-2.740416662709375,-2.718898614433373,-2.6381572810277403,0.10652660544061154,5.0,1.0
27,7,-13.0,-12.0,703,374,329,-2.573479740996835,-2.754400840817146,True,0.18092109982031124,-2.727930010073733,-2.6987544497673195,-2.740416662709375,-2.718898614433373,-2.6381572810277403,0.14541887343653803,5.0,1.0
27,8,-12.0,-11.0,702,0,702,,-2.754400840817146,True,,-2.727930010073733,-2.6987544497673195,-2.740416662709375,-2.718898614433373,-2.6381572810277403,,,
27,9,-11.0,-10.0,703,0,703,,-2.754400840817146,True,,-2.727930010073733,-2.6987544497673195,-2.740416662709375,-2.718898614433373,-2.6381572810277403,,,
27,10,-10.0,-9.0,702,90,612,-2.7300655547418335,-2.754400840817146,True,0.024335286075312546,-2.727930010073733,-2.6987544497673195,-2.740416662709375,-2.718898614433373,-2.6381572810277403,-0.011166940308460216,2.0,-0.5
27,11,-9.0,-8.0,703,172,531,-2.6393367462875887,-2.754400840817146,True,0.11506409452955735,-2.727930010073733,-2.6987544497673195,-2.740416662709375,-2.718898614433373,-2.6381572810277403,0.07956186814578414,4.0,0.5
27,12,-8.0,-7.0,703,146,557,-2.7425808459452963,-2.754400840817146,True,0.011819994871849815,-2.727930010073733,-2.6987544497673195,-2.740416662709375,-2.718898614433373,-2.6381572810277403,-0.02368223151192339,1.0,-1.0
27,13,-7.0,-6.0,702,446,256,-2.7337992358016754,-2.754400840817146,True,0.020601605015470703,-2.727930010073733,-2.6987544497673195,-2.740416662709375,-2.718898614433373,-2.6381572810277403,-0.014900621368302502,2.0,-0.5
27,14,-6.0,-5.0,703,159,544,-2.7543100627468338,-2.754400840817146,True,9.07780703123251e-05,-2.727930010073733,-2.6987544497673195,-2.740416662709375,-2.718898614433373,-2.6381572810277403,-0.03541144831346088,1.0,-1.0
27,15,-5.0,-4.0,702,142,560,-2.6221728169407696,-2.754400840817146,True,0.13222802387637644,-2.727930010073733,-2.6987544497673195,-2.740416662709375,-2.718898614433373,-2.6381572810277403,0.09672579749260324,5.0,1.0
27,16,-4.0,-3.0,703,186,517,-2.711017127460451,-2.754400840817146,True,0.043383713356695,-2.727930010073733,-2.6987544497673195,-2.740416662709375,-2.718898614433373,-2.6381572810277403,0.007881486972921792,3.0,0.0
27,17,-3.0,-2.0,702,287,415,-2.637764125941124,-2.754400840817146,True,0.11663671487602212,-2.727930010073733,-2.6987544497673195,-2.740416662709375,-2.718898614433373,-2.6381572810277403,0.08113448849224891,5.0,1.0
27,18,-2.0,-1.0,703,4,699,-3.9727670152175847,-2.754400840817146,True,-1.2183661744004386,-2.727930010073733,-2.6987544497673195,-2.740416662709375,-2.718898614433373,-2.6381572810277403,-1.2538684007842118,1.0,-1.0
27,19,-1.0,0.0,703,181,522,-2.556134963053415,-2.754400840817146,True,0.19826587776373117,-2.727930010073733,-2.6987544497673195,-2.740416662709375,-2.718898614433373,-2.6381572810277403,0.16276365137995796,5.0,1.0
27,20,0.0,1.0,702,0,702,,-2.754400840817146,True,,-2.727930010073733,-2.6987544497673195,-2.740416662709375,-2.718898614433373,-2.6381572810277403,,,
27,21,1.0,2.0,703,114,589,-2.7094445863452594,-2.754400840817146,True,0.04495625447188667,-2.727930010073733,-2.6987544497673195,-2.740416662709375,-2.718898614433373,-2.6381572810277403,0.009454028088113464,3.0,0.0
27,22,2.0,3.0,702,192,510,-2.6612499739920943,-2.754400840817146,True,0.0931508668250518,-2.727930010073733,-2.6987544497673195,-2.740416662709375,-2.718898614433373,-2.6381572810277403,0.0576486404412786,4.0,0.5
27,23,3.0,4.0,703,191,512,-2.592853215606764,-2.754400840817146,True,0.16154762521038224,-2.727930010073733,-2.6987544497673195,-2.740416662709375,-2.718898614433373,-2.6381572810277403,0.12604539882660903,5.0,1.0
27,24,4.0,5.0,702,168,534,-2.6147607586553407,-2.754400840817146,True,0.13964008216180535,-2.727930010073733,-2.6987544497673195,-2.740416662709375,-2.718898614433373,-2.6381572810277403,0.10413785577803214,5.0,1.0
27,25,5.0,6.0,703,161,542,-2.5788525326940483,-2.754400840817146,True,0.17554830812309774,-2.727930010073733,-2.6987544497673195,-2.740416662709375,-2.718898614433373,-2.6381572810277403,0.14004608173932453,5.0,1.0
27,26,6.0,7.0,703,212,491,-2.737694063101487,-2.754400840817146,True,0.016706777715659094,-2.727930010073733,-2.6987544497673195,-2.740416662709375,-2.718898614433373,-2.6381572810277403,-0.018795448668114112,2.0,-0.5
27,27,7.0,8.0,702,169,533,-2.841625549957298,-2.754400840817146,True,-0.0872247091401519,-2.727930010073733,-2.6987544497673195,-2.740416662709375,-2.718898614433373,-2.6381572810277403,-0.12272693552392511,1.0,-1.0
27,28,8.0,9.0,703,168,535,-2.5683641715341543,-2.754400840817146,True,0.18603666928299178,-2.727930010073733,-2.6987544497673195,-2.740416662709375,-2.718898614433373,-2.6381572810277403,0.15053444289921858,5.0,1.0
27,29,9.0,10.0,702,189,513,-2.629927853922563,-2.754400840817146,True,0.1244729868945833,-2.727930010073733,-2.6987544497673195,-2.740416662709375,-2.718898614433373,-2.6381572810277403,0.0889707605108101,5.0,1.0
27,30,10.0,11.0,703,165,538,-2.580615774551638,-2.754400840817146,True,0.17378506626550827,-2.727930010073733,-2.6987544497673195,-2.740416662709375,-2.718898614433373,-2.6381572810277403,0.13828283988173506,5.0,1.0
27,31,11.0,12.0,702,86,616,-2.7038889972812985,-2.754400840817146,True,0.05051184353584759,-2.727930010073733,-2.6987544497673195,-2.740416662709375,-2.718898614433373,-2.6381572810277403,0.015009617152074384,3.0,0.0
27,32,12.0,13.0,703,147,556,-2.810200309218531,-2.754400840817146,True,-0.05579946840138472,-2.727930010073733,-2.6987544497673195,-2.740416662709375,-2.718898614433373,-2.6381572810277403,-0.09130169478515793,1.0,-1.0
27,33,13.0,14.0,703,148,555,-2.646489458434559,-2.754400840817146,True,0.10791138238258702,-2.727930010073733,-2.6987544497673195,-2.740416662709375,-2.718898614433373,-2.6381572810277403,0.07240915599881381,4.0,0.5
27,34,14.0,15.0,702,147,555,-2.792349231364711,-2.754400840817146,True,-0.03794839054756505,-2.727930010073733,-2.6987544497673195,-2.740416662709375,-2.718898614433373,-2.6381572810277403,-0.07345061693133825,1.0,-1.0
27,35,15.0,16.0,703,0,703,,-2.754400840817146,True,,-2.727930010073733,-2.6987544497673195,-2.740416662709375,-2.718898614433373,-2.6381572810277403,,,
27,36,16.0,17.0,702,106,596,-2.763777892829591,-2.754400840817146,True,-0.009377052012444764,-2.727930010073733,-2.6987544497673195,-2.740416662709375,-2.718898614433373,-2.6381572810277403,-0.04487927839621797,1.0,-1.0
27,37,17.0,18.0,703,183,520,-2.8167198987357525,-2.754400840817146,True,-0.06231905791860637,-2.727930010073733,-2.6987544497673195,-2.740416662709375,-2.718898614433373,-2.6381572810277403,-0.09782128430237957,1.0,-1.0
27,38,18.0,19.0,702,160,542,-2.5807475010591148,-2.754400840817146,True,0.17365333975803132,-2.727930010073733,-2.6987544497673195,-2.740416662709375,-2.718898614433373,-2.6381572810277403,0.13815111337425812,5.0,1.0
27,39,19.0,20.0,703,50,653,-2.7387722197926876,-2.754400840817146,True,0.0156286210244585,-2.727930010073733,-2.6987544497673195,-2.740416662709375,-2.718898614433373,-2.6381572810277403,-0.01987360535931515,2.0,-0.5
28,0,-20.0,-19.0,703,172,531,-2.743376436477514,-2.7122248990177185,True,-0.03115153745979571,-2.7223174232225653,-2.6985689145838747,-2.7448026733941355,-2.6988070565896507,-2.67306246836198,-0.04456937988786347,2.0,-0.5
28,1,-19.0,-18.0,702,188,514,-2.691041251068146,-2.7122248990177185,True,0.021183647949572393,-2.7223174232225653,-2.6985689145838747,-2.7448026733941355,-2.6988070565896507,-2.67306246836198,0.007765805521504632,4.0,0.5
28,2,-18.0,-17.0,703,207,496,-2.7825153755662857,-2.7122248990177185,True,-0.07029047654856724,-2.7223174232225653,-2.6985689145838747,-2.7448026733941355,-2.6988070565896507,-2.67306246836198,-0.083708318976635,1.0,-1.0
28,3,-17.0,-16.0,702,163,539,-2.691051838242985,-2.7122248990177185,True,0.021173060774733354,-2.7223174232225653,-2.6985689145838747,-2.7448026733941355,-2.6988070565896507,-2.67306246836198,0.007755218346665593,4.0,0.5
28,4,-16.0,-15.0,703,179,524,-2.629914176746465,-2.7122248990177185,True,0.08231072227125358,-2.7223174232225653,-2.6985689145838747,-2.7448026733941355,-2.6988070565896507,-2.67306246836198,0.06889287984318582,5.0,1.0
28,5,-15.0,-14.0,702,161,541,-2.671558199685641,-2.7122248990177185,True,0.04066669933207745,-2.7223174232225653,-2.6985689145838747,-2.7448026733941355,-2.6988070565896507,-2.67306246836198,0.02724885690400969,5.0,1.0
28,6,-14.0,-13.0,703,0,703,,-2.7122248990177185,True,,-2.7223174232225653,-2.6985689145838747,-2.7448026733941355,-2.6988070565896507,-2.67306246836198,,,
28,7,-13.0,-12.0,703,129,574,-2.781420688753528,-2.7122248990177185,True,-0.06919578973580975,-2.7223174232225653,-2.6985689145838747,-2.7448026733941355,-2.6988070565896507,-2.67306246836198,-0.08261363216387752,1.0,-1.0
28,8,-12.0,-11.0,702,95,607,-2.735921261271921,-2.7122248990177185,True,-0.023696362254202352,-2.7223174232225653,-2.6985689145838747,-2.7448026733941355,-2.6988070565896507,-2.67306246836198,-0.03711420468227011,2.0,-0.5
28,9,-11.0,-10.0,703,99,604,-2.9074374409338892,-2.7122248990177185,True,-0.19521254191617077,-2.7223174232225653,-2.6985689145838747,-2.7448026733941355,-2.6988070565896507,-2.67306246836198,-0.20863038434423808,1.0,-1.0
28,10,-10.0,-9.0,702,150,552,-2.6988070565896507,-2.7122248990177185,True,0.013417842428067761,-2.7223174232225653,-2.6985689145838747,-2.7448026733941355,-2.6988070565896507,-2.67306246836198,0.0,3.0,0.0
28,11,-9.0,-8.0,703,453,250,-2.752445245416561,-2.7122248990177185,True,-0.040220346398842644,-2.7223174232225653,-2.6985689145838747,-2.7448026733941355,-2.6988070565896507,-2.67306246836198,-0.053638188826910405,1.0,-1.0
28,12,-8.0,-7.0,702,202,500,-2.698542454361011,-2.7122248990177185,True,0.013682444656707649,-2.7223174232225653,-2.6985689145838747,-2.7448026733941355,-2.6988070565896507,-2.67306246836198,0.00026460222863988747,4.0,0.5
28,13,-7.0,-6.0,703,246,457,-2.6735410026582516,-2.7122248990177185,True,0.038683896359466896,-2.7223174232225653,-2.6985689145838747,-2.7448026733941355,-2.6988070565896507,-2.67306246836198,0.02526605393139869,4.0,0.5
28,14,-6.0,-5.0,703,96,607,-2.724929686181778,-2.7122248990177185,True,-0.012704787164059539,-2.7223174232225653,-2.6985689145838747,-2.7448026733941355,-2.6988070565896507,-2.67306246836198,-0.0261226295921273,2.0,-0.5
28,15,-5.0,-4.0,702,142,560,-2.746228910310757,-2.7122248990177185,True,-0.03400401129303843,-2.7223174232225653,-2.6985689145838747,-2.7448026733941355,-2.6988070565896507,-2.67306246836198,-0.04742185372110619,1.0,-1.0
28,16,-4.0,-3.0,703,219,484,-2.5792874930895935,-2.7122248990177185,True,0.13293740592812497,-2.7223174232225653,-2.6985689145838747,-2.7448026733941355,-2.6988070565896507,-2.67306246836198,0.11951956350005766,5.0,1.0
28,17,-3.0,-2.0,702,110,592,-2.7353450369345054,-2.7122248990177185,True,-0.02312013791678691,-2.7223174232225653,-2.6985689145838747,-2.7448026733941355,-2.6988070565896507,-2.67306246836198,-0.03653798034485467,2.0,-0.5
28,18,-2.0,-1.0,703,144,559,-2.6725839340657087,-2.7122248990177185,True,0.03964096495200975,-2.7223174232225653,-2.6985689145838747,-2.7448026733941355,-2.6988070565896507,-2.67306246836198,0.02622312252394199,5.0,1.0
28,19,-1.0,0.0,702,214,488,-2.616325592982472,-2.7122248990177185,True,0.09589930603524666,-2.7223174232225653,-2.6985689145838747,-2.7448026733941355,-2.6988070565896507,-2.67306246836198,0.0824814636071789,5.0,1.0
28,20,0.0,1.0,703,73,630,-2.8710323094160817,-2.7122248990177185,True,-0.1588074103983632,-2.7223174232225653,-2.6985689145838747,-2.7448026733941355,-2.6988070565896507,-2.67306246836198,-0.17222525282643097,1.0,-1.0
28,21,1.0,2.0,703,133,570,-2.726860144775463,-2.7122248990177185,True,-0.014635245757744553,-2.7223174232225653,-2.6985689145838747,-2.7448026733941355,-2.6988070565896507,-2.67306246836198,-0.028053088185812314,2.0,-0.5
28,22,2.0,3.0,702,160,542,-2.715395510870682,-2.7122248990177185,True,-0.003170611852963745,-2.7223174232225653,-2.6985689145838747,-2.7448026733941355,-2.6988070565896507,-2.67306246836198,-0.016588454281031506,3.0,0.0
28,23,3.0,4.0,703,125,578,-2.505908762481788,-2.7122248990177185,True,0.20631613653593028,-2.7223174232225653,-2.6985689145838747,-2.7448026733941355,-2.6988070565896507,-2.67306246836198,0.19289829410786252,5.0,1.0
28,24,4.0,5.0,702,80,622,-3.0552273099572336,-2.7122248990177185,True,-0.3430024109395151,-2.7223174232225653,-2.6985689145838747,-2.7448026733941355,-2.6988070565896507,-2.67306246836198,-0.3564202533675829,1.0,-1.0
28,25,5.0,6.0,703,117,586,-2.49371243247785,-2.7122248990177185,True,0.21851246653986856,-2.7223174232225653,-2.6985689145838747,-2.7448026733941355,-2.6988070565896507,-2.67306246836198,0.2050946241118008,5.0,1.0
28,26,6.0,7.0,702,224,478,-2.790282750120152,-2.7122248990177185,True,-0.07805785110243368,-2.7223174232225653,-2.6985689145838747,-2.7448026733941355,-2.6988070565896507,-2.67306246836198,-0.09147569353050145,1.0,-1.0
28,27,7.0,8.0,703,214,489,-2.6561502709714406,-2.7122248990177185,True,0.05607462804627783,-2.7223174232225653,-2.6985689145838747,-2.7448026733941355,-2.6988070565896507,-2.67306246836198,0.04265678561821007,5.0,1.0
28,28,8.0,9.0,703,0,703,,-2.7122248990177185,True,,-2.7223174232225653,-2.6985689145838747,-2.7448026733941355,-2.6988070565896507,-2.67306246836198,,,
28,29,9.0,10.0,702,0,702,,-2.7122248990177185,True,,-2.7223174232225653,-2.6985689145838747,-2.7448026733941355,-2.6988070565896507,-2.67306246836198,,,
28,30,10.0,11.0,703,0,703,,-2.7122248990177185,True,,-2.7223174232225653,-2.6985689145838747,-2.7448026733941355,-2.6988070565896507,-2.67306246836198,,,
28,31,11.0,12.0,702,0,702,,-2.7122248990177185,True,,-2.7223174232225653,-2.6985689145838747,-2.7448026733941355,-2.6988070565896507,-2.67306246836198,,,
28,32,12.0,13.0,703,190,513,-2.8664637277928438,-2.7122248990177185,True,-0.1542388287751253,-2.7223174232225653,-2.6985689145838747,-2.7448026733941355,-2.6988070565896507,-2.67306246836198,-0.1676566712031935,1.0,-1.0
28,33,13.0,14.0,702,152,550,-3.1432249840921322,-2.7122248990177185,True,-0.4310000850744138,-2.7223174232225653,-2.6985689145838747,-2.7448026733941355,-2.6988070565896507,-2.67306246836198,-0.4444179275024811,1.0,-1.0
28,34,14.0,15.0,703,0,703,,-2.7122248990177185,True,,-2.7223174232225653,-2.6985689145838747,-2.7448026733941355,-2.6988070565896507,-2.67306246836198,,,
28,35,15.0,16.0,703,0,703,,-2.7122248990177185,True,,-2.7223174232225653,-2.6985689145838747,-2.7448026733941355,-2.6988070565896507,-2.67306246836198,,,
28,36,16.0,17.0,702,208,494,-3.101749282397772,-2.7122248990177185,True,-0.3895243833800537,-2.7223174232225653,-2.6985689145838747,-2.7448026733941355,-2.6988070565896507,-2.67306246836198,-0.40294222580812145,1.0,-1.0
28,37,17.0,18.0,703,175,528,-2.645349189584474,-2.7122248990177185,True,0.06687570943324461,-2.7223174232225653,-2.6985689145838747,-2.7448026733941355,-2.6988070565896507,-2.67306246836198,0.05345786700517685,5.0,1.0
28,38,18.0,19.0,702,180,522,-2.7572362861622834,-2.7122248990177185,True,-0.045011387144564985,-2.7223174232225653,-2.6985689145838747,-2.7448026733941355,-2.6988070565896507,-2.67306246836198,-0.058429229572632746,1.0,-1.0
28,39,19.0,20.0,703,145,558,-2.770247835294207,-2.7122248990177185,True,-0.05802293627648858,-2.7223174232225653,-2.6985689145838747,-2.7448026733941355,-2.6988070565896507,-2.67306246836198,-0.07144077870455634,1.0,-1.0
29,0,-20.0,-19.0,702,84,618,-2.7891626415424446,-2.744251672771704,True,-0.044910968770740745,-2.7408998799273294,-2.69592942026131,-2.7708698745384073,-2.7153754223879716,-2.6480307857215575,-0.07378721915447306,1.0,-1.0
29,1,-19.0,-18.0,703,157,546,-2.77799703805988,-2.744251672771704,True,-0.03374536528817629,-2.7408998799273294,-2.69592942026131,-2.7708698745384073,-2.7153754223879716,-2.6480307857215575,-0.0626216156719086,1.0,-1.0
29,2,-18.0,-17.0,703,162,541,-2.768494153364583,-2.744251672771704,True,-0.024242480592878923,-2.7408998799273294,-2.69592942026131,-2.7708698745384073,-2.7153754223879716,-2.6480307857215575,-0.05311873097661124,2.0,-0.5
29,3,-17.0,-16.0,702,20,682,-3.451353349234298,-2.744251672771704,True,-0.7071016764625941,-2.7408998799273294,-2.69592942026131,-2.7708698745384073,-2.7153754223879716,-2.6480307857215575,-0.7359779268463265,1.0,-1.0
29,4,-16.0,-15.0,703,253,450,-2.607697886968288,-2.744251672771704,True,0.13655378580341582,-2.7408998799273294,-2.69592942026131,-2.7708698745384073,-2.7153754223879716,-2.6480307857215575,0.1076775354196835,5.0,1.0
29,5,-15.0,-14.0,702,171,531,-2.676865133027701,-2.744251672771704,True,0.06738653974400277,-2.7408998799273294,-2.69592942026131,-2.7708698745384073,-2.7153754223879716,-2.6480307857215575,0.038510289360270455,4.0,0.5
29,6,-14.0,-13.0,703,25,678,-2.7034727814580592,-2.744251672771704,True,0.04077889131364465,-2.7408998799273294,-2.69592942026131,-2.7708698745384073,-2.7153754223879716,-2.6480307857215575,0.011902640929912334,3.0,0.0
29,7,-13.0,-12.0,702,178,524,-2.79194790386015,-2.744251672771704,True,-0.047696231088445895,-2.7408998799273294,-2.69592942026131,-2.7708698745384073,-2.7153754223879716,-2.6480307857215575,-0.07657248147217821,1.0,-1.0
29,8,-12.0,-11.0,703,88,615,-2.9747367964317104,-2.744251672771704,True,-0.2304851236600065,-2.7408998799273294,-2.69592942026131,-2.7708698745384073,-2.7153754223879716,-2.6480307857215575,-0.2593613740437388,1.0,-1.0
29,9,-11.0,-10.0,702,158,544,-2.6722196821603688,-2.744251672771704,True,0.07203199061133514,-2.7408998799273294,-2.69592942026131,-2.7708698745384073,-2.7153754223879716,-2.6480307857215575,0.04315574022760282,4.0,0.5
29,10,-10.0,-9.0,703,183,520,-2.6399525707783145,-2.744251672771704,True,0.10429910199338943,-2.7408998799273294,-2.69592942026131,-2.7708698745384073,-2.7153754223879716,-2.6480307857215575,0.07542285160965712,5.0,1.0
29,11,-9.0,-8.0,703,304,399,-2.7272780633178835,-2.744251672771704,True,0.016973609453820426,-2.7408998799273294,-2.69592942026131,-2.7708698745384073,-2.7153754223879716,-2.6480307857215575,-0.01190264092991189,3.0,0.0
29,12,-8.0,-7.0,702,17,685,-2.75754876689443,-2.744251672771704,True,-0.013297094122726172,-2.7408998799273294,-2.69592942026131,-2.7708698745384073,-2.7153754223879716,-2.6480307857215575,-0.04217334450645849,2.0,-0.5
29,13,-7.0,-6.0,703,227,476,-2.5497373608750946,-2.744251672771704,True,0.19451431189660928,-2.7408998799273294,-2.69592942026131,-2.7708698745384073,-2.7153754223879716,-2.6480307857215575,0.16563806151287697,5.0,1.0
29,14,-6.0,-5.0,702,133,569,-2.61522125861375,-2.744251672771704,True,0.1290304141579539,-2.7408998799273294,-2.69592942026131,-2.7708698745384073,-2.7153754223879716,-2.6480307857215575,0.1001541637742216,5.0,1.0
29,15,-5.0,-4.0,703,139,564,-2.686709756576395,-2.744251672771704,True,0.05754191619530902,-2.7408998799273294,-2.69592942026131,-2.7708698745384073,-2.7153754223879716,-2.6480307857215575,0.0286656658115767,4.0,0.5
29,16,-4.0,-3.0,702,172,530,-2.765101310283687,-2.744251672771704,True,-0.02084963751198332,-2.7408998799273294,-2.69592942026131,-2.7708698745384073,-2.7153754223879716,-2.6480307857215575,-0.04972588789571564,2.0,-0.5
29,17,-3.0,-2.0,703,120,583,-2.5107110117412788,-2.744251672771704,True,0.23354066103042515,-2.7408998799273294,-2.69592942026131,-2.7708698745384073,-2.7153754223879716,-2.6480307857215575,0.20466441064669283,5.0,1.0
29,18,-2.0,-1.0,703,102,601,-2.7681024662097857,-2.744251672771704,True,-0.02385079343808183,-2.7408998799273294,-2.69592942026131,-2.7708698745384073,-2.7153754223879716,-2.6480307857215575,-0.052727043821814146,2.0,-0.5
29,19,-1.0,0.0,702,256,446,-2.6507235240359717,-2.744251672771704,True,0.09352814873573223,-2.7408998799273294,-2.69592942026131,-2.7708698745384073,-2.7153754223879716,-2.6480307857215575,0.06465189835199947,4.0,0.5
29,20,0.0,1.0,703,0,703,,-2.744251672771704,True,,-2.7408998799273294,-2.69592942026131,-2.7708698745384073,-2.7153754223879716,-2.6480307857215575,,,
29,21,1.0,2.0,702,191,511,-2.8284695420827415,-2.744251672771704,True,-0.08421786931103759,-2.7408998799273294,-2.69592942026131,-2.7708698745384073,-2.7153754223879716,-2.6480307857215575,-0.11309411969476946,1.0,-1.0
29,22,2.0,3.0,703,217,486,-2.597323753927368,-2.744251672771704,True,0.14692791884433598,-2.7408998799273294,-2.69592942026131,-2.7708698745384073,-2.7153754223879716,-2.6480307857215575,0.11805166846060366,5.0,1.0
29,23,3.0,4.0,702,195,507,-2.568908008553785,-2.744251672771704,True,0.1753436642179187,-2.7408998799273294,-2.69592942026131,-2.7708698745384073,-2.7153754223879716,-2.6480307857215575,0.14646741383418638,5.0,1.0
29,24,4.0,5.0,703,0,703,,-2.744251672771704,True,,-2.7408998799273294,-2.69592942026131,-2.7708698745384073,-2.7153754223879716,-2.6480307857215575,,,
29,25,5.0,6.0,703,142,561,-2.581041877645031,-2.744251672771704,True,0.1632097951266731,-2.7408998799273294,-2.69592942026131,-2.7708698745384073,-2.7153754223879716,-2.6480307857215575,0.1343335447429408,5.0,1.0
29,26,6.0,7.0,702,26,676,-2.8071223548426727,-2.744251672771704,True,-0.0628706820709688,-2.7408998799273294,-2.69592942026131,-2.7708698745384073,-2.7153754223879716,-2.6480307857215575,-0.09174693245470111,1.0,-1.0
29,27,7.0,8.0,703,90,613,-2.5953050788027805,-2.744251672771704,True,0.1489465939689234,-2.7408998799273294,-2.69592942026131,-2.7708698745384073,-2.7153754223879716,-2.6480307857215575,0.12007034358519109,5.0,1.0
29,28,8.0,9.0,702,135,567,-2.842398712442854,-2.744251672771704,True,-0.0981470396711499,-2.7408998799273294,-2.69592942026131,-2.7708698745384073,-2.7153754223879716,-2.6480307857215575,-0.12702329005488222,1.0,-1.0
29,29,9.0,10.0,703,93,610,-2.856627245127947,-2.744251672771704,True,-0.11237557235624296,-2.7408998799273294,-2.69592942026131,-2.7708698745384073,-2.7153754223879716,-2.6480307857215575,-0.14125182273997527,1.0,-1.0
29,30,10.0,11.0,702,166,536,-2.630215391234482,-2.744251672771704,True,0.114036281537222,-2.7408998799273294,-2.69592942026131,-2.7708698745384073,-2.7153754223879716,-2.6480307857215575,0.08516003115348969,5.0,1.0
29,31,11.0,12.0,703,172,531,-2.726994636539764,-2.744251672771704,True,0.01725703623193997,-2.7408998799273294,-2.69592942026131,-2.7708698745384073,-2.7153754223879716,-2.6480307857215575,-0.011619214151792345,3.0,0.0
29,32,12.0,13.0,703,236,467,-2.7991759834807985,-2.744251672771704,True,-0.05492431070909465,-2.7408998799273294,-2.69592942026131,-2.7708698745384073,-2.7153754223879716,-2.6480307857215575,-0.08380056109282696,1.0,-1.0
29,33,13.0,14.0,702,180,522,-2.5810819281776545,-2.744251672771704,True,0.16316974459404943,-2.7408998799273294,-2.69592942026131,-2.7708698745384073,-2.7153754223879716,-2.6480307857215575,0.1342934942103171,5.0,1.0
29,34,14.0,15.0,703,184,519,-2.638898813881792,-2.744251672771704,True,0.10535285888991197,-2.7408998799273294,-2.69592942026131,-2.7708698745384073,-2.7153754223879716,-2.6480307857215575,0.07647660850617966,5.0,1.0
29,35,15.0,16.0,702,158,544,-2.6637002825031435,-2.744251672771704,True,0.0805513902685604,-2.7408998799273294,-2.69592942026131,-2.7708698745384073,-2.7153754223879716,-2.6480307857215575,0.05167513988482808,4.0,0.5
29,36,16.0,17.0,703,0,703,,-2.744251672771704,True,,-2.7408998799273294,-2.69592942026131,-2.7708698745384073,-2.7153754223879716,-2.6480307857215575,,,
29,37,17.0,18.0,702,155,547,-2.5788080255955204,-2.744251672771704,True,0.16544364717618354,-2.7408998799273294,-2.69592942026131,-2.7708698745384073,-2.7153754223879716,-2.6480307857215575,0.13656739679245122,5.0,1.0
29,38,18.0,19.0,703,354,349,-2.8782253598799468,-2.744251672771704,True,-0.13397368710824287,-2.7408998799273294,-2.69592942026131,-2.7708698745384073,-2.7153754223879716,-2.6480307857215575,-0.16284993749197518,1.0,-1.0
29,39,19.0,20.0,703,243,460,-2.954677486013061,-2.744251672771704,True,-0.21042581324135723,-2.7408998799273294,-2.69592942026131,-2.7708698745384073,-2.7153754223879716,-2.6480307857215575,-0.23930206362508954,1.0,-1.0
30,0,-20.0,-19.0,702,152,550,-2.582804638866061,-2.6986988606890634,True,0.11589422182300257,-2.7027844109483654,-2.6955388944090277,-2.7329199466653513,-2.701408380152137,-2.6605446805778885,0.11860374128607631,5.0,1.0
30,1,-19.0,-18.0,703,170,533,-2.8047926929458065,-2.6986988606890634,True,-0.10609383225674307,-2.7027844109483654,-2.6955388944090277,-2.7329199466653513,-2.701408380152137,-2.6605446805778885,-0.10338431279366933,1.0,-1.0
30,2,-18.0,-17.0,702,0,702,,-2.6986988606890634,True,,-2.7027844109483654,-2.6955388944090277,-2.7329199466653513,-2.701408380152137,-2.6605446805778885,,,
30,3,-17.0,-16.0,703,130,573,-2.690027444510791,-2.6986988606890634,True,0.008671416178272384,-2.7027844109483654,-2.6955388944090277,-2.7329199466653513,-2.701408380152137,-2.6605446805778885,0.011380935641346124,4.0,0.5
30,4,-16.0,-15.0,703,183,520,-2.795904536944781,-2.6986988606890634,True,-0.09720567625571741,-2.7027844109483654,-2.6955388944090277,-2.7329199466653513,-2.701408380152137,-2.6605446805778885,-0.09449615679264367,1.0,-1.0
30,5,-15.0,-14.0,702,119,583,-2.7046852885997437,-2.6986988606890634,True,-0.00598642791068027,-2.7027844109483654,-2.6955388944090277,-2.7329199466653513,-2.701408380152137,-2.6605446805778885,-0.0032769084476069743,2.0,-0.5
30,6,-14.0,-13.0,703,173,530,-2.7029373032590573,-2.6986988606890634,True,-0.00423844256999395,-2.7027844109483654,-2.6955388944090277,-2.7329199466653513,-2.701408380152137,-2.6605446805778885,-0.0015289231069202103,2.0,-0.5
30,7,-13.0,-12.0,702,237,465,-2.623877023432117,-2.6986988606890634,True,0.07482183725694647,-2.7027844109483654,-2.6955388944090277,-2.7329199466653513,-2.701408380152137,-2.6605446805778885,0.0775313567200202,5.0,1.0
30,8,-12.0,-11.0,703,208,495,-2.748398486787958,-2.6986988606890634,True,-0.049699626098894445,-2.7027844109483654,-2.6955388944090277,-2.7329199466653513,-2.701408380152137,-2.6605446805778885,-0.046990106635820705,1.0,-1.0
30,9,-11.0,-10.0,702,239,463,-2.5509011975768923,-2.6986988606890634,True,0.14779766311217113,-2.7027844109483654,-2.6955388944090277,-2.7329199466653513,-2.701408380152137,-2.6605446805778885,0.15050718257524487,5.0,1.0
30,10,-10.0,-9.0,703,198,505,-2.800890769958655,-2.6986988606890634,True,-0.10219190926959154,-2.7027844109483654,-2.6955388944090277,-2.7329199466653513,-2.701408380152137,-2.6605446805778885,-0.0994823898065178,1.0,-1.0
30,11,-9.0,-8.0,703,167,536,-2.661867881425105,-2.6986988606890634,True,0.03683097926395851,-2.7027844109483654,-2.6955388944090277,-2.7329199466653513,-2.701408380152137,-2.6605446805778885,0.03954049872703225,4.0,0.5
30,12,-8.0,-7.0,702,132,570,-2.8590878843786682,-2.6986988606890634,True,-0.16038902368960484,-2.7027844109483654,-2.6955388944090277,-2.7329199466653513,-2.701408380152137,-2.6605446805778885,-0.15767950422653065,1.0,-1.0
30,13,-7.0,-6.0,703,130,573,-2.6948867293264596,-2.6986988606890634,True,0.0038121313626038322,-2.7027844109483654,-2.6955388944090277,-2.7329199466653513,-2.701408380152137,-2.6605446805778885,0.006521650825677128,4.0,0.5
30,14,-6.0,-5.0,702,156,546,-2.7122685353982234,-2.6986988606890634,True,-0.01356967470916004,-2.7027844109483654,-2.6955388944090277,-2.7329199466653513,-2.701408380152137,-2.6605446805778885,-0.0108601552460863,2.0,-0.5
30,15,-5.0,-4.0,703,270,433,-2.5960747877766996,-2.6986988606890634,True,0.10262407291236375,-2.7027844109483654,-2.6955388944090277,-2.7329199466653513,-2.701408380152137,-2.6605446805778885,0.10533359237543705,5.0,1.0
30,16,-4.0,-3.0,702,255,447,-2.7174414065427452,-2.6986988606890634,True,-0.018742545853681847,-2.7027844109483654,-2.6955388944090277,-2.7329199466653513,-2.701408380152137,-2.6605446805778885,-0.016033026390607663,2.0,-0.5
30,17,-3.0,-2.0,703,212,491,-2.6592214797306717,-2.6986988606890634,True,0.039477380958391706,-2.7027844109483654,-2.6955388944090277,-2.7329199466653513,-2.701408380152137,-2.6605446805778885,0.042186900421465,5.0,1.0
30,18,-2.0,-1.0,703,241,462,-2.701408380152137,-2.6986988606890634,True,-0.0027095194630737396,-2.7027844109483654,-2.6955388944090277,-2.7329199466653513,-2.701408380152137,-2.6605446805778885,0.0,3.0,0.0
30,19,-1.0,0.0,702,138,564,-2.667801885479625,-2.6986988606890634,True,0.03089697520943835,-2.7027844109483654,-2.6955388944090277,-2.7329199466653513,-2.701408380152137,-2.6605446805778885,0.03360649467251209,4.0,0.5
30,20,0.0,1.0,703,145,558,-2.8633880709038095,-2.6986988606890634,True,-0.16468921021474614,-2.7027844109483654,-2.6955388944090277,-2.7329199466653513,-2.701408380152137,-2.6605446805778885,-0.16197969075167196,1.0,-1.0
30,21,1.0,2.0,702,211,491,-2.657049115096378,-2.6986988606890634,True,0.04164974559268542,-2.7027844109483654,-2.6955388944090277,-2.7329199466653513,-2.701408380152137,-2.6605446805778885,0.044359265055759156,5.0,1.0
30,22,2.0,3.0,703,129,574,-2.585824269325419,-2.6986988606890634,True,0.11287459136364442,-2.7027844109483654,-2.6955388944090277,-2.7329199466653513,-2.701408380152137,-2.6605446805778885,0.11558411082671816,5.0,1.0
30,23,3.0,4.0,702,172,530,-2.737996024048544,-2.6986988606890634,True,-0.039297163359480525,-2.7027844109483654,-2.6955388944090277,-2.7329199466653513,-2.701408380152137,-2.6605446805778885,-0.036587643896406785,1.0,-1.0
30,24,4.0,5.0,703,259,444,-2.7207694978414336,-2.6986988606890634,True,-0.02207063715237023,-2.7027844109483654,-2.6955388944090277,-2.7329199466653513,-2.701408380152137,-2.6605446805778885,-0.019361117689296492,2.0,-0.5
30,25,5.0,6.0,703,212,491,-2.926354296366202,-2.6986988606890634,True,-0.22765543567713875,-2.7027844109483654,-2.6955388944090277,-2.7329199466653513,-2.701408380152137,-2.6605446805778885,-0.224945916214065,1.0,-1.0
30,26,6.0,7.0,702,130,572,-2.804319527102241,-2.6986988606890634,True,-0.10562066641317758,-2.7027844109483654,-2.6955388944090277,-2.7329199466653513,-2.701408380152137,-2.6605446805778885,-0.10291114695010384,1.0,-1.0
30,27,7.0,8.0,703,168,535,-2.652409348741041,-2.6986988606890634,True,0.046289511948022444,-2.7027844109483654,-2.6955388944090277,-2.7329199466653513,-2.701408380152137,-2.6605446805778885,0.04899903141109618,5.0,1.0
30,28,8.0,9.0,702,164,538,-2.6198181190351186,-2.6986988606890634,True,0.07888074165394476,-2.7027844109483654,-2.6955388944090277,-2.7329199466653513,-2.701408380152137,-2.6605446805778885,0.08159026111701895,5.0,1.0
30,29,9.0,10.0,703,245,458,-2.5997174068211493,-2.6986988606890634,True,0.09898145386791413,-2.7027844109483654,-2.6955388944090277,-2.7329199466653513,-2.701408380152137,-2.6605446805778885,0.10169097333098787,5.0,1.0
30,30,10.0,11.0,702,257,445,-2.555765460520921,-2.6986988606890634,True,0.14293340016814238,-2.7027844109483654,-2.6955388944090277,-2.7329199466653513,-2.701408380152137,-2.6605446805778885,0.14564291963121612,5.0,1.0
30,31,11.0,12.0,703,157,546,-2.7124906359875314,-2.6986988606890634,True,-0.013791775298467979,-2.7027844109483654,-2.6955388944090277,-2.7329199466653513,-2.701408380152137,-2.6605446805778885,-0.011082255835394683,2.0,-0.5
30,32,12.0,13.0,703,149,554,-2.6656486759485207,-2.6986988606890634,True,0.033050184740542665,-2.7027844109483654,-2.6955388944090277,-2.7329199466653513,-2.701408380152137,-2.6605446805778885,0.035759704203616405,4.0,0.5
30,33,13.0,14.0,702,143,559,-2.550540159521802,-2.6986988606890634,True,0.1481587011672616,-2.7027844109483654,-2.6955388944090277,-2.7329199466653513,-2.701408380152137,-2.6605446805778885,0.15086822063033534,5.0,1.0
30,34,14.0,15.0,703,118,585,-2.8259774468734196,-2.6986988606890634,True,-0.12727858618435617,-2.7027844109483654,-2.6955388944090277,-2.7329199466653513,-2.701408380152137,-2.6605446805778885,-0.12456906672128287,1.0,-1.0
30,35,15.0,16.0,702,132,570,-2.80416277722063,-2.6986988606890634,True,-0.1054639165315665,-2.7027844109483654,-2.6955388944090277,-2.7329199466653513,-2.701408380152137,-2.6605446805778885,-0.10275439706849276,1.0,-1.0
30,36,16.0,17.0,703,181,522,-2.7258756243032534,-2.6986988606890634,True,-0.02717676361418997,-2.7027844109483654,-2.6955388944090277,-2.7329199466653513,-2.701408380152137,-2.6605446805778885,-0.02446724415111623,2.0,-0.5
30,37,17.0,18.0,702,222,480,-2.6976345882528063,-2.6986988606890634,True,0.0010642724362570632,-2.7027844109483654,-2.6955388944090277,-2.7329199466653513,-2.701408380152137,-2.6605446805778885,0.003773791899330803,3.0,0.0
30,38,18.0,19.0,703,245,458,-2.5597651072245675,-2.6986988606890634,True,0.13893375346449588,-2.7027844109483654,-2.6955388944090277,-2.7329199466653513,-2.701408380152137,-2.6605446805778885,0.14164327292756962,5.0,1.0
30,39,19.0,20.0,703,66,637,-2.6093199297965013,-2.6986988606890634,True,0.0893789308925621,-2.7027844109483654,-2.6955388944090277,-2.7329199466653513,-2.701408380152137,-2.6605446805778885,0.09208845035563584,5.0,1.0
31,0,-20.0,-19.0,702,119,583,-2.482279465491763,-2.6494458773815666,True,0.16716641188980352,-2.6595212553874488,-2.6371359421235434,-2.686500419998392,-2.6502531244796943,-2.582894643592152,0.16797365898793126,5.0,1.0
31,1,-19.0,-18.0,703,215,488,-2.5777374921892435,-2.6494458773815666,True,0.07170838519232303,-2.6595212553874488,-2.6371359421235434,-2.686500419998392,-2.6502531244796943,-2.582894643592152,0.07251563229045077,5.0,1.0
31,2,-18.0,-17.0,703,179,524,-2.6438405313082356,-2.6494458773815666,True,0.0056053460733309635,-2.6595212553874488,-2.6371359421235434,-2.686500419998392,-2.6502531244796943,-2.582894643592152,0.0064125931714582585,3.0,0.0
31,3,-17.0,-16.0,702,208,494,-2.6566657176511517,-2.6494458773815666,True,-0.007219840269585109,-2.6595212553874488,-2.6371359421235434,-2.686500419998392,-2.6502531244796943,-2.582894643592152,-0.006412593171457814,3.0,0.0
31,4,-16.0,-15.0,703,0,703,,-2.6494458773815666,True,,-2.6595212553874488,-2.6371359421235434,-2.686500419998392,-2.6502531244796943,-2.582894643592152,,,
31,5,-15.0,-14.0,702,132,570,-2.6686943358519417,-2.6494458773815666,True,-0.01924845847037515,-2.6595212553874488,-2.6371359421235434,-2.686500419998392,-2.6502531244796943,-2.582894643592152,-0.018441211372247412,2.0,-0.5
31,6,-14.0,-13.0,703,141,562,-2.7313122464916213,-2.6494458773815666,True,-0.08186636911005474,-2.6595212553874488,-2.6371359421235434,-2.686500419998392,-2.6502531244796943,-2.582894643592152,-0.081059122011927,1.0,-1.0
31,7,-13.0,-12.0,702,197,505,-2.713125480926892,-2.6494458773815666,True,-0.06367960354532531,-2.6595212553874488,-2.6371359421235434,-2.686500419998392,-2.6502531244796943,-2.582894643592152,-0.06287235644719757,1.0,-1.0
31,8,-12.0,-11.0,703,156,547,-2.668087868596338,-2.6494458773815666,True,-0.01864199121477128,-2.6595212553874488,-2.6371359421235434,-2.686500419998392,-2.6502531244796943,-2.582894643592152,-0.01783474411664354,2.0,-0.5
31,9,-11.0,-10.0,703,212,491,-2.5846136940597884,-2.6494458773815666,True,0.0648321833217782,-2.6595212553874488,-2.6371359421235434,-2.686500419998392,-2.6502531244796943,-2.582894643592152,0.06563943041990594,4.0,0.5
31,10,-10.0,-9.0,702,173,529,-2.562954672812785,-2.6494458773815666,True,0.08649120456878157,-2.6595212553874488,-2.6371359421235434,-2.686500419998392,-2.6502531244796943,-2.582894643592152,0.0872984516669093,5.0,1.0
31,11,-9.0,-8.0,703,211,492,-2.585572358109728,-2.6494458773815666,True,0.06387351927183849,-2.6595212553874488,-2.6371359421235434,-2.686500419998392,-2.6502531244796943,-2.582894643592152,0.06468076636996622,4.0,0.5
31,12,-8.0,-7.0,702,181,521,-2.6776253996888917,-2.6494458773815666,True,-0.028179522307325122,-2.6595212553874488,-2.6371359421235434,-2.686500419998392,-2.6502531244796943,-2.582894643592152,-0.027372275209197827,2.0,-0.5
31,13,-7.0,-6.0,703,524,179,-2.52233065222895,-2.6494458773815666,True,0.12711522515261642,-2.6595212553874488,-2.6371359421235434,-2.686500419998392,-2.6502531244796943,-2.582894643592152,0.12792247225074416,5.0,1.0
31,14,-6.0,-5.0,702,391,311,-2.617022174569465,-2.6494458773815666,True,0.032423702812101496,-2.6595212553874488,-2.6371359421235434,-2.686500419998392,-2.6502531244796943,-2.582894643592152,0.033230949910229235,4.0,0.5
31,15,-5.0,-4.0,703,224,479,-2.7704329392180824,-2.6494458773815666,True,-0.12098706183651586,-2.6595212553874488,-2.6371359421235434,-2.686500419998392,-2.6502531244796943,-2.582894643592152,-0.12017981473838812,1.0,-1.0
31,16,-4.0,-3.0,703,0,703,,-2.6494458773815666,True,,-2.6595212553874488,-2.6371359421235434,-2.686500419998392,-2.6502531244796943,-2.582894643592152,,,
31,17,-3.0,-2.0,702,49,653,-2.928839008910187,-2.6494458773815666,True,-0.2793931315286202,-2.6595212553874488,-2.6371359421235434,-2.686500419998392,-2.6502531244796943,-2.582894643592152,-0.2785858844304925,1.0,-1.0
31,18,-2.0,-1.0,703,0,703,,-2.6494458773815666,True,,-2.6595212553874488,-2.6371359421235434,-2.686500419998392,-2.6502531244796943,-2.582894643592152,,,
31,19,-1.0,0.0,702,0,702,,-2.6494458773815666,True,,-2.6595212553874488,-2.6371359421235434,-2.686500419998392,-2.6502531244796943,-2.582894643592152,,,
31,20,0.0,1.0,703,0,703,,-2.6494458773815666,True,,-2.6595212553874488,-2.6371359421235434,-2.686500419998392,-2.6502531244796943,-2.582894643592152,,,
31,21,1.0,2.0,702,0,702,,-2.6494458773815666,True,,-2.6595212553874488,-2.6371359421235434,-2.686500419998392,-2.6502531244796943,-2.582894643592152,,,
31,22,2.0,3.0,703,0,703,,-2.6494458773815666,True,,-2.6595212553874488,-2.6371359421235434,-2.686500419998392,-2.6502531244796943,-2.582894643592152,,,
31,23,3.0,4.0,703,0,703,,-2.6494458773815666,True,,-2.6595212553874488,-2.6371359421235434,-2.686500419998392,-2.6502531244796943,-2.582894643592152,,,
31,24,4.0,5.0,702,0,702,,-2.6494458773815666,True,,-2.6595212553874488,-2.6371359421235434,-2.686500419998392,-2.6502531244796943,-2.582894643592152,,,
31,25,5.0,6.0,703,0,703,,-2.6494458773815666,True,,-2.6595212553874488,-2.6371359421235434,-2.686500419998392,-2.6502531244796943,-2.582894643592152,,,
31,26,6.0,7.0,702,0,702,,-2.6494458773815666,True,,-2.6595212553874488,-2.6371359421235434,-2.686500419998392,-2.6502531244796943,-2.582894643592152,,,
31,27,7.0,8.0,703,0,703,,-2.6494458773815666,True,,-2.6595212553874488,-2.6371359421235434,-2.686500419998392,-2.6502531244796943,-2.582894643592152,,,
31,28,8.0,9.0,702,0,702,,-2.6494458773815666,True,,-2.6595212553874488,-2.6371359421235434,-2.686500419998392,-2.6502531244796943,-2.582894643592152,,,
31,29,9.0,10.0,703,191,512,-2.5878816132525735,-2.6494458773815666,True,0.061564264128993074,-2.6595212553874488,-2.6371359421235434,-2.686500419998392,-2.6502531244796943,-2.582894643592152,0.06237151122712126,4.0,0.5
31,30,10.0,11.0,703,97,606,-2.481625095427461,-2.6494458773815666,True,0.16782078195410577,-2.6595212553874488,-2.6371359421235434,-2.686500419998392,-2.6502531244796943,-2.582894643592152,0.1686280290522335,5.0,1.0
31,31,11.0,12.0,702,179,523,-2.4742112390301783,-2.6494458773815666,True,0.1752346383513883,-2.6595212553874488,-2.6371359421235434,-2.686500419998392,-2.6502531244796943,-2.582894643592152,0.17604188544951604,5.0,1.0
31,32,12.0,13.0,703,0,703,,-2.6494458773815666,True,,-2.6595212553874488,-2.6371359421235434,-2.686500419998392,-2.6502531244796943,-2.582894643592152,,,
31,33,13.0,14.0,702,71,631,-2.549618292064021,-2.6494458773815666,True,0.09982758531754543,-2.6595212553874488,-2.6371359421235434,-2.686500419998392,-2.6502531244796943,-2.582894643592152,0.10063483241567317,5.0,1.0
31,34,14.0,15.0,703,111,592,-2.464928187011744,-2.6494458773815666,True,0.18451769036982268,-2.6595212553874488,-2.6371359421235434,-2.686500419998392,-2.6502531244796943,-2.582894643592152,0.18532493746795042,5.0,1.0
31,35,15.0,16.0,702,0,702,,-2.6494458773815666,True,,-2.6595212553874488,-2.6371359421235434,-2.686500419998392,-2.6502531244796943,-2.582894643592152,,,
31,36,16.0,17.0,703,111,592,-2.8074087653490793,-2.6494458773815666,True,-0.1579628879675128,-2.6595212553874488,-2.6371359421235434,-2.686500419998392,-2.6502531244796943,-2.582894643592152,-0.1571556408693855,1.0,-1.0
31,37,17.0,18.0,703,137,566,-2.8959944533161575,-2.6494458773815666,True,-0.2465485759345909,-2.6595212553874488,-2.6371359421235434,-2.686500419998392,-2.6502531244796943,-2.582894643592152,-0.2457413288364627,1.0,-1.0
31,38,18.0,19.0,702,137,565,-2.5803783996601592,-2.6494458773815666,True,0.06906747772140731,-2.6595212553874488,-2.6371359421235434,-2.686500419998392,-2.6502531244796943,-2.582894643592152,0.06987472481953505,5.0,1.0
31,39,19.0,20.0,703,84,619,-2.7013759863319113,-2.6494458773815666,True,-0.05193010895034478,-2.6595212553874488,-2.6371359421235434,-2.686500419998392,-2.6502531244796943,-2.582894643592152,-0.05112286185221748,1.0,-1.0
32,0,-20.0,-19.0,702,0,702,,-2.7146216951333204,True,,-2.713516291756278,-2.6982557066560586,-2.749896095983304,-2.7124828935003,-2.6605783439585293,,,
32,1,-19.0,-18.0,703,0,703,,-2.7146216951333204,True,,-2.713516291756278,-2.6982557066560586,-2.749896095983304,-2.7124828935003,-2.6605783439585293,,,
32,2,-18.0,-17.0,702,0,702,,-2.7146216951333204,True,,-2.713516291756278,-2.6982557066560586,-2.749896095983304,-2.7124828935003,-2.6605783439585293,,,
32,3,-17.0,-16.0,703,114,589,-2.6845567200690663,-2.7146216951333204,True,0.030064975064254096,-2.713516291756278,-2.6982557066560586,-2.749896095983304,-2.7124828935003,-2.6605783439585293,0.027926173431233714,4.0,0.5
32,4,-16.0,-15.0,703,247,456,-2.7440060862139712,-2.7146216951333204,True,-0.02938439108065083,-2.713516291756278,-2.6982557066560586,-2.749896095983304,-2.7124828935003,-2.6605783439585293,-0.03152319271367121,2.0,-0.5
32,5,-15.0,-14.0,702,45,657,-3.0689743157625746,-2.7146216951333204,True,-0.3543526206292542,-2.713516291756278,-2.6982557066560586,-2.749896095983304,-2.7124828935003,-2.6605783439585293,-0.35649142226227415,1.0,-1.0
32,6,-14.0,-13.0,703,283,420,-2.7298936629084185,-2.7146216951333204,True,-0.015271967775098094,-2.713516291756278,-2.6982557066560586,-2.749896095983304,-2.7124828935003,-2.6605783439585293,-0.017410769408118476,2.0,-0.5
32,7,-13.0,-12.0,702,122,580,-2.6605783439585293,-2.7146216951333204,True,0.05404335117479109,-2.713516291756278,-2.6982557066560586,-2.749896095983304,-2.7124828935003,-2.6605783439585293,0.051904549541770706,5.0,1.0
32,8,-12.0,-11.0,703,192,511,-2.5578505377674756,-2.7146216951333204,True,0.1567711573658448,-2.713516291756278,-2.6982557066560586,-2.749896095983304,-2.7124828935003,-2.6605783439585293,0.15463235573282397,5.0,1.0
32,9,-11.0,-10.0,702,161,541,-2.755317503508823,-2.7146216951333204,True,-0.04069580837550246,-2.713516291756278,-2.6982557066560586,-2.749896095983304,-2.7124828935003,-2.6605783439585293,-0.042834610008522844,1.0,-1.0
32,10,-10.0,-9.0,703,173,530,-2.665468346740372,-2.7146216951333204,True,0.04915334839294827,-2.713516291756278,-2.6982557066560586,-2.749896095983304,-2.7124828935003,-2.6605783439585293,0.04701454675992789,4.0,0.5
32,11,-9.0,-8.0,703,174,529,-2.57730660776936,-2.7146216951333204,True,0.1373150873639606,-2.713516291756278,-2.6982557066560586,-2.749896095983304,-2.7124828935003,-2.6605783439585293,0.1351762857309402,5.0,1.0
32,12,-8.0,-7.0,702,266,436,-2.7124828935003,-2.7146216951333204,True,0.002138801633020382,-2.713516291756278,-2.6982557066560586,-2.749896095983304,-2.7124828935003,-2.6605783439585293,0.0,3.0,0.0
32,13,-7.0,-6.0,703,132,571,-2.749896095983304,-2.7146216951333204,True,-0.03527440084998368,-2.713516291756278,-2.6982557066560586,-2.749896095983304,-2.7124828935003,-2.6605783439585293,-0.03741320248300406,2.0,-0.5
32,14,-6.0,-5.0,702,127,575,-2.578294929360293,-2.7146216951333204,True,0.1363267657730276,-2.713516291756278,-2.6982557066560586,-2.749896095983304,-2.7124828935003,-2.6605783439585293,0.13418796414000722,5.0,1.0
32,15,-5.0,-4.0,703,81,622,-2.902603026838861,-2.7146216951333204,True,-0.18798133170554054,-2.713516291756278,-2.6982557066560586,-2.749896095983304,-2.7124828935003,-2.6605783439585293,-0.19012013333856093,1.0,-1.0
32,16,-4.0,-3.0,702,125,577,-2.5656266021250276,-2.7146216951333204,True,0.14899509300829283,-2.713516291756278,-2.6982557066560586,-2.749896095983304,-2.7124828935003,-2.6605783439585293,0.146856291375272,5.0,1.0
32,17,-3.0,-2.0,703,157,546,-2.7872395934947947,-2.7146216951333204,True,-0.07261789836147425,-2.713516291756278,-2.6982557066560586,-2.749896095983304,-2.7124828935003,-2.6605783439585293,-0.07475669999449464,1.0,-1.0
32,18,-2.0,-1.0,703,198,505,-2.713774641320273,-2.7146216951333204,True,0.0008470538130476157,-2.713516291756278,-2.6982557066560586,-2.749896095983304,-2.7124828935003,-2.6605783439585293,-0.0012917478199727661,2.0,-0.5
32,19,-1.0,0.0,702,172,530,-2.6946989099449983,-2.7146216951333204,True,0.019922785188322134,-2.713516291756278,-2.6982557066560586,-2.749896095983304,-2.7124828935003,-2.6605783439585293,0.017783983555301752,4.0,0.5
32,20,0.0,1.0,703,0,703,,-2.7146216951333204,True,,-2.713516291756278,-2.6982557066560586,-2.749896095983304,-2.7124828935003,-2.6605783439585293,,,
32,21,1.0,2.0,702,115,587,-2.8327064574030447,-2.7146216951333204,True,-0.11808476226972431,-2.713516291756278,-2.6982557066560586,-2.749896095983304,-2.7124828935003,-2.6605783439585293,-0.12022356390274469,1.0,-1.0
32,22,2.0,3.0,703,212,491,-2.686262950934952,-2.7146216951333204,True,0.02835874419836859,-2.713516291756278,-2.6982557066560586,-2.749896095983304,-2.7124828935003,-2.6605783439585293,0.02621994256534821,4.0,0.5
32,23,3.0,4.0,702,173,529,-2.589786453104022,-2.7146216951333204,True,0.12483524202929841,-2.713516291756278,-2.6982557066560586,-2.749896095983304,-2.7124828935003,-2.6605783439585293,0.12269644039627803,5.0,1.0
32,24,4.0,5.0,703,161,542,-2.666299953977749,-2.7146216951333204,True,0.048321741155571196,-2.713516291756278,-2.6982557066560586,-2.749896095983304,-2.7124828935003,-2.6605783439585293,0.046182939522550814,4.0,0.5
32,25,5.0,6.0,703,155,548,-2.581697728087219,-2.7146216951333204,True,0.13292396704610132,-2.713516291756278,-2.6982557066560586,-2.749896095983304,-2.7124828935003,-2.6605783439585293,0.13078516541308094,5.0,1.0
32,26,6.0,7.0,702,0,702,,-2.7146216951333204,True,,-2.713516291756278,-2.6982557066560586,-2.749896095983304,-2.7124828935003,-2.6605783439585293,,,
32,27,7.0,8.0,703,186,517,-2.7898242096182484,-2.7146216951333204,True,-0.07520251448492798,-2.713516291756278,-2.6982557066560586,-2.749896095983304,-2.7124828935003,-2.6605783439585293,-0.07734131611794837,1.0,-1.0
32,28,8.0,9.0,702,169,533,-2.7457621922784208,-2.7146216951333204,True,-0.031140497145100365,-2.713516291756278,-2.6982557066560586,-2.749896095983304,-2.7124828935003,-2.6605783439585293,-0.03327929877812075,2.0,-0.5
32,29,9.0,10.0,703,192,511,-2.5586609221123013,-2.7146216951333204,True,0.15596077302101907,-2.713516291756278,-2.6982557066560586,-2.749896095983304,-2.7124828935003,-2.6605783439585293,0.1538219713879987,5.0,1.0
32,30,10.0,11.0,702,190,512,-2.6793926008191846,-2.7146216951333204,True,0.03522909431413579,-2.713516291756278,-2.6982557066560586,-2.749896095983304,-2.7124828935003,-2.6605783439585293,0.03309029268111541,4.0,0.5
32,31,11.0,12.0,703,484,219,-2.888165068456024,-2.7146216951333204,True,-0.17354337332270342,-2.713516291756278,-2.6982557066560586,-2.749896095983304,-2.7124828935003,-2.6605783439585293,-0.1756821749557238,1.0,-1.0
32,32,12.0,13.0,703,577,126,-2.549265505787495,-2.7146216951333204,True,0.1653561893458253,-2.713516291756278,-2.6982557066560586,-2.749896095983304,-2.7124828935003,-2.6605783439585293,0.16321738771280492,5.0,1.0
32,33,13.0,14.0,702,329,373,-2.5248859411194413,-2.7146216951333204,True,0.1897357540138791,-2.713516291756278,-2.6982557066560586,-2.749896095983304,-2.7124828935003,-2.6605783439585293,0.18759695238085872,5.0,1.0
32,34,14.0,15.0,703,80,623,-2.5407073875941326,-2.7146216951333204,True,0.1739143075391878,-2.713516291756278,-2.6982557066560586,-2.749896095983304,-2.7124828935003,-2.6605783439585293,0.17177550590616741,5.0,1.0
32,35,15.0,16.0,702,0,702,,-2.7146216951333204,True,,-2.713516291756278,-2.6982557066560586,-2.749896095983304,-2.7124828935003,-2.6605783439585293,,,
32,36,16.0,17.0,703,0,703,,-2.7146216951333204,True,,-2.713516291756278,-2.6982557066560586,-2.749896095983304,-2.7124828935003,-2.6605783439585293,,,
32,37,17.0,18.0,702,0,702,,-2.7146216951333204,True,,-2.713516291756278,-2.6982557066560586,-2.749896095983304,-2.7124828935003,-2.6605783439585293,,,
32,38,18.0,19.0,703,0,703,,-2.7146216951333204,True,,-2.713516291756278,-2.6982557066560586,-2.749896095983304,-2.7124828935003,-2.6605783439585293,,,
32,39,19.0,20.0,703,0,703,,-2.7146216951333204,True,,-2.713516291756278,-2.6982557066560586,-2.749896095983304,-2.7124828935003,-2.6605783439585293,,,
33,0,-20.0,-19.0,703,177,526,-2.5484155550519083,-2.5688258031446383,True,0.020410248092729955,-2.5650674031028657,-2.542679393872248,-2.6141415529160037,-2.5491572000628553,-2.5004730597826663,0.0007416450109469785,3.0,0.0
33,1,-19.0,-18.0,702,247,455,-2.5900150129502855,-2.5688258031446383,True,-0.021189209805647202,-2.5650674031028657,-2.542679393872248,-2.6141415529160037,-2.5491572000628553,-2.5004730597826663,-0.040857812887429734,2.0,-0.5
33,2,-18.0,-17.0,703,319,384,-2.66540484096651,-2.5688258031446383,True,-0.0965790378218716,-2.5650674031028657,-2.542679393872248,-2.6141415529160037,-2.5491572000628553,-2.5004730597826663,-0.11624764090365458,1.0,-1.0
33,3,-17.0,-16.0,702,192,510,-2.583606751805054,-2.5688258031446383,True,-0.014780948660415572,-2.5650674031028657,-2.542679393872248,-2.6141415529160037,-2.5491572000628553,-2.5004730597826663,-0.03444955174219855,2.0,-0.5
33,4,-16.0,-15.0,703,180,523,-2.6168161227007287,-2.5688258031446383,True,-0.047990319556090455,-2.5650674031028657,-2.542679393872248,-2.6141415529160037,-2.5491572000628553,-2.5004730597826663,-0.06765892263787343,1.0,-1.0
33,5,-15.0,-14.0,702,206,496,-2.4158838959375837,-2.5688258031446383,True,0.15294190720705458,-2.5650674031028657,-2.542679393872248,-2.6141415529160037,-2.5491572000628553,-2.5004730597826663,0.13327330412527116,5.0,1.0
33,6,-14.0,-13.0,703,205,498,-2.535668530208218,-2.5688258031446383,True,0.033157272936420235,-2.5650674031028657,-2.542679393872248,-2.6141415529160037,-2.5491572000628553,-2.5004730597826663,0.013488669854637259,4.0,0.5
33,7,-13.0,-12.0,702,235,467,-2.6121424942576312,-2.5688258031446383,True,-0.04331669111299297,-2.5650674031028657,-2.542679393872248,-2.6141415529160037,-2.5491572000628553,-2.5004730597826663,-0.06298529419477594,2.0,-0.5
33,8,-12.0,-11.0,703,273,430,-2.4735607913895232,-2.5688258031446383,True,0.09526501175511504,-2.5650674031028657,-2.542679393872248,-2.6141415529160037,-2.5491572000628553,-2.5004730597826663,0.07559640867333206,5.0,1.0
33,9,-11.0,-10.0,703,142,561,-2.5349473988414197,-2.5688258031446383,True,0.033878404303218534,-2.5650674031028657,-2.542679393872248,-2.6141415529160037,-2.5491572000628553,-2.5004730597826663,0.014209801221435114,4.0,0.5
33,10,-10.0,-9.0,702,122,580,-2.4349179738031252,-2.5688258031446383,True,0.13390782934151302,-2.5650674031028657,-2.542679393872248,-2.6141415529160037,-2.5491572000628553,-2.5004730597826663,0.11423922625973049,5.0,1.0
33,11,-9.0,-8.0,703,205,498,-2.661696528452982,-2.5688258031446383,True,-0.09287072530834362,-2.5650674031028657,-2.542679393872248,-2.6141415529160037,-2.5491572000628553,-2.5004730597826663,-0.11253932839012659,1.0,-1.0
33,12,-8.0,-7.0,702,196,506,-2.5016543106236293,-2.5688258031446383,True,0.06717149252100896,-2.5650674031028657,-2.542679393872248,-2.6141415529160037,-2.5491572000628553,-2.5004730597826663,0.04750288943922598,4.0,0.5
33,13,-7.0,-6.0,703,179,524,-2.489822628668698,-2.5688258031446383,True,0.07900317447594007,-2.5650674031028657,-2.542679393872248,-2.6141415529160037,-2.5491572000628553,-2.5004730597826663,0.0593345713941571,5.0,1.0
33,14,-6.0,-5.0,702,208,494,-2.513685162711056,-2.5688258031446383,True,0.055140640433582355,-2.5650674031028657,-2.542679393872248,-2.6141415529160037,-2.5491572000628553,-2.5004730597826663,0.03547203735179938,4.0,0.5
33,15,-5.0,-4.0,703,195,508,-2.4969293072597774,-2.5688258031446383,True,0.07189649588486091,-2.5650674031028657,-2.542679393872248,-2.6141415529160037,-2.5491572000628553,-2.5004730597826663,0.052227892803077935,5.0,1.0
33,16,-4.0,-3.0,703,259,444,-2.5498988450738027,-2.5688258031446383,True,0.018926958070835553,-2.5650674031028657,-2.542679393872248,-2.6141415529160037,-2.5491572000628553,-2.5004730597826663,-0.0007416450109474226,3.0,0.0
33,17,-3.0,-2.0,702,168,534,-2.6132500296544294,-2.5688258031446383,True,-0.044424226509791165,-2.5650674031028657,-2.542679393872248,-2.6141415529160037,-2.5491572000628553,-2.5004730597826663,-0.0640928295915737,2.0,-0.5
33,18,-2.0,-1.0,703,85,618,-2.8400777441745553,-2.5688258031446383,True,-0.271251941029917,-2.5650674031028657,-2.542679393872248,-2.6141415529160037,-2.5491572000628553,-2.5004730597826663,-0.29092054411170043,1.0,-1.0
33,19,-1.0,0.0,702,127,575,-2.69812213836184,-2.5688258031446383,True,-0.12929633521720163,-2.5650674031028657,-2.542679393872248,-2.6141415529160037,-2.5491572000628553,-2.5004730597826663,-0.1489649382989846,1.0,-1.0
33,20,0.0,1.0,703,141,562,-2.5726537170322477,-2.5688258031446383,True,-0.003827913887609391,-2.5650674031028657,-2.542679393872248,-2.6141415529160037,-2.5491572000628553,-2.5004730597826663,-0.02349651696939281,2.0,-0.5
33,21,1.0,2.0,702,120,582,-2.854167941932158,-2.5688258031446383,True,-0.2853421387875197,-2.5650674031028657,-2.542679393872248,-2.6141415529160037,-2.5491572000628553,-2.5004730597826663,-0.30501074186930266,1.0,-1.0
33,22,2.0,3.0,703,155,548,-2.5301683961984023,-2.5688258031446383,True,0.038657406946235984,-2.5650674031028657,-2.542679393872248,-2.6141415529160037,-2.5491572000628553,-2.5004730597826663,0.018988803864453008,4.0,0.5
33,23,3.0,4.0,703,272,431,-2.5794251153541423,-2.5688258031446383,True,-0.010599312209504053,-2.5650674031028657,-2.542679393872248,-2.6141415529160037,-2.5491572000628553,-2.5004730597826663,-0.03026791529128703,2.0,-0.5
33,24,4.0,5.0,702,228,474,-2.517997515312853,-2.5688258031446383,True,0.05082828783178517,-2.5650674031028657,-2.542679393872248,-2.6141415529160037,-2.5491572000628553,-2.5004730597826663,0.031159684750002192,4.0,0.5
33,25,5.0,6.0,703,205,498,-2.5329540606213534,-2.5688258031446383,True,0.035871742523284844,-2.5650674031028657,-2.542679393872248,-2.6141415529160037,-2.5491572000628553,-2.5004730597826663,0.016203139441501868,4.0,0.5
33,26,6.0,7.0,702,173,529,-2.5528640391406765,-2.5688258031446383,True,0.015961764003961765,-2.5650674031028657,-2.542679393872248,-2.6141415529160037,-2.5491572000628553,-2.5004730597826663,-0.0037068390778212112,3.0,0.0
33,27,7.0,8.0,703,8,695,-3.3256820537446483,-2.5688258031446383,True,-0.75685625060001,-2.5650674031028657,-2.542679393872248,-2.6141415529160037,-2.5491572000628553,-2.5004730597826663,-0.776524853681793,1.0,-1.0
33,28,8.0,9.0,702,186,516,-2.553272928303443,-2.5688258031446383,True,0.015552874841195052,-2.5650674031028657,-2.542679393872248,-2.6141415529160037,-2.5491572000628553,-2.5004730597826663,-0.004115728240587924,3.0,0.0
33,29,9.0,10.0,703,152,551,-2.617219710988823,-2.5688258031446383,True,-0.048393907844184625,-2.5650674031028657,-2.542679393872248,-2.6141415529160037,-2.5491572000628553,-2.5004730597826663,-0.0680625109259676,1.0,-1.0
33,30,10.0,11.0,703,211,492,-2.810563291079598,-2.5688258031446383,True,-0.24173748793495964,-2.5650674031028657,-2.542679393872248,-2.6141415529160037,-2.5491572000628553,-2.5004730597826663,-0.2614060910167426,1.0,-1.0
33,31,11.0,12.0,702,221,481,-2.552987930305352,-2.5688258031446383,True,0.01583787283928606,-2.5650674031028657,-2.542679393872248,-2.6141415529160037,-2.5491572000628553,-2.5004730597826663,-0.003830730242496916,3.0,0.0
33,32,12.0,13.0,703,160,543,-2.778470039610304,-2.5688258031446383,True,-0.20964423646566566,-2.5650674031028657,-2.542679393872248,-2.6141415529160037,-2.5491572000628553,-2.5004730597826663,-0.22931283954744863,1.0,-1.0
33,33,13.0,14.0,702,147,555,-2.7141864172930497,-2.5688258031446383,True,-0.1453606141484114,-2.5650674031028657,-2.542679393872248,-2.6141415529160037,-2.5491572000628553,-2.5004730597826663,-0.16502921723019437,1.0,-1.0
33,34,14.0,15.0,703,147,556,-2.7170394025132283,-2.5688258031446383,True,-0.14821359936859002,-2.5650674031028657,-2.542679393872248,-2.6141415529160037,-2.5491572000628553,-2.5004730597826663,-0.167882202450373,1.0,-1.0
33,35,15.0,16.0,702,184,518,-2.7018814724649944,-2.5688258031446383,True,-0.13305566932035617,-2.5650674031028657,-2.542679393872248,-2.6141415529160037,-2.5491572000628553,-2.5004730597826663,-0.15272427240213915,1.0,-1.0
33,36,16.0,17.0,703,223,480,-2.5026066148793733,-2.5688258031446383,True,0.06621918826526496,-2.5650674031028657,-2.542679393872248,-2.6141415529160037,-2.5491572000628553,-2.5004730597826663,0.046550585183481985,4.0,0.5
33,37,17.0,18.0,703,215,488,-2.6575231345103654,-2.5688258031446383,True,-0.0886973313657271,-2.5650674031028657,-2.542679393872248,-2.6141415529160037,-2.5491572000628553,-2.5004730597826663,-0.10836593444751008,1.0,-1.0
33,38,18.0,19.0,702,186,516,-2.615996203609274,-2.5688258031446383,True,-0.04717040046463561,-2.5650674031028657,-2.542679393872248,-2.6141415529160037,-2.5491572000628553,-2.5004730597826663,-0.06683900354641858,1.0,-1.0
33,39,19.0,20.0,703,134,569,-2.549857980065441,-2.5688258031446383,True,0.0189678230791972,-2.5650674031028657,-2.542679393872248,-2.6141415529160037,-2.5491572000628553,-2.5004730597826663,-0.0007007800025857769,3.0,0.0
34,0,-20.0,-19.0,702,231,471,-2.660246135948078,-2.637386317873895,True,-0.022859818074183025,-2.6135264130782967,-2.5970746063263364,-2.7021382080946426,-2.6077949748758527,-2.5619226311414405,-0.05245116107222536,2.0,-0.5
34,1,-19.0,-18.0,703,85,618,-2.8400777441745553,-2.637386317873895,True,-0.20269142630066028,-2.6135264130782967,-2.5970746063263364,-2.7021382080946426,-2.6077949748758527,-2.5619226311414405,-0.23228276929870306,1.0,-1.0
34,2,-18.0,-17.0,702,127,575,-2.69812213836184,-2.637386317873895,True,-0.0607358204879449,-2.6135264130782967,-2.5970746063263364,-2.7021382080946426,-2.6077949748758527,-2.5619226311414405,-0.09032716348598724,2.0,-0.5
34,3,-17.0,-16.0,703,141,562,-2.5726537170322477,-2.637386317873895,True,0.06473260084164734,-2.6135264130782967,-2.5970746063263364,-2.7021382080946426,-2.6077949748758527,-2.5619226311414405,0.035141257843604556,4.0,0.5
34,4,-16.0,-15.0,702,120,582,-2.854167941932158,-2.637386317873895,True,-0.21678162405826296,-2.6135264130782967,-2.5970746063263364,-2.7021382080946426,-2.6077949748758527,-2.5619226311414405,-0.2463729670563053,1.0,-1.0
34,5,-15.0,-14.0,703,155,548,-2.5301683961984023,-2.637386317873895,True,0.10721792167549271,-2.6135264130782967,-2.5970746063263364,-2.7021382080946426,-2.6077949748758527,-2.5619226311414405,0.07762657867745038,5.0,1.0
34,6,-14.0,-13.0,703,193,510,-2.587234746613154,-2.637386317873895,True,0.05015157126074099,-2.6135264130782967,-2.5970746063263364,-2.7021382080946426,-2.6077949748758527,-2.5619226311414405,0.020560228262698654,4.0,0.5
34,7,-13.0,-12.0,702,196,506,-2.5809222738268947,-2.637386317873895,True,0.05646404404700034,-2.6135264130782967,-2.5970746063263364,-2.7021382080946426,-2.6077949748758527,-2.5619226311414405,0.026872701048958003,4.0,0.5
34,8,-12.0,-11.0,703,205,498,-2.5626472605069144,-2.637386317873895,True,0.07473905736698061,-2.6135264130782967,-2.5970746063263364,-2.7021382080946426,-2.6077949748758527,-2.5619226311414405,0.045147714368938274,4.0,0.5
34,9,-11.0,-10.0,702,174,528,-2.5597487430450183,-2.637386317873895,True,0.07763757482887668,-2.6135264130782967,-2.5970746063263364,-2.7021382080946426,-2.6077949748758527,-2.5619226311414405,0.04804623183083434,5.0,1.0
34,10,-10.0,-9.0,703,118,585,-2.4345554325098977,-2.637386317873895,True,0.2028308853639973,-2.6135264130782967,-2.5970746063263364,-2.7021382080946426,-2.6077949748758527,-2.5619226311414405,0.17323954236595496,5.0,1.0
34,11,-9.0,-8.0,702,121,581,-2.5274916401409873,-2.637386317873895,True,0.10989467773290773,-2.6135264130782967,-2.5970746063263364,-2.7021382080946426,-2.6077949748758527,-2.5619226311414405,0.08030333473486495,5.0,1.0
34,12,-8.0,-7.0,703,160,543,-2.549917511014848,-2.637386317873895,True,0.08746880685904701,-2.6135264130782967,-2.5970746063263364,-2.7021382080946426,-2.6077949748758527,-2.5619226311414405,0.057877463861004674,5.0,1.0
34,13,-7.0,-6.0,703,206,497,-2.857756076026098,-2.637386317873895,True,-0.22036975815220305,-2.6135264130782967,-2.5970746063263364,-2.7021382080946426,-2.6077949748758527,-2.5619226311414405,-0.2499611011502454,1.0,-1.0
34,14,-6.0,-5.0,702,172,530,-2.6104645491145835,-2.637386317873895,True,0.026921768759311515,-2.6135264130782967,-2.5970746063263364,-2.7021382080946426,-2.6077949748758527,-2.5619226311414405,-0.0026695742387308208,3.0,0.0
34,15,-5.0,-4.0,703,271,432,-2.6679321393326525,-2.637386317873895,True,-0.030545821458757505,-2.6135264130782967,-2.5970746063263364,-2.7021382080946426,-2.6077949748758527,-2.5619226311414405,-0.06013716445679984,2.0,-0.5
34,16,-4.0,-3.0,702,147,555,-2.7141864172930497,-2.637386317873895,True,-0.07680009941915467,-2.6135264130782967,-2.5970746063263364,-2.7021382080946426,-2.6077949748758527,-2.5619226311414405,-0.106391442417197,1.0,-1.0
34,17,-3.0,-2.0,703,147,556,-2.7170394025132283,-2.637386317873895,True,-0.0796530846393333,-2.6135264130782967,-2.5970746063263364,-2.7021382080946426,-2.6077949748758527,-2.5619226311414405,-0.10924442763737563,1.0,-1.0
34,18,-2.0,-1.0,702,164,538,-2.605125400637122,-2.637386317873895,True,0.03226091723677316,-2.6135264130782967,-2.5970746063263364,-2.7021382080946426,-2.6077949748758527,-2.5619226311414405,0.0026695742387308208,3.0,0.0
34,19,-1.0,0.0,703,138,565,-2.6172686912561685,-2.637386317873895,True,0.020117626617726536,-2.6135264130782967,-2.5970746063263364,-2.7021382080946426,-2.6077949748758527,-2.5619226311414405,-0.0094737163803158,2.0,-0.5
34,20,0.0,1.0,703,226,477,-2.6525030453565304,-2.637386317873895,True,-0.015116727482635373,-2.6135264130782967,-2.5970746063263364,-2.7021382080946426,-2.6077949748758527,-2.5619226311414405,-0.04470807048067771,2.0,-0.5
34,21,1.0,2.0,702,267,435,-2.5706380965681976,-2.637386317873895,True,0.06674822130569735,-2.6135264130782967,-2.5970746063263364,-2.7021382080946426,-2.6077949748758527,-2.5619226311414405,0.03715687830765502,4.0,0.5
34,22,2.0,3.0,703,147,556,-2.589125837002437,-2.637386317873895,True,0.04826048087145818,-2.6135264130782967,-2.5970746063263364,-2.7021382080946426,-2.6077949748758527,-2.5619226311414405,0.018669137873415842,4.0,0.5
34,23,3.0,4.0,702,192,510,-2.6224844532327696,-2.637386317873895,True,0.014901864641125417,-2.6135264130782967,-2.5970746063263364,-2.7021382080946426,-2.6077949748758527,-2.5619226311414405,-0.014689478356916919,2.0,-0.5
34,24,4.0,5.0,703,174,529,-2.7667433864867186,-2.637386317873895,True,-0.1293570686128236,-2.6135264130782967,-2.5970746063263364,-2.7021382080946426,-2.6077949748758527,-2.5619226311414405,-0.15894841161086593,1.0,-1.0
34,25,5.0,6.0,702,118,584,-2.4707435501894928,-2.637386317873895,True,0.16664276768440223,-2.6135264130782967,-2.5970746063263364,-2.7021382080946426,-2.6077949748758527,-2.5619226311414405,0.1370514246863599,5.0,1.0
34,26,6.0,7.0,703,205,498,-2.5072085737820684,-2.637386317873895,True,0.13017774409182659,-2.6135264130782967,-2.5970746063263364,-2.7021382080946426,-2.6077949748758527,-2.5619226311414405,0.10058640109378425,5.0,1.0
34,27,7.0,8.0,703,152,551,-2.644619000822698,-2.637386317873895,True,-0.007232682948802971,-2.6135264130782967,-2.5970746063263364,-2.7021382080946426,-2.6077949748758527,-2.5619226311414405,-0.03682402594684531,2.0,-0.5
34,28,8.0,9.0,702,179,523,-2.698321143013318,-2.637386317873895,True,-0.060934825139423054,-2.6135264130782967,-2.5970746063263364,-2.7021382080946426,-2.6077949748758527,-2.5619226311414405,-0.09052616813746539,2.0,-0.5
34,29,9.0,10.0,703,137,566,-2.722970964250928,-2.637386317873895,True,-0.08558464637703311,-2.6135264130782967,-2.5970746063263364,-2.7021382080946426,-2.6077949748758527,-2.5619226311414405,-0.11517598937507545,1.0,-1.0
34,30,10.0,11.0,702,152,550,-2.726834887627452,-2.637386317873895,True,-0.0894485697535572,-2.6135264130782967,-2.5970746063263364,-2.7021382080946426,-2.6077949748758527,-2.5619226311414405,-0.11903991275159953,1.0,-1.0
34,31,11.0,12.0,703,160,543,-2.7366760041952967,-2.637386317873895,True,-0.09928968632140167,-2.6135264130782967,-2.5970746063263364,-2.7021382080946426,-2.6077949748758527,-2.5619226311414405,-0.128881029319444,1.0,-1.0
34,32,12.0,13.0,702,137,565,-2.8057084983915743,-2.637386317873895,True,-0.16832218051767933,-2.6135264130782967,-2.5970746063263364,-2.7021382080946426,-2.6077949748758527,-2.5619226311414405,-0.19791352351572167,1.0,-1.0
34,33,13.0,14.0,703,147,556,-2.7125676444414175,-2.637386317873895,True,-0.07518132656752252,-2.6135264130782967,-2.5970746063263364,-2.7021382080946426,-2.6077949748758527,-2.5619226311414405,-0.10477266956556441,1.0,-1.0
34,34,14.0,15.0,703,245,458,-2.6949733972740564,-2.637386317873895,True,-0.05758707940016139,-2.6135264130782967,-2.5970746063263364,-2.7021382080946426,-2.6077949748758527,-2.5619226311414405,-0.08717842239820373,2.0,-0.5
34,35,15.0,16.0,702,162,540,-2.738142141346844,-2.637386317873895,True,-0.10075582347294887,-2.6135264130782967,-2.5970746063263364,-2.7021382080946426,-2.6077949748758527,-2.5619226311414405,-0.1303471664709912,1.0,-1.0
34,36,16.0,17.0,703,631,72,-2.5712781051398856,-2.637386317873895,True,0.06610821273400935,-2.6135264130782967,-2.5970746063263364,-2.7021382080946426,-2.6077949748758527,-2.5619226311414405,0.03651686973596702,4.0,0.5
34,37,17.0,18.0,702,425,277,-2.5203134925024266,-2.637386317873895,True,0.11707282537146835,-2.6135264130782967,-2.5970746063263364,-2.7021382080946426,-2.6077949748758527,-2.5619226311414405,0.08748148237342646,5.0,1.0
34,38,18.0,19.0,703,233,470,-2.624812208324153,-2.637386317873895,True,0.01257410954974203,-2.6135264130782967,-2.5970746063263364,-2.7021382080946426,-2.6077949748758527,-2.5619226311414405,-0.017017233448300306,2.0,-0.5
34,39,19.0,20.0,702,0,702,,-2.637386317873895,True,,-2.6135264130782967,-2.5970746063263364,-2.7021382080946426,-2.6077949748758527,-2.5619226311414405,,,
35,0,-20.0,-19.0,702,281,421,-2.4602241375845124,-2.6456967133401137,True,0.18547257575560128,-2.700458118227533,-2.66073234357315,-2.720863721468109,-2.679533257103274,-2.603376145074189,0.21930911951876153,5.0,1.0
35,1,-19.0,-18.0,703,194,509,-2.6607453711932294,-2.6456967133401137,True,-0.01504865785311571,-2.700458118227533,-2.66073234357315,-2.720863721468109,-2.679533257103274,-2.603376145074189,0.018787885910044544,3.0,0.0
35,2,-18.0,-17.0,703,179,524,-2.698321143013318,-2.6456967133401137,True,-0.052624429673204354,-2.700458118227533,-2.66073234357315,-2.720863721468109,-2.679533257103274,-2.603376145074189,-0.0187878859100441,3.0,0.0
35,3,-17.0,-16.0,702,137,565,-2.722970964250928,-2.6456967133401137,True,-0.07727425091081441,-2.700458118227533,-2.66073234357315,-2.720863721468109,-2.679533257103274,-2.603376145074189,-0.04343770714765416,1.0,-1.0
35,4,-16.0,-15.0,703,152,551,-2.726834887627452,-2.6456967133401137,True,-0.0811381742873385,-2.700458118227533,-2.66073234357315,-2.720863721468109,-2.679533257103274,-2.603376145074189,-0.04730163052417824,1.0,-1.0
35,5,-15.0,-14.0,702,156,546,-2.7225009257978825,-2.6456967133401137,True,-0.0768042124577688,-2.700458118227533,-2.66073234357315,-2.720863721468109,-2.679533257103274,-2.603376145074189,-0.04296766869460855,1.0,-1.0
35,6,-14.0,-13.0,703,141,562,-2.819433195222862,-2.6456967133401137,True,-0.17373648188274826,-2.700458118227533,-2.66073234357315,-2.720863721468109,-2.679533257103274,-2.603376145074189,-0.139899938119588,1.0,-1.0
35,7,-13.0,-12.0,702,147,555,-2.7125676444414175,-2.6456967133401137,True,-0.06687093110130382,-2.700458118227533,-2.66073234357315,-2.720863721468109,-2.679533257103274,-2.603376145074189,-0.03303438733814312,2.0,-0.5
35,8,-12.0,-11.0,703,173,530,-2.6606585203926993,-2.6456967133401137,True,-0.014961807052585652,-2.700458118227533,-2.66073234357315,-2.720863721468109,-2.679533257103274,-2.603376145074189,0.018874736710574158,4.0,0.5
35,9,-11.0,-10.0,703,180,523,-2.7159521084787888,-2.6456967133401137,True,-0.07025539513867507,-2.700458118227533,-2.66073234357315,-2.720863721468109,-2.679533257103274,-2.603376145074189,-0.036418851375514816,2.0,-0.5
35,10,-10.0,-9.0,702,574,128,-2.6026170565781666,-2.6456967133401137,True,0.04307965676194714,-2.700458118227533,-2.66073234357315,-2.720863721468109,-2.679533257103274,-2.603376145074189,0.07691620052510739,5.0,1.0
35,11,-9.0,-8.0,703,443,260,-2.6056534105622555,-2.6456967133401137,True,0.04004330277785817,-2.700458118227533,-2.66073234357315,-2.720863721468109,-2.679533257103274,-2.603376145074189,0.07387984654101842,4.0,0.5
35,12,-8.0,-7.0,702,290,412,-2.4966166580289126,-2.6456967133401137,True,0.14908005531120105,-2.700458118227533,-2.66073234357315,-2.720863721468109,-2.679533257103274,-2.603376145074189,0.1829165990743613,5.0,1.0
35,13,-7.0,-6.0,703,36,667,-2.434657963589157,-2.6456967133401137,True,0.2110387497509567,-2.700458118227533,-2.66073234357315,-2.720863721468109,-2.679533257103274,-2.603376145074189,0.24487529351411697,5.0,1.0
35,14,-6.0,-5.0,702,0,702,,-2.6456967133401137,True,,-2.700458118227533,-2.66073234357315,-2.720863721468109,-2.679533257103274,-2.603376145074189,,,
35,15,-5.0,-4.0,703,0,703,,-2.6456967133401137,True,,-2.700458118227533,-2.66073234357315,-2.720863721468109,-2.679533257103274,-2.603376145074189,,,
35,16,-4.0,-3.0,703,0,703,,-2.6456967133401137,True,,-2.700458118227533,-2.66073234357315,-2.720863721468109,-2.679533257103274,-2.603376145074189,,,
35,17,-3.0,-2.0,702,0,702,,-2.6456967133401137,True,,-2.700458118227533,-2.66073234357315,-2.720863721468109,-2.679533257103274,-2.603376145074189,,,
35,18,-2.0,-1.0,703,0,703,,-2.6456967133401137,True,,-2.700458118227533,-2.66073234357315,-2.720863721468109,-2.679533257103274,-2.603376145074189,,,
35,19,-1.0,0.0,702,0,702,,-2.6456967133401137,True,,-2.700458118227533,-2.66073234357315,-2.720863721468109,-2.679533257103274,-2.603376145074189,,,
35,20,0.0,1.0,703,0,703,,-2.6456967133401137,True,,-2.700458118227533,-2.66073234357315,-2.720863721468109,-2.679533257103274,-2.603376145074189,,,
35,21,1.0,2.0,702,0,702,,-2.6456967133401137,True,,-2.700458118227533,-2.66073234357315,-2.720863721468109,-2.679533257103274,-2.603376145074189,,,
35,22,2.0,3.0,703,0,703,,-2.6456967133401137,True,,-2.700458118227533,-2.66073234357315,-2.720863721468109,-2.679533257103274,-2.603376145074189,,,
35,23,3.0,4.0,703,0,703,,-2.6456967133401137,True,,-2.700458118227533,-2.66073234357315,-2.720863721468109,-2.679533257103274,-2.603376145074189,,,
35,24,4.0,5.0,702,182,520,-2.872589977584972,-2.6456967133401137,True,-0.22689326424485845,-2.700458118227533,-2.66073234357315,-2.720863721468109,-2.679533257103274,-2.603376145074189,-0.1930567204816982,1.0,-1.0
35,25,5.0,6.0,703,151,552,-2.6410232215421243,-2.6456967133401137,True,0.004673491797989371,-2.700458118227533,-2.66073234357315,-2.720863721468109,-2.679533257103274,-2.603376145074189,0.038510035561149625,4.0,0.5
35,26,6.0,7.0,702,80,622,-2.6846441991838192,-2.6456967133401137,True,-0.038947485843705554,-2.700458118227533,-2.66073234357315,-2.720863721468109,-2.679533257103274,-2.603376145074189,-0.0051109420805453,3.0,0.0
35,27,7.0,8.0,703,207,496,-2.765838804584527,-2.6456967133401137,True,-0.12014209124441333,-2.700458118227533,-2.66073234357315,-2.720863721468109,-2.679533257103274,-2.603376145074189,-0.08630554748125308,1.0,-1.0
35,28,8.0,9.0,702,167,535,-2.6385490576808084,-2.6456967133401137,True,0.0071476556593053076,-2.700458118227533,-2.66073234357315,-2.720863721468109,-2.679533257103274,-2.603376145074189,0.04098419942246556,4.0,0.5
35,29,9.0,10.0,703,178,525,-2.586239403307463,-2.6456967133401137,True,0.059457310032650756,-2.700458118227533,-2.66073234357315,-2.720863721468109,-2.679533257103274,-2.603376145074189,0.09329385379581101,5.0,1.0
35,30,10.0,11.0,703,117,586,-2.7423525794341375,-2.6456967133401137,True,-0.09665586609402377,-2.700458118227533,-2.66073234357315,-2.720863721468109,-2.679533257103274,-2.603376145074189,-0.06281932233086307,1.0,-1.0
35,31,11.0,12.0,702,180,522,-2.649337421700888,-2.6456967133401137,True,-0.0036407083607743473,-2.700458118227533,-2.66073234357315,-2.720863721468109,-2.679533257103274,-2.603376145074189,0.030195835402385907,4.0,0.5
35,32,12.0,13.0,703,134,569,-2.7577959912389605,-2.6456967133401137,True,-0.11209927789884677,-2.700458118227533,-2.66073234357315,-2.720863721468109,-2.679533257103274,-2.603376145074189,-0.07826273413568652,1.0,-1.0
35,33,13.0,14.0,702,162,540,-2.8021686917555697,-2.6456967133401137,True,-0.15647197841545601,-2.700458118227533,-2.66073234357315,-2.720863721468109,-2.679533257103274,-2.603376145074189,-0.12263543465229576,1.0,-1.0
35,34,14.0,15.0,703,171,532,-2.623159007945398,-2.6456967133401137,True,0.02253770539471578,-2.700458118227533,-2.66073234357315,-2.720863721468109,-2.679533257103274,-2.603376145074189,0.05637424915787603,4.0,0.5
35,35,15.0,16.0,702,270,432,-2.717753055766956,-2.6456967133401137,True,-0.07205634242684233,-2.700458118227533,-2.66073234357315,-2.720863721468109,-2.679533257103274,-2.603376145074189,-0.03821979866368208,2.0,-0.5
35,36,16.0,17.0,703,123,580,-2.6355979628589803,-2.6456967133401137,True,0.0100987504811334,-2.700458118227533,-2.66073234357315,-2.720863721468109,-2.679533257103274,-2.603376145074189,0.043935294244293654,4.0,0.5
35,37,17.0,18.0,703,146,557,-2.7829877360056994,-2.6456967133401137,True,-0.13729102266558568,-2.700458118227533,-2.66073234357315,-2.720863721468109,-2.679533257103274,-2.603376145074189,-0.10345447890242587,1.0,-1.0
35,38,18.0,19.0,702,251,451,-2.653189767535787,-2.6456967133401137,True,-0.007493054195673476,-2.700458118227533,-2.66073234357315,-2.720863721468109,-2.679533257103274,-2.603376145074189,0.026343489567486778,4.0,0.5
35,39,19.0,20.0,703,142,561,-2.6316586684793295,-2.6456967133401137,True,0.014038044860784193,-2.700458118227533,-2.66073234357315,-2.720863721468109,-2.679533257103274,-2.603376145074189,0.04787458862394489,4.0,0.5
36,0,-20.0,-19.0,703,167,536,-2.708007218156163,-2.7667981987392194,True,0.05879098058305621,-2.749385098959382,-2.746478592688582,-2.8506467699203073,-2.7480339461630825,-2.717907311669104,0.04002672800691931,5.0,1.0
36,1,-19.0,-18.0,702,116,586,-2.879452781146673,-2.7667981987392194,True,-0.11265458240745341,-2.749385098959382,-2.746478592688582,-2.8506467699203073,-2.7480339461630825,-2.717907311669104,-0.1314188349835903,1.0,-1.0
36,2,-18.0,-17.0,703,187,516,-2.743020274323523,-2.7667981987392194,True,0.023777924415696372,-2.749385098959382,-2.746478592688582,-2.8506467699203073,-2.7480339461630825,-2.717907311669104,0.005013671839559475,4.0,0.5
36,3,-17.0,-16.0,702,212,490,-2.7212073428400845,-2.7667981987392194,True,0.04559085589913492,-2.749385098959382,-2.746478592688582,-2.8506467699203073,-2.7480339461630825,-2.717907311669104,0.02682660332299802,4.0,0.5
36,4,-16.0,-15.0,703,281,422,-2.750216593500396,-2.7667981987392194,True,0.01658160523882346,-2.749385098959382,-2.746478592688582,-2.8506467699203073,-2.7480339461630825,-2.717907311669104,-0.002182647337313437,2.0,-0.5
36,5,-15.0,-14.0,702,140,562,-2.597819397741222,-2.7667981987392194,True,0.16897880099799734,-2.749385098959382,-2.746478592688582,-2.8506467699203073,-2.7480339461630825,-2.717907311669104,0.15021454842186044,5.0,1.0
36,6,-14.0,-13.0,703,169,534,-2.629328167999334,-2.7667981987392194,True,0.13747003073988528,-2.749385098959382,-2.746478592688582,-2.8506467699203073,-2.7480339461630825,-2.717907311669104,0.11870577816374839,5.0,1.0
36,7,-13.0,-12.0,703,133,570,-2.7375710218855533,-2.7667981987392194,True,0.029227176853666048,-2.749385098959382,-2.746478592688582,-2.8506467699203073,-2.7480339461630825,-2.717907311669104,0.010462924277529151,4.0,0.5
36,8,-12.0,-11.0,702,177,525,-2.745397519540878,-2.7667981987392194,True,0.021400679198341432,-2.749385098959382,-2.746478592688582,-2.8506467699203073,-2.7480339461630825,-2.717907311669104,0.002636426622204535,4.0,0.5
36,9,-11.0,-10.0,703,195,508,-2.6825439437609964,-2.7667981987392194,True,0.08425425497822303,-2.749385098959382,-2.746478592688582,-2.8506467699203073,-2.7480339461630825,-2.717907311669104,0.06549000240208613,5.0,1.0
36,10,-10.0,-9.0,702,292,410,-2.884305136919762,-2.7667981987392194,True,-0.1175069381805427,-2.749385098959382,-2.746478592688582,-2.8506467699203073,-2.7480339461630825,-2.717907311669104,-0.1362711907566796,1.0,-1.0
36,11,-9.0,-8.0,703,106,597,-2.748704785244007,-2.7667981987392194,True,0.018093413495212207,-2.749385098959382,-2.746478592688582,-2.8506467699203073,-2.7480339461630825,-2.717907311669104,-0.00067083908092469,3.0,0.0
36,12,-8.0,-7.0,702,150,552,-2.8528057830330202,-2.7667981987392194,True,-0.08600758429380084,-2.749385098959382,-2.746478592688582,-2.8506467699203073,-2.7480339461630825,-2.717907311669104,-0.1047718368699373,1.0,-1.0
36,13,-7.0,-6.0,703,135,568,-2.747363107082158,-2.7667981987392194,True,0.019435091657061587,-2.749385098959382,-2.746478592688582,-2.8506467699203073,-2.7480339461630825,-2.717907311669104,0.00067083908092469,3.0,0.0
36,14,-6.0,-5.0,703,159,544,-2.5545071037015137,-2.7667981987392194,True,0.2122910950377057,-2.749385098959382,-2.746478592688582,-2.8506467699203073,-2.7480339461630825,-2.717907311669104,0.19352684246156882,5.0,1.0
36,15,-5.0,-4.0,702,151,551,-2.8499270988827368,-2.7667981987392194,True,-0.08312890014351737,-2.749385098959382,-2.746478592688582,-2.8506467699203073,-2.7480339461630825,-2.717907311669104,-0.10189315271965427,2.0,-0.5
36,16,-4.0,-3.0,703,271,432,-2.9990069646360906,-2.7667981987392194,True,-0.23220876589687123,-2.749385098959382,-2.746478592688582,-2.8506467699203073,-2.7480339461630825,-2.717907311669104,-0.2509730184730081,1.0,-1.0
36,17,-3.0,-2.0,702,166,536,-2.776376557609194,-2.7667981987392194,True,-0.00957835886997449,-2.749385098959382,-2.746478592688582,-2.8506467699203073,-2.7480339461630825,-2.717907311669104,-0.028342611446111388,2.0,-0.5
36,18,-2.0,-1.0,703,123,580,-2.805830021804936,-2.7667981987392194,True,-0.03903182306571651,-2.749385098959382,-2.746478592688582,-2.8506467699203073,-2.7480339461630825,-2.717907311669104,-0.057796075641853406,2.0,-0.5
36,19,-1.0,0.0,702,120,582,-2.922573154976139,-2.7667981987392194,True,-0.1557749562369195,-2.749385098959382,-2.746478592688582,-2.8506467699203073,-2.7480339461630825,-2.717907311669104,-0.1745392088130564,1.0,-1.0
36,20,0.0,1.0,703,104,599,-2.956447184157825,-2.7667981987392194,True,-0.18964898541860542,-2.749385098959382,-2.746478592688582,-2.8506467699203073,-2.7480339461630825,-2.717907311669104,-0.20841323799474232,1.0,-1.0
36,21,1.0,2.0,703,144,559,-2.660616551725285,-2.7667981987392194,True,0.10618164701393429,-2.749385098959382,-2.746478592688582,-2.8506467699203073,-2.7480339461630825,-2.717907311669104,0.08741739443779739,5.0,1.0
36,22,2.0,3.0,702,142,560,-2.88929439596521,-2.7667981987392194,True,-0.12249619722599059,-2.749385098959382,-2.746478592688582,-2.8506467699203073,-2.7480339461630825,-2.717907311669104,-0.14126044980212749,1.0,-1.0
36,23,3.0,4.0,703,265,438,-2.6110087142872875,-2.7667981987392194,True,0.15578948445193186,-2.749385098959382,-2.746478592688582,-2.8506467699203073,-2.7480339461630825,-2.717907311669104,0.13702523187579496,5.0,1.0
36,24,4.0,5.0,702,197,505,-2.7368673742159193,-2.7667981987392194,True,0.029930824523300092,-2.749385098959382,-2.746478592688582,-2.8506467699203073,-2.7480339461630825,-2.717907311669104,0.011166571947162751,4.0,0.5
36,25,5.0,6.0,703,185,518,-2.6334651674226497,-2.7667981987392194,True,0.1333330313165697,-2.749385098959382,-2.746478592688582,-2.8506467699203073,-2.7480339461630825,-2.717907311669104,0.11456877874043281,5.0,1.0
36,26,6.0,7.0,702,147,555,-2.623863887100992,-2.7667981987392194,True,0.14293431163822756,-2.749385098959382,-2.746478592688582,-2.8506467699203073,-2.7480339461630825,-2.717907311669104,0.12417005906209067,5.0,1.0
36,27,7.0,8.0,703,199,504,-2.654811348952801,-2.7667981987392194,True,0.11198684978641849,-2.749385098959382,-2.746478592688582,-2.8506467699203073,-2.7480339461630825,-2.717907311669104,0.09322259721028159,5.0,1.0
36,28,8.0,9.0,703,133,570,-2.5831886101409745,-2.7667981987392194,True,0.18360958859824494,-2.749385098959382,-2.746478592688582,-2.8506467699203073,-2.7480339461630825,-2.717907311669104,0.16484533602210805,5.0,1.0
36,29,9.0,10.0,702,148,554,-2.5808938316871037,-2.7667981987392194,True,0.18590436705211566,-2.749385098959382,-2.746478592688582,-2.8506467699203073,-2.7480339461630825,-2.717907311669104,0.16714011447597832,5.0,1.0
36,30,10.0,11.0,703,107,596,-2.794463494452494,-2.7667981987392194,True,-0.027665295713274585,-2.749385098959382,-2.746478592688582,-2.8506467699203073,-2.7480339461630825,-2.717907311669104,-0.04642954828941148,2.0,-0.5
36,31,11.0,12.0,702,117,585,-2.7975991575583974,-2.7667981987392194,True,-0.030800958819177993,-2.749385098959382,-2.746478592688582,-2.8506467699203073,-2.7480339461630825,-2.717907311669104,-0.04956521139531489,2.0,-0.5
36,32,12.0,13.0,703,131,572,-2.799009548986727,-2.7667981987392194,True,-0.03221135024750765,-2.749385098959382,-2.746478592688582,-2.8506467699203073,-2.7480339461630825,-2.717907311669104,-0.05097560282364455,2.0,-0.5
36,33,13.0,14.0,702,144,558,-2.810361169743514,-2.7667981987392194,True,-0.043562971004294404,-2.749385098959382,-2.746478592688582,-2.8506467699203073,-2.7480339461630825,-2.717907311669104,-0.0623272235804313,2.0,-0.5
36,34,14.0,15.0,703,215,488,-2.620950141470116,-2.7667981987392194,True,0.14584805726910322,-2.749385098959382,-2.746478592688582,-2.8506467699203073,-2.7480339461630825,-2.717907311669104,0.12708380469296632,5.0,1.0
36,35,15.0,16.0,703,181,522,-2.9097352296831165,-2.7667981987392194,True,-0.1429370309438971,-2.749385098959382,-2.746478592688582,-2.8506467699203073,-2.7480339461630825,-2.717907311669104,-0.161701283520034,1.0,-1.0
36,36,16.0,17.0,702,156,546,-2.8178132631957262,-2.7667981987392194,True,-0.05101506445650683,-2.749385098959382,-2.746478592688582,-2.8506467699203073,-2.7480339461630825,-2.717907311669104,-0.06977931703264373,2.0,-0.5
36,37,17.0,18.0,703,124,579,-2.732968577950366,-2.7667981987392194,True,0.03382962078885354,-2.749385098959382,-2.746478592688582,-2.8506467699203073,-2.7480339461630825,-2.717907311669104,0.015065368212716646,4.0,0.5
36,38,18.0,19.0,702,191,511,-2.7229354361870057,-2.7667981987392194,True,0.04386276255221366,-2.749385098959382,-2.746478592688582,-2.8506467699203073,-2.7480339461630825,-2.717907311669104,0.025098509976076766,4.0,0.5
36,39,19.0,20.0,703,143,560,-2.7254641816380483,-2.7667981987392194,True,0.04133401710117113,-2.749385098959382,-2.746478592688582,-2.8506467699203073,-2.7480339461630825,-2.717907311669104,0.02256976452503423,4.0,0.5
37,0,-20.0,-19.0,702,116,586,-2.5886394967683204,-2.7151824605801242,True,0.12654296381180385,-2.7187431004765075,-2.7147669152710967,-2.7856553061538594,-2.7185686098924955,-2.6562607580366624,0.1299291131241751,5.0,1.0
37,1,-19.0,-18.0,703,216,487,-2.6510040081106987,-2.7151824605801242,True,0.06417845246942555,-2.7187431004765075,-2.7147669152710967,-2.7856553061538594,-2.7185686098924955,-2.6562607580366624,0.0675646017817968,5.0,1.0
37,2,-18.0,-17.0,702,199,503,-2.654811348952801,-2.7151824605801242,True,0.06037111162732334,-2.7187431004765075,-2.7147669152710967,-2.7856553061538594,-2.7185686098924955,-2.6562607580366624,0.06375726093969458,5.0,1.0
37,3,-17.0,-16.0,703,133,570,-2.5831886101409745,-2.7151824605801242,True,0.1319938504391498,-2.7187431004765075,-2.7147669152710967,-2.7856553061538594,-2.7185686098924955,-2.6562607580366624,0.13537999975152104,5.0,1.0
37,4,-16.0,-15.0,703,148,555,-2.5808938316871037,-2.7151824605801242,True,0.1342886288930205,-2.7187431004765075,-2.7147669152710967,-2.7856553061538594,-2.7185686098924955,-2.6562607580366624,0.1376747782053913,5.0,1.0
37,5,-15.0,-14.0,702,107,595,-2.794463494452494,-2.7151824605801242,True,-0.07928103387236973,-2.7187431004765075,-2.7147669152710967,-2.7856553061538594,-2.7185686098924955,-2.6562607580366624,-0.07589488455999849,1.0,-1.0
37,6,-14.0,-13.0,703,117,586,-2.7975991575583974,-2.7151824605801242,True,-0.08241669697827314,-2.7187431004765075,-2.7147669152710967,-2.7856553061538594,-2.7185686098924955,-2.6562607580366624,-0.0790305476659019,1.0,-1.0
37,7,-13.0,-12.0,702,131,571,-2.799009548986727,-2.7151824605801242,True,-0.0838270884066028,-2.7187431004765075,-2.7147669152710967,-2.7856553061538594,-2.7185686098924955,-2.6562607580366624,-0.08044093909423156,1.0,-1.0
37,8,-12.0,-11.0,703,135,568,-2.8034698730758647,-2.7151824605801242,True,-0.08828741249574046,-2.7187431004765075,-2.7147669152710967,-2.7856553061538594,-2.7185686098924955,-2.6562607580366624,-0.08490126318336921,1.0,-1.0
37,9,-11.0,-10.0,702,154,548,-2.657710167120524,-2.7151824605801242,True,0.057472293459600365,-2.7187431004765075,-2.7147669152710967,-2.7856553061538594,-2.7185686098924955,-2.6562607580366624,0.06085844277197161,4.0,0.5
37,10,-10.0,-9.0,703,181,522,-2.9144933914965727,-2.7151824605801242,True,-0.19931093091644847,-2.7187431004765075,-2.7147669152710967,-2.7856553061538594,-2.7185686098924955,-2.6562607580366624,-0.19592478160407722,1.0,-1.0
37,11,-9.0,-8.0,703,218,485,-2.7185686098924955,-2.7151824605801242,True,-0.003386149312371245,-2.7187431004765075,-2.7147669152710967,-2.7856553061538594,-2.7185686098924955,-2.6562607580366624,0.0,3.0,0.0
37,12,-8.0,-7.0,702,126,576,-2.7768471178552248,-2.7151824605801242,True,-0.06166465727510051,-2.7187431004765075,-2.7147669152710967,-2.7856553061538594,-2.7185686098924955,-2.6562607580366624,-0.058278507962729265,2.0,-0.5
37,13,-7.0,-6.0,703,197,506,-2.718762488319175,-2.7151824605801242,True,-0.0035800277390509727,-2.7187431004765075,-2.7147669152710967,-2.7856553061538594,-2.7185686098924955,-2.6562607580366624,-0.00019387842667972777,2.0,-0.5
37,14,-6.0,-5.0,702,143,559,-2.7254641816380483,-2.7151824605801242,True,-0.01028172105792402,-2.7187431004765075,-2.7147669152710967,-2.7856553061538594,-2.7185686098924955,-2.6562607580366624,-0.006895571745552775,2.0,-0.5
37,15,-5.0,-4.0,703,129,574,-2.700686055559319,-2.7151824605801242,True,0.014496405020805181,-2.7187431004765075,-2.7147669152710967,-2.7856553061538594,-2.7185686098924955,-2.6562607580366624,0.017882554333176426,4.0,0.5
37,16,-4.0,-3.0,702,132,570,-2.7227819347043827,-2.7151824605801242,True,-0.007599474124258432,-2.7187431004765075,-2.7147669152710967,-2.7856553061538594,-2.7185686098924955,-2.6562607580366624,-0.004213324811887187,2.0,-0.5
37,17,-3.0,-2.0,703,127,576,-2.6857289299456317,-2.7151824605801242,True,0.02945353063449252,-2.7187431004765075,-2.7147669152710967,-2.7856553061538594,-2.7185686098924955,-2.6562607580366624,0.03283967994686332,4.0,0.5
37,18,-2.0,-1.0,703,146,557,-2.714344504757608,-2.7151824605801242,True,0.0008379558225164452,-2.7187431004765075,-2.7147669152710967,-2.7856553061538594,-2.7185686098924955,-2.6562607580366624,0.00422410513488769,4.0,0.5
37,19,-1.0,0.0,702,0,702,,-2.7151824605801242,True,,-2.7187431004765075,-2.7147669152710967,-2.7856553061538594,-2.7185686098924955,-2.6562607580366624,,,
37,20,0.0,1.0,703,0,703,,-2.7151824605801242,True,,-2.7187431004765075,-2.7147669152710967,-2.7856553061538594,-2.7185686098924955,-2.6562607580366624,,,
37,21,1.0,2.0,702,0,702,,-2.7151824605801242,True,,-2.7187431004765075,-2.7147669152710967,-2.7856553061538594,-2.7185686098924955,-2.6562607580366624,,,
37,22,2.0,3.0,703,0,703,,-2.7151824605801242,True,,-2.7187431004765075,-2.7147669152710967,-2.7856553061538594,-2.7185686098924955,-2.6562607580366624,,,
37,23,3.0,4.0,702,0,702,,-2.7151824605801242,True,,-2.7187431004765075,-2.7147669152710967,-2.7856553061538594,-2.7185686098924955,-2.6562607580366624,,,
37,24,4.0,5.0,703,0,703,,-2.7151824605801242,True,,-2.7187431004765075,-2.7147669152710967,-2.7856553061538594,-2.7185686098924955,-2.6562607580366624,,,
37,25,5.0,6.0,703,66,637,-3.161405618889777,-2.7151824605801242,True,-0.44622315830965276,-2.7187431004765075,-2.7147669152710967,-2.7856553061538594,-2.7185686098924955,-2.6562607580366624,-0.4428370089972815,1.0,-1.0
37,26,6.0,7.0,702,156,546,-2.6346103026924084,-2.7151824605801242,True,0.08057215788771588,-2.7187431004765075,-2.7147669152710967,-2.7856553061538594,-2.7185686098924955,-2.6562607580366624,0.08395830720008712,5.0,1.0
37,27,7.0,8.0,703,168,535,-2.7161784132156326,-2.7151824605801242,True,-0.0009959526355083348,-2.7187431004765075,-2.7147669152710967,-2.7856553061538594,-2.7185686098924955,-2.6562607580366624,0.00239019667686291,3.0,0.0
37,28,8.0,9.0,702,0,702,,-2.7151824605801242,True,,-2.7187431004765075,-2.7147669152710967,-2.7856553061538594,-2.7185686098924955,-2.6562607580366624,,,
37,29,9.0,10.0,703,133,570,-2.6623628235831163,-2.7151824605801242,True,0.05281963699700798,-2.7187431004765075,-2.7147669152710967,-2.7856553061538594,-2.7185686098924955,-2.6562607580366624,0.056205786309379224,4.0,0.5
37,30,10.0,11.0,702,131,571,-2.820039157829104,-2.7151824605801242,True,-0.10485669724897972,-2.7187431004765075,-2.7147669152710967,-2.7856553061538594,-2.7185686098924955,-2.6562607580366624,-0.10147054793660848,1.0,-1.0
37,31,11.0,12.0,703,134,569,-2.8747219384832574,-2.7151824605801242,True,-0.15953947790313316,-2.7187431004765075,-2.7147669152710967,-2.7856553061538594,-2.7185686098924955,-2.6562607580366624,-0.15615332859076192,1.0,-1.0
37,32,12.0,13.0,703,113,590,-2.8124956497278757,-2.7151824605801242,True,-0.09731318914775144,-2.7187431004765075,-2.7147669152710967,-2.7856553061538594,-2.7185686098924955,-2.6562607580366624,-0.09392703983538064,1.0,-1.0
37,33,13.0,14.0,702,242,460,-2.6897170031828486,-2.7151824605801242,True,0.02546545739727568,-2.7187431004765075,-2.7147669152710967,-2.7856553061538594,-2.7185686098924955,-2.6562607580366624,0.028851606709646482,4.0,0.5
37,34,14.0,15.0,703,101,602,-2.828976232417223,-2.7151824605801242,True,-0.11379377183709893,-2.7187431004765075,-2.7147669152710967,-2.7856553061538594,-2.7185686098924955,-2.6562607580366624,-0.11040762252472769,1.0,-1.0
37,35,15.0,16.0,702,128,574,-2.9684809869922724,-2.7151824605801242,True,-0.2532985264121481,-2.7187431004765075,-2.7147669152710967,-2.7856553061538594,-2.7185686098924955,-2.6562607580366624,-0.24991237709977687,1.0,-1.0
37,36,16.0,17.0,703,61,642,-2.780769071099194,-2.7151824605801242,True,-0.06558661051906967,-2.7187431004765075,-2.7147669152710967,-2.7856553061538594,-2.7185686098924955,-2.6562607580366624,-0.06220046120669842,2.0,-0.5
37,37,17.0,18.0,702,103,599,-2.8951729904572088,-2.7151824605801242,True,-0.17999052987708453,-2.7187431004765075,-2.7147669152710967,-2.7856553061538594,-2.7185686098924955,-2.6562607580366624,-0.17660438056471328,1.0,-1.0
37,38,18.0,19.0,703,81,622,-3.1893475853804443,-2.7151824605801242,True,-0.47416512480032,-2.7187431004765075,-2.7147669152710967,-2.7856553061538594,-2.7185686098924955,-2.6562607580366624,-0.4707789754879488,1.0,-1.0
37,39,19.0,20.0,703,76,627,-3.07261379593576,-2.7151824605801242,True,-0.35743133535563576,-2.7187431004765075,-2.7147669152710967,-2.7856553061538594,-2.7185686098924955,-2.6562607580366624,-0.3540451860432645,1.0,-1.0
38,0,-20.0,-19.0,702,140,562,-2.6788522860664092,-2.797560726100184,True,0.11870844003377456,-2.7850507177591135,-2.742014676369057,-2.875331118726641,-2.780769071099194,-2.686243487781598,0.10191678503278512,5.0,1.0
38,1,-19.0,-18.0,703,0,703,,-2.797560726100184,True,,-2.7850507177591135,-2.742014676369057,-2.875331118726641,-2.780769071099194,-2.686243487781598,,,
38,2,-18.0,-17.0,702,0,702,,-2.797560726100184,True,,-2.7850507177591135,-2.742014676369057,-2.875331118726641,-2.780769071099194,-2.686243487781598,,,
38,3,-17.0,-16.0,703,0,703,,-2.797560726100184,True,,-2.7850507177591135,-2.742014676369057,-2.875331118726641,-2.780769071099194,-2.686243487781598,,,
38,4,-16.0,-15.0,703,0,703,,-2.797560726100184,True,,-2.7850507177591135,-2.742014676369057,-2.875331118726641,-2.780769071099194,-2.686243487781598,,,
38,5,-15.0,-14.0,702,0,702,,-2.797560726100184,True,,-2.7850507177591135,-2.742014676369057,-2.875331118726641,-2.780769071099194,-2.686243487781598,,,
38,6,-14.0,-13.0,703,0,703,,-2.797560726100184,True,,-2.7850507177591135,-2.742014676369057,-2.875331118726641,-2.780769071099194,-2.686243487781598,,,
38,7,-13.0,-12.0,702,66,636,-3.161405618889777,-2.797560726100184,True,-0.3638448927895932,-2.7850507177591135,-2.742014676369057,-2.875331118726641,-2.780769071099194,-2.686243487781598,-0.3806365477905831,1.0,-1.0
38,8,-12.0,-11.0,703,156,547,-2.6346103026924084,-2.797560726100184,True,0.16295042340777544,-2.7850507177591135,-2.742014676369057,-2.875331118726641,-2.780769071099194,-2.686243487781598,0.14615876840678554,5.0,1.0
38,9,-11.0,-10.0,702,168,534,-2.7161784132156326,-2.797560726100184,True,0.08138231288455122,-2.7850507177591135,-2.742014676369057,-2.875331118726641,-2.780769071099194,-2.686243487781598,0.06459065788356133,4.0,0.5
38,10,-10.0,-9.0,703,0,703,,-2.797560726100184,True,,-2.7850507177591135,-2.742014676369057,-2.875331118726641,-2.780769071099194,-2.686243487781598,,,
38,11,-9.0,-8.0,703,133,570,-2.6623628235831163,-2.797560726100184,True,0.13519790251706754,-2.7850507177591135,-2.742014676369057,-2.875331118726641,-2.780769071099194,-2.686243487781598,0.11840624751607765,5.0,1.0
38,12,-8.0,-7.0,702,213,489,-2.8753311187266415,-2.797560726100184,True,-0.07777039262645769,-2.7850507177591135,-2.742014676369057,-2.875331118726641,-2.780769071099194,-2.686243487781598,-0.09456204762744713,2.0,-0.5
38,13,-7.0,-6.0,703,165,538,-2.7879051488657263,-2.797560726100184,True,0.009655577234457535,-2.7850507177591135,-2.742014676369057,-2.875331118726641,-2.780769071099194,-2.686243487781598,-0.007136077766532356,2.0,-0.5
38,14,-6.0,-5.0,702,96,606,-2.686243487781598,-2.797560726100184,True,0.11131723831858586,-2.7850507177591135,-2.742014676369057,-2.875331118726641,-2.780769071099194,-2.686243487781598,0.09452558331759597,5.0,1.0
38,15,-5.0,-4.0,703,146,557,-2.692000958515178,-2.797560726100184,True,0.10555976758500574,-2.7850507177591135,-2.742014676369057,-2.875331118726641,-2.780769071099194,-2.686243487781598,0.08876811258401585,4.0,0.5
38,16,-4.0,-3.0,702,101,601,-2.828976232417223,-2.797560726100184,True,-0.03141550631703938,-2.7850507177591135,-2.742014676369057,-2.875331118726641,-2.780769071099194,-2.686243487781598,-0.04820716131802927,2.0,-0.5
38,17,-3.0,-2.0,703,128,575,-2.9684809869922724,-2.797560726100184,True,-0.17092026089208856,-2.7850507177591135,-2.742014676369057,-2.875331118726641,-2.780769071099194,-2.686243487781598,-0.18771191589307845,1.0,-1.0
38,18,-2.0,-1.0,703,61,642,-2.780769071099194,-2.797560726100184,True,0.01679165500098989,-2.7850507177591135,-2.742014676369057,-2.875331118726641,-2.780769071099194,-2.686243487781598,0.0,3.0,0.0
38,19,-1.0,0.0,702,103,599,-2.8951729904572088,-2.797560726100184,True,-0.09761226435702497,-2.7850507177591135,-2.742014676369057,-2.875331118726641,-2.780769071099194,-2.686243487781598,-0.11440391935801486,1.0,-1.0
38,20,0.0,1.0,703,81,622,-3.1893475853804443,-2.797560726100184,True,-0.39178685928026047,-2.7850507177591135,-2.742014676369057,-2.875331118726641,-2.780769071099194,-2.686243487781598,-0.40857851428125036,1.0,-1.0
38,21,1.0,2.0,702,134,568,-2.9800320136419294,-2.797560726100184,True,-0.18247128754174557,-2.7850507177591135,-2.742014676369057,-2.875331118726641,-2.780769071099194,-2.686243487781598,-0.19926294254273547,1.0,-1.0
38,22,2.0,3.0,703,87,616,-2.8018807006590776,-2.797560726100184,True,-0.004319974558893769,-2.7850507177591135,-2.742014676369057,-2.875331118726641,-2.780769071099194,-2.686243487781598,-0.02111162955988366,2.0,-0.5
38,23,3.0,4.0,702,124,578,-2.691523119726066,-2.797560726100184,True,0.10603760637411774,-2.7850507177591135,-2.742014676369057,-2.875331118726641,-2.780769071099194,-2.686243487781598,0.08924595137312785,4.0,0.5
38,24,4.0,5.0,703,211,492,-2.7163851498267815,-2.797560726100184,True,0.08117557627340233,-2.7850507177591135,-2.742014676369057,-2.875331118726641,-2.780769071099194,-2.686243487781598,0.06438392127241288,4.0,0.5
38,25,5.0,6.0,703,174,529,-2.693740668940896,-2.797560726100184,True,0.10382005715928777,-2.7850507177591135,-2.742014676369057,-2.875331118726641,-2.780769071099194,-2.686243487781598,0.08702840215829788,4.0,0.5
38,26,6.0,7.0,702,162,540,-2.8190773448499846,-2.797560726100184,True,-0.02151661874980082,-2.7850507177591135,-2.742014676369057,-2.875331118726641,-2.780769071099194,-2.686243487781598,-0.03830827375079071,2.0,-0.5
38,27,7.0,8.0,703,100,603,-2.9012552323079075,-2.797560726100184,True,-0.10369450620772369,-2.7850507177591135,-2.742014676369057,-2.875331118726641,-2.780769071099194,-2.686243487781598,-0.12048616120871358,1.0,-1.0
38,28,8.0,9.0,702,88,614,-2.933724462931123,-2.797560726100184,True,-0.13616373683093919,-2.7850507177591135,-2.742014676369057,-2.875331118726641,-2.780769071099194,-2.686243487781598,-0.15295539183192908,1.0,-1.0
38,29,9.0,10.0,703,104,599,-2.8483859593393897,-2.797560726100184,True,-0.05082523323920585,-2.7850507177591135,-2.742014676369057,-2.875331118726641,-2.780769071099194,-2.686243487781598,-0.06761688824019574,2.0,-0.5
38,30,10.0,11.0,702,132,570,-2.748403403593763,-2.797560726100184,True,0.0491573225064208,-2.7850507177591135,-2.742014676369057,-2.875331118726641,-2.780769071099194,-2.686243487781598,0.032365667505430906,3.0,0.0
38,31,11.0,12.0,703,121,582,-2.756276696425847,-2.797560726100184,True,0.041284029674336864,-2.7850507177591135,-2.742014676369057,-2.875331118726641,-2.780769071099194,-2.686243487781598,0.024492374673346973,3.0,0.0
38,32,12.0,13.0,703,103,600,-2.7645617830253055,-2.797560726100184,True,0.03299894307487827,-2.7850507177591135,-2.742014676369057,-2.875331118726641,-2.780769071099194,-2.686243487781598,0.016207288073888826,3.0,0.0
38,33,13.0,14.0,702,140,562,-2.968110675620677,-2.797560726100184,True,-0.17054994952049318,-2.7850507177591135,-2.742014676369057,-2.875331118726641,-2.780769071099194,-2.686243487781598,-0.18734160452148307,1.0,-1.0
38,34,14.0,15.0,703,173,530,-2.7542632583736735,-2.797560726100184,True,0.04329746772651033,-2.7850507177591135,-2.742014676369057,-2.875331118726641,-2.780769071099194,-2.686243487781598,0.026505812725520883,3.0,0.0
38,35,15.0,16.0,702,87,615,-2.8845893413098,-2.797560726100184,True,-0.08702861520961624,-2.7850507177591135,-2.742014676369057,-2.875331118726641,-2.780769071099194,-2.686243487781598,-0.10382027021060614,1.0,-1.0
38,36,16.0,17.0,703,207,496,-2.8319381460915367,-2.797560726100184,True,-0.03437741999135291,-2.7850507177591135,-2.742014676369057,-2.875331118726641,-2.780769071099194,-2.686243487781598,-0.0511690749923428,2.0,-0.5
38,37,17.0,18.0,702,96,606,-2.8192608892826954,-2.797560726100184,True,-0.021700163182511556,-2.7850507177591135,-2.742014676369057,-2.875331118726641,-2.780769071099194,-2.686243487781598,-0.03849181818350189,2.0,-0.5
38,38,18.0,19.0,703,190,513,-2.839961260505857,-2.797560726100184,True,-0.04240053440567326,-2.7850507177591135,-2.742014676369057,-2.875331118726641,-2.780769071099194,-2.686243487781598,-0.059192189406663154,2.0,-0.5
38,39,19.0,20.0,703,147,556,-2.964311988630844,-2.797560726100184,True,-0.16675126253066042,-2.7850507177591135,-2.742014676369057,-2.875331118726641,-2.780769071099194,-2.686243487781598,-0.1835429175316503,1.0,-1.0
39,0,-20.0,-19.0,703,0,703,,-2.594775270324455,True,,-2.605461818241302,-2.5886282961922418,-2.6662421723908336,-2.5991246224506845,-2.4994691071039687,,,
39,1,-19.0,-18.0,702,568,134,-2.6472072177357058,-2.594775270324455,True,-0.05243194741125068,-2.605461818241302,-2.5886282961922418,-2.6662421723908336,-2.5991246224506845,-2.4994691071039687,-0.048082595285021235,2.0,-0.5
39,2,-18.0,-17.0,703,114,589,-2.7629565525102238,-2.594775270324455,True,-0.16818128218576867,-2.605461818241302,-2.5886282961922418,-2.6662421723908336,-2.5991246224506845,-2.4994691071039687,-0.16383193005953967,1.0,-1.0
39,3,-17.0,-16.0,702,315,387,-2.37302946053114,-2.594775270324455,True,0.22174580979331493,-2.605461818241302,-2.5886282961922418,-2.6662421723908336,-2.5991246224506845,-2.4994691071039687,0.22609516191954437,5.0,1.0
39,4,-16.0,-15.0,703,0,703,,-2.594775270324455,True,,-2.605461818241302,-2.5886282961922418,-2.6662421723908336,-2.5991246224506845,-2.4994691071039687,,,
39,5,-15.0,-14.0,702,0,702,,-2.594775270324455,True,,-2.605461818241302,-2.5886282961922418,-2.6662421723908336,-2.5991246224506845,-2.4994691071039687,,,
39,6,-14.0,-13.0,703,0,703,,-2.594775270324455,True,,-2.605461818241302,-2.5886282961922418,-2.6662421723908336,-2.5991246224506845,-2.4994691071039687,,,
39,7,-13.0,-12.0,703,0,703,,-2.594775270324455,True,,-2.605461818241302,-2.5886282961922418,-2.6662421723908336,-2.5991246224506845,-2.4994691071039687,,,
39,8,-12.0,-11.0,702,117,585,-2.7838370565859427,-2.594775270324455,True,-0.18906178626148762,-2.605461818241302,-2.5886282961922418,-2.6662421723908336,-2.5991246224506845,-2.4994691071039687,-0.18471243413525817,1.0,-1.0
39,9,-11.0,-10.0,703,0,703,,-2.594775270324455,True,,-2.605461818241302,-2.5886282961922418,-2.6662421723908336,-2.5991246224506845,-2.4994691071039687,,,
39,10,-10.0,-9.0,702,195,507,-2.6662421723908336,-2.594775270324455,True,-0.07146690206637851,-2.605461818241302,-2.5886282961922418,-2.6662421723908336,-2.5991246224506845,-2.4994691071039687,-0.06711754994014907,2.0,-0.5
39,11,-9.0,-8.0,703,113,590,-2.5816307453532796,-2.594775270324455,True,0.013144524971175464,-2.605461818241302,-2.5886282961922418,-2.6662421723908336,-2.5991246224506845,-2.4994691071039687,0.017493877097404464,4.0,0.5
39,12,-8.0,-7.0,702,54,648,-2.4643078745093137,-2.594775270324455,True,0.13046739581514144,-2.605461818241302,-2.5886282961922418,-2.6662421723908336,-2.5991246224506845,-2.4994691071039687,0.13481674794137088,5.0,1.0
39,13,-7.0,-6.0,703,0,703,,-2.594775270324455,True,,-2.605461818241302,-2.5886282961922418,-2.6662421723908336,-2.5991246224506845,-2.4994691071039687,,,
39,14,-6.0,-5.0,703,148,555,-2.5991246224506845,-2.594775270324455,True,-0.004349352126229444,-2.605461818241302,-2.5886282961922418,-2.6662421723908336,-2.5991246224506845,-2.4994691071039687,0.0,3.0,0.0
39,15,-5.0,-4.0,702,147,555,-2.4681108505411107,-2.594775270324455,True,0.12666441978334442,-2.605461818241302,-2.5886282961922418,-2.6662421723908336,-2.5991246224506845,-2.4994691071039687,0.13101377190957386,5.0,1.0
39,16,-4.0,-3.0,703,182,521,-2.6096866154350464,-2.594775270324455,True,-0.014911345110591334,-2.605461818241302,-2.5886282961922418,-2.6662421723908336,-2.5991246224506845,-2.4994691071039687,-0.01056199298436189,2.0,-0.5
39,17,-3.0,-2.0,702,177,525,-2.4994691071039687,-2.594775270324455,True,0.09530616322048635,-2.605461818241302,-2.5886282961922418,-2.6662421723908336,-2.5991246224506845,-2.4994691071039687,0.0996555153467158,5.0,1.0
39,18,-2.0,-1.0,703,154,549,-2.7489749711310068,-2.594775270324455,True,-0.15419970080655165,-2.605461818241302,-2.5886282961922418,-2.6662421723908336,-2.5991246224506845,-2.4994691071039687,-0.1498503486803222,1.0,-1.0
39,19,-1.0,0.0,702,163,539,-2.527501267939664,-2.594775270324455,True,0.06727400238479131,-2.605461818241302,-2.5886282961922418,-2.6662421723908336,-2.5991246224506845,-2.4994691071039687,0.07162335451102075,4.0,0.5
39,20,0.0,1.0,703,121,582,-2.856074424286251,-2.594775270324455,True,-0.2612991539617959,-2.605461818241302,-2.5886282961922418,-2.6662421723908336,-2.5991246224506845,-2.4994691071039687,-0.2569498018355665,1.0,-1.0
39,21,1.0,2.0,703,188,515,-2.604487213868046,-2.594775270324455,True,-0.009711943543591062,-2.605461818241302,-2.5886282961922418,-2.6662421723908336,-2.5991246224506845,-2.4994691071039687,-0.005362591417361617,3.0,0.0
39,22,2.0,3.0,702,172,530,-2.6374009570207106,-2.594775270324455,True,-0.04262568669625555,-2.605461818241302,-2.5886282961922418,-2.6662421723908336,-2.5991246224506845,-2.4994691071039687,-0.03827633457002566,2.0,-0.5
39,23,3.0,4.0,703,155,548,-2.6463761271527,-2.594775270324455,True,-0.05160085682824489,-2.605461818241302,-2.5886282961922418,-2.6662421723908336,-2.5991246224506845,-2.4994691071039687,-0.047251504702015446,2.0,-0.5
39,24,4.0,5.0,702,181,521,-2.5429565652394106,-2.594775270324455,True,0.05181870508504449,-2.605461818241302,-2.5886282961922418,-2.6662421723908336,-2.5991246224506845,-2.4994691071039687,0.056168057211273936,4.0,0.5
39,25,5.0,6.0,703,196,507,-2.5761603242094173,-2.594775270324455,True,0.018614946115037778,-2.605461818241302,-2.5886282961922418,-2.6662421723908336,-2.5991246224506845,-2.4994691071039687,0.022964298241267223,4.0,0.5
39,26,6.0,7.0,702,193,509,-2.726111017849939,-2.594775270324455,True,-0.13133574752548371,-2.605461818241302,-2.5886282961922418,-2.6662421723908336,-2.5991246224506845,-2.4994691071039687,-0.12698639539925427,1.0,-1.0
39,27,7.0,8.0,703,178,525,-2.640420189769439,-2.594775270324455,True,-0.045644919444983945,-2.605461818241302,-2.5886282961922418,-2.6662421723908336,-2.5991246224506845,-2.4994691071039687,-0.0412955673187545,2.0,-0.5
39,28,8.0,9.0,703,168,535,-2.5965728939253205,-2.594775270324455,True,-0.001797623600865439,-2.605461818241302,-2.5886282961922418,-2.6662421723908336,-2.5991246224506845,-2.4994691071039687,0.0025517285253640054,3.0,0.0
39,29,9.0,10.0,702,0,702,,-2.594775270324455,True,,-2.605461818241302,-2.5886282961922418,-2.6662421723908336,-2.5991246224506845,-2.4994691071039687,,,
39,30,10.0,11.0,703,190,513,-2.648222966149596,-2.594775270324455,True,-0.05344769582514086,-2.605461818241302,-2.5886282961922418,-2.6662421723908336,-2.5991246224506845,-2.4994691071039687,-0.04909834369891142,2.0,-0.5
39,31,11.0,12.0,702,174,528,-2.597436790397117,-2.594775270324455,True,-0.0026615200726620714,-2.605461818241302,-2.5886282961922418,-2.6662421723908336,-2.5991246224506845,-2.4994691071039687,0.001687832053567373,3.0,0.0
39,32,12.0,13.0,703,0,703,,-2.594775270324455,True,,-2.605461818241302,-2.5886282961922418,-2.6662421723908336,-2.5991246224506845,-2.4994691071039687,,,
39,33,13.0,14.0,702,331,371,-2.6599182411535467,-2.594775270324455,True,-0.0651429708290916,-2.605461818241302,-2.5886282961922418,-2.6662421723908336,-2.5991246224506845,-2.4994691071039687,-0.06079361870286215,2.0,-0.5
39,34,14.0,15.0,703,212,491,-2.648477592824408,-2.594775270324455,True,-0.05370232249995288,-2.605461818241302,-2.5886282961922418,-2.6662421723908336,-2.5991246224506845,-2.4994691071039687,-0.04935297037372344,2.0,-0.5
39,35,15.0,16.0,703,150,553,-2.486146359232919,-2.594775270324455,True,0.10862891109153594,-2.605461818241302,-2.5886282961922418,-2.6662421723908336,-2.5991246224506845,-2.4994691071039687,0.11297826321776538,5.0,1.0
39,36,16.0,17.0,702,148,554,-2.444703420655911,-2.594775270324455,True,0.15007184966854403,-2.605461818241302,-2.5886282961922418,-2.6662421723908336,-2.5991246224506845,-2.4994691071039687,0.15442120179477348,5.0,1.0
39,37,17.0,18.0,703,182,521,-2.5628575619219025,-2.594775270324455,True,0.03191770840255259,-2.605461818241302,-2.5886282961922418,-2.6662421723908336,-2.5991246224506845,-2.4994691071039687,0.036267060528782036,4.0,0.5
39,38,18.0,19.0,702,155,547,-2.6133352447033844,-2.594775270324455,True,-0.01855997437892931,-2.605461818241302,-2.5886282961922418,-2.6662421723908336,-2.5991246224506845,-2.4994691071039687,-0.014210622252699867,2.0,-0.5
39,39,19.0,20.0,703,81,622,-2.6354258233489625,-2.594775270324455,True,-0.040650553024507374,-2.605461818241302,-2.5886282961922418,-2.6662421723908336,-2.5991246224506845,-2.4994691071039687,-0.03630120089827793,2.0,-0.5
40,0,-20.0,-19.0,702,0,702,,-2.6537773202053043,True,,-2.661832727888118,-2.637397116990699,-2.7033355779189585,-2.65021483583529,-2.554309245537364,,,
40,1,-19.0,-18.0,703,159,544,-2.7135478339305483,-2.6537773202053043,True,-0.059770513725244,-2.661832727888118,-2.637397116990699,-2.7033355779189585,-2.65021483583529,-2.554309245537364,-0.06333299809525839,1.0,-1.0
40,2,-18.0,-17.0,702,190,512,-2.6807181798998303,-2.6537773202053043,True,-0.026940859694525976,-2.661832727888118,-2.637397116990699,-2.7033355779189585,-2.65021483583529,-2.554309245537364,-0.03050334406454036,2.0,-0.5
40,3,-17.0,-16.0,703,194,509,-2.58309086456018,-2.6537773202053043,True,0.0706864556451241,-2.661832727888118,-2.637397116990699,-2.7033355779189585,-2.65021483583529,-2.554309245537364,0.06712397127510972,4.0,0.5
40,4,-16.0,-15.0,702,166,536,-2.5145419903771296,-2.6537773202053043,True,0.13923532982817477,-2.661832727888118,-2.637397116990699,-2.7033355779189585,-2.65021483583529,-2.554309245537364,0.13567284545816038,5.0,1.0
40,5,-15.0,-14.0,703,177,526,-2.493695895156283,-2.6537773202053043,True,0.16008142504902123,-2.661832727888118,-2.637397116990699,-2.7033355779189585,-2.65021483583529,-2.554309245537364,0.15651894067900685,5.0,1.0
40,6,-14.0,-13.0,703,161,542,-2.6448920944530316,-2.6537773202053043,True,0.008885225752272685,-2.661832727888118,-2.637397116990699,-2.7033355779189585,-2.65021483583529,-2.554309245537364,0.005322741382257856,3.0,0.0
40,7,-13.0,-12.0,702,212,490,-2.524003867829649,-2.6537773202053043,True,0.1297734523756553,-2.661832727888118,-2.637397116990699,-2.7033355779189585,-2.65021483583529,-2.554309245537364,0.1262109680056409,5.0,1.0
40,8,-12.0,-11.0,703,160,543,-2.6555375772175482,-2.6537773202053043,True,-0.0017602570122439154,-2.661832727888118,-2.637397116990699,-2.7033355779189585,-2.65021483583529,-2.554309245537364,-0.005322741382257856,3.0,0.0
40,9,-11.0,-10.0,702,206,496,-2.5640847610853252,-2.6537773202053043,True,0.08969255911997909,-2.661832727888118,-2.637397116990699,-2.7033355779189585,-2.65021483583529,-2.554309245537364,0.08613007474996515,4.0,0.5
40,10,-10.0,-9.0,703,183,520,-2.6149121846036985,-2.6537773202053043,True,0.03886513560160587,-2.661832727888118,-2.637397116990699,-2.7033355779189585,-2.65021483583529,-2.554309245537364,0.035302651231591486,4.0,0.5
40,11,-9.0,-8.0,702,149,553,-2.5249826988934827,-2.6537773202053043,True,0.12879462131182162,-2.661832727888118,-2.637397116990699,-2.7033355779189585,-2.65021483583529,-2.554309245537364,0.12523213694180724,5.0,1.0
40,12,-8.0,-7.0,703,0,703,,-2.6537773202053043,True,,-2.661832727888118,-2.637397116990699,-2.7033355779189585,-2.65021483583529,-2.554309245537364,,,
40,13,-7.0,-6.0,703,0,703,,-2.6537773202053043,True,,-2.661832727888118,-2.637397116990699,-2.7033355779189585,-2.65021483583529,-2.554309245537364,,,
40,14,-6.0,-5.0,702,148,554,-2.699931492581762,-2.6537773202053043,True,-0.04615417237645758,-2.661832727888118,-2.637397116990699,-2.7033355779189585,-2.65021483583529,-2.554309245537364,-0.049716656746471966,2.0,-0.5
40,15,-5.0,-4.0,703,248,455,-2.7237936101308486,-2.6537773202053043,True,-0.07001628992554432,-2.661832727888118,-2.637397116990699,-2.7033355779189585,-2.65021483583529,-2.554309245537364,-0.0735787742955587,1.0,-1.0
40,16,-4.0,-3.0,702,376,326,-2.7171454529689,-2.6537773202053043,True,-0.06336813276359576,-2.661832727888118,-2.637397116990699,-2.7033355779189585,-2.65021483583529,-2.554309245537364,-0.06693061713361015,1.0,-1.0
40,17,-3.0,-2.0,703,218,485,-2.6924410874468823,-2.6537773202053043,True,-0.03866376724157794,-2.661832727888118,-2.637397116990699,-2.7033355779189585,-2.65021483583529,-2.554309245537364,-0.042226251611592325,2.0,-0.5
40,18,-2.0,-1.0,702,53,649,-3.113117532149769,-2.6537773202053043,True,-0.4593402119444647,-2.661832727888118,-2.637397116990699,-2.7033355779189585,-2.65021483583529,-2.554309245537364,-0.4629026963144791,1.0,-1.0
40,19,-1.0,0.0,703,0,703,,-2.6537773202053043,True,,-2.661832727888118,-2.637397116990699,-2.7033355779189585,-2.65021483583529,-2.554309245537364,,,
40,20,0.0,1.0,703,0,703,,-2.6537773202053043,True,,-2.661832727888118,-2.637397116990699,-2.7033355779189585,-2.65021483583529,-2.554309245537364,,,
40,21,1.0,2.0,702,109,593,-2.7827391070460097,-2.6537773202053043,True,-0.12896178684070536,-2.661832727888118,-2.637397116990699,-2.7033355779189585,-2.65021483583529,-2.554309245537364,-0.13252427121071975,1.0,-1.0
40,22,2.0,3.0,703,162,541,-2.859870233596332,-2.6537773202053043,True,-0.20609291339102764,-2.661832727888118,-2.637397116990699,-2.7033355779189585,-2.65021483583529,-2.554309245537364,-0.20965539776104203,1.0,-1.0
40,23,3.0,4.0,702,152,550,-2.767549083037095,-2.6537773202053043,True,-0.11377176283179047,-2.661832727888118,-2.637397116990699,-2.7033355779189585,-2.65021483583529,-2.554309245537364,-0.11733424720180485,1.0,-1.0
40,24,4.0,5.0,703,151,552,-2.635463314237378,-2.6537773202053043,True,0.018314005967926317,-2.661832727888118,-2.637397116990699,-2.7033355779189585,-2.65021483583529,-2.554309245537364,0.014751521597911932,4.0,0.5
40,25,5.0,6.0,702,280,422,-2.604260566843282,-2.6537773202053043,True,0.049516753362022214,-2.661832727888118,-2.637397116990699,-2.7033355779189585,-2.65021483583529,-2.554309245537364,0.04595426899200783,4.0,0.5
40,26,6.0,7.0,703,174,529,-2.59983548370407,-2.6537773202053043,True,0.05394183650123452,-2.661832727888118,-2.637397116990699,-2.7033355779189585,-2.65021483583529,-2.554309245537364,0.050379352131220134,4.0,0.5
40,27,7.0,8.0,703,159,544,-2.5846095062963457,-2.6537773202053043,True,0.06916781390895865,-2.661832727888118,-2.637397116990699,-2.7033355779189585,-2.65021483583529,-2.554309245537364,0.06560532953894427,4.0,0.5
40,28,8.0,9.0,702,188,514,-2.678313677461986,-2.6537773202053043,True,-0.024536357256681463,-2.661832727888118,-2.637397116990699,-2.7033355779189585,-2.65021483583529,-2.554309245537364,-0.028098841626695847,2.0,-0.5
40,29,9.0,10.0,703,186,517,-2.8127828012185483,-2.6537773202053043,True,-0.15900548101324397,-2.661832727888118,-2.637397116990699,-2.7033355779189585,-2.65021483583529,-2.554309245537364,-0.16256796538325835,1.0,-1.0
40,30,10.0,11.0,702,159,543,-2.739088120586313,-2.6537773202053043,True,-0.0853108003810088,-2.661832727888118,-2.637397116990699,-2.7033355779189585,-2.65021483583529,-2.554309245537364,-0.08887328475102318,1.0,-1.0
40,31,11.0,12.0,703,140,563,-2.7059947301710907,-2.6537773202053043,True,-0.05221740996578639,-2.661832727888118,-2.637397116990699,-2.7033355779189585,-2.65021483583529,-2.554309245537364,-0.05577989433580077,1.0,-1.0
40,32,12.0,13.0,702,174,528,-2.6353083772801114,-2.6537773202053043,True,0.018468942925192966,-2.661832727888118,-2.637397116990699,-2.7033355779189585,-2.65021483583529,-2.554309245537364,0.014906458555178137,4.0,0.5
40,33,13.0,14.0,703,156,547,-2.703304567844183,-2.6537773202053043,True,-0.04952724763887861,-2.661832727888118,-2.637397116990699,-2.7033355779189585,-2.65021483583529,-2.554309245537364,-0.053089732008893,2.0,-0.5
40,34,14.0,15.0,703,96,607,-2.5208079589645767,-2.6537773202053043,True,0.13296936124072767,-2.661832727888118,-2.637397116990699,-2.7033355779189585,-2.65021483583529,-2.554309245537364,0.12940687687071328,5.0,1.0
40,35,15.0,16.0,702,177,525,-2.6410803500576905,-2.6537773202053043,True,0.01269697014761384,-2.661832727888118,-2.637397116990699,-2.7033355779189585,-2.65021483583529,-2.554309245537364,0.009134485777599455,3.0,0.0
40,36,16.0,17.0,703,183,520,-2.7870380984320273,-2.6537773202053043,True,-0.133260778226723,-2.661832727888118,-2.637397116990699,-2.7033355779189585,-2.65021483583529,-2.554309245537364,-0.13682326259673783,1.0,-1.0
40,37,17.0,18.0,702,176,526,-2.686390459376271,-2.6537773202053043,True,-0.032613139170966754,-2.661832727888118,-2.637397116990699,-2.7033355779189585,-2.65021483583529,-2.554309245537364,-0.03617562354098114,2.0,-0.5
40,38,18.0,19.0,703,177,526,-2.807762243146884,-2.6537773202053043,True,-0.1539849229415795,-2.661832727888118,-2.637397116990699,-2.7033355779189585,-2.65021483583529,-2.554309245537364,-0.1575474073115939,1.0,-1.0
40,39,19.0,20.0,702,230,472,-2.564799999396569,-2.6537773202053043,True,0.08897732080873544,-2.661832727888118,-2.637397116990699,-2.7033355779189585,-2.65021483583529,-2.554309245537364,0.08541483643872105,4.0,0.5
41,0,-20.0,-19.0,702,118,584,-2.5610037859567667,-2.6473376325887052,True,0.08633384663193855,-2.6279733037817246,-2.5980507345603794,-2.68502252095302,-2.612340039084989,-2.552412813281164,0.05133625312822243,4.0,0.5
41,1,-19.0,-18.0,703,233,470,-2.6845350881123786,-2.6473376325887052,True,-0.03719745552367337,-2.6279733037817246,-2.5980507345603794,-2.68502252095302,-2.612340039084989,-2.552412813281164,-0.07219504902738949,2.0,-0.5
41,2,-18.0,-17.0,702,178,524,-2.5975933173764796,-2.6473376325887052,True,0.049744315212225665,-2.6279733037817246,-2.5980507345603794,-2.68502252095302,-2.612340039084989,-2.552412813281164,0.014746721708509103,4.0,0.5
41,3,-17.0,-16.0,703,189,514,-2.655044326967965,-2.6473376325887052,True,-0.007706694379259638,-2.6279733037817246,-2.5980507345603794,-2.68502252095302,-2.612340039084989,-2.552412813281164,-0.042704287882975756,2.0,-0.5
41,4,-16.0,-15.0,703,18,685,-3.521011545100661,-2.6473376325887052,True,-0.8736739125119559,-2.6279733037817246,-2.5980507345603794,-2.68502252095302,-2.612340039084989,-2.552412813281164,-0.908671506015672,1.0,-1.0
41,5,-15.0,-14.0,702,203,499,-2.6410918368463654,-2.6473376325887052,True,0.006245795742339855,-2.6279733037817246,-2.5980507345603794,-2.68502252095302,-2.612340039084989,-2.552412813281164,-0.028751797761376263,2.0,-0.5
41,6,-14.0,-13.0,703,181,522,-2.6864848194749436,-2.6473376325887052,True,-0.039147186886238305,-2.6279733037817246,-2.5980507345603794,-2.68502252095302,-2.612340039084989,-2.552412813281164,-0.07414478038995487,1.0,-1.0
41,7,-13.0,-12.0,702,167,535,-2.6300733389537787,-2.6473376325887052,True,0.017264293634926542,-2.6279733037817246,-2.5980507345603794,-2.68502252095302,-2.612340039084989,-2.552412813281164,-0.017733299868789576,2.0,-0.5
41,8,-12.0,-11.0,703,231,472,-2.626255093186408,-2.6473376325887052,True,0.021082539402297318,-2.6279733037817246,-2.5980507345603794,-2.68502252095302,-2.612340039084989,-2.552412813281164,-0.0139150541014188,3.0,0.0
41,9,-11.0,-10.0,702,170,532,-2.4128512273188396,-2.6473376325887052,True,0.23448640526986564,-2.6279733037817246,-2.5980507345603794,-2.68502252095302,-2.612340039084989,-2.552412813281164,0.19948881176614908,5.0,1.0
41,10,-10.0,-9.0,703,206,497,-2.59842498498357,-2.6473376325887052,True,0.04891264760513536,-2.6279733037817246,-2.5980507345603794,-2.68502252095302,-2.612340039084989,-2.552412813281164,0.013915054101419244,3.0,0.0
41,11,-9.0,-8.0,703,188,515,-2.490034611667295,-2.6473376325887052,True,0.15730302092141013,-2.6279733037817246,-2.5980507345603794,-2.68502252095302,-2.612340039084989,-2.552412813281164,0.12230542741769401,5.0,1.0
41,12,-8.0,-7.0,702,216,486,-2.8215619328733794,-2.6473376325887052,True,-0.17422430028467417,-2.6279733037817246,-2.5980507345603794,-2.68502252095302,-2.612340039084989,-2.552412813281164,-0.2092218937883903,1.0,-1.0
41,13,-7.0,-6.0,703,221,482,-2.5925485336337735,-2.6473376325887052,True,0.05478909895493178,-2.6279733037817246,-2.5980507345603794,-2.68502252095302,-2.612340039084989,-2.552412813281164,0.019791505451216107,4.0,0.5
41,14,-6.0,-5.0,702,256,446,-2.5266398952543563,-2.6473376325887052,True,0.12069773733434896,-2.6279733037817246,-2.5980507345603794,-2.68502252095302,-2.612340039084989,-2.552412813281164,0.08570014383063285,5.0,1.0
41,15,-5.0,-4.0,703,202,501,-2.4748049605148115,-2.6473376325887052,True,0.17253267207389378,-2.6279733037817246,-2.5980507345603794,-2.68502252095302,-2.612340039084989,-2.552412813281164,0.13753507857017766,5.0,1.0
41,16,-4.0,-3.0,702,154,548,-2.6955120414470883,-2.6473376325887052,True,-0.04817440885838309,-2.6279733037817246,-2.5980507345603794,-2.68502252095302,-2.612340039084989,-2.552412813281164,-0.0831720023620992,1.0,-1.0
41,17,-3.0,-2.0,703,268,435,-2.7071282030938835,-2.6473376325887052,True,-0.05979057050517822,-2.6279733037817246,-2.5980507345603794,-2.68502252095302,-2.612340039084989,-2.552412813281164,-0.09478816400889434,1.0,-1.0
41,18,-2.0,-1.0,703,159,544,-2.4298447176269606,-2.6473376325887052,True,0.2174929149617446,-2.6279733037817246,-2.5980507345603794,-2.68502252095302,-2.612340039084989,-2.552412813281164,0.1824953214580285,5.0,1.0
41,19,-1.0,0.0,702,102,600,-2.5943083913844034,-2.6473376325887052,True,0.05302924120430186,-2.6279733037817246,-2.5980507345603794,-2.68502252095302,-2.612340039084989,-2.552412813281164,0.01803164770058574,4.0,0.5
41,20,0.0,1.0,703,154,549,-2.6074508386140653,-2.6473376325887052,True,0.0398867939746399,-2.6279733037817246,-2.5980507345603794,-2.68502252095302,-2.612340039084989,-2.552412813281164,0.004889200470923782,3.0,0.0
41,21,1.0,2.0,702,293,409,-2.44596068923231,-2.6473376325887052,True,0.20137694335639544,-2.6279733037817246,-2.5980507345603794,-2.68502252095302,-2.612340039084989,-2.552412813281164,0.16637934985267933,5.0,1.0
41,22,2.0,3.0,703,442,261,-2.488413436676011,-2.6473376325887052,True,0.15892419591269435,-2.6279733037817246,-2.5980507345603794,-2.68502252095302,-2.612340039084989,-2.552412813281164,0.12392660240897824,5.0,1.0
41,23,3.0,4.0,702,386,316,-2.2085012052598447,-2.6473376325887052,True,0.4388364273288605,-2.6279733037817246,-2.5980507345603794,-2.68502252095302,-2.612340039084989,-2.552412813281164,0.4038388338251444,5.0,1.0
41,24,4.0,5.0,703,0,703,,-2.6473376325887052,True,,-2.6279733037817246,-2.5980507345603794,-2.68502252095302,-2.612340039084989,-2.552412813281164,,,
41,25,5.0,6.0,703,0,703,,-2.6473376325887052,True,,-2.6279733037817246,-2.5980507345603794,-2.68502252095302,-2.612340039084989,-2.552412813281164,,,
41,26,6.0,7.0,702,0,702,,-2.6473376325887052,True,,-2.6279733037817246,-2.5980507345603794,-2.68502252095302,-2.612340039084989,-2.552412813281164,,,
41,27,7.0,8.0,703,0,703,,-2.6473376325887052,True,,-2.6279733037817246,-2.5980507345603794,-2.68502252095302,-2.612340039084989,-2.552412813281164,,,
41,28,8.0,9.0,702,0,702,,-2.6473376325887052,True,,-2.6279733037817246,-2.5980507345603794,-2.68502252095302,-2.612340039084989,-2.552412813281164,,,
41,29,9.0,10.0,703,0,703,,-2.6473376325887052,True,,-2.6279733037817246,-2.5980507345603794,-2.68502252095302,-2.612340039084989,-2.552412813281164,,,
41,30,10.0,11.0,702,0,702,,-2.6473376325887052,True,,-2.6279733037817246,-2.5980507345603794,-2.68502252095302,-2.612340039084989,-2.552412813281164,,,
41,31,11.0,12.0,703,210,493,-2.9750092347545456,-2.6473376325887052,True,-0.32767160216584035,-2.6279733037817246,-2.5980507345603794,-2.68502252095302,-2.612340039084989,-2.552412813281164,-0.36266919566955647,1.0,-1.0
41,32,12.0,13.0,703,600,103,-2.6197916822165914,-2.6473376325887052,True,0.027545950372113825,-2.6279733037817246,-2.5980507345603794,-2.68502252095302,-2.612340039084989,-2.552412813281164,-0.007451643131602292,3.0,0.0
41,33,13.0,14.0,702,606,96,-2.4582672346745373,-2.6473376325887052,True,0.1890703979141679,-2.6279733037817246,-2.5980507345603794,-2.68502252095302,-2.612340039084989,-2.552412813281164,0.1540728044104518,5.0,1.0
41,34,14.0,15.0,703,266,437,-2.9631626508712423,-2.6473376325887052,True,-0.31582501828253706,-2.6279733037817246,-2.5980507345603794,-2.68502252095302,-2.612340039084989,-2.552412813281164,-0.3508226117862532,1.0,-1.0
41,35,15.0,16.0,702,511,191,-2.4513287434151043,-2.6473376325887052,True,0.19600888917360093,-2.6279733037817246,-2.5980507345603794,-2.68502252095302,-2.612340039084989,-2.552412813281164,0.1610112956698848,5.0,1.0
41,36,16.0,17.0,703,54,649,-3.457549245045875,-2.6473376325887052,True,-0.8102116124571697,-2.6279733037817246,-2.5980507345603794,-2.68502252095302,-2.612340039084989,-2.552412813281164,-0.8452092059608858,1.0,-1.0
41,37,17.0,18.0,702,573,129,-2.932810495897067,-2.6473376325887052,True,-0.28547286330836164,-2.6279733037817246,-2.5980507345603794,-2.68502252095302,-2.612340039084989,-2.552412813281164,-0.32047045681207775,1.0,-1.0
41,38,18.0,19.0,703,702,1,-1.8669243944474938,-2.6473376325887052,True,0.7804132381412114,-2.6279733037817246,-2.5980507345603794,-2.68502252095302,-2.612340039084989,-2.552412813281164,0.7454156446374955,5.0,1.0
41,39,19.0,20.0,703,636,67,-1.806035894654954,-2.6473376325887052,True,0.8413017379337513,-2.6279733037817246,-2.5980507345603794,-2.68502252095302,-2.612340039084989,-2.552412813281164,0.8063041444300352,5.0,1.0
42,0,-20.0,-19.0,702,207,495,-2.6637780448376174,-2.574267109359442,True,-0.08951093547817557,-2.5390099429350954,-2.507939419696322,-2.649068900975589,-2.5225868929109443,-2.463472663852701,-0.1411911519266731,1.0,-1.0
42,1,-19.0,-18.0,703,278,425,-2.4873813751552607,-2.574267109359442,True,0.08688573420418111,-2.5390099429350954,-2.507939419696322,-2.649068900975589,-2.5225868929109443,-2.463472663852701,0.03520551775568359,4.0,0.5
42,2,-18.0,-17.0,703,0,703,,-2.574267109359442,True,,-2.5390099429350954,-2.507939419696322,-2.649068900975589,-2.5225868929109443,-2.463472663852701,,,
42,3,-17.0,-16.0,702,356,346,-2.2876093729463713,-2.574267109359442,True,0.28665773641307046,-2.5390099429350954,-2.507939419696322,-2.649068900975589,-2.5225868929109443,-2.463472663852701,0.2349775199645725,5.0,1.0
42,4,-16.0,-15.0,703,41,662,-3.125672589509943,-2.574267109359442,True,-0.5514054801505011,-2.5390099429350954,-2.507939419696322,-2.649068900975589,-2.5225868929109443,-2.463472663852701,-0.6030856965989986,1.0,-1.0
42,5,-15.0,-14.0,702,0,702,,-2.574267109359442,True,,-2.5390099429350954,-2.507939419696322,-2.649068900975589,-2.5225868929109443,-2.463472663852701,,,
42,6,-14.0,-13.0,703,197,506,-2.498174437553241,-2.574267109359442,True,0.07609267180620094,-2.5390099429350954,-2.507939419696322,-2.649068900975589,-2.5225868929109443,-2.463472663852701,0.024412455357703422,4.0,0.5
42,7,-13.0,-12.0,702,0,702,,-2.574267109359442,True,,-2.5390099429350954,-2.507939419696322,-2.649068900975589,-2.5225868929109443,-2.463472663852701,,,
42,8,-12.0,-11.0,703,0,703,,-2.574267109359442,True,,-2.5390099429350954,-2.507939419696322,-2.649068900975589,-2.5225868929109443,-2.463472663852701,,,
42,9,-11.0,-10.0,703,188,515,-2.6193924994422035,-2.574267109359442,True,-0.04512539008276173,-2.5390099429350954,-2.507939419696322,-2.649068900975589,-2.5225868929109443,-2.463472663852701,-0.09680560653125925,2.0,-0.5
42,10,-10.0,-9.0,702,256,446,-2.6490689009755894,-2.574267109359442,True,-0.07480179161614764,-2.5390099429350954,-2.507939419696322,-2.649068900975589,-2.5225868929109443,-2.463472663852701,-0.1264820080646447,2.0,-0.5
42,11,-9.0,-8.0,703,0,703,,-2.574267109359442,True,,-2.5390099429350954,-2.507939419696322,-2.649068900975589,-2.5225868929109443,-2.463472663852701,,,
42,12,-8.0,-7.0,702,197,505,-2.5499586429511956,-2.574267109359442,True,0.024308466408246243,-2.5390099429350954,-2.507939419696322,-2.649068900975589,-2.5225868929109443,-2.463472663852701,-0.02737175004025172,2.0,-0.5
42,13,-7.0,-6.0,703,196,507,-2.463472663852701,-2.574267109359442,True,0.11079444550674067,-2.5390099429350954,-2.507939419696322,-2.649068900975589,-2.5225868929109443,-2.463472663852701,0.05911422905824315,5.0,1.0
42,14,-6.0,-5.0,702,199,503,-2.4466561952788832,-2.574267109359442,True,0.12761091408055858,-2.5390099429350954,-2.507939419696322,-2.649068900975589,-2.5225868929109443,-2.463472663852701,0.07593069763206106,5.0,1.0
42,15,-5.0,-4.0,703,212,491,-2.4591797428531788,-2.574267109359442,True,0.11508736650626306,-2.5390099429350954,-2.507939419696322,-2.649068900975589,-2.5225868929109443,-2.463472663852701,0.06340715005776554,5.0,1.0
42,16,-4.0,-3.0,703,0,703,,-2.574267109359442,True,,-2.5390099429350954,-2.507939419696322,-2.649068900975589,-2.5225868929109443,-2.463472663852701,,,
42,17,-3.0,-2.0,702,0,702,,-2.574267109359442,True,,-2.5390099429350954,-2.507939419696322,-2.649068900975589,-2.5225868929109443,-2.463472663852701,,,
42,18,-2.0,-1.0,703,191,512,-2.6925410634056126,-2.574267109359442,True,-0.1182739540461708,-2.5390099429350954,-2.507939419696322,-2.649068900975589,-2.5225868929109443,-2.463472663852701,-0.16995417049466832,1.0,-1.0
42,19,-1.0,0.0,702,284,418,-2.5225868929109443,-2.574267109359442,True,0.05168021644849752,-2.5390099429350954,-2.507939419696322,-2.649068900975589,-2.5225868929109443,-2.463472663852701,0.0,3.0,0.0
42,20,0.0,1.0,703,161,542,-2.7480871715220494,-2.574267109359442,True,-0.1738200621626076,-2.5390099429350954,-2.507939419696322,-2.649068900975589,-2.5225868929109443,-2.463472663852701,-0.2255002786111051,1.0,-1.0
42,21,1.0,2.0,702,206,496,-2.5191474042667883,-2.574267109359442,True,0.055119705092653515,-2.5390099429350954,-2.507939419696322,-2.649068900975589,-2.5225868929109443,-2.463472663852701,0.003439488644155997,3.0,0.0
42,22,2.0,3.0,703,238,465,-2.5069850882365134,-2.574267109359442,True,0.06728202112292836,-2.5390099429350954,-2.507939419696322,-2.649068900975589,-2.5225868929109443,-2.463472663852701,0.015601804674431285,4.0,0.5
42,23,3.0,4.0,703,183,520,-2.4497903205009894,-2.574267109359442,True,0.12447678885845237,-2.5390099429350954,-2.507939419696322,-2.649068900975589,-2.5225868929109443,-2.463472663852701,0.0727965724099553,5.0,1.0
42,24,4.0,5.0,702,181,521,-2.527085673824492,-2.574267109359442,True,0.04718143553495002,-2.5390099429350954,-2.507939419696322,-2.649068900975589,-2.5225868929109443,-2.463472663852701,-0.004498780913547495,3.0,0.0
42,25,5.0,6.0,703,196,507,-2.4675581753381386,-2.574267109359442,True,0.10670893402130321,-2.5390099429350954,-2.507939419696322,-2.649068900975589,-2.5225868929109443,-2.463472663852701,0.0550287175728057,4.0,0.5
42,26,6.0,7.0,702,195,507,-2.512200106352756,-2.574267109359442,True,0.062067003006685884,-2.5390099429350954,-2.507939419696322,-2.649068900975589,-2.5225868929109443,-2.463472663852701,0.010386786558188366,3.0,0.0
42,27,7.0,8.0,703,222,481,-2.5297370058029287,-2.574267109359442,True,0.0445301035565131,-2.5390099429350954,-2.507939419696322,-2.649068900975589,-2.5225868929109443,-2.463472663852701,-0.007150112891984417,3.0,0.0
42,28,8.0,9.0,702,392,310,-2.557732547843403,-2.574267109359442,True,0.016534561516038604,-2.5390099429350954,-2.507939419696322,-2.649068900975589,-2.5225868929109443,-2.463472663852701,-0.035145654932458914,2.0,-0.5
42,29,9.0,10.0,703,244,459,-2.588334365161966,-2.574267109359442,True,-0.014067255802524326,-2.5390099429350954,-2.507939419696322,-2.649068900975589,-2.5225868929109443,-2.463472663852701,-0.06574747225102184,2.0,-0.5
42,30,10.0,11.0,703,187,516,-2.4944174199366764,-2.574267109359442,True,0.07984968942276538,-2.5390099429350954,-2.507939419696322,-2.649068900975589,-2.5225868929109443,-2.463472663852701,0.028169472974267862,4.0,0.5
42,31,11.0,12.0,702,204,498,-2.473844903165339,-2.574267109359442,True,0.10042220619410269,-2.5390099429350954,-2.507939419696322,-2.649068900975589,-2.5225868929109443,-2.463472663852701,0.048741989745605174,4.0,0.5
42,32,12.0,13.0,703,142,561,-2.6310845193087693,-2.574267109359442,True,-0.05681740994932749,-2.5390099429350954,-2.507939419696322,-2.649068900975589,-2.5225868929109443,-2.463472663852701,-0.10849762639782501,2.0,-0.5
42,33,13.0,14.0,702,166,536,-2.5614427929926116,-2.574267109359442,True,0.012824316366830235,-2.5390099429350954,-2.507939419696322,-2.649068900975589,-2.5225868929109443,-2.463472663852701,-0.03885590008166773,2.0,-0.5
42,34,14.0,15.0,703,163,540,-2.5913486863044417,-2.574267109359442,True,-0.0170815769449999,-2.5390099429350954,-2.507939419696322,-2.649068900975589,-2.5225868929109443,-2.463472663852701,-0.06876179339349742,2.0,-0.5
42,35,15.0,16.0,702,268,434,-2.5953658549780783,-2.574267109359442,True,-0.02109874561863645,-2.5390099429350954,-2.507939419696322,-2.649068900975589,-2.5225868929109443,-2.463472663852701,-0.07277896206713397,2.0,-0.5
42,36,16.0,17.0,703,243,460,-2.4243919394659557,-2.574267109359442,True,0.14987516989348615,-2.5390099429350954,-2.507939419696322,-2.649068900975589,-2.5225868929109443,-2.463472663852701,0.09819495344498819,5.0,1.0
42,37,17.0,18.0,703,123,580,-2.592679944356144,-2.574267109359442,True,-0.0184128349967021,-2.5390099429350954,-2.507939419696322,-2.649068900975589,-2.5225868929109443,-2.463472663852701,-0.07009305144519962,2.0,-0.5
42,38,18.0,19.0,702,241,461,-2.519107181256895,-2.574267109359442,True,0.055159928102546996,-2.5390099429350954,-2.507939419696322,-2.649068900975589,-2.5225868929109443,-2.463472663852701,0.0034797116540494777,3.0,0.0
42,39,19.0,20.0,703,200,503,-2.5127407952649796,-2.574267109359442,True,0.06152631409446219,-2.5390099429350954,-2.507939419696322,-2.649068900975589,-2.5225868929109443,-2.463472663852701,0.009846097645964225,3.0,0.0
43,0,-20.0,-19.0,702,171,531,-2.544505888537015,-2.649859925785027,True,0.10535403724801196,-2.6033387620476574,-2.558114981693229,-2.632924566985497,-2.595262051588576,-2.5249413926011846,0.05075616305156094,4.0,0.5
43,1,-19.0,-18.0,703,185,518,-2.595262051588576,-2.649859925785027,True,0.05459787419645101,-2.6033387620476574,-2.558114981693229,-2.632924566985497,-2.595262051588576,-2.5249413926011846,0.0,3.0,0.0
43,2,-18.0,-17.0,703,149,554,-2.63106056031779,-2.649859925785027,True,0.018799365467236928,-2.6033387620476574,-2.558114981693229,-2.632924566985497,-2.595262051588576,-2.5249413926011846,-0.035798508729214085,2.0,-0.5
43,3,-17.0,-16.0,702,184,518,-2.79843844098677,-2.649859925785027,True,-0.14857851520174314,-2.6033387620476574,-2.558114981693229,-2.632924566985497,-2.595262051588576,-2.5249413926011846,-0.20317638939819416,1.0,-1.0
43,4,-16.0,-15.0,703,132,571,-2.6126537030719805,-2.649859925785027,True,0.03720622271304652,-2.6033387620476574,-2.558114981693229,-2.632924566985497,-2.595262051588576,-2.5249413926011846,-0.01739165148340449,2.0,-0.5
43,5,-15.0,-14.0,702,213,489,-2.6070987116562785,-2.649859925785027,True,0.04276121412874856,-2.6033387620476574,-2.558114981693229,-2.632924566985497,-2.595262051588576,-2.5249413926011846,-0.011836660067702454,2.0,-0.5
43,6,-14.0,-13.0,703,245,458,-2.6042361743208886,-2.649859925785027,True,0.04562375146413844,-2.6033387620476574,-2.558114981693229,-2.632924566985497,-2.595262051588576,-2.5249413926011846,-0.008974122732312573,2.0,-0.5
43,7,-13.0,-12.0,702,167,535,-2.552736251068917,-2.649859925785027,True,0.09712367471610994,-2.6033387620476574,-2.558114981693229,-2.632924566985497,-2.595262051588576,-2.5249413926011846,0.04252580051965893,4.0,0.5
43,8,-12.0,-11.0,703,200,503,-2.553987529482635,-2.649859925785027,True,0.0958723963023922,-2.6033387620476574,-2.558114981693229,-2.632924566985497,-2.595262051588576,-2.5249413926011846,0.04127452210594118,4.0,0.5
43,9,-11.0,-10.0,702,174,528,-2.5051965848803146,-2.649859925785027,True,0.14466334090471245,-2.6033387620476574,-2.558114981693229,-2.632924566985497,-2.595262051588576,-2.5249413926011846,0.09006546670826143,5.0,1.0
43,10,-10.0,-9.0,703,167,536,-2.46740995448845,-2.649859925785027,True,0.18244997129657703,-2.6033387620476574,-2.558114981693229,-2.632924566985497,-2.595262051588576,-2.5249413926011846,0.12785209710012602,5.0,1.0
43,11,-9.0,-8.0,703,200,503,-2.4593147803156676,-2.649859925785027,True,0.1905451454693594,-2.6033387620476574,-2.558114981693229,-2.632924566985497,-2.595262051588576,-2.5249413926011846,0.13594727127290795,5.0,1.0
43,12,-8.0,-7.0,702,201,501,-2.5157293420279907,-2.649859925785027,True,0.13413058375703635,-2.6033387620476574,-2.558114981693229,-2.632924566985497,-2.595262051588576,-2.5249413926011846,0.07953270956058534,5.0,1.0
43,13,-7.0,-6.0,703,206,497,-2.5341534431743784,-2.649859925785027,True,0.11570648261064864,-2.6033387620476574,-2.558114981693229,-2.632924566985497,-2.595262051588576,-2.5249413926011846,0.06110860841419763,4.0,0.5
43,14,-6.0,-5.0,702,194,508,-2.4071952431062953,-2.649859925785027,True,0.24266468267873176,-2.6033387620476574,-2.558114981693229,-2.632924566985497,-2.595262051588576,-2.5249413926011846,0.1880668084822803,5.0,1.0
43,15,-5.0,-4.0,703,0,703,,-2.649859925785027,True,,-2.6033387620476574,-2.558114981693229,-2.632924566985497,-2.595262051588576,-2.5249413926011846,,,
43,16,-4.0,-3.0,702,43,659,-3.4495715781894045,-2.649859925785027,True,-0.7997116524043775,-2.6033387620476574,-2.558114981693229,-2.632924566985497,-2.595262051588576,-2.5249413926011846,-0.8543095266008285,1.0,-1.0
43,17,-3.0,-2.0,703,212,491,-3.226498276586269,-2.649859925785027,True,-0.5766383508012418,-2.6033387620476574,-2.558114981693229,-2.632924566985497,-2.595262051588576,-2.5249413926011846,-0.6312362249976928,1.0,-1.0
43,18,-2.0,-1.0,703,178,525,-2.647501502462688,-2.649859925785027,True,0.0023584233223390427,-2.6033387620476574,-2.558114981693229,-2.632924566985497,-2.595262051588576,-2.5249413926011846,-0.05223945087411197,1.0,-1.0
43,19,-1.0,0.0,702,188,514,-2.6347885736532035,-2.649859925785027,True,0.015071352131823534,-2.6033387620476574,-2.558114981693229,-2.632924566985497,-2.595262051588576,-2.5249413926011846,-0.03952652206462748,1.0,-1.0
43,20,0.0,1.0,703,173,530,-2.6744179285723035,-2.649859925785027,True,-0.02455800278727649,-2.6033387620476574,-2.558114981693229,-2.632924566985497,-2.595262051588576,-2.5249413926011846,-0.0791558769837275,1.0,-1.0
43,21,1.0,2.0,702,191,511,-2.5847340325941275,-2.649859925785027,True,0.06512589319089956,-2.6033387620476574,-2.558114981693229,-2.632924566985497,-2.595262051588576,-2.5249413926011846,0.010528018994448551,3.0,0.0
43,22,2.0,3.0,703,139,564,-2.563291268051928,-2.649859925785027,True,0.08656865773309885,-2.6033387620476574,-2.558114981693229,-2.632924566985497,-2.595262051588576,-2.5249413926011846,0.03197078353664784,3.0,0.0
43,23,3.0,4.0,702,87,615,-2.4945140634368683,-2.649859925785027,True,0.15534586234815873,-2.6033387620476574,-2.558114981693229,-2.632924566985497,-2.595262051588576,-2.5249413926011846,0.10074798815170771,5.0,1.0
43,24,4.0,5.0,703,145,558,-2.609301140385237,-2.649859925785027,True,0.040558785399789965,-2.6033387620476574,-2.558114981693229,-2.632924566985497,-2.595262051588576,-2.5249413926011846,-0.014039088796661048,2.0,-0.5
43,25,5.0,6.0,703,251,452,-2.5134391176723816,-2.649859925785027,True,0.13642080811264545,-2.6033387620476574,-2.558114981693229,-2.632924566985497,-2.595262051588576,-2.5249413926011846,0.08182293391619444,5.0,1.0
43,26,6.0,7.0,702,64,638,-2.680082259783653,-2.649859925785027,True,-0.03022233399862584,-2.6033387620476574,-2.558114981693229,-2.632924566985497,-2.595262051588576,-2.5249413926011846,-0.08482020819507685,1.0,-1.0
43,27,7.0,8.0,703,235,468,-2.612632094710915,-2.649859925785027,True,0.03722783107411187,-2.6033387620476574,-2.558114981693229,-2.632924566985497,-2.595262051588576,-2.5249413926011846,-0.01737004312233914,2.0,-0.5
43,28,8.0,9.0,702,192,510,-2.5358470106489874,-2.649859925785027,True,0.11401291513603962,-2.6033387620476574,-2.558114981693229,-2.632924566985497,-2.595262051588576,-2.5249413926011846,0.059415040939588604,4.0,0.5
43,29,9.0,10.0,703,92,611,-2.4489811984047516,-2.649859925785027,True,0.20087872738027546,-2.6033387620476574,-2.558114981693229,-2.632924566985497,-2.595262051588576,-2.5249413926011846,0.146280853183824,5.0,1.0
43,30,10.0,11.0,702,239,463,-2.497373453748536,-2.649859925785027,True,0.1524864720364909,-2.6033387620476574,-2.558114981693229,-2.632924566985497,-2.595262051588576,-2.5249413926011846,0.09788859784003989,5.0,1.0
43,31,11.0,12.0,703,240,463,-2.5064691627457742,-2.649859925785027,True,0.1433907630392528,-2.6033387620476574,-2.558114981693229,-2.632924566985497,-2.595262051588576,-2.5249413926011846,0.08879288884280179,5.0,1.0
43,32,12.0,13.0,703,148,555,-2.5959338169228174,-2.649859925785027,True,0.05392610886220961,-2.6033387620476574,-2.558114981693229,-2.632924566985497,-2.595262051588576,-2.5249413926011846,-0.0006717653342409591,3.0,0.0
43,33,13.0,14.0,702,573,129,-2.8280246170059957,-2.649859925785027,True,-0.17816469122096867,-2.6033387620476574,-2.558114981693229,-2.632924566985497,-2.595262051588576,-2.5249413926011846,-0.23276256541742013,1.0,-1.0
43,34,14.0,15.0,703,486,217,-2.706243134884616,-2.649859925785027,True,-0.05638320909958905,-2.6033387620476574,-2.558114981693229,-2.632924566985497,-2.595262051588576,-2.5249413926011846,-0.11098108329604006,1.0,-1.0
43,35,15.0,16.0,702,334,368,-2.557902745016636,-2.649859925785027,True,0.09195718076839121,-2.6033387620476574,-2.558114981693229,-2.632924566985497,-2.595262051588576,-2.5249413926011846,0.0373593065719402,4.0,0.5
43,36,16.0,17.0,703,223,480,-2.987426540944371,-2.649859925785027,True,-0.33756661515934416,-2.6033387620476574,-2.558114981693229,-2.632924566985497,-2.595262051588576,-2.5249413926011846,-0.3921644893557952,1.0,-1.0
43,37,17.0,18.0,702,339,363,-2.588944260651101,-2.649859925785027,True,0.06091566513392621,-2.6033387620476574,-2.558114981693229,-2.632924566985497,-2.595262051588576,-2.5249413926011846,0.006317790937475198,3.0,0.0
43,38,18.0,19.0,703,0,703,,-2.649859925785027,True,,-2.6033387620476574,-2.558114981693229,-2.632924566985497,-2.595262051588576,-2.5249413926011846,,,
43,39,19.0,20.0,703,0,703,,-2.649859925785027,True,,-2.6033387620476574,-2.558114981693229,-2.632924566985497,-2.595262051588576,-2.5249413926011846,,,
44,0,-20.0,-19.0,703,355,348,-2.820732271115908,-2.7027090856788605,True,-0.11802318543704748,-2.684333430537917,-2.6427224071999813,-2.7259132702402464,-2.646488963886403,-2.5942642614087084,-0.1742433072295051,1.0,-1.0
44,1,-19.0,-18.0,702,128,574,-2.5002643440387464,-2.7027090856788605,True,0.20244474164011406,-2.684333430537917,-2.6427224071999813,-2.7259132702402464,-2.646488963886403,-2.5942642614087084,0.14622461984765645,5.0,1.0
44,2,-18.0,-17.0,703,59,644,-2.6389558505135597,-2.7027090856788605,True,0.06375323516530074,-2.684333430537917,-2.6427224071999813,-2.7259132702402464,-2.646488963886403,-2.5942642614087084,0.007533113372842681,4.0,0.5
44,3,-17.0,-16.0,703,0,703,,-2.7027090856788605,True,,-2.684333430537917,-2.6427224071999813,-2.7259132702402464,-2.646488963886403,-2.5942642614087084,,,
44,4,-16.0,-15.0,702,0,702,,-2.7027090856788605,True,,-2.684333430537917,-2.6427224071999813,-2.7259132702402464,-2.646488963886403,-2.5942642614087084,,,
44,5,-15.0,-14.0,703,0,703,,-2.7027090856788605,True,,-2.684333430537917,-2.6427224071999813,-2.7259132702402464,-2.646488963886403,-2.5942642614087084,,,
44,6,-14.0,-13.0,702,0,702,,-2.7027090856788605,True,,-2.684333430537917,-2.6427224071999813,-2.7259132702402464,-2.646488963886403,-2.5942642614087084,,,
44,7,-13.0,-12.0,703,0,703,,-2.7027090856788605,True,,-2.684333430537917,-2.6427224071999813,-2.7259132702402464,-2.646488963886403,-2.5942642614087084,,,
44,8,-12.0,-11.0,702,0,702,,-2.7027090856788605,True,,-2.684333430537917,-2.6427224071999813,-2.7259132702402464,-2.646488963886403,-2.5942642614087084,,,
44,9,-11.0,-10.0,703,0,703,,-2.7027090856788605,True,,-2.684333430537917,-2.6427224071999813,-2.7259132702402464,-2.646488963886403,-2.5942642614087084,,,
44,10,-10.0,-9.0,703,0,703,,-2.7027090856788605,True,,-2.684333430537917,-2.6427224071999813,-2.7259132702402464,-2.646488963886403,-2.5942642614087084,,,
44,11,-9.0,-8.0,702,231,471,-2.646488963886403,-2.7027090856788605,True,0.05622012179245761,-2.684333430537917,-2.6427224071999813,-2.7259132702402464,-2.646488963886403,-2.5942642614087084,0.0,3.0,0.0
44,12,-8.0,-7.0,703,192,511,-2.7254541312693976,-2.7027090856788605,True,-0.02274504559053714,-2.684333430537917,-2.6427224071999813,-2.7259132702402464,-2.646488963886403,-2.5942642614087084,-0.07896516738299475,2.0,-0.5
44,13,-7.0,-6.0,702,188,514,-2.7263724092110952,-2.7027090856788605,True,-0.02366332353223477,-2.684333430537917,-2.6427224071999813,-2.7259132702402464,-2.646488963886403,-2.5942642614087084,-0.07988344532469238,1.0,-1.0
44,14,-6.0,-5.0,703,34,669,-3.1864515560740867,-2.7027090856788605,True,-0.4837424703952262,-2.684333430537917,-2.6427224071999813,-2.7259132702402464,-2.646488963886403,-2.5942642614087084,-0.5399625921876838,1.0,-1.0
44,15,-5.0,-4.0,702,154,548,-2.7221778971894306,-2.7027090856788605,True,-0.019468811510570116,-2.684333430537917,-2.6427224071999813,-2.7259132702402464,-2.646488963886403,-2.5942642614087084,-0.07568893330302773,2.0,-0.5
44,16,-4.0,-3.0,703,199,504,-2.6057409716863367,-2.7027090856788605,True,0.09696811399252381,-2.684333430537917,-2.6427224071999813,-2.7259132702402464,-2.646488963886403,-2.5942642614087084,0.040747992200066196,4.0,0.5
44,17,-3.0,-2.0,703,0,703,,-2.7027090856788605,True,,-2.684333430537917,-2.6427224071999813,-2.7259132702402464,-2.646488963886403,-2.5942642614087084,,,
44,18,-2.0,-1.0,702,176,526,-2.5827875511310796,-2.7027090856788605,True,0.11992153454778087,-2.684333430537917,-2.6427224071999813,-2.7259132702402464,-2.646488963886403,-2.5942642614087084,0.06370141275532282,5.0,1.0
44,19,-1.0,0.0,703,73,630,-2.574373996351421,-2.7027090856788605,True,0.12833508932743953,-2.684333430537917,-2.6427224071999813,-2.7259132702402464,-2.646488963886403,-2.5942642614087084,0.07211496753498192,5.0,1.0
44,20,0.0,1.0,702,73,629,-2.4664881384831516,-2.7027090856788605,True,0.23622094719570885,-2.684333430537917,-2.6427224071999813,-2.7259132702402464,-2.646488963886403,-2.5942642614087084,0.1800008254032508,5.0,1.0
44,21,1.0,2.0,703,147,556,-2.590746851317268,-2.7027090856788605,True,0.11196223436159247,-2.684333430537917,-2.6427224071999813,-2.7259132702402464,-2.646488963886403,-2.5942642614087084,0.05574211256913486,5.0,1.0
44,22,2.0,3.0,702,142,560,-2.5016965922931584,-2.7027090856788605,True,0.20101249338570204,-2.684333430537917,-2.6427224071999813,-2.7259132702402464,-2.646488963886403,-2.5942642614087084,0.14479237159324443,5.0,1.0
44,23,3.0,4.0,703,173,530,-2.66646339187503,-2.7027090856788605,True,0.03624569380383047,-2.684333430537917,-2.6427224071999813,-2.7259132702402464,-2.646488963886403,-2.5942642614087084,-0.01997442798862714,3.0,0.0
44,24,4.0,5.0,703,143,560,-2.7984131729151422,-2.7027090856788605,True,-0.09570408723628177,-2.684333430537917,-2.6427224071999813,-2.7259132702402464,-2.646488963886403,-2.5942642614087084,-0.15192420902873938,1.0,-1.0
44,25,5.0,6.0,702,156,546,-2.7141706406197836,-2.7027090856788605,True,-0.011461554940923158,-2.684333430537917,-2.6427224071999813,-2.7259132702402464,-2.646488963886403,-2.5942642614087084,-0.06768167673338121,2.0,-0.5
44,26,6.0,7.0,703,137,566,-2.7038767633033185,-2.7027090856788605,True,-0.001167677624458019,-2.684333430537917,-2.6427224071999813,-2.7259132702402464,-2.646488963886403,-2.5942642614087084,-0.05738779941691563,2.0,-0.5
44,27,7.0,8.0,702,114,588,-2.7785167278383143,-2.7027090856788605,True,-0.07580764215945379,-2.684333430537917,-2.6427224071999813,-2.7259132702402464,-2.646488963886403,-2.5942642614087084,-0.1320277639519114,1.0,-1.0
44,28,8.0,9.0,703,153,550,-2.8973701420055518,-2.7027090856788605,True,-0.19466105632669128,-2.684333430537917,-2.6427224071999813,-2.7259132702402464,-2.646488963886403,-2.5942642614087084,-0.25088117811914934,1.0,-1.0
44,29,9.0,10.0,702,168,534,-2.872886216159667,-2.7027090856788605,True,-0.1701771304808064,-2.684333430537917,-2.6427224071999813,-2.7259132702402464,-2.646488963886403,-2.5942642614087084,-0.22639725227326402,1.0,-1.0
44,30,10.0,11.0,703,0,703,,-2.7027090856788605,True,,-2.684333430537917,-2.6427224071999813,-2.7259132702402464,-2.646488963886403,-2.5942642614087084,,,
44,31,11.0,12.0,703,129,574,-2.6525413981061026,-2.7027090856788605,True,0.05016768757275791,-2.684333430537917,-2.6427224071999813,-2.7259132702402464,-2.646488963886403,-2.5942642614087084,-0.006052434219699698,3.0,0.0
44,32,12.0,13.0,702,95,607,-2.9581015522943193,-2.7027090856788605,True,-0.2553924666154588,-2.684333430537917,-2.6427224071999813,-2.7259132702402464,-2.646488963886403,-2.5942642614087084,-0.31161258840791684,1.0,-1.0
44,33,13.0,14.0,703,212,491,-2.700858778039645,-2.7027090856788605,True,0.0018503076392155648,-2.684333430537917,-2.6427224071999813,-2.7259132702402464,-2.646488963886403,-2.5942642614087084,-0.054369814153242046,2.0,-0.5
44,34,14.0,15.0,702,204,498,-2.6033607306655004,-2.7027090856788605,True,0.09934835501336003,-2.684333430537917,-2.6427224071999813,-2.7259132702402464,-2.646488963886403,-2.5942642614087084,0.04312823322090242,4.0,0.5
44,35,15.0,16.0,703,261,442,-2.7264749227052363,-2.7027090856788605,True,-0.023765837026375802,-2.684333430537917,-2.6427224071999813,-2.7259132702402464,-2.646488963886403,-2.5942642614087084,-0.07998595881883341,1.0,-1.0
44,36,16.0,17.0,702,162,540,-2.598006905253596,-2.7027090856788605,True,0.10470218042526458,-2.684333430537917,-2.6427224071999813,-2.7259132702402464,-2.646488963886403,-2.5942642614087084,0.04848205863280697,4.0,0.5
44,37,17.0,18.0,703,166,537,-2.686543581949175,-2.7027090856788605,True,0.016165503729685504,-2.684333430537917,-2.6427224071999813,-2.7259132702402464,-2.646488963886403,-2.5942642614087084,-0.04005461806277211,2.0,-0.5
44,38,18.0,19.0,703,264,439,-2.845117896439098,-2.7027090856788605,True,-0.1424088107602377,-2.684333430537917,-2.6427224071999813,-2.7259132702402464,-2.646488963886403,-2.5942642614087084,-0.19862893255269531,1.0,-1.0
44,39,19.0,20.0,702,216,486,-2.7858581468808667,-2.7027090856788605,True,-0.08314906120200627,-2.684333430537917,-2.6427224071999813,-2.7259132702402464,-2.646488963886403,-2.5942642614087084,-0.13936918299446388,1.0,-1.0
45,0,-20.0,-19.0,702,178,524,-2.653745276999104,-2.735173668037133,True,0.0814283910380289,-2.739712142201955,-2.708519304330323,-2.831580837664917,-2.728710448468485,-2.653745276999104,0.07496517146938109,5.0,1.0
45,1,-19.0,-18.0,703,158,545,-2.7287104484684854,-2.735173668037133,True,0.0064632195686473715,-2.739712142201955,-2.708519304330323,-2.831580837664917,-2.728710448468485,-2.653745276999104,0.0,3.0,0.0
45,2,-18.0,-17.0,702,214,488,-2.661944170678797,-2.735173668037133,True,0.07322949735833584,-2.739712142201955,-2.708519304330323,-2.831580837664917,-2.728710448468485,-2.653745276999104,0.06676627778968802,4.0,0.5
45,3,-17.0,-16.0,703,294,409,-2.5932817469344105,-2.735173668037133,True,0.1418919211027223,-2.739712142201955,-2.708519304330323,-2.831580837664917,-2.728710448468485,-2.653745276999104,0.1354287015340745,5.0,1.0
45,4,-16.0,-15.0,703,198,505,-2.906338468114649,-2.735173668037133,True,-0.17116480007751633,-2.739712142201955,-2.708519304330323,-2.831580837664917,-2.728710448468485,-2.653745276999104,-0.17762801964616415,1.0,-1.0
45,5,-15.0,-14.0,702,180,522,-2.761028117512896,-2.735173668037133,True,-0.025854449475763097,-2.739712142201955,-2.708519304330323,-2.831580837664917,-2.728710448468485,-2.653745276999104,-0.03231766904441091,2.0,-0.5
45,6,-14.0,-13.0,703,155,548,-2.8811336590288463,-2.735173668037133,True,-0.14595999099171353,-2.739712142201955,-2.708519304330323,-2.831580837664917,-2.728710448468485,-2.653745276999104,-0.15242321056036134,1.0,-1.0
45,7,-13.0,-12.0,702,268,434,-2.6442436017941087,-2.735173668037133,True,0.09093006624302413,-2.739712142201955,-2.708519304330323,-2.831580837664917,-2.728710448468485,-2.653745276999104,0.08446684667437632,5.0,1.0
45,8,-12.0,-11.0,703,162,541,-2.7424625656353228,-2.735173668037133,True,-0.007288897598189958,-2.739712142201955,-2.708519304330323,-2.831580837664917,-2.728710448468485,-2.653745276999104,-0.013752117166837774,2.0,-0.5
45,9,-11.0,-10.0,702,137,565,-2.831580837664917,-2.735173668037133,True,-0.0964071696277844,-2.739712142201955,-2.708519304330323,-2.831580837664917,-2.728710448468485,-2.653745276999104,-0.10287038919643221,2.0,-0.5
45,10,-10.0,-9.0,703,162,541,-2.8373947615022437,-2.735173668037133,True,-0.10222109346511088,-2.739712142201955,-2.708519304330323,-2.831580837664917,-2.728710448468485,-2.653745276999104,-0.10868431303375914,1.0,-1.0
45,11,-9.0,-8.0,703,245,458,-2.59106645751708,-2.735173668037133,True,0.14410721052005293,-2.739712142201955,-2.708519304330323,-2.831580837664917,-2.728710448468485,-2.653745276999104,0.13764399095140512,5.0,1.0
45,12,-8.0,-7.0,702,259,443,-2.7034715182957827,-2.735173668037133,True,0.031702149741350105,-2.739712142201955,-2.708519304330323,-2.831580837664917,-2.728710448468485,-2.653745276999104,0.02523893017270229,4.0,0.5
45,13,-7.0,-6.0,703,0,703,,-2.735173668037133,True,,-2.739712142201955,-2.708519304330323,-2.831580837664917,-2.728710448468485,-2.653745276999104,,,
45,14,-6.0,-5.0,702,0,702,,-2.735173668037133,True,,-2.739712142201955,-2.708519304330323,-2.831580837664917,-2.728710448468485,-2.653745276999104,,,
45,15,-5.0,-4.0,703,33,670,-2.6322902368996224,-2.735173668037133,True,0.10288343113751042,-2.739712142201955,-2.708519304330323,-2.831580837664917,-2.728710448468485,-2.653745276999104,0.0964202115688626,5.0,1.0
45,16,-4.0,-3.0,702,282,420,-2.805485012806664,-2.735173668037133,True,-0.07031134476953138,-2.739712142201955,-2.708519304330323,-2.831580837664917,-2.728710448468485,-2.653745276999104,-0.0767745643381792,2.0,-0.5
45,17,-3.0,-2.0,703,165,538,-2.658945885671497,-2.735173668037133,True,0.07622778236563565,-2.739712142201955,-2.708519304330323,-2.831580837664917,-2.728710448468485,-2.653745276999104,0.06976456279698784,4.0,0.5
45,18,-2.0,-1.0,703,249,454,-2.8648295911068344,-2.735173668037133,True,-0.12965592306970164,-2.739712142201955,-2.708519304330323,-2.831580837664917,-2.728710448468485,-2.653745276999104,-0.13611914263834946,1.0,-1.0
45,19,-1.0,0.0,702,0,702,,-2.735173668037133,True,,-2.739712142201955,-2.708519304330323,-2.831580837664917,-2.728710448468485,-2.653745276999104,,,
45,20,0.0,1.0,703,139,564,-2.665303824556976,-2.735173668037133,True,0.06986984348015701,-2.739712142201955,-2.708519304330323,-2.831580837664917,-2.728710448468485,-2.653745276999104,0.0634066239115092,4.0,0.5
45,21,1.0,2.0,702,150,552,-2.7391385650867743,-2.735173668037133,True,-0.003964897049641536,-2.739712142201955,-2.708519304330323,-2.831580837664917,-2.728710448468485,-2.653745276999104,-0.010428116618289351,3.0,0.0
45,22,2.0,3.0,703,146,557,-2.817134289215753,-2.735173668037133,True,-0.08196062117862013,-2.739712142201955,-2.708519304330323,-2.831580837664917,-2.728710448468485,-2.653745276999104,-0.08842384074726795,2.0,-0.5
45,23,3.0,4.0,702,259,443,-2.730664936386657,-2.735173668037133,True,0.004508731650475717,-2.739712142201955,-2.708519304330323,-2.831580837664917,-2.728710448468485,-2.653745276999104,-0.0019544879181720987,3.0,0.0
45,24,4.0,5.0,703,279,424,-2.6782910301459086,-2.735173668037133,True,0.056882637891224164,-2.739712142201955,-2.708519304330323,-2.831580837664917,-2.728710448468485,-2.653745276999104,0.05041941832257635,4.0,0.5
45,25,5.0,6.0,703,176,527,-2.7200232878082775,-2.735173668037133,True,0.015150380228855287,-2.739712142201955,-2.708519304330323,-2.831580837664917,-2.728710448468485,-2.653745276999104,0.008687160660207915,3.0,0.0
45,26,6.0,7.0,702,170,532,-2.741737854058375,-2.735173668037133,True,-0.00656418602124198,-2.739712142201955,-2.708519304330323,-2.831580837664917,-2.728710448468485,-2.653745276999104,-0.013027405589889796,2.0,-0.5
45,27,7.0,8.0,703,165,538,-2.6583485514929617,-2.735173668037133,True,0.07682511654417112,-2.739712142201955,-2.708519304330323,-2.831580837664917,-2.728710448468485,-2.653745276999104,0.07036189697552331,4.0,0.5
45,28,8.0,9.0,702,171,531,-2.6937732457525794,-2.735173668037133,True,0.04140042228455343,-2.739712142201955,-2.708519304330323,-2.831580837664917,-2.728710448468485,-2.653745276999104,0.03493720271590517,4.0,0.5
45,29,9.0,10.0,703,192,511,-2.7786160847330255,-2.735173668037133,True,-0.04344241669589266,-2.739712142201955,-2.708519304330323,-2.831580837664917,-2.728710448468485,-2.653745276999104,-0.04990563626454003,2.0,-0.5
45,30,10.0,11.0,702,163,539,-2.70314785858212,-2.735173668037133,True,0.032025809455012766,-2.739712142201955,-2.708519304330323,-2.831580837664917,-2.728710448468485,-2.653745276999104,0.02556258988636495,4.0,0.5
45,31,11.0,12.0,703,164,539,-2.711421504132089,-2.735173668037133,True,0.023752163905043755,-2.739712142201955,-2.708519304330323,-2.831580837664917,-2.728710448468485,-2.653745276999104,0.01728894433639594,3.0,0.0
45,32,12.0,13.0,703,120,583,-2.7421832513880227,-2.735173668037133,True,-0.007009583350889859,-2.739712142201955,-2.708519304330323,-2.831580837664917,-2.728710448468485,-2.653745276999104,-0.013472802919537674,2.0,-0.5
45,33,13.0,14.0,702,148,554,-2.609016918962755,-2.735173668037133,True,0.12615674907437802,-2.739712142201955,-2.708519304330323,-2.831580837664917,-2.728710448468485,-2.653745276999104,0.1196935295057302,5.0,1.0
45,34,14.0,15.0,703,149,554,-2.7524563801333164,-2.735173668037133,True,-0.017282712096183594,-2.739712142201955,-2.708519304330323,-2.831580837664917,-2.728710448468485,-2.653745276999104,-0.02374593166483141,2.0,-0.5
45,35,15.0,16.0,702,241,461,-2.6223027000434014,-2.735173668037133,True,0.11287096799373142,-2.739712142201955,-2.708519304330323,-2.831580837664917,-2.728710448468485,-2.653745276999104,0.1064077484250836,5.0,1.0
45,36,16.0,17.0,703,232,471,-2.6493340740778577,-2.735173668037133,True,0.0858395939592751,-2.739712142201955,-2.708519304330323,-2.831580837664917,-2.728710448468485,-2.653745276999104,0.07937637439062728,5.0,1.0
45,37,17.0,18.0,702,148,554,-2.6916320560517435,-2.735173668037133,True,0.043541611985389306,-2.739712142201955,-2.708519304330323,-2.831580837664917,-2.728710448468485,-2.653745276999104,0.03707839241674149,4.0,0.5
45,38,18.0,19.0,703,147,556,-2.6661250556992444,-2.735173668037133,True,0.0690486123378884,-2.739712142201955,-2.708519304330323,-2.831580837664917,-2.728710448468485,-2.653745276999104,0.06258539276924058,4.0,0.5
45,39,19.0,20.0,703,264,439,-2.6091909046833095,-2.735173668037133,True,0.1259827633538233,-2.739712142201955,-2.708519304330323,-2.831580837664917,-2.728710448468485,-2.653745276999104,0.11951954378517593,5.0,1.0
46,0,-20.0,-19.0,703,262,441,-2.604288023287841,-2.672147169946446,True,0.06785914665860515,-2.6717397357840866,-2.6513312754091776,-2.710090153073886,-2.6615313872317996,-2.6276831753649996,0.05724336394395868,5.0,1.0
46,1,-19.0,-18.0,702,189,513,-2.794133872002972,-2.672147169946446,True,-0.12198670205652595,-2.6717397357840866,-2.6513312754091776,-2.710090153073886,-2.6615313872317996,-2.6276831753649996,-0.13260248477117242,1.0,-1.0
46,2,-18.0,-17.0,703,182,521,-2.6041816727873326,-2.672147169946446,True,0.06796549715911349,-2.6717397357840866,-2.6513312754091776,-2.710090153073886,-2.6615313872317996,-2.6276831753649996,0.057349714444467015,5.0,1.0
46,3,-17.0,-16.0,702,163,539,-2.6437475938186132,-2.672147169946446,True,0.028399576127832837,-2.6717397357840866,-2.6513312754091776,-2.710090153073886,-2.6615313872317996,-2.6276831753649996,0.01778379341318681,4.0,0.5
46,4,-16.0,-15.0,703,269,434,-2.668573241177018,-2.672147169946446,True,0.0035739287694278588,-2.6717397357840866,-2.6513312754091776,-2.710090153073886,-2.6615313872317996,-2.6276831753649996,-0.007041853945218612,3.0,0.0
46,5,-15.0,-14.0,703,148,555,-2.6107390793306653,-2.672147169946446,True,0.061408090615780786,-2.6717397357840866,-2.6513312754091776,-2.710090153073886,-2.6615313872317996,-2.6276831753649996,0.050792307901134315,5.0,1.0
46,6,-14.0,-13.0,702,178,524,-2.654489533286581,-2.672147169946446,True,0.017657636659865084,-2.6717397357840866,-2.6513312754091776,-2.710090153073886,-2.6615313872317996,-2.6276831753649996,0.007041853945218612,3.0,0.0
46,7,-13.0,-12.0,703,147,556,-2.630666726003013,-2.672147169946446,True,0.04148044394343309,-2.6717397357840866,-2.6513312754091776,-2.710090153073886,-2.6615313872317996,-2.6276831753649996,0.030864661228786616,4.0,0.5
46,8,-12.0,-11.0,702,218,484,-2.728174211822707,-2.672147169946446,True,-0.05602704187626095,-2.6717397357840866,-2.6513312754091776,-2.710090153073886,-2.6615313872317996,-2.6276831753649996,-0.06664282459090742,1.0,-1.0
46,9,-11.0,-10.0,703,268,435,-2.6059421274682104,-2.672147169946446,True,0.06620504247823567,-2.6717397357840866,-2.6513312754091776,-2.710090153073886,-2.6615313872317996,-2.6276831753649996,0.055589259763589194,5.0,1.0
46,10,-10.0,-9.0,702,163,539,-2.6187325234509595,-2.672147169946446,True,0.05341464649548655,-2.6717397357840866,-2.6513312754091776,-2.710090153073886,-2.6615313872317996,-2.6276831753649996,0.04279886378084008,5.0,1.0
46,11,-9.0,-8.0,703,164,539,-2.7583053074770016,-2.672147169946446,True,-0.08615813753055557,-2.6717397357840866,-2.6513312754091776,-2.710090153073886,-2.6615313872317996,-2.6276831753649996,-0.09677392024520204,1.0,-1.0
46,12,-8.0,-7.0,703,147,556,-2.6756098958593917,-2.672147169946446,True,-0.003462725912945608,-2.6717397357840866,-2.6513312754091776,-2.710090153073886,-2.6615313872317996,-2.6276831753649996,-0.014078508627592523,2.0,-0.5
46,13,-7.0,-6.0,702,163,539,-2.708733707300405,-2.672147169946446,True,-0.03658653735395889,-2.6717397357840866,-2.6513312754091776,-2.710090153073886,-2.6615313872317996,-2.6276831753649996,-0.04720232006860536,2.0,-0.5
46,14,-6.0,-5.0,703,199,504,-2.6474711824479065,-2.672147169946446,True,0.02467598749853961,-2.6717397357840866,-2.6513312754091776,-2.710090153073886,-2.6615313872317996,-2.6276831753649996,0.014060204783893138,4.0,0.5
46,15,-5.0,-4.0,702,163,539,-2.7141594903943296,-2.672147169946446,True,-0.0420123204478835,-2.6717397357840866,-2.6513312754091776,-2.710090153073886,-2.6615313872317996,-2.6276831753649996,-0.05262810316252997,1.0,-1.0
46,16,-4.0,-3.0,703,137,566,-2.739522829566674,-2.672147169946446,True,-0.06737565962022796,-2.6717397357840866,-2.6513312754091776,-2.710090153073886,-2.6615313872317996,-2.6276831753649996,-0.07799144233487443,1.0,-1.0
46,17,-3.0,-2.0,702,163,539,-2.6422409809040293,-2.672147169946446,True,0.02990618904241682,-2.6717397357840866,-2.6513312754091776,-2.710090153073886,-2.6615313872317996,-2.6276831753649996,0.01929040632777035,4.0,0.5
46,18,-2.0,-1.0,703,216,487,-2.701011583520002,-2.672147169946446,True,-0.028864413573555847,-2.6717397357840866,-2.6513312754091776,-2.710090153073886,-2.6615313872317996,-2.6276831753649996,-0.03948019628820232,2.0,-0.5
46,19,-1.0,0.0,703,228,475,-2.6922198170232714,-2.672147169946446,True,-0.020072647076825323,-2.6717397357840866,-2.6513312754091776,-2.710090153073886,-2.6615313872317996,-2.6276831753649996,-0.030688429791471794,2.0,-0.5
46,20,0.0,1.0,702,150,552,-2.72491616231994,-2.672147169946446,True,-0.05276899237349397,-2.6717397357840866,-2.6513312754091776,-2.710090153073886,-2.6615313872317996,-2.6276831753649996,-0.06338477508814044,1.0,-1.0
46,21,1.0,2.0,703,177,526,-2.7068124847532,-2.672147169946446,True,-0.034665314806753944,-2.6717397357840866,-2.6513312754091776,-2.710090153073886,-2.6615313872317996,-2.6276831753649996,-0.045281097521400415,2.0,-0.5
46,22,2.0,3.0,702,197,505,-2.6913825011701635,-2.672147169946446,True,-0.019235331223717456,-2.6717397357840866,-2.6513312754091776,-2.710090153073886,-2.6615313872317996,-2.6276831753649996,-0.029851113938363927,2.0,-0.5
46,23,3.0,4.0,703,181,522,-2.725235826489098,-2.672147169946446,True,-0.053088656542652046,-2.6717397357840866,-2.6513312754091776,-2.710090153073886,-2.6615313872317996,-2.6276831753649996,-0.06370443925729852,1.0,-1.0
46,24,4.0,5.0,702,154,548,-2.762922243986857,-2.672147169946446,True,-0.09077507404041096,-2.6717397357840866,-2.6513312754091776,-2.710090153073886,-2.6615313872317996,-2.6276831753649996,-0.10139085675505743,1.0,-1.0
46,25,5.0,6.0,703,163,540,-2.7793052712329454,-2.672147169946446,True,-0.10715810128649927,-2.6717397357840866,-2.6513312754091776,-2.710090153073886,-2.6615313872317996,-2.6276831753649996,-0.11777388400114575,1.0,-1.0
46,26,6.0,7.0,703,190,513,-2.714895172839049,-2.672147169946446,True,-0.042748002892603054,-2.6717397357840866,-2.6513312754091776,-2.710090153073886,-2.6615313872317996,-2.6276831753649996,-0.053363785607249525,1.0,-1.0
46,27,7.0,8.0,702,227,475,-2.6130267920447343,-2.672147169946446,True,0.05912037790171176,-2.6717397357840866,-2.6513312754091776,-2.710090153073886,-2.6615313872317996,-2.6276831753649996,0.04850459518706529,5.0,1.0
46,28,8.0,9.0,703,257,446,-2.6707594328750446,-2.672147169946446,True,0.0013877370714014958,-2.6717397357840866,-2.6513312754091776,-2.710090153073886,-2.6615313872317996,-2.6276831753649996,-0.009228045643244975,3.0,0.0
46,29,9.0,10.0,702,150,552,-2.7331060241964447,-2.672147169946446,True,-0.060958854249998584,-2.6717397357840866,-2.6513312754091776,-2.710090153073886,-2.6615313872317996,-2.6276831753649996,-0.07157463696464506,1.0,-1.0
46,30,10.0,11.0,703,148,555,-2.7149590626436653,-2.672147169946446,True,-0.04281189269721919,-2.6717397357840866,-2.6513312754091776,-2.710090153073886,-2.6615313872317996,-2.6276831753649996,-0.05342767541186566,1.0,-1.0
46,31,11.0,12.0,702,151,551,-2.698796463263722,-2.672147169946446,True,-0.026649293317275724,-2.6717397357840866,-2.6513312754091776,-2.710090153073886,-2.6615313872317996,-2.6276831753649996,-0.037265076031922195,2.0,-0.5
46,32,12.0,13.0,703,131,572,-2.759203016266669,-2.672147169946446,True,-0.08705584632022312,-2.6717397357840866,-2.6513312754091776,-2.710090153073886,-2.6615313872317996,-2.6276831753649996,-0.09767162903486959,1.0,-1.0
46,33,13.0,14.0,703,197,506,-2.830650576752255,-2.672147169946446,True,-0.1585034068058091,-2.6717397357840866,-2.6513312754091776,-2.710090153073886,-2.6615313872317996,-2.6276831753649996,-0.16911918952045557,1.0,-1.0
46,34,14.0,15.0,702,247,455,-2.967081144420758,-2.672147169946446,True,-0.2949339744743118,-2.6717397357840866,-2.6513312754091776,-2.710090153073886,-2.6615313872317996,-2.6276831753649996,-0.30554975718895827,1.0,-1.0
46,35,15.0,16.0,703,117,586,-3.132788250985047,-2.672147169946446,True,-0.460641081038601,-2.6717397357840866,-2.6513312754091776,-2.710090153073886,-2.6615313872317996,-2.6276831753649996,-0.4712568637532475,1.0,-1.0
46,36,16.0,17.0,702,124,578,-2.6955308609508113,-2.672147169946446,True,-0.023383691004365215,-2.6717397357840866,-2.6513312754091776,-2.710090153073886,-2.6615313872317996,-2.6276831753649996,-0.03399947371901213,2.0,-0.5
46,37,17.0,18.0,703,107,596,-2.6731048449024484,-2.672147169946446,True,-0.0009576749560022968,-2.6717397357840866,-2.6513312754091776,-2.710090153073886,-2.6615313872317996,-2.6276831753649996,-0.011573457670648768,2.0,-0.5
46,38,18.0,19.0,702,138,564,-2.8245429193198732,-2.672147169946446,True,-0.15239574937342715,-2.6717397357840866,-2.6513312754091776,-2.710090153073886,-2.6615313872317996,-2.6276831753649996,-0.16301153208807317,1.0,-1.0
46,39,19.0,20.0,703,214,489,-2.6107680634273307,-2.672147169946446,True,0.06137910651911538,-2.6717397357840866,-2.6513312754091776,-2.710090153073886,-2.6615313872317996,-2.6276831753649996,0.05076332380446891,5.0,1.0
47,0,-20.0,-19.0,703,192,511,-2.526108804317318,-2.6603636036413154,True,0.13425479932399753,-2.6627918059487943,-2.6509580933305905,-2.7023408721106903,-2.6561847267501584,-2.605624943580972,0.1300759224328405,5.0,1.0
47,1,-19.0,-18.0,702,166,536,-2.5794056940760868,-2.6603636036413154,True,0.08095790956522864,-2.6627918059487943,-2.6509580933305905,-2.7023408721106903,-2.6561847267501584,-2.605624943580972,0.0767790326740716,5.0,1.0
47,2,-18.0,-17.0,703,277,426,-2.5152319220933936,-2.6603636036413154,True,0.14513168154792178,-2.6627918059487943,-2.6509580933305905,-2.7023408721106903,-2.6561847267501584,-2.605624943580972,0.14095280465676474,5.0,1.0
47,3,-17.0,-16.0,702,271,431,-2.642182069824729,-2.6603636036413154,True,0.01818153381658627,-2.6627918059487943,-2.6509580933305905,-2.7023408721106903,-2.6561847267501584,-2.605624943580972,0.014002656925429235,4.0,0.5
47,4,-16.0,-15.0,703,152,551,-2.6545212391667947,-2.6603636036413154,True,0.005842364474520689,-2.6627918059487943,-2.6509580933305905,-2.7023408721106903,-2.6561847267501584,-2.605624943580972,0.0016634875833636542,3.0,0.0
47,5,-15.0,-14.0,703,20,683,-2.6143646934159337,-2.6603636036413154,True,0.04599891022538172,-2.6627918059487943,-2.6509580933305905,-2.7023408721106903,-2.6561847267501584,-2.605624943580972,0.04182003333422468,4.0,0.5
47,6,-14.0,-13.0,702,256,446,-2.6914428560428814,-2.6603636036413154,True,-0.03107925240156595,-2.6627918059487943,-2.6509580933305905,-2.7023408721106903,-2.6561847267501584,-2.605624943580972,-0.035258129292722984,2.0,-0.5
47,7,-13.0,-12.0,703,163,540,-2.6688339734785713,-2.6603636036413154,True,-0.008470369837255909,-2.6627918059487943,-2.6509580933305905,-2.7023408721106903,-2.6561847267501584,-2.605624943580972,-0.012649246728413388,2.0,-0.5
47,8,-12.0,-11.0,702,164,538,-2.554323817441061,-2.6603636036413154,True,0.10603978620025423,-2.6627918059487943,-2.6509580933305905,-2.7023408721106903,-2.6561847267501584,-2.605624943580972,0.10186090930909719,5.0,1.0
47,9,-11.0,-10.0,703,165,538,-2.6578482143335216,-2.6603636036413154,True,0.002515389307793825,-2.6627918059487943,-2.6509580933305905,-2.7023408721106903,-2.6561847267501584,-2.605624943580972,-0.0016634875833632101,3.0,0.0
47,10,-10.0,-9.0,702,223,479,-2.6466031373085634,-2.6603636036413154,True,0.013760466332751964,-2.6627918059487943,-2.6509580933305905,-2.7023408721106903,-2.6561847267501584,-2.605624943580972,0.009581589441594929,4.0,0.5
47,11,-9.0,-8.0,703,209,494,-2.6951278338192233,-2.6603636036413154,True,-0.03476423017790786,-2.6627918059487943,-2.6509580933305905,-2.7023408721106903,-2.6561847267501584,-2.605624943580972,-0.03894310706906534,2.0,-0.5
47,12,-8.0,-7.0,703,286,417,-2.549354937083443,-2.6603636036413154,True,0.11100866655787245,-2.6627918059487943,-2.6509580933305905,-2.7023408721106903,-2.6561847267501584,-2.605624943580972,0.10682978966671541,5.0,1.0
47,13,-7.0,-6.0,702,169,533,-2.8972954796475596,-2.6603636036413154,True,-0.2369318760062442,-2.6627918059487943,-2.6509580933305905,-2.7023408721106903,-2.6561847267501584,-2.605624943580972,-0.2411107528974017,1.0,-1.0
47,14,-6.0,-5.0,703,186,517,-2.6977847479419124,-2.6603636036413154,True,-0.037421144300596954,-2.6627918059487943,-2.6509580933305905,-2.7023408721106903,-2.6561847267501584,-2.605624943580972,-0.04160002119175399,2.0,-0.5
47,15,-5.0,-4.0,702,182,520,-2.6273254186170574,-2.6603636036413154,True,0.03303818502425804,-2.6627918059487943,-2.6509580933305905,-2.7023408721106903,-2.6561847267501584,-2.605624943580972,0.028859308133101003,4.0,0.5
47,16,-4.0,-3.0,703,141,562,-2.7651887650622444,-2.6603636036413154,True,-0.10482516142092901,-2.6627918059487943,-2.6509580933305905,-2.7023408721106903,-2.6561847267501584,-2.605624943580972,-0.10900403831208605,1.0,-1.0
47,17,-3.0,-2.0,702,219,483,-2.748264119752407,-2.6603636036413154,True,-0.08790051611109151,-2.6627918059487943,-2.6509580933305905,-2.7023408721106903,-2.6561847267501584,-2.605624943580972,-0.09207939300224854,1.0,-1.0
47,18,-2.0,-1.0,703,208,495,-2.760055104786585,-2.6603636036413154,True,-0.0996915011452697,-2.6627918059487943,-2.6509580933305905,-2.7023408721106903,-2.6561847267501584,-2.605624943580972,-0.10387037803642674,1.0,-1.0
47,19,-1.0,0.0,703,175,528,-2.7160092446170245,-2.6603636036413154,True,-0.05564564097570912,-2.6627918059487943,-2.6509580933305905,-2.7023408721106903,-2.6561847267501584,-2.605624943580972,-0.059824517866866156,1.0,-1.0
47,20,0.0,1.0,702,160,542,-2.704534023930272,-2.6603636036413154,True,-0.04417042028895679,-2.6627918059487943,-2.6509580933305905,-2.7023408721106903,-2.6561847267501584,-2.605624943580972,-0.048349297180113826,1.0,-1.0
47,21,1.0,2.0,703,0,703,,-2.6603636036413154,True,,-2.6627918059487943,-2.6509580933305905,-2.7023408721106903,-2.6561847267501584,-2.605624943580972,,,
47,22,2.0,3.0,702,0,702,,-2.6603636036413154,True,,-2.6627918059487943,-2.6509580933305905,-2.7023408721106903,-2.6561847267501584,-2.605624943580972,,,
47,23,3.0,4.0,703,90,613,-2.8454429297476516,-2.6603636036413154,True,-0.18507932610633615,-2.6627918059487943,-2.6509580933305905,-2.7023408721106903,-2.6561847267501584,-2.605624943580972,-0.18925820299749363,1.0,-1.0
47,24,4.0,5.0,702,112,590,-2.901980998324457,-2.6603636036413154,True,-0.24161739468314147,-2.6627918059487943,-2.6509580933305905,-2.7023408721106903,-2.6561847267501584,-2.605624943580972,-0.2457962715742985,1.0,-1.0
47,25,5.0,6.0,703,200,503,-2.738338265307577,-2.6603636036413154,True,-0.07797466166626155,-2.6627918059487943,-2.6509580933305905,-2.7023408721106903,-2.6561847267501584,-2.605624943580972,-0.08215353855741858,1.0,-1.0
47,26,6.0,7.0,703,251,452,-2.668216829025407,-2.6603636036413154,True,-0.007853225384091722,-2.6627918059487943,-2.6509580933305905,-2.7023408721106903,-2.6561847267501584,-2.605624943580972,-0.012032102275248757,2.0,-0.5
47,27,7.0,8.0,702,182,520,-2.7346041777724865,-2.6603636036413154,True,-0.07424057413117113,-2.6627918059487943,-2.6509580933305905,-2.7023408721106903,-2.6561847267501584,-2.605624943580972,-0.07841945102232817,1.0,-1.0
47,28,8.0,9.0,703,119,584,-2.6603912003070747,-2.6603636036413154,True,-2.7596665759244132e-05,-2.6627918059487943,-2.6509580933305905,-2.7023408721106903,-2.6561847267501584,-2.605624943580972,-0.004206473556916279,3.0,0.0
47,29,9.0,10.0,702,136,566,-2.8069671251310133,-2.6603636036413154,True,-0.1466035214896979,-2.6627918059487943,-2.6509580933305905,-2.7023408721106903,-2.6561847267501584,-2.605624943580972,-0.15078239838085494,1.0,-1.0
47,30,10.0,11.0,703,136,567,-2.790559991408093,-2.6603636036413154,True,-0.13019638776677755,-2.6627918059487943,-2.6509580933305905,-2.7023408721106903,-2.6561847267501584,-2.605624943580972,-0.1343752646579346,1.0,-1.0
47,31,11.0,12.0,702,134,568,-2.8737838822569928,-2.6603636036413154,True,-0.21342027861567736,-2.6627918059487943,-2.6509580933305905,-2.7023408721106903,-2.6561847267501584,-2.605624943580972,-0.2175991555068344,1.0,-1.0
47,32,12.0,13.0,703,205,498,-2.8119929257619787,-2.6603636036413154,True,-0.15162932212066327,-2.6627918059487943,-2.6509580933305905,-2.7023408721106903,-2.6561847267501584,-2.605624943580972,-0.1558081990118203,1.0,-1.0
47,33,13.0,14.0,703,215,488,-2.812630519323263,-2.6603636036413154,True,-0.1522669156819476,-2.6627918059487943,-2.6509580933305905,-2.7023408721106903,-2.6561847267501584,-2.605624943580972,-0.15644579257310465,1.0,-1.0
47,34,14.0,15.0,702,99,603,-2.719606106578588,-2.6603636036413154,True,-0.05924250293727251,-2.6627918059487943,-2.6509580933305905,-2.7023408721106903,-2.6561847267501584,-2.605624943580972,-0.06342137982842955,1.0,-1.0
47,35,15.0,16.0,703,110,593,-2.6384035307568827,-2.6603636036413154,True,0.02196007288443269,-2.6627918059487943,-2.6509580933305905,-2.7023408721106903,-2.6561847267501584,-2.605624943580972,0.017781195993275656,4.0,0.5
47,36,16.0,17.0,702,173,529,-2.7750167139993382,-2.6603636036413154,True,-0.11465311035802284,-2.6627918059487943,-2.6509580933305905,-2.7023408721106903,-2.6561847267501584,-2.605624943580972,-0.11883198724917987,1.0,-1.0
47,37,17.0,18.0,703,253,450,-2.6907377329520057,-2.6603636036413154,True,-0.03037412931069028,-2.6627918059487943,-2.6509580933305905,-2.7023408721106903,-2.6561847267501584,-2.605624943580972,-0.034553006201847314,2.0,-0.5
47,38,18.0,19.0,702,136,566,-2.8040994980697462,-2.6603636036413154,True,-0.14373589442843082,-2.6627918059487943,-2.6509580933305905,-2.7023408721106903,-2.6561847267501584,-2.605624943580972,-0.14791477131958786,1.0,-1.0
47,39,19.0,20.0,703,108,595,-2.6150323606693298,-2.6603636036413154,True,0.04533124297198565,-2.6627918059487943,-2.6509580933305905,-2.7023408721106903,-2.6561847267501584,-2.605624943580972,0.04115236608082862,4.0,0.5
48,0,-20.0,-19.0,703,110,593,-2.782358926644441,-2.7649000660504957,True,-0.017458860593945413,-2.7807588581721494,-2.761232144229692,-2.8021756608864,-2.7792414200872058,-2.73748621364647,-0.0031175065572353056,2.0,-0.5
48,1,-19.0,-18.0,702,132,570,-2.868803623120844,-2.7649000660504957,True,-0.10390355707034837,-2.7807588581721494,-2.761232144229692,-2.8021756608864,-2.7792414200872058,-2.73748621364647,-0.08956220303363827,1.0,-1.0
48,2,-18.0,-17.0,703,146,557,-2.855159348683923,-2.7649000660504957,True,-0.09025928263342742,-2.7807588581721494,-2.761232144229692,-2.8021756608864,-2.7792414200872058,-2.73748621364647,-0.07591792859671731,1.0,-1.0
48,3,-17.0,-16.0,702,250,452,-2.7479799273297756,-2.7649000660504957,True,0.016920138720720068,-2.7807588581721494,-2.761232144229692,-2.8021756608864,-2.7792414200872058,-2.73748621364647,0.03126149275742973,4.0,0.5
48,4,-16.0,-15.0,703,188,515,-2.7912427345155524,-2.7649000660504957,True,-0.02634266846505673,-2.7807588581721494,-2.761232144229692,-2.8021756608864,-2.7792414200872058,-2.73748621364647,-0.012001314428346621,2.0,-0.5
48,5,-15.0,-14.0,703,156,547,-2.744510884674958,-2.7649000660504957,True,0.02038918137553747,-2.7807588581721494,-2.761232144229692,-2.8021756608864,-2.7792414200872058,-2.73748621364647,0.034730535412247576,4.0,0.5
48,6,-14.0,-13.0,702,153,549,-2.8274205321170642,-2.7649000660504957,True,-0.06252046606656858,-2.7807588581721494,-2.761232144229692,-2.8021756608864,-2.7792414200872058,-2.73748621364647,-0.04817911202985803,1.0,-1.0
48,7,-13.0,-12.0,703,0,703,,-2.7649000660504957,True,,-2.7807588581721494,-2.761232144229692,-2.8021756608864,-2.7792414200872058,-2.73748621364647,,,
48,8,-12.0,-11.0,702,97,605,-2.759231113578857,-2.7649000660504957,True,0.005668952471638455,-2.7807588581721494,-2.761232144229692,-2.8021756608864,-2.7792414200872058,-2.73748621364647,0.020010306508348563,4.0,0.5
48,9,-11.0,-10.0,703,208,495,-2.6284212267364717,-2.7649000660504957,True,0.13647883931402394,-2.7807588581721494,-2.761232144229692,-2.8021756608864,-2.7792414200872058,-2.73748621364647,0.1508201933507336,5.0,1.0
48,10,-10.0,-9.0,702,250,452,-2.6848147469494648,-2.7649000660504957,True,0.0800853191010309,-2.7807588581721494,-2.761232144229692,-2.8021756608864,-2.7792414200872058,-2.73748621364647,0.094426673137741,5.0,1.0
48,11,-9.0,-8.0,703,173,530,-2.730461542617982,-2.7649000660504957,True,0.034438523432513524,-2.7807588581721494,-2.761232144229692,-2.8021756608864,-2.7792414200872058,-2.73748621364647,0.04877987746922363,5.0,1.0
48,12,-8.0,-7.0,703,160,543,-2.7792414200872058,-2.7649000660504957,True,-0.014341354036710108,-2.7807588581721494,-2.761232144229692,-2.8021756608864,-2.7792414200872058,-2.73748621364647,0.0,3.0,0.0
48,13,-7.0,-6.0,702,133,569,-2.7809274624038096,-2.7649000660504957,True,-0.01602739635331396,-2.7807588581721494,-2.761232144229692,-2.8021756608864,-2.7792414200872058,-2.73748621364647,-0.001686042316603853,2.0,-0.5
48,14,-6.0,-5.0,703,215,488,-2.703063389986874,-2.7649000660504957,True,0.06183667606362153,-2.7807588581721494,-2.761232144229692,-2.8021756608864,-2.7792414200872058,-2.73748621364647,0.07617803010033164,5.0,1.0
48,15,-5.0,-4.0,702,246,456,-2.813108587257247,-2.7649000660504957,True,-0.04820852120675134,-2.7807588581721494,-2.761232144229692,-2.8021756608864,-2.7792414200872058,-2.73748621364647,-0.033867167170041235,1.0,-1.0
48,16,-4.0,-3.0,703,137,566,-2.677547148057384,-2.7649000660504957,True,0.08735291799311184,-2.7807588581721494,-2.761232144229692,-2.8021756608864,-2.7792414200872058,-2.73748621364647,0.10169427202982195,5.0,1.0
48,17,-3.0,-2.0,702,135,567,-2.7890092637008195,-2.7649000660504957,True,-0.02410919765032382,-2.7807588581721494,-2.761232144229692,-2.8021756608864,-2.7792414200872058,-2.73748621364647,-0.009767843613613714,2.0,-0.5
48,18,-2.0,-1.0,703,546,157,-2.819996748023424,-2.7649000660504957,True,-0.05509668197292816,-2.7807588581721494,-2.761232144229692,-2.8021756608864,-2.7792414200872058,-2.73748621364647,-0.040755327936218055,1.0,-1.0
48,19,-1.0,0.0,703,215,488,-2.7498026284733283,-2.7649000660504957,True,0.015097437577167305,-2.7807588581721494,-2.761232144229692,-2.8021756608864,-2.7792414200872058,-2.73748621364647,0.029438791613877413,4.0,0.5
48,20,0.0,1.0,702,369,333,-2.377341248392276,-2.7649000660504957,True,0.38755881765821965,-2.7807588581721494,-2.761232144229692,-2.8021756608864,-2.7792414200872058,-2.73748621364647,0.40190017169492975,5.0,1.0
48,21,1.0,2.0,703,0,703,,-2.7649000660504957,True,,-2.7807588581721494,-2.761232144229692,-2.8021756608864,-2.7792414200872058,-2.73748621364647,,,
48,22,2.0,3.0,702,0,702,,-2.7649000660504957,True,,-2.7807588581721494,-2.761232144229692,-2.8021756608864,-2.7792414200872058,-2.73748621364647,,,
48,23,3.0,4.0,703,0,703,,-2.7649000660504957,True,,-2.7807588581721494,-2.761232144229692,-2.8021756608864,-2.7792414200872058,-2.73748621364647,,,
48,24,4.0,5.0,702,0,702,,-2.7649000660504957,True,,-2.7807588581721494,-2.761232144229692,-2.8021756608864,-2.7792414200872058,-2.73748621364647,,,
48,25,5.0,6.0,703,0,703,,-2.7649000660504957,True,,-2.7807588581721494,-2.761232144229692,-2.8021756608864,-2.7792414200872058,-2.73748621364647,,,
48,26,6.0,7.0,703,0,703,,-2.7649000660504957,True,,-2.7807588581721494,-2.761232144229692,-2.8021756608864,-2.7792414200872058,-2.73748621364647,,,
48,27,7.0,8.0,702,0,702,,-2.7649000660504957,True,,-2.7807588581721494,-2.761232144229692,-2.8021756608864,-2.7792414200872058,-2.73748621364647,,,
48,28,8.0,9.0,703,0,703,,-2.7649000660504957,True,,-2.7807588581721494,-2.761232144229692,-2.8021756608864,-2.7792414200872058,-2.73748621364647,,,
48,29,9.0,10.0,702,0,702,,-2.7649000660504957,True,,-2.7807588581721494,-2.761232144229692,-2.8021756608864,-2.7792414200872058,-2.73748621364647,,,
48,30,10.0,11.0,703,0,703,,-2.7649000660504957,True,,-2.7807588581721494,-2.761232144229692,-2.8021756608864,-2.7792414200872058,-2.73748621364647,,,
48,31,11.0,12.0,702,157,545,-2.8897949310084075,-2.7649000660504957,True,-0.1248948649579118,-2.7807588581721494,-2.761232144229692,-2.8021756608864,-2.7792414200872058,-2.73748621364647,-0.11055351092120169,1.0,-1.0
48,32,12.0,13.0,703,192,511,-2.655478495171719,-2.7649000660504957,True,0.10942157087877646,-2.7807588581721494,-2.761232144229692,-2.8021756608864,-2.7792414200872058,-2.73748621364647,0.12376292491548657,5.0,1.0
48,33,13.0,14.0,703,166,537,-2.7111073036763487,-2.7649000660504957,True,0.053792762374146985,-2.7807588581721494,-2.761232144229692,-2.8021756608864,-2.7792414200872058,-2.73748621364647,0.06813411641085709,5.0,1.0
48,34,14.0,15.0,702,234,468,-2.5042783871426555,-2.7649000660504957,True,0.26062167890784016,-2.7807588581721494,-2.761232144229692,-2.8021756608864,-2.7792414200872058,-2.73748621364647,0.27496303294455027,5.0,1.0
48,35,15.0,16.0,703,141,562,-2.9698657109640783,-2.7649000660504957,True,-0.2049656449135826,-2.7807588581721494,-2.761232144229692,-2.8021756608864,-2.7792414200872058,-2.73748621364647,-0.1906242908768725,1.0,-1.0
48,36,16.0,17.0,702,234,468,-2.584989982523471,-2.7649000660504957,True,0.17991008352702487,-2.7807588581721494,-2.761232144229692,-2.8021756608864,-2.7792414200872058,-2.73748621364647,0.19425143756373497,5.0,1.0
48,37,17.0,18.0,703,123,580,-2.6496052981023546,-2.7649000660504957,True,0.11529476794814109,-2.7807588581721494,-2.761232144229692,-2.8021756608864,-2.7792414200872058,-2.73748621364647,0.1296361219848512,5.0,1.0
48,38,18.0,19.0,702,0,702,,-2.7649000660504957,True,,-2.7807588581721494,-2.761232144229692,-2.8021756608864,-2.7792414200872058,-2.73748621364647,,,
48,39,19.0,20.0,703,177,526,-2.654186004343137,-2.7649000660504957,True,0.11071406170735854,-2.7807588581721494,-2.761232144229692,-2.8021756608864,-2.7792414200872058,-2.73748621364647,0.12505541574406864,5.0,1.0
49,0,-20.0,-19.0,703,79,624,-2.775628661996295,-2.7001925343673583,True,-0.07543612762893659,-2.699731138063331,-2.687939924454072,-2.7691548167085784,-2.6932077183061027,-2.623648945426572,-0.08242094369019215,1.0,-1.0
49,1,-19.0,-18.0,702,146,556,-2.8396406885110705,-2.7001925343673583,True,-0.13944815414371226,-2.699731138063331,-2.687939924454072,-2.7691548167085784,-2.6932077183061027,-2.623648945426572,-0.14643297020496782,1.0,-1.0
49,2,-18.0,-17.0,703,164,539,-2.5964039779553767,-2.7001925343673583,True,0.10378855641198159,-2.699731138063331,-2.687939924454072,-2.7691548167085784,-2.6932077183061027,-2.623648945426572,0.09680374035072603,5.0,1.0
49,3,-17.0,-16.0,702,0,702,,-2.7001925343673583,True,,-2.699731138063331,-2.687939924454072,-2.7691548167085784,-2.6932077183061027,-2.623648945426572,,,
49,4,-16.0,-15.0,703,135,568,-2.685161171670696,-2.7001925343673583,True,0.015031362696662498,-2.699731138063331,-2.687939924454072,-2.7691548167085784,-2.6932077183061027,-2.623648945426572,0.008046546635406937,4.0,0.5
49,5,-15.0,-14.0,702,157,545,-2.61845124528026,-2.7001925343673583,True,0.08174128908709832,-2.699731138063331,-2.687939924454072,-2.7691548167085784,-2.6932077183061027,-2.623648945426572,0.07475647302584276,5.0,1.0
49,6,-14.0,-13.0,703,186,517,-2.6392420458655086,-2.7001925343673583,True,0.0609504885018497,-2.699731138063331,-2.687939924454072,-2.7691548167085784,-2.6932077183061027,-2.623648945426572,0.05396567244059414,4.0,0.5
49,7,-13.0,-12.0,703,96,607,-2.6413153454697835,-2.7001925343673583,True,0.05887718889757476,-2.699731138063331,-2.687939924454072,-2.7691548167085784,-2.6932077183061027,-2.623648945426572,0.0518923728363192,4.0,0.5
49,8,-12.0,-11.0,702,57,645,-2.851261612325364,-2.7001925343673583,True,-0.1510690779580055,-2.699731138063331,-2.687939924454072,-2.7691548167085784,-2.6932077183061027,-2.623648945426572,-0.15805389401926107,1.0,-1.0
49,9,-11.0,-10.0,703,80,623,-2.582457712070685,-2.7001925343673583,True,0.11773482229667342,-2.699731138063331,-2.687939924454072,-2.7691548167085784,-2.6932077183061027,-2.623648945426572,0.11075000623541786,5.0,1.0
49,10,-10.0,-9.0,702,164,538,-2.600324207624814,-2.7001925343673583,True,0.09986832674254442,-2.699731138063331,-2.687939924454072,-2.7691548167085784,-2.6932077183061027,-2.623648945426572,0.09288351068128886,5.0,1.0
49,11,-9.0,-8.0,703,0,703,,-2.7001925343673583,True,,-2.699731138063331,-2.687939924454072,-2.7691548167085784,-2.6932077183061027,-2.623648945426572,,,
49,12,-8.0,-7.0,702,220,482,-2.7497332808454296,-2.7001925343673583,True,-0.049540746478071274,-2.699731138063331,-2.687939924454072,-2.7691548167085784,-2.6932077183061027,-2.623648945426572,-0.056525562539326835,2.0,-0.5
49,13,-7.0,-6.0,703,282,421,-2.5808130604572628,-2.7001925343673583,True,0.11937947391009551,-2.699731138063331,-2.687939924454072,-2.7691548167085784,-2.6932077183061027,-2.623648945426572,0.11239465784883995,5.0,1.0
49,14,-6.0,-5.0,703,230,473,-2.722491012842288,-2.7001925343673583,True,-0.022298478474929606,-2.699731138063331,-2.687939924454072,-2.7691548167085784,-2.6932077183061027,-2.623648945426572,-0.029283294536185167,2.0,-0.5
49,15,-5.0,-4.0,702,120,582,-2.689436175952813,-2.7001925343673583,True,0.010756358414545364,-2.699731138063331,-2.687939924454072,-2.7691548167085784,-2.6932077183061027,-2.623648945426572,0.003771542353289803,3.0,0.0
49,16,-4.0,-3.0,703,209,494,-2.78499638904706,-2.7001925343673583,True,-0.08480385467970164,-2.699731138063331,-2.687939924454072,-2.7691548167085784,-2.6932077183061027,-2.623648945426572,-0.0917886707409572,1.0,-1.0
49,17,-3.0,-2.0,702,295,407,-2.6969792606593925,-2.7001925343673583,True,0.003213273707965758,-2.699731138063331,-2.687939924454072,-2.7691548167085784,-2.6932077183061027,-2.623648945426572,-0.003771542353289803,3.0,0.0
49,18,-2.0,-1.0,703,192,511,-2.7048417675277876,-2.7001925343673583,True,-0.004649233160429311,-2.699731138063331,-2.687939924454072,-2.7691548167085784,-2.6932077183061027,-2.623648945426572,-0.011634049221685316,2.0,-0.5
49,19,-1.0,0.0,702,178,524,-2.844288002510561,-2.7001925343673583,True,-0.1440954681432025,-2.699731138063331,-2.687939924454072,-2.7691548167085784,-2.6932077183061027,-2.623648945426572,-0.15108028420445807,1.0,-1.0
49,20,0.0,1.0,703,116,587,-2.7668713725884864,-2.7001925343673583,True,-0.06667883822112808,-2.699731138063331,-2.687939924454072,-2.7691548167085784,-2.6932077183061027,-2.623648945426572,-0.07366365428238364,2.0,-0.5
49,21,1.0,2.0,703,162,541,-2.651455470746264,-2.7001925343673583,True,0.0487370636210942,-2.699731138063331,-2.687939924454072,-2.7691548167085784,-2.6932077183061027,-2.623648945426572,0.04175224755983864,4.0,0.5
49,22,2.0,3.0,702,171,531,-2.7414164550152487,-2.7001925343673583,True,-0.04122392064789038,-2.699731138063331,-2.687939924454072,-2.7691548167085784,-2.6932077183061027,-2.623648945426572,-0.04820873670914594,2.0,-0.5
49,23,3.0,4.0,703,259,444,-2.6026378638732983,-2.7001925343673583,True,0.09755467049405997,-2.699731138063331,-2.687939924454072,-2.7691548167085784,-2.6932077183061027,-2.623648945426572,0.09056985443280441,5.0,1.0
49,24,4.0,5.0,702,262,440,-2.7194546016704555,-2.7001925343673583,True,-0.019262067303097208,-2.699731138063331,-2.687939924454072,-2.7691548167085784,-2.6932077183061027,-2.623648945426572,-0.02624688336435277,2.0,-0.5
49,25,5.0,6.0,703,122,581,-2.634749594254409,-2.7001925343673583,True,0.06544294011294927,-2.699731138063331,-2.687939924454072,-2.7691548167085784,-2.6932077183061027,-2.623648945426572,0.058458124051693705,4.0,0.5
49,26,6.0,7.0,702,178,524,-2.5884303072089674,-2.7001925343673583,True,0.1117622271583909,-2.699731138063331,-2.687939924454072,-2.7691548167085784,-2.6932077183061027,-2.623648945426572,0.10477741109713534,5.0,1.0
49,27,7.0,8.0,703,154,549,-2.625168261850273,-2.7001925343673583,True,0.07502427251708532,-2.699731138063331,-2.687939924454072,-2.7691548167085784,-2.6932077183061027,-2.623648945426572,0.06803945645582976,4.0,0.5
49,28,8.0,9.0,703,336,367,-2.7114156098805813,-2.7001925343673583,True,-0.011223075513222991,-2.699731138063331,-2.687939924454072,-2.7691548167085784,-2.6932077183061027,-2.623648945426572,-0.018207891574478552,2.0,-0.5
49,29,9.0,10.0,702,162,540,-2.6452344907818843,-2.7001925343673583,True,0.05495804358547396,-2.699731138063331,-2.687939924454072,-2.7691548167085784,-2.6932077183061027,-2.623648945426572,0.0479732275242184,4.0,0.5
49,30,10.0,11.0,703,170,533,-2.5433204747359377,-2.7001925343673583,True,0.1568720596314206,-2.699731138063331,-2.687939924454072,-2.7691548167085784,-2.6932077183061027,-2.623648945426572,0.14988724357016503,5.0,1.0
49,31,11.0,12.0,702,135,567,-2.6530771586771777,-2.7001925343673583,True,0.04711537569018054,-2.699731138063331,-2.687939924454072,-2.7691548167085784,-2.6932077183061027,-2.623648945426572,0.04013055962892498,4.0,0.5
49,32,12.0,13.0,703,287,416,-2.684450379732511,-2.7001925343673583,True,0.015742154634847072,-2.699731138063331,-2.687939924454072,-2.7691548167085784,-2.6932077183061027,-2.623648945426572,0.008757338573591511,4.0,0.5
49,33,13.0,14.0,702,160,542,-2.752780276151312,-2.7001925343673583,True,-0.052587741783953756,-2.699731138063331,-2.687939924454072,-2.7691548167085784,-2.6932077183061027,-2.623648945426572,-0.05957255784520932,2.0,-0.5
49,34,14.0,15.0,703,228,475,-2.8540344529804433,-2.7001925343673583,True,-0.15384191861308505,-2.699731138063331,-2.687939924454072,-2.7691548167085784,-2.6932077183061027,-2.623648945426572,-0.16082673467434105,1.0,-1.0
49,35,15.0,16.0,703,229,474,-2.649740276239238,-2.7001925343673583,True,0.05045225812812015,-2.699731138063331,-2.687939924454072,-2.7691548167085784,-2.6932077183061027,-2.623648945426572,0.04346744206686459,4.0,0.5
49,36,16.0,17.0,702,199,503,-2.76450637384109,-2.7001925343673583,True,-0.0643138394737317,-2.699731138063331,-2.687939924454072,-2.7691548167085784,-2.6932077183061027,-2.623648945426572,-0.07129865553498727,2.0,-0.5
49,37,17.0,18.0,703,173,530,-2.6259860124332,-2.7001925343673583,True,0.07420652193415833,-2.699731138063331,-2.687939924454072,-2.7691548167085784,-2.6932077183061027,-2.623648945426572,0.06722170587290277,4.0,0.5
49,38,18.0,19.0,702,221,481,-2.6354830702061425,-2.7001925343673583,True,0.06470946416121581,-2.699731138063331,-2.687939924454072,-2.7691548167085784,-2.6932077183061027,-2.623648945426572,0.05772464809996025,4.0,0.5
49,39,19.0,20.0,703,219,484,-2.709358782862426,-2.7001925343673583,True,-0.009166248495067641,-2.699731138063331,-2.687939924454072,-2.7691548167085784,-2.6932077183061027,-2.623648945426572,-0.016151064556323202,2.0,-0.5
50,0,-20.0,-19.0,703,119,584,-2.9050554487144193,-2.647353542230792,True,-0.25770190648362723,-2.6159235631299715,-2.5865229927298277,-2.7635247688519327,-2.5946202683617328,-2.5747176726283003,-0.310435180352687,1.0,-1.0
50,1,-19.0,-18.0,703,193,510,-2.6372268578982103,-2.647353542230792,True,0.010126684332581792,-2.6159235631299715,-2.5865229927298277,-2.7635247688519327,-2.5946202683617328,-2.5747176726283003,-0.04260658953647756,2.0,-0.5
50,2,-18.0,-17.0,702,696,6,-2.237605758415517,-2.647353542230792,True,0.4097477838152752,-2.6159235631299715,-2.5865229927298277,-2.7635247688519327,-2.5946202683617328,-2.5747176726283003,0.35701450994621586,5.0,1.0
50,3,-17.0,-16.0,703,37,666,-2.8718576036279204,-2.647353542230792,True,-0.2245040613971283,-2.6159235631299715,-2.5865229927298277,-2.7635247688519327,-2.5946202683617328,-2.5747176726283003,-0.27723733526618766,1.0,-1.0
50,4,-16.0,-15.0,702,0,702,,-2.647353542230792,True,,-2.6159235631299715,-2.5865229927298277,-2.7635247688519327,-2.5946202683617328,-2.5747176726283003,,,
50,5,-15.0,-14.0,703,0,703,,-2.647353542230792,True,,-2.6159235631299715,-2.5865229927298277,-2.7635247688519327,-2.5946202683617328,-2.5747176726283003,,,
50,6,-14.0,-13.0,702,0,702,,-2.647353542230792,True,,-2.6159235631299715,-2.5865229927298277,-2.7635247688519327,-2.5946202683617328,-2.5747176726283003,,,
50,7,-13.0,-12.0,703,0,703,,-2.647353542230792,True,,-2.6159235631299715,-2.5865229927298277,-2.7635247688519327,-2.5946202683617328,-2.5747176726283003,,,
50,8,-12.0,-11.0,703,0,703,,-2.647353542230792,True,,-2.6159235631299715,-2.5865229927298277,-2.7635247688519327,-2.5946202683617328,-2.5747176726283003,,,
50,9,-11.0,-10.0,702,0,702,,-2.647353542230792,True,,-2.6159235631299715,-2.5865229927298277,-2.7635247688519327,-2.5946202683617328,-2.5747176726283003,,,
50,10,-10.0,-9.0,703,0,703,,-2.647353542230792,True,,-2.6159235631299715,-2.5865229927298277,-2.7635247688519327,-2.5946202683617328,-2.5747176726283003,,,
50,11,-9.0,-8.0,702,0,702,,-2.647353542230792,True,,-2.6159235631299715,-2.5865229927298277,-2.7635247688519327,-2.5946202683617328,-2.5747176726283003,,,
50,12,-8.0,-7.0,703,198,505,-2.6551919340759444,-2.647353542230792,True,-0.007838391845152337,-2.6159235631299715,-2.5865229927298277,-2.7635247688519327,-2.5946202683617328,-2.5747176726283003,-0.06057166571421169,2.0,-0.5
50,13,-7.0,-6.0,702,0,702,,-2.647353542230792,True,,-2.6159235631299715,-2.5865229927298277,-2.7635247688519327,-2.5946202683617328,-2.5747176726283003,,,
50,14,-6.0,-5.0,703,144,559,-2.573234401996075,-2.647353542230792,True,0.07411914023471722,-2.6159235631299715,-2.5865229927298277,-2.7635247688519327,-2.5946202683617328,-2.5747176726283003,0.02138586636565787,5.0,1.0
50,15,-5.0,-4.0,703,213,490,-2.5946202683617328,-2.647353542230792,True,0.05273327386905935,-2.6159235631299715,-2.5865229927298277,-2.7635247688519327,-2.5946202683617328,-2.5747176726283003,0.0,3.0,0.0
50,16,-4.0,-3.0,702,25,677,-3.0471430272734774,-2.647353542230792,True,-0.3997894850426853,-2.6159235631299715,-2.5865229927298277,-2.7635247688519327,-2.5946202683617328,-2.5747176726283003,-0.45252275891174465,1.0,-1.0
50,17,-3.0,-2.0,703,311,392,-2.578425717097923,-2.647353542230792,True,0.0689278251328691,-2.6159235631299715,-2.5865229927298277,-2.7635247688519327,-2.5946202683617328,-2.5747176726283003,0.016194551263809753,4.0,0.5
50,18,-2.0,-1.0,702,177,525,-2.576200943260526,-2.647353542230792,True,0.07115259897026593,-2.6159235631299715,-2.5865229927298277,-2.7635247688519327,-2.5946202683617328,-2.5747176726283003,0.018419325101206585,4.0,0.5
50,19,-1.0,0.0,703,603,100,-2.4443270038169693,-2.647353542230792,True,0.2030265384138228,-2.6159235631299715,-2.5865229927298277,-2.7635247688519327,-2.5946202683617328,-2.5747176726283003,0.15029326454476344,5.0,1.0
50,20,0.0,1.0,702,254,448,-2.4262201451316323,-2.647353542230792,True,0.2211333970991598,-2.6159235631299715,-2.5865229927298277,-2.7635247688519327,-2.5946202683617328,-2.5747176726283003,0.16840012323010045,5.0,1.0
50,21,1.0,2.0,703,0,703,,-2.647353542230792,True,,-2.6159235631299715,-2.5865229927298277,-2.7635247688519327,-2.5946202683617328,-2.5747176726283003,,,
50,22,2.0,3.0,703,223,480,-2.6003144246472156,-2.647353542230792,True,0.047039117583576484,-2.6159235631299715,-2.5865229927298277,-2.7635247688519327,-2.5946202683617328,-2.5747176726283003,-0.005694156285483309,3.0,0.0
50,23,3.0,4.0,702,0,702,,-2.647353542230792,True,,-2.6159235631299715,-2.5865229927298277,-2.7635247688519327,-2.5946202683617328,-2.5747176726283003,,,
50,24,4.0,5.0,703,251,452,-2.7084591192133023,-2.647353542230792,True,-0.06110557698251018,-2.6159235631299715,-2.5865229927298277,-2.7635247688519327,-2.5946202683617328,-2.5747176726283003,-0.11383885085156953,2.0,-0.5
50,25,5.0,6.0,702,170,532,-2.561680725163676,-2.647353542230792,True,0.08567281706711594,-2.6159235631299715,-2.5865229927298277,-2.7635247688519327,-2.5946202683617328,-2.5747176726283003,0.03293954319805659,5.0,1.0
50,26,6.0,7.0,703,191,512,-2.632999384223693,-2.647353542230792,True,0.014354158007098938,-2.6159235631299715,-2.5865229927298277,-2.7635247688519327,-2.5946202683617328,-2.5747176726283003,-0.03837911586196041,2.0,-0.5
50,27,7.0,8.0,702,310,392,-2.575388280165616,-2.647353542230792,True,0.07196526206517628,-2.6159235631299715,-2.5865229927298277,-2.7635247688519327,-2.5946202683617328,-2.5747176726283003,0.019231988196116934,4.0,0.5
50,28,8.0,9.0,703,214,489,-2.456772662472371,-2.647353542230792,True,0.19058087975842097,-2.6159235631299715,-2.5865229927298277,-2.7635247688519327,-2.5946202683617328,-2.5747176726283003,0.13784760588936162,5.0,1.0
50,29,9.0,10.0,703,34,669,-3.095292617335323,-2.647353542230792,True,-0.4479390751045309,-2.6159235631299715,-2.5865229927298277,-2.7635247688519327,-2.5946202683617328,-2.5747176726283003,-0.5006723489735903,1.0,-1.0
50,30,10.0,11.0,702,333,369,-2.5371592186377905,-2.647353542230792,True,0.11019432359300163,-2.6159235631299715,-2.5865229927298277,-2.7635247688519327,-2.5946202683617328,-2.5747176726283003,0.05746104972394228,5.0,1.0
50,31,11.0,12.0,703,229,474,-2.681124696659355,-2.647353542230792,True,-0.033771154428563044,-2.6159235631299715,-2.5865229927298277,-2.7635247688519327,-2.5946202683617328,-2.5747176726283003,-0.0865044282976224,2.0,-0.5
50,32,12.0,13.0,702,247,455,-2.6848411376126413,-2.647353542230792,True,-0.037487595381849204,-2.6159235631299715,-2.5865229927298277,-2.7635247688519327,-2.5946202683617328,-2.5747176726283003,-0.09022086925090855,2.0,-0.5
50,33,13.0,14.0,703,198,505,-2.649133085764975,-2.647353542230792,True,-0.0017795435341829702,-2.6159235631299715,-2.5865229927298277,-2.7635247688519327,-2.5946202683617328,-2.5747176726283003,-0.05451281740324232,2.0,-0.5
50,34,14.0,15.0,702,264,438,-2.5884912493616756,-2.647353542230792,True,0.058862292869116484,-2.6159235631299715,-2.5865229927298277,-2.7635247688519327,-2.5946202683617328,-2.5747176726283003,0.00612901900005669,3.0,0.0
50,35,15.0,16.0,703,160,543,-2.5967712059189703,-2.647353542230792,True,0.05058233631182185,-2.6159235631299715,-2.5865229927298277,-2.7635247688519327,-2.5946202683617328,-2.5747176726283003,-0.002150937557237498,3.0,0.0
50,36,16.0,17.0,703,481,222,-2.548175590808126,-2.647353542230792,True,0.09917795142266606,-2.6159235631299715,-2.5865229927298277,-2.7635247688519327,-2.5946202683617328,-2.5747176726283003,0.046444677553606706,5.0,1.0
50,37,17.0,18.0,702,329,373,-2.5304814253805152,-2.647353542230792,True,0.11687211685027687,-2.6159235631299715,-2.5865229927298277,-2.7635247688519327,-2.5946202683617328,-2.5747176726283003,0.06413884298121753,5.0,1.0
50,38,18.0,19.0,703,195,508,-2.57760977350533,-2.647353542230792,True,0.06974376872546229,-2.6159235631299715,-2.5865229927298277,-2.7635247688519327,-2.5946202683617328,-2.5747176726283003,0.017010494856402936,4.0,0.5
50,39,19.0,20.0,702,181,521,-2.6154325199295094,-2.647353542230792,True,0.03192102230128269,-2.6159235631299715,-2.5865229927298277,-2.7635247688519327,-2.5946202683617328,-2.5747176726283003,-0.02081225156777622,3.0,0.0
51,0,-20.0,-19.0,702,181,521,-2.76618053916607,-2.7329872817505905,True,-0.033193257415479405,-2.6575916492527734,-2.6419954564209225,-2.7660228592694303,-2.643508556140133,-2.6031870026574366,-0.12267198302593707,1.0,-1.0
51,1,-19.0,-18.0,703,148,555,-2.643508556140133,-2.7329872817505905,True,0.08947872561045767,-2.6575916492527734,-2.6419954564209225,-2.7660228592694303,-2.643508556140133,-2.6031870026574366,0.0,3.0,0.0
51,2,-18.0,-17.0,702,145,557,-2.559019366387384,-2.7329872817505905,True,0.17396791536320633,-2.6575916492527734,-2.6419954564209225,-2.7660228592694303,-2.643508556140133,-2.6031870026574366,0.08448918975274866,5.0,1.0
51,3,-17.0,-16.0,703,52,651,-2.7273948728664528,-2.7329872817505905,True,0.005592408884137701,-2.6575916492527734,-2.6419954564209225,-2.7660228592694303,-2.643508556140133,-2.6031870026574366,-0.08388631672631996,2.0,-0.5
51,4,-16.0,-15.0,702,148,554,-2.765865179372791,-2.7329872817505905,True,-0.032877897622200614,-2.6575916492527734,-2.6419954564209225,-2.7660228592694303,-2.643508556140133,-2.6031870026574366,-0.12235662323265828,2.0,-0.5
51,5,-15.0,-14.0,703,265,438,-2.7816938467414283,-2.7329872817505905,True,-0.04870656499083781,-2.6575916492527734,-2.6419954564209225,-2.7660228592694303,-2.643508556140133,-2.6031870026574366,-0.13818529060129547,1.0,-1.0
51,6,-14.0,-13.0,703,326,377,-2.6591564373764003,-2.7329872817505905,True,0.07383084437419019,-2.6575916492527734,-2.6419954564209225,-2.7660228592694303,-2.643508556140133,-2.6031870026574366,-0.01564788123626748,2.0,-0.5
51,7,-13.0,-12.0,702,358,344,-2.641827334229899,-2.7329872817505905,True,0.09115994752069145,-2.6575916492527734,-2.6419954564209225,-2.7660228592694303,-2.643508556140133,-2.6031870026574366,0.0016812219102337878,4.0,0.5
51,8,-12.0,-11.0,703,5,698,-3.505351084231912,-2.7329872817505905,True,-0.7723638024813217,-2.6575916492527734,-2.6419954564209225,-2.7660228592694303,-2.643508556140133,-2.6031870026574366,-0.8618425280917794,1.0,-1.0
51,9,-11.0,-10.0,702,78,624,-3.2667930101360247,-2.7329872817505905,True,-0.5338057283854343,-2.6575916492527734,-2.6419954564209225,-2.7660228592694303,-2.643508556140133,-2.6031870026574366,-0.6232844539958919,1.0,-1.0
51,10,-10.0,-9.0,703,153,550,-2.5111705059486407,-2.7329872817505905,True,0.2218167758019498,-2.6575916492527734,-2.6419954564209225,-2.7660228592694303,-2.643508556140133,-2.6031870026574366,0.13233805019149214,5.0,1.0
51,11,-9.0,-8.0,702,171,531,-2.626232018104918,-2.7329872817505905,True,0.10675526364567256,-2.6575916492527734,-2.6419954564209225,-2.7660228592694303,-2.643508556140133,-2.6031870026574366,0.017276538035214895,4.0,0.5
51,12,-8.0,-7.0,703,431,272,-2.6124792272249575,-2.7329872817505905,True,0.12050805452563296,-2.6575916492527734,-2.6419954564209225,-2.7660228592694303,-2.643508556140133,-2.6031870026574366,0.031029328915175736,4.0,0.5
51,13,-7.0,-6.0,703,290,413,-2.515803923461355,-2.7329872817505905,True,0.21718335828923552,-2.6575916492527734,-2.6419954564209225,-2.7660228592694303,-2.643508556140133,-2.6031870026574366,0.12770463267877785,5.0,1.0
51,14,-6.0,-5.0,702,0,702,,-2.7329872817505905,True,,-2.6575916492527734,-2.6419954564209225,-2.7660228592694303,-2.643508556140133,-2.6031870026574366,,,
51,15,-5.0,-4.0,703,201,502,-2.7477013879567287,-2.7329872817505905,True,-0.014714106206138222,-2.6575916492527734,-2.6419954564209225,-2.7660228592694303,-2.643508556140133,-2.6031870026574366,-0.10419283181659589,2.0,-0.5
51,16,-4.0,-3.0,702,314,388,-2.637454275479885,-2.7329872817505905,True,0.09553300627070538,-2.6575916492527734,-2.6419954564209225,-2.7660228592694303,-2.643508556140133,-2.6031870026574366,0.006054280660247713,4.0,0.5
51,17,-3.0,-2.0,703,364,339,-2.780517058310214,-2.7329872817505905,True,-0.04752977655962365,-2.6575916492527734,-2.6419954564209225,-2.7660228592694303,-2.643508556140133,-2.6031870026574366,-0.13700850217008131,1.0,-1.0
51,18,-2.0,-1.0,702,225,477,-2.593894778089916,-2.7329872817505905,True,0.13909250366067427,-2.6575916492527734,-2.6419954564209225,-2.7660228592694303,-2.643508556140133,-2.6031870026574366,0.049613778050216606,5.0,1.0
51,19,-1.0,0.0,703,130,573,-2.5847149520361006,-2.7329872817505905,True,0.1482723297144899,-2.6575916492527734,-2.6419954564209225,-2.7660228592694303,-2.643508556140133,-2.6031870026574366,0.05879360410403178,5.0,1.0
51,20,0.0,1.0,703,149,554,-2.7470564133109354,-2.7329872817505905,True,-0.01406913156034495,-2.6575916492527734,-2.6419954564209225,-2.7660228592694303,-2.643508556140133,-2.6031870026574366,-0.10354785717080262,2.0,-0.5
51,21,1.0,2.0,702,335,367,-2.711762607521403,-2.7329872817505905,True,0.02122467422918728,-2.6575916492527734,-2.6419954564209225,-2.7660228592694303,-2.643508556140133,-2.6031870026574366,-0.06825405138127039,2.0,-0.5
51,22,2.0,3.0,703,281,422,-2.6189754379728103,-2.7329872817505905,True,0.11401184377778018,-2.6575916492527734,-2.6419954564209225,-2.7660228592694303,-2.643508556140133,-2.6031870026574366,0.02453311816732251,4.0,0.5
51,23,3.0,4.0,702,248,454,-2.6553491084344807,-2.7329872817505905,True,0.07763817331610978,-2.6575916492527734,-2.6419954564209225,-2.7660228592694303,-2.643508556140133,-2.6031870026574366,-0.011840552294347884,3.0,0.0
51,24,4.0,5.0,703,228,475,-2.6725955395784657,-2.7329872817505905,True,0.06039174217212473,-2.6575916492527734,-2.6419954564209225,-2.7660228592694303,-2.643508556140133,-2.6031870026574366,-0.029086983438332936,2.0,-0.5
51,25,5.0,6.0,702,156,546,-2.5430869343382514,-2.7329872817505905,True,0.18990034741233908,-2.6575916492527734,-2.6419954564209225,-2.7660228592694303,-2.643508556140133,-2.6031870026574366,0.10042162180188141,5.0,1.0
51,26,6.0,7.0,703,163,540,-2.647282306050947,-2.7329872817505905,True,0.08570497569964353,-2.6575916492527734,-2.6419954564209225,-2.7660228592694303,-2.643508556140133,-2.6031870026574366,-0.0037737499108141392,3.0,0.0
51,27,7.0,8.0,703,196,507,-2.7218272655644036,-2.7329872817505905,True,0.011160016186186894,-2.6575916492527734,-2.6419954564209225,-2.7660228592694303,-2.643508556140133,-2.6031870026574366,-0.07831870942427122,2.0,-0.5
51,28,8.0,9.0,702,205,497,-2.6287115901243583,-2.7329872817505905,True,0.10427569162623218,-2.6575916492527734,-2.6419954564209225,-2.7660228592694303,-2.643508556140133,-2.6031870026574366,0.014796966015774515,4.0,0.5
51,29,9.0,10.0,703,249,454,-2.5310067207446556,-2.7329872817505905,True,0.20198056100593487,-2.6575916492527734,-2.6419954564209225,-2.7660228592694303,-2.643508556140133,-2.6031870026574366,0.11250183539547676,5.0,1.0
51,30,10.0,11.0,702,229,473,-2.562750682187036,-2.7329872817505905,True,0.1702365995635544,-2.6575916492527734,-2.6419954564209225,-2.7660228592694303,-2.643508556140133,-2.6031870026574366,0.08075787395309675,5.0,1.0
51,31,11.0,12.0,703,306,397,-2.5926395339567487,-2.7329872817505905,True,0.14034774779384174,-2.6575916492527734,-2.6419954564209225,-2.7660228592694303,-2.643508556140133,-2.6031870026574366,0.05086902218338407,5.0,1.0
51,32,12.0,13.0,702,156,546,-2.6588112082840545,-2.7329872817505905,True,0.07417607346653599,-2.6575916492527734,-2.6419954564209225,-2.7660228592694303,-2.643508556140133,-2.6031870026574366,-0.01530265214392168,2.0,-0.5
51,33,13.0,14.0,703,183,520,-2.6743588212263796,-2.7329872817505905,True,0.05862846052421089,-2.6575916492527734,-2.6419954564209225,-2.7660228592694303,-2.643508556140133,-2.6031870026574366,-0.03085026508624722,2.0,-0.5
51,34,14.0,15.0,703,152,551,-2.7643588646465727,-2.7329872817505905,True,-0.031371582895982186,-2.6575916492527734,-2.6419954564209225,-2.7660228592694303,-2.643508556140133,-2.6031870026574366,-0.12085030850643985,2.0,-0.5
51,35,15.0,16.0,702,264,438,-2.562572843951398,-2.7329872817505905,True,0.17041443779919252,-2.6575916492527734,-2.6419954564209225,-2.7660228592694303,-2.643508556140133,-2.6031870026574366,0.08093571218873485,5.0,1.0
51,36,16.0,17.0,703,211,492,-2.5707559787310386,-2.7329872817505905,True,0.1622313030195519,-2.6575916492527734,-2.6419954564209225,-2.7660228592694303,-2.643508556140133,-2.6031870026574366,0.07275257740909424,5.0,1.0
51,37,17.0,18.0,702,182,520,-2.634830029505097,-2.7329872817505905,True,0.09815725224549343,-2.6575916492527734,-2.6419954564209225,-2.7660228592694303,-2.643508556140133,-2.6031870026574366,0.008678526635035766,4.0,0.5
51,38,18.0,19.0,703,196,507,-2.673340051302062,-2.7329872817505905,True,0.059647230448528266,-2.6575916492527734,-2.6419954564209225,-2.7660228592694303,-2.643508556140133,-2.6031870026574366,-0.0298314951619294,2.0,-0.5
51,39,19.0,20.0,702,165,537,-2.6434965791418525,-2.7329872817505905,True,0.08949070260873793,-2.6575916492527734,-2.6419954564209225,-2.7660228592694303,-2.643508556140133,-2.6031870026574366,1.1976998280260887e-05,3.0,0.0
52,0,-20.0,-19.0,702,138,564,-2.6455898497822647,-2.6328997137191075,True,-0.012690136063157276,-2.646176211097285,-2.633843945551319,-2.666464367162283,-2.640283689093831,-2.607763882162814,-0.005306160688433703,3.0,0.0
52,1,-19.0,-18.0,703,196,507,-2.6680795199562417,-2.6328997137191075,True,-0.03517980623713424,-2.646176211097285,-2.633843945551319,-2.666464367162283,-2.640283689093831,-2.607763882162814,-0.027795830862410664,1.0,-1.0
52,2,-18.0,-17.0,702,130,572,-2.6132357110148905,-2.6328997137191075,True,0.019664002704216976,-2.646176211097285,-2.633843945551319,-2.666464367162283,-2.640283689093831,-2.607763882162814,0.02704797807894055,4.0,0.5
52,3,-17.0,-16.0,703,153,550,-2.5655802186390306,-2.6328997137191075,True,0.06731949508007684,-2.646176211097285,-2.633843945551319,-2.666464367162283,-2.640283689093831,-2.607763882162814,0.07470347045480086,5.0,1.0
52,4,-16.0,-15.0,702,178,524,-2.6793382908016725,-2.6328997137191075,True,-0.04643857708256505,-2.646176211097285,-2.633843945551319,-2.666464367162283,-2.640283689093831,-2.607763882162814,-0.039054601707841474,1.0,-1.0
52,5,-15.0,-14.0,703,176,527,-2.6494989252157333,-2.6328997137191075,True,-0.0165992114966258,-2.646176211097285,-2.633843945551319,-2.666464367162283,-2.640283689093831,-2.607763882162814,-0.009215236121902226,2.0,-0.5
52,6,-14.0,-13.0,703,175,528,-2.7094239802428266,-2.6328997137191075,True,-0.07652426652371913,-2.646176211097285,-2.633843945551319,-2.666464367162283,-2.640283689093831,-2.607763882162814,-0.06914029114899556,1.0,-1.0
52,7,-13.0,-12.0,702,184,518,-2.595461900143871,-2.6328997137191075,True,0.03743781357523668,-2.646176211097285,-2.633843945551319,-2.666464367162283,-2.640283689093831,-2.607763882162814,0.04482178894996025,5.0,1.0
52,8,-12.0,-11.0,703,246,457,-2.6274203093782105,-2.6328997137191075,True,0.005479404340896998,-2.646176211097285,-2.633843945551319,-2.666464367162283,-2.640283689093831,-2.607763882162814,0.012863379715620571,4.0,0.5
52,9,-11.0,-10.0,702,151,551,-2.685754556418757,-2.6328997137191075,True,-0.052854842699649573,-2.646176211097285,-2.633843945551319,-2.666464367162283,-2.640283689093831,-2.607763882162814,-0.045470867324926,1.0,-1.0
52,10,-10.0,-9.0,703,324,379,-2.6616189087804067,-2.6328997137191075,True,-0.028719195061299274,-2.646176211097285,-2.633843945551319,-2.666464367162283,-2.640283689093831,-2.607763882162814,-0.0213352196865757,2.0,-0.5
52,11,-9.0,-8.0,702,498,204,-2.518676354076073,-2.6328997137191075,True,0.11422335964303443,-2.646176211097285,-2.633843945551319,-2.666464367162283,-2.640283689093831,-2.607763882162814,0.121607335017758,5.0,1.0
52,12,-8.0,-7.0,703,360,343,-2.6349775284053973,-2.6328997137191075,True,-0.0020778146862898694,-2.646176211097285,-2.633843945551319,-2.666464367162283,-2.640283689093831,-2.607763882162814,0.005306160688433703,3.0,0.0
52,13,-7.0,-6.0,703,118,585,-2.605939939212122,-2.6328997137191075,True,0.02695977450698539,-2.646176211097285,-2.633843945551319,-2.666464367162283,-2.640283689093831,-2.607763882162814,0.03434374988170896,5.0,1.0
52,14,-6.0,-5.0,702,0,702,,-2.6328997137191075,True,,-2.646176211097285,-2.633843945551319,-2.666464367162283,-2.640283689093831,-2.607763882162814,,,
52,15,-5.0,-4.0,703,0,703,,-2.6328997137191075,True,,-2.646176211097285,-2.633843945551319,-2.666464367162283,-2.640283689093831,-2.607763882162814,,,
52,16,-4.0,-3.0,702,0,702,,-2.6328997137191075,True,,-2.646176211097285,-2.633843945551319,-2.666464367162283,-2.640283689093831,-2.607763882162814,,,
52,17,-3.0,-2.0,703,0,703,,-2.6328997137191075,True,,-2.646176211097285,-2.633843945551319,-2.666464367162283,-2.640283689093831,-2.607763882162814,,,
52,18,-2.0,-1.0,702,0,702,,-2.6328997137191075,True,,-2.646176211097285,-2.633843945551319,-2.666464367162283,-2.640283689093831,-2.607763882162814,,,
52,19,-1.0,0.0,703,0,703,,-2.6328997137191075,True,,-2.646176211097285,-2.633843945551319,-2.666464367162283,-2.640283689093831,-2.607763882162814,,,
52,20,0.0,1.0,703,0,703,,-2.6328997137191075,True,,-2.646176211097285,-2.633843945551319,-2.666464367162283,-2.640283689093831,-2.607763882162814,,,
52,21,1.0,2.0,702,0,702,,-2.6328997137191075,True,,-2.646176211097285,-2.633843945551319,-2.666464367162283,-2.640283689093831,-2.607763882162814,,,
52,22,2.0,3.0,703,0,703,,-2.6328997137191075,True,,-2.646176211097285,-2.633843945551319,-2.666464367162283,-2.640283689093831,-2.607763882162814,,,
52,23,3.0,4.0,702,0,702,,-2.6328997137191075,True,,-2.646176211097285,-2.633843945551319,-2.666464367162283,-2.640283689093831,-2.607763882162814,,,
52,24,4.0,5.0,703,302,401,-2.523944826583428,-2.6328997137191075,True,0.10895488713567936,-2.646176211097285,-2.633843945551319,-2.666464367162283,-2.640283689093831,-2.607763882162814,0.11633886251040293,5.0,1.0
52,25,5.0,6.0,702,203,499,-2.474975304430939,-2.6328997137191075,True,0.15792440928816864,-2.646176211097285,-2.633843945551319,-2.666464367162283,-2.640283689093831,-2.607763882162814,0.16530838466289222,5.0,1.0
52,26,6.0,7.0,703,16,687,-2.908132858754797,-2.6328997137191075,True,-0.27523314503568974,-2.646176211097285,-2.633843945551319,-2.666464367162283,-2.640283689093831,-2.607763882162814,-0.26784916966096617,1.0,-1.0
52,27,7.0,8.0,703,225,478,-2.4253131505259735,-2.6328997137191075,True,0.20758656319313395,-2.646176211097285,-2.633843945551319,-2.666464367162283,-2.640283689093831,-2.607763882162814,0.21497053856785797,5.0,1.0
52,28,8.0,9.0,702,505,197,-2.2086327900002214,-2.6328997137191075,True,0.4242669237188861,-2.646176211097285,-2.633843945551319,-2.666464367162283,-2.640283689093831,-2.607763882162814,0.43165089909360965,5.0,1.0
52,29,9.0,10.0,703,0,703,,-2.6328997137191075,True,,-2.646176211097285,-2.633843945551319,-2.666464367162283,-2.640283689093831,-2.607763882162814,,,
52,30,10.0,11.0,702,0,702,,-2.6328997137191075,True,,-2.646176211097285,-2.633843945551319,-2.666464367162283,-2.640283689093831,-2.607763882162814,,,
52,31,11.0,12.0,703,0,703,,-2.6328997137191075,True,,-2.646176211097285,-2.633843945551319,-2.666464367162283,-2.640283689093831,-2.607763882162814,,,
52,32,12.0,13.0,702,0,702,,-2.6328997137191075,True,,-2.646176211097285,-2.633843945551319,-2.666464367162283,-2.640283689093831,-2.607763882162814,,,
52,33,13.0,14.0,703,0,703,,-2.6328997137191075,True,,-2.646176211097285,-2.633843945551319,-2.666464367162283,-2.640283689093831,-2.607763882162814,,,
52,34,14.0,15.0,703,0,703,,-2.6328997137191075,True,,-2.646176211097285,-2.633843945551319,-2.666464367162283,-2.640283689093831,-2.607763882162814,,,
52,35,15.0,16.0,702,0,702,,-2.6328997137191075,True,,-2.646176211097285,-2.633843945551319,-2.666464367162283,-2.640283689093831,-2.607763882162814,,,
52,36,16.0,17.0,703,0,703,,-2.6328997137191075,True,,-2.646176211097285,-2.633843945551319,-2.666464367162283,-2.640283689093831,-2.607763882162814,,,
52,37,17.0,18.0,702,0,702,,-2.6328997137191075,True,,-2.646176211097285,-2.633843945551319,-2.666464367162283,-2.640283689093831,-2.607763882162814,,,
52,38,18.0,19.0,703,0,703,,-2.6328997137191075,True,,-2.646176211097285,-2.633843945551319,-2.666464367162283,-2.640283689093831,-2.607763882162814,,,
52,39,19.0,20.0,702,0,702,,-2.6328997137191075,True,,-2.646176211097285,-2.633843945551319,-2.666464367162283,-2.640283689093831,-2.607763882162814,,,
53,0,-20.0,-19.0,703,302,401,-2.5843450623273294,-2.607060092237208,True,0.022715029909878393,-2.5901811875088887,-2.586266093590098,-2.6606756686600823,-2.589103384782108,-2.56839063411517,0.004758322454778696,4.0,0.5
53,1,-19.0,-18.0,703,237,466,-2.5661089750132056,-2.607060092237208,True,0.04095111722400224,-2.5901811875088887,-2.586266093590098,-2.6606756686600823,-2.589103384782108,-2.56839063411517,0.022994409768902546,5.0,1.0
53,2,-18.0,-17.0,702,42,660,-2.6705665134248004,-2.607060092237208,True,-0.06350642118759264,-2.5901811875088887,-2.586266093590098,-2.6606756686600823,-2.589103384782108,-2.56839063411517,-0.08146312864269234,1.0,-1.0
53,3,-17.0,-16.0,703,284,419,-2.543509407347636,-2.607060092237208,True,0.06355068488957194,-2.5901811875088887,-2.586266093590098,-2.6606756686600823,-2.589103384782108,-2.56839063411517,0.045593977434472244,5.0,1.0
53,4,-16.0,-15.0,702,314,388,-2.6206174173537913,-2.607060092237208,True,-0.013557325116583474,-2.5901811875088887,-2.586266093590098,-2.6606756686600823,-2.589103384782108,-2.56839063411517,-0.031514032571683614,2.0,-0.5
53,5,-15.0,-14.0,703,266,437,-2.5903009433674202,-2.607060092237208,True,0.016759148869787577,-2.5901811875088887,-2.586266093590098,-2.6606756686600823,-2.589103384782108,-2.56839063411517,-0.0011975585853116755,2.0,-0.5
53,6,-14.0,-13.0,702,181,521,-2.589103384782108,-2.607060092237208,True,0.017956707455099696,-2.5901811875088887,-2.586266093590098,-2.6606756686600823,-2.589103384782108,-2.56839063411517,0.0,3.0,0.0
53,7,-13.0,-12.0,703,213,490,-2.6751072544020835,-2.607060092237208,True,-0.06804716216487572,-2.5901811875088887,-2.586266093590098,-2.6606756686600823,-2.589103384782108,-2.56839063411517,-0.08600386961997541,1.0,-1.0
53,8,-12.0,-11.0,703,180,523,-2.6248454513977575,-2.607060092237208,True,-0.017785359160549685,-2.5901811875088887,-2.586266093590098,-2.6606756686600823,-2.589103384782108,-2.56839063411517,-0.03574206661564894,2.0,-0.5
53,9,-11.0,-10.0,702,190,512,-2.5852903467505106,-2.607060092237208,True,0.02176974548669719,-2.5901811875088887,-2.586266093590098,-2.6606756686600823,-2.589103384782108,-2.56839063411517,0.003813038031597493,4.0,0.5
53,10,-10.0,-9.0,703,191,512,-2.521748274173542,-2.607060092237208,True,0.08531181806366561,-2.5901811875088887,-2.586266093590098,-2.6606756686600823,-2.589103384782108,-2.56839063411517,0.06735511060856592,5.0,1.0
53,11,-9.0,-8.0,702,338,364,-2.570672293217134,-2.607060092237208,True,0.03638779902007361,-2.5901811875088887,-2.586266093590098,-2.6606756686600823,-2.589103384782108,-2.56839063411517,0.01843109156497391,4.0,0.5
53,12,-8.0,-7.0,703,0,703,,-2.607060092237208,True,,-2.5901811875088887,-2.586266093590098,-2.6606756686600823,-2.589103384782108,-2.56839063411517,,,
53,13,-7.0,-6.0,702,186,516,-2.6805829731738897,-2.607060092237208,True,-0.07352288093668191,-2.5901811875088887,-2.586266093590098,-2.6606756686600823,-2.589103384782108,-2.56839063411517,-0.09147958839178161,1.0,-1.0
53,14,-6.0,-5.0,703,189,514,-2.6740216994933297,-2.607060092237208,True,-0.06696160725612188,-2.5901811875088887,-2.586266093590098,-2.6606756686600823,-2.589103384782108,-2.56839063411517,-0.08491831471122158,1.0,-1.0
53,15,-5.0,-4.0,703,190,513,-2.4866674345659785,-2.607060092237208,True,0.12039265767122931,-2.5901811875088887,-2.586266093590098,-2.6606756686600823,-2.589103384782108,-2.56839063411517,0.10243595021612961,5.0,1.0
53,16,-4.0,-3.0,702,272,430,-2.5451466701889154,-2.607060092237208,True,0.06191342204829242,-2.5901811875088887,-2.586266093590098,-2.6606756686600823,-2.589103384782108,-2.56839063411517,0.043956714593192725,5.0,1.0
53,17,-3.0,-2.0,703,215,488,-2.7687719886189415,-2.607060092237208,True,-0.16171189638173367,-2.5901811875088887,-2.586266093590098,-2.6606756686600823,-2.589103384782108,-2.56839063411517,-0.17966860383683292,1.0,-1.0
53,18,-2.0,-1.0,702,87,615,-2.650784823895364,-2.607060092237208,True,-0.04372473165815638,-2.5901811875088887,-2.586266093590098,-2.6606756686600823,-2.589103384782108,-2.56839063411517,-0.061681439113256076,2.0,-0.5
53,19,-1.0,0.0,703,222,481,-2.5859508390132078,-2.607060092237208,True,0.021109253224000035,-2.5901811875088887,-2.586266093590098,-2.6606756686600823,-2.589103384782108,-2.56839063411517,0.003152545768899895,4.0,0.5
53,20,0.0,1.0,702,191,511,-2.6492716136856607,-2.607060092237208,True,-0.04221152144845286,-2.5901811875088887,-2.586266093590098,-2.6606756686600823,-2.589103384782108,-2.56839063411517,-0.060168228903552556,2.0,-0.5
53,21,1.0,2.0,703,184,519,-2.624153790685848,-2.607060092237208,True,-0.017093698448640282,-2.5901811875088887,-2.586266093590098,-2.6606756686600823,-2.589103384782108,-2.56839063411517,-0.03505040590373998,2.0,-0.5
53,22,2.0,3.0,703,200,503,-2.5688880781712835,-2.607060092237208,True,0.0381720140659243,-2.5901811875088887,-2.586266093590098,-2.6606756686600823,-2.589103384782108,-2.56839063411517,0.0202153066108246,4.0,0.5
53,23,3.0,4.0,702,203,499,-2.5256793381218574,-2.607060092237208,True,0.0813807541153504,-2.5901811875088887,-2.586266093590098,-2.6606756686600823,-2.589103384782108,-2.56839063411517,0.0634240466602507,5.0,1.0
53,24,4.0,5.0,703,0,703,,-2.607060092237208,True,,-2.5901811875088887,-2.586266093590098,-2.6606756686600823,-2.589103384782108,-2.56839063411517,,,
53,25,5.0,6.0,702,0,702,,-2.607060092237208,True,,-2.5901811875088887,-2.586266093590098,-2.6606756686600823,-2.589103384782108,-2.56839063411517,,,
53,26,6.0,7.0,703,309,394,-2.7204073556891846,-2.607060092237208,True,-0.11334726345197677,-2.5901811875088887,-2.586266093590098,-2.6606756686600823,-2.589103384782108,-2.56839063411517,-0.1313039709070769,1.0,-1.0
53,27,7.0,8.0,702,0,702,,-2.607060092237208,True,,-2.5901811875088887,-2.586266093590098,-2.6606756686600823,-2.589103384782108,-2.56839063411517,,,
53,28,8.0,9.0,703,120,583,-2.6689922588337907,-2.607060092237208,True,-0.06193216659658285,-2.5901811875088887,-2.586266093590098,-2.6606756686600823,-2.589103384782108,-2.56839063411517,-0.07988887405168255,1.0,-1.0
53,29,9.0,10.0,703,416,287,-2.641686930033726,-2.607060092237208,True,-0.034626837796518206,-2.5901811875088887,-2.586266093590098,-2.6606756686600823,-2.589103384782108,-2.56839063411517,-0.0525835452516179,2.0,-0.5
53,30,10.0,11.0,702,119,583,-2.69504346148712,-2.607060092237208,True,-0.08798336924991235,-2.5901811875088887,-2.586266093590098,-2.6606756686600823,-2.589103384782108,-2.56839063411517,-0.10594007670501204,1.0,-1.0
53,31,11.0,12.0,703,0,703,,-2.607060092237208,True,,-2.5901811875088887,-2.586266093590098,-2.6606756686600823,-2.589103384782108,-2.56839063411517,,,
53,32,12.0,13.0,702,293,409,-2.6005074618742245,-2.607060092237208,True,0.006552630362983258,-2.5901811875088887,-2.586266093590098,-2.6606756686600823,-2.589103384782108,-2.56839063411517,-0.011404077092116438,2.0,-0.5
53,33,13.0,14.0,703,305,398,-2.577192135729751,-2.607060092237208,True,0.02986795650745666,-2.5901811875088887,-2.586266093590098,-2.6606756686600823,-2.589103384782108,-2.56839063411517,0.011911249052356965,4.0,0.5
53,34,14.0,15.0,702,170,532,-2.5993913131404676,-2.607060092237208,True,0.007668779096740241,-2.5901811875088887,-2.586266093590098,-2.6606756686600823,-2.589103384782108,-2.56839063411517,-0.010287928358359899,2.0,-0.5
53,35,15.0,16.0,703,337,366,-2.5893432544267405,-2.607060092237208,True,0.01771683781046729,-2.5901811875088887,-2.586266093590098,-2.6606756686600823,-2.589103384782108,-2.56839063411517,-0.00023986964463240668,3.0,0.0
53,36,16.0,17.0,703,390,313,-2.4826290471371157,-2.607060092237208,True,0.12443104510009206,-2.5901811875088887,-2.586266093590098,-2.6606756686600823,-2.589103384782108,-2.56839063411517,0.10647433764499192,5.0,1.0
53,37,17.0,18.0,702,92,610,-2.6764139605997728,-2.607060092237208,True,-0.06935386836256496,-2.5901811875088887,-2.586266093590098,-2.6606756686600823,-2.589103384782108,-2.56839063411517,-0.08731057581766466,1.0,-1.0
53,38,18.0,19.0,703,193,510,-2.627057704597943,-2.607060092237208,True,-0.01999761236073505,-2.5901811875088887,-2.586266093590098,-2.6606756686600823,-2.589103384782108,-2.56839063411517,-0.03795431981583475,2.0,-0.5
53,39,19.0,20.0,702,510,192,-2.521141675072227,-2.607060092237208,True,0.08591841716498072,-2.5901811875088887,-2.586266093590098,-2.6606756686600823,-2.589103384782108,-2.56839063411517,0.06796170970988102,5.0,1.0
54,0,-20.0,-19.0,703,332,371,-2.703497851923129,-2.6833934693886645,True,-0.02010438253446445,-2.6685814769850347,-2.6255941739868844,-2.703497851923129,-2.648760249666822,-2.6068463062453078,-0.05473760225630686,2.0,-0.5
54,1,-19.0,-18.0,703,80,623,-3.240573829735203,-2.6833934693886645,True,-0.5571803603465386,-2.6685814769850347,-2.6255941739868844,-2.703497851923129,-2.648760249666822,-2.6068463062453078,-0.591813580068381,1.0,-1.0
54,2,-18.0,-17.0,702,314,388,-2.749747679477024,-2.6833934693886645,True,-0.06635421008835962,-2.6685814769850347,-2.6255941739868844,-2.703497851923129,-2.648760249666822,-2.6068463062453078,-0.10098742981020203,1.0,-1.0
54,3,-17.0,-16.0,703,309,394,-2.6068463062453073,-2.6833934693886645,True,0.07654716314335719,-2.6685814769850347,-2.6255941739868844,-2.703497851923129,-2.648760249666822,-2.6068463062453078,0.04191394342151433,5.0,1.0
54,4,-16.0,-15.0,702,670,32,-2.648760249666822,-2.6833934693886645,True,0.03463321972184241,-2.6685814769850347,-2.6255941739868844,-2.703497851923129,-2.648760249666822,-2.6068463062453078,0.0,3.0,0.0
54,5,-15.0,-14.0,703,287,416,-2.6198026550668994,-2.6833934693886645,True,0.06359081432176517,-2.6685814769850347,-2.6255941739868844,-2.703497851923129,-2.648760249666822,-2.6068463062453078,0.02895759459992231,4.0,0.5
54,6,-14.0,-13.0,702,0,702,,-2.6833934693886645,True,,-2.6685814769850347,-2.6255941739868844,-2.703497851923129,-2.648760249666822,-2.6068463062453078,,,
54,7,-13.0,-12.0,703,170,533,-2.6735367838145874,-2.6833934693886645,True,0.00985668557407715,-2.6685814769850347,-2.6255941739868844,-2.703497851923129,-2.648760249666822,-2.6068463062453078,-0.024776534147765705,2.0,-0.5
54,8,-12.0,-11.0,703,646,57,-2.6067441857164297,-2.6833934693886645,True,0.07664928367223478,-2.6685814769850347,-2.6255941739868844,-2.703497851923129,-2.648760249666822,-2.6068463062453078,0.04201606395039237,5.0,1.0
54,9,-11.0,-10.0,702,190,512,-2.686235802079914,-2.6833934693886645,True,-0.0028423326912494495,-2.6685814769850347,-2.6255941739868844,-2.703497851923129,-2.648760249666822,-2.6068463062453078,-0.03747555241309186,2.0,-0.5
54,10,-10.0,-9.0,703,303,400,-2.5315944122641025,-2.6833934693886645,True,0.151799057124562,-2.6685814769850347,-2.6255941739868844,-2.703497851923129,-2.648760249666822,-2.6068463062453078,0.11716583740271957,5.0,1.0
54,11,-9.0,-8.0,702,173,529,-2.60927834640223,-2.6833934693886645,True,0.0741151229864343,-2.6685814769850347,-2.6255941739868844,-2.703497851923129,-2.648760249666822,-2.6068463062453078,0.03948190326459189,4.0,0.5
54,12,-8.0,-7.0,703,223,480,-2.7170525279258606,-2.6833934693886645,True,-0.033659058537196085,-2.6685814769850347,-2.6255941739868844,-2.703497851923129,-2.648760249666822,-2.6068463062453078,-0.0682922782590385,1.0,-1.0
54,13,-7.0,-6.0,702,0,702,,-2.6833934693886645,True,,-2.6685814769850347,-2.6255941739868844,-2.703497851923129,-2.648760249666822,-2.6068463062453078,,,
54,14,-6.0,-5.0,703,0,703,,-2.6833934693886645,True,,-2.6685814769850347,-2.6255941739868844,-2.703497851923129,-2.648760249666822,-2.6068463062453078,,,
54,15,-5.0,-4.0,703,185,518,-2.7744923212968953,-2.6833934693886645,True,-0.09109885190823075,-2.6685814769850347,-2.6255941739868844,-2.703497851923129,-2.648760249666822,-2.6068463062453078,-0.1257320716300736,1.0,-1.0
54,16,-4.0,-3.0,702,435,267,-2.6134231739462264,-2.6833934693886645,True,0.06997029544243816,-2.6685814769850347,-2.6255941739868844,-2.703497851923129,-2.648760249666822,-2.6068463062453078,0.035337075720595745,4.0,0.5
54,17,-3.0,-2.0,703,337,366,-2.5559589282873834,-2.6833934693886645,True,0.12743454110128116,-2.6685814769850347,-2.6255941739868844,-2.703497851923129,-2.648760249666822,-2.6068463062453078,0.0928013213794383,5.0,1.0
54,18,-2.0,-1.0,702,328,374,-2.5961731827190997,-2.6833934693886645,True,0.08722028666956483,-2.6685814769850347,-2.6255941739868844,-2.703497851923129,-2.648760249666822,-2.6068463062453078,0.05258706694772197,5.0,1.0
54,19,-1.0,0.0,703,201,502,-2.683970743040184,-2.6833934693886645,True,-0.0005772736515194943,-2.6685814769850347,-2.6255941739868844,-2.703497851923129,-2.648760249666822,-2.6068463062453078,-0.035210493373361906,2.0,-0.5
54,20,0.0,1.0,702,207,495,-2.696808979329856,-2.6833934693886645,True,-0.013415509941191672,-2.6685814769850347,-2.6255941739868844,-2.703497851923129,-2.648760249666822,-2.6068463062453078,-0.048048729663034084,2.0,-0.5
54,21,1.0,2.0,703,191,512,-2.640347156095137,-2.6833934693886645,True,0.04304631329352748,-2.6685814769850347,-2.6255941739868844,-2.703497851923129,-2.648760249666822,-2.6068463062453078,0.00841309357168507,3.0,0.0
54,22,2.0,3.0,703,157,546,-2.519987660604266,-2.6833934693886645,True,0.1634058087843986,-2.6685814769850347,-2.6255941739868844,-2.703497851923129,-2.648760249666822,-2.6068463062453078,0.12877258906255618,5.0,1.0
54,23,3.0,4.0,702,221,481,-2.6060336942712548,-2.6833934693886645,True,0.07735977511740977,-2.6685814769850347,-2.6255941739868844,-2.703497851923129,-2.648760249666822,-2.6068463062453078,0.042726555395567356,5.0,1.0
54,24,4.0,5.0,703,232,471,-2.6722864916625437,-2.6833934693886645,True,0.011106977726120792,-2.6685814769850347,-2.6255941739868844,-2.703497851923129,-2.648760249666822,-2.6068463062453078,-0.023526241995722064,2.0,-0.5
54,25,5.0,6.0,702,303,399,-2.547204421753624,-2.6833934693886645,True,0.1361890476350407,-2.6685814769850347,-2.6255941739868844,-2.703497851923129,-2.648760249666822,-2.6068463062453078,0.10155582791319828,5.0,1.0
54,26,6.0,7.0,703,239,464,-2.59498905974616,-2.6833934693886645,True,0.08840440964250451,-2.6685814769850347,-2.6255941739868844,-2.703497851923129,-2.648760249666822,-2.6068463062453078,0.0537711899206621,5.0,1.0
54,27,7.0,8.0,702,137,565,-2.5668068624835723,-2.6833934693886645,True,0.11658660690509226,-2.6685814769850347,-2.6255941739868844,-2.703497851923129,-2.648760249666822,-2.6068463062453078,0.08195338718324985,5.0,1.0
54,28,8.0,9.0,703,183,520,-2.621557764347996,-2.6833934693886645,True,0.061835705040668376,-2.6685814769850347,-2.6255941739868844,-2.703497851923129,-2.648760249666822,-2.6068463062453078,0.027202485318825964,4.0,0.5
54,29,9.0,10.0,703,178,525,-2.6550108297402226,-2.6833934693886645,True,0.0283826396484419,-2.6685814769850347,-2.6255941739868844,-2.703497851923129,-2.648760249666822,-2.6068463062453078,-0.006250580073400069,3.0,0.0
54,30,10.0,11.0,702,259,443,-2.5973104719830586,-2.6833934693886645,True,0.08608299740560588,-2.6685814769850347,-2.6255941739868844,-2.703497851923129,-2.648760249666822,-2.6068463062453078,0.05144977768376391,5.0,1.0
54,31,11.0,12.0,703,187,516,-2.826171849693664,-2.6833934693886645,True,-0.14277838030499934,-2.6685814769850347,-2.6255941739868844,-2.703497851923129,-2.648760249666822,-2.6068463062453078,-0.17741160002684175,1.0,-1.0
54,32,12.0,13.0,702,193,509,-2.7027978326067528,-2.6833934693886645,True,-0.01940436321808825,-2.6685814769850347,-2.6255941739868844,-2.703497851923129,-2.648760249666822,-2.6068463062453078,-0.05403758293993066,2.0,-0.5
54,33,13.0,14.0,703,178,525,-2.7043145146406555,-2.6833934693886645,True,-0.02092104525199101,-2.6685814769850347,-2.6255941739868844,-2.703497851923129,-2.648760249666822,-2.6068463062453078,-0.05555426497383342,1.0,-1.0
54,34,14.0,15.0,702,328,374,-2.8434492650007765,-2.6833934693886645,True,-0.16005579561211203,-2.6685814769850347,-2.6255941739868844,-2.703497851923129,-2.648760249666822,-2.6068463062453078,-0.19468901533395444,1.0,-1.0
54,35,15.0,16.0,703,0,703,,-2.6833934693886645,True,,-2.6685814769850347,-2.6255941739868844,-2.703497851923129,-2.648760249666822,-2.6068463062453078,,,
54,36,16.0,17.0,703,177,526,-2.6162368526946778,-2.6833934693886645,True,0.06715661669398676,-2.6685814769850347,-2.6255941739868844,-2.703497851923129,-2.648760249666822,-2.6068463062453078,0.03252339697214435,4.0,0.5
54,37,17.0,18.0,702,185,517,-2.6005327962168567,-2.6833934693886645,True,0.08286067317180779,-2.6685814769850347,-2.6255941739868844,-2.703497851923129,-2.648760249666822,-2.6068463062453078,0.048227453449965374,5.0,1.0
54,38,18.0,19.0,703,0,703,,-2.6833934693886645,True,,-2.6685814769850347,-2.6255941739868844,-2.703497851923129,-2.648760249666822,-2.6068463062453078,,,
54,39,19.0,20.0,702,368,334,-2.6889036593496356,-2.6833934693886645,True,-0.005510189960971079,-2.6685814769850347,-2.6255941739868844,-2.703497851923129,-2.648760249666822,-2.6068463062453078,-0.040143409682813935,2.0,-0.5
55,0,-20.0,-19.0,703,176,527,-2.7754414332107182,-2.7181931398882186,True,-0.05724829332249959,-2.7162534625062422,-2.7034272081003525,-2.781636252658844,-2.7067369153673795,-2.6349349057326763,-0.06870451784333875,2.0,-0.5
55,1,-19.0,-18.0,702,224,478,-2.5799083313598223,-2.7181931398882186,True,0.1382848085283963,-2.7162534625062422,-2.7034272081003525,-2.781636252658844,-2.7067369153673795,-2.6349349057326763,0.12682858400755714,5.0,1.0
55,2,-18.0,-17.0,703,171,532,-2.570060531764724,-2.7181931398882186,True,0.1481326081234946,-2.7162534625062422,-2.7034272081003525,-2.781636252658844,-2.7067369153673795,-2.6349349057326763,0.13667638360265544,5.0,1.0
55,3,-17.0,-16.0,702,187,515,-2.700004284963444,-2.7181931398882186,True,0.018188854924774844,-2.7162534625062422,-2.7034272081003525,-2.781636252658844,-2.7067369153673795,-2.6349349057326763,0.00673263040393568,4.0,0.5
55,4,-16.0,-15.0,703,135,568,-2.950180111874637,-2.7181931398882186,True,-0.2319869719864185,-2.7162534625062422,-2.7034272081003525,-2.781636252658844,-2.7067369153673795,-2.6349349057326763,-0.24344319650725765,1.0,-1.0
55,5,-15.0,-14.0,703,183,520,-2.640095780411684,-2.7181931398882186,True,0.07809735947653484,-2.7162534625062422,-2.7034272081003525,-2.781636252658844,-2.7067369153673795,-2.6349349057326763,0.06664113495569568,4.0,0.5
55,6,-14.0,-13.0,702,171,531,-2.698483718790113,-2.7181931398882186,True,0.019709421098105473,-2.7162534625062422,-2.7034272081003525,-2.781636252658844,-2.7067369153673795,-2.6349349057326763,0.008253196577266309,4.0,0.5
55,7,-13.0,-12.0,703,220,483,-2.706227781576005,-2.7181931398882186,True,0.01196535831221368,-2.7162534625062422,-2.7034272081003525,-2.781636252658844,-2.7067369153673795,-2.6349349057326763,0.0005091337913745164,3.0,0.0
55,8,-12.0,-11.0,702,189,513,-2.7650561329434766,-2.7181931398882186,True,-0.046862993055257984,-2.7162534625062422,-2.7034272081003525,-2.781636252658844,-2.7067369153673795,-2.6349349057326763,-0.05831921757609715,2.0,-0.5
55,9,-11.0,-10.0,703,137,566,-2.86224353140473,-2.7181931398882186,True,-0.14405039151651122,-2.7162534625062422,-2.7034272081003525,-2.781636252658844,-2.7067369153673795,-2.6349349057326763,-0.1555066160373504,1.0,-1.0
55,10,-10.0,-9.0,702,278,424,-2.65851922075951,-2.7181931398882186,True,0.059673919128708786,-2.7162534625062422,-2.7034272081003525,-2.781636252658844,-2.7067369153673795,-2.6349349057326763,0.04821769460786962,4.0,0.5
55,11,-9.0,-8.0,703,93,610,-2.8396415084735347,-2.7181931398882186,True,-0.12144836858531605,-2.7162534625062422,-2.7034272081003525,-2.781636252658844,-2.7067369153673795,-2.6349349057326763,-0.1329045931061552,1.0,-1.0
55,12,-8.0,-7.0,703,242,461,-2.6194522816956542,-2.7181931398882186,True,0.0987408581925644,-2.7162534625062422,-2.7034272081003525,-2.781636252658844,-2.7067369153673795,-2.6349349057326763,0.08728463367172523,5.0,1.0
55,13,-7.0,-6.0,702,218,484,-2.707246049158754,-2.7181931398882186,True,0.010947090729464648,-2.7162534625062422,-2.7034272081003525,-2.781636252658844,-2.7067369153673795,-2.6349349057326763,-0.0005091337913745164,3.0,0.0
55,14,-6.0,-5.0,703,175,528,-2.811250954260652,-2.7181931398882186,True,-0.09305781437243343,-2.7162534625062422,-2.7034272081003525,-2.781636252658844,-2.7067369153673795,-2.6349349057326763,-0.1045140388932726,1.0,-1.0
55,15,-5.0,-4.0,702,147,555,-2.7272625232642835,-2.7181931398882186,True,-0.009069383376064888,-2.7162534625062422,-2.7034272081003525,-2.781636252658844,-2.7067369153673795,-2.6349349057326763,-0.020525607896904052,2.0,-0.5
55,16,-4.0,-3.0,703,148,555,-2.5634083660690905,-2.7181931398882186,True,0.15478477381912814,-2.7162534625062422,-2.7034272081003525,-2.781636252658844,-2.7067369153673795,-2.6349349057326763,0.14332854929828898,5.0,1.0
55,17,-3.0,-2.0,702,180,522,-2.795073147277217,-2.7181931398882186,True,-0.07688000738899836,-2.7162534625062422,-2.7034272081003525,-2.781636252658844,-2.7067369153673795,-2.6349349057326763,-0.08833623190983753,1.0,-1.0
55,18,-2.0,-1.0,703,172,531,-2.777157287786053,-2.7181931398882186,True,-0.05896414789783444,-2.7162534625062422,-2.7034272081003525,-2.781636252658844,-2.7067369153673795,-2.6349349057326763,-0.0704203724186736,2.0,-0.5
55,19,-1.0,0.0,703,157,546,-2.61714982072027,-2.7181931398882186,True,0.10104331916794873,-2.7162534625062422,-2.7034272081003525,-2.781636252658844,-2.7067369153673795,-2.6349349057326763,0.08958709464710957,5.0,1.0
55,20,0.0,1.0,702,0,702,,-2.7181931398882186,True,,-2.7162534625062422,-2.7034272081003525,-2.781636252658844,-2.7067369153673795,-2.6349349057326763,,,
55,21,1.0,2.0,703,273,430,-2.617121515889037,-2.7181931398882186,True,0.10107162399918179,-2.7162534625062422,-2.7034272081003525,-2.781636252658844,-2.7067369153673795,-2.6349349057326763,0.08961539947834263,5.0,1.0
55,22,2.0,3.0,702,90,612,-2.6717983645548795,-2.7181931398882186,True,0.04639477533333913,-2.7162534625062422,-2.7034272081003525,-2.781636252658844,-2.7067369153673795,-2.6349349057326763,0.03493855081249997,4.0,0.5
55,23,3.0,4.0,703,212,491,-2.7851537488885256,-2.7181931398882186,True,-0.06696060900030698,-2.7162534625062422,-2.7034272081003525,-2.781636252658844,-2.7067369153673795,-2.6349349057326763,-0.07841683352114615,1.0,-1.0
55,24,4.0,5.0,702,138,564,-2.6292249881744936,-2.7181931398882186,True,0.08896815171372507,-2.7162534625062422,-2.7034272081003525,-2.781636252658844,-2.7067369153673795,-2.6349349057326763,0.07751192719288591,5.0,1.0
55,25,5.0,6.0,703,182,521,-2.5754745598984217,-2.7181931398882186,True,0.14271857998979698,-2.7162534625062422,-2.7034272081003525,-2.781636252658844,-2.7067369153673795,-2.6349349057326763,0.13126235546895781,5.0,1.0
55,26,6.0,7.0,703,164,539,-2.5746770864732746,-2.7181931398882186,True,0.143516053414944,-2.7162534625062422,-2.7034272081003525,-2.781636252658844,-2.7067369153673795,-2.6349349057326763,0.13205982889410528,5.0,1.0
55,27,7.0,8.0,702,148,554,-2.557131138017053,-2.7181931398882186,True,0.1610620018711657,-2.7162534625062422,-2.7034272081003525,-2.781636252658844,-2.7067369153673795,-2.6349349057326763,0.14960577735032654,5.0,1.0
55,28,8.0,9.0,703,201,502,-2.6442715396992775,-2.7181931398882186,True,0.07392160018894112,-2.7162534625062422,-2.7034272081003525,-2.781636252658844,-2.7067369153673795,-2.6349349057326763,0.062465375668102396,4.0,0.5
55,29,9.0,10.0,702,202,500,-2.7585656958988514,-2.7181931398882186,True,-0.04037255601063272,-2.7162534625062422,-2.7034272081003525,-2.781636252658844,-2.7067369153673795,-2.6349349057326763,-0.05182878053147233,2.0,-0.5
55,30,10.0,11.0,703,165,538,-2.5410946665881893,-2.7181931398882186,True,0.17709847330002937,-2.7162534625062422,-2.7034272081003525,-2.781636252658844,-2.7067369153673795,-2.6349349057326763,0.1656422487791902,5.0,1.0
55,31,11.0,12.0,702,177,525,-2.905389599324149,-2.7181931398882186,True,-0.18719645943593033,-2.7162534625062422,-2.7034272081003525,-2.781636252658844,-2.7067369153673795,-2.6349349057326763,-0.1986526839567695,1.0,-1.0
55,32,12.0,13.0,703,131,572,-2.730555369111974,-2.7181931398882186,True,-0.012362229223755516,-2.7162534625062422,-2.7034272081003525,-2.781636252658844,-2.7067369153673795,-2.6349349057326763,-0.02381845374459468,2.0,-0.5
55,33,13.0,14.0,703,108,595,-2.7302476727412905,-2.7181931398882186,True,-0.012054532853071898,-2.7162534625062422,-2.7034272081003525,-2.781636252658844,-2.7067369153673795,-2.6349349057326763,-0.023510757373911062,2.0,-0.5
55,34,14.0,15.0,702,164,538,-2.6567289937465355,-2.7181931398882186,True,0.06146414614168316,-2.7162534625062422,-2.7034272081003525,-2.781636252658844,-2.7067369153673795,-2.6349349057326763,0.050007921620844,4.0,0.5
55,35,15.0,16.0,703,244,459,-2.6719383146518507,-2.7181931398882186,True,0.046254825236367925,-2.7162534625062422,-2.7034272081003525,-2.781636252658844,-2.7067369153673795,-2.6349349057326763,0.03479860071552876,4.0,0.5
55,36,16.0,17.0,702,188,514,-2.752577898512305,-2.7181931398882186,True,-0.03438475862408641,-2.7162534625062422,-2.7034272081003525,-2.781636252658844,-2.7067369153673795,-2.6349349057326763,-0.04584098314492557,2.0,-0.5
55,37,17.0,18.0,703,142,561,-2.605393297411337,-2.7181931398882186,True,0.11279984247688146,-2.7162534625062422,-2.7034272081003525,-2.781636252658844,-2.7067369153673795,-2.6349349057326763,0.1013436179560423,5.0,1.0
55,38,18.0,19.0,702,162,540,-2.7335017541501965,-2.7181931398882186,True,-0.015308614261977826,-2.7162534625062422,-2.7034272081003525,-2.781636252658844,-2.7067369153673795,-2.6349349057326763,-0.02676483878281699,2.0,-0.5
55,39,19.0,20.0,703,192,511,-2.6498156456469153,-2.7181931398882186,True,0.06837749424130335,-2.7162534625062422,-2.7034272081003525,-2.781636252658844,-2.7067369153673795,-2.6349349057326763,0.05692126972046374,4.0,0.5
56,0,-20.0,-19.0,703,119,584,-2.684505465039904,-2.7786745836227467,True,0.0941691185828426,-2.772659126244409,-2.730626442246551,-2.8870461977919453,-2.7419487250224748,-2.6669786091397576,0.057443259982570716,4.0,0.5
56,1,-19.0,-18.0,702,161,541,-2.7051177195954685,-2.7786745836227467,True,0.07355686402727812,-2.772659126244409,-2.730626442246551,-2.8870461977919453,-2.7419487250224748,-2.6669786091397576,0.036831005427006236,4.0,0.5
56,2,-18.0,-17.0,703,135,568,-2.7858207267680952,-2.7786745836227467,True,-0.00714614314534856,-2.772659126244409,-2.730626442246551,-2.8870461977919453,-2.7419487250224748,-2.6669786091397576,-0.04387200174562045,2.0,-0.5
56,3,-17.0,-16.0,702,0,702,,-2.7786745836227467,True,,-2.772659126244409,-2.730626442246551,-2.8870461977919453,-2.7419487250224748,-2.6669786091397576,,,
56,4,-16.0,-15.0,703,130,573,-2.7419487250224748,-2.7786745836227467,True,0.03672585860027189,-2.772659126244409,-2.730626442246551,-2.8870461977919453,-2.7419487250224748,-2.6669786091397576,0.0,3.0,0.0
56,5,-15.0,-14.0,703,148,555,-2.725774035342584,-2.7786745836227467,True,0.052900548280162774,-2.772659126244409,-2.730626442246551,-2.8870461977919453,-2.7419487250224748,-2.6669786091397576,0.016174689679890886,4.0,0.5
56,6,-14.0,-13.0,702,170,532,-2.8047767234614334,-2.7786745836227467,True,-0.0261021398386867,-2.772659126244409,-2.730626442246551,-2.8870461977919453,-2.7419487250224748,-2.6669786091397576,-0.06282799843895859,2.0,-0.5
56,7,-13.0,-12.0,703,390,313,-2.7958590234647223,-2.7786745836227467,True,-0.017184439841975596,-2.772659126244409,-2.730626442246551,-2.8870461977919453,-2.7419487250224748,-2.6669786091397576,-0.053910298442247484,2.0,-0.5
56,8,-12.0,-11.0,702,493,209,-2.6494517532396107,-2.7786745836227467,True,0.12922283038313598,-2.772659126244409,-2.730626442246551,-2.8870461977919453,-2.7419487250224748,-2.6669786091397576,0.09249697178286409,5.0,1.0
56,9,-11.0,-10.0,703,269,434,-2.518624398220894,-2.7786745836227467,True,0.26005018540185265,-2.772659126244409,-2.730626442246551,-2.8870461977919453,-2.7419487250224748,-2.6669786091397576,0.22332432680158076,5.0,1.0
56,10,-10.0,-9.0,702,284,418,-3.073507464289264,-2.7786745836227467,True,-0.29483288066651747,-2.772659126244409,-2.730626442246551,-2.8870461977919453,-2.7419487250224748,-2.6669786091397576,-0.33155873926678936,1.0,-1.0
56,11,-9.0,-8.0,703,42,661,-3.0003898579670643,-2.7786745836227467,True,-0.2217152743443176,-2.772659126244409,-2.730626442246551,-2.8870461977919453,-2.7419487250224748,-2.6669786091397576,-0.2584411329445895,1.0,-1.0
56,12,-8.0,-7.0,703,95,608,-2.9693156721224576,-2.7786745836227467,True,-0.19064108849971095,-2.772659126244409,-2.730626442246551,-2.8870461977919453,-2.7419487250224748,-2.6669786091397576,-0.22736694709998284,1.0,-1.0
56,13,-7.0,-6.0,702,129,573,-3.104502573765521,-2.7786745836227467,True,-0.3258279901427743,-2.772659126244409,-2.730626442246551,-2.8870461977919453,-2.7419487250224748,-2.6669786091397576,-0.3625538487430462,1.0,-1.0
56,14,-6.0,-5.0,703,0,703,,-2.7786745836227467,True,,-2.772659126244409,-2.730626442246551,-2.8870461977919453,-2.7419487250224748,-2.6669786091397576,,,
56,15,-5.0,-4.0,702,0,702,,-2.7786745836227467,True,,-2.772659126244409,-2.730626442246551,-2.8870461977919453,-2.7419487250224748,-2.6669786091397576,,,
56,16,-4.0,-3.0,703,0,703,,-2.7786745836227467,True,,-2.772659126244409,-2.730626442246551,-2.8870461977919453,-2.7419487250224748,-2.6669786091397576,,,
56,17,-3.0,-2.0,702,0,702,,-2.7786745836227467,True,,-2.772659126244409,-2.730626442246551,-2.8870461977919453,-2.7419487250224748,-2.6669786091397576,,,
56,18,-2.0,-1.0,703,331,372,-2.5196978181859877,-2.7786745836227467,True,0.25897676543675896,-2.772659126244409,-2.730626442246551,-2.8870461977919453,-2.7419487250224748,-2.6669786091397576,0.22225090683648663,5.0,1.0
56,19,-1.0,0.0,703,150,553,-2.6008267978557194,-2.7786745836227467,True,0.1778477857670273,-2.772659126244409,-2.730626442246551,-2.8870461977919453,-2.7419487250224748,-2.6669786091397576,0.14112192716675498,5.0,1.0
56,20,0.0,1.0,702,0,702,,-2.7786745836227467,True,,-2.772659126244409,-2.730626442246551,-2.8870461977919453,-2.7419487250224748,-2.6669786091397576,,,
56,21,1.0,2.0,703,0,703,,-2.7786745836227467,True,,-2.772659126244409,-2.730626442246551,-2.8870461977919453,-2.7419487250224748,-2.6669786091397576,,,
56,22,2.0,3.0,702,0,702,,-2.7786745836227467,True,,-2.772659126244409,-2.730626442246551,-2.8870461977919453,-2.7419487250224748,-2.6669786091397576,,,
56,23,3.0,4.0,703,333,370,-2.523109409901404,-2.7786745836227467,True,0.25556517372134246,-2.772659126244409,-2.730626442246551,-2.8870461977919453,-2.7419487250224748,-2.6669786091397576,0.21883931512107058,5.0,1.0
56,24,4.0,5.0,702,0,702,,-2.7786745836227467,True,,-2.772659126244409,-2.730626442246551,-2.8870461977919453,-2.7419487250224748,-2.6669786091397576,,,
56,25,5.0,6.0,703,56,647,-3.6858472151758783,-2.7786745836227467,True,-0.9071726315531317,-2.772659126244409,-2.730626442246551,-2.8870461977919453,-2.7419487250224748,-2.6669786091397576,-0.9438984901534035,1.0,-1.0
56,26,6.0,7.0,703,0,703,,-2.7786745836227467,True,,-2.772659126244409,-2.730626442246551,-2.8870461977919453,-2.7419487250224748,-2.6669786091397576,,,
56,27,7.0,8.0,702,216,486,-2.6334717613567573,-2.7786745836227467,True,0.14520282226598935,-2.772659126244409,-2.730626442246551,-2.8870461977919453,-2.7419487250224748,-2.6669786091397576,0.10847696366571746,5.0,1.0
56,28,8.0,9.0,703,152,551,-2.476113323741893,-2.7786745836227467,True,0.3025612598808536,-2.772659126244409,-2.730626442246551,-2.8870461977919453,-2.7419487250224748,-2.6669786091397576,0.2658354012805817,5.0,1.0
56,29,9.0,10.0,702,47,655,-2.8505296865453134,-2.7786745836227467,True,-0.0718551029225667,-2.772659126244409,-2.730626442246551,-2.8870461977919453,-2.7419487250224748,-2.6669786091397576,-0.10858096152283858,2.0,-0.5
56,30,10.0,11.0,703,306,397,-2.6686635485870562,-2.7786745836227467,True,0.11001103503569043,-2.772659126244409,-2.730626442246551,-2.8870461977919453,-2.7419487250224748,-2.6669786091397576,0.07328517643541899,4.0,0.5
56,31,11.0,12.0,702,0,702,,-2.7786745836227467,True,,-2.772659126244409,-2.730626442246551,-2.8870461977919453,-2.7419487250224748,-2.6669786091397576,,,
56,32,12.0,13.0,703,156,547,-2.5301378495588054,-2.7786745836227467,True,0.24853673406394128,-2.772659126244409,-2.730626442246551,-2.8870461977919453,-2.7419487250224748,-2.6669786091397576,0.2118108754636694,5.0,1.0
56,33,13.0,14.0,703,53,650,-3.8758446827222497,-2.7786745836227467,True,-1.097170099099503,-2.772659126244409,-2.730626442246551,-2.8870461977919453,-2.7419487250224748,-2.6669786091397576,-1.133895957699775,1.0,-1.0
56,34,14.0,15.0,702,376,326,-2.443971302610851,-2.7786745836227467,True,0.3347032810118957,-2.772659126244409,-2.730626442246551,-2.8870461977919453,-2.7419487250224748,-2.6669786091397576,0.29797742241162384,5.0,1.0
56,35,15.0,16.0,703,82,621,-3.093771252707876,-2.7786745836227467,True,-0.3150966690851291,-2.772659126244409,-2.730626442246551,-2.8870461977919453,-2.7419487250224748,-2.6669786091397576,-0.351822527685401,1.0,-1.0
56,36,16.0,17.0,702,0,702,,-2.7786745836227467,True,,-2.772659126244409,-2.730626442246551,-2.8870461977919453,-2.7419487250224748,-2.6669786091397576,,,
56,37,17.0,18.0,703,204,499,-2.7916527944984626,-2.7786745836227467,True,-0.012978210875715934,-2.772659126244409,-2.730626442246551,-2.8870461977919453,-2.7419487250224748,-2.6669786091397576,-0.04970406947598782,2.0,-0.5
56,38,18.0,19.0,702,257,445,-2.5282845803733665,-2.7786745836227467,True,0.2503900032493802,-2.772659126244409,-2.730626442246551,-2.8870461977919453,-2.7419487250224748,-2.6669786091397576,0.21366414464910832,5.0,1.0
56,39,19.0,20.0,703,0,703,,-2.7786745836227467,True,,-2.772659126244409,-2.730626442246551,-2.8870461977919453,-2.7419487250224748,-2.6669786091397576,,,
57,0,-20.0,-19.0,702,100,602,-2.637198839698897,-2.6675097717838443,True,0.030310932084947506,-2.7172924749347938,-2.634915211329444,-2.7539062175957856,-2.676674151555593,-2.569689293153493,0.03947531185669639,3.0,0.0
57,1,-19.0,-18.0,703,160,543,-2.5724176310768927,-2.6675097717838443,True,0.0950921407069516,-2.7172924749347938,-2.634915211329444,-2.7539062175957856,-2.676674151555593,-2.569689293153493,0.10425652047870049,4.0,0.5
57,2,-18.0,-17.0,702,0,702,,-2.6675097717838443,True,,-2.7172924749347938,-2.634915211329444,-2.7539062175957856,-2.676674151555593,-2.569689293153493,,,
57,3,-17.0,-16.0,703,0,703,,-2.6675097717838443,True,,-2.7172924749347938,-2.634915211329444,-2.7539062175957856,-2.676674151555593,-2.569689293153493,,,
57,4,-16.0,-15.0,702,225,477,-2.7390096938623723,-2.6675097717838443,True,-0.07149992207852796,-2.7172924749347938,-2.634915211329444,-2.7539062175957856,-2.676674151555593,-2.569689293153493,-0.06233554230677907,2.0,-0.5
57,5,-15.0,-14.0,703,170,533,-2.8298457877888152,-2.6675097717838443,True,-0.16233601600497094,-2.7172924749347938,-2.634915211329444,-2.7539062175957856,-2.676674151555593,-2.569689293153493,-0.15317163623322205,1.0,-1.0
57,6,-14.0,-13.0,703,401,302,-2.591526272309845,-2.6675097717838443,True,0.0759834994739994,-2.7172924749347938,-2.634915211329444,-2.7539062175957856,-2.676674151555593,-2.569689293153493,0.08514787924574829,4.0,0.5
57,7,-13.0,-12.0,702,604,98,-2.5376997525970215,-2.6675097717838443,True,0.12981001918682278,-2.7172924749347938,-2.634915211329444,-2.7539062175957856,-2.676674151555593,-2.569689293153493,0.1389743989585721,5.0,1.0
57,8,-12.0,-11.0,703,0,703,,-2.6675097717838443,True,,-2.7172924749347938,-2.634915211329444,-2.7539062175957856,-2.676674151555593,-2.569689293153493,,,
57,9,-11.0,-10.0,702,131,571,-2.7161494634122896,-2.6675097717838443,True,-0.04863969162844528,-2.7172924749347938,-2.634915211329444,-2.7539062175957856,-2.676674151555593,-2.569689293153493,-0.03947531185669639,3.0,0.0
57,10,-10.0,-9.0,703,0,703,,-2.6675097717838443,True,,-2.7172924749347938,-2.634915211329444,-2.7539062175957856,-2.676674151555593,-2.569689293153493,,,
57,11,-9.0,-8.0,702,402,300,-2.5615042793832945,-2.6675097717838443,True,0.1060054924005498,-2.7172924749347938,-2.634915211329444,-2.7539062175957856,-2.676674151555593,-2.569689293153493,0.11516987217229868,5.0,1.0
57,12,-8.0,-7.0,703,542,161,-2.5082066596668846,-2.6675097717838443,True,0.1593031121169597,-2.7172924749347938,-2.634915211329444,-2.7539062175957856,-2.676674151555593,-2.569689293153493,0.16846749188870858,5.0,1.0
57,13,-7.0,-6.0,703,0,703,,-2.6675097717838443,True,,-2.7172924749347938,-2.634915211329444,-2.7539062175957856,-2.676674151555593,-2.569689293153493,,,
57,14,-6.0,-5.0,702,146,556,-2.7914312642986188,-2.6675097717838443,True,-0.12392149251477447,-2.7172924749347938,-2.634915211329444,-2.7539062175957856,-2.676674151555593,-2.569689293153493,-0.11475711274302558,1.0,-1.0
57,15,-5.0,-4.0,703,0,703,,-2.6675097717838443,True,,-2.7172924749347938,-2.634915211329444,-2.7539062175957856,-2.676674151555593,-2.569689293153493,,,
57,16,-4.0,-3.0,702,256,446,-2.7798789907752273,-2.6675097717838443,True,-0.11236921899138297,-2.7172924749347938,-2.634915211329444,-2.7539062175957856,-2.676674151555593,-2.569689293153493,-0.10320483921963453,1.0,-1.0
57,17,-3.0,-2.0,703,14,689,-2.7452486265359712,-2.6675097717838443,True,-0.07773885475212694,-2.7172924749347938,-2.634915211329444,-2.7539062175957856,-2.676674151555593,-2.569689293153493,-0.06857447498037805,2.0,-0.5
57,18,-2.0,-1.0,702,0,702,,-2.6675097717838443,True,,-2.7172924749347938,-2.634915211329444,-2.7539062175957856,-2.676674151555593,-2.569689293153493,,,
57,19,-1.0,0.0,703,0,703,,-2.6675097717838443,True,,-2.7172924749347938,-2.634915211329444,-2.7539062175957856,-2.676674151555593,-2.569689293153493,,,
57,20,0.0,1.0,703,177,526,-2.8285487262460327,-2.6675097717838443,True,-0.1610389544621884,-2.7172924749347938,-2.634915211329444,-2.7539062175957856,-2.676674151555593,-2.569689293153493,-0.15187457469043952,1.0,-1.0
57,21,1.0,2.0,702,128,574,-2.610830686805442,-2.6675097717838443,True,0.05667908497840246,-2.7172924749347938,-2.634915211329444,-2.7539062175957856,-2.676674151555593,-2.569689293153493,0.06584346475015135,4.0,0.5
57,22,2.0,3.0,703,501,202,-2.5897681205964185,-2.6675097717838443,True,0.07774165118742582,-2.7172924749347938,-2.634915211329444,-2.7539062175957856,-2.676674151555593,-2.569689293153493,0.08690603095917471,4.0,0.5
57,23,3.0,4.0,702,14,688,-3.4415090713181087,-2.6675097717838443,True,-0.7739992995342644,-2.7172924749347938,-2.634915211329444,-2.7539062175957856,-2.676674151555593,-2.569689293153493,-0.7648349197625155,1.0,-1.0
57,24,4.0,5.0,703,130,573,-2.548207745203699,-2.6675097717838443,True,0.11930202658014544,-2.7172924749347938,-2.634915211329444,-2.7539062175957856,-2.676674151555593,-2.569689293153493,0.12846640635189432,5.0,1.0
57,25,5.0,6.0,702,528,174,-2.257406339450141,-2.6675097717838443,True,0.4101034323337034,-2.7172924749347938,-2.634915211329444,-2.7539062175957856,-2.676674151555593,-2.569689293153493,0.4192678121054523,5.0,1.0
57,26,6.0,7.0,703,674,29,-2.1050308218270435,-2.6675097717838443,True,0.5624789499568008,-2.7172924749347938,-2.634915211329444,-2.7539062175957856,-2.676674151555593,-2.569689293153493,0.5716433297285497,5.0,1.0
57,27,7.0,8.0,703,190,513,-2.843664297162756,-2.6675097717838443,True,-0.17615452537891185,-2.7172924749347938,-2.634915211329444,-2.7539062175957856,-2.676674151555593,-2.569689293153493,-0.16699014560716297,1.0,-1.0
57,28,8.0,9.0,702,0,702,,-2.6675097717838443,True,,-2.7172924749347938,-2.634915211329444,-2.7539062175957856,-2.676674151555593,-2.569689293153493,,,
57,29,9.0,10.0,703,0,703,,-2.6675097717838443,True,,-2.7172924749347938,-2.634915211329444,-2.7539062175957856,-2.676674151555593,-2.569689293153493,,,
57,30,10.0,11.0,702,0,702,,-2.6675097717838443,True,,-2.7172924749347938,-2.634915211329444,-2.7539062175957856,-2.676674151555593,-2.569689293153493,,,
57,31,11.0,12.0,703,0,703,,-2.6675097717838443,True,,-2.7172924749347938,-2.634915211329444,-2.7539062175957856,-2.676674151555593,-2.569689293153493,,,
57,32,12.0,13.0,702,0,702,,-2.6675097717838443,True,,-2.7172924749347938,-2.634915211329444,-2.7539062175957856,-2.676674151555593,-2.569689293153493,,,
57,33,13.0,14.0,703,0,703,,-2.6675097717838443,True,,-2.7172924749347938,-2.634915211329444,-2.7539062175957856,-2.676674151555593,-2.569689293153493,,,
57,34,14.0,15.0,703,0,703,,-2.6675097717838443,True,,-2.7172924749347938,-2.634915211329444,-2.7539062175957856,-2.676674151555593,-2.569689293153493,,,
57,35,15.0,16.0,702,42,660,-3.3307921023621185,-2.6675097717838443,True,-0.6632823305782742,-2.7172924749347938,-2.634915211329444,-2.7539062175957856,-2.676674151555593,-2.569689293153493,-0.6541179508065254,1.0,-1.0
57,36,16.0,17.0,703,0,703,,-2.6675097717838443,True,,-2.7172924749347938,-2.634915211329444,-2.7539062175957856,-2.676674151555593,-2.569689293153493,,,
57,37,17.0,18.0,702,0,702,,-2.6675097717838443,True,,-2.7172924749347938,-2.634915211329444,-2.7539062175957856,-2.676674151555593,-2.569689293153493,,,
57,38,18.0,19.0,703,0,703,,-2.6675097717838443,True,,-2.7172924749347938,-2.634915211329444,-2.7539062175957856,-2.676674151555593,-2.569689293153493,,,
57,39,19.0,20.0,702,0,702,,-2.6675097717838443,True,,-2.7172924749347938,-2.634915211329444,-2.7539062175957856,-2.676674151555593,-2.569689293153493,,,
58,0,-20.0,-19.0,702,614,88,-2.4809033190307352,-2.734925778332102,True,0.2540224593013667,-2.599374501999408,-2.5034078200479666,-2.7311849593021855,-2.550885548025494,-2.4759460592925735,0.0699822289947587,4.0,0.5
58,1,-19.0,-18.0,703,0,703,,-2.734925778332102,True,,-2.599374501999408,-2.5034078200479666,-2.7311849593021855,-2.550885548025494,-2.4759460592925735,,,
58,2,-18.0,-17.0,702,60,642,-3.3773673066881904,-2.734925778332102,True,-0.6424415283560885,-2.599374501999408,-2.5034078200479666,-2.7311849593021855,-2.550885548025494,-2.4759460592925735,-0.8264817586626965,1.0,-1.0
58,3,-17.0,-16.0,703,703,0,-2.420643248219167,-2.734925778332102,True,0.31428253011293483,-2.599374501999408,-2.5034078200479666,-2.7311849593021855,-2.550885548025494,-2.4759460592925735,0.13024229980632684,5.0,1.0
58,4,-16.0,-15.0,703,280,423,-2.7689921830574935,-2.734925778332102,True,-0.034066404725391575,-2.599374501999408,-2.5034078200479666,-2.7311849593021855,-2.550885548025494,-2.4759460592925735,-0.21810663503199912,1.0,-1.0
58,5,-15.0,-14.0,702,0,702,,-2.734925778332102,True,,-2.599374501999408,-2.5034078200479666,-2.7311849593021855,-2.550885548025494,-2.4759460592925735,,,
58,6,-14.0,-13.0,703,58,645,-2.655255697130315,-2.734925778332102,True,0.07967008120178676,-2.599374501999408,-2.5034078200479666,-2.7311849593021855,-2.550885548025494,-2.4759460592925735,-0.10437014910482123,2.0,-0.5
58,7,-13.0,-12.0,702,701,1,-2.4283916126438054,-2.734925778332102,True,0.3065341656882965,-2.599374501999408,-2.5034078200479666,-2.7311849593021855,-2.550885548025494,-2.4759460592925735,0.12249393538168896,5.0,1.0
58,8,-12.0,-11.0,703,54,649,-3.498941341073844,-2.734925778332102,True,-0.7640155627417422,-2.599374501999408,-2.5034078200479666,-2.7311849593021855,-2.550885548025494,-2.4759460592925735,-0.9480557930483502,1.0,-1.0
58,9,-11.0,-10.0,702,329,373,-2.506767310558307,-2.734925778332102,True,0.2281584677737949,-2.599374501999408,-2.5034078200479666,-2.7311849593021855,-2.550885548025494,-2.4759460592925735,0.044118237467186905,3.0,0.0
58,10,-10.0,-9.0,703,166,537,-2.6124866515195895,-2.734925778332102,True,0.12243912681251246,-2.599374501999408,-2.5034078200479666,-2.7311849593021855,-2.550885548025494,-2.4759460592925735,-0.06160110349409509,2.0,-0.5
58,11,-9.0,-8.0,703,0,703,,-2.734925778332102,True,,-2.599374501999408,-2.5034078200479666,-2.7311849593021855,-2.550885548025494,-2.4759460592925735,,,
58,12,-8.0,-7.0,702,570,132,-2.4715432605239465,-2.734925778332102,True,0.26338251780815547,-2.599374501999408,-2.5034078200479666,-2.7311849593021855,-2.550885548025494,-2.4759460592925735,0.07934228750154748,5.0,1.0
58,13,-7.0,-6.0,703,434,269,-2.477413658882116,-2.734925778332102,True,0.2575121194499861,-2.599374501999408,-2.5034078200479666,-2.7311849593021855,-2.550885548025494,-2.4759460592925735,0.0734718891433781,4.0,0.5
58,14,-6.0,-5.0,702,0,702,,-2.734925778332102,True,,-2.599374501999408,-2.5034078200479666,-2.7311849593021855,-2.550885548025494,-2.4759460592925735,,,
58,15,-5.0,-4.0,703,659,44,-2.493329348516945,-2.734925778332102,True,0.24159642981515672,-2.599374501999408,-2.5034078200479666,-2.7311849593021855,-2.550885548025494,-2.4759460592925735,0.05755619950854873,4.0,0.5
58,16,-4.0,-3.0,702,236,466,-2.595003785492681,-2.734925778332102,True,0.13992199283942108,-2.599374501999408,-2.5034078200479666,-2.7311849593021855,-2.550885548025494,-2.4759460592925735,-0.044118237467186905,3.0,0.0
58,17,-3.0,-2.0,703,53,650,-3.79071872103404,-2.734925778332102,True,-1.0557929427019381,-2.599374501999408,-2.5034078200479666,-2.7311849593021855,-2.550885548025494,-2.4759460592925735,-1.2398331730085461,1.0,-1.0
58,18,-2.0,-1.0,703,544,159,-2.4624724575587047,-2.734925778332102,True,0.27245332077339723,-2.599374501999408,-2.5034078200479666,-2.7311849593021855,-2.550885548025494,-2.4759460592925735,0.08841309046678925,5.0,1.0
58,19,-1.0,0.0,702,438,264,-2.71858255138375,-2.734925778332102,True,0.016343226948352108,-2.599374501999408,-2.5034078200479666,-2.7311849593021855,-2.550885548025494,-2.4759460592925735,-0.16769700335825588,2.0,-0.5
58,20,0.0,1.0,703,0,703,,-2.734925778332102,True,,-2.599374501999408,-2.5034078200479666,-2.7311849593021855,-2.550885548025494,-2.4759460592925735,,,
58,21,1.0,2.0,702,0,702,,-2.734925778332102,True,,-2.599374501999408,-2.5034078200479666,-2.7311849593021855,-2.550885548025494,-2.4759460592925735,,,
58,22,2.0,3.0,703,324,379,-2.8228730893260754,-2.734925778332102,True,-0.08794731099397346,-2.599374501999408,-2.5034078200479666,-2.7311849593021855,-2.550885548025494,-2.4759460592925735,-0.27198754130058145,1.0,-1.0
58,23,3.0,4.0,702,702,0,-2.488641170025485,-2.734925778332102,True,0.2462846083066168,-2.599374501999408,-2.5034078200479666,-2.7311849593021855,-2.550885548025494,-2.4759460592925735,0.062244378000008815,4.0,0.5
58,24,4.0,5.0,703,177,526,-2.562254027557837,-2.734925778332102,True,0.17267175077426478,-2.599374501999408,-2.5034078200479666,-2.7311849593021855,-2.550885548025494,-2.4759460592925735,-0.011368479532343212,3.0,0.0
58,25,5.0,6.0,703,50,653,-3.4520771867161346,-2.734925778332102,True,-0.7171514083840327,-2.599374501999408,-2.5034078200479666,-2.7311849593021855,-2.550885548025494,-2.4759460592925735,-0.9011916386906407,1.0,-1.0
58,26,6.0,7.0,702,314,388,-2.6167581336519263,-2.734925778332102,True,0.1181676446801756,-2.599374501999408,-2.5034078200479666,-2.7311849593021855,-2.550885548025494,-2.4759460592925735,-0.06587258562643239,2.0,-0.5
58,27,7.0,8.0,703,182,521,-2.5530302272212015,-2.734925778332102,True,0.1818955511109004,-2.599374501999408,-2.5034078200479666,-2.7311849593021855,-2.550885548025494,-2.4759460592925735,-0.0021446791957071554,3.0,0.0
58,28,8.0,9.0,702,334,368,-2.7236067103816266,-2.734925778332102,True,0.011319067950475326,-2.599374501999408,-2.5034078200479666,-2.7311849593021855,-2.550885548025494,-2.4759460592925735,-0.17272116235613266,2.0,-0.5
58,29,9.0,10.0,703,194,509,-2.58413142444569,-2.734925778332102,True,0.15079435388641205,-2.599374501999408,-2.5034078200479666,-2.7311849593021855,-2.550885548025494,-2.4759460592925735,-0.03324587642019594,3.0,0.0
58,30,10.0,11.0,702,219,483,-2.627235410296115,-2.734925778332102,True,0.10769036803598686,-2.599374501999408,-2.5034078200479666,-2.7311849593021855,-2.550885548025494,-2.4759460592925735,-0.07634986227062113,2.0,-0.5
58,31,11.0,12.0,703,280,423,-2.614026382236265,-2.734925778332102,True,0.12089939609583711,-2.599374501999408,-2.5034078200479666,-2.7311849593021855,-2.550885548025494,-2.4759460592925735,-0.06314083421077088,2.0,-0.5
58,32,12.0,13.0,703,94,609,-2.86313168824775,-2.734925778332102,True,-0.12820590991564806,-2.599374501999408,-2.5034078200479666,-2.7311849593021855,-2.550885548025494,-2.4759460592925735,-0.31224614022225605,1.0,-1.0
58,33,13.0,14.0,702,699,3,-2.5197362193276973,-2.734925778332102,True,0.21518955900440462,-2.599374501999408,-2.5034078200479666,-2.7311849593021855,-2.550885548025494,-2.4759460592925735,0.03114932869779663,3.0,0.0
58,34,14.0,15.0,703,703,0,-2.5037847449261283,-2.734925778332102,True,0.23114103340597358,-2.599374501999408,-2.5034078200479666,-2.7311849593021855,-2.550885548025494,-2.4759460592925735,0.047100803099365596,3.0,0.0
58,35,15.0,16.0,702,288,414,-2.586778502106934,-2.734925778332102,True,0.14814727622516788,-2.599374501999408,-2.5034078200479666,-2.7311849593021855,-2.550885548025494,-2.4759460592925735,-0.03589295408144011,3.0,0.0
58,36,16.0,17.0,703,0,703,,-2.734925778332102,True,,-2.599374501999408,-2.5034078200479666,-2.7311849593021855,-2.550885548025494,-2.4759460592925735,,,
58,37,17.0,18.0,702,0,702,,-2.734925778332102,True,,-2.599374501999408,-2.5034078200479666,-2.7311849593021855,-2.550885548025494,-2.4759460592925735,,,
58,38,18.0,19.0,703,330,373,-2.692489163731488,-2.734925778332102,True,0.042436614600613876,-2.599374501999408,-2.5034078200479666,-2.7311849593021855,-2.550885548025494,-2.4759460592925735,-0.1416036157059941,2.0,-0.5
58,39,19.0,20.0,703,412,291,-2.5690435582182936,-2.734925778332102,True,0.16588222011380838,-2.599374501999408,-2.5034078200479666,-2.7311849593021855,-2.550885548025494,-2.4759460592925735,-0.018158010192799612,3.0,0.0
59,0,-20.0,-19.0,702,246,456,-2.7569097165745977,-2.6407402309305965,True,-0.1161694856440012,-2.6282461444942777,-2.615773445163065,-2.6674930066743965,-2.616174545986193,-2.593446687232546,-0.14073517058840457,1.0,-1.0
59,1,-19.0,-18.0,703,263,440,-2.6486708294799675,-2.6407402309305965,True,-0.007930598549370949,-2.6282461444942777,-2.615773445163065,-2.6674930066743965,-2.616174545986193,-2.593446687232546,-0.032496283493774314,2.0,-0.5
59,2,-18.0,-17.0,702,0,702,,-2.6407402309305965,True,,-2.6282461444942777,-2.615773445163065,-2.6674930066743965,-2.616174545986193,-2.593446687232546,,,
59,3,-17.0,-16.0,703,0,703,,-2.6407402309305965,True,,-2.6282461444942777,-2.615773445163065,-2.6674930066743965,-2.616174545986193,-2.593446687232546,,,
59,4,-16.0,-15.0,702,240,462,-2.6017502709992,-2.6407402309305965,True,0.038989959931396534,-2.6282461444942777,-2.615773445163065,-2.6674930066743965,-2.616174545986193,-2.593446687232546,0.014424274986993169,4.0,0.5
59,5,-15.0,-14.0,703,179,524,-2.5657282041152523,-2.6407402309305965,True,0.07501202681534425,-2.6282461444942777,-2.615773445163065,-2.6674930066743965,-2.616174545986193,-2.593446687232546,0.05044634187094088,5.0,1.0
59,6,-14.0,-13.0,703,260,443,-2.581873200875095,-2.6407402309305965,True,0.058867030055501424,-2.6282461444942777,-2.615773445163065,-2.6674930066743965,-2.616174545986193,-2.593446687232546,0.03430134511109806,5.0,1.0
59,7,-13.0,-12.0,702,125,577,-2.7523312167397522,-2.6407402309305965,True,-0.11159098580915572,-2.6282461444942777,-2.615773445163065,-2.6674930066743965,-2.616174545986193,-2.593446687232546,-0.13615667075355864,1.0,-1.0
59,8,-12.0,-11.0,703,0,703,,-2.6407402309305965,True,,-2.6282461444942777,-2.615773445163065,-2.6674930066743965,-2.616174545986193,-2.593446687232546,,,
59,9,-11.0,-10.0,702,403,299,-2.6334196867120276,-2.6407402309305965,True,0.00732054421856887,-2.6282461444942777,-2.615773445163065,-2.6674930066743965,-2.616174545986193,-2.593446687232546,-0.01724514072583494,2.0,-0.5
59,10,-10.0,-9.0,703,73,630,-2.7552553539311146,-2.6407402309305965,True,-0.11451512300051814,-2.6282461444942777,-2.615773445163065,-2.6674930066743965,-2.616174545986193,-2.593446687232546,-0.13908080794492106,1.0,-1.0
59,11,-9.0,-8.0,702,195,507,-2.6373589821343777,-2.6407402309305965,True,0.0033812487962188165,-2.6282461444942777,-2.615773445163065,-2.6674930066743965,-2.616174545986193,-2.593446687232546,-0.02118443614818455,2.0,-0.5
59,12,-8.0,-7.0,703,212,491,-2.586581268891207,-2.6407402309305965,True,0.054158962039389635,-2.6282461444942777,-2.615773445163065,-2.6674930066743965,-2.616174545986193,-2.593446687232546,0.02959327709498627,5.0,1.0
59,13,-7.0,-6.0,703,170,533,-2.616174545986193,-2.6407402309305965,True,0.024565684944403365,-2.6282461444942777,-2.615773445163065,-2.6674930066743965,-2.616174545986193,-2.593446687232546,0.0,3.0,0.0
59,14,-6.0,-5.0,702,229,473,-2.615601544810296,-2.6407402309305965,True,0.02513868612030068,-2.6282461444942777,-2.615773445163065,-2.6674930066743965,-2.616174545986193,-2.593446687232546,0.0005730011758973141,4.0,0.5
59,15,-5.0,-4.0,703,223,480,-2.6003121055738854,-2.6407402309305965,True,0.04042812535671114,-2.6282461444942777,-2.615773445163065,-2.6674930066743965,-2.616174545986193,-2.593446687232546,0.015862440412307777,4.0,0.5
59,16,-4.0,-3.0,702,185,517,-2.686315183868826,-2.6407402309305965,True,-0.04557495293822944,-2.6282461444942777,-2.615773445163065,-2.6674930066743965,-2.616174545986193,-2.593446687232546,-0.0701406378826328,1.0,-1.0
59,17,-3.0,-2.0,703,210,493,-2.572821353267152,-2.6407402309305965,True,0.06791887766344473,-2.6282461444942777,-2.615773445163065,-2.6674930066743965,-2.616174545986193,-2.593446687232546,0.04335319271904137,5.0,1.0
59,18,-2.0,-1.0,702,0,702,,-2.6407402309305965,True,,-2.6282461444942777,-2.615773445163065,-2.6674930066743965,-2.616174545986193,-2.593446687232546,,,
59,19,-1.0,0.0,703,0,703,,-2.6407402309305965,True,,-2.6282461444942777,-2.615773445163065,-2.6674930066743965,-2.616174545986193,-2.593446687232546,,,
59,20,0.0,1.0,703,160,543,-2.8897323286580674,-2.6407402309305965,True,-0.24899209772747088,-2.6282461444942777,-2.615773445163065,-2.6674930066743965,-2.616174545986193,-2.593446687232546,-0.27355778267187425,1.0,-1.0
59,21,1.0,2.0,702,236,466,-2.5191262862314816,-2.6407402309305965,True,0.1216139446991149,-2.6282461444942777,-2.615773445163065,-2.6674930066743965,-2.616174545986193,-2.593446687232546,0.09704825975471154,5.0,1.0
59,22,2.0,3.0,703,182,521,-2.638557265985337,-2.6407402309305965,True,0.0021829649452596023,-2.6282461444942777,-2.615773445163065,-2.6674930066743965,-2.616174545986193,-2.593446687232546,-0.022382719999143763,2.0,-0.5
59,23,3.0,4.0,702,187,515,-2.6514674642185874,-2.6407402309305965,True,-0.010727233287990856,-2.6282461444942777,-2.615773445163065,-2.6674930066743965,-2.616174545986193,-2.593446687232546,-0.035292918232394666,2.0,-0.5
59,24,4.0,5.0,703,228,475,-2.7303631499502985,-2.6407402309305965,True,-0.08962291901970199,-2.6282461444942777,-2.615773445163065,-2.6674930066743965,-2.616174545986193,-2.593446687232546,-0.11418860396410535,1.0,-1.0
59,25,5.0,6.0,702,148,554,-2.7210810162255945,-2.6407402309305965,True,-0.080340785294998,-2.6282461444942777,-2.615773445163065,-2.6674930066743965,-2.616174545986193,-2.593446687232546,-0.10490647023940136,1.0,-1.0
59,26,6.0,7.0,703,207,496,-2.551808114535456,-2.6407402309305965,True,0.08893211639514043,-2.6282461444942777,-2.615773445163065,-2.6674930066743965,-2.616174545986193,-2.593446687232546,0.06436643145073706,5.0,1.0
59,27,7.0,8.0,703,221,482,-2.70953109718189,-2.6407402309305965,True,-0.06879086625129327,-2.6282461444942777,-2.615773445163065,-2.6674930066743965,-2.616174545986193,-2.593446687232546,-0.09335655119569664,1.0,-1.0
59,28,8.0,9.0,702,136,566,-2.6275344962331015,-2.6407402309305965,True,0.013205734697494975,-2.6282461444942777,-2.615773445163065,-2.6674930066743965,-2.616174545986193,-2.593446687232546,-0.011359950246907946,3.0,0.0
59,29,9.0,10.0,703,147,556,-2.71134163844469,-2.6407402309305965,True,-0.0706014075140935,-2.6282461444942777,-2.615773445163065,-2.6674930066743965,-2.616174545986193,-2.593446687232546,-0.09516709245849686,1.0,-1.0
59,30,10.0,11.0,702,194,508,-2.721027872816192,-2.6407402309305965,True,-0.08028764188559556,-2.6282461444942777,-2.615773445163065,-2.6674930066743965,-2.616174545986193,-2.593446687232546,-0.10485332682999893,1.0,-1.0
59,31,11.0,12.0,703,153,550,-2.5384531282920766,-2.6407402309305965,True,0.10228710263851992,-2.6282461444942777,-2.615773445163065,-2.6674930066743965,-2.616174545986193,-2.593446687232546,0.07772141769411656,5.0,1.0
59,32,12.0,13.0,702,155,547,-2.7087013345351836,-2.6407402309305965,True,-0.06796110360458707,-2.6282461444942777,-2.615773445163065,-2.6674930066743965,-2.616174545986193,-2.593446687232546,-0.09252678854899088,1.0,-1.0
59,33,13.0,14.0,703,107,596,-2.740518077737725,-2.6407402309305965,True,-0.09977784680712842,-2.6282461444942777,-2.615773445163065,-2.6674930066743965,-2.616174545986193,-2.593446687232546,-0.12434353175153179,1.0,-1.0
59,34,14.0,15.0,703,132,571,-2.6724829774617787,-2.6407402309305965,True,-0.03174274653118214,-2.6282461444942777,-2.615773445163065,-2.6674930066743965,-2.616174545986193,-2.593446687232546,-0.05630843147558551,1.0,-1.0
59,35,15.0,16.0,702,162,540,-2.77288716887218,-2.6407402309305965,True,-0.1321469379415836,-2.6282461444942777,-2.615773445163065,-2.6674930066743965,-2.616174545986193,-2.593446687232546,-0.15671262288598697,1.0,-1.0
59,36,16.0,17.0,703,191,512,-2.87559576801261,-2.6407402309305965,True,-0.23485553708201357,-2.6282461444942777,-2.615773445163065,-2.6674930066743965,-2.616174545986193,-2.593446687232546,-0.25942122202641693,1.0,-1.0
59,37,17.0,18.0,702,153,549,-2.745921218367062,-2.6407402309305965,True,-0.10518098743646531,-2.6282461444942777,-2.615773445163065,-2.6674930066743965,-2.616174545986193,-2.593446687232546,-0.12974667238086868,1.0,-1.0
59,38,18.0,19.0,703,143,560,-2.591133676148074,-2.6407402309305965,True,0.049606554782522405,-2.6282461444942777,-2.615773445163065,-2.6674930066743965,-2.616174545986193,-2.593446687232546,0.02504086983811904,5.0,1.0
59,39,19.0,20.0,702,136,566,-2.7617447148975223,-2.6407402309305965,True,-0.12100448396692576,-2.6282461444942777,-2.615773445163065,-2.6674930066743965,-2.616174545986193,-2.593446687232546,-0.14557016891132912,1.0,-1.0
60,0,-20.0,-19.0,703,474,229,-2.516070448882714,-2.559438646318424,True,0.043368197435710076,-2.550012914442833,-2.54384830089033,-2.607672194060097,-2.5475841965694705,-2.5070674968744124,0.03151374768675641,4.0,0.5
60,1,-19.0,-18.0,703,0,703,,-2.559438646318424,True,,-2.550012914442833,-2.54384830089033,-2.607672194060097,-2.5475841965694705,-2.5070674968744124,,,
60,2,-18.0,-17.0,702,267,435,-2.44017208497733,-2.559438646318424,True,0.11926656134109415,-2.550012914442833,-2.54384830089033,-2.607672194060097,-2.5475841965694705,-2.5070674968744124,0.10741211159214048,5.0,1.0
60,3,-17.0,-16.0,703,697,6,-2.416663020439755,-2.559438646318424,True,0.1427756258786692,-2.550012914442833,-2.54384830089033,-2.607672194060097,-2.5475841965694705,-2.5070674968744124,0.13092117612971554,5.0,1.0
60,4,-16.0,-15.0,702,79,623,-2.7637538306804754,-2.559438646318424,True,-0.2043151843620512,-2.550012914442833,-2.54384830089033,-2.607672194060097,-2.5475841965694705,-2.5070674968744124,-0.21616963411100487,1.0,-1.0
60,5,-15.0,-14.0,703,0,703,,-2.559438646318424,True,,-2.550012914442833,-2.54384830089033,-2.607672194060097,-2.5475841965694705,-2.5070674968744124,,,
60,6,-14.0,-13.0,702,176,526,-2.5274332378816795,-2.559438646318424,True,0.03200540843674471,-2.550012914442833,-2.54384830089033,-2.607672194060097,-2.5475841965694705,-2.5070674968744124,0.020150958687791043,4.0,0.5
60,7,-13.0,-12.0,703,699,4,-2.5641071476618142,-2.559438646318424,True,-0.00466850134339003,-2.550012914442833,-2.54384830089033,-2.607672194060097,-2.5475841965694705,-2.5070674968744124,-0.016522951092343696,2.0,-0.5
60,8,-12.0,-11.0,703,70,633,-2.474502933184048,-2.559438646318424,True,0.0849357131343762,-2.550012914442833,-2.54384830089033,-2.607672194060097,-2.5475841965694705,-2.5070674968744124,0.07308126338542253,5.0,1.0
60,9,-11.0,-10.0,702,0,702,,-2.559438646318424,True,,-2.550012914442833,-2.54384830089033,-2.607672194060097,-2.5475841965694705,-2.5070674968744124,,,
60,10,-10.0,-9.0,703,329,374,-2.548423316423555,-2.559438646318424,True,0.011015329894869197,-2.550012914442833,-2.54384830089033,-2.607672194060097,-2.5475841965694705,-2.5070674968744124,-0.0008391198540844691,3.0,0.0
60,11,-9.0,-8.0,702,673,29,-2.5590206365520753,-2.559438646318424,True,0.0004180097663488702,-2.550012914442833,-2.54384830089033,-2.607672194060097,-2.5475841965694705,-2.5070674968744124,-0.01143643998260524,2.0,-0.5
60,12,-8.0,-7.0,703,0,703,,-2.559438646318424,True,,-2.550012914442833,-2.54384830089033,-2.607672194060097,-2.5475841965694705,-2.5070674968744124,,,
60,13,-7.0,-6.0,702,0,702,,-2.559438646318424,True,,-2.550012914442833,-2.54384830089033,-2.607672194060097,-2.5475841965694705,-2.5070674968744124,,,
60,14,-6.0,-5.0,703,0,703,,-2.559438646318424,True,,-2.550012914442833,-2.54384830089033,-2.607672194060097,-2.5475841965694705,-2.5070674968744124,,,
60,15,-5.0,-4.0,703,192,511,-2.71274653530948,-2.559438646318424,True,-0.15330788899105574,-2.550012914442833,-2.54384830089033,-2.607672194060097,-2.5475841965694705,-2.5070674968744124,-0.1651623387400094,1.0,-1.0
60,16,-4.0,-3.0,702,226,476,-2.6362423906851253,-2.559438646318424,True,-0.07680374436670112,-2.550012914442833,-2.54384830089033,-2.607672194060097,-2.5475841965694705,-2.5070674968744124,-0.08865819411565479,1.0,-1.0
60,17,-3.0,-2.0,703,127,576,-2.504066512871645,-2.559438646318424,True,0.05537213344677916,-2.550012914442833,-2.54384830089033,-2.607672194060097,-2.5475841965694705,-2.5070674968744124,0.04351768369782549,5.0,1.0
60,18,-2.0,-1.0,702,156,546,-2.6221938761928576,-2.559438646318424,True,-0.06275522987443338,-2.550012914442833,-2.54384830089033,-2.607672194060097,-2.5475841965694705,-2.5070674968744124,-0.07460967962338705,1.0,-1.0
60,19,-1.0,0.0,703,318,385,-2.546745076715386,-2.559438646318424,True,0.012693569603038135,-2.550012914442833,-2.54384830089033,-2.607672194060097,-2.5475841965694705,-2.5070674968744124,0.0008391198540844691,3.0,0.0
60,20,0.0,1.0,702,243,459,-2.698885589058449,-2.559438646318424,True,-0.13944694274002467,-2.550012914442833,-2.54384830089033,-2.607672194060097,-2.5475841965694705,-2.5070674968744124,-0.15130139248897834,1.0,-1.0
60,21,1.0,2.0,703,250,453,-2.521264912604839,-2.559438646318424,True,0.03817373371358501,-2.550012914442833,-2.54384830089033,-2.607672194060097,-2.5475841965694705,-2.5070674968744124,0.026319283964631346,4.0,0.5
60,22,2.0,3.0,703,179,524,-2.541947933809409,-2.559438646318424,True,0.01749071250901535,-2.550012914442833,-2.54384830089033,-2.607672194060097,-2.5475841965694705,-2.5070674968744124,0.005636262760061683,4.0,0.5
60,23,3.0,4.0,702,181,521,-2.602530154450064,-2.559438646318424,True,-0.043091508131639866,-2.550012914442833,-2.54384830089033,-2.607672194060097,-2.5475841965694705,-2.5070674968744124,-0.05494595788059353,2.0,-0.5
60,24,4.0,5.0,703,176,527,-2.5940167655731643,-2.559438646318424,True,-0.03457811925474008,-2.550012914442833,-2.54384830089033,-2.607672194060097,-2.5475841965694705,-2.5070674968744124,-0.04643256900369375,2.0,-0.5
60,25,5.0,6.0,702,200,502,-2.636405201536767,-2.559438646318424,True,-0.07696655521834295,-2.550012914442833,-2.54384830089033,-2.607672194060097,-2.5475841965694705,-2.5070674968744124,-0.08882100496729661,1.0,-1.0
60,26,6.0,7.0,703,210,493,-2.5667444698844513,-2.559438646318424,True,-0.007305823566027048,-2.550012914442833,-2.54384830089033,-2.607672194060097,-2.5475841965694705,-2.5070674968744124,-0.019160273314981158,2.0,-0.5
60,27,7.0,8.0,702,177,525,-2.637747159132882,-2.559438646318424,True,-0.07830851281445783,-2.550012914442833,-2.54384830089033,-2.607672194060097,-2.5475841965694705,-2.5070674968744124,-0.0901629625634115,1.0,-1.0
60,28,8.0,9.0,703,168,535,-2.5168132916790538,-2.559438646318424,True,0.04262535463937045,-2.550012914442833,-2.54384830089033,-2.607672194060097,-2.5475841965694705,-2.5070674968744124,0.030770904890416784,4.0,0.5
60,29,9.0,10.0,703,175,528,-2.6207076184725984,-2.559438646318424,True,-0.06126897215417415,-2.550012914442833,-2.54384830089033,-2.607672194060097,-2.5475841965694705,-2.5070674968744124,-0.07312342190312782,1.0,-1.0
60,30,10.0,11.0,702,267,435,-2.6696855647164655,-2.559438646318424,True,-0.11024691839804124,-2.550012914442833,-2.54384830089033,-2.607672194060097,-2.5475841965694705,-2.5070674968744124,-0.12210136814699446,1.0,-1.0
60,31,11.0,12.0,703,257,446,-2.7042907636024283,-2.559438646318424,True,-0.14485211728400404,-2.550012914442833,-2.54384830089033,-2.607672194060097,-2.5475841965694705,-2.5070674968744124,-0.1567065670329577,1.0,-1.0
60,32,12.0,13.0,702,246,456,-2.596197533422629,-2.559438646318424,True,-0.03675888710420461,-2.550012914442833,-2.54384830089033,-2.607672194060097,-2.5475841965694705,-2.5070674968744124,-0.04861333685315827,2.0,-0.5
60,33,13.0,14.0,703,281,422,-2.818643942961302,-2.559438646318424,True,-0.25920529664287795,-2.550012914442833,-2.54384830089033,-2.607672194060097,-2.5475841965694705,-2.5070674968744124,-0.2710597463918316,1.0,-1.0
60,34,14.0,15.0,702,186,516,-2.7967603241452124,-2.559438646318424,True,-0.23732167782678815,-2.550012914442833,-2.54384830089033,-2.607672194060097,-2.5475841965694705,-2.5070674968744124,-0.2491761275757418,1.0,-1.0
60,35,15.0,16.0,703,218,485,-2.638748509028046,-2.559438646318424,True,-0.07930986270962181,-2.550012914442833,-2.54384830089033,-2.607672194060097,-2.5475841965694705,-2.5070674968744124,-0.09116431245857548,1.0,-1.0
60,36,16.0,17.0,703,212,491,-2.561323889398802,-2.559438646318424,True,-0.001885243080377741,-2.550012914442833,-2.54384830089033,-2.607672194060097,-2.5475841965694705,-2.5070674968744124,-0.013739692829331407,2.0,-0.5
60,37,17.0,18.0,702,85,617,-3.0206381099586213,-2.559438646318424,True,-0.46119946364019704,-2.550012914442833,-2.54384830089033,-2.607672194060097,-2.5475841965694705,-2.5070674968744124,-0.4730539133891507,1.0,-1.0
60,38,18.0,19.0,703,190,513,-2.6031132887537107,-2.559438646318424,True,-0.043674642435286515,-2.550012914442833,-2.54384830089033,-2.607672194060097,-2.5475841965694705,-2.5070674968744124,-0.05552909218424018,2.0,-0.5
60,39,19.0,20.0,702,281,421,-2.491623378323112,-2.559438646318424,True,0.06781526799531212,-2.550012914442833,-2.54384830089033,-2.607672194060097,-2.5475841965694705,-2.5070674968744124,0.05596081824635846,5.0,1.0
61,0,-20.0,-19.0,702,180,522,-2.5499506720549445,-2.6775544852051065,True,0.127603813150162,-2.5412677713346,-2.528963830175537,-2.606502803635576,-2.539498636483319,-2.4660592672406656,-0.01045203557162555,2.0,-0.5
61,1,-19.0,-18.0,703,78,625,-2.569761447596642,-2.6775544852051065,True,0.10779303760846437,-2.5412677713346,-2.528963830175537,-2.606502803635576,-2.539498636483319,-2.4660592672406656,-0.030262811113323185,2.0,-0.5
61,2,-18.0,-17.0,702,361,341,-2.5035659735049123,-2.6775544852051065,True,0.17398851170019425,-2.5412677713346,-2.528963830175537,-2.606502803635576,-2.539498636483319,-2.4660592672406656,0.03593266297840669,4.0,0.5
61,3,-17.0,-16.0,703,197,506,-2.50935390834299,-2.6775544852051065,True,0.16820057686211642,-2.5412677713346,-2.528963830175537,-2.606502803635576,-2.539498636483319,-2.4660592672406656,0.03014472814032887,4.0,0.5
61,4,-16.0,-15.0,702,210,492,-2.539498636483319,-2.6775544852051065,True,0.13805584872178756,-2.5412677713346,-2.528963830175537,-2.606502803635576,-2.539498636483319,-2.4660592672406656,0.0,3.0,0.0
61,5,-15.0,-14.0,703,189,514,-2.6065028036355757,-2.6775544852051065,True,0.07105168156953079,-2.5412677713346,-2.528963830175537,-2.606502803635576,-2.539498636483319,-2.4660592672406656,-0.06700416715225721,2.0,-0.5
61,6,-14.0,-13.0,703,293,410,-2.5417100550474205,-2.6775544852051065,True,0.135844430157686,-2.5412677713346,-2.528963830175537,-2.606502803635576,-2.539498636483319,-2.4660592672406656,-0.002211418564101564,2.0,-0.5
61,7,-13.0,-12.0,702,116,586,-2.429903691809625,-2.6775544852051065,True,0.24765079339548146,-2.5412677713346,-2.528963830175537,-2.606502803635576,-2.539498636483319,-2.4660592672406656,0.1095949446736939,5.0,1.0
61,8,-12.0,-11.0,703,3,700,-4.404260373974846,-2.6775544852051065,True,-1.726705888769739,-2.5412677713346,-2.528963830175537,-2.606502803635576,-2.539498636483319,-2.4660592672406656,-1.8647617374915266,1.0,-1.0
61,9,-11.0,-10.0,702,328,374,-2.5263301285985915,-2.6775544852051065,True,0.151224356606515,-2.5412677713346,-2.528963830175537,-2.606502803635576,-2.539498636483319,-2.4660592672406656,0.013168507884727454,4.0,0.5
61,10,-10.0,-9.0,703,190,513,-2.6153825257590775,-2.6775544852051065,True,0.062171959446029046,-2.5412677713346,-2.528963830175537,-2.606502803635576,-2.539498636483319,-2.4660592672406656,-0.07588388927575807,1.0,-1.0
61,11,-9.0,-8.0,702,183,519,-2.431450052728376,-2.6775544852051065,True,0.2461044324767303,-2.5412677713346,-2.528963830175537,-2.606502803635576,-2.539498636483319,-2.4660592672406656,0.10804858375494275,5.0,1.0
61,12,-8.0,-7.0,703,178,525,-2.9856304932121716,-2.6775544852051065,True,-0.308076008007065,-2.5412677713346,-2.528963830175537,-2.606502803635576,-2.539498636483319,-2.4660592672406656,-0.446131856728853,1.0,-1.0
61,13,-7.0,-6.0,703,661,42,-2.408614523844924,-2.6775544852051065,True,0.2689399613601826,-2.5412677713346,-2.528963830175537,-2.606502803635576,-2.539498636483319,-2.4660592672406656,0.13088411263839506,5.0,1.0
61,14,-6.0,-5.0,702,0,702,,-2.6775544852051065,True,,-2.5412677713346,-2.528963830175537,-2.606502803635576,-2.539498636483319,-2.4660592672406656,,,
61,15,-5.0,-4.0,703,0,703,,-2.6775544852051065,True,,-2.5412677713346,-2.528963830175537,-2.606502803635576,-2.539498636483319,-2.4660592672406656,,,
61,16,-4.0,-3.0,702,355,347,-2.4660592672406656,-2.6775544852051065,True,0.21149521796444093,-2.5412677713346,-2.528963830175537,-2.606502803635576,-2.539498636483319,-2.4660592672406656,0.07343936924265337,5.0,1.0
61,17,-3.0,-2.0,703,703,0,-2.348256629714736,-2.6775544852051065,True,0.3292978554903705,-2.5412677713346,-2.528963830175537,-2.606502803635576,-2.539498636483319,-2.4660592672406656,0.19124200676858294,5.0,1.0
61,18,-2.0,-1.0,702,13,689,-3.082195064938001,-2.6775544852051065,True,-0.4046405797328947,-2.5412677713346,-2.528963830175537,-2.606502803635576,-2.539498636483319,-2.4660592672406656,-0.5426964284546822,1.0,-1.0
61,19,-1.0,0.0,703,0,703,,-2.6775544852051065,True,,-2.5412677713346,-2.528963830175537,-2.606502803635576,-2.539498636483319,-2.4660592672406656,,,
61,20,0.0,1.0,703,0,703,,-2.6775544852051065,True,,-2.5412677713346,-2.528963830175537,-2.606502803635576,-2.539498636483319,-2.4660592672406656,,,
61,21,1.0,2.0,702,185,517,-2.6245239939757887,-2.6775544852051065,True,0.0530304912293178,-2.5412677713346,-2.528963830175537,-2.606502803635576,-2.539498636483319,-2.4660592672406656,-0.08502535749246976,1.0,-1.0
61,22,2.0,3.0,703,397,306,-2.494648669417039,-2.6775544852051065,True,0.18290581578806764,-2.5412677713346,-2.528963830175537,-2.606502803635576,-2.539498636483319,-2.4660592672406656,0.04484996706628008,4.0,0.5
61,23,3.0,4.0,702,74,628,-2.865978066634188,-2.6775544852051065,True,-0.18842358142908155,-2.5412677713346,-2.528963830175537,-2.606502803635576,-2.539498636483319,-2.4660592672406656,-0.3264794301508691,1.0,-1.0
61,24,4.0,5.0,703,204,499,-2.6851132216648788,-2.6775544852051065,True,-0.007558736459772231,-2.5412677713346,-2.528963830175537,-2.606502803635576,-2.539498636483319,-2.4660592672406656,-0.14561458518155979,1.0,-1.0
61,25,5.0,6.0,702,203,499,-2.5628407030289604,-2.6775544852051065,True,0.11471378217614614,-2.5412677713346,-2.528963830175537,-2.606502803635576,-2.539498636483319,-2.4660592672406656,-0.023342066545641416,2.0,-0.5
61,26,6.0,7.0,703,214,489,-2.5713296331253184,-2.6775544852051065,True,0.10622485207978816,-2.5412677713346,-2.528963830175537,-2.606502803635576,-2.539498636483319,-2.4660592672406656,-0.0318309966419994,2.0,-0.5
61,27,7.0,8.0,703,175,528,-2.6513969567328983,-2.6775544852051065,True,0.026157528472208202,-2.5412677713346,-2.528963830175537,-2.606502803635576,-2.539498636483319,-2.4660592672406656,-0.11189832024957935,1.0,-1.0
61,28,8.0,9.0,702,198,504,-2.4680913300383693,-2.6775544852051065,True,0.2094631551667372,-2.5412677713346,-2.528963830175537,-2.606502803635576,-2.539498636483319,-2.4660592672406656,0.07140730644494964,4.0,0.5
61,29,9.0,10.0,703,214,489,-2.6089662981850132,-2.6775544852051065,True,0.06858818702009328,-2.5412677713346,-2.528963830175537,-2.606502803635576,-2.539498636483319,-2.4660592672406656,-0.06946766170169383,1.0,-1.0
61,30,10.0,11.0,702,200,502,-2.5426792854583966,-2.6775544852051065,True,0.13487519974670992,-2.5412677713346,-2.528963830175537,-2.606502803635576,-2.539498636483319,-2.4660592672406656,-0.003180648975077638,2.0,-0.5
61,31,11.0,12.0,703,174,529,-2.6326154155421064,-2.6775544852051065,True,0.0449390696630001,-2.5412677713346,-2.528963830175537,-2.606502803635576,-2.539498636483319,-2.4660592672406656,-0.09311677905878746,1.0,-1.0
61,32,12.0,13.0,702,166,536,-2.564614406358565,-2.6775544852051065,True,0.11294007884654134,-2.5412677713346,-2.528963830175537,-2.606502803635576,-2.539498636483319,-2.4660592672406656,-0.02511576987524622,2.0,-0.5
61,33,13.0,14.0,703,205,498,-2.588626598954057,-2.6775544852051065,True,0.08892788625104942,-2.5412677713346,-2.528963830175537,-2.606502803635576,-2.539498636483319,-2.4660592672406656,-0.04912796247073814,2.0,-0.5
61,34,14.0,15.0,703,202,501,-2.6472761177877406,-2.6775544852051065,True,0.030278367417365892,-2.5412677713346,-2.528963830175537,-2.606502803635576,-2.539498636483319,-2.4660592672406656,-0.10777748130442166,1.0,-1.0
61,35,15.0,16.0,702,0,702,,-2.6775544852051065,True,,-2.5412677713346,-2.528963830175537,-2.606502803635576,-2.539498636483319,-2.4660592672406656,,,
61,36,16.0,17.0,703,0,703,,-2.6775544852051065,True,,-2.5412677713346,-2.528963830175537,-2.606502803635576,-2.539498636483319,-2.4660592672406656,,,
61,37,17.0,18.0,702,209,493,-2.6049315285910533,-2.6775544852051065,True,0.07262295661405327,-2.5412677713346,-2.528963830175537,-2.606502803635576,-2.539498636483319,-2.4660592672406656,-0.06543289210773429,2.0,-0.5
61,38,18.0,19.0,703,193,510,-2.515518194886255,-2.6775544852051065,True,0.1620362903188517,-2.5412677713346,-2.528963830175537,-2.606502803635576,-2.539498636483319,-2.4660592672406656,0.02398044159706414,4.0,0.5
61,39,19.0,20.0,702,188,514,-2.5748979078584173,-2.6775544852051065,True,0.1026565773466892,-2.5412677713346,-2.528963830175537,-2.606502803635576,-2.539498636483319,-2.4660592672406656,-0.03539927137509835,2.0,-0.5
62,0,-20.0,-19.0,703,0,703,,-2.700084491559029,True,,-2.6914862635354706,-2.6437057919069313,-2.763146532767734,-2.6592017906467644,-2.609957350194497,,,
62,1,-19.0,-18.0,703,0,703,,-2.700084491559029,True,,-2.6914862635354706,-2.6437057919069313,-2.763146532767734,-2.6592017906467644,-2.609957350194497,,,
62,2,-18.0,-17.0,702,2,700,-3.1647958548965285,-2.700084491559029,True,-0.4647113633374995,-2.6914862635354706,-2.6437057919069313,-2.763146532767734,-2.6592017906467644,-2.609957350194497,-0.505594064249764,1.0,-1.0
62,3,-17.0,-16.0,703,228,475,-2.721403363147504,-2.700084491559029,True,-0.02131887158847512,-2.6914862635354706,-2.6437057919069313,-2.763146532767734,-2.6592017906467644,-2.609957350194497,-0.062201572500739655,2.0,-0.5
62,4,-16.0,-15.0,702,702,0,-2.5218806987848907,-2.700084491559029,True,0.17820379277413823,-2.6914862635354706,-2.6437057919069313,-2.763146532767734,-2.6592017906467644,-2.609957350194497,0.1373210918618737,5.0,1.0
62,5,-15.0,-14.0,703,304,399,-2.6056219798852136,-2.700084491559029,True,0.09446251167381536,-2.6914862635354706,-2.6437057919069313,-2.763146532767734,-2.6592017906467644,-2.609957350194497,0.05357981076155083,5.0,1.0
62,6,-14.0,-13.0,702,0,702,,-2.700084491559029,True,,-2.6914862635354706,-2.6437057919069313,-2.763146532767734,-2.6592017906467644,-2.609957350194497,,,
62,7,-13.0,-12.0,703,131,572,-2.8706683001815705,-2.700084491559029,True,-0.17058380862254152,-2.6914862635354706,-2.6437057919069313,-2.763146532767734,-2.6592017906467644,-2.609957350194497,-0.21146650953480606,1.0,-1.0
62,8,-12.0,-11.0,703,0,703,,-2.700084491559029,True,,-2.6914862635354706,-2.6437057919069313,-2.763146532767734,-2.6592017906467644,-2.609957350194497,,,
62,9,-11.0,-10.0,702,309,393,-2.63706464958986,-2.700084491559029,True,0.06301984196916877,-2.6914862635354706,-2.6437057919069313,-2.763146532767734,-2.6592017906467644,-2.609957350194497,0.02213714105690423,4.0,0.5
62,10,-10.0,-9.0,703,176,527,-2.581536913672278,-2.700084491559029,True,0.11854757788675085,-2.6914862635354706,-2.6437057919069313,-2.763146532767734,-2.6592017906467644,-2.609957350194497,0.07766487697448632,5.0,1.0
62,11,-9.0,-8.0,702,189,513,-2.7838000082219163,-2.700084491559029,True,-0.08371551666288735,-2.6914862635354706,-2.6437057919069313,-2.763146532767734,-2.6592017906467644,-2.609957350194497,-0.12459821757515188,1.0,-1.0
62,12,-8.0,-7.0,703,158,545,-2.6309794608680144,-2.700084491559029,True,0.06910503069101459,-2.6914862635354706,-2.6437057919069313,-2.763146532767734,-2.6592017906467644,-2.609957350194497,0.028222329778750055,4.0,0.5
62,13,-7.0,-6.0,702,287,415,-2.705322466202059,-2.700084491559029,True,-0.005237974643029997,-2.6914862635354706,-2.6437057919069313,-2.763146532767734,-2.6592017906467644,-2.609957350194497,-0.04612067555529453,2.0,-0.5
62,14,-6.0,-5.0,703,66,637,-2.7424930573135513,-2.700084491559029,True,-0.04240856575452234,-2.6914862635354706,-2.6437057919069313,-2.763146532767734,-2.6592017906467644,-2.609957350194497,-0.08329126666678732,2.0,-0.5
62,15,-5.0,-4.0,703,139,564,-2.8253792460803595,-2.700084491559029,True,-0.12529475452133054,-2.6914862635354706,-2.6437057919069313,-2.763146532767734,-2.6592017906467644,-2.609957350194497,-0.16617745543359508,1.0,-1.0
62,16,-4.0,-3.0,702,177,525,-2.6592017906467644,-2.700084491559029,True,0.040882700912264536,-2.6914862635354706,-2.6437057919069313,-2.763146532767734,-2.6592017906467644,-2.609957350194497,0.0,3.0,0.0
62,17,-3.0,-2.0,703,0,703,,-2.700084491559029,True,,-2.6914862635354706,-2.6437057919069313,-2.763146532767734,-2.6592017906467644,-2.609957350194497,,,
62,18,-2.0,-1.0,702,475,227,-2.6142927205037805,-2.700084491559029,True,0.08579177105524849,-2.6914862635354706,-2.6437057919069313,-2.763146532767734,-2.6592017906467644,-2.609957350194497,0.04490907014298395,4.0,0.5
62,19,-1.0,0.0,703,701,2,-2.436826863391139,-2.700084491559029,True,0.26325762816789,-2.6914862635354706,-2.6437057919069313,-2.763146532767734,-2.6592017906467644,-2.609957350194497,0.22237492725562547,5.0,1.0
62,20,0.0,1.0,702,74,628,-2.718973536981217,-2.700084491559029,True,-0.018889045422187944,-2.6914862635354706,-2.6437057919069313,-2.763146532767734,-2.6592017906467644,-2.609957350194497,-0.05977174633445248,2.0,-0.5
62,21,1.0,2.0,703,0,703,,-2.700084491559029,True,,-2.6914862635354706,-2.6437057919069313,-2.763146532767734,-2.6592017906467644,-2.609957350194497,,,
62,22,2.0,3.0,703,0,703,,-2.700084491559029,True,,-2.6914862635354706,-2.6437057919069313,-2.763146532767734,-2.6592017906467644,-2.609957350194497,,,
62,23,3.0,4.0,702,175,527,-2.73866365473371,-2.700084491559029,True,-0.03857916317468124,-2.6914862635354706,-2.6437057919069313,-2.763146532767734,-2.6592017906467644,-2.609957350194497,-0.07946186408694578,2.0,-0.5
62,24,4.0,5.0,703,156,547,-2.8321050679507604,-2.700084491559029,True,-0.13202057639173148,-2.6914862635354706,-2.6437057919069313,-2.763146532767734,-2.6592017906467644,-2.609957350194497,-0.17290327730399602,1.0,-1.0
62,25,5.0,6.0,702,177,525,-2.639682363891572,-2.700084491559029,True,0.060402127667456895,-2.6914862635354706,-2.6437057919069313,-2.763146532767734,-2.6592017906467644,-2.609957350194497,0.01951942675519236,4.0,0.5
62,26,6.0,7.0,703,0,703,,-2.700084491559029,True,,-2.6914862635354706,-2.6437057919069313,-2.763146532767734,-2.6592017906467644,-2.609957350194497,,,
62,27,7.0,8.0,702,195,507,-2.7507845270753286,-2.700084491559029,True,-0.050700035516299646,-2.6914862635354706,-2.6437057919069313,-2.763146532767734,-2.6592017906467644,-2.609957350194497,-0.09158273642856418,2.0,-0.5
62,28,8.0,9.0,703,218,485,-2.725109123032817,-2.700084491559029,True,-0.025024631473788084,-2.6914862635354706,-2.6437057919069313,-2.763146532767734,-2.6592017906467644,-2.609957350194497,-0.06590733238605262,2.0,-0.5
62,29,9.0,10.0,703,197,506,-2.780192909343978,-2.700084491559029,True,-0.08010841778494893,-2.6914862635354706,-2.6437057919069313,-2.763146532767734,-2.6592017906467644,-2.609957350194497,-0.12099111869721346,1.0,-1.0
62,30,10.0,11.0,702,637,65,-2.5487754050007587,-2.700084491559029,True,0.15130908655827024,-2.6914862635354706,-2.6437057919069313,-2.763146532767734,-2.6592017906467644,-2.609957350194497,0.11042638564600571,5.0,1.0
62,31,11.0,12.0,703,111,592,-2.585717848161463,-2.700084491559029,True,0.11436664339756586,-2.6914862635354706,-2.6437057919069313,-2.763146532767734,-2.6592017906467644,-2.609957350194497,0.07348394248530132,5.0,1.0
62,32,12.0,13.0,702,0,702,,-2.700084491559029,True,,-2.6914862635354706,-2.6437057919069313,-2.763146532767734,-2.6592017906467644,-2.609957350194497,,,
62,33,13.0,14.0,703,0,703,,-2.700084491559029,True,,-2.6914862635354706,-2.6437057919069313,-2.763146532767734,-2.6592017906467644,-2.609957350194497,,,
62,34,14.0,15.0,702,250,452,-2.616942183737752,-2.700084491559029,True,0.08314230782127696,-2.6914862635354706,-2.6437057919069313,-2.763146532767734,-2.6592017906467644,-2.609957350194497,0.042259606909012426,4.0,0.5
62,35,15.0,16.0,703,466,237,-2.6022829408485135,-2.700084491559029,True,0.09780155071051544,-2.6914862635354706,-2.6437057919069313,-2.763146532767734,-2.6592017906467644,-2.609957350194497,0.05691884979825135,5.0,1.0
62,36,16.0,17.0,703,168,535,-2.7140067024405212,-2.700084491559029,True,-0.013922210881492258,-2.6914862635354706,-2.6437057919069313,-2.763146532767734,-2.6592017906467644,-2.609957350194497,-0.05480491179375635,2.0,-0.5
62,37,17.0,18.0,702,55,647,-2.9409858193679868,-2.700084491559029,True,-0.2409013278089578,-2.6914862635354706,-2.6437057919069313,-2.763146532767734,-2.6592017906467644,-2.609957350194497,-0.2817840287212223,1.0,-1.0
62,38,18.0,19.0,703,220,483,-2.7980238836427156,-2.700084491559029,True,-0.09793939208368663,-2.6914862635354706,-2.6437057919069313,-2.763146532767734,-2.6592017906467644,-2.609957350194497,-0.1388220929959516,1.0,-1.0
62,39,19.0,20.0,702,161,541,-2.707261690262325,-2.700084491559029,True,-0.007177198703296028,-2.6914862635354706,-2.6437057919069313,-2.763146532767734,-2.6592017906467644,-2.609957350194497,-0.048059899615560564,2.0,-0.5
63,0,-20.0,-19.0,702,168,534,-2.7140067024405212,-2.6898365363795165,True,-0.02417016606100475,-2.7402282092030896,-2.731934373961458,-2.8208515040849336,-2.736595042186148,-2.6870252847880014,0.022588339745627017,4.0,0.5
63,1,-19.0,-18.0,703,199,504,-2.843416927079089,-2.6898365363795165,True,-0.15358039069957252,-2.7402282092030896,-2.731934373961458,-2.8208515040849336,-2.736595042186148,-2.6870252847880014,-0.1068218848929412,1.0,-1.0
63,2,-18.0,-17.0,702,145,557,-2.743861376220031,-2.6898365363795165,True,-0.05402483984051454,-2.7402282092030896,-2.731934373961458,-2.8208515040849336,-2.736595042186148,-2.6870252847880014,-0.007266334033883215,2.0,-0.5
63,3,-17.0,-16.0,703,153,550,-2.7365950421861482,-2.6898365363795165,True,-0.04675850580663177,-2.7402282092030896,-2.731934373961458,-2.8208515040849336,-2.736595042186148,-2.6870252847880014,0.0,3.0,0.0
63,4,-16.0,-15.0,702,156,546,-2.7272737057367684,-2.6898365363795165,True,-0.03743716935725194,-2.7402282092030896,-2.731934373961458,-2.8208515040849336,-2.736595042186148,-2.6870252847880014,0.00932133644937938,4.0,0.5
63,5,-15.0,-14.0,703,199,504,-2.798286081090778,-2.6898365363795165,True,-0.10844954471126167,-2.7402282092030896,-2.731934373961458,-2.8208515040849336,-2.736595042186148,-2.6870252847880014,-0.061691038904630346,2.0,-0.5
63,6,-14.0,-13.0,703,0,703,,-2.6898365363795165,True,,-2.7402282092030896,-2.731934373961458,-2.8208515040849336,-2.736595042186148,-2.6870252847880014,,,
63,7,-13.0,-12.0,702,0,702,,-2.6898365363795165,True,,-2.7402282092030896,-2.731934373961458,-2.8208515040849336,-2.736595042186148,-2.6870252847880014,,,
63,8,-12.0,-11.0,703,210,493,-2.8877972117392856,-2.6898365363795165,True,-0.19796067535976913,-2.7402282092030896,-2.731934373961458,-2.8208515040849336,-2.736595042186148,-2.6870252847880014,-0.1512021695531378,1.0,-1.0
63,9,-11.0,-10.0,702,374,328,-2.8580718354258,-2.6898365363795165,True,-0.16823529904628343,-2.7402282092030896,-2.731934373961458,-2.8208515040849336,-2.736595042186148,-2.6870252847880014,-0.1214767932396521,1.0,-1.0
63,10,-10.0,-9.0,703,467,236,-2.308921136069922,-2.6898365363795165,True,0.38091540030959425,-2.7402282092030896,-2.731934373961458,-2.8208515040849336,-2.736595042186148,-2.6870252847880014,0.4276739061162256,5.0,1.0
63,11,-9.0,-8.0,702,291,411,-2.6600438671354825,-2.6898365363795165,True,0.02979266924403401,-2.7402282092030896,-2.731934373961458,-2.8208515040849336,-2.736595042186148,-2.6870252847880014,0.07655117505066533,5.0,1.0
63,12,-8.0,-7.0,703,275,428,-2.3099280150508577,-2.6898365363795165,True,0.3799085213286588,-2.7402282092030896,-2.731934373961458,-2.8208515040849336,-2.736595042186148,-2.6870252847880014,0.42666702713529014,5.0,1.0
63,13,-7.0,-6.0,703,0,703,,-2.6898365363795165,True,,-2.7402282092030896,-2.731934373961458,-2.8208515040849336,-2.736595042186148,-2.6870252847880014,,,
63,14,-6.0,-5.0,702,0,702,,-2.6898365363795165,True,,-2.7402282092030896,-2.731934373961458,-2.8208515040849336,-2.736595042186148,-2.6870252847880014,,,
63,15,-5.0,-4.0,703,0,703,,-2.6898365363795165,True,,-2.7402282092030896,-2.731934373961458,-2.8208515040849336,-2.736595042186148,-2.6870252847880014,,,
63,16,-4.0,-3.0,702,0,702,,-2.6898365363795165,True,,-2.7402282092030896,-2.731934373961458,-2.8208515040849336,-2.736595042186148,-2.6870252847880014,,,
63,17,-3.0,-2.0,703,0,703,,-2.6898365363795165,True,,-2.7402282092030896,-2.731934373961458,-2.8208515040849336,-2.736595042186148,-2.6870252847880014,,,
63,18,-2.0,-1.0,702,0,702,,-2.6898365363795165,True,,-2.7402282092030896,-2.731934373961458,-2.8208515040849336,-2.736595042186148,-2.6870252847880014,,,
63,19,-1.0,0.0,703,0,703,,-2.6898365363795165,True,,-2.7402282092030896,-2.731934373961458,-2.8208515040849336,-2.736595042186148,-2.6870252847880014,,,
63,20,0.0,1.0,703,0,703,,-2.6898365363795165,True,,-2.7402282092030896,-2.731934373961458,-2.8208515040849336,-2.736595042186148,-2.6870252847880014,,,
63,21,1.0,2.0,702,0,702,,-2.6898365363795165,True,,-2.7402282092030896,-2.731934373961458,-2.8208515040849336,-2.736595042186148,-2.6870252847880014,,,
63,22,2.0,3.0,703,0,703,,-2.6898365363795165,True,,-2.7402282092030896,-2.731934373961458,-2.8208515040849336,-2.736595042186148,-2.6870252847880014,,,
63,23,3.0,4.0,702,113,589,-2.8937710372950196,-2.6898365363795165,True,-0.20393450091550314,-2.7402282092030896,-2.731934373961458,-2.8208515040849336,-2.736595042186148,-2.6870252847880014,-0.15717599510887226,1.0,-1.0
63,24,4.0,5.0,703,0,703,,-2.6898365363795165,True,,-2.7402282092030896,-2.731934373961458,-2.8208515040849336,-2.736595042186148,-2.6870252847880014,,,
63,25,5.0,6.0,702,205,497,-2.645084487443974,-2.6898365363795165,True,0.04475204893554263,-2.7402282092030896,-2.731934373961458,-2.8208515040849336,-2.736595042186148,-2.6870252847880014,0.09151055474217396,5.0,1.0
63,26,6.0,7.0,703,545,158,-2.46142879067943,-2.6898365363795165,True,0.22840774570008637,-2.7402282092030896,-2.731934373961458,-2.8208515040849336,-2.736595042186148,-2.6870252847880014,0.2751662515067177,5.0,1.0
63,27,7.0,8.0,703,322,381,-2.4309343670740433,-2.6898365363795165,True,0.25890216930547316,-2.7402282092030896,-2.731934373961458,-2.8208515040849336,-2.736595042186148,-2.6870252847880014,0.30566067511210404,5.0,1.0
63,28,8.0,9.0,702,64,638,-3.273022726129645,-2.6898365363795165,True,-0.5831861897501285,-2.7402282092030896,-2.731934373961458,-2.8208515040849336,-2.736595042186148,-2.6870252847880014,-0.5364276839434972,1.0,-1.0
63,29,9.0,10.0,703,506,197,-2.4710148423893514,-2.6898365363795165,True,0.21882169399016504,-2.7402282092030896,-2.731934373961458,-2.8208515040849336,-2.736595042186148,-2.6870252847880014,0.26558019979679637,5.0,1.0
63,30,10.0,11.0,702,0,702,,-2.6898365363795165,True,,-2.7402282092030896,-2.731934373961458,-2.8208515040849336,-2.736595042186148,-2.6870252847880014,,,
63,31,11.0,12.0,703,0,703,,-2.6898365363795165,True,,-2.7402282092030896,-2.731934373961458,-2.8208515040849336,-2.736595042186148,-2.6870252847880014,,,
63,32,12.0,13.0,702,579,123,-2.505762631267875,-2.6898365363795165,True,0.18407390511164134,-2.7402282092030896,-2.731934373961458,-2.8208515040849336,-2.736595042186148,-2.6870252847880014,0.23083241091827267,5.0,1.0
63,33,13.0,14.0,703,293,410,-2.533955081430617,-2.6898365363795165,True,0.15588145494889938,-2.7402282092030896,-2.731934373961458,-2.8208515040849336,-2.736595042186148,-2.6870252847880014,0.2026399607555307,5.0,1.0
63,34,14.0,15.0,703,33,670,-3.021915880026434,-2.6898365363795165,True,-0.3320793436469174,-2.7402282092030896,-2.731934373961458,-2.8208515040849336,-2.736595042186148,-2.6870252847880014,-0.28532083784028606,1.0,-1.0
63,35,15.0,16.0,702,218,484,-2.490630470888611,-2.6898365363795165,True,0.19920606549090536,-2.7402282092030896,-2.731934373961458,-2.8208515040849336,-2.736595042186148,-2.6870252847880014,0.24596457129753668,5.0,1.0
63,36,16.0,17.0,703,0,703,,-2.6898365363795165,True,,-2.7402282092030896,-2.731934373961458,-2.8208515040849336,-2.736595042186148,-2.6870252847880014,,,
63,37,17.0,18.0,702,251,451,-2.778930434113673,-2.6898365363795165,True,-0.08909389773415644,-2.7402282092030896,-2.731934373961458,-2.8208515040849336,-2.736595042186148,-2.6870252847880014,-0.04233539192752511,2.0,-0.5
63,38,18.0,19.0,703,0,703,,-2.6898365363795165,True,,-2.7402282092030896,-2.731934373961458,-2.8208515040849336,-2.736595042186148,-2.6870252847880014,,,
63,39,19.0,20.0,702,315,387,-2.5651506038269174,-2.6898365363795165,True,0.12468593255259908,-2.7402282092030896,-2.731934373961458,-2.8208515040849336,-2.736595042186148,-2.6870252847880014,0.1714444383592304,5.0,1.0
64,0,-20.0,-19.0,703,41,662,-2.7661750916373995,-2.5861329150311154,True,-0.18004217660628408,-2.642373339809719,-2.6076550799061495,-2.718322093949203,-2.6303323013305957,-2.504181649877169,-0.1358427903068038,1.0,-1.0
64,1,-19.0,-18.0,702,171,531,-2.670469096261007,-2.5861329150311154,True,-0.0843361812298915,-2.642373339809719,-2.6076550799061495,-2.718322093949203,-2.6303323013305957,-2.504181649877169,-0.040136794930411224,2.0,-0.5
64,2,-18.0,-17.0,703,0,703,,-2.5861329150311154,True,,-2.642373339809719,-2.6076550799061495,-2.718322093949203,-2.6303323013305957,-2.504181649877169,,,
64,3,-17.0,-16.0,703,118,585,-2.7709880898702353,-2.5861329150311154,True,-0.18485517483911984,-2.642373339809719,-2.6076550799061495,-2.718322093949203,-2.6303323013305957,-2.504181649877169,-0.14065578853964,1.0,-1.0
64,4,-16.0,-15.0,702,624,78,-2.45362173650523,-2.5861329150311154,True,0.13251117852588523,-2.642373339809719,-2.6076550799061495,-2.718322093949203,-2.6303323013305957,-2.504181649877169,0.1767105648253655,5.0,1.0
64,5,-15.0,-14.0,703,574,129,-2.2566025263642335,-2.5861329150311154,True,0.3295303886668819,-2.642373339809719,-2.6076550799061495,-2.718322093949203,-2.6303323013305957,-2.504181649877169,0.3737297749663626,5.0,1.0
64,6,-14.0,-13.0,702,113,589,-2.6303323013305953,-2.5861329150311154,True,-0.04419938629947984,-2.642373339809719,-2.6076550799061495,-2.718322093949203,-2.6303323013305957,-2.504181649877169,0.0,3.0,0.0
64,7,-13.0,-12.0,703,313,390,-2.5547415632491077,-2.5861329150311154,True,0.03139135178200769,-2.642373339809719,-2.6076550799061495,-2.718322093949203,-2.6303323013305957,-2.504181649877169,0.07559073808148753,4.0,0.5
64,8,-12.0,-11.0,702,0,702,,-2.5861329150311154,True,,-2.642373339809719,-2.6076550799061495,-2.718322093949203,-2.6303323013305957,-2.504181649877169,,,
64,9,-11.0,-10.0,703,0,703,,-2.5861329150311154,True,,-2.642373339809719,-2.6076550799061495,-2.718322093949203,-2.6303323013305957,-2.504181649877169,,,
64,10,-10.0,-9.0,703,0,703,,-2.5861329150311154,True,,-2.642373339809719,-2.6076550799061495,-2.718322093949203,-2.6303323013305957,-2.504181649877169,,,
64,11,-9.0,-8.0,702,0,702,,-2.5861329150311154,True,,-2.642373339809719,-2.6076550799061495,-2.718322093949203,-2.6303323013305957,-2.504181649877169,,,
64,12,-8.0,-7.0,703,0,703,,-2.5861329150311154,True,,-2.642373339809719,-2.6076550799061495,-2.718322093949203,-2.6303323013305957,-2.504181649877169,,,
64,13,-7.0,-6.0,702,0,702,,-2.5861329150311154,True,,-2.642373339809719,-2.6076550799061495,-2.718322093949203,-2.6303323013305957,-2.504181649877169,,,
64,14,-6.0,-5.0,703,0,703,,-2.5861329150311154,True,,-2.642373339809719,-2.6076550799061495,-2.718322093949203,-2.6303323013305957,-2.504181649877169,,,
64,15,-5.0,-4.0,702,0,702,,-2.5861329150311154,True,,-2.642373339809719,-2.6076550799061495,-2.718322093949203,-2.6303323013305957,-2.504181649877169,,,
64,16,-4.0,-3.0,703,0,703,,-2.5861329150311154,True,,-2.642373339809719,-2.6076550799061495,-2.718322093949203,-2.6303323013305957,-2.504181649877169,,,
64,17,-3.0,-2.0,703,0,703,,-2.5861329150311154,True,,-2.642373339809719,-2.6076550799061495,-2.718322093949203,-2.6303323013305957,-2.504181649877169,,,
64,18,-2.0,-1.0,702,0,702,,-2.5861329150311154,True,,-2.642373339809719,-2.6076550799061495,-2.718322093949203,-2.6303323013305957,-2.504181649877169,,,
64,19,-1.0,0.0,703,0,703,,-2.5861329150311154,True,,-2.642373339809719,-2.6076550799061495,-2.718322093949203,-2.6303323013305957,-2.504181649877169,,,
64,20,0.0,1.0,702,0,702,,-2.5861329150311154,True,,-2.642373339809719,-2.6076550799061495,-2.718322093949203,-2.6303323013305957,-2.504181649877169,,,
64,21,1.0,2.0,703,0,703,,-2.5861329150311154,True,,-2.642373339809719,-2.6076550799061495,-2.718322093949203,-2.6303323013305957,-2.504181649877169,,,
64,22,2.0,3.0,702,0,702,,-2.5861329150311154,True,,-2.642373339809719,-2.6076550799061495,-2.718322093949203,-2.6303323013305957,-2.504181649877169,,,
64,23,3.0,4.0,703,0,703,,-2.5861329150311154,True,,-2.642373339809719,-2.6076550799061495,-2.718322093949203,-2.6303323013305957,-2.504181649877169,,,
64,24,4.0,5.0,703,0,703,,-2.5861329150311154,True,,-2.642373339809719,-2.6076550799061495,-2.718322093949203,-2.6303323013305957,-2.504181649877169,,,
64,25,5.0,6.0,702,0,702,,-2.5861329150311154,True,,-2.642373339809719,-2.6076550799061495,-2.718322093949203,-2.6303323013305957,-2.504181649877169,,,
64,26,6.0,7.0,703,0,703,,-2.5861329150311154,True,,-2.642373339809719,-2.6076550799061495,-2.718322093949203,-2.6303323013305957,-2.504181649877169,,,
64,27,7.0,8.0,702,0,702,,-2.5861329150311154,True,,-2.642373339809719,-2.6076550799061495,-2.718322093949203,-2.6303323013305957,-2.504181649877169,,,
64,28,8.0,9.0,703,0,703,,-2.5861329150311154,True,,-2.642373339809719,-2.6076550799061495,-2.718322093949203,-2.6303323013305957,-2.504181649877169,,,
64,29,9.0,10.0,702,46,656,-2.9670458890507962,-2.5861329150311154,True,-0.38091297401968083,-2.642373339809719,-2.6076550799061495,-2.718322093949203,-2.6303323013305957,-2.504181649877169,-0.3367135877202001,1.0,-1.0
64,30,10.0,11.0,703,225,478,-2.7860440937856388,-2.5861329150311154,True,-0.19991117875452336,-2.642373339809719,-2.6076550799061495,-2.718322093949203,-2.6303323013305957,-2.504181649877169,-0.15571179245504307,1.0,-1.0
64,31,11.0,12.0,702,239,463,-2.635414817025584,-2.5861329150311154,True,-0.04928190199446858,-2.642373339809719,-2.6076550799061495,-2.718322093949203,-2.6303323013305957,-2.504181649877169,-0.005082515694988299,3.0,0.0
64,32,12.0,13.0,703,0,703,,-2.5861329150311154,True,,-2.642373339809719,-2.6076550799061495,-2.718322093949203,-2.6303323013305957,-2.504181649877169,,,
64,33,13.0,14.0,703,366,337,-2.553851648589228,-2.5861329150311154,True,0.032281266441887446,-2.642373339809719,-2.6076550799061495,-2.718322093949203,-2.6303323013305957,-2.504181649877169,0.07648065274136773,4.0,0.5
64,34,14.0,15.0,702,46,656,-3.363825344276214,-2.5861329150311154,True,-0.7776924292450986,-2.642373339809719,-2.6076550799061495,-2.718322093949203,-2.6303323013305957,-2.504181649877169,-0.7334930429456183,1.0,-1.0
64,35,15.0,16.0,703,174,529,-2.5634446857983955,-2.5861329150311154,True,0.02268822923271996,-2.642373339809719,-2.6076550799061495,-2.718322093949203,-2.6303323013305957,-2.504181649877169,0.06688761553220024,4.0,0.5
64,36,16.0,17.0,702,105,597,-2.658884039112501,-2.5861329150311154,True,-0.0727511240813854,-2.642373339809719,-2.6076550799061495,-2.718322093949203,-2.6303323013305957,-2.504181649877169,-0.028551737781905118,2.0,-0.5
64,37,17.0,18.0,703,135,568,-3.029604309179156,-2.5861329150311154,True,-0.4434713941480406,-2.642373339809719,-2.6076550799061495,-2.718322093949203,-2.6303323013305957,-2.504181649877169,-0.3992720078485603,1.0,-1.0
64,38,18.0,19.0,702,683,19,-2.431515343750941,-2.5861329150311154,True,0.15461757128017428,-2.642373339809719,-2.6076550799061495,-2.718322093949203,-2.6303323013305957,-2.504181649877169,0.19881695757965456,5.0,1.0
64,39,19.0,20.0,703,0,703,,-2.5861329150311154,True,,-2.642373339809719,-2.6076550799061495,-2.718322093949203,-2.6303323013305957,-2.504181649877169,,,
65,0,-20.0,-19.0,703,291,412,-2.6191021601314146,-2.7393239413770467,True,0.1202217812456321,-2.732996630700446,-2.683488510136311,-2.7733740725171296,-2.728096985770005,-2.6353445812954033,0.10899482563859042,5.0,1.0
65,1,-19.0,-18.0,703,0,703,,-2.7393239413770467,True,,-2.732996630700446,-2.683488510136311,-2.7733740725171296,-2.728096985770005,-2.6353445812954033,,,
65,2,-18.0,-17.0,702,208,494,-2.644349720599841,-2.7393239413770467,True,0.09497422077720552,-2.732996630700446,-2.683488510136311,-2.7733740725171296,-2.728096985770005,-2.6353445812954033,0.08374726517016384,4.0,0.5
65,3,-17.0,-16.0,703,134,569,-2.78807904557849,-2.7393239413770467,True,-0.048755104201443356,-2.732996630700446,-2.683488510136311,-2.7733740725171296,-2.728096985770005,-2.6353445812954033,-0.05998205980848503,1.0,-1.0
65,4,-16.0,-15.0,702,528,174,-2.567961339597039,-2.7393239413770467,True,0.17136260178000784,-2.732996630700446,-2.683488510136311,-2.7733740725171296,-2.728096985770005,-2.6353445812954033,0.16013564617296616,5.0,1.0
65,5,-15.0,-14.0,703,39,664,-3.3193728189922873,-2.7393239413770467,True,-0.5800488776152406,-2.732996630700446,-2.683488510136311,-2.7733740725171296,-2.728096985770005,-2.6353445812954033,-0.5912758332222827,1.0,-1.0
65,6,-14.0,-13.0,702,368,334,-2.6383484481692228,-2.7393239413770467,True,0.10097549320782395,-2.732996630700446,-2.683488510136311,-2.7733740725171296,-2.728096985770005,-2.6353445812954033,0.08974853760078227,4.0,0.5
65,7,-13.0,-12.0,703,187,516,-2.7579073674828787,-2.7393239413770467,True,-0.01858342610583197,-2.732996630700446,-2.683488510136311,-2.7733740725171296,-2.728096985770005,-2.6353445812954033,-0.029810381712873646,2.0,-0.5
65,8,-12.0,-11.0,703,128,575,-2.7926508023593715,-2.7393239413770467,True,-0.05332686098232475,-2.732996630700446,-2.683488510136311,-2.7733740725171296,-2.728096985770005,-2.6353445812954033,-0.06455381658936643,1.0,-1.0
65,9,-11.0,-10.0,702,152,550,-2.664370592007585,-2.7393239413770467,True,0.07495334936946163,-2.732996630700446,-2.683488510136311,-2.7733740725171296,-2.728096985770005,-2.6353445812954033,0.06372639376241995,4.0,0.5
65,10,-10.0,-9.0,703,177,526,-2.826957885561477,-2.7393239413770467,True,-0.08763394418443049,-2.732996630700446,-2.683488510136311,-2.7733740725171296,-2.728096985770005,-2.6353445812954033,-0.09886089979147217,1.0,-1.0
65,11,-9.0,-8.0,702,0,702,,-2.7393239413770467,True,,-2.732996630700446,-2.683488510136311,-2.7733740725171296,-2.728096985770005,-2.6353445812954033,,,
65,12,-8.0,-7.0,703,337,366,-2.6323407144215842,-2.7393239413770467,True,0.10698322695546247,-2.732996630700446,-2.683488510136311,-2.7733740725171296,-2.728096985770005,-2.6353445812954033,0.09575627134842124,5.0,1.0
65,13,-7.0,-6.0,702,165,537,-2.7586690994557688,-2.7393239413770467,True,-0.019345158078722058,-2.732996630700446,-2.683488510136311,-2.7733740725171296,-2.728096985770005,-2.6353445812954033,-0.030572113685763735,2.0,-0.5
65,14,-6.0,-5.0,703,0,703,,-2.7393239413770467,True,,-2.732996630700446,-2.683488510136311,-2.7733740725171296,-2.728096985770005,-2.6353445812954033,,,
65,15,-5.0,-4.0,703,0,703,,-2.7393239413770467,True,,-2.732996630700446,-2.683488510136311,-2.7733740725171296,-2.728096985770005,-2.6353445812954033,,,
65,16,-4.0,-3.0,702,216,486,-2.6165556620009656,-2.7393239413770467,True,0.12276827937608115,-2.732996630700446,-2.683488510136311,-2.7733740725171296,-2.728096985770005,-2.6353445812954033,0.11154132376903947,5.0,1.0
65,17,-3.0,-2.0,703,59,644,-2.735096478527778,-2.7393239413770467,True,0.004227462849268893,-2.732996630700446,-2.683488510136311,-2.7733740725171296,-2.728096985770005,-2.6353445812954033,-0.006999492757772785,2.0,-0.5
65,18,-2.0,-1.0,702,0,702,,-2.7393239413770467,True,,-2.732996630700446,-2.683488510136311,-2.7733740725171296,-2.728096985770005,-2.6353445812954033,,,
65,19,-1.0,0.0,703,230,473,-2.728096985770005,-2.7393239413770467,True,0.011226955607041678,-2.732996630700446,-2.683488510136311,-2.7733740725171296,-2.728096985770005,-2.6353445812954033,0.0,3.0,0.0
65,20,0.0,1.0,702,0,702,,-2.7393239413770467,True,,-2.732996630700446,-2.683488510136311,-2.7733740725171296,-2.728096985770005,-2.6353445812954033,,,
65,21,1.0,2.0,703,164,539,-2.730729486957051,-2.7393239413770467,True,0.008594454419995845,-2.732996630700446,-2.683488510136311,-2.7733740725171296,-2.728096985770005,-2.6353445812954033,-0.0026325011870458326,3.0,0.0
65,22,2.0,3.0,703,53,650,-2.674354216512821,-2.7393239413770467,True,0.06496972486422559,-2.732996630700446,-2.683488510136311,-2.7733740725171296,-2.728096985770005,-2.6353445812954033,0.05374276925718391,4.0,0.5
65,23,3.0,4.0,702,0,702,,-2.7393239413770467,True,,-2.732996630700446,-2.683488510136311,-2.7733740725171296,-2.728096985770005,-2.6353445812954033,,,
65,24,4.0,5.0,703,0,703,,-2.7393239413770467,True,,-2.732996630700446,-2.683488510136311,-2.7733740725171296,-2.728096985770005,-2.6353445812954033,,,
65,25,5.0,6.0,702,249,453,-2.6998321596715096,-2.7393239413770467,True,0.03949178170553713,-2.732996630700446,-2.683488510136311,-2.7733740725171296,-2.728096985770005,-2.6353445812954033,0.028264826098495455,3.0,0.0
65,26,6.0,7.0,703,449,254,-2.6493768375703475,-2.7393239413770467,True,0.08994710380669924,-2.732996630700446,-2.683488510136311,-2.7733740725171296,-2.728096985770005,-2.6353445812954033,0.07872014819965756,4.0,0.5
65,27,7.0,8.0,702,36,666,-2.986531071812988,-2.7393239413770467,True,-0.2472071304359411,-2.732996630700446,-2.683488510136311,-2.7733740725171296,-2.728096985770005,-2.6353445812954033,-0.2584340860429828,1.0,-1.0
65,28,8.0,9.0,703,260,443,-2.7296376595395038,-2.7393239413770467,True,0.009686281837542943,-2.732996630700446,-2.683488510136311,-2.7733740725171296,-2.728096985770005,-2.6353445812954033,-0.001540673769499179,3.0,0.0
65,29,9.0,10.0,703,0,703,,-2.7393239413770467,True,,-2.732996630700446,-2.683488510136311,-2.7733740725171296,-2.728096985770005,-2.6353445812954033,,,
65,30,10.0,11.0,702,325,377,-2.773658140405081,-2.7393239413770467,True,-0.03433419902803436,-2.732996630700446,-2.683488510136311,-2.7733740725171296,-2.728096985770005,-2.6353445812954033,-0.04556115463507604,1.0,-1.0
65,31,11.0,12.0,703,254,449,-2.666669859621791,-2.7393239413770467,True,0.0726540817552559,-2.732996630700446,-2.683488510136311,-2.7733740725171296,-2.728096985770005,-2.6353445812954033,0.06142712614821422,4.0,0.5
65,32,12.0,13.0,702,0,702,,-2.7393239413770467,True,,-2.732996630700446,-2.683488510136311,-2.7733740725171296,-2.728096985770005,-2.6353445812954033,,,
65,33,13.0,14.0,703,0,703,,-2.7393239413770467,True,,-2.732996630700446,-2.683488510136311,-2.7733740725171296,-2.728096985770005,-2.6353445812954033,,,
65,34,14.0,15.0,702,0,702,,-2.7393239413770467,True,,-2.732996630700446,-2.683488510136311,-2.7733740725171296,-2.728096985770005,-2.6353445812954033,,,
65,35,15.0,16.0,703,186,517,-2.717002314393212,-2.7393239413770467,True,0.022321626983834886,-2.732996630700446,-2.683488510136311,-2.7733740725171296,-2.728096985770005,-2.6353445812954033,0.011094671376793208,3.0,0.0
65,36,16.0,17.0,703,0,703,,-2.7393239413770467,True,,-2.732996630700446,-2.683488510136311,-2.7733740725171296,-2.728096985770005,-2.6353445812954033,,,
65,37,17.0,18.0,702,225,477,-2.623344422302495,-2.7393239413770467,True,0.11597951907455162,-2.732996630700446,-2.683488510136311,-2.7733740725171296,-2.728096985770005,-2.6353445812954033,0.10475256346750994,5.0,1.0
65,38,18.0,19.0,703,249,454,-2.9191956851032597,-2.7393239413770467,True,-0.17987174372621295,-2.732996630700446,-2.683488510136311,-2.7733740725171296,-2.728096985770005,-2.6353445812954033,-0.19109869933325507,1.0,-1.0
65,39,19.0,20.0,702,0,702,,-2.7393239413770467,True,,-2.732996630700446,-2.683488510136311,-2.7733740725171296,-2.728096985770005,-2.6353445812954033,,,
66,0,-20.0,-19.0,702,0,702,,-2.7685410890958457,True,,-2.7444953470604605,-2.7156465187180343,-2.838187514715623,-2.7390214847481484,-2.695038921305821,,,
66,1,-19.0,-18.0,703,250,453,-2.8650732727773236,-2.7685410890958457,True,-0.09653218368147787,-2.7444953470604605,-2.7156465187180343,-2.838187514715623,-2.7390214847481484,-2.695038921305821,-0.1260517880291756,1.0,-1.0
66,2,-18.0,-17.0,702,0,702,,-2.7685410890958457,True,,-2.7444953470604605,-2.7156465187180343,-2.838187514715623,-2.7390214847481484,-2.695038921305821,,,
66,3,-17.0,-16.0,703,131,572,-2.696459047748857,-2.7685410890958457,True,0.07208204134698892,-2.7444953470604605,-2.7156465187180343,-2.838187514715623,-2.7390214847481484,-2.695038921305821,0.04256243699929163,4.0,0.5
66,4,-16.0,-15.0,702,151,551,-2.838187514715623,-2.7685410890958457,True,-0.0696464256197773,-2.7444953470604605,-2.7156465187180343,-2.838187514715623,-2.7390214847481484,-2.695038921305821,-0.09916602996747459,2.0,-0.5
66,5,-15.0,-14.0,703,210,493,-3.020549225326901,-2.7685410890958457,True,-0.25200813623105534,-2.7444953470604605,-2.7156465187180343,-2.838187514715623,-2.7390214847481484,-2.695038921305821,-0.2815277405787526,1.0,-1.0
66,6,-14.0,-13.0,703,0,703,,-2.7685410890958457,True,,-2.7444953470604605,-2.7156465187180343,-2.838187514715623,-2.7390214847481484,-2.695038921305821,,,
66,7,-13.0,-12.0,702,0,702,,-2.7685410890958457,True,,-2.7444953470604605,-2.7156465187180343,-2.838187514715623,-2.7390214847481484,-2.695038921305821,,,
66,8,-12.0,-11.0,703,213,490,-2.688300886625043,-2.7685410890958457,True,0.08024020247080266,-2.7444953470604605,-2.7156465187180343,-2.838187514715623,-2.7390214847481484,-2.695038921305821,0.050720598123105365,5.0,1.0
66,9,-11.0,-10.0,702,0,702,,-2.7685410890958457,True,,-2.7444953470604605,-2.7156465187180343,-2.838187514715623,-2.7390214847481484,-2.695038921305821,,,
66,10,-10.0,-9.0,703,0,703,,-2.7685410890958457,True,,-2.7444953470604605,-2.7156465187180343,-2.838187514715623,-2.7390214847481484,-2.695038921305821,,,
66,11,-9.0,-8.0,702,0,702,,-2.7685410890958457,True,,-2.7444953470604605,-2.7156465187180343,-2.838187514715623,-2.7390214847481484,-2.695038921305821,,,
66,12,-8.0,-7.0,703,108,595,-2.7856701372668433,-2.7685410890958457,True,-0.017129048170997585,-2.7444953470604605,-2.7156465187180343,-2.838187514715623,-2.7390214847481484,-2.695038921305821,-0.04664865251869532,2.0,-0.5
66,13,-7.0,-6.0,703,91,612,-2.8600828734855823,-2.7685410890958457,True,-0.09154178438973659,-2.7444953470604605,-2.7156465187180343,-2.838187514715623,-2.7390214847481484,-2.695038921305821,-0.12106138873743388,1.0,-1.0
66,14,-6.0,-5.0,702,200,502,-2.6950389213058212,-2.7685410890958457,True,0.0735021677900245,-2.7444953470604605,-2.7156465187180343,-2.838187514715623,-2.7390214847481484,-2.695038921305821,0.04398256344232765,5.0,1.0
66,15,-5.0,-4.0,703,203,500,-2.7390214847481484,-2.7685410890958457,True,0.029519604347697292,-2.7444953470604605,-2.7156465187180343,-2.838187514715623,-2.7390214847481484,-2.695038921305821,0.0,3.0,0.0
66,16,-4.0,-3.0,702,60,642,-2.6690458140440203,-2.7685410890958457,True,0.09949527505182543,-2.7444953470604605,-2.7156465187180343,-2.838187514715623,-2.7390214847481484,-2.695038921305821,0.06997567070412813,5.0,1.0
66,17,-3.0,-2.0,703,209,494,-2.7000632080312914,-2.7685410890958457,True,0.06847788106455432,-2.7444953470604605,-2.7156465187180343,-2.838187514715623,-2.7390214847481484,-2.695038921305821,0.03895827671685703,4.0,0.5
66,18,-2.0,-1.0,702,176,526,-2.748144588602002,-2.7685410890958457,True,0.02039650049384356,-2.7444953470604605,-2.7156465187180343,-2.838187514715623,-2.7390214847481484,-2.695038921305821,-0.009123103853853731,2.0,-0.5
66,19,-1.0,0.0,703,297,406,-2.6853971835685417,-2.7685410890958457,True,0.083143905527304,-2.7444953470604605,-2.7156465187180343,-2.838187514715623,-2.7390214847481484,-2.695038921305821,0.053624301179606704,5.0,1.0
66,20,0.0,1.0,703,124,579,-2.7895544509688746,-2.7685410890958457,True,-0.021013361873028824,-2.7444953470604605,-2.7156465187180343,-2.838187514715623,-2.7390214847481484,-2.695038921305821,-0.05053296622072612,2.0,-0.5
66,21,1.0,2.0,702,198,504,-2.758238051065029,-2.7685410890958457,True,0.01030303803081667,-2.7444953470604605,-2.7156465187180343,-2.838187514715623,-2.7390214847481484,-2.695038921305821,-0.019216566316880623,2.0,-0.5
66,22,2.0,3.0,703,40,663,-2.840731912262768,-2.7685410890958457,True,-0.07219082316692216,-2.7444953470604605,-2.7156465187180343,-2.838187514715623,-2.7390214847481484,-2.695038921305821,-0.10171042751461945,1.0,-1.0
66,23,3.0,4.0,702,249,453,-2.630114429059878,-2.7685410890958457,True,0.1384266600359676,-2.7444953470604605,-2.7156465187180343,-2.838187514715623,-2.7390214847481484,-2.695038921305821,0.1089070556882703,5.0,1.0
66,24,4.0,5.0,703,320,383,-2.642227878323155,-2.7685410890958457,True,0.12631321077269053,-2.7444953470604605,-2.7156465187180343,-2.838187514715623,-2.7390214847481484,-2.695038921305821,0.09679360642499324,5.0,1.0
66,25,5.0,6.0,702,228,474,-2.6932761679644543,-2.7685410890958457,True,0.07526492113139138,-2.7444953470604605,-2.7156465187180343,-2.838187514715623,-2.7390214847481484,-2.695038921305821,0.04574531678369409,5.0,1.0
66,26,6.0,7.0,703,5,698,-4.002760805939549,-2.7685410890958457,True,-1.2342197168437035,-2.7444953470604605,-2.7156465187180343,-2.838187514715623,-2.7390214847481484,-2.695038921305821,-1.2637393211914008,1.0,-1.0
66,27,7.0,8.0,703,209,494,-2.73136506924844,-2.7685410890958457,True,0.037176019847405595,-2.7444953470604605,-2.7156465187180343,-2.838187514715623,-2.7390214847481484,-2.695038921305821,0.007656415499708302,3.0,0.0
66,28,8.0,9.0,702,144,558,-2.658029979196679,-2.7685410890958457,True,0.1105111098991669,-2.7444953470604605,-2.7156465187180343,-2.838187514715623,-2.7390214847481484,-2.695038921305821,0.08099150555146961,5.0,1.0
66,29,9.0,10.0,703,177,526,-2.8516042010135703,-2.7685410890958457,True,-0.08306311191772453,-2.7444953470604605,-2.7156465187180343,-2.838187514715623,-2.7390214847481484,-2.695038921305821,-0.11258271626542182,1.0,-1.0
66,30,10.0,11.0,702,214,488,-2.854660888070644,-2.7685410890958457,True,-0.08611979897479838,-2.7444953470604605,-2.7156465187180343,-2.838187514715623,-2.7390214847481484,-2.695038921305821,-0.11563940332249567,1.0,-1.0
66,31,11.0,12.0,703,160,543,-2.782661121588199,-2.7685410890958457,True,-0.014120032492353385,-2.7444953470604605,-2.7156465187180343,-2.838187514715623,-2.7390214847481484,-2.695038921305821,-0.04363963684005068,2.0,-0.5
66,32,12.0,13.0,702,296,406,-2.745783869111905,-2.7685410890958457,True,0.022757219983940757,-2.7444953470604605,-2.7156465187180343,-2.838187514715623,-2.7390214847481484,-2.695038921305821,-0.006762384363756535,2.0,-0.5
66,33,13.0,14.0,703,0,703,,-2.7685410890958457,True,,-2.7444953470604605,-2.7156465187180343,-2.838187514715623,-2.7390214847481484,-2.695038921305821,,,
66,34,14.0,15.0,703,8,695,-3.3586735772135876,-2.7685410890958457,True,-0.5901324881177419,-2.7444953470604605,-2.7156465187180343,-2.838187514715623,-2.7390214847481484,-2.695038921305821,-0.6196520924654396,1.0,-1.0
66,35,15.0,16.0,702,366,336,-2.752147510001564,-2.7685410890958457,True,0.01639357909428174,-2.7444953470604605,-2.7156465187180343,-2.838187514715623,-2.7390214847481484,-2.695038921305821,-0.013126025253415552,2.0,-0.5
66,36,16.0,17.0,703,251,452,-2.775952890581032,-2.7685410890958457,True,-0.007411801485186054,-2.7444953470604605,-2.7156465187180343,-2.838187514715623,-2.7390214847481484,-2.695038921305821,-0.036931405832883346,2.0,-0.5
66,37,17.0,18.0,702,205,497,-2.7819800851597964,-2.7685410890958457,True,-0.013438996063950714,-2.7444953470604605,-2.7156465187180343,-2.838187514715623,-2.7390214847481484,-2.695038921305821,-0.04295860041164801,2.0,-0.5
66,38,18.0,19.0,703,202,501,-2.8950785136197763,-2.7685410890958457,True,-0.12653742452393058,-2.7444953470604605,-2.7156465187180343,-2.838187514715623,-2.7390214847481484,-2.695038921305821,-0.15605702887162787,1.0,-1.0
66,39,19.0,20.0,702,0,702,,-2.7685410890958457,True,,-2.7444953470604605,-2.7156465187180343,-2.838187514715623,-2.7390214847481484,-2.695038921305821,,,
67,0,-20.0,-19.0,703,187,516,-2.7609209389494085,-2.7395431871525964,True,-0.021377751796812117,-2.6841500353223493,-2.682722950199202,-2.743994975144185,-2.683302951827197,-2.6331036468575233,-0.07761798712221157,1.0,-1.0
67,1,-19.0,-18.0,703,294,409,-2.7046814409639546,-2.7395431871525964,True,0.034861746188641796,-2.6841500353223493,-2.682722950199202,-2.743994975144185,-2.683302951827197,-2.6331036468575233,-0.02137848913675766,2.0,-0.5
67,2,-18.0,-17.0,702,242,460,-2.6824743780729188,-2.7395431871525964,True,0.057068809079677596,-2.6841500353223493,-2.682722950199202,-2.743994975144185,-2.683302951827197,-2.6331036468575233,0.0008285737542781391,4.0,0.5
67,3,-17.0,-16.0,703,284,419,-2.644121637982304,-2.7395431871525964,True,0.09542154917029233,-2.6841500353223493,-2.682722950199202,-2.743994975144185,-2.683302951827197,-2.6331036468575233,0.03918131384489287,4.0,0.5
67,4,-16.0,-15.0,702,79,623,-3.1086450837139794,-2.7395431871525964,True,-0.36910189656138304,-2.6841500353223493,-2.682722950199202,-2.743994975144185,-2.683302951827197,-2.6331036468575233,-0.4253421318867825,1.0,-1.0
67,5,-15.0,-14.0,703,294,409,-2.6083070526532586,-2.7395431871525964,True,0.1312361344993378,-2.6841500353223493,-2.682722950199202,-2.743994975144185,-2.683302951827197,-2.6331036468575233,0.07499589917393834,5.0,1.0
67,6,-14.0,-13.0,702,175,527,-2.6813853658751556,-2.7395431871525964,True,0.058157821277440735,-2.6841500353223493,-2.682722950199202,-2.743994975144185,-2.683302951827197,-2.6331036468575233,0.0019175859520408345,4.0,0.5
67,7,-13.0,-12.0,703,0,703,,-2.7395431871525964,True,,-2.6841500353223493,-2.682722950199202,-2.743994975144185,-2.683302951827197,-2.6331036468575233,,,
67,8,-12.0,-11.0,703,469,234,-2.7270690113389615,-2.7395431871525964,True,0.012474175813634858,-2.6841500353223493,-2.682722950199202,-2.743994975144185,-2.683302951827197,-2.6331036468575233,-0.043766059511764155,2.0,-0.5
67,9,-11.0,-10.0,702,0,702,,-2.7395431871525964,True,,-2.6841500353223493,-2.682722950199202,-2.743994975144185,-2.683302951827197,-2.6331036468575233,,,
67,10,-10.0,-9.0,703,553,150,-2.622085655732742,-2.7395431871525964,True,0.11745753141985427,-2.6841500353223493,-2.682722950199202,-2.743994975144185,-2.683302951827197,-2.6331036468575233,0.06121729609445481,5.0,1.0
67,11,-9.0,-8.0,702,409,293,-2.562635292913008,-2.7395431871525964,True,0.17690789423958853,-2.6841500353223493,-2.682722950199202,-2.743994975144185,-2.683302951827197,-2.6331036468575233,0.12066765891418907,5.0,1.0
67,12,-8.0,-7.0,703,0,703,,-2.7395431871525964,True,,-2.6841500353223493,-2.682722950199202,-2.743994975144185,-2.683302951827197,-2.6331036468575233,,,
67,13,-7.0,-6.0,702,0,702,,-2.7395431871525964,True,,-2.6841500353223493,-2.682722950199202,-2.743994975144185,-2.683302951827197,-2.6331036468575233,,,
67,14,-6.0,-5.0,703,427,276,-2.621695651505466,-2.7395431871525964,True,0.11784753564713046,-2.6841500353223493,-2.682722950199202,-2.743994975144185,-2.683302951827197,-2.6331036468575233,0.06160730032173101,5.0,1.0
67,15,-5.0,-4.0,703,15,688,-3.22995069617884,-2.7395431871525964,True,-0.49040750902624364,-2.6841500353223493,-2.682722950199202,-2.743994975144185,-2.683302951827197,-2.6331036468575233,-0.5466477443516431,1.0,-1.0
67,16,-4.0,-3.0,702,0,702,,-2.7395431871525964,True,,-2.6841500353223493,-2.682722950199202,-2.743994975144185,-2.683302951827197,-2.6331036468575233,,,
67,17,-3.0,-2.0,703,320,383,-2.683302951827197,-2.7395431871525964,True,0.05624023532539946,-2.6841500353223493,-2.682722950199202,-2.743994975144185,-2.683302951827197,-2.6331036468575233,0.0,3.0,0.0
67,18,-2.0,-1.0,702,108,594,-2.684513071105986,-2.7395431871525964,True,0.055030116046610456,-2.6841500353223493,-2.682722950199202,-2.743994975144185,-2.683302951827197,-2.6331036468575233,-0.0012101192787890014,2.0,-0.5
67,19,-1.0,0.0,703,457,246,-2.771359578475764,-2.7395431871525964,True,-0.031816391323167714,-2.6841500353223493,-2.682722950199202,-2.743994975144185,-2.683302951827197,-2.6331036468575233,-0.08805662664856717,1.0,-1.0
67,20,0.0,1.0,702,78,624,-2.7602808529615355,-2.7395431871525964,True,-0.0207376658089391,-2.6841500353223493,-2.682722950199202,-2.743994975144185,-2.683302951827197,-2.6331036468575233,-0.07697790113433856,1.0,-1.0
67,21,1.0,2.0,703,283,420,-2.8262557207317434,-2.7395431871525964,True,-0.08671253357914699,-2.6841500353223493,-2.682722950199202,-2.743994975144185,-2.683302951827197,-2.6331036468575233,-0.1429527689045469,1.0,-1.0
67,22,2.0,3.0,703,338,365,-2.722423053109504,-2.7395431871525964,True,0.017120134043092428,-2.6841500353223493,-2.682722950199202,-2.743994975144185,-2.683302951827197,-2.6331036468575233,-0.03912010128230703,2.0,-0.5
67,23,3.0,4.0,702,0,702,,-2.7395431871525964,True,,-2.6841500353223493,-2.682722950199202,-2.743994975144185,-2.683302951827197,-2.6331036468575233,,,
67,24,4.0,5.0,703,208,495,-2.812979578985083,-2.7395431871525964,True,-0.07343639183248651,-2.6841500353223493,-2.682722950199202,-2.743994975144185,-2.683302951827197,-2.6331036468575233,-0.12967662715788597,1.0,-1.0
67,25,5.0,6.0,702,344,358,-2.8175787322458588,-2.7395431871525964,True,-0.07803554509326238,-2.6841500353223493,-2.682722950199202,-2.743994975144185,-2.683302951827197,-2.6331036468575233,-0.13427578041866184,1.0,-1.0
67,26,6.0,7.0,703,0,703,,-2.7395431871525964,True,,-2.6841500353223493,-2.682722950199202,-2.743994975144185,-2.683302951827197,-2.6331036468575233,,,
67,27,7.0,8.0,702,276,426,-2.7658456267565774,-2.7395431871525964,True,-0.026302439603981043,-2.6841500353223493,-2.682722950199202,-2.743994975144185,-2.683302951827197,-2.6331036468575233,-0.0825426749293805,1.0,-1.0
67,28,8.0,9.0,703,114,589,-2.6851368048867714,-2.7395431871525964,True,0.05440638226582495,-2.6841500353223493,-2.682722950199202,-2.743994975144185,-2.683302951827197,-2.6331036468575233,-0.0018338530595745084,2.0,-0.5
67,29,9.0,10.0,703,291,412,-2.8043352948147637,-2.7395431871525964,True,-0.06479210766216736,-2.6841500353223493,-2.682722950199202,-2.743994975144185,-2.683302951827197,-2.6331036468575233,-0.12103234298756727,1.0,-1.0
67,30,10.0,11.0,702,186,516,-2.6519905701598283,-2.7395431871525964,True,0.08755261699276806,-2.6841500353223493,-2.682722950199202,-2.743994975144185,-2.683302951827197,-2.6331036468575233,0.031312381667368605,4.0,0.5
67,31,11.0,12.0,703,0,703,,-2.7395431871525964,True,,-2.6841500353223493,-2.682722950199202,-2.743994975144185,-2.683302951827197,-2.6331036468575233,,,
67,32,12.0,13.0,702,0,702,,-2.7395431871525964,True,,-2.6841500353223493,-2.682722950199202,-2.743994975144185,-2.683302951827197,-2.6331036468575233,,,
67,33,13.0,14.0,703,168,535,-2.80600552436868,-2.7395431871525964,True,-0.06646233721608352,-2.6841500353223493,-2.682722950199202,-2.743994975144185,-2.683302951827197,-2.6331036468575233,-0.12270257254148298,1.0,-1.0
67,34,14.0,15.0,702,0,702,,-2.7395431871525964,True,,-2.6841500353223493,-2.682722950199202,-2.743994975144185,-2.683302951827197,-2.6331036468575233,,,
67,35,15.0,16.0,703,196,507,-2.9037241107409177,-2.7395431871525964,True,-0.16418092358832137,-2.6841500353223493,-2.682722950199202,-2.743994975144185,-2.683302951827197,-2.6331036468575233,-0.22042115891372083,1.0,-1.0
67,36,16.0,17.0,703,236,467,-2.8618122609618313,-2.7395431871525964,True,-0.12226907380923491,-2.6841500353223493,-2.682722950199202,-2.743994975144185,-2.683302951827197,-2.6331036468575233,-0.1785093091346348,1.0,-1.0
67,37,17.0,18.0,702,126,576,-2.7719815162855808,-2.7395431871525964,True,-0.03243832913298439,-2.6841500353223493,-2.682722950199202,-2.743994975144185,-2.683302951827197,-2.6331036468575233,-0.08867856445838385,1.0,-1.0
67,38,18.0,19.0,703,100,603,-2.9647061945269333,-2.7395431871525964,True,-0.22516300737433692,-2.6841500353223493,-2.682722950199202,-2.743994975144185,-2.683302951827197,-2.6331036468575233,-0.2814032426997364,1.0,-1.0
67,39,19.0,20.0,702,161,541,-2.7775102616594163,-2.7395431871525964,True,-0.03796707450681991,-2.6841500353223493,-2.682722950199202,-2.743994975144185,-2.683302951827197,-2.6331036468575233,-0.09420730983221937,1.0,-1.0
68,0,-20.0,-19.0,702,0,702,,-2.8703944171637423,True,,-2.8808779459956373,-2.8685848111866346,-2.909932668523836,-2.8792188852695397,-2.8374266856701684,,,
68,1,-19.0,-18.0,703,209,494,-2.883366537084784,-2.8703944171637423,True,-0.012972119921041525,-2.8808779459956373,-2.8685848111866346,-2.909932668523836,-2.8792188852695397,-2.8374266856701684,-0.004147651815244124,2.0,-0.5
68,2,-18.0,-17.0,703,99,604,-2.8038945784316587,-2.8703944171637423,True,0.06649983873208365,-2.8808779459956373,-2.8685848111866346,-2.909932668523836,-2.8792188852695397,-2.8374266856701684,0.07532430683788105,5.0,1.0
68,3,-17.0,-16.0,702,71,631,-2.917757860390223,-2.8703944171637423,True,-0.04736344322648067,-2.8808779459956373,-2.8685848111866346,-2.909932668523836,-2.8792188852695397,-2.8374266856701684,-0.03853897512068327,1.0,-1.0
68,4,-16.0,-15.0,703,234,469,-2.8303641667483594,-2.8703944171637423,True,0.040030250415382884,-2.8808779459956373,-2.8685848111866346,-2.909932668523836,-2.8792188852695397,-2.8374266856701684,0.048854718521180285,5.0,1.0
68,5,-15.0,-14.0,702,206,496,-2.8374266856701684,-2.8703944171637423,True,0.032967731493573904,-2.8808779459956373,-2.8685848111866346,-2.909932668523836,-2.8792188852695397,-2.8374266856701684,0.041792199599371305,5.0,1.0
68,6,-14.0,-13.0,703,162,541,-2.8792188852695393,-2.8703944171637423,True,-0.008824468105796957,-2.8808779459956373,-2.8685848111866346,-2.909932668523836,-2.8792188852695397,-2.8374266856701684,0.0,3.0,0.0
68,7,-13.0,-12.0,702,201,501,-2.9189546722928363,-2.8703944171637423,True,-0.04856025512909401,-2.8808779459956373,-2.8685848111866346,-2.909932668523836,-2.8792188852695397,-2.8374266856701684,-0.03973578702329661,1.0,-1.0
68,8,-12.0,-11.0,703,0,703,,-2.8703944171637423,True,,-2.8808779459956373,-2.8685848111866346,-2.909932668523836,-2.8792188852695397,-2.8374266856701684,,,
68,9,-11.0,-10.0,703,175,528,-2.852633700062277,-2.8703944171637423,True,0.017760717101465318,-2.8808779459956373,-2.8685848111866346,-2.909932668523836,-2.8792188852695397,-2.8374266856701684,0.026585185207262718,4.0,0.5
68,10,-10.0,-9.0,702,313,389,-2.9099326685238354,-2.8703944171637423,True,-0.039538251360093035,-2.8808779459956373,-2.8685848111866346,-2.909932668523836,-2.8792188852695397,-2.8374266856701684,-0.03071378325429608,2.0,-0.5
68,11,-9.0,-8.0,703,0,703,,-2.8703944171637423,True,,-2.8808779459956373,-2.8685848111866346,-2.909932668523836,-2.8792188852695397,-2.8374266856701684,,,
68,12,-8.0,-7.0,702,0,702,,-2.8703944171637423,True,,-2.8808779459956373,-2.8685848111866346,-2.909932668523836,-2.8792188852695397,-2.8374266856701684,,,
68,13,-7.0,-6.0,703,0,703,,-2.8703944171637423,True,,-2.8808779459956373,-2.8685848111866346,-2.909932668523836,-2.8792188852695397,-2.8374266856701684,,,
68,14,-6.0,-5.0,702,0,702,,-2.8703944171637423,True,,-2.8808779459956373,-2.8685848111866346,-2.909932668523836,-2.8792188852695397,-2.8374266856701684,,,
68,15,-5.0,-4.0,703,0,703,,-2.8703944171637423,True,,-2.8808779459956373,-2.8685848111866346,-2.909932668523836,-2.8792188852695397,-2.8374266856701684,,,
68,16,-4.0,-3.0,703,0,703,,-2.8703944171637423,True,,-2.8808779459956373,-2.8685848111866346,-2.909932668523836,-2.8792188852695397,-2.8374266856701684,,,
68,17,-3.0,-2.0,702,0,702,,-2.8703944171637423,True,,-2.8808779459956373,-2.8685848111866346,-2.909932668523836,-2.8792188852695397,-2.8374266856701684,,,
68,18,-2.0,-1.0,703,0,703,,-2.8703944171637423,True,,-2.8808779459956373,-2.8685848111866346,-2.909932668523836,-2.8792188852695397,-2.8374266856701684,,,
68,19,-1.0,0.0,702,0,702,,-2.8703944171637423,True,,-2.8808779459956373,-2.8685848111866346,-2.909932668523836,-2.8792188852695397,-2.8374266856701684,,,
68,20,0.0,1.0,703,0,703,,-2.8703944171637423,True,,-2.8808779459956373,-2.8685848111866346,-2.909932668523836,-2.8792188852695397,-2.8374266856701684,,,
68,21,1.0,2.0,702,175,527,-2.8674697317906253,-2.8703944171637423,True,0.002924685373117075,-2.8808779459956373,-2.8685848111866346,-2.909932668523836,-2.8792188852695397,-2.8374266856701684,0.011749153478914476,4.0,0.5
68,22,2.0,3.0,703,283,420,-2.7988653267471553,-2.8703944171637423,True,0.07152909041658706,-2.8808779459956373,-2.8685848111866346,-2.909932668523836,-2.8792188852695397,-2.8374266856701684,0.08035355852238402,5.0,1.0
68,23,3.0,4.0,703,214,489,-2.6947096411902547,-2.8703944171637423,True,0.17568477597348764,-2.8808779459956373,-2.8685848111866346,-2.909932668523836,-2.8792188852695397,-2.8374266856701684,0.18450924407928504,5.0,1.0
68,24,4.0,5.0,702,213,489,-2.6912181681351406,-2.8703944171637423,True,0.17917624902860174,-2.8808779459956373,-2.8685848111866346,-2.909932668523836,-2.8792188852695397,-2.8374266856701684,0.18800071713439914,5.0,1.0
68,25,5.0,6.0,703,202,501,-2.6672516810549163,-2.8703944171637423,True,0.20314273610882605,-2.8808779459956373,-2.8685848111866346,-2.909932668523836,-2.8792188852695397,-2.8374266856701684,0.21196720421462345,5.0,1.0
68,26,6.0,7.0,702,204,498,-2.7305078074730202,-2.8703944171637423,True,0.13988660969072209,-2.8808779459956373,-2.8685848111866346,-2.909932668523836,-2.8792188852695397,-2.8374266856701684,0.14871107779651993,5.0,1.0
68,27,7.0,8.0,703,27,676,-3.46115060015887,-2.8703944171637423,True,-0.5907561829951278,-2.8808779459956373,-2.8685848111866346,-2.909932668523836,-2.8792188852695397,-2.8374266856701684,-0.5819317148893304,1.0,-1.0
68,28,8.0,9.0,702,241,461,-2.7303091680843488,-2.8703944171637423,True,0.14008524907939357,-2.8808779459956373,-2.8685848111866346,-2.909932668523836,-2.8792188852695397,-2.8374266856701684,0.14890971718519097,5.0,1.0
68,29,9.0,10.0,703,182,521,-2.8156806613033116,-2.8703944171637423,True,0.0547137558604307,-2.8808779459956373,-2.8685848111866346,-2.909932668523836,-2.8792188852695397,-2.8374266856701684,0.06353822396622766,5.0,1.0
68,30,10.0,11.0,703,0,703,,-2.8703944171637423,True,,-2.8808779459956373,-2.8685848111866346,-2.909932668523836,-2.8792188852695397,-2.8374266856701684,,,
68,31,11.0,12.0,702,272,430,-2.742210929710404,-2.8703944171637423,True,0.12818348745333852,-2.8808779459956373,-2.8685848111866346,-2.909932668523836,-2.8792188852695397,-2.8374266856701684,0.13700795555913592,5.0,1.0
68,32,12.0,13.0,703,153,550,-2.922744541355264,-2.8703944171637423,True,-0.05235012419152163,-2.8808779459956373,-2.8685848111866346,-2.909932668523836,-2.8792188852695397,-2.8374266856701684,-0.04352565608572423,1.0,-1.0
68,33,13.0,14.0,702,101,601,-2.6431167438409275,-2.8703944171637423,True,0.2272776733228148,-2.8808779459956373,-2.8685848111866346,-2.909932668523836,-2.8792188852695397,-2.8374266856701684,0.2361021414286122,5.0,1.0
68,34,14.0,15.0,703,274,429,-2.750020717526214,-2.8703944171637423,True,0.1203736996375282,-2.8808779459956373,-2.8685848111866346,-2.909932668523836,-2.8792188852695397,-2.8374266856701684,0.1291981677433256,5.0,1.0
68,35,15.0,16.0,702,206,496,-2.7277131413596223,-2.8703944171637423,True,0.14268127580412004,-2.8808779459956373,-2.8685848111866346,-2.909932668523836,-2.8792188852695397,-2.8374266856701684,0.15150574390991745,5.0,1.0
68,36,16.0,17.0,703,259,444,-2.7725464349067663,-2.8703944171637423,True,0.097847982256976,-2.8808779459956373,-2.8685848111866346,-2.909932668523836,-2.8792188852695397,-2.8374266856701684,0.1066724503627734,5.0,1.0
68,37,17.0,18.0,703,0,703,,-2.8703944171637423,True,,-2.8808779459956373,-2.8685848111866346,-2.909932668523836,-2.8792188852695397,-2.8374266856701684,,,
68,38,18.0,19.0,702,152,550,-2.7119707095992514,-2.8703944171637423,True,0.15842370756449098,-2.8808779459956373,-2.8685848111866346,-2.909932668523836,-2.8792188852695397,-2.8374266856701684,0.16724817567028794,5.0,1.0
68,39,19.0,20.0,703,242,461,-2.8425431987405583,-2.8703944171637423,True,0.027851218423184054,-2.8808779459956373,-2.8685848111866346,-2.909932668523836,-2.8792188852695397,-2.8374266856701684,0.036675686528981455,4.0,0.5
69,0,-20.0,-19.0,702,0,702,,-2.9707712153512422,True,,-2.879978476590133,-2.861317288738204,-3.012193908215993,-2.8706478826641684,-2.829225189799418,,,
69,1,-19.0,-18.0,703,0,703,,-2.9707712153512422,True,,-2.879978476590133,-2.861317288738204,-3.012193908215993,-2.8706478826641684,-2.829225189799418,,,
69,2,-18.0,-17.0,702,0,702,,-2.9707712153512422,True,,-2.879978476590133,-2.861317288738204,-3.012193908215993,-2.8706478826641684,-2.829225189799418,,,
69,3,-17.0,-16.0,703,0,703,,-2.9707712153512422,True,,-2.879978476590133,-2.861317288738204,-3.012193908215993,-2.8706478826641684,-2.829225189799418,,,
69,4,-16.0,-15.0,703,152,551,-2.901749862417384,-2.9707712153512422,True,0.06902135293385836,-2.879978476590133,-2.861317288738204,-3.012193908215993,-2.8706478826641684,-2.829225189799418,-0.031101979753215492,2.0,-0.5
69,5,-15.0,-14.0,702,230,472,-2.8395459029109533,-2.9707712153512422,True,0.1312253124402889,-2.879978476590133,-2.861317288738204,-3.012193908215993,-2.8706478826641684,-2.829225189799418,0.031101979753215048,4.0,0.5
69,6,-14.0,-13.0,703,0,703,,-2.9707712153512422,True,,-2.879978476590133,-2.861317288738204,-3.012193908215993,-2.8706478826641684,-2.829225189799418,,,
69,7,-13.0,-12.0,702,0,702,,-2.9707712153512422,True,,-2.879978476590133,-2.861317288738204,-3.012193908215993,-2.8706478826641684,-2.829225189799418,,,
69,8,-12.0,-11.0,703,0,703,,-2.9707712153512422,True,,-2.879978476590133,-2.861317288738204,-3.012193908215993,-2.8706478826641684,-2.829225189799418,,,
69,9,-11.0,-10.0,702,0,702,,-2.9707712153512422,True,,-2.879978476590133,-2.861317288738204,-3.012193908215993,-2.8706478826641684,-2.829225189799418,,,
69,10,-10.0,-9.0,703,0,703,,-2.9707712153512422,True,,-2.879978476590133,-2.861317288738204,-3.012193908215993,-2.8706478826641684,-2.829225189799418,,,
69,11,-9.0,-8.0,703,71,632,-3.3435260456118203,-2.9707712153512422,True,-0.3727548302605781,-2.879978476590133,-2.861317288738204,-3.012193908215993,-2.8706478826641684,-2.829225189799418,-0.47287816294765195,1.0,-1.0
69,12,-8.0,-7.0,702,353,349,-2.7982630504648114,-2.9707712153512422,True,0.17250816488643084,-2.879978476590133,-2.861317288738204,-3.012193908215993,-2.8706478826641684,-2.829225189799418,0.07238483219935699,5.0,1.0
69,13,-7.0,-6.0,703,0,703,,-2.9707712153512422,True,,-2.879978476590133,-2.861317288738204,-3.012193908215993,-2.8706478826641684,-2.829225189799418,,,
69,14,-6.0,-5.0,702,0,702,,-2.9707712153512422,True,,-2.879978476590133,-2.861317288738204,-3.012193908215993,-2.8706478826641684,-2.829225189799418,,,
69,15,-5.0,-4.0,703,0,703,,-2.9707712153512422,True,,-2.879978476590133,-2.861317288738204,-3.012193908215993,-2.8706478826641684,-2.829225189799418,,,
69,16,-4.0,-3.0,702,0,702,,-2.9707712153512422,True,,-2.879978476590133,-2.861317288738204,-3.012193908215993,-2.8706478826641684,-2.829225189799418,,,
69,17,-3.0,-2.0,703,0,703,,-2.9707712153512422,True,,-2.879978476590133,-2.861317288738204,-3.012193908215993,-2.8706478826641684,-2.829225189799418,,,
69,18,-2.0,-1.0,703,0,703,,-2.9707712153512422,True,,-2.879978476590133,-2.861317288738204,-3.012193908215993,-2.8706478826641684,-2.829225189799418,,,
69,19,-1.0,0.0,702,0,702,,-2.9707712153512422,True,,-2.879978476590133,-2.861317288738204,-3.012193908215993,-2.8706478826641684,-2.829225189799418,,,
69,20,0.0,1.0,703,0,703,,-2.9707712153512422,True,,-2.879978476590133,-2.861317288738204,-3.012193908215993,-2.8706478826641684,-2.829225189799418,,,
69,21,1.0,2.0,702,0,702,,-2.9707712153512422,True,,-2.879978476590133,-2.861317288738204,-3.012193908215993,-2.8706478826641684,-2.829225189799418,,,
69,22,2.0,3.0,703,0,703,,-2.9707712153512422,True,,-2.879978476590133,-2.861317288738204,-3.012193908215993,-2.8706478826641684,-2.829225189799418,,,
69,23,3.0,4.0,702,0,702,,-2.9707712153512422,True,,-2.879978476590133,-2.861317288738204,-3.012193908215993,-2.8706478826641684,-2.829225189799418,,,
69,24,4.0,5.0,703,0,703,,-2.9707712153512422,True,,-2.879978476590133,-2.861317288738204,-3.012193908215993,-2.8706478826641684,-2.829225189799418,,,
69,25,5.0,6.0,703,119,584,-2.817815368374676,-2.9707712153512422,True,0.15295584697656617,-2.879978476590133,-2.861317288738204,-3.012193908215993,-2.8706478826641684,-2.829225189799418,0.052832514289492316,5.0,1.0
69,26,6.0,7.0,702,0,702,,-2.9707712153512422,True,,-2.879978476590133,-2.861317288738204,-3.012193908215993,-2.8706478826641684,-2.829225189799418,,,
69,27,7.0,8.0,703,0,703,,-2.9707712153512422,True,,-2.879978476590133,-2.861317288738204,-3.012193908215993,-2.8706478826641684,-2.829225189799418,,,
69,28,8.0,9.0,702,0,702,,-2.9707712153512422,True,,-2.879978476590133,-2.861317288738204,-3.012193908215993,-2.8706478826641684,-2.829225189799418,,,
69,29,9.0,10.0,703,0,703,,-2.9707712153512422,True,,-2.879978476590133,-2.861317288738204,-3.012193908215993,-2.8706478826641684,-2.829225189799418,,,
69,30,10.0,11.0,702,132,570,-2.7661806039343837,-2.9707712153512422,True,0.20459061141685853,-2.879978476590133,-2.861317288738204,-3.012193908215993,-2.8706478826641684,-2.829225189799418,0.10446727872978423,5.0,1.0
69,31,11.0,12.0,703,0,703,,-2.9707712153512422,True,,-2.879978476590133,-2.861317288738204,-3.012193908215993,-2.8706478826641684,-2.829225189799418,,,
69,32,12.0,13.0,703,0,703,,-2.9707712153512422,True,,-2.879978476590133,-2.861317288738204,-3.012193908215993,-2.8706478826641684,-2.829225189799418,,,
69,33,13.0,14.0,702,0,702,,-2.9707712153512422,True,,-2.879978476590133,-2.861317288738204,-3.012193908215993,-2.8706478826641684,-2.829225189799418,,,
69,34,14.0,15.0,703,0,703,,-2.9707712153512422,True,,-2.879978476590133,-2.861317288738204,-3.012193908215993,-2.8706478826641684,-2.829225189799418,,,
69,35,15.0,16.0,702,0,702,,-2.9707712153512422,True,,-2.879978476590133,-2.861317288738204,-3.012193908215993,-2.8706478826641684,-2.829225189799418,,,
69,36,16.0,17.0,703,0,703,,-2.9707712153512422,True,,-2.879978476590133,-2.861317288738204,-3.012193908215993,-2.8706478826641684,-2.829225189799418,,,
69,37,17.0,18.0,702,0,702,,-2.9707712153512422,True,,-2.879978476590133,-2.861317288738204,-3.012193908215993,-2.8706478826641684,-2.829225189799418,,,
69,38,18.0,19.0,703,0,703,,-2.9707712153512422,True,,-2.879978476590133,-2.861317288738204,-3.012193908215993,-2.8706478826641684,-2.829225189799418,,,
69,39,19.0,20.0,703,0,703,,-2.9707712153512422,True,,-2.879978476590133,-2.861317288738204,-3.012193908215993,-2.8706478826641684,-2.829225189799418,,,
70,0,-20.0,-19.0,702,0,702,,-3.185020749168041,True,,-3.1425500283648455,-3.122446383300596,-3.219832054965334,-3.1232295217147232,-3.1193138296440894,,,
70,1,-19.0,-18.0,703,0,703,,-3.185020749168041,True,,-3.1425500283648455,-3.122446383300596,-3.219832054965334,-3.1232295217147232,-3.1193138296440894,,,
70,2,-18.0,-17.0,702,0,702,,-3.185020749168041,True,,-3.1425500283648455,-3.122446383300596,-3.219832054965334,-3.1232295217147232,-3.1193138296440894,,,
70,3,-17.0,-16.0,703,0,703,,-3.185020749168041,True,,-3.1425500283648455,-3.122446383300596,-3.219832054965334,-3.1232295217147232,-3.1193138296440894,,,
70,4,-16.0,-15.0,703,0,703,,-3.185020749168041,True,,-3.1425500283648455,-3.122446383300596,-3.219832054965334,-3.1232295217147232,-3.1193138296440894,,,
70,5,-15.0,-14.0,702,86,616,-3.316434588215945,-3.185020749168041,True,-0.13141383904790382,-3.1425500283648455,-3.122446383300596,-3.219832054965334,-3.1232295217147232,-3.1193138296440894,-0.1932050665012217,1.0,-1.0
70,6,-14.0,-13.0,703,0,703,,-3.185020749168041,True,,-3.1425500283648455,-3.122446383300596,-3.219832054965334,-3.1232295217147232,-3.1193138296440894,,,
70,7,-13.0,-12.0,702,0,702,,-3.185020749168041,True,,-3.1425500283648455,-3.122446383300596,-3.219832054965334,-3.1232295217147232,-3.1193138296440894,,,
70,8,-12.0,-11.0,703,0,703,,-3.185020749168041,True,,-3.1425500283648455,-3.122446383300596,-3.219832054965334,-3.1232295217147232,-3.1193138296440894,,,
70,9,-11.0,-10.0,702,0,702,,-3.185020749168041,True,,-3.1425500283648455,-3.122446383300596,-3.219832054965334,-3.1232295217147232,-3.1193138296440894,,,
70,10,-10.0,-9.0,703,0,703,,-3.185020749168041,True,,-3.1425500283648455,-3.122446383300596,-3.219832054965334,-3.1232295217147232,-3.1193138296440894,,,
70,11,-9.0,-8.0,703,0,703,,-3.185020749168041,True,,-3.1425500283648455,-3.122446383300596,-3.219832054965334,-3.1232295217147232,-3.1193138296440894,,,
70,12,-8.0,-7.0,702,0,702,,-3.185020749168041,True,,-3.1425500283648455,-3.122446383300596,-3.219832054965334,-3.1232295217147232,-3.1193138296440894,,,
70,13,-7.0,-6.0,703,0,703,,-3.185020749168041,True,,-3.1425500283648455,-3.122446383300596,-3.219832054965334,-3.1232295217147232,-3.1193138296440894,,,
70,14,-6.0,-5.0,702,214,488,-3.115398137573455,-3.185020749168041,True,0.06962261159458594,-3.1425500283648455,-3.122446383300596,-3.219832054965334,-3.1232295217147232,-3.1193138296440894,0.00783138414126805,5.0,1.0
70,15,-5.0,-4.0,703,190,513,-3.1232295217147232,-3.185020749168041,True,0.06179122745331789,-3.1425500283648455,-3.122446383300596,-3.219832054965334,-3.1232295217147232,-3.1193138296440894,0.0,3.0,0.0
70,16,-4.0,-3.0,702,0,702,,-3.185020749168041,True,,-3.1425500283648455,-3.122446383300596,-3.219832054965334,-3.1232295217147232,-3.1193138296440894,,,
70,17,-3.0,-2.0,703,0,703,,-3.185020749168041,True,,-3.1425500283648455,-3.122446383300596,-3.219832054965334,-3.1232295217147232,-3.1193138296440894,,,
70,18,-2.0,-1.0,703,0,703,,-3.185020749168041,True,,-3.1425500283648455,-3.122446383300596,-3.219832054965334,-3.1232295217147232,-3.1193138296440894,,,
70,19,-1.0,0.0,702,0,702,,-3.185020749168041,True,,-3.1425500283648455,-3.122446383300596,-3.219832054965334,-3.1232295217147232,-3.1193138296440894,,,
70,20,0.0,1.0,703,0,703,,-3.185020749168041,True,,-3.1425500283648455,-3.122446383300596,-3.219832054965334,-3.1232295217147232,-3.1193138296440894,,,
70,21,1.0,2.0,702,0,702,,-3.185020749168041,True,,-3.1425500283648455,-3.122446383300596,-3.219832054965334,-3.1232295217147232,-3.1193138296440894,,,
70,22,2.0,3.0,703,0,703,,-3.185020749168041,True,,-3.1425500283648455,-3.122446383300596,-3.219832054965334,-3.1232295217147232,-3.1193138296440894,,,
70,23,3.0,4.0,702,0,702,,-3.185020749168041,True,,-3.1425500283648455,-3.122446383300596,-3.219832054965334,-3.1232295217147232,-3.1193138296440894,,,
70,24,4.0,5.0,703,0,703,,-3.185020749168041,True,,-3.1425500283648455,-3.122446383300596,-3.219832054965334,-3.1232295217147232,-3.1193138296440894,,,
70,25,5.0,6.0,703,0,703,,-3.185020749168041,True,,-3.1425500283648455,-3.122446383300596,-3.219832054965334,-3.1232295217147232,-3.1193138296440894,,,
70,26,6.0,7.0,702,0,702,,-3.185020749168041,True,,-3.1425500283648455,-3.122446383300596,-3.219832054965334,-3.1232295217147232,-3.1193138296440894,,,
70,27,7.0,8.0,703,0,703,,-3.185020749168041,True,,-3.1425500283648455,-3.122446383300596,-3.219832054965334,-3.1232295217147232,-3.1193138296440894,,,
70,28,8.0,9.0,702,157,545,-2.8221192497677965,-3.185020749168041,True,0.36290149940024463,-3.1425500283648455,-3.122446383300596,-3.219832054965334,-3.1232295217147232,-3.1193138296440894,0.30111027194692674,5.0,1.0
70,29,9.0,10.0,703,0,703,,-3.185020749168041,True,,-3.1425500283648455,-3.122446383300596,-3.219832054965334,-3.1232295217147232,-3.1193138296440894,,,
70,30,10.0,11.0,702,0,702,,-3.185020749168041,True,,-3.1425500283648455,-3.122446383300596,-3.219832054965334,-3.1232295217147232,-3.1193138296440894,,,
70,31,11.0,12.0,703,23,680,-3.3155507036730625,-3.185020749168041,True,-0.13052995450502136,-3.1425500283648455,-3.122446383300596,-3.219832054965334,-3.1232295217147232,-3.1193138296440894,-0.19232118195833925,1.0,-1.0
70,32,12.0,13.0,703,125,578,-2.9694594037225412,-3.185020749168041,True,0.21556134544549987,-3.1425500283648455,-3.122446383300596,-3.219832054965334,-3.1232295217147232,-3.1193138296440894,0.15377011799218243,5.0,1.0
70,33,13.0,14.0,702,0,702,,-3.185020749168041,True,,-3.1425500283648455,-3.122446383300596,-3.219832054965334,-3.1232295217147232,-3.1193138296440894,,,
70,34,14.0,15.0,703,0,703,,-3.185020749168041,True,,-3.1425500283648455,-3.122446383300596,-3.219832054965334,-3.1232295217147232,-3.1193138296440894,,,
70,35,15.0,16.0,702,0,702,,-3.185020749168041,True,,-3.1425500283648455,-3.122446383300596,-3.219832054965334,-3.1232295217147232,-3.1193138296440894,,,
70,36,16.0,17.0,703,0,703,,-3.185020749168041,True,,-3.1425500283648455,-3.122446383300596,-3.219832054965334,-3.1232295217147232,-3.1193138296440894,,,
70,37,17.0,18.0,702,158,544,-2.847512402041934,-3.185020749168041,True,0.3375083471261071,-3.1425500283648455,-3.122446383300596,-3.219832054965334,-3.1232295217147232,-3.1193138296440894,0.2757171196727892,5.0,1.0
70,38,18.0,19.0,703,0,703,,-3.185020749168041,True,,-3.1425500283648455,-3.122446383300596,-3.219832054965334,-3.1232295217147232,-3.1193138296440894,,,
70,39,19.0,20.0,703,19,684,-3.624392945390416,-3.185020749168041,True,-0.4393721962223749,-3.1425500283648455,-3.122446383300596,-3.219832054965334,-3.1232295217147232,-3.1193138296440894,-0.5011634236756928,1.0,-1.0
71,0,-20.0,-19.0,703,0,703,,-2.8855396046847877,True,,-2.8428616238646827,-2.80915865160818,-2.9146684504991116,-2.811743694819614,-2.791688999472143,,,
71,1,-19.0,-18.0,702,0,702,,-2.8855396046847877,True,,-2.8428616238646827,-2.80915865160818,-2.9146684504991116,-2.811743694819614,-2.791688999472143,,,
71,2,-18.0,-17.0,703,0,703,,-2.8855396046847877,True,,-2.8428616238646827,-2.80915865160818,-2.9146684504991116,-2.811743694819614,-2.791688999472143,,,
71,3,-17.0,-16.0,702,0,702,,-2.8855396046847877,True,,-2.8428616238646827,-2.80915865160818,-2.9146684504991116,-2.811743694819614,-2.791688999472143,,,
71,4,-16.0,-15.0,703,143,560,-2.9271412234933205,-2.8855396046847877,True,-0.04160161880853286,-2.8428616238646827,-2.80915865160818,-2.9146684504991116,-2.811743694819614,-2.791688999472143,-0.11539752867370634,1.0,-1.0
71,5,-15.0,-14.0,703,0,703,,-2.8855396046847877,True,,-2.8428616238646827,-2.80915865160818,-2.9146684504991116,-2.811743694819614,-2.791688999472143,,,
71,6,-14.0,-13.0,702,86,616,-3.3108671221996167,-2.8855396046847877,True,-0.425327517514829,-2.8428616238646827,-2.80915865160818,-2.9146684504991116,-2.811743694819614,-2.791688999472143,-0.4991234273800025,1.0,-1.0
71,7,-13.0,-12.0,703,164,539,-2.7504775482286923,-2.8855396046847877,True,0.13506205645609537,-2.8428616238646827,-2.80915865160818,-2.9146684504991116,-2.811743694819614,-2.791688999472143,0.06126614659092189,5.0,1.0
71,8,-12.0,-11.0,702,85,617,-2.8065736083967456,-2.8855396046847877,True,0.07896599628804202,-2.8428616238646827,-2.80915865160818,-2.9146684504991116,-2.811743694819614,-2.791688999472143,0.005170086422868536,4.0,0.5
71,9,-11.0,-10.0,703,47,656,-2.8739795529097507,-2.8855396046847877,True,0.01156005177503694,-2.8428616238646827,-2.80915865160818,-2.9146684504991116,-2.811743694819614,-2.791688999472143,-0.06223585809013654,2.0,-0.5
71,10,-10.0,-9.0,702,213,489,-2.738857119043505,-2.8855396046847877,True,0.1466824856412825,-2.8428616238646827,-2.80915865160818,-2.9146684504991116,-2.811743694819614,-2.791688999472143,0.07288657577610902,5.0,1.0
71,11,-9.0,-8.0,703,0,703,,-2.8855396046847877,True,,-2.8428616238646827,-2.80915865160818,-2.9146684504991116,-2.811743694819614,-2.791688999472143,,,
71,12,-8.0,-7.0,703,156,547,-3.035722105992232,-2.8855396046847877,True,-0.15018250130744448,-2.8428616238646827,-2.80915865160818,-2.9146684504991116,-2.811743694819614,-2.791688999472143,-0.22397841117261796,1.0,-1.0
71,13,-7.0,-6.0,702,151,551,-2.7781511611397574,-2.8855396046847877,True,0.1073884435450303,-2.8428616238646827,-2.80915865160818,-2.9146684504991116,-2.811743694819614,-2.791688999472143,0.03359253367985682,5.0,1.0
71,14,-6.0,-5.0,703,160,543,-2.805226837804528,-2.8855396046847877,True,0.08031276688025946,-2.8428616238646827,-2.80915865160818,-2.9146684504991116,-2.811743694819614,-2.791688999472143,0.006516857015085975,4.0,0.5
71,15,-5.0,-4.0,702,0,702,,-2.8855396046847877,True,,-2.8428616238646827,-2.80915865160818,-2.9146684504991116,-2.811743694819614,-2.791688999472143,,,
71,16,-4.0,-3.0,703,0,703,,-2.8855396046847877,True,,-2.8428616238646827,-2.80915865160818,-2.9146684504991116,-2.811743694819614,-2.791688999472143,,,
71,17,-3.0,-2.0,702,224,478,-2.902195677504903,-2.8855396046847877,True,-0.016656072820115497,-2.8428616238646827,-2.80915865160818,-2.9146684504991116,-2.811743694819614,-2.791688999472143,-0.09045198268528898,2.0,-0.5
71,18,-2.0,-1.0,703,73,630,-2.811743694819614,-2.8855396046847877,True,0.07379590986517348,-2.8428616238646827,-2.80915865160818,-2.9146684504991116,-2.811743694819614,-2.791688999472143,0.0,3.0,0.0
71,19,-1.0,0.0,703,0,703,,-2.8855396046847877,True,,-2.8428616238646827,-2.80915865160818,-2.9146684504991116,-2.811743694819614,-2.791688999472143,,,
71,20,0.0,1.0,702,0,702,,-2.8855396046847877,True,,-2.8428616238646827,-2.80915865160818,-2.9146684504991116,-2.811743694819614,-2.791688999472143,,,
71,21,1.0,2.0,703,0,703,,-2.8855396046847877,True,,-2.8428616238646827,-2.80915865160818,-2.9146684504991116,-2.811743694819614,-2.791688999472143,,,
71,22,2.0,3.0,702,0,702,,-2.8855396046847877,True,,-2.8428616238646827,-2.80915865160818,-2.9146684504991116,-2.811743694819614,-2.791688999472143,,,
71,23,3.0,4.0,703,154,549,-2.9350683219897036,-2.8855396046847877,True,-0.049528717304915926,-2.8428616238646827,-2.80915865160818,-2.9146684504991116,-2.811743694819614,-2.791688999472143,-0.12332462717008985,1.0,-1.0
71,24,4.0,5.0,702,0,702,,-2.8855396046847877,True,,-2.8428616238646827,-2.80915865160818,-2.9146684504991116,-2.811743694819614,-2.791688999472143,,,
71,25,5.0,6.0,703,0,703,,-2.8855396046847877,True,,-2.8428616238646827,-2.80915865160818,-2.9146684504991116,-2.811743694819614,-2.791688999472143,,,
71,26,6.0,7.0,703,0,703,,-2.8855396046847877,True,,-2.8428616238646827,-2.80915865160818,-2.9146684504991116,-2.811743694819614,-2.791688999472143,,,
71,27,7.0,8.0,702,0,702,,-2.8855396046847877,True,,-2.8428616238646827,-2.80915865160818,-2.9146684504991116,-2.811743694819614,-2.791688999472143,,,
71,28,8.0,9.0,703,0,703,,-2.8855396046847877,True,,-2.8428616238646827,-2.80915865160818,-2.9146684504991116,-2.811743694819614,-2.791688999472143,,,
71,29,9.0,10.0,702,0,702,,-2.8855396046847877,True,,-2.8428616238646827,-2.80915865160818,-2.9146684504991116,-2.811743694819614,-2.791688999472143,,,
71,30,10.0,11.0,703,0,703,,-2.8855396046847877,True,,-2.8428616238646827,-2.80915865160818,-2.9146684504991116,-2.811743694819614,-2.791688999472143,,,
71,31,11.0,12.0,702,96,606,-2.907157808188644,-2.8855396046847877,True,-0.02161820350385657,-2.8428616238646827,-2.80915865160818,-2.9146684504991116,-2.811743694819614,-2.791688999472143,-0.09541411336903005,2.0,-0.5
71,32,12.0,13.0,703,61,642,-3.2981876778965082,-2.8855396046847877,True,-0.4126480732117206,-2.8428616238646827,-2.80915865160818,-2.9146684504991116,-2.811743694819614,-2.791688999472143,-0.4864439830768936,1.0,-1.0
71,33,13.0,14.0,703,0,703,,-2.8855396046847877,True,,-2.8428616238646827,-2.80915865160818,-2.9146684504991116,-2.811743694819614,-2.791688999472143,,,
71,34,14.0,15.0,702,0,702,,-2.8855396046847877,True,,-2.8428616238646827,-2.80915865160818,-2.9146684504991116,-2.811743694819614,-2.791688999472143,,,
71,35,15.0,16.0,703,242,461,-2.991664323496325,-2.8855396046847877,True,-0.10612471881153729,-2.8428616238646827,-2.80915865160818,-2.9146684504991116,-2.811743694819614,-2.791688999472143,-0.17992062867671077,1.0,-1.0
71,36,16.0,17.0,702,170,532,-2.9161156448870353,-2.8855396046847877,True,-0.03057604020224769,-2.8428616238646827,-2.80915865160818,-2.9146684504991116,-2.811743694819614,-2.791688999472143,-0.10437195006742161,1.0,-1.0
71,37,17.0,18.0,703,52,651,-2.9793776084402506,-2.8855396046847877,True,-0.09383800375546292,-2.8428616238646827,-2.80915865160818,-2.9146684504991116,-2.811743694819614,-2.791688999472143,-0.1676339136206364,1.0,-1.0
71,38,18.0,19.0,702,165,537,-2.7991361745242904,-2.8855396046847877,True,0.08640343016049723,-2.8428616238646827,-2.80915865160818,-2.9146684504991116,-2.811743694819614,-2.791688999472143,0.012607520295323749,4.0,0.5
71,39,19.0,20.0,703,232,471,-2.8406226575083435,-2.8855396046847877,True,0.04491694717644412,-2.8428616238646827,-2.80915865160818,-2.9146684504991116,-2.811743694819614,-2.791688999472143,-0.02887896268872936,3.0,0.0
72,0,-20.0,-19.0,702,202,500,-3.1302387665462916,-3.0042806583780357,True,-0.12595810816825592,-2.997320613655775,-2.9450112710393177,-3.0420374544861817,-2.981485203156977,-2.9041147112529173,-0.1487535633893149,1.0,-1.0
72,1,-19.0,-18.0,703,0,703,,-3.0042806583780357,True,,-2.997320613655775,-2.9450112710393177,-3.0420374544861817,-2.981485203156977,-2.9041147112529173,,,
72,2,-18.0,-17.0,702,154,548,-2.874069713408026,-3.0042806583780357,True,0.13021094497000973,-2.997320613655775,-2.9450112710393177,-3.0420374544861817,-2.981485203156977,-2.9041147112529173,0.10741548974895121,5.0,1.0
72,3,-17.0,-16.0,703,84,619,-2.9206953162942115,-3.0042806583780357,True,0.08358534208382418,-2.997320613655775,-2.9450112710393177,-3.0420374544861817,-2.981485203156977,-2.9041147112529173,0.06078988686276565,4.0,0.5
72,4,-16.0,-15.0,703,236,467,-3.036089310668566,-3.0042806583780357,True,-0.031808652290530315,-2.997320613655775,-2.9450112710393177,-3.0420374544861817,-2.981485203156977,-2.9041147112529173,-0.05460410751158884,2.0,-0.5
72,5,-15.0,-14.0,702,57,645,-3.007877553988307,-3.0042806583780357,True,-0.0035968956102712113,-2.997320613655775,-2.9450112710393177,-3.0420374544861817,-2.981485203156977,-2.9041147112529173,-0.026392350831329736,2.0,-0.5
72,6,-14.0,-13.0,703,0,703,,-3.0042806583780357,True,,-2.997320613655775,-2.9450112710393177,-3.0420374544861817,-2.981485203156977,-2.9041147112529173,,,
72,7,-13.0,-12.0,702,0,702,,-3.0042806583780357,True,,-2.997320613655775,-2.9450112710393177,-3.0420374544861817,-2.981485203156977,-2.9041147112529173,,,
72,8,-12.0,-11.0,703,0,703,,-3.0042806583780357,True,,-2.997320613655775,-2.9450112710393177,-3.0420374544861817,-2.981485203156977,-2.9041147112529173,,,
72,9,-11.0,-10.0,702,116,586,-3.2987488507451306,-3.0042806583780357,True,-0.29446819236709487,-2.997320613655775,-2.9450112710393177,-3.0420374544861817,-2.981485203156977,-2.9041147112529173,-0.3172636475881534,1.0,-1.0
72,10,-10.0,-9.0,703,146,557,-3.0420374544861817,-3.0042806583780357,True,-0.037756796108145974,-2.997320613655775,-2.9450112710393177,-3.0420374544861817,-2.981485203156977,-2.9041147112529173,-0.0605522513292045,2.0,-0.5
72,11,-9.0,-8.0,703,172,531,-2.9041147112529173,-3.0042806583780357,True,0.10016594712511839,-2.997320613655775,-2.9450112710393177,-3.0420374544861817,-2.981485203156977,-2.9041147112529173,0.07737049190405987,5.0,1.0
72,12,-8.0,-7.0,702,69,633,-2.8812384201039536,-3.0042806583780357,True,0.12304223827408212,-2.997320613655775,-2.9450112710393177,-3.0420374544861817,-2.981485203156977,-2.9041147112529173,0.10024678305302359,5.0,1.0
72,13,-7.0,-6.0,703,0,703,,-3.0042806583780357,True,,-2.997320613655775,-2.9450112710393177,-3.0420374544861817,-2.981485203156977,-2.9041147112529173,,,
72,14,-6.0,-5.0,702,0,702,,-3.0042806583780357,True,,-2.997320613655775,-2.9450112710393177,-3.0420374544861817,-2.981485203156977,-2.9041147112529173,,,
72,15,-5.0,-4.0,703,140,563,-2.8687039346294325,-3.0042806583780357,True,0.1355767237486032,-2.997320613655775,-2.9450112710393177,-3.0420374544861817,-2.981485203156977,-2.9041147112529173,0.11278126852754466,5.0,1.0
72,16,-4.0,-3.0,702,29,673,-3.1955135737234164,-3.0042806583780357,True,-0.19123291534538067,-2.997320613655775,-2.9450112710393177,-3.0420374544861817,-2.981485203156977,-2.9041147112529173,-0.2140283705664392,1.0,-1.0
72,17,-3.0,-2.0,703,0,703,,-3.0042806583780357,True,,-2.997320613655775,-2.9450112710393177,-3.0420374544861817,-2.981485203156977,-2.9041147112529173,,,
72,18,-2.0,-1.0,703,141,562,-2.914835749911048,-3.0042806583780357,True,0.08944490846698772,-2.997320613655775,-2.9450112710393177,-3.0420374544861817,-2.981485203156977,-2.9041147112529173,0.06664945324592919,4.0,0.5
72,19,-1.0,0.0,702,159,543,-2.981485203156977,-3.0042806583780357,True,0.022795455221058525,-2.997320613655775,-2.9450112710393177,-3.0420374544861817,-2.981485203156977,-2.9041147112529173,0.0,3.0,0.0
72,20,0.0,1.0,703,0,703,,-3.0042806583780357,True,,-2.997320613655775,-2.9450112710393177,-3.0420374544861817,-2.981485203156977,-2.9041147112529173,,,
72,21,1.0,2.0,702,82,620,-2.762755815372952,-3.0042806583780357,True,0.2415248430050836,-2.997320613655775,-2.9450112710393177,-3.0420374544861817,-2.981485203156977,-2.9041147112529173,0.21872938778402506,5.0,1.0
72,22,2.0,3.0,703,248,455,-2.7334499957455334,-3.0042806583780357,True,0.27083066263250233,-2.997320613655775,-2.9450112710393177,-3.0420374544861817,-2.981485203156977,-2.9041147112529173,0.2480352074114438,5.0,1.0
72,23,3.0,4.0,702,4,698,-3.3234954302389053,-3.0042806583780357,True,-0.31921477186086955,-2.997320613655775,-2.9450112710393177,-3.0420374544861817,-2.981485203156977,-2.9041147112529173,-0.3420102270819281,1.0,-1.0
72,24,4.0,5.0,703,199,504,-2.9001723764118315,-3.0042806583780357,True,0.10410828196620425,-2.997320613655775,-2.9450112710393177,-3.0420374544861817,-2.981485203156977,-2.9041147112529173,0.08131282674514573,5.0,1.0
72,25,5.0,6.0,703,0,703,,-3.0042806583780357,True,,-2.997320613655775,-2.9450112710393177,-3.0420374544861817,-2.981485203156977,-2.9041147112529173,,,
72,26,6.0,7.0,702,8,694,-3.8125387558554626,-3.0042806583780357,True,-0.8082580974774269,-2.997320613655775,-2.9450112710393177,-3.0420374544861817,-2.981485203156977,-2.9041147112529173,-0.8310535526984859,1.0,-1.0
72,27,7.0,8.0,703,191,512,-2.8140537756246156,-3.0042806583780357,True,0.19022688275342015,-2.997320613655775,-2.9450112710393177,-3.0420374544861817,-2.981485203156977,-2.9041147112529173,0.16743142753236118,5.0,1.0
72,28,8.0,9.0,702,290,412,-2.8214972348413103,-3.0042806583780357,True,0.1827834235367254,-2.997320613655775,-2.9450112710393177,-3.0420374544861817,-2.981485203156977,-2.9041147112529173,0.15998796831566686,5.0,1.0
72,29,9.0,10.0,703,185,518,-2.9626109957673807,-3.0042806583780357,True,0.04166966261065497,-2.997320613655775,-2.9450112710393177,-3.0420374544861817,-2.981485203156977,-2.9041147112529173,0.018874207389596442,3.0,0.0
72,30,10.0,11.0,702,237,465,-2.7627395636684655,-3.0042806583780357,True,0.2415410947095702,-2.997320613655775,-2.9450112710393177,-3.0420374544861817,-2.981485203156977,-2.9041147112529173,0.2187456394885121,5.0,1.0
72,31,11.0,12.0,703,0,703,,-3.0042806583780357,True,,-2.997320613655775,-2.9450112710393177,-3.0420374544861817,-2.981485203156977,-2.9041147112529173,,,
72,32,12.0,13.0,703,0,703,,-3.0042806583780357,True,,-2.997320613655775,-2.9450112710393177,-3.0420374544861817,-2.981485203156977,-2.9041147112529173,,,
72,33,13.0,14.0,702,0,702,,-3.0042806583780357,True,,-2.997320613655775,-2.9450112710393177,-3.0420374544861817,-2.981485203156977,-2.9041147112529173,,,
72,34,14.0,15.0,703,0,703,,-3.0042806583780357,True,,-2.997320613655775,-2.9450112710393177,-3.0420374544861817,-2.981485203156977,-2.9041147112529173,,,
72,35,15.0,16.0,702,143,559,-2.9121843356803687,-3.0042806583780357,True,0.09209632269766699,-2.997320613655775,-2.9450112710393177,-3.0420374544861817,-2.981485203156977,-2.9041147112529173,0.06930086747660846,4.0,0.5
72,36,16.0,17.0,703,135,568,-2.7522465304990575,-3.0042806583780357,True,0.25203412787897816,-2.997320613655775,-2.9450112710393177,-3.0420374544861817,-2.981485203156977,-2.9041147112529173,0.22923867265792008,5.0,1.0
72,37,17.0,18.0,702,169,533,-2.7960752366406525,-3.0042806583780357,True,0.2082054217373832,-2.997320613655775,-2.9450112710393177,-3.0420374544861817,-2.981485203156977,-2.9041147112529173,0.1854099665163247,5.0,1.0
72,38,18.0,19.0,703,140,563,-2.9110281766377253,-3.0042806583780357,True,0.09325248174031042,-2.997320613655775,-2.9450112710393177,-3.0420374544861817,-2.981485203156977,-2.9041147112529173,0.0704570265192519,4.0,0.5
72,39,19.0,20.0,703,68,635,-2.800702760961864,-3.0042806583780357,True,0.20357789741617172,-2.997320613655775,-2.9450112710393177,-3.0420374544861817,-2.981485203156977,-2.9041147112529173,0.1807824421951132,5.0,1.0
73,0,-20.0,-19.0,702,0,702,,-2.895953458014936,True,,-2.8819312798476173,-2.8636818364513528,-2.915920241916376,-2.8716562940865744,-2.835135847274618,,,
73,1,-19.0,-18.0,703,0,703,,-2.895953458014936,True,,-2.8819312798476173,-2.8636818364513528,-2.915920241916376,-2.8716562940865744,-2.835135847274618,,,
73,2,-18.0,-17.0,702,0,702,,-2.895953458014936,True,,-2.8819312798476173,-2.8636818364513528,-2.915920241916376,-2.8716562940865744,-2.835135847274618,,,
73,3,-17.0,-16.0,703,144,559,-2.8517201499985196,-2.895953458014936,True,0.04423330801641656,-2.8819312798476173,-2.8636818364513528,-2.915920241916376,-2.8716562940865744,-2.835135847274618,0.01993614408805433,4.0,0.5
73,4,-16.0,-15.0,702,235,467,-2.915920241916376,-2.895953458014936,True,-0.01996678390143991,-2.8819312798476173,-2.8636818364513528,-2.915920241916376,-2.8716562940865744,-2.835135847274618,-0.0442639478298017,2.0,-0.5
73,5,-15.0,-14.0,703,76,627,-2.8312152804568753,-2.895953458014936,True,0.06473817755806088,-2.8819312798476173,-2.8636818364513528,-2.915920241916376,-2.8716562940865744,-2.835135847274618,0.04044101362969865,5.0,1.0
73,6,-14.0,-13.0,703,114,589,-2.8351358472746186,-2.895953458014936,True,0.06081761074031755,-2.8819312798476173,-2.8636818364513528,-2.915920241916376,-2.8716562940865744,-2.835135847274618,0.03652044681195621,5.0,1.0
73,7,-13.0,-12.0,702,0,702,,-2.895953458014936,True,,-2.8819312798476173,-2.8636818364513528,-2.915920241916376,-2.8716562940865744,-2.835135847274618,,,
73,8,-12.0,-11.0,703,0,703,,-2.895953458014936,True,,-2.8819312798476173,-2.8636818364513528,-2.915920241916376,-2.8716562940865744,-2.835135847274618,,,
73,9,-11.0,-10.0,702,0,702,,-2.895953458014936,True,,-2.8819312798476173,-2.8636818364513528,-2.915920241916376,-2.8716562940865744,-2.835135847274618,,,
73,10,-10.0,-9.0,703,0,703,,-2.895953458014936,True,,-2.8819312798476173,-2.8636818364513528,-2.915920241916376,-2.8716562940865744,-2.835135847274618,,,
73,11,-9.0,-8.0,702,0,702,,-2.895953458014936,True,,-2.8819312798476173,-2.8636818364513528,-2.915920241916376,-2.8716562940865744,-2.835135847274618,,,
73,12,-8.0,-7.0,703,92,611,-2.897343758489182,-2.895953458014936,True,-0.0013903004742457092,-2.8819312798476173,-2.8636818364513528,-2.915920241916376,-2.8716562940865744,-2.835135847274618,-0.025687464402607496,2.0,-0.5
73,13,-7.0,-6.0,703,128,575,-2.8317405000371143,-2.895953458014936,True,0.0642129579778219,-2.8819312798476173,-2.8636818364513528,-2.915920241916376,-2.8716562940865744,-2.835135847274618,0.03991579404946011,5.0,1.0
73,14,-6.0,-5.0,702,114,588,-3.0079508520874687,-2.895953458014936,True,-0.11199739407253251,-2.8819312798476173,-2.8636818364513528,-2.915920241916376,-2.8716562940865744,-2.835135847274618,-0.1362945580008943,1.0,-1.0
73,15,-5.0,-4.0,703,186,517,-3.020898197787702,-2.895953458014936,True,-0.12494473977276588,-2.8819312798476173,-2.8636818364513528,-2.915920241916376,-2.8716562940865744,-2.835135847274618,-0.14924190370112767,1.0,-1.0
73,16,-4.0,-3.0,702,235,467,-2.8716562940865744,-2.895953458014936,True,0.024297163928361787,-2.8819312798476173,-2.8636818364513528,-2.915920241916376,-2.8716562940865744,-2.835135847274618,0.0,3.0,0.0
73,17,-3.0,-2.0,703,0,703,,-2.895953458014936,True,,-2.8819312798476173,-2.8636818364513528,-2.915920241916376,-2.8716562940865744,-2.835135847274618,,,
73,18,-2.0,-1.0,702,0,702,,-2.895953458014936,True,,-2.8819312798476173,-2.8636818364513528,-2.915920241916376,-2.8716562940865744,-2.835135847274618,,,
73,19,-1.0,0.0,703,0,703,,-2.895953458014936,True,,-2.8819312798476173,-2.8636818364513528,-2.915920241916376,-2.8716562940865744,-2.835135847274618,,,
73,20,0.0,1.0,703,0,703,,-2.895953458014936,True,,-2.8819312798476173,-2.8636818364513528,-2.915920241916376,-2.8716562940865744,-2.835135847274618,,,
73,21,1.0,2.0,702,145,557,-2.9589284845929438,-2.895953458014936,True,-0.06297502657800758,-2.8819312798476173,-2.8636818364513528,-2.915920241916376,-2.8716562940865744,-2.835135847274618,-0.0872721905063698,1.0,-1.0
73,22,2.0,3.0,703,169,534,-2.9001624651494033,-2.895953458014936,True,-0.0042090071344671465,-2.8819312798476173,-2.8636818364513528,-2.915920241916376,-2.8716562940865744,-2.835135847274618,-0.028506171062829377,2.0,-0.5
73,23,3.0,4.0,702,113,589,-2.9075222261612947,-2.895953458014936,True,-0.011568768146358543,-2.8819312798476173,-2.8636818364513528,-2.915920241916376,-2.8716562940865744,-2.835135847274618,-0.03586593207472033,2.0,-0.5
73,24,4.0,5.0,703,225,478,-2.8212595805875487,-2.895953458014936,True,0.07469387742738753,-2.8819312798476173,-2.8636818364513528,-2.915920241916376,-2.8716562940865744,-2.835135847274618,0.05039671349902575,5.0,1.0
73,25,5.0,6.0,702,0,702,,-2.895953458014936,True,,-2.8819312798476173,-2.8636818364513528,-2.915920241916376,-2.8716562940865744,-2.835135847274618,,,
73,26,6.0,7.0,703,0,703,,-2.895953458014936,True,,-2.8819312798476173,-2.8636818364513528,-2.915920241916376,-2.8716562940865744,-2.835135847274618,,,
73,27,7.0,8.0,703,98,605,-2.9031758751606294,-2.895953458014936,True,-0.007222417145693161,-2.8819312798476173,-2.8636818364513528,-2.915920241916376,-2.8716562940865744,-2.835135847274618,-0.03151958107405495,2.0,-0.5
73,28,8.0,9.0,702,65,637,-3.0674542972388257,-2.895953458014936,True,-0.17150083922388948,-2.8819312798476173,-2.8636818364513528,-2.915920241916376,-2.8716562940865744,-2.835135847274618,-0.19579800315225127,1.0,-1.0
73,29,9.0,10.0,703,106,597,-2.734592234662688,-2.895953458014936,True,0.16136122335224812,-2.8819312798476173,-2.8636818364513528,-2.915920241916376,-2.8716562940865744,-2.835135847274618,0.13706405942388633,5.0,1.0
73,30,10.0,11.0,702,144,558,-2.82124158614107,-2.895953458014936,True,0.07471187187386619,-2.8819312798476173,-2.8636818364513528,-2.915920241916376,-2.8716562940865744,-2.835135847274618,0.0504147079455044,5.0,1.0
73,31,11.0,12.0,703,124,579,-2.8978699216005612,-2.895953458014936,True,-0.0019164635856250278,-2.8819312798476173,-2.8636818364513528,-2.915920241916376,-2.8716562940865744,-2.835135847274618,-0.02621362751398637,2.0,-0.5
73,32,12.0,13.0,702,158,544,-2.853580793447583,-2.895953458014936,True,0.042372664567353,-2.8819312798476173,-2.8636818364513528,-2.915920241916376,-2.8716562940865744,-2.835135847274618,0.018075500638991215,4.0,0.5
73,33,13.0,14.0,703,161,542,-2.793232411828514,-2.895953458014936,True,0.10272104618642208,-2.8819312798476173,-2.8636818364513528,-2.915920241916376,-2.8716562940865744,-2.835135847274618,0.0784238822580603,5.0,1.0
73,34,14.0,15.0,703,196,507,-2.8441445833857837,-2.895953458014936,True,0.05180887462915251,-2.8819312798476173,-2.8636818364513528,-2.915920241916376,-2.8716562940865744,-2.835135847274618,0.02751171070079028,4.0,0.5
73,35,15.0,16.0,702,25,677,-3.4010171690866797,-2.895953458014936,True,-0.5050637110717435,-2.8819312798476173,-2.8636818364513528,-2.915920241916376,-2.8716562940865744,-2.835135847274618,-0.5293608750001058,1.0,-1.0
73,36,16.0,17.0,703,188,515,-3.0469542871409656,-2.895953458014936,True,-0.1510008291260294,-2.8819312798476173,-2.8636818364513528,-2.915920241916376,-2.8716562940865744,-2.835135847274618,-0.1752979930543912,1.0,-1.0
73,37,17.0,18.0,702,188,514,-3.0558433001343905,-2.895953458014936,True,-0.15988984211945434,-2.8819312798476173,-2.8636818364513528,-2.915920241916376,-2.8716562940865744,-2.835135847274618,-0.18418700604781613,1.0,-1.0
73,38,18.0,19.0,703,0,703,,-2.895953458014936,True,,-2.8819312798476173,-2.8636818364513528,-2.915920241916376,-2.8716562940865744,-2.835135847274618,,,
73,39,19.0,20.0,702,346,356,-2.8652178055881756,-2.895953458014936,True,0.030735652426760574,-2.8819312798476173,-2.8636818364513528,-2.915920241916376,-2.8716562940865744,-2.835135847274618,0.006438488498398343,3.0,0.0
74,0,-20.0,-19.0,703,157,546,-2.6424060591979557,-2.7997902043737346,True,0.15738414517577892,-2.801811585102446,-2.7873624091984763,-2.865265470145561,-2.7944069701828864,-2.7459182619866622,0.1520009109849303,5.0,1.0
74,1,-19.0,-18.0,702,112,590,-2.682943224755514,-2.7997902043737346,True,0.11684697961822055,-2.801811585102446,-2.7873624091984763,-2.865265470145561,-2.7944069701828864,-2.7459182619866622,0.11146374542737236,5.0,1.0
74,2,-18.0,-17.0,703,204,499,-2.7469755257650035,-2.7997902043737346,True,0.052814678608731125,-2.801811585102446,-2.7873624091984763,-2.865265470145561,-2.7944069701828864,-2.7459182619866622,0.04743144441788294,4.0,0.5
74,3,-17.0,-16.0,703,111,592,-2.9148929769285896,-2.7997902043737346,True,-0.11510277255485502,-2.801811585102446,-2.7873624091984763,-2.865265470145561,-2.7944069701828864,-2.7459182619866622,-0.1204860067457032,1.0,-1.0
74,4,-16.0,-15.0,702,183,519,-2.7983920849414727,-2.7997902043737346,True,0.0013981194322618684,-2.801811585102446,-2.7873624091984763,-2.865265470145561,-2.7944069701828864,-2.7459182619866622,-0.003985114758586317,3.0,0.0
74,5,-15.0,-14.0,703,113,590,-2.8113991193149825,-2.7997902043737346,True,-0.011608914941247939,-2.801811585102446,-2.7873624091984763,-2.865265470145561,-2.7944069701828864,-2.7459182619866622,-0.016992149132096124,2.0,-0.5
74,6,-14.0,-13.0,702,144,558,-2.6827849902250334,-2.7997902043737346,True,0.11700521414870124,-2.801811585102446,-2.7873624091984763,-2.865265470145561,-2.7944069701828864,-2.7459182619866622,0.11162197995785306,5.0,1.0
74,7,-13.0,-12.0,703,155,548,-2.742746470651638,-2.7997902043737346,True,0.05704373372209659,-2.801811585102446,-2.7873624091984763,-2.865265470145561,-2.7944069701828864,-2.7459182619866622,0.051660499531248405,5.0,1.0
74,8,-12.0,-11.0,702,168,534,-2.7904218554242997,-2.7997902043737346,True,0.009368348949434946,-2.801811585102446,-2.7873624091984763,-2.865265470145561,-2.7944069701828864,-2.7459182619866622,0.003985114758586317,3.0,0.0
74,9,-11.0,-10.0,703,227,476,-2.816771296013548,-2.7997902043737346,True,-0.016981091639813428,-2.801811585102446,-2.7873624091984763,-2.865265470145561,-2.7944069701828864,-2.7459182619866622,-0.022364325830661613,2.0,-0.5
74,10,-10.0,-9.0,703,139,564,-2.8743169187612203,-2.7997902043737346,True,-0.0745267143874857,-2.801811585102446,-2.7873624091984763,-2.865265470145561,-2.7944069701828864,-2.7459182619866622,-0.07990994857833389,1.0,-1.0
74,11,-9.0,-8.0,702,41,661,-2.942429993899612,-2.7997902043737346,True,-0.14263978952587753,-2.801811585102446,-2.7873624091984763,-2.865265470145561,-2.7944069701828864,-2.7459182619866622,-0.1480230237167257,1.0,-1.0
74,12,-8.0,-7.0,703,117,586,-2.779614831312537,-2.7997902043737346,True,0.020175373061197543,-2.801811585102446,-2.7873624091984763,-2.865265470145561,-2.7944069701828864,-2.7459182619866622,0.014792138870349358,4.0,0.5
74,13,-7.0,-6.0,702,180,522,-2.80599097418808,-2.7997902043737346,True,-0.006200769814345364,-2.801811585102446,-2.7873624091984763,-2.865265470145561,-2.7944069701828864,-2.7459182619866622,-0.011584004005193549,2.0,-0.5
74,14,-6.0,-5.0,703,205,498,-2.935974827586843,-2.7997902043737346,True,-0.1361846232131083,-2.801811585102446,-2.7873624091984763,-2.865265470145561,-2.7944069701828864,-2.7459182619866622,-0.1415678574039565,1.0,-1.0
74,15,-5.0,-4.0,702,161,541,-2.7481462849328424,-2.7997902043737346,True,0.051643919440892194,-2.801811585102446,-2.7873624091984763,-2.865265470145561,-2.7944069701828864,-2.7459182619866622,0.04626068525004401,4.0,0.5
74,16,-4.0,-3.0,703,180,523,-2.862248320607008,-2.7997902043737346,True,-0.062458116233273575,-2.801811585102446,-2.7873624091984763,-2.865265470145561,-2.7944069701828864,-2.7459182619866622,-0.06784135042412176,2.0,-0.5
74,17,-3.0,-2.0,703,157,546,-2.619252511415295,-2.7997902043737346,True,0.1805376929584397,-2.801811585102446,-2.7873624091984763,-2.865265470145561,-2.7944069701828864,-2.7459182619866622,0.1751544587675915,5.0,1.0
74,18,-2.0,-1.0,702,132,570,-2.78362308603358,-2.7997902043737346,True,0.016167118340154385,-2.801811585102446,-2.7873624091984763,-2.865265470145561,-2.7944069701828864,-2.7459182619866622,0.0107838841493062,4.0,0.5
74,19,-1.0,0.0,703,207,496,-3.014472735519638,-2.7997902043737346,True,-0.21468253114590352,-2.801811585102446,-2.7873624091984763,-2.865265470145561,-2.7944069701828864,-2.7459182619866622,-0.2200657653367517,1.0,-1.0
74,20,0.0,1.0,702,138,564,-3.007756887557732,-2.7997902043737346,True,-0.20796668318399725,-2.801811585102446,-2.7873624091984763,-2.865265470145561,-2.7944069701828864,-2.7459182619866622,-0.21334991737484543,1.0,-1.0
74,21,1.0,2.0,703,170,533,-2.8933308913482096,-2.7997902043737346,True,-0.09354068697447504,-2.801811585102446,-2.7873624091984763,-2.865265470145561,-2.7944069701828864,-2.7459182619866622,-0.09892392116532323,1.0,-1.0
74,22,2.0,3.0,702,199,503,-2.813052970493828,-2.7997902043737346,True,-0.01326276612009325,-2.801811585102446,-2.7873624091984763,-2.865265470145561,-2.7944069701828864,-2.7459182619866622,-0.018646000310941435,2.0,-0.5
74,23,3.0,4.0,703,194,509,-2.866643621671316,-2.7997902043737346,True,-0.06685341729758143,-2.801811585102446,-2.7873624091984763,-2.865265470145561,-2.7944069701828864,-2.7459182619866622,-0.07223665148842962,1.0,-1.0
74,24,4.0,5.0,703,262,441,-2.857719715077679,-2.7997902043737346,True,-0.05792951070394459,-2.801811585102446,-2.7873624091984763,-2.865265470145561,-2.7944069701828864,-2.7459182619866622,-0.06331274489479277,2.0,-0.5
74,25,5.0,6.0,702,201,501,-2.810495765050783,-2.7997902043737346,True,-0.010705560677048531,-2.801811585102446,-2.7873624091984763,-2.865265470145561,-2.7944069701828864,-2.7459182619866622,-0.016088794867896716,2.0,-0.5
74,26,6.0,7.0,703,162,541,-2.8355486908811027,-2.7997902043737346,True,-0.035758486507368126,-2.801811585102446,-2.7873624091984763,-2.865265470145561,-2.7944069701828864,-2.7459182619866622,-0.04114172069821631,2.0,-0.5
74,27,7.0,8.0,702,178,524,-2.8019108236421433,-2.7997902043737346,True,-0.0021206192684086744,-2.801811585102446,-2.7873624091984763,-2.865265470145561,-2.7944069701828864,-2.7459182619866622,-0.007503853459257304,2.0,-0.5
74,28,8.0,9.0,703,156,547,-2.910937019728947,-2.7997902043737346,True,-0.11114681535521242,-2.801811585102446,-2.7873624091984763,-2.865265470145561,-2.7944069701828864,-2.7459182619866622,-0.11653004954606061,1.0,-1.0
74,29,9.0,10.0,702,92,610,-2.9872776748061654,-2.7997902043737346,True,-0.18748747043243075,-2.801811585102446,-2.7873624091984763,-2.865265470145561,-2.7944069701828864,-2.7459182619866622,-0.19287070462327893,1.0,-1.0
74,30,10.0,11.0,703,213,490,-2.847337016189635,-2.7997902043737346,True,-0.04754681181590037,-2.801811585102446,-2.7873624091984763,-2.865265470145561,-2.7944069701828864,-2.7459182619866622,-0.052930046006748555,2.0,-0.5
74,31,11.0,12.0,703,25,678,-2.8809662177382993,-2.7997902043737346,True,-0.0811760133645647,-2.801811585102446,-2.7873624091984763,-2.865265470145561,-2.7944069701828864,-2.7459182619866622,-0.08655924755541333,1.0,-1.0
74,32,12.0,13.0,702,239,463,-2.8420225610699927,-2.7997902043737346,True,-0.04223235669625813,-2.801811585102446,-2.7873624091984763,-2.865265470145561,-2.7944069701828864,-2.7459182619866622,-0.04761559088710632,2.0,-0.5
74,33,13.0,14.0,703,213,490,-2.937192297531956,-2.7997902043737346,True,-0.13740209315822138,-2.801811585102446,-2.7873624091984763,-2.865265470145561,-2.7944069701828864,-2.7459182619866622,-0.14278532734906957,1.0,-1.0
74,34,14.0,15.0,702,130,572,-2.9150512733714624,-2.7997902043737346,True,-0.11526106899772781,-2.801811585102446,-2.7873624091984763,-2.865265470145561,-2.7944069701828864,-2.7459182619866622,-0.120644303188576,1.0,-1.0
74,35,15.0,16.0,703,105,598,-2.8459417074185946,-2.7997902043737346,True,-0.04615150304486004,-2.801811585102446,-2.7873624091984763,-2.865265470145561,-2.7944069701828864,-2.7459182619866622,-0.051534737235707784,2.0,-0.5
74,36,16.0,17.0,702,129,573,-2.9487709930624493,-2.7997902043737346,True,-0.14898078868871467,-2.801811585102446,-2.7873624091984763,-2.865265470145561,-2.7944069701828864,-2.7459182619866622,-0.15436402287956286,1.0,-1.0
74,37,17.0,18.0,703,94,609,-2.90366386891255,-2.7997902043737346,True,-0.10387366453881519,-2.801811585102446,-2.7873624091984763,-2.865265470145561,-2.7944069701828864,-2.7459182619866622,-0.10925689872966338,1.0,-1.0
74,38,18.0,19.0,703,182,521,-2.808030583234405,-2.7997902043737346,True,-0.008240378860670194,-2.801811585102446,-2.7873624091984763,-2.865265470145561,-2.7944069701828864,-2.7459182619866622,-0.01362361305151838,2.0,-0.5
74,39,19.0,20.0,702,176,526,-2.8470530519278694,-2.7997902043737346,True,-0.04726284755413479,-2.801811585102446,-2.7873624091984763,-2.865265470145561,-2.7944069701828864,-2.7459182619866622,-0.052646081744982975,2.0,-0.5
75,0,-20.0,-19.0,702,3,699,-2.532960475477321,-2.858005338980167,True,0.3250448635028458,-2.891950428184891,-2.865979114021109,-2.9264668975248744,-2.888964105318678,-2.776794680696824,0.3560036298413567,5.0,1.0
75,1,-19.0,-18.0,703,176,527,-2.8602328661967165,-2.858005338980167,True,-0.0022275272165495075,-2.891950428184891,-2.865979114021109,-2.9264668975248744,-2.888964105318678,-2.776794680696824,0.028731239121961405,4.0,0.5
75,2,-18.0,-17.0,702,145,557,-2.816786209811423,-2.858005338980167,True,0.04121912916874404,-2.891950428184891,-2.865979114021109,-2.9264668975248744,-2.888964105318678,-2.776794680696824,0.07217789550725495,4.0,0.5
75,3,-17.0,-16.0,703,188,515,-2.8485198563968477,-2.858005338980167,True,0.009485482583319271,-2.891950428184891,-2.865979114021109,-2.9264668975248744,-2.888964105318678,-2.776794680696824,0.04044424892182974,4.0,0.5
75,4,-16.0,-15.0,703,152,551,-2.8926970089014445,-2.858005338980167,True,-0.03469166992127759,-2.891950428184891,-2.865979114021109,-2.9264668975248744,-2.888964105318678,-2.776794680696824,-0.003732903582766678,2.0,-0.5
75,5,-15.0,-14.0,702,0,702,,-2.858005338980167,True,,-2.891950428184891,-2.865979114021109,-2.9264668975248744,-2.888964105318678,-2.776794680696824,,,
75,6,-14.0,-13.0,703,155,548,-2.907290388654312,-2.858005338980167,True,-0.04928504967414504,-2.891950428184891,-2.865979114021109,-2.9264668975248744,-2.888964105318678,-2.776794680696824,-0.01832628333563413,2.0,-0.5
75,7,-13.0,-12.0,702,197,505,-2.936439486446515,-2.858005338980167,True,-0.07843414746634814,-2.891950428184891,-2.865979114021109,-2.9264668975248744,-2.888964105318678,-2.776794680696824,-0.047475381127837224,1.0,-1.0
75,8,-12.0,-11.0,703,195,508,-2.955552725678891,-2.858005338980167,True,-0.0975473866987242,-2.891950428184891,-2.865979114021109,-2.9264668975248744,-2.888964105318678,-2.776794680696824,-0.06658862036021329,1.0,-1.0
75,9,-11.0,-10.0,702,103,599,-2.7375125449488524,-2.858005338980167,True,0.12049279403131452,-2.891950428184891,-2.865979114021109,-2.9264668975248744,-2.888964105318678,-2.776794680696824,0.15145156036982543,5.0,1.0
75,10,-10.0,-9.0,703,166,537,-2.7537585427692677,-2.858005338980167,True,0.10424679621089927,-2.891950428184891,-2.865979114021109,-2.9264668975248744,-2.888964105318678,-2.776794680696824,0.13520556254940974,5.0,1.0
75,11,-9.0,-8.0,703,175,528,-2.9254612882508453,-2.858005338980167,True,-0.06745594927067833,-2.891950428184891,-2.865979114021109,-2.9264668975248744,-2.888964105318678,-2.776794680696824,-0.036497182932167416,2.0,-0.5
75,12,-8.0,-7.0,702,0,702,,-2.858005338980167,True,,-2.891950428184891,-2.865979114021109,-2.9264668975248744,-2.888964105318678,-2.776794680696824,,,
75,13,-7.0,-6.0,703,0,703,,-2.858005338980167,True,,-2.891950428184891,-2.865979114021109,-2.9264668975248744,-2.888964105318678,-2.776794680696824,,,
75,14,-6.0,-5.0,702,157,545,-2.7767946806968236,-2.858005338980167,True,0.0812106582833434,-2.891950428184891,-2.865979114021109,-2.9264668975248744,-2.888964105318678,-2.776794680696824,0.11216942462185386,5.0,1.0
75,15,-5.0,-4.0,703,173,530,-2.776437287320056,-2.858005338980167,True,0.08156805166011116,-2.891950428184891,-2.865979114021109,-2.9264668975248744,-2.888964105318678,-2.776794680696824,0.11252681799862208,5.0,1.0
75,16,-4.0,-3.0,702,203,499,-2.933856455584168,-2.858005338980167,True,-0.07585111660400123,-2.891950428184891,-2.865979114021109,-2.9264668975248744,-2.888964105318678,-2.776794680696824,-0.04489235026549032,1.0,-1.0
75,17,-3.0,-2.0,703,110,593,-3.1163599426857957,-2.858005338980167,True,-0.2583546037056288,-2.891950428184891,-2.865979114021109,-2.9264668975248744,-2.888964105318678,-2.776794680696824,-0.22739583736711833,1.0,-1.0
75,18,-2.0,-1.0,703,177,526,-2.888964105318678,-2.858005338980167,True,-0.030958766338510912,-2.891950428184891,-2.865979114021109,-2.9264668975248744,-2.888964105318678,-2.776794680696824,0.0,3.0,0.0
75,19,-1.0,0.0,702,169,533,-2.9264668975248744,-2.858005338980167,True,-0.06846155854470748,-2.891950428184891,-2.865979114021109,-2.9264668975248744,-2.888964105318678,-2.776794680696824,-0.03750279220619657,2.0,-0.5
75,20,0.0,1.0,703,127,576,-2.835064816838716,-2.858005338980167,True,0.022940522141451147,-2.891950428184891,-2.865979114021109,-2.9264668975248744,-2.888964105318678,-2.776794680696824,0.05389928847996206,4.0,0.5
75,21,1.0,2.0,702,0,702,,-2.858005338980167,True,,-2.891950428184891,-2.865979114021109,-2.9264668975248744,-2.888964105318678,-2.776794680696824,,,
75,22,2.0,3.0,703,0,703,,-2.858005338980167,True,,-2.891950428184891,-2.865979114021109,-2.9264668975248744,-2.888964105318678,-2.776794680696824,,,
75,23,3.0,4.0,702,0,702,,-2.858005338980167,True,,-2.891950428184891,-2.865979114021109,-2.9264668975248744,-2.888964105318678,-2.776794680696824,,,
75,24,4.0,5.0,703,0,703,,-2.858005338980167,True,,-2.891950428184891,-2.865979114021109,-2.9264668975248744,-2.888964105318678,-2.776794680696824,,,
75,25,5.0,6.0,703,0,703,,-2.858005338980167,True,,-2.891950428184891,-2.865979114021109,-2.9264668975248744,-2.888964105318678,-2.776794680696824,,,
75,26,6.0,7.0,702,0,702,,-2.858005338980167,True,,-2.891950428184891,-2.865979114021109,-2.9264668975248744,-2.888964105318678,-2.776794680696824,,,
75,27,7.0,8.0,703,167,536,-2.9845483142825504,-2.858005338980167,True,-0.12654297530238345,-2.891950428184891,-2.865979114021109,-2.9264668975248744,-2.888964105318678,-2.776794680696824,-0.09558420896387254,1.0,-1.0
75,28,8.0,9.0,702,0,702,,-2.858005338980167,True,,-2.891950428184891,-2.865979114021109,-2.9264668975248744,-2.888964105318678,-2.776794680696824,,,
75,29,9.0,10.0,703,318,385,-2.947302495869564,-2.858005338980167,True,-0.08929715688939721,-2.891950428184891,-2.865979114021109,-2.9264668975248744,-2.888964105318678,-2.776794680696824,-0.0583383905508863,1.0,-1.0
75,30,10.0,11.0,702,157,545,-2.844625210075772,-2.858005338980167,True,0.013380128904394883,-2.891950428184891,-2.865979114021109,-2.9264668975248744,-2.888964105318678,-2.776794680696824,0.044338895242905796,4.0,0.5
75,31,11.0,12.0,703,169,534,-2.8007658976824197,-2.858005338980167,True,0.05723944129774727,-2.891950428184891,-2.865979114021109,-2.9264668975248744,-2.888964105318678,-2.776794680696824,0.08819820763625774,4.0,0.5
75,32,12.0,13.0,703,19,684,-2.8614583990509748,-2.858005338980167,True,-0.003453060070807812,-2.891950428184891,-2.865979114021109,-2.9264668975248744,-2.888964105318678,-2.776794680696824,0.0275057062677031,4.0,0.5
75,33,13.0,14.0,702,213,489,-2.8252198123963566,-2.858005338980167,True,0.0327855265838104,-2.891950428184891,-2.865979114021109,-2.9264668975248744,-2.888964105318678,-2.776794680696824,0.06374429292232087,4.0,0.5
75,34,14.0,15.0,703,268,435,-2.819720647260474,-2.858005338980167,True,0.038284691719693065,-2.891950428184891,-2.865979114021109,-2.9264668975248744,-2.888964105318678,-2.776794680696824,0.06924345805820398,4.0,0.5
75,35,15.0,16.0,702,127,575,-3.137255638676238,-2.858005338980167,True,-0.27925029969607085,-2.891950428184891,-2.865979114021109,-2.9264668975248744,-2.888964105318678,-2.776794680696824,-0.24829153335755993,1.0,-1.0
75,36,16.0,17.0,703,168,535,-2.8477475659579823,-2.858005338980167,True,0.010257773022184669,-2.891950428184891,-2.865979114021109,-2.9264668975248744,-2.888964105318678,-2.776794680696824,0.04121653936069558,4.0,0.5
75,37,17.0,18.0,702,0,702,,-2.858005338980167,True,,-2.891950428184891,-2.865979114021109,-2.9264668975248744,-2.888964105318678,-2.776794680696824,,,
75,38,18.0,19.0,703,0,703,,-2.858005338980167,True,,-2.891950428184891,-2.865979114021109,-2.9264668975248744,-2.888964105318678,-2.776794680696824,,,
75,39,19.0,20.0,702,34,668,-2.831564850088584,-2.858005338980167,True,0.026440488891582792,-2.891950428184891,-2.865979114021109,-2.9264668975248744,-2.888964105318678,-2.776794680696824,0.057399255230093704,4.0,0.5
76,0,-20.0,-19.0,703,0,703,,-2.868156119660601,True,,-2.814403339441771,-2.788334589050166,-2.846165749526558,-2.805105873338649,-2.7530524812186696,,,
76,1,-19.0,-18.0,703,0,703,,-2.868156119660601,True,,-2.814403339441771,-2.788334589050166,-2.846165749526558,-2.805105873338649,-2.7530524812186696,,,
76,2,-18.0,-17.0,702,145,557,-2.8701576171066767,-2.868156119660601,True,-0.002001497446075806,-2.814403339441771,-2.788334589050166,-2.846165749526558,-2.805105873338649,-2.7530524812186696,-0.06505174376802758,1.0,-1.0
76,3,-17.0,-16.0,703,312,391,-2.767034692488168,-2.868156119660601,True,0.101121427172433,-2.814403339441771,-2.788334589050166,-2.846165749526558,-2.805105873338649,-2.7530524812186696,0.03807118085048122,4.0,0.5
76,4,-16.0,-15.0,702,141,561,-2.7174603941908693,-2.868156119660601,True,0.15069572546973165,-2.814403339441771,-2.788334589050166,-2.846165749526558,-2.805105873338649,-2.7530524812186696,0.08764547914777987,5.0,1.0
76,5,-15.0,-14.0,703,288,415,-2.7390702699491722,-2.868156119660601,True,0.12908584971142867,-2.814403339441771,-2.788334589050166,-2.846165749526558,-2.805105873338649,-2.7530524812186696,0.06603560338947734,5.0,1.0
76,6,-14.0,-13.0,702,176,526,-2.6806944289294083,-2.868156119660601,True,0.18746169073119257,-2.814403339441771,-2.788334589050166,-2.846165749526558,-2.805105873338649,-2.7530524812186696,0.12441144440924079,5.0,1.0
76,7,-13.0,-12.0,703,206,497,-2.841930604687955,-2.868156119660601,True,0.026225514972646025,-2.814403339441771,-2.788334589050166,-2.846165749526558,-2.805105873338649,-2.7530524812186696,-0.03682473134930575,2.0,-0.5
76,8,-12.0,-11.0,703,155,548,-2.8237008055448936,-2.868156119660601,True,0.044455314115707356,-2.814403339441771,-2.788334589050166,-2.846165749526558,-2.805105873338649,-2.7530524812186696,-0.01859493220624442,2.0,-0.5
76,9,-11.0,-10.0,702,0,702,,-2.868156119660601,True,,-2.814403339441771,-2.788334589050166,-2.846165749526558,-2.805105873338649,-2.7530524812186696,,,
76,10,-10.0,-9.0,703,0,703,,-2.868156119660601,True,,-2.814403339441771,-2.788334589050166,-2.846165749526558,-2.805105873338649,-2.7530524812186696,,,
76,11,-9.0,-8.0,702,0,702,,-2.868156119660601,True,,-2.814403339441771,-2.788334589050166,-2.846165749526558,-2.805105873338649,-2.7530524812186696,,,
76,12,-8.0,-7.0,703,0,703,,-2.868156119660601,True,,-2.814403339441771,-2.788334589050166,-2.846165749526558,-2.805105873338649,-2.7530524812186696,,,
76,13,-7.0,-6.0,702,0,702,,-2.868156119660601,True,,-2.814403339441771,-2.788334589050166,-2.846165749526558,-2.805105873338649,-2.7530524812186696,,,
76,14,-6.0,-5.0,703,0,703,,-2.868156119660601,True,,-2.814403339441771,-2.788334589050166,-2.846165749526558,-2.805105873338649,-2.7530524812186696,,,
76,15,-5.0,-4.0,703,213,490,-2.805105873338649,-2.868156119660601,True,0.06305024632195178,-2.814403339441771,-2.788334589050166,-2.846165749526558,-2.805105873338649,-2.7530524812186696,0.0,3.0,0.0
76,16,-4.0,-3.0,702,247,455,-2.7715633047616826,-2.868156119660601,True,0.09659281489891836,-2.814403339441771,-2.788334589050166,-2.846165749526558,-2.805105873338649,-2.7530524812186696,0.03354256857696658,4.0,0.5
76,17,-3.0,-2.0,703,551,152,-2.850400894365162,-2.868156119660601,True,0.017755225295438937,-2.814403339441771,-2.788334589050166,-2.846165749526558,-2.805105873338649,-2.7530524812186696,-0.04529502102651284,1.0,-1.0
76,18,-2.0,-1.0,702,52,650,-3.6825984309039765,-2.868156119660601,True,-0.8144423112433756,-2.814403339441771,-2.788334589050166,-2.846165749526558,-2.805105873338649,-2.7530524812186696,-0.8774925575653278,1.0,-1.0
76,19,-1.0,0.0,703,0,703,,-2.868156119660601,True,,-2.814403339441771,-2.788334589050166,-2.846165749526558,-2.805105873338649,-2.7530524812186696,,,
76,20,0.0,1.0,702,0,702,,-2.868156119660601,True,,-2.814403339441771,-2.788334589050166,-2.846165749526558,-2.805105873338649,-2.7530524812186696,,,
76,21,1.0,2.0,703,0,703,,-2.868156119660601,True,,-2.814403339441771,-2.788334589050166,-2.846165749526558,-2.805105873338649,-2.7530524812186696,,,
76,22,2.0,3.0,702,152,550,-2.802424336892528,-2.868156119660601,True,0.06573178276807301,-2.814403339441771,-2.788334589050166,-2.846165749526558,-2.805105873338649,-2.7530524812186696,0.0026815364461212354,3.0,0.0
76,23,3.0,4.0,703,301,402,-2.7527187660169807,-2.868156119660601,True,0.11543735364362018,-2.814403339441771,-2.788334589050166,-2.846165749526558,-2.805105873338649,-2.7530524812186696,0.0523871073216684,5.0,1.0
76,24,4.0,5.0,703,233,470,-2.8012416242313507,-2.868156119660601,True,0.06691449542925021,-2.814403339441771,-2.788334589050166,-2.846165749526558,-2.805105873338649,-2.7530524812186696,0.003864249107298434,3.0,0.0
76,25,5.0,6.0,702,202,500,-2.8380756873986566,-2.868156119660601,True,0.030080432261944345,-2.814403339441771,-2.788334589050166,-2.846165749526558,-2.805105873338649,-2.7530524812186696,-0.032969814060007874,2.0,-0.5
76,26,6.0,7.0,703,189,514,-2.83058255815838,-2.868156119660601,True,0.0375735615022208,-2.814403339441771,-2.788334589050166,-2.846165749526558,-2.805105873338649,-2.7530524812186696,-0.025476684819730977,2.0,-0.5
76,27,7.0,8.0,702,180,522,-2.6918008297028724,-2.868156119660601,True,0.17635528995772853,-2.814403339441771,-2.788334589050166,-2.846165749526558,-2.805105873338649,-2.7530524812186696,0.11330504363577676,5.0,1.0
76,28,8.0,9.0,703,230,473,-2.7829705961888527,-2.868156119660601,True,0.08518552347174824,-2.814403339441771,-2.788334589050166,-2.846165749526558,-2.805105873338649,-2.7530524812186696,0.022135277149796462,4.0,0.5
76,29,9.0,10.0,702,0,702,,-2.868156119660601,True,,-2.814403339441771,-2.788334589050166,-2.846165749526558,-2.805105873338649,-2.7530524812186696,,,
76,30,10.0,11.0,703,0,703,,-2.868156119660601,True,,-2.814403339441771,-2.788334589050166,-2.846165749526558,-2.805105873338649,-2.7530524812186696,,,
76,31,11.0,12.0,703,0,703,,-2.868156119660601,True,,-2.814403339441771,-2.788334589050166,-2.846165749526558,-2.805105873338649,-2.7530524812186696,,,
76,32,12.0,13.0,702,0,702,,-2.868156119660601,True,,-2.814403339441771,-2.788334589050166,-2.846165749526558,-2.805105873338649,-2.7530524812186696,,,
76,33,13.0,14.0,703,178,525,-2.816710152718601,-2.868156119660601,True,0.05144596694199999,-2.814403339441771,-2.788334589050166,-2.846165749526558,-2.805105873338649,-2.7530524812186696,-0.011604279379951787,2.0,-0.5
76,34,14.0,15.0,702,261,441,-2.6637890203850074,-2.868156119660601,True,0.2043670992755935,-2.814403339441771,-2.788334589050166,-2.846165749526558,-2.805105873338649,-2.7530524812186696,0.14131685295364171,5.0,1.0
76,35,15.0,16.0,703,520,183,-2.7285806023355885,-2.868156119660601,True,0.1395755173250124,-2.814403339441771,-2.788334589050166,-2.846165749526558,-2.805105873338649,-2.7530524812186696,0.07652527100306061,5.0,1.0
76,36,16.0,17.0,702,0,702,,-2.868156119660601,True,,-2.814403339441771,-2.788334589050166,-2.846165749526558,-2.805105873338649,-2.7530524812186696,,,
76,37,17.0,18.0,703,0,703,,-2.868156119660601,True,,-2.814403339441771,-2.788334589050166,-2.846165749526558,-2.805105873338649,-2.7530524812186696,,,
76,38,18.0,19.0,703,82,621,-2.6906965925655815,-2.868156119660601,True,0.17745952709501944,-2.814403339441771,-2.788334589050166,-2.846165749526558,-2.805105873338649,-2.7530524812186696,0.11440928077306811,5.0,1.0
76,39,19.0,20.0,702,310,392,-2.9020799145571057,-2.868156119660601,True,-0.033923794896504766,-2.814403339441771,-2.788334589050166,-2.846165749526558,-2.805105873338649,-2.7530524812186696,-0.09697404121845654,1.0,-1.0
77,0,-20.0,-19.0,702,67,635,-2.941572803490831,-2.858147564991101,True,-0.08342523849973027,-2.8549586660799307,-2.8225830455025,-2.952726994865158,-2.83207822331904,-2.7714280403315787,-0.10949458017179126,2.0,-0.5
77,1,-19.0,-18.0,703,110,593,-2.7410187888093023,-2.858147564991101,True,0.11712877618179851,-2.8549586660799307,-2.8225830455025,-2.952726994865158,-2.83207822331904,-2.7714280403315787,0.09105943450973752,5.0,1.0
77,2,-18.0,-17.0,703,0,703,,-2.858147564991101,True,,-2.8549586660799307,-2.8225830455025,-2.952726994865158,-2.83207822331904,-2.7714280403315787,,,
77,3,-17.0,-16.0,702,245,457,-2.8778391088408215,-2.858147564991101,True,-0.019691543849720716,-2.8549586660799307,-2.8225830455025,-2.952726994865158,-2.83207822331904,-2.7714280403315787,-0.04576088552178126,2.0,-0.5
77,4,-16.0,-15.0,703,422,281,-2.7971425234560154,-2.858147564991101,True,0.06100504153508535,-2.8549586660799307,-2.8225830455025,-2.952726994865158,-2.83207822331904,-2.7714280403315787,0.03493569986302436,4.0,0.5
77,5,-15.0,-14.0,702,296,406,-2.8320782233190394,-2.858147564991101,True,0.02606934167206143,-2.8549586660799307,-2.8225830455025,-2.952726994865158,-2.83207822331904,-2.7714280403315787,0.0,3.0,0.0
77,6,-14.0,-13.0,703,68,635,-2.963881186239485,-2.858147564991101,True,-0.10573362124838415,-2.8549586660799307,-2.8225830455025,-2.952726994865158,-2.83207822331904,-2.7714280403315787,-0.13180296292044513,1.0,-1.0
77,7,-13.0,-12.0,702,117,585,-2.81308786768596,-2.858147564991101,True,0.04505969730514092,-2.8549586660799307,-2.8225830455025,-2.952726994865158,-2.83207822331904,-2.7714280403315787,0.018990355633079936,4.0,0.5
77,8,-12.0,-11.0,703,107,596,-2.7246907635099418,-2.858147564991101,True,0.13345680148115902,-2.8549586660799307,-2.8225830455025,-2.952726994865158,-2.83207822331904,-2.7714280403315787,0.10738745980909803,5.0,1.0
77,9,-11.0,-10.0,703,67,636,-3.0061934293705854,-2.858147564991101,True,-0.14804586437948464,-2.8549586660799307,-2.8225830455025,-2.952726994865158,-2.83207822331904,-2.7714280403315787,-0.17411520605154518,1.0,-1.0
77,10,-10.0,-9.0,702,169,533,-2.745713557207142,-2.858147564991101,True,0.11243400778395873,-2.8549586660799307,-2.8225830455025,-2.952726994865158,-2.83207822331904,-2.7714280403315787,0.08636466611189775,5.0,1.0
77,11,-9.0,-8.0,703,134,569,-2.996404962972984,-2.858147564991101,True,-0.1382573979818833,-2.8549586660799307,-2.8225830455025,-2.952726994865158,-2.83207822331904,-2.7714280403315787,-0.1643267396539443,1.0,-1.0
77,12,-8.0,-7.0,702,0,702,,-2.858147564991101,True,,-2.8549586660799307,-2.8225830455025,-2.952726994865158,-2.83207822331904,-2.7714280403315787,,,
77,13,-7.0,-6.0,703,0,703,,-2.858147564991101,True,,-2.8549586660799307,-2.8225830455025,-2.952726994865158,-2.83207822331904,-2.7714280403315787,,,
77,14,-6.0,-5.0,702,0,702,,-2.858147564991101,True,,-2.8549586660799307,-2.8225830455025,-2.952726994865158,-2.83207822331904,-2.7714280403315787,,,
77,15,-5.0,-4.0,703,0,703,,-2.858147564991101,True,,-2.8549586660799307,-2.8225830455025,-2.952726994865158,-2.83207822331904,-2.7714280403315787,,,
77,16,-4.0,-3.0,703,0,703,,-2.858147564991101,True,,-2.8549586660799307,-2.8225830455025,-2.952726994865158,-2.83207822331904,-2.7714280403315787,,,
77,17,-3.0,-2.0,702,0,702,,-2.858147564991101,True,,-2.8549586660799307,-2.8225830455025,-2.952726994865158,-2.83207822331904,-2.7714280403315787,,,
77,18,-2.0,-1.0,703,0,703,,-2.858147564991101,True,,-2.8549586660799307,-2.8225830455025,-2.952726994865158,-2.83207822331904,-2.7714280403315787,,,
77,19,-1.0,0.0,702,0,702,,-2.858147564991101,True,,-2.8549586660799307,-2.8225830455025,-2.952726994865158,-2.83207822331904,-2.7714280403315787,,,
77,20,0.0,1.0,703,211,492,-2.8753024341669913,-2.858147564991101,True,-0.017154869175890486,-2.8549586660799307,-2.8225830455025,-2.952726994865158,-2.83207822331904,-2.7714280403315787,-0.043224210847951916,2.0,-0.5
77,21,1.0,2.0,702,0,702,,-2.858147564991101,True,,-2.8549586660799307,-2.8225830455025,-2.952726994865158,-2.83207822331904,-2.7714280403315787,,,
77,22,2.0,3.0,703,201,502,-2.8374132001727705,-2.858147564991101,True,0.020734364818330242,-2.8549586660799307,-2.8225830455025,-2.952726994865158,-2.83207822331904,-2.7714280403315787,-0.005334976853730744,3.0,0.0
77,23,3.0,4.0,703,188,515,-2.8005514564568714,-2.858147564991101,True,0.05759610853422936,-2.8549586660799307,-2.8225830455025,-2.952726994865158,-2.83207822331904,-2.7714280403315787,0.031526766862168376,4.0,0.5
77,24,4.0,5.0,702,229,473,-2.775985253254636,-2.858147564991101,True,0.08216231173646493,-2.8549586660799307,-2.8225830455025,-2.952726994865158,-2.83207822331904,-2.7714280403315787,0.056092970064403946,4.0,0.5
77,25,5.0,6.0,703,232,471,-2.8348339299726395,-2.858147564991101,True,0.023313635018461287,-2.8549586660799307,-2.8225830455025,-2.952726994865158,-2.83207822331904,-2.7714280403315787,-0.002755706653599699,3.0,0.0
77,26,6.0,7.0,702,220,482,-2.9084142772612713,-2.858147564991101,True,-0.050266712270170544,-2.8549586660799307,-2.8225830455025,-2.952726994865158,-2.83207822331904,-2.7714280403315787,-0.07633605394223197,2.0,-0.5
77,27,7.0,8.0,703,171,532,-2.767318355435948,-2.858147564991101,True,0.09082920955515261,-2.8549586660799307,-2.8225830455025,-2.952726994865158,-2.83207822331904,-2.7714280403315787,0.06475986788309163,5.0,1.0
77,28,8.0,9.0,702,0,702,,-2.858147564991101,True,,-2.8549586660799307,-2.8225830455025,-2.952726994865158,-2.83207822331904,-2.7714280403315787,,,
77,29,9.0,10.0,703,0,703,,-2.858147564991101,True,,-2.8549586660799307,-2.8225830455025,-2.952726994865158,-2.83207822331904,-2.7714280403315787,,,
77,30,10.0,11.0,703,0,703,,-2.858147564991101,True,,-2.8549586660799307,-2.8225830455025,-2.952726994865158,-2.83207822331904,-2.7714280403315787,,,
77,31,11.0,12.0,702,69,633,-2.9265385833290467,-2.858147564991101,True,-0.06839101833794592,-2.8549586660799307,-2.8225830455025,-2.952726994865158,-2.83207822331904,-2.7714280403315787,-0.0944603600100069,2.0,-0.5
77,32,12.0,13.0,703,463,240,-2.737105773846069,-2.858147564991101,True,0.12104179114503166,-2.8549586660799307,-2.8225830455025,-2.952726994865158,-2.83207822331904,-2.7714280403315787,0.09497244947297068,5.0,1.0
77,33,13.0,14.0,702,0,702,,-2.858147564991101,True,,-2.8549586660799307,-2.8225830455025,-2.952726994865158,-2.83207822331904,-2.7714280403315787,,,
77,34,14.0,15.0,703,264,439,-2.842828868109911,-2.858147564991101,True,0.015318696881189808,-2.8549586660799307,-2.8225830455025,-2.952726994865158,-2.83207822331904,-2.7714280403315787,-0.010750644790871178,3.0,0.0
77,35,15.0,16.0,702,231,471,-2.835787297065435,-2.858147564991101,True,0.02236026792566559,-2.8549586660799307,-2.8225830455025,-2.952726994865158,-2.83207822331904,-2.7714280403315787,-0.003709073746395397,3.0,0.0
77,36,16.0,17.0,703,13,690,-3.7803760495228453,-2.858147564991101,True,-0.9222284845317446,-2.8549586660799307,-2.8225830455025,-2.952726994865158,-2.83207822331904,-2.7714280403315787,-0.9482978262038051,1.0,-1.0
77,37,17.0,18.0,703,320,383,-2.850228971556372,-2.858147564991101,True,0.007918593434729004,-2.8549586660799307,-2.8225830455025,-2.952726994865158,-2.83207822331904,-2.7714280403315787,-0.01815074823733198,3.0,0.0
77,38,18.0,19.0,702,232,470,-2.911936670059269,-2.858147564991101,True,-0.05378910506816803,-2.8549586660799307,-2.8225830455025,-2.952726994865158,-2.83207822331904,-2.7714280403315787,-0.07985844674022902,2.0,-0.5
77,39,19.0,20.0,703,198,505,-2.7429958262400187,-2.858147564991101,True,0.11515173875108209,-2.8549586660799307,-2.8225830455025,-2.952726994865158,-2.83207822331904,-2.7714280403315787,0.0890823970790211,5.0,1.0
78,0,-20.0,-19.0,703,219,484,-2.8226191437753436,-2.829845335479159,True,0.007226191703815221,-2.8384071287319883,-2.824073286982514,-2.879411721753086,-2.827262581132583,-2.796451524051995,0.004643437357239044,4.0,0.5
78,1,-19.0,-18.0,702,217,485,-2.8231777601551165,-2.829845335479159,True,0.006667575324042385,-2.8384071287319883,-2.824073286982514,-2.879411721753086,-2.827262581132583,-2.796451524051995,0.004084820977466652,4.0,0.5
78,2,-18.0,-17.0,703,251,452,-2.8907436742256505,-2.829845335479159,True,-0.06089833874649164,-2.8384071287319883,-2.824073286982514,-2.879411721753086,-2.827262581132583,-2.796451524051995,-0.06348109309306738,1.0,-1.0
78,3,-17.0,-16.0,702,180,522,-2.829969668529438,-2.829845335479159,True,-0.00012433305027936825,-2.8384071287319883,-2.824073286982514,-2.879411721753086,-2.827262581132583,-2.796451524051995,-0.0027070873968551012,3.0,0.0
78,4,-16.0,-15.0,703,229,474,-2.856108098232265,-2.829845335479159,True,-0.026262762753106017,-2.8384071287319883,-2.824073286982514,-2.879411721753086,-2.827262581132583,-2.796451524051995,-0.02884551709968175,2.0,-0.5
78,5,-15.0,-14.0,703,146,557,-2.9449952488419138,-2.829845335479159,True,-0.11514991336275493,-2.8384071287319883,-2.824073286982514,-2.879411721753086,-2.827262581132583,-2.796451524051995,-0.11773266770933066,1.0,-1.0
78,6,-14.0,-13.0,702,108,594,-2.7832440033320864,-2.829845335479159,True,0.046601332147072405,-2.8384071287319883,-2.824073286982514,-2.879411721753086,-2.827262581132583,-2.796451524051995,0.04401857780049667,5.0,1.0
78,7,-13.0,-12.0,703,0,703,,-2.829845335479159,True,,-2.8384071287319883,-2.824073286982514,-2.879411721753086,-2.827262581132583,-2.796451524051995,,,
78,8,-12.0,-11.0,702,0,702,,-2.829845335479159,True,,-2.8384071287319883,-2.824073286982514,-2.879411721753086,-2.827262581132583,-2.796451524051995,,,
78,9,-11.0,-10.0,703,55,648,-2.710016169337915,-2.829845335479159,True,0.11982916614124406,-2.8384071287319883,-2.824073286982514,-2.879411721753086,-2.827262581132583,-2.796451524051995,0.11724641179466833,5.0,1.0
78,10,-10.0,-9.0,702,203,499,-2.735162955779003,-2.829845335479159,True,0.09468237970015592,-2.8384071287319883,-2.824073286982514,-2.879411721753086,-2.827262581132583,-2.796451524051995,0.09209962535358018,5.0,1.0
78,11,-9.0,-8.0,703,189,514,-2.8926353735282646,-2.829845335479159,True,-0.06279003804910577,-2.8384071287319883,-2.824073286982514,-2.879411721753086,-2.827262581132583,-2.796451524051995,-0.0653727923956815,1.0,-1.0
78,12,-8.0,-7.0,703,230,473,-2.8856190582096626,-2.829845335479159,True,-0.05577372273050374,-2.8384071287319883,-2.824073286982514,-2.879411721753086,-2.827262581132583,-2.796451524051995,-0.05835647707707947,1.0,-1.0
78,13,-7.0,-6.0,702,194,508,-2.800159967052461,-2.829845335479159,True,0.029685368426697778,-2.8384071287319883,-2.824073286982514,-2.879411721753086,-2.827262581132583,-2.796451524051995,0.027102614080122045,4.0,0.5
78,14,-6.0,-5.0,703,280,423,-2.7952153763851735,-2.829845335479159,True,0.03462995909398536,-2.8384071287319883,-2.824073286982514,-2.879411721753086,-2.827262581132583,-2.796451524051995,0.032047204747410074,5.0,1.0
78,15,-5.0,-4.0,702,189,513,-2.8954363527059384,-2.829845335479159,True,-0.06559101722677951,-2.8384071287319883,-2.824073286982514,-2.879411721753086,-2.827262581132583,-2.796451524051995,-0.06817377157335525,1.0,-1.0
78,16,-4.0,-3.0,703,213,490,-2.8607897123833563,-2.829845335479159,True,-0.03094437690419749,-2.8384071287319883,-2.824073286982514,-2.879411721753086,-2.827262581132583,-2.796451524051995,-0.03352713125077322,2.0,-0.5
78,17,-3.0,-2.0,702,166,536,-2.7326912847359646,-2.829845335479159,True,0.09715405074319428,-2.8384071287319883,-2.824073286982514,-2.879411721753086,-2.827262581132583,-2.796451524051995,0.0945712963966181,5.0,1.0
78,18,-2.0,-1.0,703,113,590,-2.854076697679581,-2.829845335479159,True,-0.02423136220042199,-2.8384071287319883,-2.824073286982514,-2.879411721753086,-2.827262581132583,-2.796451524051995,-0.026814116546997724,2.0,-0.5
78,19,-1.0,0.0,703,203,500,-2.8245554937357285,-2.829845335479159,True,0.00528984174343039,-2.8384071287319883,-2.824073286982514,-2.879411721753086,-2.827262581132583,-2.796451524051995,0.002707087396854657,3.0,0.0
78,20,0.0,1.0,702,150,552,-2.830634224002754,-2.829845335479159,True,-0.0007888885235951548,-2.8384071287319883,-2.824073286982514,-2.879411721753086,-2.827262581132583,-2.796451524051995,-0.003371642870170888,3.0,0.0
78,21,1.0,2.0,703,201,502,-2.763671475034609,-2.829845335479159,True,0.06617386044454987,-2.8384071287319883,-2.824073286982514,-2.879411721753086,-2.827262581132583,-2.796451524051995,0.06359110609797414,5.0,1.0
78,22,2.0,3.0,702,166,536,-2.8524069761833357,-2.829845335479159,True,-0.022561640704176877,-2.8384071287319883,-2.824073286982514,-2.879411721753086,-2.827262581132583,-2.796451524051995,-0.025144395050753054,2.0,-0.5
78,23,3.0,4.0,703,0,703,,-2.829845335479159,True,,-2.8384071287319883,-2.824073286982514,-2.879411721753086,-2.827262581132583,-2.796451524051995,,,
78,24,4.0,5.0,702,235,467,-2.8903581123838813,-2.829845335479159,True,-0.060512776904722454,-2.8384071287319883,-2.824073286982514,-2.879411721753086,-2.827262581132583,-2.796451524051995,-0.06309553125129819,1.0,-1.0
78,25,5.0,6.0,703,202,501,-2.8860414794334845,-2.829845335479159,True,-0.056196143954325706,-2.8384071287319883,-2.824073286982514,-2.879411721753086,-2.827262581132583,-2.796451524051995,-0.05877889830090144,1.0,-1.0
78,26,6.0,7.0,703,160,543,-2.7739251109889,-2.829845335479159,True,0.055920224490258796,-2.8384071287319883,-2.824073286982514,-2.879411721753086,-2.827262581132583,-2.796451524051995,0.05333747014368306,5.0,1.0
78,27,7.0,8.0,702,165,537,-2.749494666696418,-2.829845335479159,True,0.08035066878274089,-2.8384071287319883,-2.824073286982514,-2.879411721753086,-2.827262581132583,-2.796451524051995,0.07776791443616515,5.0,1.0
78,28,8.0,9.0,703,236,467,-2.890771283489345,-2.829845335479159,True,-0.060925948010186026,-2.8384071287319883,-2.824073286982514,-2.879411721753086,-2.827262581132583,-2.796451524051995,-0.06350870235676176,1.0,-1.0
78,29,9.0,10.0,702,0,702,,-2.829845335479159,True,,-2.8384071287319883,-2.824073286982514,-2.879411721753086,-2.827262581132583,-2.796451524051995,,,
78,30,10.0,11.0,703,0,703,,-2.829845335479159,True,,-2.8384071287319883,-2.824073286982514,-2.879411721753086,-2.827262581132583,-2.796451524051995,,,
78,31,11.0,12.0,702,0,702,,-2.829845335479159,True,,-2.8384071287319883,-2.824073286982514,-2.879411721753086,-2.827262581132583,-2.796451524051995,,,
78,32,12.0,13.0,703,0,703,,-2.829845335479159,True,,-2.8384071287319883,-2.824073286982514,-2.879411721753086,-2.827262581132583,-2.796451524051995,,,
78,33,13.0,14.0,703,0,703,,-2.829845335479159,True,,-2.8384071287319883,-2.824073286982514,-2.879411721753086,-2.827262581132583,-2.796451524051995,,,
78,34,14.0,15.0,702,0,702,,-2.829845335479159,True,,-2.8384071287319883,-2.824073286982514,-2.879411721753086,-2.827262581132583,-2.796451524051995,,,
78,35,15.0,16.0,703,223,480,-2.9594029675108575,-2.829845335479159,True,-0.12955763203169868,-2.8384071287319883,-2.824073286982514,-2.879411721753086,-2.827262581132583,-2.796451524051995,-0.13214038637827397,1.0,-1.0
78,36,16.0,17.0,702,228,474,-2.8950576085053625,-2.829845335479159,True,-0.0652122730262037,-2.8384071287319883,-2.824073286982514,-2.879411721753086,-2.827262581132583,-2.796451524051995,-0.06779502737277943,1.0,-1.0
78,37,17.0,18.0,703,267,436,-3.1317342927770904,-2.829845335479159,True,-0.3018889572979315,-2.8384071287319883,-2.824073286982514,-2.879411721753086,-2.827262581132583,-2.796451524051995,-0.30447171164450726,1.0,-1.0
78,38,18.0,19.0,702,245,457,-2.9195123640308185,-2.829845335479159,True,-0.08966702855165964,-2.8384071287319883,-2.824073286982514,-2.879411721753086,-2.827262581132583,-2.796451524051995,-0.09224978289823538,1.0,-1.0
78,39,19.0,20.0,703,244,459,-2.819315854432897,-2.829845335479159,True,0.010529481046261946,-2.8384071287319883,-2.824073286982514,-2.879411721753086,-2.827262581132583,-2.796451524051995,0.007946726699686213,4.0,0.5
79,0,-20.0,-19.0,703,266,437,-2.9165611367425237,-2.9608676890158225,True,0.04430655227329883,-2.949139934783021,-2.9201969913100116,-3.007287370102349,-2.9347404095799616,-2.86883753697575,0.018179272837437477,4.0,0.5
79,1,-19.0,-18.0,702,324,378,-2.86883753697575,-2.9608676890158225,True,0.09203015204007237,-2.949139934783021,-2.9201969913100116,-3.007287370102349,-2.9347404095799616,-2.86883753697575,0.06590287260421146,5.0,1.0
79,2,-18.0,-17.0,703,42,661,-2.9527398160837857,-2.9608676890158225,True,0.008127872932036873,-2.949139934783021,-2.9201969913100116,-3.007287370102349,-2.9347404095799616,-2.86883753697575,-0.017999406503824034,2.0,-0.5
79,3,-17.0,-16.0,702,206,496,-2.8241903175504017,-2.9608676890158225,True,0.1366773714654208,-2.949139934783021,-2.9201969913100116,-3.007287370102349,-2.9347404095799616,-2.86883753697575,0.1105500920295599,5.0,1.0
79,4,-16.0,-15.0,703,200,503,-3.04153378750522,-2.9608676890158225,True,-0.08066609848939743,-2.949139934783021,-2.9201969913100116,-3.007287370102349,-2.9347404095799616,-2.86883753697575,-0.10679337792525834,1.0,-1.0
79,5,-15.0,-14.0,703,159,544,-2.9666641378382947,-2.9608676890158225,True,-0.005796448822472211,-2.949139934783021,-2.9201969913100116,-3.007287370102349,-2.9347404095799616,-2.86883753697575,-0.03192372825833312,2.0,-0.5
79,6,-14.0,-13.0,702,233,469,-2.87555356654571,-2.9608676890158225,True,0.08531412247011261,-2.949139934783021,-2.9201969913100116,-3.007287370102349,-2.9347404095799616,-2.86883753697575,0.0591868430342517,4.0,0.5
79,7,-13.0,-12.0,703,0,703,,-2.9608676890158225,True,,-2.949139934783021,-2.9201969913100116,-3.007287370102349,-2.9347404095799616,-2.86883753697575,,,
79,8,-12.0,-11.0,702,186,516,-2.8984799306325857,-2.9608676890158225,True,0.062387758383236847,-2.949139934783021,-2.9201969913100116,-3.007287370102349,-2.9347404095799616,-2.86883753697575,0.03626047894737594,4.0,0.5
79,9,-11.0,-10.0,703,159,544,-2.868570840898865,-2.9608676890158225,True,0.09229684811695771,-2.949139934783021,-2.9201969913100116,-3.007287370102349,-2.9347404095799616,-2.86883753697575,0.0661695686810968,5.0,1.0
79,10,-10.0,-9.0,702,0,702,,-2.9608676890158225,True,,-2.949139934783021,-2.9201969913100116,-3.007287370102349,-2.9347404095799616,-2.86883753697575,,,
79,11,-9.0,-8.0,703,0,703,,-2.9608676890158225,True,,-2.949139934783021,-2.9201969913100116,-3.007287370102349,-2.9347404095799616,-2.86883753697575,,,
79,12,-8.0,-7.0,702,36,666,-3.327260321741128,-2.9608676890158225,True,-0.3663926327253053,-2.949139934783021,-2.9201969913100116,-3.007287370102349,-2.9347404095799616,-2.86883753697575,-0.3925199121611662,1.0,-1.0
79,13,-7.0,-6.0,703,107,596,-2.9347404095799616,-2.9608676890158225,True,0.026127279435860906,-2.949139934783021,-2.9201969913100116,-3.007287370102349,-2.9347404095799616,-2.86883753697575,0.0,3.0,0.0
79,14,-6.0,-5.0,703,206,497,-2.8318033640113938,-2.9608676890158225,True,0.12906432500442877,-2.949139934783021,-2.9201969913100116,-3.007287370102349,-2.9347404095799616,-2.86883753697575,0.10293704556856786,5.0,1.0
79,15,-5.0,-4.0,702,211,491,-3.0409245647188814,-2.9608676890158225,True,-0.08005687570305886,-2.949139934783021,-2.9201969913100116,-3.007287370102349,-2.9347404095799616,-2.86883753697575,-0.10618415513891977,1.0,-1.0
79,16,-4.0,-3.0,703,131,572,-2.9781615149826046,-2.9608676890158225,True,-0.017293825966782084,-2.949139934783021,-2.9201969913100116,-3.007287370102349,-2.9347404095799616,-2.86883753697575,-0.04342110540264299,2.0,-0.5
79,17,-3.0,-2.0,702,191,511,-3.007287370102349,-2.9608676890158225,True,-0.0464196810865265,-2.949139934783021,-2.9201969913100116,-3.007287370102349,-2.9347404095799616,-2.86883753697575,-0.0725469605223874,2.0,-0.5
79,18,-2.0,-1.0,703,122,581,-2.8397319735211006,-2.9608676890158225,True,0.12113571549472191,-2.949139934783021,-2.9201969913100116,-3.007287370102349,-2.9347404095799616,-2.86883753697575,0.095008436058861,5.0,1.0
79,19,-1.0,0.0,702,52,650,-3.161710123838428,-2.9608676890158225,True,-0.20084243482260566,-2.949139934783021,-2.9201969913100116,-3.007287370102349,-2.9347404095799616,-2.86883753697575,-0.22696971425846657,1.0,-1.0
79,20,0.0,1.0,703,154,549,-2.9245261908453406,-2.9608676890158225,True,0.036341498170481934,-2.949139934783021,-2.9201969913100116,-3.007287370102349,-2.9347404095799616,-2.86883753697575,0.010214218734621028,3.0,0.0
79,21,1.0,2.0,703,176,527,-2.9328190789007,-2.9608676890158225,True,0.028048610115122496,-2.949139934783021,-2.9201969913100116,-3.007287370102349,-2.9347404095799616,-2.86883753697575,0.0019213306792615903,3.0,0.0
79,22,2.0,3.0,702,242,460,-2.8216214327181777,-2.9608676890158225,True,0.13924625629764487,-2.949139934783021,-2.9201969913100116,-3.007287370102349,-2.9347404095799616,-2.86883753697575,0.11311897686178396,5.0,1.0
79,23,3.0,4.0,703,146,557,-2.8656342113091355,-2.9608676890158225,True,0.095233477706687,-2.949139934783021,-2.9201969913100116,-3.007287370102349,-2.9347404095799616,-2.86883753697575,0.06910619827082609,5.0,1.0
79,24,4.0,5.0,702,0,702,,-2.9608676890158225,True,,-2.949139934783021,-2.9201969913100116,-3.007287370102349,-2.9347404095799616,-2.86883753697575,,,
79,25,5.0,6.0,703,0,703,,-2.9608676890158225,True,,-2.949139934783021,-2.9201969913100116,-3.007287370102349,-2.9347404095799616,-2.86883753697575,,,
79,26,6.0,7.0,702,0,702,,-2.9608676890158225,True,,-2.949139934783021,-2.9201969913100116,-3.007287370102349,-2.9347404095799616,-2.86883753697575,,,
79,27,7.0,8.0,703,0,703,,-2.9608676890158225,True,,-2.949139934783021,-2.9201969913100116,-3.007287370102349,-2.9347404095799616,-2.86883753697575,,,
79,28,8.0,9.0,703,0,703,,-2.9608676890158225,True,,-2.949139934783021,-2.9201969913100116,-3.007287370102349,-2.9347404095799616,-2.86883753697575,,,
79,29,9.0,10.0,702,0,702,,-2.9608676890158225,True,,-2.949139934783021,-2.9201969913100116,-3.007287370102349,-2.9347404095799616,-2.86883753697575,,,
79,30,10.0,11.0,703,0,703,,-2.9608676890158225,True,,-2.949139934783021,-2.9201969913100116,-3.007287370102349,-2.9347404095799616,-2.86883753697575,,,
79,31,11.0,12.0,702,0,702,,-2.9608676890158225,True,,-2.949139934783021,-2.9201969913100116,-3.007287370102349,-2.9347404095799616,-2.86883753697575,,,
79,32,12.0,13.0,703,0,703,,-2.9608676890158225,True,,-2.949139934783021,-2.9201969913100116,-3.007287370102349,-2.9347404095799616,-2.86883753697575,,,
79,33,13.0,14.0,702,0,702,,-2.9608676890158225,True,,-2.949139934783021,-2.9201969913100116,-3.007287370102349,-2.9347404095799616,-2.86883753697575,,,
79,34,14.0,15.0,703,0,703,,-2.9608676890158225,True,,-2.949139934783021,-2.9201969913100116,-3.007287370102349,-2.9347404095799616,-2.86883753697575,,,
79,35,15.0,16.0,703,114,589,-2.9305438065141614,-2.9608676890158225,True,0.03032388250166118,-2.949139934783021,-2.9201969913100116,-3.007287370102349,-2.9347404095799616,-2.86883753697575,0.004196603065800275,3.0,0.0
79,36,16.0,17.0,702,206,496,-2.836423951551456,-2.9608676890158225,True,0.12444373746436632,-2.949139934783021,-2.9201969913100116,-3.007287370102349,-2.9347404095799616,-2.86883753697575,0.09831645802850542,5.0,1.0
79,37,17.0,18.0,703,174,529,-2.838335192104654,-2.9608676890158225,True,0.12253249691116874,-2.949139934783021,-2.9201969913100116,-3.007287370102349,-2.9347404095799616,-2.86883753697575,0.09640521747530784,5.0,1.0
79,38,18.0,19.0,702,127,575,-3.0799081302645557,-2.9608676890158225,True,-0.11904044124873314,-2.949139934783021,-2.9201969913100116,-3.007287370102349,-2.9347404095799616,-2.86883753697575,-0.1451677206845945,1.0,-1.0
79,39,19.0,20.0,703,240,463,-2.823899403752977,-2.9608676890158225,True,0.13696828526284532,-2.949139934783021,-2.9201969913100116,-3.007287370102349,-2.9347404095799616,-2.86883753697575,0.11084100582698442,5.0,1.0
80,0,-20.0,-19.0,702,0,702,,-2.8816909258300525,True,,-2.8808012047167226,-2.8667215713172216,-2.9079835797804443,-2.8732213115005965,-2.7940253774797355,,,
80,1,-19.0,-18.0,703,0,703,,-2.8816909258300525,True,,-2.8808012047167226,-2.8667215713172216,-2.9079835797804443,-2.8732213115005965,-2.7940253774797355,,,
80,2,-18.0,-17.0,703,0,703,,-2.8816909258300525,True,,-2.8808012047167226,-2.8667215713172216,-2.9079835797804443,-2.8732213115005965,-2.7940253774797355,,,
80,3,-17.0,-16.0,702,274,428,-2.842085315517147,-2.8816909258300525,True,0.03960561031290544,-2.8808012047167226,-2.8667215713172216,-2.9079835797804443,-2.8732213115005965,-2.7940253774797355,0.031135995983449405,4.0,0.5
80,4,-16.0,-15.0,703,0,703,,-2.8816909258300525,True,,-2.8808012047167226,-2.8667215713172216,-2.9079835797804443,-2.8732213115005965,-2.7940253774797355,,,
80,5,-15.0,-14.0,702,294,408,-2.8679441149166474,-2.8816909258300525,True,0.013746810913405128,-2.8808012047167226,-2.8667215713172216,-2.9079835797804443,-2.8732213115005965,-2.7940253774797355,0.005277196583948651,3.0,0.0
80,6,-14.0,-13.0,703,191,512,-2.9005771904967137,-2.8816909258300525,True,-0.018886264666661212,-2.8808012047167226,-2.8667215713172216,-2.9079835797804443,-2.8732213115005965,-2.7940253774797355,-0.027355878996117244,2.0,-0.5
80,7,-13.0,-12.0,702,149,553,-3.1044708983366784,-2.8816909258300525,True,-0.22277997250662596,-2.8808012047167226,-2.8667215713172216,-2.9079835797804443,-2.8732213115005965,-2.7940253774797355,-0.231249586836082,1.0,-1.0
80,8,-12.0,-11.0,703,130,573,-2.772403282618101,-2.8816909258300525,True,0.10928764321195139,-2.8808012047167226,-2.8667215713172216,-2.9079835797804443,-2.8732213115005965,-2.7940253774797355,0.10081802888249536,5.0,1.0
80,9,-11.0,-10.0,703,122,581,-3.0688526702125936,-2.8816909258300525,True,-0.18716174438254107,-2.8808012047167226,-2.8667215713172216,-2.9079835797804443,-2.8732213115005965,-2.7940253774797355,-0.1956313587119971,1.0,-1.0
80,10,-10.0,-9.0,702,169,533,-2.9302027476316357,-2.8816909258300525,True,-0.0485118218015832,-2.8808012047167226,-2.8667215713172216,-2.9079835797804443,-2.8732213115005965,-2.7940253774797355,-0.056981436131039676,1.0,-1.0
80,11,-9.0,-8.0,703,154,549,-2.8877092946132548,-2.8816909258300525,True,-0.006018368783202277,-2.8808012047167226,-2.8667215713172216,-2.9079835797804443,-2.8732213115005965,-2.7940253774797355,-0.01448798311265831,2.0,-0.5
80,12,-8.0,-7.0,702,173,529,-2.896855779819187,-2.8816909258300525,True,-0.015164853989134475,-2.8808012047167226,-2.8667215713172216,-2.9079835797804443,-2.8732213115005965,-2.7940253774797355,-0.023634468318590507,2.0,-0.5
80,13,-7.0,-6.0,703,202,501,-2.7794676752129885,-2.8816909258300525,True,0.10222325061706394,-2.8808012047167226,-2.8667215713172216,-2.9079835797804443,-2.8732213115005965,-2.7940253774797355,0.09375363628760791,5.0,1.0
80,14,-6.0,-5.0,702,172,530,-2.7739720055704704,-2.8816909258300525,True,0.10771892025958207,-2.8808012047167226,-2.8667215713172216,-2.9079835797804443,-2.8732213115005965,-2.7940253774797355,0.09924930593012604,5.0,1.0
80,15,-5.0,-4.0,703,214,489,-2.9585845645916447,-2.8816909258300525,True,-0.07689363876159216,-2.8808012047167226,-2.8667215713172216,-2.9079835797804443,-2.8732213115005965,-2.7940253774797355,-0.0853632530910482,1.0,-1.0
80,16,-4.0,-3.0,703,183,520,-2.7968623423893244,-2.8816909258300525,True,0.08482858344072808,-2.8808012047167226,-2.8667215713172216,-2.9079835797804443,-2.8732213115005965,-2.7940253774797355,0.07635896911127205,4.0,0.5
80,17,-3.0,-2.0,702,163,539,-2.878498508084545,-2.8816909258300525,True,0.003192417745507381,-2.8808012047167226,-2.8667215713172216,-2.9079835797804443,-2.8732213115005965,-2.7940253774797355,-0.005277196583948651,3.0,0.0
80,18,-2.0,-1.0,703,216,487,-2.863053940518943,-2.8816909258300525,True,0.018636985311109466,-2.8808012047167226,-2.8667215713172216,-2.9079835797804443,-2.8732213115005965,-2.7940253774797355,0.010167370981653434,4.0,0.5
80,19,-1.0,0.0,702,164,538,-2.7855144827509686,-2.8816909258300525,True,0.0961764430790839,-2.8808012047167226,-2.8667215713172216,-2.9079835797804443,-2.8732213115005965,-2.7940253774797355,0.08770682874962787,5.0,1.0
80,20,0.0,1.0,703,10,693,-3.573903616719778,-2.8816909258300525,True,-0.6922126908897255,-2.8808012047167226,-2.8667215713172216,-2.9079835797804443,-2.8732213115005965,-2.7940253774797355,-0.7006823052191815,1.0,-1.0
80,21,1.0,2.0,702,0,702,,-2.8816909258300525,True,,-2.8808012047167226,-2.8667215713172216,-2.9079835797804443,-2.8732213115005965,-2.7940253774797355,,,
80,22,2.0,3.0,703,210,493,-2.8946405540797318,-2.8816909258300525,True,-0.012949628249679268,-2.8808012047167226,-2.8667215713172216,-2.9079835797804443,-2.8732213115005965,-2.7940253774797355,-0.021419242579135744,2.0,-0.5
80,23,3.0,4.0,702,113,589,-3.0103118712131804,-2.8816909258300525,True,-0.12862094538312796,-2.8808012047167226,-2.8667215713172216,-2.9079835797804443,-2.8732213115005965,-2.7940253774797355,-0.137090559712584,1.0,-1.0
80,24,4.0,5.0,703,174,529,-2.8711002346881567,-2.8816909258300525,True,0.010590691141895814,-2.8808012047167226,-2.8667215713172216,-2.9079835797804443,-2.8732213115005965,-2.7940253774797355,0.0021210768124397816,3.0,0.0
80,25,5.0,6.0,703,184,519,-2.7884666732887147,-2.8816909258300525,True,0.09322425254133782,-2.8808012047167226,-2.8667215713172216,-2.9079835797804443,-2.8732213115005965,-2.7940253774797355,0.08475463821188178,5.0,1.0
80,26,6.0,7.0,702,197,505,-2.891050765936652,-2.8816909258300525,True,-0.009359840106599293,-2.8808012047167226,-2.8667215713172216,-2.9079835797804443,-2.8732213115005965,-2.7940253774797355,-0.017829454436055325,2.0,-0.5
80,27,7.0,8.0,703,0,703,,-2.8816909258300525,True,,-2.8808012047167226,-2.8667215713172216,-2.9079835797804443,-2.8732213115005965,-2.7940253774797355,,,
80,28,8.0,9.0,702,238,464,-2.914323369007338,-2.8816909258300525,True,-0.03263244317728553,-2.8808012047167226,-2.8667215713172216,-2.9079835797804443,-2.8732213115005965,-2.7940253774797355,-0.04110205750674156,1.0,-1.0
80,29,9.0,10.0,703,183,520,-2.8525955773260794,-2.8816909258300525,True,0.029095348503973106,-2.8808012047167226,-2.8667215713172216,-2.9079835797804443,-2.8732213115005965,-2.7940253774797355,0.020625734174517074,4.0,0.5
80,30,10.0,11.0,702,173,529,-2.9755745365650785,-2.8816909258300525,True,-0.09388361073502605,-2.8808012047167226,-2.8667215713172216,-2.9079835797804443,-2.8732213115005965,-2.7940253774797355,-0.10235322506448208,1.0,-1.0
80,31,11.0,12.0,703,218,485,-2.8407381281090753,-2.8816909258300525,True,0.04095279772097715,-2.8808012047167226,-2.8667215713172216,-2.9079835797804443,-2.8732213115005965,-2.7940253774797355,0.032483183391520676,4.0,0.5
80,32,12.0,13.0,703,0,703,,-2.8816909258300525,True,,-2.8808012047167226,-2.8667215713172216,-2.9079835797804443,-2.8732213115005965,-2.7940253774797355,,,
80,33,13.0,14.0,702,192,510,-2.857463043241705,-2.8816909258300525,True,0.024227882588347516,-2.8808012047167226,-2.8667215713172216,-2.9079835797804443,-2.8732213115005965,-2.7940253774797355,0.015758268258891484,4.0,0.5
80,34,14.0,15.0,703,184,519,-2.9135140277111606,-2.8816909258300525,True,-0.03182310188110815,-2.8808012047167226,-2.8667215713172216,-2.9079835797804443,-2.8732213115005965,-2.7940253774797355,-0.04029271621056418,1.0,-1.0
80,35,15.0,16.0,702,202,500,-2.848734568523837,-2.8816909258300525,True,0.03295635730621527,-2.8808012047167226,-2.8667215713172216,-2.9079835797804443,-2.8732213115005965,-2.7940253774797355,0.024486742976759235,4.0,0.5
80,36,16.0,17.0,703,170,533,-2.8888904191835354,-2.8816909258300525,True,-0.007199493353482911,-2.8808012047167226,-2.8667215713172216,-2.9079835797804443,-2.8732213115005965,-2.7940253774797355,-0.015669107682938943,2.0,-0.5
80,37,17.0,18.0,702,36,666,-3.0536585021275147,-2.8816909258300525,True,-0.17196757629746218,-2.8808012047167226,-2.8667215713172216,-2.9079835797804443,-2.8732213115005965,-2.7940253774797355,-0.1804371906269182,1.0,-1.0
80,38,18.0,19.0,703,236,467,-2.7534874307388852,-2.8816909258300525,True,0.12820349509116724,-2.8808012047167226,-2.8667215713172216,-2.9079835797804443,-2.8732213115005965,-2.7940253774797355,0.11973388076171165,5.0,1.0
80,39,19.0,20.0,703,237,466,-2.913119376349906,-2.8816909258300525,True,-0.031428450519853435,-2.8808012047167226,-2.8667215713172216,-2.9079835797804443,-2.8732213115005965,-2.7940253774797355,-0.03989806484930947,1.0,-1.0
81,0,-20.0,-19.0,703,0,703,,-2.92766663767627,True,,-2.928802486061742,-2.8704136839439784,-2.9863419656752743,-2.874674116570315,-2.8121775391092823,,,
81,1,-19.0,-18.0,702,0,702,,-2.92766663767627,True,,-2.928802486061742,-2.8704136839439784,-2.9863419656752743,-2.874674116570315,-2.8121775391092823,,,
81,2,-18.0,-17.0,703,156,547,-2.8121775391092823,-2.92766663767627,True,0.11548909856698764,-2.928802486061742,-2.8704136839439784,-2.9863419656752743,-2.874674116570315,-2.8121775391092823,0.062496577461032654,5.0,1.0
81,3,-17.0,-16.0,702,186,516,-2.768863867089364,-2.92766663767627,True,0.15880277058690595,-2.928802486061742,-2.8704136839439784,-2.9863419656752743,-2.874674116570315,-2.8121775391092823,0.10581024948095097,5.0,1.0
81,4,-16.0,-15.0,703,311,392,-2.9648880657226933,-2.92766663767627,True,-0.037221428046423366,-2.928802486061742,-2.8704136839439784,-2.9863419656752743,-2.874674116570315,-2.8121775391092823,-0.09021394915237835,2.0,-0.5
81,5,-15.0,-14.0,702,20,682,-3.161190110148915,-2.92766663767627,True,-0.23352347247264493,-2.928802486061742,-2.8704136839439784,-2.9863419656752743,-2.874674116570315,-2.8121775391092823,-0.2865159935785999,1.0,-1.0
81,6,-14.0,-13.0,703,0,703,,-2.92766663767627,True,,-2.928802486061742,-2.8704136839439784,-2.9863419656752743,-2.874674116570315,-2.8121775391092823,,,
81,7,-13.0,-12.0,703,0,703,,-2.92766663767627,True,,-2.928802486061742,-2.8704136839439784,-2.9863419656752743,-2.874674116570315,-2.8121775391092823,,,
81,8,-12.0,-11.0,702,0,702,,-2.92766663767627,True,,-2.928802486061742,-2.8704136839439784,-2.9863419656752743,-2.874674116570315,-2.8121775391092823,,,
81,9,-11.0,-10.0,703,128,575,-2.9863419656752743,-2.92766663767627,True,-0.058675327999004434,-2.928802486061742,-2.8704136839439784,-2.9863419656752743,-2.874674116570315,-2.8121775391092823,-0.11166784910495942,2.0,-0.5
81,10,-10.0,-9.0,702,58,644,-3.1602667376213125,-2.92766663767627,True,-0.2326000999450426,-2.928802486061742,-2.8704136839439784,-2.9863419656752743,-2.874674116570315,-2.8121775391092823,-0.2855926210509976,1.0,-1.0
81,11,-9.0,-8.0,703,169,534,-2.7235684689838378,-2.92766663767627,True,0.20409816869243214,-2.928802486061742,-2.8704136839439784,-2.9863419656752743,-2.874674116570315,-2.8121775391092823,0.15110564758647715,5.0,1.0
81,12,-8.0,-7.0,702,24,678,-3.1399643770652204,-2.92766663767627,True,-0.21229773938895047,-2.928802486061742,-2.8704136839439784,-2.9863419656752743,-2.874674116570315,-2.8121775391092823,-0.26529026049490545,1.0,-1.0
81,13,-7.0,-6.0,703,172,531,-2.8356494078242984,-2.92766663767627,True,0.09201722985197147,-2.928802486061742,-2.8704136839439784,-2.9863419656752743,-2.874674116570315,-2.8121775391092823,0.03902470874601649,4.0,0.5
81,14,-6.0,-5.0,703,119,584,-2.781653662118997,-2.92766663767627,True,0.146012975557273,-2.928802486061742,-2.8704136839439784,-2.9863419656752743,-2.874674116570315,-2.8121775391092823,0.09302045445131801,5.0,1.0
81,15,-5.0,-4.0,702,217,485,-2.867573395526421,-2.92766663767627,True,0.06009324214984879,-2.928802486061742,-2.8704136839439784,-2.9863419656752743,-2.874674116570315,-2.8121775391092823,0.0071007210438938095,4.0,0.5
81,16,-4.0,-3.0,703,209,494,-2.874674116570315,-2.92766663767627,True,0.05299252110595498,-2.928802486061742,-2.8704136839439784,-2.9863419656752743,-2.874674116570315,-2.8121775391092823,0.0,3.0,0.0
81,17,-3.0,-2.0,702,0,702,,-2.92766663767627,True,,-2.928802486061742,-2.8704136839439784,-2.9863419656752743,-2.874674116570315,-2.8121775391092823,,,
81,18,-2.0,-1.0,703,0,703,,-2.92766663767627,True,,-2.928802486061742,-2.8704136839439784,-2.9863419656752743,-2.874674116570315,-2.8121775391092823,,,
81,19,-1.0,0.0,702,189,513,-2.982854576335572,-2.92766663767627,True,-0.05518793865930194,-2.928802486061742,-2.8704136839439784,-2.9863419656752743,-2.874674116570315,-2.8121775391092823,-0.10818045976525692,2.0,-0.5
81,20,0.0,1.0,703,143,560,-2.7381959809983867,-2.92766663767627,True,0.1894706566778832,-2.928802486061742,-2.8704136839439784,-2.9863419656752743,-2.874674116570315,-2.8121775391092823,0.13647813557192823,5.0,1.0
81,21,1.0,2.0,703,182,521,-2.9695564495197346,-2.92766663767627,True,-0.04188981184346474,-2.928802486061742,-2.8704136839439784,-2.9863419656752743,-2.874674116570315,-2.8121775391092823,-0.09488233294941928,2.0,-0.5
81,22,2.0,3.0,702,548,154,-2.8399636374699755,-2.92766663767627,True,0.0877030002062944,-2.928802486061742,-2.8704136839439784,-2.9863419656752743,-2.874674116570315,-2.8121775391092823,0.03471047910033942,4.0,0.5
81,23,3.0,4.0,703,119,584,-2.7491054478365284,-2.92766663767627,True,0.17856118983974145,-2.928802486061742,-2.8704136839439784,-2.9863419656752743,-2.874674116570315,-2.8121775391092823,0.12556866873378647,5.0,1.0
81,24,4.0,5.0,702,80,622,-3.1119776149409395,-2.92766663767627,True,-0.1843109772646696,-2.928802486061742,-2.8704136839439784,-2.9863419656752743,-2.874674116570315,-2.8121775391092823,-0.2373034983706246,1.0,-1.0
81,25,5.0,6.0,703,85,618,-2.7489092256493524,-2.92766663767627,True,0.17875741202691753,-2.928802486061742,-2.8704136839439784,-2.9863419656752743,-2.874674116570315,-2.8121775391092823,0.12576489092096255,5.0,1.0
81,26,6.0,7.0,702,248,454,-2.817626397023923,-2.92766663767627,True,0.11004024065234708,-2.928802486061742,-2.8704136839439784,-2.9863419656752743,-2.874674116570315,-2.8121775391092823,0.057047719546392095,4.0,0.5
81,27,7.0,8.0,703,222,481,-2.7119528169618836,-2.92766663767627,True,0.21571382071438627,-2.928802486061742,-2.8704136839439784,-2.9863419656752743,-2.874674116570315,-2.8121775391092823,0.16272129960843085,5.0,1.0
81,28,8.0,9.0,703,220,483,-2.8205013082548356,-2.92766663767627,True,0.10716532942143431,-2.928802486061742,-2.8704136839439784,-2.9863419656752743,-2.874674116570315,-2.8121775391092823,0.05417280831547888,4.0,0.5
81,29,9.0,10.0,702,47,655,-3.3557219593376364,-2.92766663767627,True,-0.4280553216613665,-2.928802486061742,-2.8704136839439784,-2.9863419656752743,-2.874674116570315,-2.8121775391092823,-0.4810478427673215,1.0,-1.0
81,30,10.0,11.0,703,0,703,,-2.92766663767627,True,,-2.928802486061742,-2.8704136839439784,-2.9863419656752743,-2.874674116570315,-2.8121775391092823,,,
81,31,11.0,12.0,702,0,702,,-2.92766663767627,True,,-2.928802486061742,-2.8704136839439784,-2.9863419656752743,-2.874674116570315,-2.8121775391092823,,,
81,32,12.0,13.0,703,155,548,-2.909308472713915,-2.92766663767627,True,0.018358164962354984,-2.928802486061742,-2.8704136839439784,-2.9863419656752743,-2.874674116570315,-2.8121775391092823,-0.0346343561436,3.0,0.0
81,33,13.0,14.0,702,0,702,,-2.92766663767627,True,,-2.928802486061742,-2.8704136839439784,-2.9863419656752743,-2.874674116570315,-2.8121775391092823,,,
81,34,14.0,15.0,703,156,547,-2.8542778994667706,-2.92766663767627,True,0.07338873820949932,-2.928802486061742,-2.8704136839439784,-2.9863419656752743,-2.874674116570315,-2.8121775391092823,0.020396217103544334,4.0,0.5
81,35,15.0,16.0,703,0,703,,-2.92766663767627,True,,-2.928802486061742,-2.8704136839439784,-2.9863419656752743,-2.874674116570315,-2.8121775391092823,,,
81,36,16.0,17.0,702,0,702,,-2.92766663767627,True,,-2.928802486061742,-2.8704136839439784,-2.9863419656752743,-2.874674116570315,-2.8121775391092823,,,
81,37,17.0,18.0,703,140,563,-2.8464211346156882,-2.92766663767627,True,0.08124550306058165,-2.928802486061742,-2.8704136839439784,-2.9863419656752743,-2.874674116570315,-2.8121775391092823,0.02825298195462711,4.0,0.5
81,38,18.0,19.0,702,169,533,-2.727983855250388,-2.92766663767627,True,0.199682782425882,-2.928802486061742,-2.8704136839439784,-2.9863419656752743,-2.874674116570315,-2.8121775391092823,0.14669026131992702,5.0,1.0
81,39,19.0,20.0,703,0,703,,-2.92766663767627,True,,-2.928802486061742,-2.8704136839439784,-2.9863419656752743,-2.874674116570315,-2.8121775391092823,,,
82,0,-20.0,-19.0,703,181,522,-2.9034268514866244,-2.9259138382847167,True,0.022486986798092357,-2.926108416803624,-2.921782873628908,-2.9378980701973063,-2.9243148616263106,-2.9108912938913383,0.02088801013968622,5.0,1.0
82,1,-19.0,-18.0,702,177,525,-2.9378980701973063,-2.9259138382847167,True,-0.011984231912589571,-2.926108416803624,-2.921782873628908,-2.9378980701973063,-2.9243148616263106,-2.9108912938913383,-0.013583208570995708,2.0,-0.5
82,2,-18.0,-17.0,703,171,532,-2.8459557051320794,-2.9259138382847167,True,0.07995813315263733,-2.926108416803624,-2.921782873628908,-2.9378980701973063,-2.9243148616263106,-2.9108912938913383,0.0783591564942312,5.0,1.0
82,3,-17.0,-16.0,702,178,524,-2.92009488163064,-2.9259138382847167,True,0.0058189566540769455,-2.926108416803624,-2.921782873628908,-2.9378980701973063,-2.9243148616263106,-2.9108912938913383,0.004219979995670808,4.0,0.5
82,4,-16.0,-15.0,703,0,703,,-2.9259138382847167,True,,-2.926108416803624,-2.921782873628908,-2.9378980701973063,-2.9243148616263106,-2.9108912938913383,,,
82,5,-15.0,-14.0,703,195,508,-2.9243148616263106,-2.9259138382847167,True,0.0015989766584061371,-2.926108416803624,-2.921782873628908,-2.9378980701973063,-2.9243148616263106,-2.9108912938913383,0.0,3.0,0.0
82,6,-14.0,-13.0,702,190,512,-2.9108912938913383,-2.9259138382847167,True,0.015022544393378467,-2.926108416803624,-2.921782873628908,-2.9378980701973063,-2.9243148616263106,-2.9108912938913383,0.01342356773497233,5.0,1.0
82,7,-13.0,-12.0,703,190,513,-2.9273041202551666,-2.9259138382847167,True,-0.0013902819704498803,-2.926108416803624,-2.921782873628908,-2.9378980701973063,-2.9243148616263106,-2.9108912938913383,-0.0029892586288560175,2.0,-0.5
82,8,-12.0,-11.0,702,185,517,-2.962995455196277,-2.9259138382847167,True,-0.0370816169115602,-2.926108416803624,-2.921782873628908,-2.9378980701973063,-2.9243148616263106,-2.9108912938913383,-0.03868059356996634,1.0,-1.0
82,9,-11.0,-10.0,703,163,540,-2.957917135630234,-2.9259138382847167,True,-0.0320032973455171,-2.926108416803624,-2.921782873628908,-2.9378980701973063,-2.9243148616263106,-2.9108912938913383,-0.03360227400392324,1.0,-1.0
82,10,-10.0,-9.0,702,290,412,-2.9301559502906884,-2.9259138382847167,True,-0.004242112005971688,-2.926108416803624,-2.921782873628908,-2.9378980701973063,-2.9243148616263106,-2.9108912938913383,-0.005841088664377825,2.0,-0.5
82,11,-9.0,-8.0,703,134,569,-2.9194249314165295,-2.9259138382847167,True,0.006488906868187261,-2.926108416803624,-2.921782873628908,-2.9378980701973063,-2.9243148616263106,-2.9108912938913383,0.004889930209781568,4.0,0.5
82,12,-8.0,-7.0,703,159,544,-3.0250440949905237,-2.9259138382847167,True,-0.099130256705807,-2.926108416803624,-2.921782873628908,-2.9378980701973063,-2.9243148616263106,-2.9108912938913383,-0.10072923336421358,1.0,-1.0
82,13,-7.0,-6.0,702,108,594,-2.87145654595759,-2.9259138382847167,True,0.054457292327126705,-2.926108416803624,-2.921782873628908,-2.9378980701973063,-2.9243148616263106,-2.9108912938913383,0.05285831566872057,5.0,1.0
82,14,-6.0,-5.0,703,0,703,,-2.9259138382847167,True,,-2.926108416803624,-2.921782873628908,-2.9378980701973063,-2.9243148616263106,-2.9108912938913383,,,
82,15,-5.0,-4.0,702,0,702,,-2.9259138382847167,True,,-2.926108416803624,-2.921782873628908,-2.9378980701973063,-2.9243148616263106,-2.9108912938913383,,,
82,16,-4.0,-3.0,703,0,703,,-2.9259138382847167,True,,-2.926108416803624,-2.921782873628908,-2.9378980701973063,-2.9243148616263106,-2.9108912938913383,,,
82,17,-3.0,-2.0,702,0,702,,-2.9259138382847167,True,,-2.926108416803624,-2.921782873628908,-2.9378980701973063,-2.9243148616263106,-2.9108912938913383,,,
82,18,-2.0,-1.0,703,0,703,,-2.9259138382847167,True,,-2.926108416803624,-2.921782873628908,-2.9378980701973063,-2.9243148616263106,-2.9108912938913383,,,
82,19,-1.0,0.0,703,0,703,,-2.9259138382847167,True,,-2.926108416803624,-2.921782873628908,-2.9378980701973063,-2.9243148616263106,-2.9108912938913383,,,
82,20,0.0,1.0,702,0,702,,-2.9259138382847167,True,,-2.926108416803624,-2.921782873628908,-2.9378980701973063,-2.9243148616263106,-2.9108912938913383,,,
82,21,1.0,2.0,703,85,618,-2.9923047049344293,-2.9259138382847167,True,-0.06639086664971261,-2.926108416803624,-2.921782873628908,-2.9378980701973063,-2.9243148616263106,-2.9108912938913383,-0.06798984330811875,1.0,-1.0
82,22,2.0,3.0,702,146,556,-2.942541912846418,-2.9259138382847167,True,-0.016628074561701123,-2.926108416803624,-2.921782873628908,-2.9378980701973063,-2.9243148616263106,-2.9108912938913383,-0.01822705122010726,1.0,-1.0
82,23,3.0,4.0,703,158,545,-2.852544203243073,-2.9259138382847167,True,0.07336963504164373,-2.926108416803624,-2.921782873628908,-2.9378980701973063,-2.9243148616263106,-2.9108912938913383,0.0717706583832376,5.0,1.0
82,24,4.0,5.0,702,160,542,-2.8653398860817774,-2.9259138382847167,True,0.060573952202939374,-2.926108416803624,-2.921782873628908,-2.9378980701973063,-2.9243148616263106,-2.9108912938913383,0.05897497554453324,5.0,1.0
82,25,5.0,6.0,703,175,528,-2.85854612238972,-2.9259138382847167,True,0.06736771589499657,-2.926108416803624,-2.921782873628908,-2.9378980701973063,-2.9243148616263106,-2.9108912938913383,0.06576873923659043,5.0,1.0
82,26,6.0,7.0,703,242,461,-2.989758597721748,-2.9259138382847167,True,-0.06384475943703105,-2.926108416803624,-2.921782873628908,-2.9378980701973063,-2.9243148616263106,-2.9108912938913383,-0.06544373609543719,1.0,-1.0
82,27,7.0,8.0,702,203,499,-2.8912325251470685,-2.9259138382847167,True,0.03468131313764822,-2.926108416803624,-2.921782873628908,-2.9378980701973063,-2.9243148616263106,-2.9108912938913383,0.03308233647924208,5.0,1.0
82,28,8.0,9.0,703,214,489,-2.823950884575949,-2.9259138382847167,True,0.10196295370876785,-2.926108416803624,-2.921782873628908,-2.9378980701973063,-2.9243148616263106,-2.9108912938913383,0.10036397705036171,5.0,1.0
82,29,9.0,10.0,702,202,500,-2.82101843630235,-2.9259138382847167,True,0.10489540198236691,-2.926108416803624,-2.921782873628908,-2.9378980701973063,-2.9243148616263106,-2.9108912938913383,0.10329642532396077,5.0,1.0
82,30,10.0,11.0,703,57,646,-2.9889977201005378,-2.9259138382847167,True,-0.06308388181582103,-2.926108416803624,-2.921782873628908,-2.9378980701973063,-2.9243148616263106,-2.9108912938913383,-0.06468285847422717,1.0,-1.0
82,31,11.0,12.0,702,101,601,-2.861813100565108,-2.9259138382847167,True,0.06410073771960878,-2.926108416803624,-2.921782873628908,-2.9378980701973063,-2.9243148616263106,-2.9108912938913383,0.06250176106120264,5.0,1.0
82,32,12.0,13.0,703,148,555,-2.817827162657453,-2.9259138382847167,True,0.1080866756272636,-2.926108416803624,-2.921782873628908,-2.9378980701973063,-2.9243148616263106,-2.9108912938913383,0.10648769896885746,5.0,1.0
82,33,13.0,14.0,703,200,503,-2.8639523855137816,-2.9259138382847167,True,0.06196145277093512,-2.926108416803624,-2.921782873628908,-2.9378980701973063,-2.9243148616263106,-2.9108912938913383,0.060362476112528984,5.0,1.0
82,34,14.0,15.0,702,197,505,-2.832641418185857,-2.9259138382847167,True,0.09327242009885994,-2.926108416803624,-2.921782873628908,-2.9378980701973063,-2.9243148616263106,-2.9108912938913383,0.0916734434404538,5.0,1.0
82,35,15.0,16.0,703,154,549,-2.919590512008454,-2.9259138382847167,True,0.006323326276262531,-2.926108416803624,-2.921782873628908,-2.9378980701973063,-2.9243148616263106,-2.9108912938913383,0.004724349617856394,4.0,0.5
82,36,16.0,17.0,702,143,559,-3.015159670349524,-2.9259138382847167,True,-0.0892458320648073,-2.926108416803624,-2.921782873628908,-2.9378980701973063,-2.9243148616263106,-2.9108912938913383,-0.09084480872321343,1.0,-1.0
82,37,17.0,18.0,703,174,529,-2.8961768197911626,-2.9259138382847167,True,0.029737018493554146,-2.926108416803624,-2.921782873628908,-2.9378980701973063,-2.9243148616263106,-2.9108912938913383,0.02813804183514801,5.0,1.0
82,38,18.0,19.0,702,0,702,,-2.9259138382847167,True,,-2.926108416803624,-2.921782873628908,-2.9378980701973063,-2.9243148616263106,-2.9108912938913383,,,
82,39,19.0,20.0,703,0,703,,-2.9259138382847167,True,,-2.926108416803624,-2.921782873628908,-2.9378980701973063,-2.9243148616263106,-2.9108912938913383,,,
83,0,-20.0,-19.0,703,251,452,-2.7144620363338756,-2.814113460383704,True,0.0996514240498283,-2.8088890754220803,-2.806329090457083,-2.8792413828559926,-2.808550124906154,-2.7702204587954906,0.09408808857227813,5.0,1.0
83,1,-19.0,-18.0,702,123,579,-2.9288931965365284,-2.814113460383704,True,-0.11477973615282444,-2.8088890754220803,-2.806329090457083,-2.8792413828559926,-2.808550124906154,-2.7702204587954906,-0.12034307163037417,1.0,-1.0
83,2,-18.0,-17.0,703,92,611,-2.750057348305152,-2.814113460383704,True,0.06405611207855211,-2.8088890754220803,-2.806329090457083,-2.8792413828559926,-2.808550124906154,-2.7702204587954906,0.05849277660100238,5.0,1.0
83,3,-17.0,-16.0,702,0,702,,-2.814113460383704,True,,-2.8088890754220803,-2.806329090457083,-2.8792413828559926,-2.808550124906154,-2.7702204587954906,,,
83,4,-16.0,-15.0,703,0,703,,-2.814113460383704,True,,-2.8088890754220803,-2.806329090457083,-2.8792413828559926,-2.808550124906154,-2.7702204587954906,,,
83,5,-15.0,-14.0,703,0,703,,-2.814113460383704,True,,-2.8088890754220803,-2.806329090457083,-2.8792413828559926,-2.808550124906154,-2.7702204587954906,,,
83,6,-14.0,-13.0,702,236,466,-2.8104777282845523,-2.814113460383704,True,0.0036357320991515785,-2.8088890754220803,-2.806329090457083,-2.8792413828559926,-2.808550124906154,-2.7702204587954906,-0.001927603378398146,2.0,-0.5
83,7,-13.0,-12.0,703,210,493,-2.898022796769768,-2.814113460383704,True,-0.08390933638606413,-2.8088890754220803,-2.806329090457083,-2.8792413828559926,-2.808550124906154,-2.7702204587954906,-0.08947267186361385,1.0,-1.0
83,8,-12.0,-11.0,702,230,472,-2.7832230474723776,-2.814113460383704,True,0.030890412911326326,-2.8088890754220803,-2.806329090457083,-2.8792413828559926,-2.808550124906154,-2.7702204587954906,0.0253270774337766,4.0,0.5
83,9,-11.0,-10.0,703,324,379,-2.7702204587954906,-2.814113460383704,True,0.0438930015882133,-2.8088890754220803,-2.806329090457083,-2.8792413828559926,-2.808550124906154,-2.7702204587954906,0.038329666110663574,5.0,1.0
83,10,-10.0,-9.0,702,146,556,-2.6835196377997135,-2.814113460383704,True,0.13059382258399044,-2.8088890754220803,-2.806329090457083,-2.8792413828559926,-2.808550124906154,-2.7702204587954906,0.12503048710644116,5.0,1.0
83,11,-9.0,-8.0,703,205,498,-2.9428437836714734,-2.814113460383704,True,-0.12873032328776945,-2.8088890754220803,-2.806329090457083,-2.8792413828559926,-2.808550124906154,-2.7702204587954906,-0.13429365876531918,1.0,-1.0
83,12,-8.0,-7.0,703,248,455,-2.8792413828559926,-2.814113460383704,True,-0.06512792247228871,-2.8088890754220803,-2.806329090457083,-2.8792413828559926,-2.808550124906154,-2.7702204587954906,-0.07069125794983844,2.0,-0.5
83,13,-7.0,-6.0,702,362,340,-2.8048484008243686,-2.814113460383704,True,0.00926505955933532,-2.8088890754220803,-2.806329090457083,-2.8792413828559926,-2.808550124906154,-2.7702204587954906,0.0037017240817855956,4.0,0.5
83,14,-6.0,-5.0,703,0,703,,-2.814113460383704,True,,-2.8088890754220803,-2.806329090457083,-2.8792413828559926,-2.808550124906154,-2.7702204587954906,,,
83,15,-5.0,-4.0,702,182,520,-2.808550124906154,-2.814113460383704,True,0.005563335477549725,-2.8088890754220803,-2.806329090457083,-2.8792413828559926,-2.808550124906154,-2.7702204587954906,0.0,3.0,0.0
83,16,-4.0,-3.0,703,0,703,,-2.814113460383704,True,,-2.8088890754220803,-2.806329090457083,-2.8792413828559926,-2.808550124906154,-2.7702204587954906,,,
83,17,-3.0,-2.0,702,0,702,,-2.814113460383704,True,,-2.8088890754220803,-2.806329090457083,-2.8792413828559926,-2.808550124906154,-2.7702204587954906,,,
83,18,-2.0,-1.0,703,0,703,,-2.814113460383704,True,,-2.8088890754220803,-2.806329090457083,-2.8792413828559926,-2.808550124906154,-2.7702204587954906,,,
83,19,-1.0,0.0,703,683,20,-2.809115042432698,-2.814113460383704,True,0.004998417951005862,-2.8088890754220803,-2.806329090457083,-2.8792413828559926,-2.808550124906154,-2.7702204587954906,-0.0005649175265438622,2.0,-0.5
83,20,0.0,1.0,702,60,642,-2.70313937911703,-2.814113460383704,True,0.11097408126667396,-2.8088890754220803,-2.806329090457083,-2.8792413828559926,-2.808550124906154,-2.7702204587954906,0.10541074578912424,5.0,1.0
83,21,1.0,2.0,703,152,551,-2.7415596946410865,-2.814113460383704,True,0.0725537657426174,-2.8088890754220803,-2.806329090457083,-2.8792413828559926,-2.808550124906154,-2.7702204587954906,0.06699043026506768,5.0,1.0
83,22,2.0,3.0,702,187,515,-2.86194580258588,-2.814113460383704,True,-0.047832342202176026,-2.8088890754220803,-2.806329090457083,-2.8792413828559926,-2.808550124906154,-2.7702204587954906,-0.05339567767972575,2.0,-0.5
83,23,3.0,4.0,703,203,500,-2.885715013245569,-2.814113460383704,True,-0.07160155286186498,-2.8088890754220803,-2.806329090457083,-2.8792413828559926,-2.808550124906154,-2.7702204587954906,-0.0771648883394147,1.0,-1.0
83,24,4.0,5.0,702,245,457,-2.8284815531174368,-2.814113460383704,True,-0.014368092733732851,-2.8088890754220803,-2.806329090457083,-2.8792413828559926,-2.808550124906154,-2.7702204587954906,-0.019931428211282576,2.0,-0.5
83,25,5.0,6.0,703,46,657,-2.8014781653857956,-2.814113460383704,True,0.012635294997908275,-2.8088890754220803,-2.806329090457083,-2.8792413828559926,-2.808550124906154,-2.7702204587954906,0.0070719595203581065,4.0,0.5
83,26,6.0,7.0,703,155,548,-2.8180828251035335,-2.814113460383704,True,-0.00396936471982956,-2.8088890754220803,-2.806329090457083,-2.8792413828559926,-2.808550124906154,-2.7702204587954906,-0.00953270019737884,2.0,-0.5
83,27,7.0,8.0,702,234,468,-3.0578095462480137,-2.814113460383704,True,-0.2436960858643098,-2.8088890754220803,-2.806329090457083,-2.8792413828559926,-2.808550124906154,-2.7702204587954906,-0.24925942134185952,1.0,-1.0
83,28,8.0,9.0,703,340,363,-2.9160491243531057,-2.814113460383704,True,-0.10193566396940179,-2.8088890754220803,-2.806329090457083,-2.8792413828559926,-2.808550124906154,-2.7702204587954906,-0.10749899944695152,1.0,-1.0
83,29,9.0,10.0,702,189,513,-2.787878407671644,-2.814113460383704,True,0.026235052712059836,-2.8088890754220803,-2.806329090457083,-2.8792413828559926,-2.808550124906154,-2.7702204587954906,0.020671717234510112,4.0,0.5
83,30,10.0,11.0,703,156,547,-2.7336836957092667,-2.814113460383704,True,0.08042976467443719,-2.8088890754220803,-2.806329090457083,-2.8792413828559926,-2.808550124906154,-2.7702204587954906,0.07486642919688746,5.0,1.0
83,31,11.0,12.0,702,60,642,-3.108791913151923,-2.814113460383704,True,-0.29467845276821913,-2.8088890754220803,-2.806329090457083,-2.8792413828559926,-2.808550124906154,-2.7702204587954906,-0.30024178824576886,1.0,-1.0
83,32,12.0,13.0,703,129,574,-2.819357070173065,-2.814113460383704,True,-0.005243609789360892,-2.8088890754220803,-2.806329090457083,-2.8792413828559926,-2.808550124906154,-2.7702204587954906,-0.010806945266910617,2.0,-0.5
83,33,13.0,14.0,703,183,520,-2.8908856684500193,-2.814113460383704,True,-0.07677220806631535,-2.8088890754220803,-2.806329090457083,-2.8792413828559926,-2.808550124906154,-2.7702204587954906,-0.08233554354386552,1.0,-1.0
83,34,14.0,15.0,702,308,394,-2.831853487529406,-2.814113460383704,True,-0.017740027145701998,-2.8088890754220803,-2.806329090457083,-2.8792413828559926,-2.808550124906154,-2.7702204587954906,-0.023303362623251722,2.0,-0.5
83,35,15.0,16.0,703,206,497,-2.7935652132686566,-2.814113460383704,True,0.020548247115047324,-2.8088890754220803,-2.806329090457083,-2.8792413828559926,-2.808550124906154,-2.7702204587954906,0.0149849116374976,4.0,0.5
83,36,16.0,17.0,702,130,572,-2.794172725259244,-2.814113460383704,True,0.01994073512446004,-2.8088890754220803,-2.806329090457083,-2.8792413828559926,-2.808550124906154,-2.7702204587954906,0.014377399646910316,4.0,0.5
83,37,17.0,18.0,703,154,549,-2.8802238158371862,-2.814113460383704,True,-0.06611035545348232,-2.8088890754220803,-2.806329090457083,-2.8792413828559926,-2.808550124906154,-2.7702204587954906,-0.07167369093103204,1.0,-1.0
83,38,18.0,19.0,702,134,568,-2.961036647141968,-2.814113460383704,True,-0.1469231867582641,-2.8088890754220803,-2.806329090457083,-2.8792413828559926,-2.808550124906154,-2.7702204587954906,-0.15248652223581383,1.0,-1.0
83,39,19.0,20.0,703,235,468,-2.925550828164415,-2.814113460383704,True,-0.11143736778071123,-2.8088890754220803,-2.806329090457083,-2.8792413828559926,-2.808550124906154,-2.7702204587954906,-0.11700070325826095,1.0,-1.0
84,0,-20.0,-19.0,703,0,703,,-2.9266057778484376,True,,-2.9479854848690223,-2.925239643867887,-2.9855532394062787,-2.9324348573391896,-2.7838872599163693,,,
84,1,-19.0,-18.0,702,577,125,-2.7838872599163693,-2.9266057778484376,True,0.14271851793206825,-2.9479854848690223,-2.925239643867887,-2.9855532394062787,-2.9324348573391896,-2.7838872599163693,0.1485475974228203,5.0,1.0
84,2,-18.0,-17.0,703,31,672,-3.2266886830025827,-2.9266057778484376,True,-0.30008290515414515,-2.9479854848690223,-2.925239643867887,-2.9855532394062787,-2.9324348573391896,-2.7838872599163693,-0.2942538256633931,1.0,-1.0
84,3,-17.0,-16.0,702,172,530,-2.9532903314698764,-2.9266057778484376,True,-0.026684553621438845,-2.9479854848690223,-2.925239643867887,-2.9855532394062787,-2.9324348573391896,-2.7838872599163693,-0.02085547413068678,2.0,-0.5
84,4,-16.0,-15.0,703,187,516,-2.9324348573391896,-2.9266057778484376,True,-0.005829079490752065,-2.9479854848690223,-2.925239643867887,-2.9855532394062787,-2.9324348573391896,-2.7838872599163693,0.0,3.0,0.0
84,5,-15.0,-14.0,702,204,498,-2.818556218003299,-2.9266057778484376,True,0.10804955984513853,-2.9479854848690223,-2.925239643867887,-2.9855532394062787,-2.9324348573391896,-2.7838872599163693,0.1138786393358906,4.0,0.5
84,6,-14.0,-13.0,703,170,533,-2.9855532394062787,-2.9266057778484376,True,-0.05894746155784114,-2.9479854848690223,-2.925239643867887,-2.9855532394062787,-2.9324348573391896,-2.7838872599163693,-0.053118382067089076,2.0,-0.5
84,7,-13.0,-12.0,703,146,557,-2.9938158521024145,-2.9266057778484376,True,-0.06721007425397696,-2.9479854848690223,-2.925239643867887,-2.9855532394062787,-2.9324348573391896,-2.7838872599163693,-0.061380994763224894,1.0,-1.0
84,8,-12.0,-11.0,702,0,702,,-2.9266057778484376,True,,-2.9479854848690223,-2.925239643867887,-2.9855532394062787,-2.9324348573391896,-2.7838872599163693,,,
84,9,-11.0,-10.0,703,184,519,-2.9544035919222087,-2.9266057778484376,True,-0.027797814073771132,-2.9479854848690223,-2.925239643867887,-2.9855532394062787,-2.9324348573391896,-2.7838872599163693,-0.021968734583019067,2.0,-0.5
84,10,-10.0,-9.0,702,249,453,-2.993907530498647,-2.9266057778484376,True,-0.06730175265020932,-2.9479854848690223,-2.925239643867887,-2.9855532394062787,-2.9324348573391896,-2.7838872599163693,-0.06147267315945726,1.0,-1.0
84,11,-9.0,-8.0,703,155,548,-2.9518731417514807,-2.9266057778484376,True,-0.025267363903043183,-2.9479854848690223,-2.925239643867887,-2.9855532394062787,-2.9324348573391896,-2.7838872599163693,-0.019438284412291118,2.0,-0.5
84,12,-8.0,-7.0,702,189,513,-2.874341828492625,-2.9266057778484376,True,0.05226394935581258,-2.9479854848690223,-2.925239643867887,-2.9855532394062787,-2.9324348573391896,-2.7838872599163693,0.05809302884656464,4.0,0.5
84,13,-7.0,-6.0,703,211,492,-2.74453290681972,-2.9266057778484376,True,0.1820728710287174,-2.9479854848690223,-2.925239643867887,-2.9855532394062787,-2.9324348573391896,-2.7838872599163693,0.18790195051946945,5.0,1.0
84,14,-6.0,-5.0,703,200,503,-2.9234408405000614,-2.9266057778484376,True,0.0031649373483761956,-2.9479854848690223,-2.925239643867887,-2.9855532394062787,-2.9324348573391896,-2.7838872599163693,0.00899401683912826,4.0,0.5
84,15,-5.0,-4.0,702,197,505,-2.6685120603641104,-2.9266057778484376,True,0.2580937174843272,-2.9479854848690223,-2.925239643867887,-2.9855532394062787,-2.9324348573391896,-2.7838872599163693,0.26392279697507925,5.0,1.0
84,16,-4.0,-3.0,703,8,695,-3.458908556345105,-2.9266057778484376,True,-0.5323027784966676,-2.9479854848690223,-2.925239643867887,-2.9855532394062787,-2.9324348573391896,-2.7838872599163693,-0.5264736990059156,1.0,-1.0
84,17,-3.0,-2.0,702,0,702,,-2.9266057778484376,True,,-2.9479854848690223,-2.925239643867887,-2.9855532394062787,-2.9324348573391896,-2.7838872599163693,,,
84,18,-2.0,-1.0,703,163,540,-2.7407796890331344,-2.9266057778484376,True,0.18582608881530316,-2.9479854848690223,-2.925239643867887,-2.9855532394062787,-2.9324348573391896,-2.7838872599163693,0.19165516830605522,5.0,1.0
84,19,-1.0,0.0,702,187,515,-2.7473716364563328,-2.9266057778484376,True,0.1792341413921048,-2.9479854848690223,-2.925239643867887,-2.9855532394062787,-2.9324348573391896,-2.7838872599163693,0.18506322088285687,5.0,1.0
84,20,0.0,1.0,703,141,562,-2.768942993181944,-2.9266057778484376,True,0.15766278466649375,-2.9479854848690223,-2.925239643867887,-2.9855532394062787,-2.9324348573391896,-2.7838872599163693,0.16349186415724581,5.0,1.0
84,21,1.0,2.0,703,152,551,-2.7844615011284786,-2.9266057778484376,True,0.142144276719959,-2.9479854848690223,-2.925239643867887,-2.9855532394062787,-2.9324348573391896,-2.7838872599163693,0.14797335621071106,4.0,0.5
84,22,2.0,3.0,702,164,538,-2.8005231961495656,-2.9266057778484376,True,0.126082581698872,-2.9479854848690223,-2.925239643867887,-2.9855532394062787,-2.9324348573391896,-2.7838872599163693,0.13191166118962405,4.0,0.5
84,23,3.0,4.0,703,137,566,-2.9327412819167975,-2.9266057778484376,True,-0.006135504068359943,-2.9479854848690223,-2.925239643867887,-2.9855532394062787,-2.9324348573391896,-2.7838872599163693,-0.0003064245776074337,3.0,0.0
84,24,4.0,5.0,702,314,388,-2.7316174690977735,-2.9266057778484376,True,0.19498830875066409,-2.9479854848690223,-2.925239643867887,-2.9855532394062787,-2.9324348573391896,-2.7838872599163693,0.2008173882414166,5.0,1.0
84,25,5.0,6.0,703,189,514,-2.8584179029160506,-2.9266057778484376,True,0.06818787493238698,-2.9479854848690223,-2.925239643867887,-2.9855532394062787,-2.9324348573391896,-2.7838872599163693,0.07401695442313905,4.0,0.5
84,26,6.0,7.0,702,122,580,-3.0860789767344268,-2.9266057778484376,True,-0.1594731988859892,-2.9479854848690223,-2.925239643867887,-2.9855532394062787,-2.9324348573391896,-2.7838872599163693,-0.15364411939523714,1.0,-1.0
84,27,7.0,8.0,703,137,566,-2.67238341652649,-2.9266057778484376,True,0.2542223613219474,-2.9479854848690223,-2.925239643867887,-2.9855532394062787,-2.9324348573391896,-2.7838872599163693,0.2600514408126995,5.0,1.0
84,28,8.0,9.0,703,294,409,-2.5949250223255635,-2.9266057778484376,True,0.331680755522874,-2.9479854848690223,-2.925239643867887,-2.9855532394062787,-2.9324348573391896,-2.7838872599163693,0.3375098350136261,5.0,1.0
84,29,9.0,10.0,702,0,702,,-2.9266057778484376,True,,-2.9479854848690223,-2.925239643867887,-2.9855532394062787,-2.9324348573391896,-2.7838872599163693,,,
84,30,10.0,11.0,703,187,516,-2.4505959778100443,-2.9266057778484376,True,0.4760098000383932,-2.9479854848690223,-2.925239643867887,-2.9855532394062787,-2.9324348573391896,-2.7838872599163693,0.4818388795291453,5.0,1.0
84,31,11.0,12.0,702,0,702,,-2.9266057778484376,True,,-2.9479854848690223,-2.925239643867887,-2.9855532394062787,-2.9324348573391896,-2.7838872599163693,,,
84,32,12.0,13.0,703,0,703,,-2.9266057778484376,True,,-2.9479854848690223,-2.925239643867887,-2.9855532394062787,-2.9324348573391896,-2.7838872599163693,,,
84,33,13.0,14.0,702,0,702,,-2.9266057778484376,True,,-2.9479854848690223,-2.925239643867887,-2.9855532394062787,-2.9324348573391896,-2.7838872599163693,,,
84,34,14.0,15.0,703,0,703,,-2.9266057778484376,True,,-2.9479854848690223,-2.925239643867887,-2.9855532394062787,-2.9324348573391896,-2.7838872599163693,,,
84,35,15.0,16.0,703,0,703,,-2.9266057778484376,True,,-2.9479854848690223,-2.925239643867887,-2.9855532394062787,-2.9324348573391896,-2.7838872599163693,,,
84,36,16.0,17.0,702,92,610,-2.9063701307303877,-2.9266057778484376,True,0.020235647118049815,-2.9479854848690223,-2.925239643867887,-2.9855532394062787,-2.9324348573391896,-2.7838872599163693,0.026064726608801436,4.0,0.5
84,37,17.0,18.0,703,109,594,-2.92372934560111,-2.9266057778484376,True,0.002876432247327365,-2.9479854848690223,-2.925239643867887,-2.9855532394062787,-2.9324348573391896,-2.7838872599163693,0.00870551173807943,4.0,0.5
84,38,18.0,19.0,702,158,544,-2.8619890215810386,-2.9266057778484376,True,0.06461675626739893,-2.9479854848690223,-2.925239643867887,-2.9855532394062787,-2.9324348573391896,-2.7838872599163693,0.07044583575815144,4.0,0.5
84,39,19.0,20.0,703,212,491,-2.9846185278013464,-2.9266057778484376,True,-0.05801274995290884,-2.9479854848690223,-2.925239643867887,-2.9855532394062787,-2.9324348573391896,-2.7838872599163693,-0.05218367046215677,2.0,-0.5
85,0,-20.0,-19.0,702,210,492,-2.8197254531922393,-2.876432227896187,True,0.056706774703947804,-2.8984903372300628,-2.876824261925193,-2.941221108052618,-2.8975808596695694,-2.8209451424387724,0.07785540647732958,5.0,1.0
85,1,-19.0,-18.0,703,161,542,-2.770823441987771,-2.876432227896187,True,0.10560878590841627,-2.8984903372300628,-2.876824261925193,-2.941221108052618,-2.8975808596695694,-2.8209451424387724,0.1267574176817985,5.0,1.0
85,2,-18.0,-17.0,703,0,703,,-2.876432227896187,True,,-2.8984903372300628,-2.876824261925193,-2.941221108052618,-2.8975808596695694,-2.8209451424387724,,,
85,3,-17.0,-16.0,702,0,702,,-2.876432227896187,True,,-2.8984903372300628,-2.876824261925193,-2.941221108052618,-2.8975808596695694,-2.8209451424387724,,,
85,4,-16.0,-15.0,703,0,703,,-2.876432227896187,True,,-2.8984903372300628,-2.876824261925193,-2.941221108052618,-2.8975808596695694,-2.8209451424387724,,,
85,5,-15.0,-14.0,702,0,702,,-2.876432227896187,True,,-2.8984903372300628,-2.876824261925193,-2.941221108052618,-2.8975808596695694,-2.8209451424387724,,,
85,6,-14.0,-13.0,703,508,195,-2.822164831685305,-2.876432227896187,True,0.05426739621088217,-2.8984903372300628,-2.876824261925193,-2.941221108052618,-2.8975808596695694,-2.8209451424387724,0.07541602798426439,4.0,0.5
85,7,-13.0,-12.0,702,0,702,,-2.876432227896187,True,,-2.8984903372300628,-2.876824261925193,-2.941221108052618,-2.8975808596695694,-2.8209451424387724,,,
85,8,-12.0,-11.0,703,0,703,,-2.876432227896187,True,,-2.8984903372300628,-2.876824261925193,-2.941221108052618,-2.8975808596695694,-2.8209451424387724,,,
85,9,-11.0,-10.0,703,0,703,,-2.876432227896187,True,,-2.8984903372300628,-2.876824261925193,-2.941221108052618,-2.8975808596695694,-2.8209451424387724,,,
85,10,-10.0,-9.0,702,232,470,-2.9474727741925437,-2.876432227896187,True,-0.07104054629635659,-2.8984903372300628,-2.876824261925193,-2.941221108052618,-2.8975808596695694,-2.8209451424387724,-0.04989191452297481,1.0,-1.0
85,11,-9.0,-8.0,703,244,459,-2.960838586429128,-2.876432227896187,True,-0.08440635853294065,-2.8984903372300628,-2.876824261925193,-2.941221108052618,-2.8975808596695694,-2.8209451424387724,-0.06325772675955843,1.0,-1.0
85,12,-8.0,-7.0,702,0,702,,-2.876432227896187,True,,-2.8984903372300628,-2.876824261925193,-2.941221108052618,-2.8975808596695694,-2.8209451424387724,,,
85,13,-7.0,-6.0,703,304,399,-2.899399814790556,-2.876432227896187,True,-0.022967586894369063,-2.8984903372300628,-2.876824261925193,-2.941221108052618,-2.8975808596695694,-2.8209451424387724,-0.0018189551209868426,2.0,-0.5
85,14,-6.0,-5.0,702,253,449,-2.7338145196801475,-2.876432227896187,True,0.14261770821603958,-2.8984903372300628,-2.876824261925193,-2.941221108052618,-2.8975808596695694,-2.8209451424387724,0.1637663399894218,5.0,1.0
85,15,-5.0,-4.0,703,43,660,-2.934969441912692,-2.876432227896187,True,-0.0585372140165048,-2.8984903372300628,-2.876824261925193,-2.941221108052618,-2.8975808596695694,-2.8209451424387724,-0.03738858224312258,2.0,-0.5
85,16,-4.0,-3.0,703,395,308,-2.856067664180817,-2.876432227896187,True,0.02036456371537021,-2.8984903372300628,-2.876824261925193,-2.941221108052618,-2.8975808596695694,-2.8209451424387724,0.04151319548875243,4.0,0.5
85,17,-3.0,-2.0,702,241,461,-2.9978971191372907,-2.876432227896187,True,-0.1214648912411036,-2.8984903372300628,-2.876824261925193,-2.941221108052618,-2.8975808596695694,-2.8209451424387724,-0.10031625946772138,1.0,-1.0
85,18,-2.0,-1.0,703,194,509,-2.8975808596695694,-2.876432227896187,True,-0.02114863177338222,-2.8984903372300628,-2.876824261925193,-2.941221108052618,-2.8975808596695694,-2.8209451424387724,0.0,3.0,0.0
85,19,-1.0,0.0,702,0,702,,-2.876432227896187,True,,-2.8984903372300628,-2.876824261925193,-2.941221108052618,-2.8975808596695694,-2.8209451424387724,,,
85,20,0.0,1.0,703,0,703,,-2.876432227896187,True,,-2.8984903372300628,-2.876824261925193,-2.941221108052618,-2.8975808596695694,-2.8209451424387724,,,
85,21,1.0,2.0,702,0,702,,-2.876432227896187,True,,-2.8984903372300628,-2.876824261925193,-2.941221108052618,-2.8975808596695694,-2.8209451424387724,,,
85,22,2.0,3.0,703,0,703,,-2.876432227896187,True,,-2.8984903372300628,-2.876824261925193,-2.941221108052618,-2.8975808596695694,-2.8209451424387724,,,
85,23,3.0,4.0,703,495,208,-2.8551815744564792,-2.876432227896187,True,0.02125065343970789,-2.8984903372300628,-2.876824261925193,-2.941221108052618,-2.8975808596695694,-2.8209451424387724,0.04239928521309011,4.0,0.5
85,24,4.0,5.0,702,0,702,,-2.876432227896187,True,,-2.8984903372300628,-2.876824261925193,-2.941221108052618,-2.8975808596695694,-2.8209451424387724,,,
85,25,5.0,6.0,703,0,703,,-2.876432227896187,True,,-2.8984903372300628,-2.876824261925193,-2.941221108052618,-2.8975808596695694,-2.8209451424387724,,,
85,26,6.0,7.0,702,0,702,,-2.876432227896187,True,,-2.8984903372300628,-2.876824261925193,-2.941221108052618,-2.8975808596695694,-2.8209451424387724,,,
85,27,7.0,8.0,703,85,618,-2.8241820108283546,-2.876432227896187,True,0.052250217067832505,-2.8984903372300628,-2.876824261925193,-2.941221108052618,-2.8975808596695694,-2.8209451424387724,0.07339884884121517,4.0,0.5
85,28,8.0,9.0,702,96,606,-2.9973981026122947,-2.876432227896187,True,-0.12096587471610754,-2.8984903372300628,-2.876824261925193,-2.941221108052618,-2.8975808596695694,-2.8209451424387724,-0.09981724294272531,1.0,-1.0
85,29,9.0,10.0,703,280,423,-2.8126858806899278,-2.876432227896187,True,0.06374634720625938,-2.8984903372300628,-2.876824261925193,-2.941221108052618,-2.8975808596695694,-2.8209451424387724,0.08489497897964116,5.0,1.0
85,30,10.0,11.0,703,0,703,,-2.876432227896187,True,,-2.8984903372300628,-2.876824261925193,-2.941221108052618,-2.8975808596695694,-2.8209451424387724,,,
85,31,11.0,12.0,702,179,523,-2.8348546956862477,-2.876432227896187,True,0.04157753220993943,-2.8984903372300628,-2.876824261925193,-2.941221108052618,-2.8975808596695694,-2.8209451424387724,0.0627261639833212,4.0,0.5
85,32,12.0,13.0,703,205,498,-2.84783116420927,-2.876432227896187,True,0.028601063686917172,-2.8984903372300628,-2.876824261925193,-2.941221108052618,-2.8975808596695694,-2.8209451424387724,0.04974969546029939,4.0,0.5
85,33,13.0,14.0,702,161,541,-2.8445237586413636,-2.876432227896187,True,0.03190846925482349,-2.8984903372300628,-2.876824261925193,-2.941221108052618,-2.8975808596695694,-2.8209451424387724,0.05305710102820527,4.0,0.5
85,34,14.0,15.0,703,187,516,-2.7860511452020558,-2.876432227896187,True,0.09038108269413136,-2.8984903372300628,-2.876824261925193,-2.941221108052618,-2.8975808596695694,-2.8209451424387724,0.11152971446751314,5.0,1.0
85,35,15.0,16.0,702,218,484,-2.8848645888599043,-2.876432227896187,True,-0.008432360963717134,-2.8984903372300628,-2.876824261925193,-2.941221108052618,-2.8975808596695694,-2.8209451424387724,0.012716270809665087,3.0,0.0
85,36,16.0,17.0,703,191,512,-2.7884130090779182,-2.876432227896187,True,0.08801921881826891,-2.8984903372300628,-2.876824261925193,-2.941221108052618,-2.8975808596695694,-2.8209451424387724,0.10916785059165113,5.0,1.0
85,37,17.0,18.0,703,0,703,,-2.876432227896187,True,,-2.8984903372300628,-2.876824261925193,-2.941221108052618,-2.8975808596695694,-2.8209451424387724,,,
85,38,18.0,19.0,702,188,514,-2.799330891126593,-2.876432227896187,True,0.0771013367695943,-2.8984903372300628,-2.876824261925193,-2.941221108052618,-2.8975808596695694,-2.8209451424387724,0.09824996854297652,5.0,1.0
85,39,19.0,20.0,703,209,494,-2.831007787749889,-2.876432227896187,True,0.045424440146298206,-2.8984903372300628,-2.876824261925193,-2.941221108052618,-2.8975808596695694,-2.8209451424387724,0.06657307191968043,4.0,0.5
86,0,-20.0,-19.0,702,0,702,,-2.883158008031736,True,,-2.868457677594208,-2.864927117659977,-2.877579933458718,-2.8666923976270926,-2.8592046836980565,,,
86,1,-19.0,-18.0,703,0,703,,-2.883158008031736,True,,-2.868457677594208,-2.864927117659977,-2.877579933458718,-2.8666923976270926,-2.8592046836980565,,,
86,2,-18.0,-17.0,703,0,703,,-2.883158008031736,True,,-2.868457677594208,-2.864927117659977,-2.877579933458718,-2.8666923976270926,-2.8592046836980565,,,
86,3,-17.0,-16.0,702,0,702,,-2.883158008031736,True,,-2.868457677594208,-2.864927117659977,-2.877579933458718,-2.8666923976270926,-2.8592046836980565,,,
86,4,-16.0,-15.0,703,0,703,,-2.883158008031736,True,,-2.868457677594208,-2.864927117659977,-2.877579933458718,-2.8666923976270926,-2.8592046836980565,,,
86,5,-15.0,-14.0,702,367,335,-2.858286598492982,-2.883158008031736,True,0.024871409538754108,-2.868457677594208,-2.864927117659977,-2.877579933458718,-2.8666923976270926,-2.8592046836980565,0.008405799134110659,5.0,1.0
86,6,-14.0,-13.0,703,180,523,-2.876016406036064,-2.883158008031736,True,0.007141601995672264,-2.868457677594208,-2.864927117659977,-2.877579933458718,-2.8666923976270926,-2.8592046836980565,-0.009324008408971185,2.0,-0.5
86,7,-13.0,-12.0,702,0,702,,-2.883158008031736,True,,-2.868457677594208,-2.864927117659977,-2.877579933458718,-2.8666923976270926,-2.8592046836980565,,,
86,8,-12.0,-11.0,703,0,703,,-2.883158008031736,True,,-2.868457677594208,-2.864927117659977,-2.877579933458718,-2.8666923976270926,-2.8592046836980565,,,
86,9,-11.0,-10.0,703,0,703,,-2.883158008031736,True,,-2.868457677594208,-2.864927117659977,-2.877579933458718,-2.8666923976270926,-2.8592046836980565,,,
86,10,-10.0,-9.0,702,0,702,,-2.883158008031736,True,,-2.868457677594208,-2.864927117659977,-2.877579933458718,-2.8666923976270926,-2.8592046836980565,,,
86,11,-9.0,-8.0,703,0,703,,-2.883158008031736,True,,-2.868457677594208,-2.864927117659977,-2.877579933458718,-2.8666923976270926,-2.8592046836980565,,,
86,12,-8.0,-7.0,702,0,702,,-2.883158008031736,True,,-2.868457677594208,-2.864927117659977,-2.877579933458718,-2.8666923976270926,-2.8592046836980565,,,
86,13,-7.0,-6.0,703,233,470,-3.016861170469984,-2.883158008031736,True,-0.13370316243824787,-2.868457677594208,-2.864927117659977,-2.877579933458718,-2.8666923976270926,-2.8592046836980565,-0.15016877284289132,1.0,-1.0
86,14,-6.0,-5.0,702,181,521,-2.882270515726682,-2.883158008031736,True,0.0008874923050541383,-2.868457677594208,-2.864927117659977,-2.877579933458718,-2.8666923976270926,-2.8592046836980565,-0.015578118099589311,1.0,-1.0
86,15,-5.0,-4.0,703,114,589,-2.864170569102642,-2.883158008031736,True,0.018987438929094047,-2.868457677594208,-2.864927117659977,-2.877579933458718,-2.8666923976270926,-2.8592046836980565,0.002521828524450598,4.0,0.5
86,16,-4.0,-3.0,703,230,473,-2.859510712099748,-2.883158008031736,True,0.02364729593198822,-2.868457677594208,-2.864927117659977,-2.877579933458718,-2.8666923976270926,-2.8592046836980565,0.007181685527344772,4.0,0.5
86,17,-3.0,-2.0,702,236,466,-2.838933866174245,-2.883158008031736,True,0.044224141857490906,-2.868457677594208,-2.864927117659977,-2.877579933458718,-2.8666923976270926,-2.8592046836980565,0.027758531452847457,5.0,1.0
86,18,-2.0,-1.0,703,161,542,-2.869214226151543,-2.883158008031736,True,0.013943781880192851,-2.868457677594208,-2.864927117659977,-2.877579933458718,-2.8666923976270926,-2.8592046836980565,-0.002521828524450598,2.0,-0.5
86,19,-1.0,0.0,702,0,702,,-2.883158008031736,True,,-2.868457677594208,-2.864927117659977,-2.877579933458718,-2.8666923976270926,-2.8592046836980565,,,
86,20,0.0,1.0,703,0,703,,-2.883158008031736,True,,-2.868457677594208,-2.864927117659977,-2.877579933458718,-2.8666923976270926,-2.8592046836980565,,,
86,21,1.0,2.0,702,175,527,-2.777690737248309,-2.883158008031736,True,0.10546727078342721,-2.868457677594208,-2.864927117659977,-2.877579933458718,-2.8666923976270926,-2.8592046836980565,0.08900166037878376,5.0,1.0
86,22,2.0,3.0,703,218,485,-2.8680885062366968,-2.883158008031736,True,0.015069501795039297,-2.868457677594208,-2.864927117659977,-2.877579933458718,-2.8666923976270926,-2.8592046836980565,-0.001396108609604152,3.0,0.0
86,23,3.0,4.0,703,292,411,-2.8309849716408926,-2.883158008031736,True,0.052173036390843475,-2.868457677594208,-2.864927117659977,-2.877579933458718,-2.8666923976270926,-2.8592046836980565,0.03570742598619958,5.0,1.0
86,24,4.0,5.0,702,45,657,-2.6834962850500705,-2.883158008031736,True,0.1996617229816655,-2.868457677594208,-2.864927117659977,-2.877579933458718,-2.8666923976270926,-2.8592046836980565,0.18319611257702206,5.0,1.0
86,25,5.0,6.0,703,254,449,-2.7438148841834704,-2.883158008031736,True,0.13934312384826564,-2.868457677594208,-2.864927117659977,-2.877579933458718,-2.8666923976270926,-2.8592046836980565,0.12287751344362219,5.0,1.0
86,26,6.0,7.0,702,125,577,-2.832042789501293,-2.883158008031736,True,0.051115218530442874,-2.868457677594208,-2.864927117659977,-2.877579933458718,-2.8666923976270926,-2.8592046836980565,0.034649608125799425,5.0,1.0
86,27,7.0,8.0,703,266,437,-2.779655191130537,-2.883158008031736,True,0.10350281690119889,-2.868457677594208,-2.864927117659977,-2.877579933458718,-2.8666923976270926,-2.8592046836980565,0.08703720649655544,5.0,1.0
86,28,8.0,9.0,702,133,569,-2.7516674089189914,-2.883158008031736,True,0.13149059911274463,-2.868457677594208,-2.864927117659977,-2.877579933458718,-2.8666923976270926,-2.8592046836980565,0.11502498870810118,5.0,1.0
86,29,9.0,10.0,703,157,546,-2.8620723199211975,-2.883158008031736,True,0.02108568811053857,-2.868457677594208,-2.864927117659977,-2.877579933458718,-2.8666923976270926,-2.8592046836980565,0.0046200777058955644,4.0,0.5
86,30,10.0,11.0,703,202,501,-2.699886885608624,-2.883158008031736,True,0.18327112242311205,-2.868457677594208,-2.864927117659977,-2.877579933458718,-2.8666923976270926,-2.8592046836980565,0.1668055120184686,5.0,1.0
86,31,11.0,12.0,702,202,500,-2.9444026039657065,-2.883158008031736,True,-0.06124459593397047,-2.868457677594208,-2.864927117659977,-2.877579933458718,-2.8666923976270926,-2.8592046836980565,-0.07771020633861392,1.0,-1.0
86,32,12.0,13.0,703,194,509,-2.7812412836638387,-2.883158008031736,True,0.10191672436789734,-2.868457677594208,-2.864927117659977,-2.877579933458718,-2.8666923976270926,-2.8592046836980565,0.08545111396325389,5.0,1.0
86,33,13.0,14.0,702,0,702,,-2.883158008031736,True,,-2.868457677594208,-2.864927117659977,-2.877579933458718,-2.8666923976270926,-2.8592046836980565,,,
86,34,14.0,15.0,703,228,475,-2.9405628677777567,-2.883158008031736,True,-0.05740485974602061,-2.868457677594208,-2.864927117659977,-2.877579933458718,-2.8666923976270926,-2.8592046836980565,-0.07387047015066406,1.0,-1.0
86,35,15.0,16.0,702,201,501,-2.8450342635603247,-2.883158008031736,True,0.038123744471411314,-2.868457677594208,-2.864927117659977,-2.877579933458718,-2.8666923976270926,-2.8592046836980565,0.021658134066767865,5.0,1.0
86,36,16.0,17.0,703,141,562,-2.7963330622791602,-2.883158008031736,True,0.08682494575257582,-2.868457677594208,-2.864927117659977,-2.877579933458718,-2.8666923976270926,-2.8592046836980565,0.07035933534793282,5.0,1.0
86,37,17.0,18.0,703,122,581,-2.986756792111005,-2.883158008031736,True,-0.10359878407926892,-2.868457677594208,-2.864927117659977,-2.877579933458718,-2.8666923976270926,-2.8592046836980565,-0.12006439448391237,1.0,-1.0
86,38,18.0,19.0,702,198,504,-2.9319095664979202,-2.883158008031736,True,-0.048751558466184175,-2.868457677594208,-2.864927117659977,-2.877579933458718,-2.8666923976270926,-2.8592046836980565,-0.06521716887082718,1.0,-1.0
86,39,19.0,20.0,703,240,463,-2.853150410577383,-2.883158008031736,True,0.030007597454352997,-2.868457677594208,-2.864927117659977,-2.877579933458718,-2.8666923976270926,-2.8592046836980565,0.013541987049709547,5.0,1.0
87,0,-20.0,-19.0,702,204,498,-2.8932516445109595,-2.9289001504378036,True,0.0356485059268441,-2.9562588651853043,-2.9080507498369292,-2.9813952997531117,-2.9321689811753524,-2.877238969848132,0.0389173366643929,4.0,0.5
87,1,-19.0,-18.0,703,0,703,,-2.9289001504378036,True,,-2.9562588651853043,-2.9080507498369292,-2.9813952997531117,-2.9321689811753524,-2.877238969848132,,,
87,2,-18.0,-17.0,702,0,702,,-2.9289001504378036,True,,-2.9562588651853043,-2.9080507498369292,-2.9813952997531117,-2.9321689811753524,-2.877238969848132,,,
87,3,-17.0,-16.0,703,0,703,,-2.9289001504378036,True,,-2.9562588651853043,-2.9080507498369292,-2.9813952997531117,-2.9321689811753524,-2.877238969848132,,,
87,4,-16.0,-15.0,702,0,702,,-2.9289001504378036,True,,-2.9562588651853043,-2.9080507498369292,-2.9813952997531117,-2.9321689811753524,-2.877238969848132,,,
87,5,-15.0,-14.0,703,191,512,-2.9106623566591594,-2.9289001504378036,True,0.018237793778644207,-2.9562588651853043,-2.9080507498369292,-2.9813952997531117,-2.9321689811753524,-2.877238969848132,0.021506624516193007,3.0,0.0
87,6,-14.0,-13.0,703,184,519,-2.979257303872659,-2.9289001504378036,True,-0.05035715343485547,-2.9562588651853043,-2.9080507498369292,-2.9813952997531117,-2.9321689811753524,-2.877238969848132,-0.04708832269730667,2.0,-0.5
87,7,-13.0,-12.0,702,104,598,-2.9821079650465956,-2.9289001504378036,True,-0.05320781460879198,-2.9562588651853043,-2.9080507498369292,-2.9813952997531117,-2.9321689811753524,-2.877238969848132,-0.049938983871243625,1.0,-1.0
87,8,-12.0,-11.0,703,131,572,-2.776381752399472,-2.9289001504378036,True,0.15251839803833178,-2.9562588651853043,-2.9080507498369292,-2.9813952997531117,-2.9321689811753524,-2.877238969848132,0.15578722877588058,5.0,1.0
87,9,-11.0,-10.0,702,176,526,-2.8462398704375684,-2.9289001504378036,True,0.08266028000023518,-2.9562588651853043,-2.9080507498369292,-2.9813952997531117,-2.9321689811753524,-2.877238969848132,0.08592911073778398,5.0,1.0
87,10,-10.0,-9.0,703,214,489,-2.8753769031357654,-2.9289001504378036,True,0.05352324730203817,-2.9562588651853043,-2.9080507498369292,-2.9813952997531117,-2.9321689811753524,-2.877238969848132,0.05679207803958741,5.0,1.0
87,11,-9.0,-8.0,702,192,510,-2.8828251699852334,-2.9289001504378036,True,0.04607498045257019,-2.9562588651853043,-2.9080507498369292,-2.9813952997531117,-2.9321689811753524,-2.877238969848132,0.04934381119011899,4.0,0.5
87,12,-8.0,-7.0,703,143,560,-2.970897335649937,-2.9289001504378036,True,-0.04199718521213347,-2.9562588651853043,-2.9080507498369292,-2.9813952997531117,-2.9321689811753524,-2.877238969848132,-0.03872835447458467,2.0,-0.5
87,13,-7.0,-6.0,703,147,556,-2.860320125067369,-2.9289001504378036,True,0.0685800253704345,-2.9562588651853043,-2.9080507498369292,-2.9813952997531117,-2.9321689811753524,-2.877238969848132,0.0718488561079833,5.0,1.0
87,14,-6.0,-5.0,702,33,669,-3.074883682873882,-2.9289001504378036,True,-0.14598353243607853,-2.9562588651853043,-2.9080507498369292,-2.9813952997531117,-2.9321689811753524,-2.877238969848132,-0.14271470169852973,1.0,-1.0
87,15,-5.0,-4.0,703,0,703,,-2.9289001504378036,True,,-2.9562588651853043,-2.9080507498369292,-2.9813952997531117,-2.9321689811753524,-2.877238969848132,,,
87,16,-4.0,-3.0,702,0,702,,-2.9289001504378036,True,,-2.9562588651853043,-2.9080507498369292,-2.9813952997531117,-2.9321689811753524,-2.877238969848132,,,
87,17,-3.0,-2.0,703,154,549,-2.992542522624209,-2.9289001504378036,True,-0.06364237218640545,-2.9562588651853043,-2.9080507498369292,-2.9813952997531117,-2.9321689811753524,-2.877238969848132,-0.06037354144885665,1.0,-1.0
87,18,-2.0,-1.0,702,80,622,-3.0061798681748924,-2.9289001504378036,True,-0.07727971773708875,-2.9562588651853043,-2.9080507498369292,-2.9813952997531117,-2.9321689811753524,-2.877238969848132,-0.07401088699953995,1.0,-1.0
87,19,-1.0,0.0,703,99,604,-2.953675605691546,-2.9289001504378036,True,-0.02477545525374225,-2.9562588651853043,-2.9080507498369292,-2.9813952997531117,-2.9321689811753524,-2.877238969848132,-0.02150662451619345,3.0,0.0
87,20,0.0,1.0,703,0,703,,-2.9289001504378036,True,,-2.9562588651853043,-2.9080507498369292,-2.9813952997531117,-2.9321689811753524,-2.877238969848132,,,
87,21,1.0,2.0,702,0,702,,-2.9289001504378036,True,,-2.9562588651853043,-2.9080507498369292,-2.9813952997531117,-2.9321689811753524,-2.877238969848132,,,
87,22,2.0,3.0,703,242,461,-2.851551145935732,-2.9289001504378036,True,0.0773490045020715,-2.9562588651853043,-2.9080507498369292,-2.9813952997531117,-2.9321689811753524,-2.877238969848132,0.0806178352396203,5.0,1.0
87,23,3.0,4.0,702,0,702,,-2.9289001504378036,True,,-2.9562588651853043,-2.9080507498369292,-2.9813952997531117,-2.9321689811753524,-2.877238969848132,,,
87,24,4.0,5.0,703,0,703,,-2.9289001504378036,True,,-2.9562588651853043,-2.9080507498369292,-2.9813952997531117,-2.9321689811753524,-2.877238969848132,,,
87,25,5.0,6.0,702,167,535,-2.696548392490348,-2.9289001504378036,True,0.23235175794745544,-2.9562588651853043,-2.9080507498369292,-2.9813952997531117,-2.9321689811753524,-2.877238969848132,0.23562058868500424,5.0,1.0
87,26,6.0,7.0,703,23,680,-3.308386393228962,-2.9289001504378036,True,-0.3794862427911583,-2.9562588651853043,-2.9080507498369292,-2.9813952997531117,-2.9321689811753524,-2.877238969848132,-0.3762174120536095,1.0,-1.0
87,27,7.0,8.0,703,197,506,-2.6932485393937258,-2.9289001504378036,True,0.23565161104407784,-2.9562588651853043,-2.9080507498369292,-2.9813952997531117,-2.9321689811753524,-2.877238969848132,0.23892044178162664,5.0,1.0
87,28,8.0,9.0,702,220,482,-2.8753728370042695,-2.9289001504378036,True,0.05352731343353412,-2.9562588651853043,-2.9080507498369292,-2.9813952997531117,-2.9321689811753524,-2.877238969848132,0.05679614417108336,5.0,1.0
87,29,9.0,10.0,703,62,641,-2.923908770468338,-2.9289001504378036,True,0.004991379969465637,-2.9562588651853043,-2.9080507498369292,-2.9813952997531117,-2.9321689811753524,-2.877238969848132,0.008260210707014437,3.0,0.0
87,30,10.0,11.0,702,200,502,-2.825798305656623,-2.9289001504378036,True,0.10310184478118067,-2.9562588651853043,-2.9080507498369292,-2.9813952997531117,-2.9321689811753524,-2.877238969848132,0.10637067551872947,5.0,1.0
87,31,11.0,12.0,703,79,624,-2.8667051131219017,-2.9289001504378036,True,0.062195037315901924,-2.9562588651853043,-2.9080507498369292,-2.9813952997531117,-2.9321689811753524,-2.877238969848132,0.06546386805345072,5.0,1.0
87,32,12.0,13.0,702,73,629,-2.8360750407599404,-2.9289001504378036,True,0.09282510967786317,-2.9562588651853043,-2.9080507498369292,-2.9813952997531117,-2.9321689811753524,-2.877238969848132,0.09609394041541197,5.0,1.0
87,33,13.0,14.0,703,244,459,-2.7946378779511374,-2.9289001504378036,True,0.13426227248666622,-2.9562588651853043,-2.9080507498369292,-2.9813952997531117,-2.9321689811753524,-2.877238969848132,0.13753110322421502,5.0,1.0
87,34,14.0,15.0,703,262,441,-2.8832294007228825,-2.9289001504378036,True,0.04567074971492113,-2.9562588651853043,-2.9080507498369292,-2.9813952997531117,-2.9321689811753524,-2.877238969848132,0.04893958045246993,4.0,0.5
87,35,15.0,16.0,702,208,494,-2.7168762028215747,-2.9289001504378036,True,0.2120239476162289,-2.9562588651853043,-2.9080507498369292,-2.9813952997531117,-2.9321689811753524,-2.877238969848132,0.2152927783537777,5.0,1.0
87,36,16.0,17.0,703,97,606,-3.0180971737399083,-2.9289001504378036,True,-0.08919702330210466,-2.9562588651853043,-2.9080507498369292,-2.9813952997531117,-2.9321689811753524,-2.877238969848132,-0.08592819256455586,1.0,-1.0
87,37,17.0,18.0,702,95,607,-2.8176053659477445,-2.9289001504378036,True,0.11129478449005914,-2.9562588651853043,-2.9080507498369292,-2.9813952997531117,-2.9321689811753524,-2.877238969848132,0.11456361522760794,5.0,1.0
87,38,18.0,19.0,703,233,470,-2.7308724287849233,-2.9289001504378036,True,0.1980277216528803,-2.9562588651853043,-2.9080507498369292,-2.9813952997531117,-2.9321689811753524,-2.877238969848132,0.20129655239042865,5.0,1.0
87,39,19.0,20.0,702,87,615,-2.6976519284010974,-2.9289001504378036,True,0.23124822203670625,-2.9562588651853043,-2.9080507498369292,-2.9813952997531117,-2.9321689811753524,-2.877238969848132,0.23451705277425505,5.0,1.0
88,0,-20.0,-19.0,703,173,530,-2.7404955272141818,-2.779214514918092,True,0.038718987703910024,-2.7822873458155044,-2.771509468917414,-2.800035161235698,-2.776377679084452,-2.742326740954795,0.03588215187027011,5.0,1.0
88,1,-19.0,-18.0,702,34,668,-2.7701473579755467,-2.779214514918092,True,0.009067156942545118,-2.7822873458155044,-2.771509468917414,-2.800035161235698,-2.776377679084452,-2.742326740954795,0.006230321108905201,4.0,0.5
88,2,-18.0,-17.0,703,162,541,-2.7810055167323364,-2.779214514918092,True,-0.0017910018142446305,-2.7822873458155044,-2.771509468917414,-2.800035161235698,-2.776377679084452,-2.742326740954795,-0.004627837647884547,3.0,0.0
88,3,-17.0,-16.0,703,203,500,-2.771749841436567,-2.779214514918092,True,0.007464673481524908,-2.7822873458155044,-2.771509468917414,-2.800035161235698,-2.776377679084452,-2.742326740954795,0.004627837647884991,3.0,0.0
88,4,-16.0,-15.0,702,203,499,-2.7478203821766347,-2.779214514918092,True,0.03139413274145708,-2.7822873458155044,-2.771509468917414,-2.800035161235698,-2.776377679084452,-2.742326740954795,0.028557296907817165,4.0,0.5
88,5,-15.0,-14.0,703,192,511,-2.800885903812558,-2.779214514918092,True,-0.021671388894466403,-2.7822873458155044,-2.771509468917414,-2.800035161235698,-2.776377679084452,-2.742326740954795,-0.02450822472810632,1.0,-1.0
88,6,-14.0,-13.0,702,0,702,,-2.779214514918092,True,,-2.7822873458155044,-2.771509468917414,-2.800035161235698,-2.776377679084452,-2.742326740954795,,,
88,7,-13.0,-12.0,703,223,480,-2.8888925928859823,-2.779214514918092,True,-0.10967807796789053,-2.7822873458155044,-2.771509468917414,-2.800035161235698,-2.776377679084452,-2.742326740954795,-0.11251491380153045,1.0,-1.0
88,8,-12.0,-11.0,702,0,702,,-2.779214514918092,True,,-2.7822873458155044,-2.771509468917414,-2.800035161235698,-2.776377679084452,-2.742326740954795,,,
88,9,-11.0,-10.0,703,0,703,,-2.779214514918092,True,,-2.7822873458155044,-2.771509468917414,-2.800035161235698,-2.776377679084452,-2.742326740954795,,,
88,10,-10.0,-9.0,703,0,703,,-2.779214514918092,True,,-2.7822873458155044,-2.771509468917414,-2.800035161235698,-2.776377679084452,-2.742326740954795,,,
88,11,-9.0,-8.0,702,0,702,,-2.779214514918092,True,,-2.7822873458155044,-2.771509468917414,-2.800035161235698,-2.776377679084452,-2.742326740954795,,,
88,12,-8.0,-7.0,703,0,703,,-2.779214514918092,True,,-2.7822873458155044,-2.771509468917414,-2.800035161235698,-2.776377679084452,-2.742326740954795,,,
88,13,-7.0,-6.0,702,221,481,-2.818361058415231,-2.779214514918092,True,-0.03914654349713942,-2.7822873458155044,-2.771509468917414,-2.800035161235698,-2.776377679084452,-2.742326740954795,-0.041983379330779336,1.0,-1.0
88,14,-6.0,-5.0,703,231,472,-2.797482933505117,-2.779214514918092,True,-0.018268418587024993,-2.7822873458155044,-2.771509468917414,-2.800035161235698,-2.776377679084452,-2.742326740954795,-0.02110525442066491,2.0,-0.5
88,15,-5.0,-4.0,702,154,548,-2.8816766865571743,-2.779214514918092,True,-0.10246217163908256,-2.7822873458155044,-2.771509468917414,-2.800035161235698,-2.776377679084452,-2.742326740954795,-0.10529900747272247,1.0,-1.0
88,16,-4.0,-3.0,703,206,497,-2.789551043953456,-2.779214514918092,True,-0.010336529035364084,-2.7822873458155044,-2.771509468917414,-2.800035161235698,-2.776377679084452,-2.742326740954795,-0.013173364869004,2.0,-0.5
88,17,-3.0,-2.0,703,202,501,-2.680166583367638,-2.779214514918092,True,0.09904793155045377,-2.7822873458155044,-2.771509468917414,-2.800035161235698,-2.776377679084452,-2.742326740954795,0.09621109571681385,5.0,1.0
88,18,-2.0,-1.0,702,164,538,-2.7135677482297726,-2.779214514918092,True,0.06564676668831915,-2.7822873458155044,-2.771509468917414,-2.800035161235698,-2.776377679084452,-2.742326740954795,0.06280993085467923,5.0,1.0
88,19,-1.0,0.0,703,190,513,-2.7272000325910892,-2.779214514918092,True,0.052014482327002565,-2.7822873458155044,-2.771509468917414,-2.800035161235698,-2.776377679084452,-2.742326740954795,0.04917764649336309,5.0,1.0
88,20,0.0,1.0,702,95,607,-2.8523879502243767,-2.779214514918092,True,-0.07317343530628495,-2.7822873458155044,-2.771509468917414,-2.800035161235698,-2.776377679084452,-2.742326740954795,-0.07601027113992487,1.0,-1.0
88,21,1.0,2.0,703,156,547,-2.747235075082558,-2.779214514918092,True,0.031979439835533974,-2.7822873458155044,-2.771509468917414,-2.800035161235698,-2.776377679084452,-2.742326740954795,0.029142604001894057,4.0,0.5
88,22,2.0,3.0,702,238,464,-2.7921910140599175,-2.779214514918092,True,-0.012976499141825748,-2.7822873458155044,-2.771509468917414,-2.800035161235698,-2.776377679084452,-2.742326740954795,-0.01581333497546522,2.0,-0.5
88,23,3.0,4.0,703,178,525,-2.75302891477528,-2.779214514918092,True,0.026185600142811793,-2.7822873458155044,-2.771509468917414,-2.800035161235698,-2.776377679084452,-2.742326740954795,0.023348764309171877,4.0,0.5
88,24,4.0,5.0,703,194,509,-2.7374550657930192,-2.779214514918092,True,0.04175944912507257,-2.7822873458155044,-2.771509468917414,-2.800035161235698,-2.776377679084452,-2.742326740954795,0.03892261329143265,5.0,1.0
88,25,5.0,6.0,702,118,584,-2.7348156067676124,-2.779214514918092,True,0.04439890815047942,-2.7822873458155044,-2.771509468917414,-2.800035161235698,-2.776377679084452,-2.742326740954795,0.041562072316839505,5.0,1.0
88,26,6.0,7.0,703,106,597,-3.015437774995231,-2.779214514918092,True,-0.23622326007713923,-2.7822873458155044,-2.771509468917414,-2.800035161235698,-2.776377679084452,-2.742326740954795,-0.23906009591077915,1.0,-1.0
88,27,7.0,8.0,702,162,540,-2.7200865567170363,-2.779214514918092,True,0.05912795820105554,-2.7822873458155044,-2.771509468917414,-2.800035161235698,-2.776377679084452,-2.742326740954795,0.056291122367415625,5.0,1.0
88,28,8.0,9.0,703,240,463,-2.86326938818988,-2.779214514918092,True,-0.08405487327178829,-2.7822873458155044,-2.771509468917414,-2.800035161235698,-2.776377679084452,-2.742326740954795,-0.0868917091054282,1.0,-1.0
88,29,9.0,10.0,702,0,702,,-2.779214514918092,True,,-2.7822873458155044,-2.771509468917414,-2.800035161235698,-2.776377679084452,-2.742326740954795,,,
88,30,10.0,11.0,703,130,573,-2.8104465863133967,-2.779214514918092,True,-0.031232071395304928,-2.7822873458155044,-2.771509468917414,-2.800035161235698,-2.776377679084452,-2.742326740954795,-0.034068907228944845,1.0,-1.0
88,31,11.0,12.0,703,30,673,-3.030907141950619,-2.779214514918092,True,-0.25169262703252704,-2.7822873458155044,-2.771509468917414,-2.800035161235698,-2.776377679084452,-2.742326740954795,-0.25452946286616696,1.0,-1.0
88,32,12.0,13.0,702,142,560,-2.8033442802167485,-2.779214514918092,True,-0.024129765298656736,-2.7822873458155044,-2.771509468917414,-2.800035161235698,-2.776377679084452,-2.742326740954795,-0.026966601132296653,1.0,-1.0
88,33,13.0,14.0,703,204,499,-2.822212705665353,-2.779214514918092,True,-0.04299819074726141,-2.7822873458155044,-2.771509468917414,-2.800035161235698,-2.776377679084452,-2.742326740954795,-0.04583502658090133,1.0,-1.0
88,34,14.0,15.0,702,197,505,-2.8505299099536976,-2.779214514918092,True,-0.0713153950356058,-2.7822873458155044,-2.771509468917414,-2.800035161235698,-2.776377679084452,-2.742326740954795,-0.07415223086924572,1.0,-1.0
88,35,15.0,16.0,703,12,691,-3.549649222407005,-2.779214514918092,True,-0.7704347074889131,-2.7822873458155044,-2.771509468917414,-2.800035161235698,-2.776377679084452,-2.742326740954795,-0.773271543322553,1.0,-1.0
88,36,16.0,17.0,702,188,514,-2.7512462032094405,-2.779214514918092,True,0.027968311708651328,-2.7822873458155044,-2.771509468917414,-2.800035161235698,-2.776377679084452,-2.742326740954795,0.02513147587501141,4.0,0.5
88,37,17.0,18.0,703,212,491,-2.829627784749052,-2.779214514918092,True,-0.05041326983096006,-2.7822873458155044,-2.771509468917414,-2.800035161235698,-2.776377679084452,-2.742326740954795,-0.05325010566459998,1.0,-1.0
88,38,18.0,19.0,703,202,501,-2.8723749041649347,-2.779214514918092,True,-0.09316038924684289,-2.7822873458155044,-2.771509468917414,-2.800035161235698,-2.776377679084452,-2.742326740954795,-0.0959972250804828,1.0,-1.0
88,39,19.0,20.0,702,0,702,,-2.779214514918092,True,,-2.7822873458155044,-2.771509468917414,-2.800035161235698,-2.776377679084452,-2.742326740954795,,,
89,0,-20.0,-19.0,702,0,702,,-2.8500782062642727,True,,-2.857949249011747,-2.845190776411192,-2.8984694847609163,-2.849006700270193,-2.805447389174707,,,
89,1,-19.0,-18.0,703,0,703,,-2.8500782062642727,True,,-2.857949249011747,-2.845190776411192,-2.8984694847609163,-2.849006700270193,-2.805447389174707,,,
89,2,-18.0,-17.0,703,251,452,-2.87421107995578,-2.8500782062642727,True,-0.024132873691507406,-2.857949249011747,-2.845190776411192,-2.8984694847609163,-2.849006700270193,-2.805447389174707,-0.025204379685586975,2.0,-0.5
89,3,-17.0,-16.0,702,166,536,-2.802734034278638,-2.8500782062642727,True,0.04734417198563445,-2.857949249011747,-2.845190776411192,-2.8984694847609163,-2.849006700270193,-2.805447389174707,0.046272665991554884,5.0,1.0
89,4,-16.0,-15.0,703,702,1,-2.7349621384808254,-2.8500782062642727,True,0.1151160677834473,-2.857949249011747,-2.845190776411192,-2.8984694847609163,-2.849006700270193,-2.805447389174707,0.11404456178936773,5.0,1.0
89,5,-15.0,-14.0,702,108,594,-2.70072432404603,-2.8500782062642727,True,0.14935388221824253,-2.857949249011747,-2.845190776411192,-2.8984694847609163,-2.849006700270193,-2.805447389174707,0.14828237622416296,5.0,1.0
89,6,-14.0,-13.0,703,0,703,,-2.8500782062642727,True,,-2.857949249011747,-2.845190776411192,-2.8984694847609163,-2.849006700270193,-2.805447389174707,,,
89,7,-13.0,-12.0,702,0,702,,-2.8500782062642727,True,,-2.857949249011747,-2.845190776411192,-2.8984694847609163,-2.849006700270193,-2.805447389174707,,,
89,8,-12.0,-11.0,703,275,428,-2.8490067002701935,-2.8500782062642727,True,0.001071505994079125,-2.857949249011747,-2.845190776411192,-2.8984694847609163,-2.849006700270193,-2.805447389174707,0.0,3.0,0.0
89,9,-11.0,-10.0,703,191,512,-2.899573615100675,-2.8500782062642727,True,-0.049495408836402355,-2.857949249011747,-2.845190776411192,-2.8984694847609163,-2.849006700270193,-2.805447389174707,-0.050566914830481924,1.0,-1.0
89,10,-10.0,-9.0,702,140,562,-2.861781769900984,-2.8500782062642727,True,-0.011703563636711323,-2.857949249011747,-2.845190776411192,-2.8984694847609163,-2.849006700270193,-2.805447389174707,-0.012775069630790892,2.0,-0.5
89,11,-9.0,-8.0,703,181,522,-2.9244604736649484,-2.8500782062642727,True,-0.07438226740067577,-2.857949249011747,-2.845190776411192,-2.8984694847609163,-2.849006700270193,-2.805447389174707,-0.07545377339475534,1.0,-1.0
89,12,-8.0,-7.0,702,92,610,-2.897365354421158,-2.8500782062642727,True,-0.047287148156885284,-2.857949249011747,-2.845190776411192,-2.8984694847609163,-2.849006700270193,-2.805447389174707,-0.04835865415096485,2.0,-0.5
89,13,-7.0,-6.0,703,185,518,-2.8435553804716194,-2.8500782062642727,True,0.006522825792653286,-2.857949249011747,-2.845190776411192,-2.8984694847609163,-2.849006700270193,-2.805447389174707,0.005451319798573273,4.0,0.5
89,14,-6.0,-5.0,702,207,495,-2.8081607440707756,-2.8500782062642727,True,0.04191746219349701,-2.857949249011747,-2.845190776411192,-2.8984694847609163,-2.849006700270193,-2.805447389174707,0.040845956199417,4.0,0.5
89,15,-5.0,-4.0,703,249,454,-2.9476188270037698,-2.8500782062642727,True,-0.0975406207394971,-2.857949249011747,-2.845190776411192,-2.8984694847609163,-2.849006700270193,-2.805447389174707,-0.09861212673357667,1.0,-1.0
89,16,-4.0,-3.0,703,163,540,-2.813856144258615,-2.8500782062642727,True,0.036222062005657474,-2.857949249011747,-2.845190776411192,-2.8984694847609163,-2.849006700270193,-2.805447389174707,0.035150556011577905,4.0,0.5
89,17,-3.0,-2.0,702,129,573,-2.767253946543809,-2.8500782062642727,True,0.08282425972046381,-2.857949249011747,-2.845190776411192,-2.8984694847609163,-2.849006700270193,-2.805447389174707,0.08175275372638424,5.0,1.0
89,18,-2.0,-1.0,703,229,474,-3.025908561496264,-2.8500782062642727,True,-0.1758303552319913,-2.857949249011747,-2.845190776411192,-2.8984694847609163,-2.849006700270193,-2.805447389174707,-0.17690186122607088,1.0,-1.0
89,19,-1.0,0.0,702,0,702,,-2.8500782062642727,True,,-2.857949249011747,-2.845190776411192,-2.8984694847609163,-2.849006700270193,-2.805447389174707,,,
89,20,0.0,1.0,703,207,496,-2.8068829291425104,-2.8500782062642727,True,0.0431952771217623,-2.857949249011747,-2.845190776411192,-2.8984694847609163,-2.849006700270193,-2.805447389174707,0.04212377112768273,4.0,0.5
89,21,1.0,2.0,702,168,534,-2.8490649181357632,-2.8500782062642727,True,0.0010132881285094264,-2.857949249011747,-2.845190776411192,-2.8984694847609163,-2.849006700270193,-2.805447389174707,-5.8217865570142635e-05,3.0,0.0
89,22,2.0,3.0,703,210,493,-2.7468525587359824,-2.8500782062642727,True,0.10322564752829022,-2.857949249011747,-2.845190776411192,-2.8984694847609163,-2.849006700270193,-2.805447389174707,0.10215414153421065,5.0,1.0
89,23,3.0,4.0,703,124,579,-2.7383105654166204,-2.8500782062642727,True,0.11176764084765223,-2.857949249011747,-2.845190776411192,-2.8984694847609163,-2.849006700270193,-2.805447389174707,0.11069613485357266,5.0,1.0
89,24,4.0,5.0,702,89,613,-2.880909837761971,-2.8500782062642727,True,-0.030831631497698186,-2.857949249011747,-2.845190776411192,-2.8984694847609163,-2.849006700270193,-2.805447389174707,-0.031903137491777755,2.0,-0.5
89,25,5.0,6.0,703,247,456,-2.794933724834072,-2.8500782062642727,True,0.055144481430200454,-2.857949249011747,-2.845190776411192,-2.8984694847609163,-2.849006700270193,-2.805447389174707,0.054072975436120885,5.0,1.0
89,26,6.0,7.0,702,288,414,-2.8141885237996638,-2.8500782062642727,True,0.035889682464608885,-2.857949249011747,-2.845190776411192,-2.8984694847609163,-2.849006700270193,-2.805447389174707,0.03481817647052887,4.0,0.5
89,27,7.0,8.0,703,150,553,-2.7973857659989685,-2.8500782062642727,True,0.052692440265304175,-2.857949249011747,-2.845190776411192,-2.8984694847609163,-2.849006700270193,-2.805447389174707,0.051620934271224606,5.0,1.0
89,28,8.0,9.0,702,104,598,-2.9511888338442156,-2.8500782062642727,True,-0.10111062757994294,-2.857949249011747,-2.845190776411192,-2.8984694847609163,-2.849006700270193,-2.805447389174707,-0.10218213357402295,1.0,-1.0
89,29,9.0,10.0,703,204,499,-2.7814384003219335,-2.8500782062642727,True,0.0686398059423392,-2.857949249011747,-2.845190776411192,-2.8984694847609163,-2.849006700270193,-2.805447389174707,0.06756829994826008,5.0,1.0
89,30,10.0,11.0,703,263,440,-2.876291782575696,-2.8500782062642727,True,-0.026213576311423292,-2.857949249011747,-2.845190776411192,-2.8984694847609163,-2.849006700270193,-2.805447389174707,-0.02728508230550286,2.0,-0.5
89,31,11.0,12.0,702,306,396,-2.8899269736189472,-2.8500782062642727,True,-0.039848767354674575,-2.857949249011747,-2.845190776411192,-2.8984694847609163,-2.849006700270193,-2.805447389174707,-0.040920273348754144,2.0,-0.5
89,32,12.0,13.0,703,4,699,-5.460776150555673,-2.8500782062642727,True,-2.6106979442914002,-2.857949249011747,-2.845190776411192,-2.8984694847609163,-2.849006700270193,-2.805447389174707,-2.61176945028548,1.0,-1.0
89,33,13.0,14.0,702,42,660,-3.234719864295039,-2.8500782062642727,True,-0.38464165803076655,-2.857949249011747,-2.845190776411192,-2.8984694847609163,-2.849006700270193,-2.805447389174707,-0.3857131640248461,1.0,-1.0
89,34,14.0,15.0,703,205,498,-2.9387297350543267,-2.8500782062642727,True,-0.088651528790054,-2.857949249011747,-2.845190776411192,-2.8984694847609163,-2.849006700270193,-2.805447389174707,-0.08972303478413357,1.0,-1.0
89,35,15.0,16.0,702,292,410,-2.8934247972635947,-2.8500782062642727,True,-0.04334659099932203,-2.857949249011747,-2.845190776411192,-2.8984694847609163,-2.849006700270193,-2.805447389174707,-0.0444180969934016,2.0,-0.5
89,36,16.0,17.0,703,171,532,-2.9006733684958705,-2.8500782062642727,True,-0.05059516223159788,-2.857949249011747,-2.845190776411192,-2.8984694847609163,-2.849006700270193,-2.805447389174707,-0.05166666822567745,1.0,-1.0
89,37,17.0,18.0,703,171,532,-2.866124223545117,-2.8500782062642727,True,-0.016046017280844538,-2.857949249011747,-2.845190776411192,-2.8984694847609163,-2.849006700270193,-2.805447389174707,-0.017117523274924107,2.0,-0.5
89,38,18.0,19.0,702,216,486,-2.881245385545465,-2.8500782062642727,True,-0.031167179281192503,-2.857949249011747,-2.845190776411192,-2.8984694847609163,-2.849006700270193,-2.805447389174707,-0.03223868527527207,2.0,-0.5
89,39,19.0,20.0,703,190,513,-2.843374988326564,-2.8500782062642727,True,0.006703217937708672,-2.857949249011747,-2.845190776411192,-2.8984694847609163,-2.849006700270193,-2.805447389174707,0.005631711943629103,4.0,0.5
90,0,-20.0,-19.0,703,235,468,-2.848252403806093,-2.802035951036655,True,-0.0462164527694382,-2.777425722588064,-2.7526432347312264,-2.8084716404045804,-2.7666224126868944,-2.7332285320344774,-0.08162999111919866,1.0,-1.0
90,1,-19.0,-18.0,702,211,491,-2.693192023600816,-2.802035951036655,True,0.1088439274358386,-2.777425722588064,-2.7526432347312264,-2.8084716404045804,-2.7666224126868944,-2.7332285320344774,0.07343038908607813,5.0,1.0
90,2,-18.0,-17.0,703,206,497,-2.7319529931737043,-2.802035951036655,True,0.07008295786295049,-2.777425722588064,-2.7526432347312264,-2.8084716404045804,-2.7666224126868944,-2.7332285320344774,0.034669419513190025,5.0,1.0
90,3,-17.0,-16.0,702,193,509,-2.7558693707475506,-2.802035951036655,True,0.04616658028910425,-2.777425722588064,-2.7526432347312264,-2.8084716404045804,-2.7666224126868944,-2.7332285320344774,0.010753041939343788,3.0,0.0
90,4,-16.0,-15.0,703,216,487,-2.862497215613883,-2.802035951036655,True,-0.060461264577228224,-2.777425722588064,-2.7526432347312264,-2.8084716404045804,-2.7666224126868944,-2.7332285320344774,-0.09587480292698869,1.0,-1.0
90,5,-15.0,-14.0,703,172,531,-2.693073844413867,-2.802035951036655,True,0.10896210662278794,-2.777425722588064,-2.7526432347312264,-2.8084716404045804,-2.7666224126868944,-2.7332285320344774,0.07354856827302747,5.0,1.0
90,6,-14.0,-13.0,702,0,702,,-2.802035951036655,True,,-2.777425722588064,-2.7526432347312264,-2.8084716404045804,-2.7666224126868944,-2.7332285320344774,,,
90,7,-13.0,-12.0,703,200,503,-2.818581839571901,-2.802035951036655,True,-0.01654588853524608,-2.777425722588064,-2.7526432347312264,-2.8084716404045804,-2.7666224126868944,-2.7332285320344774,-0.05195942688500654,1.0,-1.0
90,8,-12.0,-11.0,702,158,544,-2.889216171067676,-2.802035951036655,True,-0.087180220031021,-2.777425722588064,-2.7526432347312264,-2.8084716404045804,-2.7666224126868944,-2.7332285320344774,-0.12259375838078146,1.0,-1.0
90,9,-11.0,-10.0,703,250,453,-2.694798064304897,-2.802035951036655,True,0.10723788673175783,-2.777425722588064,-2.7526432347312264,-2.8084716404045804,-2.7666224126868944,-2.7332285320344774,0.07182434838199736,5.0,1.0
90,10,-10.0,-9.0,702,181,521,-2.7775931974807717,-2.802035951036655,True,0.0244427535558831,-2.777425722588064,-2.7526432347312264,-2.8084716404045804,-2.7666224126868944,-2.7332285320344774,-0.010970784793877808,2.0,-0.5
90,11,-9.0,-8.0,703,70,633,-3.397462157435145,-2.802035951036655,True,-0.5954262063984901,-2.777425722588064,-2.7526432347312264,-2.8084716404045804,-2.7666224126868944,-2.7332285320344774,-0.6308397447482506,1.0,-1.0
90,12,-8.0,-7.0,703,0,703,,-2.802035951036655,True,,-2.777425722588064,-2.7526432347312264,-2.8084716404045804,-2.7666224126868944,-2.7332285320344774,,,
90,13,-7.0,-6.0,702,156,546,-2.742454276388061,-2.802035951036655,True,0.059581674648593985,-2.777425722588064,-2.7526432347312264,-2.8084716404045804,-2.7666224126868944,-2.7332285320344774,0.02416813629883352,4.0,0.5
90,14,-6.0,-5.0,703,187,516,-2.746651839272339,-2.802035951036655,True,0.05538411176431568,-2.777425722588064,-2.7526432347312264,-2.8084716404045804,-2.7666224126868944,-2.7332285320344774,0.019970573414555215,4.0,0.5
90,15,-5.0,-4.0,702,214,488,-2.7149609982631175,-2.802035951036655,True,0.08707495277353727,-2.777425722588064,-2.7526432347312264,-2.8084716404045804,-2.7666224126868944,-2.7332285320344774,0.05166141442377725,5.0,1.0
90,16,-4.0,-3.0,703,175,528,-2.7781410429026185,-2.802035951036655,True,0.023894908134036275,-2.777425722588064,-2.7526432347312264,-2.8084716404045804,-2.7666224126868944,-2.7332285320344774,-0.01151863021572419,2.0,-0.5
90,17,-3.0,-2.0,702,188,514,-2.777519077374312,-2.802035951036655,True,0.024516873662342675,-2.777425722588064,-2.7526432347312264,-2.8084716404045804,-2.7666224126868944,-2.7332285320344774,-0.01089666468741779,2.0,-0.5
90,18,-2.0,-1.0,703,170,533,-2.7370551486167956,-2.802035951036655,True,0.06498080241985926,-2.777425722588064,-2.7526432347312264,-2.8084716404045804,-2.7666224126868944,-2.7332285320344774,0.029567264070098354,4.0,0.5
90,19,-1.0,0.0,703,174,529,-2.777375454626238,-2.802035951036655,True,0.024660496410416677,-2.777425722588064,-2.7526432347312264,-2.8084716404045804,-2.7666224126868944,-2.7332285320344774,-0.010753041939343788,3.0,0.0
90,20,0.0,1.0,702,209,493,-2.7352841891723605,-2.802035951036655,True,0.06675176186429432,-2.777425722588064,-2.7526432347312264,-2.8084716404045804,-2.7666224126868944,-2.7332285320344774,0.03133822351453386,4.0,0.5
90,21,1.0,2.0,703,192,511,-2.7658400679730284,-2.802035951036655,True,0.03619588306362642,-2.777425722588064,-2.7526432347312264,-2.8084716404045804,-2.7666224126868944,-2.7332285320344774,0.0007823447138659567,3.0,0.0
90,22,2.0,3.0,702,10,692,-3.54235971867858,-2.802035951036655,True,-0.7403237676419252,-2.777425722588064,-2.7526432347312264,-2.8084716404045804,-2.7666224126868944,-2.7332285320344774,-0.7757373059916857,1.0,-1.0
90,23,3.0,4.0,703,222,481,-2.708644639107481,-2.802035951036655,True,0.0933913119291736,-2.777425722588064,-2.7526432347312264,-2.8084716404045804,-2.7666224126868944,-2.7332285320344774,0.05797777357941314,5.0,1.0
90,24,4.0,5.0,702,238,464,-2.834186972798364,-2.802035951036655,True,-0.03215102176170914,-2.777425722588064,-2.7526432347312264,-2.8084716404045804,-2.7666224126868944,-2.7332285320344774,-0.06756456011146961,1.0,-1.0
90,25,5.0,6.0,703,181,522,-2.823980729825387,-2.802035951036655,True,-0.021944778788732133,-2.777425722588064,-2.7526432347312264,-2.8084716404045804,-2.7666224126868944,-2.7332285320344774,-0.0573583171384926,1.0,-1.0
90,26,6.0,7.0,703,244,459,-2.7960239408502736,-2.802035951036655,True,0.0060120101863812,-2.777425722588064,-2.7526432347312264,-2.8084716404045804,-2.7666224126868944,-2.7332285320344774,-0.029401528163379265,2.0,-0.5
90,27,7.0,8.0,702,60,642,-2.9095701255994215,-2.802035951036655,True,-0.1075341745627667,-2.777425722588064,-2.7526432347312264,-2.8084716404045804,-2.7666224126868944,-2.7332285320344774,-0.14294771291252673,1.0,-1.0
90,28,8.0,9.0,703,179,524,-2.6946371087775183,-2.802035951036655,True,0.10739884225913654,-2.777425722588064,-2.7526432347312264,-2.8084716404045804,-2.7666224126868944,-2.7332285320344774,0.07198530390937607,5.0,1.0
90,29,9.0,10.0,702,246,456,-2.705745556137257,-2.802035951036655,True,0.09629039489939784,-2.777425722588064,-2.7526432347312264,-2.8084716404045804,-2.7666224126868944,-2.7332285320344774,0.06087685654963737,5.0,1.0
90,30,10.0,11.0,703,216,487,-2.698865587652572,-2.802035951036655,True,0.10317036338408281,-2.777425722588064,-2.7526432347312264,-2.8084716404045804,-2.7666224126868944,-2.7332285320344774,0.06775682503432234,5.0,1.0
90,31,11.0,12.0,702,93,609,-2.7974823710070806,-2.802035951036655,True,0.004553580029574178,-2.777425722588064,-2.7526432347312264,-2.8084716404045804,-2.7666224126868944,-2.7332285320344774,-0.030859958320186287,2.0,-0.5
90,32,12.0,13.0,703,70,633,-2.9851863200711244,-2.802035951036655,True,-0.18315036903446957,-2.777425722588064,-2.7526432347312264,-2.8084716404045804,-2.7666224126868944,-2.7332285320344774,-0.21856390738423004,1.0,-1.0
90,33,13.0,14.0,703,179,524,-2.975229090524658,-2.802035951036655,True,-0.1731931394880033,-2.777425722588064,-2.7526432347312264,-2.8084716404045804,-2.7666224126868944,-2.7332285320344774,-0.20860667783776377,1.0,-1.0
90,34,14.0,15.0,702,209,493,-2.7742180340404827,-2.802035951036655,True,0.027817916996172087,-2.777425722588064,-2.7526432347312264,-2.8084716404045804,-2.7666224126868944,-2.7332285320344774,-0.007595621353588378,3.0,0.0
90,35,15.0,16.0,703,172,531,-2.784222560839885,-2.802035951036655,True,0.017813390196769863,-2.777425722588064,-2.7526432347312264,-2.8084716404045804,-2.7666224126868944,-2.7332285320344774,-0.017600148152990602,2.0,-0.5
90,36,16.0,17.0,702,239,463,-2.828266354322785,-2.802035951036655,True,-0.026230403286130244,-2.777425722588064,-2.7526432347312264,-2.8084716404045804,-2.7666224126868944,-2.7332285320344774,-0.06164394163589071,1.0,-1.0
90,37,17.0,18.0,703,222,481,-2.730284431907571,-2.802035951036655,True,0.07175151912908362,-2.777425722588064,-2.7526432347312264,-2.8084716404045804,-2.7666224126868944,-2.7332285320344774,0.036337980779323154,5.0,1.0
90,38,18.0,19.0,702,158,544,-2.8101426106400784,-2.802035951036655,True,-0.008106659603423605,-2.777425722588064,-2.7526432347312264,-2.8084716404045804,-2.7666224126868944,-2.7332285320344774,-0.04352019795318407,1.0,-1.0
90,39,19.0,20.0,703,192,511,-2.7799805256739876,-2.802035951036655,True,0.022055425362667247,-2.777425722588064,-2.7526432347312264,-2.8084716404045804,-2.7666224126868944,-2.7332285320344774,-0.013358112987093662,2.0,-0.5
91,0,-20.0,-19.0,703,171,532,-2.8362096947919837,-2.850430506988743,True,0.01422081219675908,-2.8415958504799725,-2.837286967009718,-2.8977232689390537,-2.8394745255551594,-2.8260155233296205,0.003264830763175297,4.0,0.5
91,1,-19.0,-18.0,702,211,491,-2.887629781039516,-2.850430506988743,True,-0.03719927405077339,-2.8415958504799725,-2.837286967009718,-2.8977232689390537,-2.8394745255551594,-2.8260155233296205,-0.04815525548435673,2.0,-0.5
91,2,-18.0,-17.0,703,141,562,-2.919914086466363,-2.850430506988743,True,-0.06948357947762007,-2.8415958504799725,-2.837286967009718,-2.8977232689390537,-2.8394745255551594,-2.8260155233296205,-0.08043956091120341,1.0,-1.0
91,3,-17.0,-16.0,702,146,556,-2.7222858007146336,-2.850430506988743,True,0.12814470627410923,-2.8415958504799725,-2.837286967009718,-2.8977232689390537,-2.8394745255551594,-2.8260155233296205,0.11718872484052589,5.0,1.0
91,4,-16.0,-15.0,703,203,500,-2.8220513914138965,-2.850430506988743,True,0.028379115574846292,-2.8415958504799725,-2.837286967009718,-2.8977232689390537,-2.8394745255551594,-2.8260155233296205,0.017423134141262953,5.0,1.0
91,5,-15.0,-14.0,703,208,495,-2.8407806795588195,-2.850430506988743,True,0.009649827429923263,-2.8415958504799725,-2.837286967009718,-2.8977232689390537,-2.8394745255551594,-2.8260155233296205,-0.001306154003660076,3.0,0.0
91,6,-14.0,-13.0,702,31,671,-3.016172206647946,-2.850430506988743,True,-0.16574169965920316,-2.8415958504799725,-2.837286967009718,-2.8977232689390537,-2.8394745255551594,-2.8260155233296205,-0.1766976810927865,1.0,-1.0
91,7,-13.0,-12.0,703,198,505,-2.8381683715514994,-2.850430506988743,True,0.012262135437243415,-2.8415958504799725,-2.837286967009718,-2.8977232689390537,-2.8394745255551594,-2.8260155233296205,0.001306154003659632,3.0,0.0
91,8,-12.0,-11.0,702,84,618,-2.842592170494715,-2.850430506988743,True,0.007838336494027764,-2.8415958504799725,-2.837286967009718,-2.8977232689390537,-2.8394745255551594,-2.8260155233296205,-0.003117644939555575,2.0,-0.5
91,9,-11.0,-10.0,703,92,611,-2.761753773925629,-2.850430506988743,True,0.08867673306311374,-2.8415958504799725,-2.837286967009718,-2.8977232689390537,-2.8394745255551594,-2.8260155233296205,0.0777207516295304,5.0,1.0
91,10,-10.0,-9.0,702,184,518,-2.889270582109023,-2.850430506988743,True,-0.038840075120280204,-2.8415958504799725,-2.837286967009718,-2.8977232689390537,-2.8394745255551594,-2.8260155233296205,-0.049796056553863544,2.0,-0.5
91,11,-9.0,-8.0,703,212,491,-2.827336900634862,-2.850430506988743,True,0.02309360635388069,-2.8415958504799725,-2.837286967009718,-2.8977232689390537,-2.8394745255551594,-2.8260155233296205,0.012137624920297352,4.0,0.5
91,12,-8.0,-7.0,703,248,455,-2.834427368037381,-2.850430506988743,True,0.01600313895136196,-2.8415958504799725,-2.837286967009718,-2.8977232689390537,-2.8394745255551594,-2.8260155233296205,0.005047157517778622,4.0,0.5
91,13,-7.0,-6.0,702,207,495,-2.8116138674677855,-2.850430506988743,True,0.03881663952095726,-2.8415958504799725,-2.837286967009718,-2.8977232689390537,-2.8394745255551594,-2.8260155233296205,0.027860658087374368,5.0,1.0
91,14,-6.0,-5.0,703,165,538,-2.8961641197467114,-2.850430506988743,True,-0.04573361275796861,-2.8415958504799725,-2.837286967009718,-2.8977232689390537,-2.8394745255551594,-2.8260155233296205,-0.05668959419155195,2.0,-0.5
91,15,-5.0,-4.0,702,134,568,-2.8284977075702367,-2.850430506988743,True,0.02193279941850612,-2.8415958504799725,-2.837286967009718,-2.8977232689390537,-2.8394745255551594,-2.8260155233296205,0.010976817984922782,4.0,0.5
91,16,-4.0,-3.0,703,167,536,-2.9138979474989846,-2.850430506988743,True,-0.06346744051024178,-2.8415958504799725,-2.837286967009718,-2.8977232689390537,-2.8394745255551594,-2.8260155233296205,-0.07442342194382556,1.0,-1.0
91,17,-3.0,-2.0,702,86,616,-2.9680153561008034,-2.850430506988743,True,-0.11758484911206057,-2.8415958504799725,-2.837286967009718,-2.8977232689390537,-2.8394745255551594,-2.8260155233296205,-0.12854083054564436,1.0,-1.0
91,18,-2.0,-1.0,703,59,644,-2.6494276174879943,-2.850430506988743,True,0.20100288950074852,-2.8415958504799725,-2.837286967009718,-2.8977232689390537,-2.8394745255551594,-2.8260155233296205,0.19004690806716518,5.0,1.0
91,19,-1.0,0.0,703,145,558,-2.9024007165160803,-2.850430506988743,True,-0.05197020952733755,-2.8415958504799725,-2.837286967009718,-2.8977232689390537,-2.8394745255551594,-2.8260155233296205,-0.06292619096092089,1.0,-1.0
91,20,0.0,1.0,702,187,515,-2.8655762093260444,-2.850430506988743,True,-0.015145702337301614,-2.8415958504799725,-2.837286967009718,-2.8977232689390537,-2.8394745255551594,-2.8260155233296205,-0.026101683770884954,2.0,-0.5
91,21,1.0,2.0,703,178,525,-2.9041037226202837,-2.850430506988743,True,-0.05367321563154093,-2.8415958504799725,-2.837286967009718,-2.8977232689390537,-2.8394745255551594,-2.8260155233296205,-0.06462919706512471,1.0,-1.0
91,22,2.0,3.0,702,242,460,-2.8385679828813184,-2.850430506988743,True,0.011862524107424388,-2.8415958504799725,-2.837286967009718,-2.8977232689390537,-2.8394745255551594,-2.8260155233296205,0.0009065426738410487,3.0,0.0
91,23,3.0,4.0,703,177,526,-2.72147855343288,-2.850430506988743,True,0.12895195355586297,-2.8415958504799725,-2.837286967009718,-2.8977232689390537,-2.8394745255551594,-2.8260155233296205,0.11799597212227964,5.0,1.0
91,24,4.0,5.0,702,0,702,,-2.850430506988743,True,,-2.8415958504799725,-2.837286967009718,-2.8977232689390537,-2.8394745255551594,-2.8260155233296205,,,
91,25,5.0,6.0,703,0,703,,-2.850430506988743,True,,-2.8415958504799725,-2.837286967009718,-2.8977232689390537,-2.8394745255551594,-2.8260155233296205,,,
91,26,6.0,7.0,703,120,583,-3.1942268033656545,-2.850430506988743,True,-0.34379629637691167,-2.8415958504799725,-2.837286967009718,-2.8977232689390537,-2.8394745255551594,-2.8260155233296205,-0.354752277810495,1.0,-1.0
91,27,7.0,8.0,702,57,645,-2.8577703536844132,-2.850430506988743,True,-0.007339846695670449,-2.8415958504799725,-2.837286967009718,-2.8977232689390537,-2.8394745255551594,-2.8260155233296205,-0.018295828129253344,2.0,-0.5
91,28,8.0,9.0,703,204,499,-2.7755095248040176,-2.850430506988743,True,0.0749209821847252,-2.8415958504799725,-2.837286967009718,-2.8977232689390537,-2.8394745255551594,-2.8260155233296205,0.06396500075114187,5.0,1.0
91,29,9.0,10.0,702,294,408,-2.7944763924075904,-2.850430506988743,True,0.0559541145811524,-2.8415958504799725,-2.837286967009718,-2.8977232689390537,-2.8394745255551594,-2.8260155233296205,0.044998133147569064,5.0,1.0
91,30,10.0,11.0,703,0,703,,-2.850430506988743,True,,-2.8415958504799725,-2.837286967009718,-2.8977232689390537,-2.8394745255551594,-2.8260155233296205,,,
91,31,11.0,12.0,702,101,601,-2.843399010612954,-2.850430506988743,True,0.007031496375788926,-2.8415958504799725,-2.837286967009718,-2.8977232689390537,-2.8394745255551594,-2.8260155233296205,-0.0039244850577944135,2.0,-0.5
91,32,12.0,13.0,703,77,626,-2.948586049320486,-2.850430506988743,True,-0.09815554233174328,-2.8415958504799725,-2.837286967009718,-2.8977232689390537,-2.8394745255551594,-2.8260155233296205,-0.10911152376532662,1.0,-1.0
91,33,13.0,14.0,703,177,526,-2.777540584789444,-2.850430506988743,True,0.07288992219929868,-2.8415958504799725,-2.837286967009718,-2.8977232689390537,-2.8394745255551594,-2.8260155233296205,0.061933940765715345,5.0,1.0
91,34,14.0,15.0,702,153,549,-2.844101122663853,-2.850430506988743,True,0.00632938432488972,-2.8415958504799725,-2.837286967009718,-2.8977232689390537,-2.8394745255551594,-2.8260155233296205,-0.00462659710869362,2.0,-0.5
91,35,15.0,16.0,703,177,526,-2.9300211637486617,-2.850430506988743,True,-0.07959065675991894,-2.8415958504799725,-2.837286967009718,-2.8977232689390537,-2.8394745255551594,-2.8260155233296205,-0.09054663819350228,1.0,-1.0
91,36,16.0,17.0,702,112,590,-2.7935726319981753,-2.850430506988743,True,0.05685787499056749,-2.8415958504799725,-2.837286967009718,-2.8977232689390537,-2.8394745255551594,-2.8260155233296205,0.04590189355698371,5.0,1.0
91,37,17.0,18.0,703,125,578,-2.8222836721166122,-2.850430506988743,True,0.028146834872130544,-2.8415958504799725,-2.837286967009718,-2.8977232689390537,-2.8394745255551594,-2.8260155233296205,0.01719085343854765,5.0,1.0
91,38,18.0,19.0,702,170,532,-2.7507791063636993,-2.850430506988743,True,0.09965140062504352,-2.8415958504799725,-2.837286967009718,-2.8977232689390537,-2.8394745255551594,-2.8260155233296205,0.08869541919145973,5.0,1.0
91,39,19.0,20.0,703,139,564,-2.7730813048941845,-2.850430506988743,True,0.07734920209455831,-2.8415958504799725,-2.837286967009718,-2.8977232689390537,-2.8394745255551594,-2.8260155233296205,0.06639322066097497,5.0,1.0
92,0,-20.0,-19.0,703,0,703,,-2.7912141191655926,True,,-2.7967574616541135,-2.789526406849481,-2.8165259121756536,-2.791287713915022,-2.7644053815133516,,,
92,1,-19.0,-18.0,703,0,703,,-2.7912141191655926,True,,-2.7967574616541135,-2.789526406849481,-2.8165259121756536,-2.791287713915022,-2.7644053815133516,,,
92,2,-18.0,-17.0,702,0,702,,-2.7912141191655926,True,,-2.7967574616541135,-2.789526406849481,-2.8165259121756536,-2.791287713915022,-2.7644053815133516,,,
92,3,-17.0,-16.0,703,0,703,,-2.7912141191655926,True,,-2.7967574616541135,-2.789526406849481,-2.8165259121756536,-2.791287713915022,-2.7644053815133516,,,
92,4,-16.0,-15.0,702,0,702,,-2.7912141191655926,True,,-2.7967574616541135,-2.789526406849481,-2.8165259121756536,-2.791287713915022,-2.7644053815133516,,,
92,5,-15.0,-14.0,703,191,512,-2.8152270103576016,-2.7912141191655926,True,-0.024012891192009,-2.7967574616541135,-2.789526406849481,-2.8165259121756536,-2.791287713915022,-2.7644053815133516,-0.02393929644257975,2.0,-0.5
92,6,-14.0,-13.0,702,263,439,-2.7887715609642494,-2.7912141191655926,True,0.0024425582013432035,-2.7967574616541135,-2.789526406849481,-2.8165259121756536,-2.791287713915022,-2.7644053815133516,0.0025161529507724545,4.0,0.5
92,7,-13.0,-12.0,703,77,626,-2.7281579359495796,-2.7912141191655926,True,0.06305618321601303,-2.7967574616541135,-2.789526406849481,-2.8165259121756536,-2.791287713915022,-2.7644053815133516,0.06312977796544184,5.0,1.0
92,8,-12.0,-11.0,703,197,506,-2.7815562130710916,-2.7912141191655926,True,0.009657906094501012,-2.7967574616541135,-2.789526406849481,-2.8165259121756536,-2.791287713915022,-2.7644053815133516,0.009731500843929819,4.0,0.5
92,9,-11.0,-10.0,702,273,429,-2.8002485961890917,-2.7912141191655926,True,-0.009034477023499132,-2.7967574616541135,-2.789526406849481,-2.8165259121756536,-2.791287713915022,-2.7644053815133516,-0.008960882274070325,2.0,-0.5
92,10,-10.0,-9.0,703,217,486,-2.712405667936785,-2.7912141191655926,True,0.07880845122880764,-2.7967574616541135,-2.789526406849481,-2.8165259121756536,-2.791287713915022,-2.7644053815133516,0.07888204597823689,5.0,1.0
92,11,-9.0,-8.0,702,66,636,-2.754855125355663,-2.7912141191655926,True,0.036358993809929796,-2.7967574616541135,-2.789526406849481,-2.8165259121756536,-2.791287713915022,-2.7644053815133516,0.03643258855935905,5.0,1.0
92,12,-8.0,-7.0,703,250,453,-2.8886503217425967,-2.7912141191655926,True,-0.09743620257700414,-2.7967574616541135,-2.789526406849481,-2.8165259121756536,-2.791287713915022,-2.7644053815133516,-0.09736260782757489,1.0,-1.0
92,13,-7.0,-6.0,702,185,517,-2.791287713915022,-2.7912141191655926,True,-7.359474942925104e-05,-2.7967574616541135,-2.789526406849481,-2.8165259121756536,-2.791287713915022,-2.7644053815133516,0.0,3.0,0.0
92,14,-6.0,-5.0,703,228,475,-2.7991016392565813,-2.7912141191655926,True,-0.007887520090988698,-2.7967574616541135,-2.789526406849481,-2.8165259121756536,-2.791287713915022,-2.7644053815133516,-0.007813925341559447,2.0,-0.5
92,15,-5.0,-4.0,703,151,552,-2.6894570239529463,-2.7912141191655926,True,0.10175709521264631,-2.7967574616541135,-2.789526406849481,-2.8165259121756536,-2.791287713915022,-2.7644053815133516,0.10183068996207556,5.0,1.0
92,16,-4.0,-3.0,702,79,623,-2.900984332552722,-2.7912141191655926,True,-0.10977021338712944,-2.7967574616541135,-2.789526406849481,-2.8165259121756536,-2.791287713915022,-2.7644053815133516,-0.1096966186377002,1.0,-1.0
92,17,-3.0,-2.0,703,203,500,-2.817824813993705,-2.7912141191655926,True,-0.026610694828112624,-2.7967574616541135,-2.789526406849481,-2.8165259121756536,-2.791287713915022,-2.7644053815133516,-0.026537100078683373,1.0,-1.0
92,18,-2.0,-1.0,702,248,454,-2.8257281945752055,-2.7912141191655926,True,-0.03451407540961293,-2.7967574616541135,-2.789526406849481,-2.8165259121756536,-2.791287713915022,-2.7644053815133516,-0.03444048066018324,1.0,-1.0
92,19,-1.0,0.0,703,320,383,-2.773955637671041,-2.7912141191655926,True,0.01725848149455178,-2.7967574616541135,-2.789526406849481,-2.8165259121756536,-2.791287713915022,-2.7644053815133516,0.01733207624398103,4.0,0.5
92,20,0.0,1.0,702,311,391,-2.9272475262473714,-2.7912141191655926,True,-0.1360334070817788,-2.7967574616541135,-2.789526406849481,-2.8165259121756536,-2.791287713915022,-2.7644053815133516,-0.13595981233234955,1.0,-1.0
92,21,1.0,2.0,703,0,703,,-2.7912141191655926,True,,-2.7967574616541135,-2.789526406849481,-2.8165259121756536,-2.791287713915022,-2.7644053815133516,,,
92,22,2.0,3.0,703,284,419,-2.89059394331534,-2.7912141191655926,True,-0.09937982414974744,-2.7967574616541135,-2.789526406849481,-2.8165259121756536,-2.791287713915022,-2.7644053815133516,-0.09930622940031819,1.0,-1.0
92,23,3.0,4.0,702,165,537,-2.678451946853479,-2.7912141191655926,True,0.1127621723121135,-2.7967574616541135,-2.789526406849481,-2.8165259121756536,-2.791287713915022,-2.7644053815133516,0.11283576706154275,5.0,1.0
92,24,4.0,5.0,703,656,47,-2.7200554458631916,-2.7912141191655926,True,0.071158673302401,-2.7967574616541135,-2.789526406849481,-2.8165259121756536,-2.791287713915022,-2.7644053815133516,0.0712322680518298,5.0,1.0
92,25,5.0,6.0,702,59,643,-2.8953151488058553,-2.7912141191655926,True,-0.10410102964026269,-2.7967574616541135,-2.789526406849481,-2.8165259121756536,-2.791287713915022,-2.7644053815133516,-0.10402743489083388,1.0,-1.0
92,26,6.0,7.0,703,0,703,,-2.7912141191655926,True,,-2.7967574616541135,-2.789526406849481,-2.8165259121756536,-2.791287713915022,-2.7644053815133516,,,
92,27,7.0,8.0,702,0,702,,-2.7912141191655926,True,,-2.7967574616541135,-2.789526406849481,-2.8165259121756536,-2.791287713915022,-2.7644053815133516,,,
92,28,8.0,9.0,703,0,703,,-2.7912141191655926,True,,-2.7967574616541135,-2.789526406849481,-2.8165259121756536,-2.791287713915022,-2.7644053815133516,,,
92,29,9.0,10.0,703,421,282,-2.737508894871226,-2.7912141191655926,True,0.05370522429436653,-2.7967574616541135,-2.789526406849481,-2.8165259121756536,-2.791287713915022,-2.7644053815133516,0.05377881904379578,5.0,1.0
92,30,10.0,11.0,702,229,473,-2.7405099646935662,-2.7912141191655926,True,0.050704154472026364,-2.7967574616541135,-2.789526406849481,-2.8165259121756536,-2.791287713915022,-2.7644053815133516,0.050777749221455615,5.0,1.0
92,31,11.0,12.0,703,0,703,,-2.7912141191655926,True,,-2.7967574616541135,-2.789526406849481,-2.8165259121756536,-2.791287713915022,-2.7644053815133516,,,
92,32,12.0,13.0,702,208,494,-2.7741361570641816,-2.7912141191655926,True,0.017077962101410993,-2.7967574616541135,-2.789526406849481,-2.8165259121756536,-2.791287713915022,-2.7644053815133516,0.017151556850840244,4.0,0.5
92,33,13.0,14.0,703,302,401,-3.0265816844667652,-2.7912141191655926,True,-0.23536756530117264,-2.7967574616541135,-2.789526406849481,-2.8165259121756536,-2.791287713915022,-2.7644053815133516,-0.23529397055174295,1.0,-1.0
92,34,14.0,15.0,702,0,702,,-2.7912141191655926,True,,-2.7967574616541135,-2.789526406849481,-2.8165259121756536,-2.791287713915022,-2.7644053815133516,,,
92,35,15.0,16.0,703,189,514,-2.7121217641161923,-2.7912141191655926,True,0.07909235504940026,-2.7967574616541135,-2.789526406849481,-2.8165259121756536,-2.791287713915022,-2.7644053815133516,0.07916594979882952,5.0,1.0
92,36,16.0,17.0,703,323,380,-2.9477487844774313,-2.7912141191655926,True,-0.15653466531183868,-2.7967574616541135,-2.789526406849481,-2.8165259121756536,-2.791287713915022,-2.7644053815133516,-0.15646107056240988,1.0,-1.0
92,37,17.0,18.0,702,0,702,,-2.7912141191655926,True,,-2.7967574616541135,-2.789526406849481,-2.8165259121756536,-2.791287713915022,-2.7644053815133516,,,
92,38,18.0,19.0,703,205,498,-2.945370308681291,-2.7912141191655926,True,-0.1541561895156982,-2.7967574616541135,-2.789526406849481,-2.8165259121756536,-2.791287713915022,-2.7644053815133516,-0.15408259476626895,1.0,-1.0
92,39,19.0,20.0,702,230,472,-2.8540979538906606,-2.7912141191655926,True,-0.06288383472506798,-2.7967574616541135,-2.789526406849481,-2.8165259121756536,-2.791287713915022,-2.7644053815133516,-0.06281023997563917,1.0,-1.0
93,0,-20.0,-19.0,702,0,702,,-2.8828897091590777,True,,-2.8986787438828485,-2.8769375692279437,-2.9141694879516598,-2.8877636423156074,-2.8325573975514713,,,
93,1,-19.0,-18.0,703,210,493,-2.9063063662639137,-2.8828897091590777,True,-0.02341665710483598,-2.8986787438828485,-2.8769375692279437,-2.9141694879516598,-2.8877636423156074,-2.8325573975514713,-0.01854272394830625,2.0,-0.5
93,2,-18.0,-17.0,703,251,452,-2.9129071308497934,-2.8828897091590777,True,-0.03001742169071564,-2.8986787438828485,-2.8769375692279437,-2.9141694879516598,-2.8877636423156074,-2.8325573975514713,-0.02514348853418591,2.0,-0.5
93,3,-17.0,-16.0,702,224,478,-2.89613620308916,-2.8828897091590777,True,-0.01324649393008226,-2.8986787438828485,-2.8769375692279437,-2.9141694879516598,-2.8877636423156074,-2.8325573975514713,-0.008372560773552529,3.0,0.0
93,4,-16.0,-15.0,703,48,655,-3.078266854245237,-2.8828897091590777,True,-0.19537714508615922,-2.8986787438828485,-2.8769375692279437,-2.9141694879516598,-2.8877636423156074,-2.8325573975514713,-0.1905032119296295,1.0,-1.0
93,5,-15.0,-14.0,702,139,563,-2.968801003461066,-2.8828897091590777,True,-0.0859112943019884,-2.8986787438828485,-2.8769375692279437,-2.9141694879516598,-2.8877636423156074,-2.8325573975514713,-0.08103736114545868,1.0,-1.0
93,6,-14.0,-13.0,703,238,465,-2.9357263643954172,-2.8828897091590777,True,-0.052836655236339514,-2.8986787438828485,-2.8769375692279437,-2.9141694879516598,-2.8877636423156074,-2.8325573975514713,-0.04796272207980934,1.0,-1.0
93,7,-13.0,-12.0,702,202,500,-2.8695770322856125,-2.8828897091590777,True,0.013312676873465268,-2.8986787438828485,-2.8769375692279437,-2.9141694879516598,-2.8877636423156074,-2.8325573975514713,0.018186610029995,4.0,0.5
93,8,-12.0,-11.0,703,109,594,-2.8194007728713686,-2.8828897091590777,True,0.06348893628770913,-2.8986787438828485,-2.8769375692279437,-2.9141694879516598,-2.8877636423156074,-2.8325573975514713,0.06836286944423886,5.0,1.0
93,9,-11.0,-10.0,703,150,553,-2.91795655925726,-2.8828897091590777,True,-0.03506685009818211,-2.8986787438828485,-2.8769375692279437,-2.9141694879516598,-2.8877636423156074,-2.8325573975514713,-0.03019291694165238,1.0,-1.0
93,10,-10.0,-9.0,702,0,702,,-2.8828897091590777,True,,-2.8986787438828485,-2.8769375692279437,-2.9141694879516598,-2.8877636423156074,-2.8325573975514713,,,
93,11,-9.0,-8.0,703,0,703,,-2.8828897091590777,True,,-2.8986787438828485,-2.8769375692279437,-2.9141694879516598,-2.8877636423156074,-2.8325573975514713,,,
93,12,-8.0,-7.0,702,172,530,-2.830658652120501,-2.8828897091590777,True,0.05223105703857689,-2.8986787438828485,-2.8769375692279437,-2.9141694879516598,-2.8877636423156074,-2.8325573975514713,0.05710499019510662,5.0,1.0
93,13,-7.0,-6.0,703,280,423,-2.859416232520574,-2.8828897091590777,True,0.023473476638503854,-2.8986787438828485,-2.8769375692279437,-2.9141694879516598,-2.8877636423156074,-2.8325573975514713,0.028347409795033585,4.0,0.5
93,14,-6.0,-5.0,702,121,581,-2.8331903126951277,-2.8828897091590777,True,0.04969939646395005,-2.8986787438828485,-2.8769375692279437,-2.9141694879516598,-2.8877636423156074,-2.8325573975514713,0.05457332962047934,4.0,0.5
93,15,-5.0,-4.0,703,90,613,-2.911837970521156,-2.8828897091590777,True,-0.028948261362078398,-2.8986787438828485,-2.8769375692279437,-2.9141694879516598,-2.8877636423156074,-2.8325573975514713,-0.024074328205548667,2.0,-0.5
93,16,-4.0,-3.0,703,244,459,-2.8793910815420545,-2.8828897091590777,True,0.003498627617023242,-2.8986787438828485,-2.8769375692279437,-2.9141694879516598,-2.8877636423156074,-2.8325573975514713,0.008372560773552973,3.0,0.0
93,17,-3.0,-2.0,702,702,0,-2.7408323205288037,-2.8828897091590777,True,0.14205738863027406,-2.8986787438828485,-2.8769375692279437,-2.9141694879516598,-2.8877636423156074,-2.8325573975514713,0.14693132178680335,5.0,1.0
93,18,-2.0,-1.0,703,301,402,-2.7658304898981987,-2.8828897091590777,True,0.11705921926087903,-2.8986787438828485,-2.8769375692279437,-2.9141694879516598,-2.8877636423156074,-2.8325573975514713,0.12193315241740876,5.0,1.0
93,19,-1.0,0.0,702,0,702,,-2.8828897091590777,True,,-2.8986787438828485,-2.8769375692279437,-2.9141694879516598,-2.8877636423156074,-2.8325573975514713,,,
93,20,0.0,1.0,703,0,703,,-2.8828897091590777,True,,-2.8986787438828485,-2.8769375692279437,-2.9141694879516598,-2.8877636423156074,-2.8325573975514713,,,
93,21,1.0,2.0,702,247,455,-2.851808720217142,-2.8828897091590777,True,0.031080988941935672,-2.8986787438828485,-2.8769375692279437,-2.9141694879516598,-2.8877636423156074,-2.8325573975514713,0.0359549220984654,4.0,0.5
93,22,2.0,3.0,703,0,703,,-2.8828897091590777,True,,-2.8986787438828485,-2.8769375692279437,-2.9141694879516598,-2.8877636423156074,-2.8325573975514713,,,
93,23,3.0,4.0,703,0,703,,-2.8828897091590777,True,,-2.8986787438828485,-2.8769375692279437,-2.9141694879516598,-2.8877636423156074,-2.8325573975514713,,,
93,24,4.0,5.0,702,0,702,,-2.8828897091590777,True,,-2.8986787438828485,-2.8769375692279437,-2.9141694879516598,-2.8877636423156074,-2.8325573975514713,,,
93,25,5.0,6.0,703,0,703,,-2.8828897091590777,True,,-2.8986787438828485,-2.8769375692279437,-2.9141694879516598,-2.8877636423156074,-2.8325573975514713,,,
93,26,6.0,7.0,702,230,472,-2.934003193197169,-2.8828897091590777,True,-0.05111348403809135,-2.8986787438828485,-2.8769375692279437,-2.9141694879516598,-2.8877636423156074,-2.8325573975514713,-0.04623955088156162,1.0,-1.0
93,27,7.0,8.0,703,326,377,-2.848020375407963,-2.8828897091590777,True,0.034869333751114784,-2.8986787438828485,-2.8769375692279437,-2.9141694879516598,-2.8877636423156074,-2.8325573975514713,0.039743266907644514,4.0,0.5
93,28,8.0,9.0,702,268,434,-2.848993853281992,-2.8828897091590777,True,0.03389585587708588,-2.8986787438828485,-2.8769375692279437,-2.9141694879516598,-2.8877636423156074,-2.8325573975514713,0.03876978903361561,4.0,0.5
93,29,9.0,10.0,703,206,497,-2.911040909037857,-2.8828897091590777,True,-0.02815119987877912,-2.8986787438828485,-2.8769375692279437,-2.9141694879516598,-2.8877636423156074,-2.8325573975514713,-0.02327726672224939,2.0,-0.5
93,30,10.0,11.0,703,0,703,,-2.8828897091590777,True,,-2.8986787438828485,-2.8769375692279437,-2.9141694879516598,-2.8877636423156074,-2.8325573975514713,,,
93,31,11.0,12.0,702,153,549,-2.872016076279651,-2.8828897091590777,True,0.010873632879426776,-2.8986787438828485,-2.8769375692279437,-2.9141694879516598,-2.8877636423156074,-2.8325573975514713,0.015747566035956506,4.0,0.5
93,32,12.0,13.0,703,222,481,-2.936988476364842,-2.8828897091590777,True,-0.05409876720576445,-2.8986787438828485,-2.8769375692279437,-2.9141694879516598,-2.8877636423156074,-2.8325573975514713,-0.04922483404923472,1.0,-1.0
93,33,13.0,14.0,702,189,513,-2.931613886589533,-2.8828897091590777,True,-0.04872417743045521,-2.8986787438828485,-2.8769375692279437,-2.9141694879516598,-2.8877636423156074,-2.8325573975514713,-0.043850244273925476,1.0,-1.0
93,34,14.0,15.0,703,0,703,,-2.8828897091590777,True,,-2.8986787438828485,-2.8769375692279437,-2.9141694879516598,-2.8877636423156074,-2.8325573975514713,,,
93,35,15.0,16.0,702,143,559,-2.930030365354208,-2.8828897091590777,True,-0.047140656195130415,-2.8986787438828485,-2.8769375692279437,-2.9141694879516598,-2.8877636423156074,-2.8325573975514713,-0.042266723038600684,1.0,-1.0
93,36,16.0,17.0,703,202,501,-2.880507973837733,-2.8828897091590777,True,0.002381735321344891,-2.8986787438828485,-2.8769375692279437,-2.9141694879516598,-2.8877636423156074,-2.8325573975514713,0.007255668477874622,3.0,0.0
93,37,17.0,18.0,703,184,519,-2.909912239186352,-2.8828897091590777,True,-0.027022530027274172,-2.8986787438828485,-2.8769375692279437,-2.9141694879516598,-2.8877636423156074,-2.8325573975514713,-0.02214859687074444,2.0,-0.5
93,38,18.0,19.0,702,157,545,-2.7727000790135703,-2.8828897091590777,True,0.11018963014550742,-2.8986787438828485,-2.8769375692279437,-2.9141694879516598,-2.8877636423156074,-2.8325573975514713,0.11506356330203715,5.0,1.0
93,39,19.0,20.0,703,54,649,-2.9759748111654423,-2.8828897091590777,True,-0.09308510200636455,-2.8986787438828485,-2.8769375692279437,-2.9141694879516598,-2.8877636423156074,-2.8325573975514713,-0.08821116884983482,1.0,-1.0
94,0,-20.0,-19.0,703,169,534,-2.85904347804755,-2.885966777351196,True,0.026923299303645898,-2.858421929682581,-2.8348469830140237,-2.911651193948381,-2.85282799439786,-2.805619024895522,-0.006215483649690157,2.0,-0.5
94,1,-19.0,-18.0,702,201,501,-2.7627899442354193,-2.885966777351196,True,0.12317683311577676,-2.858421929682581,-2.8348469830140237,-2.911651193948381,-2.85282799439786,-2.805619024895522,0.09003805016244026,5.0,1.0
94,2,-18.0,-17.0,703,30,673,-3.3004620046611963,-2.885966777351196,True,-0.4144952273100002,-2.858421929682581,-2.8348469830140237,-2.911651193948381,-2.85282799439786,-2.805619024895522,-0.44763401026333627,1.0,-1.0
94,3,-17.0,-16.0,703,171,532,-2.8328490928602643,-2.885966777351196,True,0.053117684490931794,-2.858421929682581,-2.8348469830140237,-2.911651193948381,-2.85282799439786,-2.805619024895522,0.01997890153759574,4.0,0.5
94,4,-16.0,-15.0,702,220,482,-2.91349917774954,-2.885966777351196,True,-0.027532400398343704,-2.858421929682581,-2.8348469830140237,-2.911651193948381,-2.85282799439786,-2.805619024895522,-0.06067118335167976,1.0,-1.0
94,5,-15.0,-14.0,703,263,440,-2.8819865578091446,-2.885966777351196,True,0.003980219542051522,-2.858421929682581,-2.8348469830140237,-2.911651193948381,-2.85282799439786,-2.805619024895522,-0.029158563411284533,2.0,-0.5
94,6,-14.0,-13.0,702,130,572,-2.8528279943978596,-2.885966777351196,True,0.0331387829533365,-2.858421929682581,-2.8348469830140237,-2.911651193948381,-2.85282799439786,-2.805619024895522,0.0,3.0,0.0
94,7,-13.0,-12.0,703,129,574,-2.827994837959884,-2.885966777351196,True,0.057971939391312066,-2.858421929682581,-2.8348469830140237,-2.911651193948381,-2.85282799439786,-2.805619024895522,0.02483315643797601,4.0,0.5
94,8,-12.0,-11.0,702,220,482,-2.8268582381065785,-2.885966777351196,True,0.059108539244617564,-2.858421929682581,-2.8348469830140237,-2.911651193948381,-2.85282799439786,-2.805619024895522,0.02596975629128151,4.0,0.5
94,9,-11.0,-10.0,703,188,515,-2.8279064380132843,-2.885966777351196,True,0.05806033933791177,-2.858421929682581,-2.8348469830140237,-2.911651193948381,-2.85282799439786,-2.805619024895522,0.024921556384575716,4.0,0.5
94,10,-10.0,-9.0,703,236,467,-2.9247985654657733,-2.885966777351196,True,-0.038831788114577215,-2.858421929682581,-2.8348469830140237,-2.911651193948381,-2.85282799439786,-2.805619024895522,-0.07197057106791327,1.0,-1.0
94,11,-9.0,-8.0,702,208,494,-2.9098032101472224,-2.885966777351196,True,-0.02383643279602632,-2.858421929682581,-2.8348469830140237,-2.911651193948381,-2.85282799439786,-2.805619024895522,-0.05697521574936237,2.0,-0.5
94,12,-8.0,-7.0,703,100,603,-2.7360513555267802,-2.885966777351196,True,0.14991542182441586,-2.858421929682581,-2.8348469830140237,-2.911651193948381,-2.85282799439786,-2.805619024895522,0.11677663887108025,5.0,1.0
94,13,-7.0,-6.0,702,267,435,-2.932179549399018,-2.885966777351196,True,-0.046212772047821815,-2.858421929682581,-2.8348469830140237,-2.911651193948381,-2.85282799439786,-2.805619024895522,-0.07935155500115787,1.0,-1.0
94,14,-6.0,-5.0,703,203,500,-2.7843798116844654,-2.885966777351196,True,0.10158696566673076,-2.858421929682581,-2.8348469830140237,-2.911651193948381,-2.85282799439786,-2.805619024895522,0.0684481827133947,5.0,1.0
94,15,-5.0,-4.0,702,141,561,-2.756113098525042,-2.885966777351196,True,0.12985367882615417,-2.858421929682581,-2.8348469830140237,-2.911651193948381,-2.85282799439786,-2.805619024895522,0.09671489587281812,5.0,1.0
94,16,-4.0,-3.0,703,70,633,-3.269198552533743,-2.885966777351196,True,-0.3832317751825469,-2.858421929682581,-2.8348469830140237,-2.911651193948381,-2.85282799439786,-2.805619024895522,-0.416370558135883,1.0,-1.0
94,17,-3.0,-2.0,703,220,483,-2.886309473800866,-2.885966777351196,True,-0.0003426964496697771,-2.858421929682581,-2.8348469830140237,-2.911651193948381,-2.85282799439786,-2.805619024895522,-0.03348147940300583,2.0,-0.5
94,18,-2.0,-1.0,702,179,523,-2.7483173887490926,-2.885966777351196,True,0.13764938860210352,-2.858421929682581,-2.8348469830140237,-2.911651193948381,-2.85282799439786,-2.805619024895522,0.10451060564876746,5.0,1.0
94,19,-1.0,0.0,703,0,703,,-2.885966777351196,True,,-2.858421929682581,-2.8348469830140237,-2.911651193948381,-2.85282799439786,-2.805619024895522,,,
94,20,0.0,1.0,702,0,702,,-2.885966777351196,True,,-2.858421929682581,-2.8348469830140237,-2.911651193948381,-2.85282799439786,-2.805619024895522,,,
94,21,1.0,2.0,703,0,703,,-2.885966777351196,True,,-2.858421929682581,-2.8348469830140237,-2.911651193948381,-2.85282799439786,-2.805619024895522,,,
94,22,2.0,3.0,702,170,532,-2.892325500392187,-2.885966777351196,True,-0.006358723040990721,-2.858421929682581,-2.8348469830140237,-2.911651193948381,-2.85282799439786,-2.805619024895522,-0.039497505994326776,2.0,-0.5
94,23,3.0,4.0,703,274,429,-2.897931973810116,-2.885966777351196,True,-0.011965196458919802,-2.858421929682581,-2.8348469830140237,-2.911651193948381,-2.85282799439786,-2.805619024895522,-0.04510397941225586,2.0,-0.5
94,24,4.0,5.0,703,268,435,-2.8602947019137397,-2.885966777351196,True,0.02567207543745642,-2.858421929682581,-2.8348469830140237,-2.911651193948381,-2.85282799439786,-2.805619024895522,-0.007466707515880078,2.0,-0.5
94,25,5.0,6.0,702,129,573,-2.8316651955401344,-2.885966777351196,True,0.054301581811061705,-2.858421929682581,-2.8348469830140237,-2.911651193948381,-2.85282799439786,-2.805619024895522,0.02116279885772565,4.0,0.5
94,26,6.0,7.0,703,157,546,-2.827121806068223,-2.885966777351196,True,0.05884497128297328,-2.858421929682581,-2.8348469830140237,-2.911651193948381,-2.85282799439786,-2.805619024895522,0.025706188329637225,4.0,0.5
94,27,7.0,8.0,702,225,477,-2.7877609866330237,-2.885966777351196,True,0.09820579071817237,-2.858421929682581,-2.8348469830140237,-2.911651193948381,-2.85282799439786,-2.805619024895522,0.06506700776483587,5.0,1.0
94,28,8.0,9.0,703,117,586,-2.8785548998408026,-2.885966777351196,True,0.007411877510393516,-2.858421929682581,-2.8348469830140237,-2.911651193948381,-2.85282799439786,-2.805619024895522,-0.025726905442942538,2.0,-0.5
94,29,9.0,10.0,702,217,485,-2.850505592779263,-2.885966777351196,True,0.035461184571933035,-2.858421929682581,-2.8348469830140237,-2.911651193948381,-2.85282799439786,-2.805619024895522,0.002322401618596981,3.0,0.0
94,30,10.0,11.0,703,164,539,-2.932886184728205,-2.885966777351196,True,-0.04691940737700895,-2.858421929682581,-2.8348469830140237,-2.911651193948381,-2.85282799439786,-2.805619024895522,-0.080058190330345,1.0,-1.0
94,31,11.0,12.0,703,177,526,-2.870012783090652,-2.885966777351196,True,0.015953994260544224,-2.858421929682581,-2.8348469830140237,-2.911651193948381,-2.85282799439786,-2.805619024895522,-0.01718478869279183,2.0,-0.5
94,32,12.0,13.0,702,80,622,-2.779000225509384,-2.885966777351196,True,0.10696655184181214,-2.858421929682581,-2.8348469830140237,-2.911651193948381,-2.85282799439786,-2.805619024895522,0.07382776888847609,5.0,1.0
94,33,13.0,14.0,703,83,620,-2.9598053250375442,-2.885966777351196,True,-0.07383854768634812,-2.858421929682581,-2.8348469830140237,-2.911651193948381,-2.85282799439786,-2.805619024895522,-0.10697733063968373,1.0,-1.0
94,34,14.0,15.0,702,91,611,-2.897268541798662,-2.885966777351196,True,-0.011301764447465779,-2.858421929682581,-2.8348469830140237,-2.911651193948381,-2.85282799439786,-2.805619024895522,-0.04444054740080183,2.0,-0.5
94,35,15.0,16.0,703,140,563,-2.79858433349745,-2.885966777351196,True,0.08738244385374605,-2.858421929682581,-2.8348469830140237,-2.911651193948381,-2.85282799439786,-2.805619024895522,0.054243660900409996,5.0,1.0
94,36,16.0,17.0,702,142,560,-2.957784334339287,-2.885966777351196,True,-0.071817556988091,-2.858421929682581,-2.8348469830140237,-2.911651193948381,-2.85282799439786,-2.805619024895522,-0.10495633994142706,1.0,-1.0
94,37,17.0,18.0,703,232,471,-2.870662190371988,-2.885966777351196,True,0.01530458697920789,-2.858421929682581,-2.8348469830140237,-2.911651193948381,-2.85282799439786,-2.805619024895522,-0.017834195974128164,2.0,-0.5
94,38,18.0,19.0,703,212,491,-2.756934787602016,-2.885966777351196,True,0.1290319897491803,-2.858421929682581,-2.8348469830140237,-2.911651193948381,-2.85282799439786,-2.805619024895522,0.09589320679584423,5.0,1.0
94,39,19.0,20.0,702,0,702,,-2.885966777351196,True,,-2.858421929682581,-2.8348469830140237,-2.911651193948381,-2.85282799439786,-2.805619024895522,,,
