trial,bin_index,start_s,end_s,total_frame_count,eligible_frame_count,nan_sample_count,median_log_vigor,baseline_median_log_vigor,delta_log_vigor
5,0,-20.0,-19.5,351,203,148,-2.1975825100900055,-2.3070588545383393,0.10947634444833376
5,1,-19.5,-19.0,351,0,351,,-2.3070588545383393,
5,2,-19.0,-18.5,352,0,352,,-2.3070588545383393,
5,3,-18.5,-18.0,351,201,150,-2.145748896890998,-2.3070588545383393,0.16130995764734113
5,4,-18.0,-17.5,351,4,347,-2.670014991132265,-2.3070588545383393,-0.36295613659392556
5,5,-17.5,-17.0,352,83,269,-2.193946087607524,-2.3070588545383393,0.1131127669308154
5,6,-17.0,-16.5,351,154,197,-2.10672661447195,-2.3070588545383393,0.2003322400663894
5,7,-16.5,-16.0,351,0,351,,-2.3070588545383393,
5,8,-16.0,-15.5,351,131,220,-2.589710928246013,-2.3070588545383393,-0.28265207370767387
5,9,-15.5,-15.0,352,162,190,-2.0912828278766487,-2.3070588545383393,0.2157760266616906
5,10,-15.0,-14.5,351,0,351,,-2.3070588545383393,
5,11,-14.5,-14.0,351,0,351,,-2.3070588545383393,
5,12,-14.0,-13.5,352,201,151,-2.449543841068283,-2.3070588545383393,-0.14248498652994357
5,13,-13.5,-13.0,351,0,351,,-2.3070588545383393,
5,14,-13.0,-12.5,351,189,162,-2.2005419127978003,-2.3070588545383393,0.10651694174053894
5,15,-12.5,-12.0,351,0,351,,-2.3070588545383393,
5,16,-12.0,-11.5,352,158,194,-2.264062350096701,-2.3070588545383393,0.04299650444163827
5,17,-11.5,-11.0,351,51,300,-3.015491928403724,-2.3070588545383393,-0.7084330738653848
5,18,-11.0,-10.5,351,167,184,-2.20262631126101,-2.3070588545383393,0.10443254327732943
5,19,-10.5,-10.0,352,61,291,-2.677792088927782,-2.3070588545383393,-0.37073323438944294
5,20,-10.0,-9.5,351,279,72,-2.065031313276771,-2.3070588545383393,0.24202754126156822
5,21,-9.5,-9.0,351,61,290,-2.881981908010104,-2.3070588545383393,-0.5749230534717649
5,22,-9.0,-8.5,351,0,351,,-2.3070588545383393,
5,23,-8.5,-8.0,352,203,149,-2.1240036786206344,-2.3070588545383393,0.18305517591770482
5,24,-8.0,-7.5,351,4,347,-3.8578190740131193,-2.3070588545383393,-1.55076021947478
5,25,-7.5,-7.0,351,0,351,,-2.3070588545383393,
5,26,-7.0,-6.5,352,205,147,-2.038938997424172,-2.3070588545383393,0.2681198571141672
5,27,-6.5,-6.0,351,42,309,-3.410349039338127,-2.3070588545383393,-1.1032901847997878
5,28,-6.0,-5.5,351,51,300,-3.1270050636707083,-2.3070588545383393,-0.819946209132369
5,29,-5.5,-5.0,351,242,109,-2.300209708624446,-2.3070588545383393,0.006849145913893295
5,30,-5.0,-4.5,352,0,352,,-2.3070588545383393,
5,31,-4.5,-4.0,351,231,120,-2.063501394737432,-2.3070588545383393,0.24355745980090715
5,32,-4.0,-3.5,351,19,332,-2.503123145251755,-2.3070588545383393,-0.1960642907134158
5,33,-3.5,-3.0,352,22,330,-2.3070588545383393,-2.3070588545383393,0.0
5,34,-3.0,-2.5,351,163,188,-2.044206190819968,-2.3070588545383393,0.26285266371837146
5,35,-2.5,-2.0,351,0,351,,-2.3070588545383393,
5,36,-2.0,-1.5,351,0,351,,-2.3070588545383393,
5,37,-1.5,-1.0,352,178,174,-2.1679855184164354,-2.3070588545383393,0.13907333612190387
5,38,-1.0,-0.5,351,69,282,-3.1651882821332045,-2.3070588545383393,-0.8581294275948652
5,39,-0.5,0.0,351,197,154,-2.3681047180886963,-2.3070588545383393,-0.061045863550357016
5,40,0.0,0.5,352,2,350,-3.2217230582285143,-2.3070588545383393,-0.9146642036901751
5,41,0.5,1.0,351,81,270,-2.7839492930966787,-2.3070588545383393,-0.47689043855833946
5,42,1.0,1.5,351,236,115,-2.0253918008723275,-2.3070588545383393,0.28166705366601175
5,43,1.5,2.0,351,46,305,-2.7929927688020153,-2.3070588545383393,-0.48593391426367605
5,44,2.0,2.5,352,15,337,-2.906562797033926,-2.3070588545383393,-0.5995039424955868
5,45,2.5,3.0,351,139,212,-2.1464614277248737,-2.3070588545383393,0.16059742681346556
5,46,3.0,3.5,351,0,351,,-2.3070588545383393,
5,47,3.5,4.0,352,24,328,-2.5231158179827786,-2.3070588545383393,-0.21605696344443936
5,48,4.0,4.5,351,207,144,-2.1864394736360393,-2.3070588545383393,0.12061938090229996
5,49,4.5,5.0,351,44,307,-2.8876378048603732,-2.3070588545383393,-0.580578950322034
5,50,5.0,5.5,351,229,122,-2.1495502745216437,-2.3070588545383393,0.15750858001669554
5,51,5.5,6.0,352,31,321,-3.146724939853373,-2.3070588545383393,-0.839666085315034
5,52,6.0,6.5,351,288,63,-1.952375543142466,-2.3070588545383393,0.35468331139587317
5,53,6.5,7.0,351,0,351,,-2.3070588545383393,
5,54,7.0,7.5,352,28,324,-2.7105148914474864,-2.3070588545383393,-0.4034560369091471
5,55,7.5,8.0,351,216,135,-2.060973180676446,-2.3070588545383393,0.24608567386189328
5,56,8.0,8.5,351,0,351,,-2.3070588545383393,
5,57,8.5,9.0,351,309,42,-2.0602802413114403,-2.3070588545383393,0.24677861322689898
5,58,9.0,9.5,352,51,301,-3.36170876732699,-2.3070588545383393,-1.0546499127886508
5,59,9.5,10.0,351,225,126,-2.0479276917465907,-2.3070588545383393,0.2591311627917485
5,60,10.0,10.5,351,107,244,-2.153274023158579,-2.3070588545383393,0.15378483137976007
5,61,10.5,11.0,352,191,161,-2.6182091325545835,-2.3070588545383393,-0.3111502780162443
5,62,11.0,11.5,351,182,169,-1.9980748514041171,-2.3070588545383393,0.30898400313422214
5,63,11.5,12.0,351,16,335,-3.0043551714824943,-2.3070588545383393,-0.6972963169441551
5,64,12.0,12.5,351,306,45,-2.173716376632,-2.3070588545383393,0.13334247790633924
5,65,12.5,13.0,352,91,261,-3.082951596456221,-2.3070588545383393,-0.7758927419178816
5,66,13.0,13.5,351,284,67,-2.0504102793210284,-2.3070588545383393,0.2566485752173109
5,67,13.5,14.0,351,57,294,-2.9389290435448774,-2.3070588545383393,-0.6318701890065381
5,68,14.0,14.5,352,179,173,-2.0781735839069055,-2.3070588545383393,0.2288852706314337
5,69,14.5,15.0,351,54,297,-2.2815123910493993,-2.3070588545383393,0.025546463488939963
5,70,15.0,15.5,351,0,351,,-2.3070588545383393,
5,71,15.5,16.0,351,146,205,-2.4926933514130996,-2.3070588545383393,-0.1856344968747603
5,72,16.0,16.5,352,148,204,-2.0162630870517546,-2.3070588545383393,0.29079576748658464
5,73,16.5,17.0,351,36,315,-2.9910045768633085,-2.3070588545383393,-0.6839457223249692
5,74,17.0,17.5,351,182,169,-2.0565857912213263,-2.3070588545383393,0.2504730633170129
5,75,17.5,18.0,352,36,316,-2.8976373981285164,-2.3070588545383393,-0.5905785435901771
5,76,18.0,18.5,351,17,334,-3.148156261418966,-2.3070588545383393,-0.841097406880627
5,77,18.5,19.0,351,155,196,-2.1458963643981113,-2.3070588545383393,0.161162490140228
5,78,19.0,19.5,351,37,314,-3.2016791050101117,-2.3070588545383393,-0.8946202504717724
5,79,19.5,20.0,352,13,339,-3.1065454092320355,-2.3070588545383393,-0.7994865546936962
6,0,-20.0,-19.5,351,0,351,,-2.132144140131344,
6,1,-19.5,-19.0,351,325,26,-2.014285136809038,-2.132144140131344,0.11785900332230614
6,2,-19.0,-18.5,351,19,332,-2.8083126116830623,-2.132144140131344,-0.6761684715517182
6,3,-18.5,-18.0,352,41,311,-2.9074260362265614,-2.132144140131344,-0.7752818960952172
6,4,-18.0,-17.5,351,155,196,-2.102853422892791,-2.132144140131344,0.029290717238553032
6,5,-17.5,-17.0,351,187,164,-1.9800144491681055,-2.132144140131344,0.15212969096323858
6,6,-17.0,-16.5,352,56,296,-2.576201220180005,-2.132144140131344,-0.44405708004866096
6,7,-16.5,-16.0,351,351,0,-1.9876449717332492,-2.132144140131344,0.14449916839809496
6,8,-16.0,-15.5,351,181,170,-1.9556769405939762,-2.132144140131344,0.1764671995373679
6,9,-15.5,-15.0,351,0,351,,-2.132144140131344,
6,10,-15.0,-14.5,352,0,352,,-2.132144140131344,
6,11,-14.5,-14.0,351,281,70,-2.207397192549735,-2.132144140131344,-0.07525305241839098
6,12,-14.0,-13.5,351,73,278,-3.050795772615236,-2.132144140131344,-0.918651632483892
6,13,-13.5,-13.0,352,144,208,-2.1201197566307934,-2.132144140131344,0.012024383500550684
6,14,-13.0,-12.5,351,206,145,-2.0881181377636793,-2.132144140131344,0.04402600236766485
6,15,-12.5,-12.0,351,0,351,,-2.132144140131344,
6,16,-12.0,-11.5,351,309,42,-1.958917501214743,-2.132144140131344,0.17322663891660106
6,17,-11.5,-11.0,352,190,162,-2.0290204915829952,-2.132144140131344,0.10312364854834888
6,18,-11.0,-10.5,351,128,223,-2.0510570863711717,-2.132144140131344,0.08108705376017245
6,19,-10.5,-10.0,351,351,0,-1.9838023048693918,-2.132144140131344,0.14834183526195233
6,20,-10.0,-9.5,352,198,154,-2.081229037891115,-2.132144140131344,0.05091510224022899
6,21,-9.5,-9.0,351,104,247,-2.984689752304902,-2.132144140131344,-0.8525456121735577
6,22,-9.0,-8.5,351,135,216,-2.3730335290792857,-2.132144140131344,-0.24088938894794154
6,23,-8.5,-8.0,351,351,0,-2.0386597787044005,-2.132144140131344,0.09348436142694361
6,24,-8.0,-7.5,352,56,296,-2.214272340741767,-2.132144140131344,-0.08212820061042292
6,25,-7.5,-7.0,351,42,309,-3.1592207880216696,-2.132144140131344,-1.0270766478903255
6,26,-7.0,-6.5,351,0,351,,-2.132144140131344,
6,27,-6.5,-6.0,352,131,221,-2.08109267472544,-2.132144140131344,0.05105146540590422
6,28,-6.0,-5.5,351,235,116,-2.3574528109707558,-2.132144140131344,-0.22530867083941164
6,29,-5.5,-5.0,351,0,351,,-2.132144140131344,
6,30,-5.0,-4.5,351,113,238,-2.120362418406122,-2.132144140131344,0.011781721725222294
6,31,-4.5,-4.0,352,183,169,-2.061276051032727,-2.132144140131344,0.0708680890986173
6,32,-4.0,-3.5,351,45,306,-3.023963736782557,-2.132144140131344,-0.8918195966512128
6,33,-3.5,-3.0,351,54,297,-3.6085309749753303,-2.132144140131344,-1.4763868348439861
6,34,-3.0,-2.5,352,0,352,,-2.132144140131344,
6,35,-2.5,-2.0,351,51,300,-3.18120641703846,-2.132144140131344,-1.049062276907116
6,36,-2.0,-1.5,351,48,303,-3.087529565328258,-2.132144140131344,-0.9553854251969138
6,37,-1.5,-1.0,351,101,250,-2.143925861856566,-2.132144140131344,-0.01178172172522185
6,38,-1.0,-0.5,352,144,208,-2.0142211716535083,-2.132144140131344,0.11792296847783579
6,39,-0.5,0.0,351,0,351,,-2.132144140131344,
6,40,0.0,0.5,351,217,134,-1.9947022988939425,-2.132144140131344,0.13744184123740166
6,41,0.5,1.0,352,48,304,-3.2239954640162525,-2.132144140131344,-1.0918513238849084
6,42,1.0,1.5,351,0,351,,-2.132144140131344,
6,43,1.5,2.0,351,0,351,,-2.132144140131344,
6,44,2.0,2.5,351,127,224,-1.8972344728700121,-2.132144140131344,0.234909667261332
6,45,2.5,3.0,352,54,298,-2.203619723540888,-2.132144140131344,-0.07147558340954374
6,46,3.0,3.5,351,0,351,,-2.132144140131344,
6,47,3.5,4.0,351,0,351,,-2.132144140131344,
6,48,4.0,4.5,352,194,158,-2.177022714970321,-2.132144140131344,-0.04487857483897706
6,49,4.5,5.0,351,0,351,,-2.132144140131344,
6,50,5.0,5.5,351,171,180,-2.7624305961498203,-2.132144140131344,-0.6302864560184762
6,51,5.5,6.0,351,105,246,-2.186554583673487,-2.132144140131344,-0.05441044354214286
6,52,6.0,6.5,352,0,352,,-2.132144140131344,
6,53,6.5,7.0,351,0,351,,-2.132144140131344,
6,54,7.0,7.5,351,130,221,-2.1096356858546614,-2.132144140131344,0.022508454276682688
6,55,7.5,8.0,352,0,352,,-2.132144140131344,
6,56,8.0,8.5,351,190,161,-2.053684884854386,-2.132144140131344,0.0784592552769583
6,57,8.5,9.0,351,0,351,,-2.132144140131344,
6,58,9.0,9.5,351,19,332,-2.479647413063065,-2.132144140131344,-0.3475032729317209
6,59,9.5,10.0,352,143,209,-2.0453585492249937,-2.132144140131344,0.08678559090635041
6,60,10.0,10.5,351,0,351,,-2.132144140131344,
6,61,10.5,11.0,351,45,306,-3.0859072783802777,-2.132144140131344,-0.9537631382489336
6,62,11.0,11.5,352,182,170,-2.1333041660749634,-2.132144140131344,-0.0011600259436193028
6,63,11.5,12.0,351,0,351,,-2.132144140131344,
6,64,12.0,12.5,351,63,288,-3.0614718429094854,-2.132144140131344,-0.9293277027781413
6,65,12.5,13.0,351,138,213,-1.9655677822801807,-2.132144140131344,0.16657635785116343
6,66,13.0,13.5,352,0,352,,-2.132144140131344,
6,67,13.5,14.0,351,121,230,-2.2009663570070703,-2.132144140131344,-0.0688222168757262
6,68,14.0,14.5,351,46,305,-2.9424163031531587,-2.132144140131344,-0.8102721630218146
6,69,14.5,15.0,352,166,186,-2.146030445097436,-2.132144140131344,-0.013886304966091778
6,70,15.0,15.5,351,42,309,-3.108663609093794,-2.132144140131344,-0.9765194689624499
6,71,15.5,16.0,351,168,183,-2.038488308494416,-2.132144140131344,0.09365583163692826
6,72,16.0,16.5,351,5,346,-2.566482549782648,-2.132144140131344,-0.4343384096513039
6,73,16.5,17.0,352,0,352,,-2.132144140131344,
6,74,17.0,17.5,351,166,185,-2.0118244191299928,-2.132144140131344,0.12031972100135135
6,75,17.5,18.0,351,0,351,,-2.132144140131344,
6,76,18.0,18.5,352,177,175,-2.1243842733201475,-2.132144140131344,0.0077598668111966695
6,77,18.5,19.0,351,0,351,,-2.132144140131344,
6,78,19.0,19.5,351,232,119,-2.084855549101285,-2.132144140131344,0.04728859103005911
6,79,19.5,20.0,351,0,351,,-2.132144140131344,
7,0,-20.0,-19.5,351,105,246,-2.8565021487017184,-2.147583964893133,-0.7089181838085854
7,1,-19.5,-19.0,351,103,248,-2.0219911249830798,-2.147583964893133,0.1255928399100532
7,2,-19.0,-18.5,351,126,225,-1.9238284834723687,-2.147583964893133,0.2237554814207643
7,3,-18.5,-18.0,352,102,250,-2.883554581599345,-2.147583964893133,-0.7359706167062119
7,4,-18.0,-17.5,351,176,175,-1.9956366386684832,-2.147583964893133,0.1519473262246498
7,5,-17.5,-17.0,351,160,191,-2.375792813096798,-2.147583964893133,-0.22820884820366505
7,6,-17.0,-16.5,352,0,352,,-2.147583964893133,
7,7,-16.5,-16.0,351,200,151,-2.0648239805618918,-2.147583964893133,0.08275998433124121
7,8,-16.0,-15.5,351,0,351,,-2.147583964893133,
7,9,-15.5,-15.0,351,207,144,-2.1737465442369444,-2.147583964893133,-0.026162579343811387
7,10,-15.0,-14.5,352,43,309,-3.229146005630977,-2.147583964893133,-1.0815620407378441
7,11,-14.5,-14.0,351,221,130,-2.303527467468863,-2.147583964893133,-0.1559435025757301
7,12,-14.0,-13.5,351,0,351,,-2.147583964893133,
7,13,-13.5,-13.0,352,143,209,-1.9997650108725358,-2.147583964893133,0.1478189540205972
7,14,-13.0,-12.5,351,8,343,-3.7596793461865867,-2.147583964893133,-1.6120953812934538
7,15,-12.5,-12.0,351,0,351,,-2.147583964893133,
7,16,-12.0,-11.5,351,118,233,-2.040785255024995,-2.147583964893133,0.106798709868138
7,17,-11.5,-11.0,352,49,303,-2.1326947144428043,-2.147583964893133,0.014889250450328628
7,18,-11.0,-10.5,351,174,177,-2.337851158420947,-2.147583964893133,-0.19026719352781418
7,19,-10.5,-10.0,351,0,351,,-2.147583964893133,
7,20,-10.0,-9.5,352,192,160,-2.0261579066225313,-2.147583964893133,0.12142605827060171
7,21,-9.5,-9.0,351,0,351,,-2.147583964893133,
7,22,-9.0,-8.5,351,99,252,-1.8961377476228034,-2.147583964893133,0.25144621727032956
7,23,-8.5,-8.0,351,65,286,-2.147583964893133,-2.147583964893133,0.0
7,24,-8.0,-7.5,352,160,192,-2.9650511284826475,-2.147583964893133,-0.8174671635895145
7,25,-7.5,-7.0,351,220,131,-2.4914749016332403,-2.147583964893133,-0.3438909367401073
7,26,-7.0,-6.5,351,59,292,-3.2649776875338,-2.147583964893133,-1.1173937226406672
7,27,-6.5,-6.0,352,272,80,-1.9469156467137587,-2.147583964893133,0.20066831817937425
7,28,-6.0,-5.5,351,0,351,,-2.147583964893133,
7,29,-5.5,-5.0,351,0,351,,-2.147583964893133,
7,30,-5.0,-4.5,351,246,105,-1.958110676422445,-2.147583964893133,0.189473288470688
7,31,-4.5,-4.0,352,0,352,,-2.147583964893133,
7,32,-4.0,-3.5,351,165,186,-2.2915478902059134,-2.147583964893133,-0.14396392531278046
7,33,-3.5,-3.0,351,74,277,-2.0781977779890557,-2.147583964893133,0.06938618690407727
7,34,-3.0,-2.5,352,0,352,,-2.147583964893133,
7,35,-2.5,-2.0,351,174,177,-2.032270718196952,-2.147583964893133,0.11531324669618082
7,36,-2.0,-1.5,351,53,298,-3.298596445755948,-2.147583964893133,-1.151012480862815
7,37,-1.5,-1.0,351,54,297,-3.2051449868283606,-2.147583964893133,-1.0575610219352276
7,38,-1.0,-0.5,352,210,142,-2.007323326094604,-2.147583964893133,0.1402606387985288
7,39,-0.5,0.0,351,0,351,,-2.147583964893133,
7,40,0.0,0.5,351,243,108,-1.957564686750799,-2.147583964893133,0.190019278142334
7,41,0.5,1.0,352,42,310,-3.164333536523724,-2.147583964893133,-1.0167495716305912
7,42,1.0,1.5,351,9,342,-3.2167300534998335,-2.147583964893133,-1.0691460886067006
7,43,1.5,2.0,351,243,108,-2.0561002030779463,-2.147583964893133,0.09148376181518669
7,44,2.0,2.5,351,0,351,,-2.147583964893133,
7,45,2.5,3.0,352,2,350,-5.265356070482278,-2.147583964893133,-3.1177721055891454
7,46,3.0,3.5,351,237,114,-2.0205253718259613,-2.147583964893133,0.1270585930671717
7,47,3.5,4.0,351,0,351,,-2.147583964893133,
7,48,4.0,4.5,352,286,66,-2.1915888068203193,-2.147583964893133,-0.044004841927186344
7,49,4.5,5.0,351,51,300,-3.1322668277479577,-2.147583964893133,-0.9846828628548248
7,50,5.0,5.5,351,230,121,-1.9871757371220298,-2.147583964893133,0.1604082277711032
7,51,5.5,6.0,351,24,327,-3.359389605556555,-2.147583964893133,-1.211805640663422
7,52,6.0,6.5,352,20,332,-3.2119568884821383,-2.147583964893133,-1.0643729235890054
7,53,6.5,7.0,351,267,84,-2.1103788941145734,-2.147583964893133,0.03720507077855961
7,54,7.0,7.5,351,56,295,-3.2206763212155893,-2.147583964893133,-1.0730923563224564
7,55,7.5,8.0,352,0,352,,-2.147583964893133,
7,56,8.0,8.5,351,218,133,-2.0003391118955807,-2.147583964893133,0.1472448529975523
7,57,8.5,9.0,351,0,351,,-2.147583964893133,
7,58,9.0,9.5,351,242,109,-1.9824948103996896,-2.147583964893133,0.1650891544934434
7,59,9.5,10.0,352,0,352,,-2.147583964893133,
7,60,10.0,10.5,351,0,351,,-2.147583964893133,
7,61,10.5,11.0,351,52,299,-3.1028693138800287,-2.147583964893133,-0.9552853489868958
7,62,11.0,11.5,352,195,157,-2.076631563062074,-2.147583964893133,0.07095240183105878
7,63,11.5,12.0,351,0,351,,-2.147583964893133,
7,64,12.0,12.5,351,0,351,,-2.147583964893133,
7,65,12.5,13.0,351,119,232,-1.9926113473426883,-2.147583964893133,0.15497261755044467
7,66,13.0,13.5,352,0,352,,-2.147583964893133,
7,67,13.5,14.0,351,186,165,-2.276900298357896,-2.147583964893133,-0.12931633346476312
7,68,14.0,14.5,351,77,274,-3.0411491363731042,-2.147583964893133,-0.8935651714799713
7,69,14.5,15.0,352,15,337,-3.136495665907005,-2.147583964893133,-0.9889117010138722
7,70,15.0,15.5,351,188,163,-2.2904924172493466,-2.147583964893133,-0.14290845235621363
7,71,15.5,16.0,351,0,351,,-2.147583964893133,
7,72,16.0,16.5,351,194,157,-2.3498636940264612,-2.147583964893133,-0.20227972913332826
7,73,16.5,17.0,352,3,349,-2.9913135126703545,-2.147583964893133,-0.8437295477772215
7,74,17.0,17.5,351,208,143,-2.2767679197287247,-2.147583964893133,-0.12918395483559175
7,75,17.5,18.0,351,64,287,-2.986313737219073,-2.147583964893133,-0.8387297723259399
7,76,18.0,18.5,352,0,352,,-2.147583964893133,
7,77,18.5,19.0,351,120,231,-2.0921099151637574,-2.147583964893133,0.05547404972937553
7,78,19.0,19.5,351,0,351,,-2.147583964893133,
7,79,19.5,20.0,351,142,209,-2.2528074720138545,-2.147583964893133,-0.10522350712072148
8,0,-20.0,-19.5,351,109,242,-2.5721784745876506,-2.146175774004841,-0.42600270058280953
8,1,-19.5,-19.0,351,0,351,,-2.146175774004841,
8,2,-19.0,-18.5,352,0,352,,-2.146175774004841,
8,3,-18.5,-18.0,351,0,351,,-2.146175774004841,
8,4,-18.0,-17.5,351,178,173,-2.0075438802870336,-2.146175774004841,0.1386318937178075
8,5,-17.5,-17.0,352,0,352,,-2.146175774004841,
8,6,-17.0,-16.5,351,0,351,,-2.146175774004841,
8,7,-16.5,-16.0,351,218,133,-1.9674314926573486,-2.146175774004841,0.17874428134749243
8,8,-16.0,-15.5,351,0,351,,-2.146175774004841,
8,9,-15.5,-15.0,352,50,302,-3.0103879396217446,-2.146175774004841,-0.8642121656169035
8,10,-15.0,-14.5,351,119,232,-2.050464446654455,-2.146175774004841,0.09571132735038601
8,11,-14.5,-14.0,351,54,297,-2.253374468399365,-2.146175774004841,-0.10719869439452401
8,12,-14.0,-13.5,352,30,322,-2.0063291959108764,-2.146175774004841,0.1398465780939646
8,13,-13.5,-13.0,351,203,148,-2.35845517541706,-2.146175774004841,-0.21227940141221913
8,14,-13.0,-12.5,351,0,351,,-2.146175774004841,
8,15,-12.5,-12.0,351,24,327,-2.265440209210036,-2.146175774004841,-0.11926443520519481
8,16,-12.0,-11.5,352,178,174,-1.9686991682347559,-2.146175774004841,0.17747660577008517
8,17,-11.5,-11.0,351,42,309,-3.498173202659545,-2.146175774004841,-1.351997428654704
8,18,-11.0,-10.5,351,47,304,-3.1870747423283246,-2.146175774004841,-1.0408989683234835
8,19,-10.5,-10.0,352,286,66,-1.9843486879702694,-2.146175774004841,0.16182708603457163
8,20,-10.0,-9.5,351,0,351,,-2.146175774004841,
8,21,-9.5,-9.0,351,0,351,,-2.146175774004841,
8,22,-9.0,-8.5,351,0,351,,-2.146175774004841,
8,23,-8.5,-8.0,352,211,141,-1.8855714715303629,-2.146175774004841,0.2606043024744782
8,24,-8.0,-7.5,351,92,259,-2.5362103210829483,-2.146175774004841,-0.39003454707810725
8,25,-7.5,-7.0,351,0,351,,-2.146175774004841,
8,26,-7.0,-6.5,352,161,191,-1.925540270789828,-2.146175774004841,0.22063550321501313
8,27,-6.5,-6.0,351,101,250,-2.514681168071869,-2.146175774004841,-0.36850539406702776
8,28,-6.0,-5.5,351,0,351,,-2.146175774004841,
8,29,-5.5,-5.0,351,2,349,-3.1160793794770227,-2.146175774004841,-0.9699036054721817
8,30,-5.0,-4.5,352,227,125,-2.45469347824248,-2.146175774004841,-0.308517704237639
8,31,-4.5,-4.0,351,78,273,-2.1268264415164095,-2.146175774004841,0.019349332488431514
8,32,-4.0,-3.5,351,0,351,,-2.146175774004841,
8,33,-3.5,-3.0,352,56,296,-2.1655251064932726,-2.146175774004841,-0.019349332488431514
8,34,-3.0,-2.5,351,178,173,-1.9358810356030154,-2.146175774004841,0.21029473840182566
8,35,-2.5,-2.0,351,0,351,,-2.146175774004841,
8,36,-2.0,-1.5,351,0,351,,-2.146175774004841,
8,37,-1.5,-1.0,352,207,145,-2.025433030725294,-2.146175774004841,0.12074274327954715
8,38,-1.0,-0.5,351,0,351,,-2.146175774004841,
8,39,-0.5,0.0,351,72,279,-2.002002567502848,-2.146175774004841,0.14417320650199317
8,40,0.0,0.5,352,152,200,-2.1053288396956047,-2.146175774004841,0.04084693430923636
8,41,0.5,1.0,351,0,351,,-2.146175774004841,
8,42,1.0,1.5,351,53,298,-3.143019546824711,-2.146175774004841,-0.99684377281987
8,43,1.5,2.0,351,192,159,-1.9985816755659904,-2.146175774004841,0.14759409843885063
8,44,2.0,2.5,352,45,307,-3.3383589932022177,-2.146175774004841,-1.1921832191973767
8,45,2.5,3.0,351,0,351,,-2.146175774004841,
8,46,3.0,3.5,351,206,145,-2.171605273174091,-2.146175774004841,-0.02542949916924986
8,47,3.5,4.0,352,0,352,,-2.146175774004841,
8,48,4.0,4.5,351,15,336,-3.1671773073233247,-2.146175774004841,-1.0210015333184836
8,49,4.5,5.0,351,217,134,-2.0748638477834067,-2.146175774004841,0.07131192622143434
8,50,5.0,5.5,351,0,351,,-2.146175774004841,
8,51,5.5,6.0,352,0,352,,-2.146175774004841,
8,52,6.0,6.5,351,254,97,-2.373548536202902,-2.146175774004841,-0.22737276219806102
8,53,6.5,7.0,351,0,351,,-2.146175774004841,
8,54,7.0,7.5,352,39,313,-2.1242336897745293,-2.146175774004841,0.021942084230311742
8,55,7.5,8.0,351,137,214,-2.0608494377406053,-2.146175774004841,0.0853263362642358
8,56,8.0,8.5,351,19,332,-3.248590636830865,-2.146175774004841,-1.102414862826024
8,57,8.5,9.0,351,63,288,-3.176153498502511,-2.146175774004841,-1.02997772449767
8,58,9.0,9.5,352,179,173,-2.0798776898741824,-2.146175774004841,0.06629808413065863
8,59,9.5,10.0,351,0,351,,-2.146175774004841,
8,60,10.0,10.5,351,0,351,,-2.146175774004841,
8,61,10.5,11.0,352,151,201,-2.078871961260898,-2.146175774004841,0.06730381274394315
8,62,11.0,11.5,351,67,284,-3.047392185421793,-2.146175774004841,-0.9012164114169519
8,63,11.5,12.0,351,0,351,,-2.146175774004841,
8,64,12.0,12.5,351,226,125,-2.0248265373815006,-2.146175774004841,0.1213492366233404
8,65,12.5,13.0,352,0,352,,-2.146175774004841,
8,66,13.0,13.5,351,0,351,,-2.146175774004841,
8,67,13.5,14.0,351,0,351,,-2.146175774004841,
8,68,14.0,14.5,352,178,174,-2.124872231404497,-2.146175774004841,0.02130354260034384
8,69,14.5,15.0,351,0,351,,-2.146175774004841,
8,70,15.0,15.5,351,0,351,,-2.146175774004841,
8,71,15.5,16.0,351,199,152,-2.204766960463291,-2.146175774004841,-0.05859118645844985
8,72,16.0,16.5,352,79,273,-3.016921677100315,-2.146175774004841,-0.8707459030954738
8,73,16.5,17.0,351,203,148,-2.034476907176207,-2.146175774004841,0.11169886682863384
8,74,17.0,17.5,351,11,340,-2.796021972970098,-2.146175774004841,-0.6498461989652569
8,75,17.5,18.0,352,0,352,,-2.146175774004841,
8,76,18.0,18.5,351,221,130,-2.2395466985623544,-2.146175774004841,-0.09337092455751339
8,77,18.5,19.0,351,0,351,,-2.146175774004841,
8,78,19.0,19.5,351,10,341,-3.4193916566362454,-2.146175774004841,-1.2732158826314044
8,79,19.5,20.0,352,185,167,-2.1235895756444574,-2.146175774004841,0.02258619836038367
9,0,-20.0,-19.5,351,175,176,-2.030160721335023,-2.298180992985362,0.26802027165033904
9,1,-19.5,-19.0,351,0,351,,-2.298180992985362,
9,2,-19.0,-18.5,352,181,171,-2.0901726145839232,-2.298180992985362,0.2080083784014386
9,3,-18.5,-18.0,351,80,271,-3.189473023965996,-2.298180992985362,-0.891292030980634
9,4,-18.0,-17.5,351,124,227,-2.26655746459007,-2.298180992985362,0.0316235283952917
9,5,-17.5,-17.0,352,88,264,-2.7206058852975206,-2.298180992985362,-0.42242489231215874
9,6,-17.0,-16.5,351,177,174,-2.4534399024948383,-2.298180992985362,-0.15525890950947652
9,7,-16.5,-16.0,351,32,319,-3.123165898783842,-2.298180992985362,-0.8249849057984804
9,8,-16.0,-15.5,351,153,198,-2.4281153704640723,-2.298180992985362,-0.1299343774787105
9,9,-15.5,-15.0,352,0,352,,-2.298180992985362,
9,10,-15.0,-14.5,351,127,224,-1.9652836876726214,-2.298180992985362,0.3328973053127404
9,11,-14.5,-14.0,351,0,351,,-2.298180992985362,
9,12,-14.0,-13.5,352,136,216,-2.139013739616037,-2.298180992985362,0.1591672533693247
9,13,-13.5,-13.0,351,54,297,-3.011895819703417,-2.298180992985362,-0.7137148267180553
9,14,-13.0,-12.5,351,148,203,-2.043380248813668,-2.298180992985362,0.25480074417169396
9,15,-12.5,-12.0,351,0,351,,-2.298180992985362,
9,16,-12.0,-11.5,352,137,215,-2.370256257063663,-2.298180992985362,-0.07207526407830134
9,17,-11.5,-11.0,351,119,232,-3.0435617288093924,-2.298180992985362,-0.7453807358240305
9,18,-11.0,-10.5,351,135,216,-2.2126533557638615,-2.298180992985362,0.08552763722150036
9,19,-10.5,-10.0,352,0,352,,-2.298180992985362,
9,20,-10.0,-9.5,351,103,248,-2.0201576202760814,-2.298180992985362,0.27802337270928046
9,21,-9.5,-9.0,351,21,330,-2.695930811974759,-2.298180992985362,-0.3977498189893973
9,22,-9.0,-8.5,351,0,351,,-2.298180992985362,
9,23,-8.5,-8.0,352,116,236,-2.038750893823318,-2.298180992985362,0.25943009916204396
9,24,-8.0,-7.5,351,120,231,-2.013258297163106,-2.298180992985362,0.2849226958222557
9,25,-7.5,-7.0,351,0,351,,-2.298180992985362,
9,26,-7.0,-6.5,352,154,198,-2.2261057289070605,-2.298180992985362,0.07207526407830134
9,27,-6.5,-6.0,351,41,310,-2.9525323534761587,-2.298180992985362,-0.6543513604907969
9,28,-6.0,-5.5,351,200,151,-2.529008384300581,-2.298180992985362,-0.230827391315219
9,29,-5.5,-5.0,351,0,351,,-2.298180992985362,
9,30,-5.0,-4.5,352,145,207,-2.169489436501726,-2.298180992985362,0.12869155648363595
9,31,-4.5,-4.0,351,0,351,,-2.298180992985362,
9,32,-4.0,-3.5,351,173,178,-2.381782042512271,-2.298180992985362,-0.08360104952690905
9,33,-3.5,-3.0,352,0,352,,-2.298180992985362,
9,34,-3.0,-2.5,351,178,173,-2.1817088463158356,-2.298180992985362,0.11647214666952621
9,35,-2.5,-2.0,351,82,269,-3.0757673758236486,-2.298180992985362,-0.7775863828382867
9,36,-2.0,-1.5,351,85,266,-2.581546082355309,-2.298180992985362,-0.2833650893699473
9,37,-1.5,-1.0,352,61,291,-2.1844210080645015,-2.298180992985362,0.11375998492086037
9,38,-1.0,-0.5,351,99,252,-2.6793913937327054,-2.298180992985362,-0.3812104007473436
9,39,-0.5,0.0,351,86,265,-2.5624002367258085,-2.298180992985362,-0.2642192437404467
9,40,0.0,0.5,352,113,239,-2.0883850746512223,-2.298180992985362,0.20979591833413958
9,41,0.5,1.0,351,0,351,,-2.298180992985362,
9,42,1.0,1.5,351,118,233,-2.124668420902939,-2.298180992985362,0.17351257208242288
9,43,1.5,2.0,351,47,304,-3.010474960486913,-2.298180992985362,-0.7122939675015512
9,44,2.0,2.5,352,188,164,-2.400279148274662,-2.298180992985362,-0.10209815528930033
9,45,2.5,3.0,351,49,302,-3.3771800142002175,-2.298180992985362,-1.0789990212148557
9,46,3.0,3.5,351,146,205,-2.1415311687442125,-2.298180992985362,0.15664982424114937
9,47,3.5,4.0,352,0,352,,-2.298180992985362,
9,48,4.0,4.5,351,236,115,-2.354778916204486,-2.298180992985362,-0.05659792321912427
9,49,4.5,5.0,351,0,351,,-2.298180992985362,
9,50,5.0,5.5,351,149,202,-2.281845427889073,-2.298180992985362,0.01633556509628864
9,51,5.5,6.0,352,61,291,-2.3136230054990907,-2.298180992985362,-0.015442012513728898
9,52,6.0,6.5,351,0,351,,-2.298180992985362,
9,53,6.5,7.0,351,208,143,-2.0799833236824066,-2.298180992985362,0.21819766930295525
9,54,7.0,7.5,352,0,352,,-2.298180992985362,
9,55,7.5,8.0,351,143,208,-1.834846533383113,-2.298180992985362,0.46333445960224884
9,56,8.0,8.5,351,43,308,-2.47282409765926,-2.298180992985362,-0.1746431046738981
9,57,8.5,9.0,351,0,351,,-2.298180992985362,
9,58,9.0,9.5,352,159,193,-1.9991042881061463,-2.298180992985362,0.29907670487921556
9,59,9.5,10.0,351,0,351,,-2.298180992985362,
9,60,10.0,10.5,351,164,187,-2.236853210620973,-2.298180992985362,0.06132778236438874
9,61,10.5,11.0,352,0,352,,-2.298180992985362,
9,62,11.0,11.5,351,112,239,-1.9334743496872195,-2.298180992985362,0.3647066432981423
9,63,11.5,12.0,351,18,333,-2.9586301508208344,-2.298180992985362,-0.6604491578354725
9,64,12.0,12.5,351,71,280,-2.0801900813416476,-2.298180992985362,0.2179909116437142
9,65,12.5,13.0,352,142,210,-2.503806204008626,-2.298180992985362,-0.20562521102326414
9,66,13.0,13.5,351,32,319,-3.0851118750869064,-2.298180992985362,-0.7869308821015446
9,67,13.5,14.0,351,166,185,-2.3795815490675056,-2.298180992985362,-0.0814005560821438
9,68,14.0,14.5,352,0,352,,-2.298180992985362,
9,69,14.5,15.0,351,175,176,-2.531238451259618,-2.298180992985362,-0.2330574582742564
9,70,15.0,15.5,351,9,342,-3.800108998525158,-2.298180992985362,-1.501928005539796
9,71,15.5,16.0,351,144,207,-2.7442997873939134,-2.298180992985362,-0.4461187944085516
9,72,16.0,16.5,352,96,256,-2.1715535456818564,-2.298180992985362,0.1266274473035054
9,73,16.5,17.0,351,0,351,,-2.298180992985362,
9,74,17.0,17.5,351,217,134,-2.1247500278002014,-2.298180992985362,0.17343096518516044
9,75,17.5,18.0,352,75,277,-3.2403109959366643,-2.298180992985362,-0.9421300029513024
9,76,18.0,18.5,351,3,348,-3.0395134595065647,-2.298180992985362,-0.7413324665212029
9,77,18.5,19.0,351,156,195,-2.111534275215999,-2.298180992985362,0.1866467177693627
9,78,19.0,19.5,351,57,294,-2.9570167417079385,-2.298180992985362,-0.6588357487225767
9,79,19.5,20.0,352,131,221,-2.0906268691253933,-2.298180992985362,0.20755412385996852
10,0,-20.0,-19.5,351,0,351,,-2.2536945117440323,
10,1,-19.5,-19.0,352,128,224,-1.9092087447804649,-2.2536945117440323,0.3444857669635675
10,2,-19.0,-18.5,351,101,250,-2.7016681559784512,-2.2536945117440323,-0.4479736442344189
10,3,-18.5,-18.0,351,0,351,,-2.2536945117440323,
10,4,-18.0,-17.5,351,238,113,-2.352417826297348,-2.2536945117440323,-0.09872331455331551
10,5,-17.5,-17.0,352,90,262,-3.0762106407082,-2.2536945117440323,-0.8225161289641676
10,6,-17.0,-16.5,351,173,178,-1.9698769953315456,-2.2536945117440323,0.28381751641248676
10,7,-16.5,-16.0,351,11,340,-3.391483949461037,-2.2536945117440323,-1.1377894377170046
10,8,-16.0,-15.5,352,0,352,,-2.2536945117440323,
10,9,-15.5,-15.0,351,103,248,-2.1166386230293335,-2.2536945117440323,0.13705588871469887
10,10,-15.0,-14.5,351,82,269,-2.2495762235585213,-2.2536945117440323,0.0041182881855110764
10,11,-14.5,-14.0,351,0,351,,-2.2536945117440323,
10,12,-14.0,-13.5,352,120,232,-1.9972220423022289,-2.2536945117440323,0.25647246944180346
10,13,-13.5,-13.0,351,64,287,-2.4587975964072677,-2.2536945117440323,-0.20510308466323535
10,14,-13.0,-12.5,351,0,351,,-2.2536945117440323,
10,15,-12.5,-12.0,352,166,186,-2.2513561810854825,-2.2536945117440323,0.0023383306585498254
10,16,-12.0,-11.5,351,57,294,-2.020965921364566,-2.2536945117440323,0.23272859037946647
10,17,-11.5,-11.0,351,0,351,,-2.2536945117440323,
10,18,-11.0,-10.5,351,112,239,-2.2560328424025817,-2.2536945117440323,-0.0023383306585493813
10,19,-10.5,-10.0,352,79,273,-2.0379828982464776,-2.2536945117440323,0.21571161349755474
10,20,-10.0,-9.5,351,0,351,,-2.2536945117440323,
10,21,-9.5,-9.0,351,126,225,-2.164358487026515,-2.2536945117440323,0.08933602471751723
10,22,-9.0,-8.5,352,183,169,-2.2731043062169647,-2.2536945117440323,-0.01940979447293234
10,23,-8.5,-8.0,351,0,351,,-2.2536945117440323,
10,24,-8.0,-7.5,351,120,231,-2.5416051007435145,-2.2536945117440323,-0.2879105889994822
10,25,-7.5,-7.0,351,148,203,-1.8879687540876438,-2.2536945117440323,0.3657257576563886
10,26,-7.0,-6.5,352,50,302,-3.196908726834326,-2.2536945117440323,-0.9432142150902938
10,27,-6.5,-6.0,351,0,351,,-2.2536945117440323,
10,28,-6.0,-5.5,351,35,316,-2.2636360944599785,-2.2536945117440323,-0.00994158271594614
10,29,-5.5,-5.0,352,143,209,-1.968170889700429,-2.2536945117440323,0.28552362204360326
10,30,-5.0,-4.5,351,0,351,,-2.2536945117440323,
10,31,-4.5,-4.0,351,0,351,,-2.2536945117440323,
10,32,-4.0,-3.5,351,198,153,-2.465388148681557,-2.2536945117440323,-0.21169363693752485
10,33,-3.5,-3.0,352,2,350,-2.589654226334531,-2.2536945117440323,-0.33595971459049867
10,34,-3.0,-2.5,351,111,240,-2.0535287383984255,-2.2536945117440323,0.2001657733456068
10,35,-2.5,-2.0,351,137,214,-2.1187380613574556,-2.2536945117440323,0.13495645038657678
10,36,-2.0,-1.5,352,28,324,-3.225911298519477,-2.2536945117440323,-0.9722167867754448
10,37,-1.5,-1.0,351,82,269,-3.0936670078778183,-2.2536945117440323,-0.839972496133786
10,38,-1.0,-0.5,351,216,135,-2.0351940736339262,-2.2536945117440323,0.2185004381101061
10,39,-0.5,0.0,351,57,294,-3.0060461016512647,-2.2536945117440323,-0.7523515899072324
10,40,0.0,0.5,352,43,309,-3.2979357606934854,-2.2536945117440323,-1.044241248949453
10,41,0.5,1.0,351,141,210,-2.4649141065379987,-2.2536945117440323,-0.21121959479396635
10,42,1.0,1.5,351,142,209,-2.4857705821280836,-2.2536945117440323,-0.2320760703840512
10,43,1.5,2.0,352,0,352,,-2.2536945117440323,
10,44,2.0,2.5,351,24,327,-2.3726007424374345,-2.2536945117440323,-0.11890623069340212
10,45,2.5,3.0,351,212,139,-1.9035170826843169,-2.2536945117440323,0.3501774290597155
10,46,3.0,3.5,351,107,244,-3.1874285434291165,-2.2536945117440323,-0.9337340316850842
10,47,3.5,4.0,352,32,320,-2.8450741661756034,-2.2536945117440323,-0.591379654431571
10,48,4.0,4.5,351,207,144,-1.9090870492867185,-2.2536945117440323,0.3446074624573139
10,49,4.5,5.0,351,0,351,,-2.2536945117440323,
10,50,5.0,5.5,352,0,352,,-2.2536945117440323,
10,51,5.5,6.0,351,111,240,-1.9474541895998492,-2.2536945117440323,0.3062403221441832
10,52,6.0,6.5,351,29,322,-2.5326028363426856,-2.2536945117440323,-0.2789083245986532
10,53,6.5,7.0,351,0,351,,-2.2536945117440323,
10,54,7.0,7.5,352,67,285,-2.030946545009415,-2.2536945117440323,0.22274796673461728
10,55,7.5,8.0,351,103,248,-2.026364071861006,-2.2536945117440323,0.22733043988302626
10,56,8.0,8.5,351,0,351,,-2.2536945117440323,
10,57,8.5,9.0,352,80,272,-3.283954835744569,-2.2536945117440323,-1.0302603240005368
10,58,9.0,9.5,351,188,163,-2.2187398271715137,-2.2536945117440323,0.0349546845725186
10,59,9.5,10.0,351,0,351,,-2.2536945117440323,
10,60,10.0,10.5,351,46,305,-2.7931305753788527,-2.2536945117440323,-0.5394360636348203
10,61,10.5,11.0,352,65,287,-2.141023362181459,-2.2536945117440323,0.11267114956257318
10,62,11.0,11.5,351,131,220,-2.417568219457905,-2.2536945117440323,-0.16387370771387255
10,63,11.5,12.0,351,94,257,-2.4423535083583237,-2.2536945117440323,-0.1886589966142913
10,64,12.0,12.5,352,86,266,-2.916267717886856,-2.2536945117440323,-0.6625732061428238
10,65,12.5,13.0,351,176,175,-2.2904400798200584,-2.2536945117440323,-0.036745568076026025
10,66,13.0,13.5,351,56,295,-2.871167015887554,-2.2536945117440323,-0.6174725041435218
10,67,13.5,14.0,351,14,337,-3.4811127864609275,-2.2536945117440323,-1.2274182747168951
10,68,14.0,14.5,352,205,147,-2.5553950558877423,-2.2536945117440323,-0.30170054414370995
10,69,14.5,15.0,351,11,340,-2.9535488987316727,-2.2536945117440323,-0.6998543869876404
10,70,15.0,15.5,351,50,301,-2.8716106882040178,-2.2536945117440323,-0.6179161764599854
10,71,15.5,16.0,352,78,274,-2.3767868668655776,-2.2536945117440323,-0.12309235512154526
10,72,16.0,16.5,351,114,237,-2.1308610147984552,-2.2536945117440323,0.1228334969455771
10,73,16.5,17.0,351,0,351,,-2.2536945117440323,
10,74,17.0,17.5,351,70,281,-2.8925597849225877,-2.2536945117440323,-0.6388652731785553
10,75,17.5,18.0,352,149,203,-2.3275986269075064,-2.2536945117440323,-0.07390411516347406
10,76,18.0,18.5,351,57,294,-3.285194700195275,-2.2536945117440323,-1.0315001884512425
10,77,18.5,19.0,351,59,292,-2.8262063198947542,-2.2536945117440323,-0.5725118081507219
10,78,19.0,19.5,352,218,134,-2.58085681324541,-2.2536945117440323,-0.3271623015013776
10,79,19.5,20.0,351,76,275,-3.1630012498396,-2.2536945117440323,-0.9093067380955677
11,0,-20.0,-19.5,352,186,166,-2.073668092536198,-2.4471802424233924,0.3735121498871945
11,1,-19.5,-19.0,351,0,351,,-2.4471802424233924,
11,2,-19.0,-18.5,351,194,157,-2.133121933357893,-2.4471802424233924,0.3140583090654996
11,3,-18.5,-18.0,351,0,351,,-2.4471802424233924,
11,4,-18.0,-17.5,352,176,176,-2.15227965442302,-2.4471802424233924,0.29490058800037255
11,5,-17.5,-17.0,351,0,351,,-2.4471802424233924,
11,6,-17.0,-16.5,351,26,325,-3.273995363300253,-2.4471802424233924,-0.8268151208768608
11,7,-16.5,-16.0,352,220,132,-2.4013287283070675,-2.4471802424233924,0.04585151411632493
11,8,-16.0,-15.5,351,0,351,,-2.4471802424233924,
11,9,-15.5,-15.0,351,216,135,-2.3278148700322348,-2.4471802424233924,0.11936537239115763
11,10,-15.0,-14.5,351,0,351,,-2.4471802424233924,
11,11,-14.5,-14.0,352,168,184,-2.43499723758121,-2.4471802424233924,0.012183004842182488
11,12,-14.0,-13.5,351,60,291,-3.0993302902158826,-2.4471802424233924,-0.6521500477924902
11,13,-13.5,-13.0,351,132,219,-2.314564564349646,-2.4471802424233924,0.1326156780737464
11,14,-13.0,-12.5,352,0,352,,-2.4471802424233924,
11,15,-12.5,-12.0,351,114,237,-2.259174226715926,-2.4471802424233924,0.18800601570746656
11,16,-12.0,-11.5,351,17,334,-2.6158452974312882,-2.4471802424233924,-0.16866505500789586
11,17,-11.5,-11.0,352,59,293,-3.1558444095537244,-2.4471802424233924,-0.708664167130332
11,18,-11.0,-10.5,351,156,195,-2.214792449139881,-2.4471802424233924,0.23238779328351145
11,19,-10.5,-10.0,351,0,351,,-2.4471802424233924,
11,20,-10.0,-9.5,351,198,153,-2.20931149012503,-2.4471802424233924,0.23786875229836246
11,21,-9.5,-9.0,352,0,352,,-2.4471802424233924,
11,22,-9.0,-8.5,351,150,201,-2.507782522740198,-2.4471802424233924,-0.06060228031680559
11,23,-8.5,-8.0,351,46,305,-2.2440365882459004,-2.4471802424233924,0.20314365417749203
11,24,-8.0,-7.5,352,44,308,-3.119406642285429,-2.4471802424233924,-0.6722263998620366
11,25,-7.5,-7.0,351,70,281,-2.232374093118114,-2.4471802424233924,0.2148061493052782
11,26,-7.0,-6.5,351,81,270,-2.2702167373922735,-2.4471802424233924,0.1769635050311189
11,27,-6.5,-6.0,351,0,351,,-2.4471802424233924,
11,28,-6.0,-5.5,352,163,189,-2.459363247265575,-2.4471802424233924,-0.012183004842182488
11,29,-5.5,-5.0,351,96,255,-3.2324387639451913,-2.4471802424233924,-0.7852585215217989
11,30,-5.0,-4.5,351,0,351,,-2.4471802424233924,
11,31,-4.5,-4.0,352,76,276,-2.704273042164428,-2.4471802424233924,-0.2570927997410357
11,32,-4.0,-3.5,351,0,351,,-2.4471802424233924,
11,33,-3.5,-3.0,351,0,351,,-2.4471802424233924,
11,34,-3.0,-2.5,351,0,351,,-2.4471802424233924,
11,35,-2.5,-2.0,352,204,148,-2.413554709522562,-2.4471802424233924,0.03362553290083037
11,36,-2.0,-1.5,351,0,351,,-2.4471802424233924,
11,37,-1.5,-1.0,351,138,213,-2.2408891220882525,-2.4471802424233924,0.20629112033513985
11,38,-1.0,-0.5,352,87,265,-2.4699378606694347,-2.4471802424233924,-0.022757618246042277
11,39,-0.5,0.0,351,72,279,-2.8376544257691054,-2.4471802424233924,-0.39047418334571304
11,40,0.0,0.5,351,203,148,-2.7051167038114357,-2.4471802424233924,-0.25793646138804327
11,41,0.5,1.0,351,0,351,,-2.4471802424233924,
11,42,1.0,1.5,352,0,352,,-2.4471802424233924,
11,43,1.5,2.0,351,0,351,,-2.4471802424233924,
11,44,2.0,2.5,351,194,157,-2.2795895593728117,-2.4471802424233924,0.16759068305058067
11,45,2.5,3.0,352,85,267,-3.28258062859301,-2.4471802424233924,-0.8354003861696175
11,46,3.0,3.5,351,198,153,-2.0675450584834545,-2.4471802424233924,0.3796351839399379
11,47,3.5,4.0,351,0,351,,-2.4471802424233924,
11,48,4.0,4.5,351,64,287,-3.1750947892279235,-2.4471802424233924,-0.7279145468045312
11,49,4.5,5.0,352,74,278,-3.148778512457881,-2.4471802424233924,-0.7015982700344887
11,50,5.0,5.5,351,221,130,-2.2517263811413146,-2.4471802424233924,0.19545386128207776
11,51,5.5,6.0,351,0,351,,-2.4471802424233924,
11,52,6.0,6.5,352,35,317,-2.474273140523527,-2.4471802424233924,-0.02709289810013482
11,53,6.5,7.0,351,171,180,-1.9767382379487397,-2.4471802424233924,0.4704420044746527
11,54,7.0,7.5,351,18,333,-3.1082712333360023,-2.4471802424233924,-0.6610909909126099
11,55,7.5,8.0,351,131,220,-2.708088195465043,-2.4471802424233924,-0.2609079530416505
11,56,8.0,8.5,352,160,192,-2.2874338784041246,-2.4471802424233924,0.15974636401926778
11,57,8.5,9.0,351,188,163,-3.0616832183206295,-2.4471802424233924,-0.6145029758972371
11,58,9.0,9.5,351,77,274,-2.8473222482988554,-2.4471802424233924,-0.400142005875463
11,59,9.5,10.0,352,250,102,-2.1998503121829263,-2.4471802424233924,0.24732993024046612
11,60,10.0,10.5,351,75,276,-3.0472005163928277,-2.4471802424233924,-0.6000202739694354
11,61,10.5,11.0,351,69,282,-3.1243728075397184,-2.4471802424233924,-0.677192565116326
11,62,11.0,11.5,351,261,90,-2.3380580008299305,-2.4471802424233924,0.10912224159346184
11,63,11.5,12.0,352,0,352,,-2.4471802424233924,
11,64,12.0,12.5,351,52,299,-2.9804001757681027,-2.4471802424233924,-0.5332199333447103
11,65,12.5,13.0,351,182,169,-2.0949020434242107,-2.4471802424233924,0.35227819899918167
11,66,13.0,13.5,352,10,342,-3.274638887248457,-2.4471802424233924,-0.8274586448250645
11,67,13.5,14.0,351,98,253,-3.232291645556785,-2.4471802424233924,-0.7851114031333926
11,68,14.0,14.5,351,0,351,,-2.4471802424233924,
11,69,14.5,15.0,351,111,240,-2.6229403819926387,-2.4471802424233924,-0.1757601395692463
11,70,15.0,15.5,352,104,248,-3.093329256905954,-2.4471802424233924,-0.6461490144825617
11,71,15.5,16.0,351,0,351,,-2.4471802424233924,
11,72,16.0,16.5,351,41,310,-3.065826100385316,-2.4471802424233924,-0.6186458579619236
11,73,16.5,17.0,352,138,214,-2.536594189330053,-2.4471802424233924,-0.0894139469066606
11,74,17.0,17.5,351,26,325,-2.79056942477786,-2.4471802424233924,-0.3433891823544677
11,75,17.5,18.0,351,143,208,-2.4554051985066794,-2.4471802424233924,-0.008224956083286994
11,76,18.0,18.5,351,12,339,-3.279430480749646,-2.4471802424233924,-0.8322502383262536
11,77,18.5,19.0,352,49,303,-3.176587294046714,-2.4471802424233924,-0.7294070516233218
11,78,19.0,19.5,351,159,192,-2.4790713249795635,-2.4471802424233924,-0.031891082556171124
11,79,19.5,20.0,351,0,351,,-2.4471802424233924,
12,0,-20.0,-19.5,351,123,228,-3.0803393884118555,-2.27553524097256,-0.8048041474392953
12,1,-19.5,-19.0,351,86,265,-3.2850022635155867,-2.27553524097256,-1.0094670225430264
12,2,-19.0,-18.5,352,85,267,-2.6765900181820994,-2.27553524097256,-0.4010547772095392
12,3,-18.5,-18.0,351,153,198,-2.03608701147379,-2.27553524097256,0.2394482294987701
12,4,-18.0,-17.5,351,165,186,-2.4340209178143652,-2.27553524097256,-0.15848567684180503
12,5,-17.5,-17.0,352,130,222,-1.9595713759616706,-2.27553524097256,0.3159638650108896
12,6,-17.0,-16.5,351,110,241,-1.9518113401847812,-2.27553524097256,0.323723900787779
12,7,-16.5,-16.0,351,207,144,-1.9056330037160143,-2.27553524097256,0.3699022372565459
12,8,-16.0,-15.5,351,54,297,-3.2575805189658027,-2.27553524097256,-0.9820452779932425
12,9,-15.5,-15.0,352,44,308,-3.595546041941173,-2.27553524097256,-1.3200108009686127
12,10,-15.0,-14.5,351,53,298,-2.9570828054658973,-2.27553524097256,-0.6815475644933371
12,11,-14.5,-14.0,351,175,176,-2.479565151947225,-2.27553524097256,-0.20402991097466483
12,12,-14.0,-13.5,352,0,352,,-2.27553524097256,
12,13,-13.5,-13.0,351,7,344,-3.301856086937461,-2.27553524097256,-1.026320845964901
12,14,-13.0,-12.5,351,149,202,-2.239382934167609,-2.27553524097256,0.036152306804951184
12,15,-12.5,-12.0,351,94,257,-2.9895564019108463,-2.27553524097256,-0.714021160938286
12,16,-12.0,-11.5,352,217,135,-2.2574612869459387,-2.27553524097256,0.018073954026621486
12,17,-11.5,-11.0,351,16,335,-3.0116438412252844,-2.27553524097256,-0.7361086002527242
12,18,-11.0,-10.5,351,178,173,-2.0404948758213015,-2.27553524097256,0.2350403651512587
12,19,-10.5,-10.0,352,0,352,,-2.27553524097256,
12,20,-10.0,-9.5,351,240,111,-1.9530084649610568,-2.27553524097256,0.32252677601150337
12,21,-9.5,-9.0,351,14,337,-2.579592854282928,-2.27553524097256,-0.3040576133103676
12,22,-9.0,-8.5,351,0,351,,-2.27553524097256,
12,23,-8.5,-8.0,352,182,170,-1.9583322324068586,-2.27553524097256,0.3172030085657016
12,24,-8.0,-7.5,351,20,331,-2.9289367466599976,-2.27553524097256,-0.6534015056874374
12,25,-7.5,-7.0,351,121,230,-1.992030745377183,-2.27553524097256,0.28350449559537716
12,26,-7.0,-6.5,352,96,256,-1.9817076389100476,-2.27553524097256,0.29382760206251257
12,27,-6.5,-6.0,351,78,273,-2.9792026404344316,-2.27553524097256,-0.7036673994618714
12,28,-6.0,-5.5,351,156,195,-2.435229261106663,-2.27553524097256,-0.15969402013410283
12,29,-5.5,-5.0,351,94,257,-1.919259750682902,-2.27553524097256,0.3562754902896581
12,30,-5.0,-4.5,352,42,310,-3.0563417301579197,-2.27553524097256,-0.7808064891853594
12,31,-4.5,-4.0,351,320,31,-2.27553524097256,-2.27553524097256,0.0
12,32,-4.0,-3.5,351,103,248,-3.4331619833387563,-2.27553524097256,-1.1576267423661961
12,33,-3.5,-3.0,352,89,263,-2.0277692244767946,-2.27553524097256,0.24776601649576557
12,34,-3.0,-2.5,351,242,109,-1.9483765694785367,-2.27553524097256,0.32715867149402356
12,35,-2.5,-2.0,351,0,351,,-2.27553524097256,
12,36,-2.0,-1.5,351,268,83,-1.8824327927165265,-2.27553524097256,0.3931024482560337
12,37,-1.5,-1.0,352,23,329,-2.6165460869862067,-2.27553524097256,-0.3410108460136465
12,38,-1.0,-0.5,351,202,149,-2.015876247977743,-2.27553524097256,0.25965899299481743
12,39,-0.5,0.0,351,0,351,,-2.27553524097256,
12,40,0.0,0.5,352,35,317,-1.9153773774794163,-2.27553524097256,0.36015786349314394
12,41,0.5,1.0,351,248,103,-2.003428006381679,-2.27553524097256,0.27210723459088104
12,42,1.0,1.5,351,0,351,,-2.27553524097256,
12,43,1.5,2.0,351,233,118,-1.9021958941042778,-2.27553524097256,0.3733393468682824
12,44,2.0,2.5,352,71,281,-2.070951120157749,-2.27553524097256,0.20458412081481114
12,45,2.5,3.0,351,17,334,-2.810963602711137,-2.27553524097256,-0.5354283617385769
12,46,3.0,3.5,351,272,79,-1.9638387339044967,-2.27553524097256,0.3116965070680635
12,47,3.5,4.0,352,0,352,,-2.27553524097256,
12,48,4.0,4.5,351,120,231,-2.45781090268991,-2.27553524097256,-0.18227566171735
12,49,4.5,5.0,351,202,149,-1.9852950109315914,-2.27553524097256,0.29024023004096877
12,50,5.0,5.5,351,0,351,,-2.27553524097256,
12,51,5.5,6.0,352,257,95,-1.9783508123903777,-2.27553524097256,0.2971844285821825
12,52,6.0,6.5,351,0,351,,-2.27553524097256,
12,53,6.5,7.0,351,252,99,-1.9822918506336693,-2.27553524097256,0.2932433903388909
12,54,7.0,7.5,352,145,207,-2.828961516051003,-2.27553524097256,-0.5534262750784427
12,55,7.5,8.0,351,136,215,-2.5047226458648244,-2.27553524097256,-0.2291874048922642
12,56,8.0,8.5,351,286,65,-2.1154849406804628,-2.27553524097256,0.16005030029209744
12,57,8.5,9.0,351,7,344,-3.3102700820580364,-2.27553524097256,-1.0347348410854762
12,58,9.0,9.5,352,0,352,,-2.27553524097256,
12,59,9.5,10.0,351,186,165,-1.9181455839373367,-2.27553524097256,0.3573896570352235
12,60,10.0,10.5,351,119,232,-1.980635805240215,-2.27553524097256,0.2948994357323451
12,61,10.5,11.0,352,57,295,-3.4066639863994994,-2.27553524097256,-1.1311287454269392
12,62,11.0,11.5,351,0,351,,-2.27553524097256,
12,63,11.5,12.0,351,0,351,,-2.27553524097256,
12,64,12.0,12.5,351,44,307,-2.745689439340815,-2.27553524097256,-0.47015419836825467
12,65,12.5,13.0,352,0,352,,-2.27553524097256,
12,66,13.0,13.5,351,43,308,-2.571143718716546,-2.27553524097256,-0.2956084777439858
12,67,13.5,14.0,351,18,333,-2.664889799603039,-2.27553524097256,-0.38935455863047874
12,68,14.0,14.5,352,90,262,-3.029266745471377,-2.27553524097256,-0.7537315044988167
12,69,14.5,15.0,351,31,320,-3.4706841544803,-2.27553524097256,-1.1951489135077398
12,70,15.0,15.5,351,29,322,-3.691097886072474,-2.27553524097256,-1.415562645099914
12,71,15.5,16.0,351,42,309,-3.4010122790812396,-2.27553524097256,-1.1254770381086794
12,72,16.0,16.5,352,95,257,-2.6720998102238975,-2.27553524097256,-0.3965645692513373
12,73,16.5,17.0,351,80,271,-2.511852704242899,-2.27553524097256,-0.23631746327033865
12,74,17.0,17.5,351,159,192,-2.956857865898449,-2.27553524097256,-0.6813226249258886
12,75,17.5,18.0,352,242,110,-2.220887587701333,-2.27553524097256,0.054647653271227004
12,76,18.0,18.5,351,42,309,-2.964020737859133,-2.27553524097256,-0.6884854968865728
12,77,18.5,19.0,351,101,250,-2.5145911070724307,-2.27553524097256,-0.2390558660998705
12,78,19.0,19.5,351,120,231,-2.0705676262447135,-2.27553524097256,0.20496761472784675
12,79,19.5,20.0,352,0,352,,-2.27553524097256,
13,0,-20.0,-19.5,351,0,351,,-2.200759185504557,
13,1,-19.5,-19.0,351,0,351,,-2.200759185504557,
13,2,-19.0,-18.5,352,233,119,-2.1006250607805663,-2.200759185504557,0.10013412472399086
13,3,-18.5,-18.0,351,54,297,-2.9309140424200746,-2.200759185504557,-0.7301548569155174
13,4,-18.0,-17.5,351,297,54,-2.0996772732071656,-2.200759185504557,0.10108191229739161
13,5,-17.5,-17.0,352,91,261,-2.470879610647873,-2.200759185504557,-0.270120425143316
13,6,-17.0,-16.5,351,0,351,,-2.200759185504557,
13,7,-16.5,-16.0,351,0,351,,-2.200759185504557,
13,8,-16.0,-15.5,351,82,269,-3.204374993416516,-2.200759185504557,-1.003615807911959
13,9,-15.5,-15.0,352,0,352,,-2.200759185504557,
13,10,-15.0,-14.5,351,148,203,-2.062072609965979,-2.200759185504557,0.138686575538578
13,11,-14.5,-14.0,351,174,177,-2.363163721309096,-2.200759185504557,-0.16240453580453895
13,12,-14.0,-13.5,352,0,352,,-2.200759185504557,
13,13,-13.5,-13.0,351,0,351,,-2.200759185504557,
13,14,-13.0,-12.5,351,127,224,-2.0477776164055785,-2.200759185504557,0.15298156909897864
13,15,-12.5,-12.0,351,193,158,-2.148327243711997,-2.200759185504557,0.05243194179256028
13,16,-12.0,-11.5,352,0,352,,-2.200759185504557,
13,17,-11.5,-11.0,351,171,180,-2.2647924359966756,-2.200759185504557,-0.06403325049211839
13,18,-11.0,-10.5,351,127,224,-1.9787437535827295,-2.200759185504557,0.2220154319218277
13,19,-10.5,-10.0,352,93,259,-3.125287000540222,-2.200759185504557,-0.9245278150356646
13,20,-10.0,-9.5,351,290,61,-2.071730470543936,-2.200759185504557,0.1290287149606213
13,21,-9.5,-9.0,351,98,253,-2.390532188030697,-2.200759185504557,-0.18977300252613993
13,22,-9.0,-8.5,351,0,351,,-2.200759185504557,
13,23,-8.5,-8.0,352,154,198,-2.3454643217631226,-2.200759185504557,-0.1447051362585654
13,24,-8.0,-7.5,351,242,109,-2.089511942443213,-2.200759185504557,0.11124724306134404
13,25,-7.5,-7.0,351,42,309,-3.3960552241282587,-2.200759185504557,-1.1952960386237015
13,26,-7.0,-6.5,352,0,352,,-2.200759185504557,
13,27,-6.5,-6.0,351,294,57,-1.9496752327246263,-2.200759185504557,0.2510839527799309
13,28,-6.0,-5.5,351,14,337,-2.7581700082280034,-2.200759185504557,-0.5574108227234462
13,29,-5.5,-5.0,351,0,351,,-2.200759185504557,
13,30,-5.0,-4.5,352,54,298,-2.200759185504557,-2.200759185504557,0.0
13,31,-4.5,-4.0,351,351,0,-1.9203921872170107,-2.200759185504557,0.2803669982875465
13,32,-4.0,-3.5,351,260,91,-2.0199420529966363,-2.200759185504557,0.18081713250792086
13,33,-3.5,-3.0,352,0,352,,-2.200759185504557,
13,34,-3.0,-2.5,351,75,276,-3.3654721589780197,-2.200759185504557,-1.1647129734734625
13,35,-2.5,-2.0,351,48,303,-3.3567522820374087,-2.200759185504557,-1.1559930965328515
13,36,-2.0,-1.5,351,0,351,,-2.200759185504557,
13,37,-1.5,-1.0,352,0,352,,-2.200759185504557,
13,38,-1.0,-0.5,351,0,351,,-2.200759185504557,
13,39,-0.5,0.0,351,0,351,,-2.200759185504557,
13,40,0.0,0.5,352,65,287,-3.041120860373379,-2.200759185504557,-0.8403616748688219
13,41,0.5,1.0,351,0,351,,-2.200759185504557,
13,42,1.0,1.5,351,282,69,-2.317034992945736,-2.200759185504557,-0.11627580744117871
13,43,1.5,2.0,351,95,256,-2.974808135075552,-2.200759185504557,-0.7740489495709948
13,44,2.0,2.5,352,0,352,,-2.200759185504557,
13,45,2.5,3.0,351,0,351,,-2.200759185504557,
13,46,3.0,3.5,351,23,328,-3.1423017511999016,-2.200759185504557,-0.9415425656953444
13,47,3.5,4.0,352,227,125,-2.4635219388429155,-2.200759185504557,-0.2627627533383583
13,48,4.0,4.5,351,0,351,,-2.200759185504557,
13,49,4.5,5.0,351,268,83,-2.0174696430175567,-2.200759185504557,0.18328954248700047
13,50,5.0,5.5,351,22,329,-2.5065799152091834,-2.200759185504557,-0.30582072970462626
13,51,5.5,6.0,352,0,352,,-2.200759185504557,
13,52,6.0,6.5,351,280,71,-2.3050907952133355,-2.200759185504557,-0.1043316097087783
13,53,6.5,7.0,351,15,336,-2.975047857447945,-2.200759185504557,-0.7742886719433879
13,54,7.0,7.5,352,101,251,-2.9000961094235103,-2.200759185504557,-0.6993369239189531
13,55,7.5,8.0,351,277,74,-1.975169840580509,-2.200759185504557,0.22558934492404825
13,56,8.0,8.5,351,180,171,-2.0004281708304155,-2.200759185504557,0.20033101467414172
13,57,8.5,9.0,351,45,306,-3.090177449854478,-2.200759185504557,-0.8894182643499207
13,58,9.0,9.5,352,250,102,-2.0922153665785066,-2.200759185504557,0.10854381892605058
13,59,9.5,10.0,351,0,351,,-2.200759185504557,
13,60,10.0,10.5,351,0,351,,-2.200759185504557,
13,61,10.5,11.0,352,51,301,-3.2431978187687833,-2.200759185504557,-1.0424386332642261
13,62,11.0,11.5,351,56,295,-2.2163589922461484,-2.200759185504557,-0.015599806741591227
13,63,11.5,12.0,351,227,124,-2.2065989985152874,-2.200759185504557,-0.0058398130107302215
13,64,12.0,12.5,351,44,307,-3.4011073174778623,-2.200759185504557,-1.2003481319733051
13,65,12.5,13.0,352,0,352,,-2.200759185504557,
13,66,13.0,13.5,351,189,162,-2.277131154865082,-2.200759185504557,-0.0763719693605247
13,67,13.5,14.0,351,52,299,-3.2184186783856767,-2.200759185504557,-1.0176594928811196
13,68,14.0,14.5,352,161,191,-2.522688126534371,-2.200759185504557,-0.32192894102981384
13,69,14.5,15.0,351,218,133,-2.4062196014825545,-2.200759185504557,-0.20546041597799736
13,70,15.0,15.5,351,141,210,-3.024992767799921,-2.200759185504557,-0.8242335822953639
13,71,15.5,16.0,351,0,351,,-2.200759185504557,
13,72,16.0,16.5,352,0,352,,-2.200759185504557,
13,73,16.5,17.0,351,0,351,,-2.200759185504557,
13,74,17.0,17.5,351,37,314,-2.274294241709517,-2.200759185504557,-0.07353505620495993
13,75,17.5,18.0,352,239,113,-2.12938777698158,-2.200759185504557,0.0713714085229773
13,76,18.0,18.5,351,66,285,-3.222603964206166,-2.200759185504557,-1.0218447787016087
13,77,18.5,19.0,351,0,351,,-2.200759185504557,
13,78,19.0,19.5,351,0,351,,-2.200759185504557,
13,79,19.5,20.0,352,285,67,-2.0334610205374046,-2.200759185504557,0.16729816496715255
14,0,-20.0,-19.5,351,141,210,-2.8696420751518046,-2.3341694136767916,-0.5354726614750129
14,1,-19.5,-19.0,351,58,293,-2.7122384889282425,-2.3341694136767916,-0.37806907525145084
14,2,-19.0,-18.5,352,123,229,-2.3506990011743203,-2.3341694136767916,-0.01652958749752864
14,3,-18.5,-18.0,351,184,167,-2.358252092599953,-2.3341694136767916,-0.024082678923161183
14,4,-18.0,-17.5,351,121,230,-2.710056545691092,-2.3341694136767916,-0.37588713201430046
14,5,-17.5,-17.0,351,232,119,-2.2166859006476924,-2.3341694136767916,0.1174835130290992
14,6,-17.0,-16.5,352,41,311,-2.99138310854487,-2.3341694136767916,-0.6572136948680782
14,7,-16.5,-16.0,351,0,351,,-2.3341694136767916,
14,8,-16.0,-15.5,351,293,58,-2.1296144056186064,-2.3341694136767916,0.20455500805818527
14,9,-15.5,-15.0,352,93,259,-3.040172585083874,-2.3341694136767916,-0.7060031714070822
14,10,-15.0,-14.5,351,75,276,-3.054796721988481,-2.3341694136767916,-0.7206273083116894
14,11,-14.5,-14.0,351,109,242,-2.085917137273577,-2.3341694136767916,0.24825227640321446
14,12,-14.0,-13.5,351,138,213,-2.279344240752086,-2.3341694136767916,0.05482517292470579
14,13,-13.5,-13.0,352,58,294,-3.032006840322498,-2.3341694136767916,-0.6978374266457061
14,14,-13.0,-12.5,351,234,117,-2.1118281056860533,-2.3341694136767916,0.22234130799073837
14,15,-12.5,-12.0,351,106,245,-2.9524824000254273,-2.3341694136767916,-0.6183129863486356
14,16,-12.0,-11.5,352,85,267,-2.7391835785115157,-2.3341694136767916,-0.4050141648347241
14,17,-11.5,-11.0,351,236,115,-2.080883238959597,-2.3341694136767916,0.2532861747171946
14,18,-11.0,-10.5,351,0,351,,-2.3341694136767916,
14,19,-10.5,-10.0,351,287,64,-2.075308954115111,-2.3341694136767916,0.2588604595616806
14,20,-10.0,-9.5,352,89,263,-2.7649966232554664,-2.3341694136767916,-0.4308272095786747
14,21,-9.5,-9.0,351,97,254,-3.039247589399929,-2.3341694136767916,-0.7050781757231372
14,22,-9.0,-8.5,351,184,167,-2.0658628787977165,-2.3341694136767916,0.2683065348790752
14,23,-8.5,-8.0,352,207,145,-2.6477340731367422,-2.3341694136767916,-0.3135646594599506
14,24,-8.0,-7.5,351,183,168,-2.12379249815463,-2.3341694136767916,0.21037691552216176
14,25,-7.5,-7.0,351,113,238,-2.207526809306004,-2.3341694136767916,0.12664260437078756
14,26,-7.0,-6.5,351,160,191,-2.9204334044187306,-2.3341694136767916,-0.5862639907419389
14,27,-6.5,-6.0,352,127,225,-3.109440365605035,-2.3341694136767916,-0.7752709519282432
14,28,-6.0,-5.5,351,78,273,-1.9398200267274635,-2.3341694136767916,0.3943493869493282
14,29,-5.5,-5.0,351,222,129,-2.061224478572027,-2.3341694136767916,0.2729449351047646
14,30,-5.0,-4.5,352,0,352,,-2.3341694136767916,
14,31,-4.5,-4.0,351,249,102,-2.1272347788703745,-2.3341694136767916,0.20693463480641716
14,32,-4.0,-3.5,351,117,234,-2.7175174139965663,-2.3341694136767916,-0.3833480003197747
14,33,-3.5,-3.0,351,143,208,-2.480757757151794,-2.3341694136767916,-0.14658834347500216
14,34,-3.0,-2.5,352,215,137,-2.104850065954073,-2.3341694136767916,0.22931934772271845
14,35,-2.5,-2.0,351,109,242,-2.674755407694365,-2.3341694136767916,-0.3405859940175735
14,36,-2.0,-1.5,351,295,56,-2.1849755073660986,-2.3341694136767916,0.14919390631069307
14,37,-1.5,-1.0,352,228,124,-2.7021938956321074,-2.3341694136767916,-0.3680244819553158
14,38,-1.0,-0.5,351,244,107,-2.1344404123280034,-2.3341694136767916,0.19972900134878824
14,39,-0.5,0.0,351,216,135,-2.3889945866014974,-2.3341694136767916,-0.05482517292470579
14,40,0.0,0.5,351,201,150,-2.147085235278986,-2.3341694136767916,0.18708417839780545
14,41,0.5,1.0,352,0,352,,-2.3341694136767916,
14,42,1.0,1.5,351,113,238,-2.9455062278616904,-2.3341694136767916,-0.6113368141848987
14,43,1.5,2.0,351,88,263,-3.009293356455892,-2.3341694136767916,-0.6751239427791003
14,44,2.0,2.5,352,215,137,-2.128804424974149,-2.3341694136767916,0.20536498870264275
14,45,2.5,3.0,351,286,65,-2.6416007038641673,-2.3341694136767916,-0.3074312901873757
14,46,3.0,3.5,351,10,341,-2.893633199902399,-2.3341694136767916,-0.5594637862256073
14,47,3.5,4.0,351,28,323,-2.997524285046944,-2.3341694136767916,-0.6633548713701525
14,48,4.0,4.5,352,22,330,-3.359837873578609,-2.3341694136767916,-1.0256684599018175
14,49,4.5,5.0,351,237,114,-2.0771389374166738,-2.3341694136767916,0.2570304762601179
14,50,5.0,5.5,351,76,275,-2.3058749216495826,-2.3341694136767916,0.028294492027209017
14,51,5.5,6.0,352,233,119,-2.4107310020926827,-2.3341694136767916,-0.076561588415891
14,52,6.0,6.5,351,190,161,-2.5667747503167613,-2.3341694136767916,-0.23260533663996963
14,53,6.5,7.0,351,116,235,-2.8774403100779526,-2.3341694136767916,-0.543270896401161
14,54,7.0,7.5,351,166,185,-2.2286643635584173,-2.3341694136767916,0.1055050501183743
14,55,7.5,8.0,352,144,208,-2.1177302931510464,-2.3341694136767916,0.2164391205257452
14,56,8.0,8.5,351,66,285,-3.0842640925710643,-2.3341694136767916,-0.7500946788942726
14,57,8.5,9.0,351,0,351,,-2.3341694136767916,
14,58,9.0,9.5,352,68,284,-3.0242058301238925,-2.3341694136767916,-0.6900364164471009
14,59,9.5,10.0,351,242,109,-1.9995315860636427,-2.3341694136767916,0.334637827613149
14,60,10.0,10.5,351,66,285,-2.8538588202664634,-2.3341694136767916,-0.5196894065896718
14,61,10.5,11.0,351,88,263,-3.143645802764276,-2.3341694136767916,-0.8094763890874845
14,62,11.0,11.5,352,90,262,-3.0718076526484324,-2.3341694136767916,-0.7376382389716407
14,63,11.5,12.0,351,175,176,-3.0867437629729273,-2.3341694136767916,-0.7525743492961356
14,64,12.0,12.5,351,138,213,-2.92162773802096,-2.3341694136767916,-0.5874583243441682
14,65,12.5,13.0,352,165,187,-2.3705279051794785,-2.3341694136767916,-0.036358491502686885
14,66,13.0,13.5,351,213,138,-2.5793989691396737,-2.3341694136767916,-0.24522955546288205
14,67,13.5,14.0,351,79,272,-3.1357137971245614,-2.3341694136767916,-0.8015443834477698
14,68,14.0,14.5,351,81,270,-3.1607219940723295,-2.3341694136767916,-0.8265525803955378
14,69,14.5,15.0,352,308,44,-2.3005867101098225,-2.3341694136767916,0.03358270356696913
14,70,15.0,15.5,351,59,292,-2.9992954773375344,-2.3341694136767916,-0.6651260636607428
14,71,15.5,16.0,351,0,351,,-2.3341694136767916,
14,72,16.0,16.5,352,216,136,-2.2366052726147068,-2.3341694136767916,0.09756414106208489
14,73,16.5,17.0,351,39,312,-2.61071426362325,-2.3341694136767916,-0.27654484994645845
14,74,17.0,17.5,351,46,305,-3.058179337560908,-2.3341694136767916,-0.7240099238841164
14,75,17.5,18.0,351,310,41,-2.1025031452873053,-2.3341694136767916,0.23166626838948634
14,76,18.0,18.5,352,123,229,-3.0063832729858655,-2.3341694136767916,-0.6722138593090738
14,77,18.5,19.0,351,254,97,-2.291147815393057,-2.3341694136767916,0.04302159828373453
14,78,19.0,19.5,351,104,247,-2.790093986185612,-2.3341694136767916,-0.45592457250882035
14,79,19.5,20.0,352,193,159,-2.9896387526506465,-2.3341694136767916,-0.6554693389738548
15,0,-20.0,-19.5,351,312,39,-2.1865583499508547,-2.7892944789064393,0.6027361289555846
15,1,-19.5,-19.0,352,109,243,-2.9969295205199313,-2.7892944789064393,-0.207635041613492
15,2,-19.0,-18.5,351,339,12,-2.4724845398359214,-2.7892944789064393,0.3168099390705179
15,3,-18.5,-18.0,351,155,196,-3.158763794218056,-2.7892944789064393,-0.36946931531161686
15,4,-18.0,-17.5,351,218,133,-2.199435115802886,-2.7892944789064393,0.5898593631035531
15,5,-17.5,-17.0,352,154,198,-2.868288041351428,-2.7892944789064393,-0.07899356244498845
15,6,-17.0,-16.5,351,141,210,-2.3753499314242537,-2.7892944789064393,0.4139445474821857
15,7,-16.5,-16.0,351,121,230,-2.3392702986488665,-2.7892944789064393,0.45002418025757285
15,8,-16.0,-15.5,352,211,141,-2.908931926560309,-2.7892944789064393,-0.11963744765386952
15,9,-15.5,-15.0,351,223,128,-2.950065287959811,-2.7892944789064393,-0.1607708090533717
15,10,-15.0,-14.5,351,273,78,-2.2375477628185036,-2.7892944789064393,0.5517467160879357
15,11,-14.5,-14.0,351,137,214,-2.9444346168882585,-2.7892944789064393,-0.15514013798181914
15,12,-14.0,-13.5,352,0,352,,-2.7892944789064393,
15,13,-13.5,-13.0,351,119,232,-2.988139641864924,-2.7892944789064393,-0.19884516295848487
15,14,-13.0,-12.5,351,231,120,-2.4198097607436875,-2.7892944789064393,0.36948471816275186
15,15,-12.5,-12.0,352,192,160,-2.880908183866767,-2.7892944789064393,-0.09161370496032761
15,16,-12.0,-11.5,351,264,87,-2.336457903369962,-2.7892944789064393,0.45283657553647716
15,17,-11.5,-11.0,351,90,261,-2.9316609050882727,-2.7892944789064393,-0.14236642618183337
15,18,-11.0,-10.5,351,43,308,-2.790643439104252,-2.7892944789064393,-0.0013489601978124988
15,19,-10.5,-10.0,352,299,53,-2.346376635206636,-2.7892944789064393,0.44291784369980336
15,20,-10.0,-9.5,351,144,207,-2.83213929173022,-2.7892944789064393,-0.04284481282378083
15,21,-9.5,-9.0,351,112,239,-2.963848132694083,-2.7892944789064393,-0.17455365378764354
15,22,-9.0,-8.5,352,103,249,-2.787945518708627,-2.7892944789064393,0.0013489601978124988
15,23,-8.5,-8.0,351,282,69,-2.4311902110196266,-2.7892944789064393,0.3581042678868127
15,24,-8.0,-7.5,351,122,229,-2.9677648192605988,-2.7892944789064393,-0.17847034035415943
15,25,-7.5,-7.0,351,142,209,-2.923203113492071,-2.7892944789064393,-0.13390863458563151
15,26,-7.0,-6.5,352,102,250,-2.9312999676636897,-2.7892944789064393,-0.1420054887572504
15,27,-6.5,-6.0,351,319,32,-2.503386044074454,-2.7892944789064393,0.28590843483198514
15,28,-6.0,-5.5,351,48,303,-2.9364654627305224,-2.7892944789064393,-0.1471709838240831
15,29,-5.5,-5.0,352,107,245,-2.87534234307045,-2.7892944789064393,-0.08604786416401078
15,30,-5.0,-4.5,351,111,240,-2.142101237320806,-2.7892944789064393,0.6471932415856334
15,31,-4.5,-4.0,351,200,151,-2.419040091512932,-2.7892944789064393,0.37025438739350713
15,32,-4.0,-3.5,351,105,246,-2.724657767643288,-2.7892944789064393,0.06463671126315118
15,33,-3.5,-3.0,352,191,161,-2.0243279982236055,-2.7892944789064393,0.7649664806828338
15,34,-3.0,-2.5,351,0,351,,-2.7892944789064393,
15,35,-2.5,-2.0,351,292,59,-2.325661259274617,-2.7892944789064393,0.46363321963182225
15,36,-2.0,-1.5,352,205,147,-2.8320153716129193,-2.7892944789064393,-0.04272089270647994
15,37,-1.5,-1.0,351,64,287,-2.709120623300181,-2.7892944789064393,0.08017385560625812
15,38,-1.0,-0.5,351,200,151,-2.0493588337124296,-2.7892944789064393,0.7399356451940098
15,39,-0.5,0.0,351,51,300,-2.844181982316928,-2.7892944789064393,-0.05488750341048876
15,40,0.0,0.5,352,0,352,,-2.7892944789064393,
15,41,0.5,1.0,351,99,252,-2.744229592308403,-2.7892944789064393,0.04506488659803631
15,42,1.0,1.5,351,239,112,-2.4323877898968354,-2.7892944789064393,0.356906689009604
15,43,1.5,2.0,352,100,252,-3.0576782975271106,-2.7892944789064393,-0.2683838186206713
15,44,2.0,2.5,351,117,234,-3.134106206999833,-2.7892944789064393,-0.34481172809339355
15,45,2.5,3.0,351,263,88,-2.6360940823772596,-2.7892944789064393,0.15320039652917972
15,46,3.0,3.5,351,148,203,-2.1852728133952892,-2.7892944789064393,0.6040216655111501
15,47,3.5,4.0,352,175,177,-2.874530974716456,-2.7892944789064393,-0.08523649581001669
15,48,4.0,4.5,351,67,284,-3.3841714531009868,-2.7892944789064393,-0.5948769741945474
15,49,4.5,5.0,351,145,206,-3.1013962896955887,-2.7892944789064393,-0.31210181078914934
15,50,5.0,5.5,352,311,41,-2.435129557389896,-2.7892944789064393,0.35416492151654344
15,51,5.5,6.0,351,235,116,-3.0105197525289564,-2.7892944789064393,-0.2212252736225171
15,52,6.0,6.5,351,167,184,-2.871981237923919,-2.7892944789064393,-0.0826867590174798
15,53,6.5,7.0,351,121,230,-2.313896393008096,-2.7892944789064393,0.4753980858983433
15,54,7.0,7.5,352,300,52,-2.538531853425562,-2.7892944789064393,0.25076262548087724
15,55,7.5,8.0,351,151,200,-3.0270030365438383,-2.7892944789064393,-0.23770855763739895
15,56,8.0,8.5,351,42,309,-2.438150051775848,-2.7892944789064393,0.35114442713059146
15,57,8.5,9.0,352,230,122,-2.2586684175442153,-2.7892944789064393,0.530626061362224
15,58,9.0,9.5,351,326,25,-2.1389517310297395,-2.7892944789064393,0.6503427478766999
15,59,9.5,10.0,351,351,0,-1.7453043428189112,-2.7892944789064393,1.043990136087528
15,60,10.0,10.5,351,351,0,-1.4762043292169975,-2.7892944789064393,1.3130901496894418
15,61,10.5,11.0,352,350,2,-1.7116421633690049,-2.7892944789064393,1.0776523155374345
15,62,11.0,11.5,351,156,195,-2.576385359598573,-2.7892944789064393,0.2129091193078665
15,63,11.5,12.0,351,76,275,-2.9086759094847356,-2.7892944789064393,-0.11938143057829631
15,64,12.0,12.5,352,0,352,,-2.7892944789064393,
15,65,12.5,13.0,351,96,255,-2.826032956482817,-2.7892944789064393,-0.036738477576377715
15,66,13.0,13.5,351,59,292,-2.918834287081285,-2.7892944789064393,-0.12953980817484556
15,67,13.5,14.0,351,108,243,-3.086610952905592,-2.7892944789064393,-0.29731647399915273
15,68,14.0,14.5,352,0,352,,-2.7892944789064393,
15,69,14.5,15.0,351,0,351,,-2.7892944789064393,
15,70,15.0,15.5,351,98,253,-3.1455716512816783,-2.7892944789064393,-0.3562771723752389
15,71,15.5,16.0,352,71,281,-3.0097195165537145,-2.7892944789064393,-0.22042503764727517
15,72,16.0,16.5,351,43,308,-2.907923199404487,-2.7892944789064393,-0.11862872049804762
15,73,16.5,17.0,351,72,279,-3.022706487884853,-2.7892944789064393,-0.23341200897841352
15,74,17.0,17.5,351,89,262,-3.0427014105871195,-2.7892944789064393,-0.2534069316806802
15,75,17.5,18.0,352,86,266,-2.984756370986757,-2.7892944789064393,-0.1954618920803175
15,76,18.0,18.5,351,0,351,,-2.7892944789064393,
15,77,18.5,19.0,351,236,115,-2.949546263177452,-2.7892944789064393,-0.16025178427101272
15,78,19.0,19.5,352,64,288,-2.877976764060869,-2.7892944789064393,-0.08868228515442977
15,79,19.5,20.0,351,192,159,-3.0171142523617216,-2.7892944789064393,-0.22781977345528226
16,0,-20.0,-19.5,351,179,172,-2.1481524578565843,-2.2173386302979416,0.06918617244135739
16,1,-19.5,-19.0,351,349,2,-2.070873362371275,-2.2173386302979416,0.1464652679266667
16,2,-19.0,-18.5,352,0,352,,-2.2173386302979416,
16,3,-18.5,-18.0,351,0,351,,-2.2173386302979416,
16,4,-18.0,-17.5,351,237,114,-2.1851664970528364,-2.2173386302979416,0.03217213324510526
16,5,-17.5,-17.0,352,57,295,-2.4731831180883734,-2.2173386302979416,-0.2558444877904318
16,6,-17.0,-16.5,351,0,351,,-2.2173386302979416,
16,7,-16.5,-16.0,351,222,129,-2.1690145081630448,-2.2173386302979416,0.048324122134896896
16,8,-16.0,-15.5,351,0,351,,-2.2173386302979416,
16,9,-15.5,-15.0,352,0,352,,-2.2173386302979416,
16,10,-15.0,-14.5,351,0,351,,-2.2173386302979416,
16,11,-14.5,-14.0,351,221,130,-2.215932656030623,-2.2173386302979416,0.0014059742673184772
16,12,-14.0,-13.5,352,0,352,,-2.2173386302979416,
16,13,-13.5,-13.0,351,52,299,-3.155966586620904,-2.2173386302979416,-0.9386279563229625
16,14,-13.0,-12.5,351,178,173,-2.0948917082202203,-2.2173386302979416,0.12244692207772134
16,15,-12.5,-12.0,351,0,351,,-2.2173386302979416,
16,16,-12.0,-11.5,352,84,268,-3.385368854147446,-2.2173386302979416,-1.1680302238495042
16,17,-11.5,-11.0,351,234,117,-2.2049922590849835,-2.2173386302979416,0.012346371212958118
16,18,-11.0,-10.5,351,64,287,-3.0761384774879836,-2.2173386302979416,-0.858799847190042
16,19,-10.5,-10.0,352,234,118,-2.03952220448056,-2.2173386302979416,0.17781642581738177
16,20,-10.0,-9.5,351,48,303,-3.173304265076816,-2.2173386302979416,-0.9559656347788743
16,21,-9.5,-9.0,351,214,137,-2.0909182828761583,-2.2173386302979416,0.12642034742178332
16,22,-9.0,-8.5,351,75,276,-2.13326351943393,-2.2173386302979416,0.08407511086401165
16,23,-8.5,-8.0,352,149,203,-2.133179576259336,-2.2173386302979416,0.08415905403860569
16,24,-8.0,-7.5,351,179,172,-2.083062574080002,-2.2173386302979416,0.13427605621793948
16,25,-7.5,-7.0,351,6,345,-2.740781054103137,-2.2173386302979416,-0.5234424238051956
16,26,-7.0,-6.5,352,326,26,-2.0923705110079873,-2.2173386302979416,0.12496811928995433
16,27,-6.5,-6.0,351,54,297,-3.3362557314582997,-2.2173386302979416,-1.118917101160358
16,28,-6.0,-5.5,351,151,200,-3.22727947357209,-2.2173386302979416,-1.0099408432741486
16,29,-5.5,-5.0,351,215,136,-2.1655341912160293,-2.2173386302979416,0.051804439081912346
16,30,-5.0,-4.5,352,103,249,-2.0984800002786037,-2.2173386302979416,0.11885863001933794
16,31,-4.5,-4.0,351,70,281,-3.049391024922432,-2.2173386302979416,-0.8320523946244904
16,32,-4.0,-3.5,351,189,162,-3.213358388611822,-2.2173386302979416,-0.9960197583138806
16,33,-3.5,-3.0,352,282,70,-2.2611411252590354,-2.2173386302979416,-0.043802494961093785
16,34,-3.0,-2.5,351,195,156,-1.99254903770057,-2.2173386302979416,0.22478959259737175
16,35,-2.5,-2.0,351,307,44,-2.2187446045652606,-2.2173386302979416,-0.0014059742673189213
16,36,-2.0,-1.5,351,94,257,-3.0166048591642127,-2.2173386302979416,-0.7992662288662711
16,37,-1.5,-1.0,352,51,301,-3.0012868388513487,-2.2173386302979416,-0.7839482085534071
16,38,-1.0,-0.5,351,276,75,-2.1186178661138397,-2.2173386302979416,0.09872076418410192
16,39,-0.5,0.0,351,0,351,,-2.2173386302979416,
16,40,0.0,0.5,352,114,238,-2.3716148040311062,-2.2173386302979416,-0.1542761737331646
16,41,0.5,1.0,351,59,292,-3.077270264211356,-2.2173386302979416,-0.8599316339134142
16,42,1.0,1.5,351,87,264,-3.1282479998486985,-2.2173386302979416,-0.9109093695507569
16,43,1.5,2.0,351,165,186,-2.1446110257844606,-2.2173386302979416,0.07272760451348104
16,44,2.0,2.5,352,25,327,-2.8271369931841543,-2.2173386302979416,-0.6097983628862127
16,45,2.5,3.0,351,50,301,-3.215889004824814,-2.2173386302979416,-0.9985503745268725
16,46,3.0,3.5,351,0,351,,-2.2173386302979416,
16,47,3.5,4.0,352,219,133,-2.160876986442434,-2.2173386302979416,0.05646164385550767
16,48,4.0,4.5,351,98,253,-3.0670451031482058,-2.2173386302979416,-0.8497064728502641
16,49,4.5,5.0,351,165,186,-2.480532922045805,-2.2173386302979416,-0.2631942917478636
16,50,5.0,5.5,351,162,189,-2.2520482345599007,-2.2173386302979416,-0.034709604261959015
16,51,5.5,6.0,352,94,258,-2.1943367642882423,-2.2173386302979416,0.023001866009699334
16,52,6.0,6.5,351,204,147,-2.071090588102044,-2.2173386302979416,0.14624804219589782
16,53,6.5,7.0,351,138,213,-2.125640490765149,-2.2173386302979416,0.09169813953279249
16,54,7.0,7.5,352,243,109,-2.0232578352666,-2.2173386302979416,0.19408079503134168
16,55,7.5,8.0,351,57,294,-3.073404913779495,-2.2173386302979416,-0.8560662834815536
16,56,8.0,8.5,351,71,280,-2.3316840722042875,-2.2173386302979416,-0.11434544190634588
16,57,8.5,9.0,351,162,189,-2.3022012098151188,-2.2173386302979416,-0.08486257951717713
16,58,9.0,9.5,352,311,41,-2.1194307465792677,-2.2173386302979416,0.09790788371867398
16,59,9.5,10.0,351,350,1,-1.7976938509420313,-2.2173386302979416,0.4196447793559104
16,60,10.0,10.5,351,351,0,-1.6747226721382682,-2.2173386302979416,0.5426159581596735
16,61,10.5,11.0,352,301,51,-2.2549177098859587,-2.2173386302979416,-0.037579079588017095
16,62,11.0,11.5,351,144,207,-2.8159532674552628,-2.2173386302979416,-0.5986146371573211
16,63,11.5,12.0,351,48,303,-2.808832683612987,-2.2173386302979416,-0.5914940533150452
16,64,12.0,12.5,351,55,296,-3.1594204156719954,-2.2173386302979416,-0.9420817853740537
16,65,12.5,13.0,352,43,309,-2.773934778047737,-2.2173386302979416,-0.5565961477497954
16,66,13.0,13.5,351,0,351,,-2.2173386302979416,
16,67,13.5,14.0,351,45,306,-3.1285380417335213,-2.2173386302979416,-0.9111994114355797
16,68,14.0,14.5,352,47,305,-2.9685107520113645,-2.2173386302979416,-0.7511721217134228
16,69,14.5,15.0,351,0,351,,-2.2173386302979416,
16,70,15.0,15.5,351,55,296,-3.1398908513501107,-2.2173386302979416,-0.922552221052169
16,71,15.5,16.0,351,0,351,,-2.2173386302979416,
16,72,16.0,16.5,352,54,298,-3.1535024409042194,-2.2173386302979416,-0.9361638106062777
16,73,16.5,17.0,351,49,302,-3.2635978230638494,-2.2173386302979416,-1.0462591927659077
16,74,17.0,17.5,351,116,235,-2.940568170801484,-2.2173386302979416,-0.7232295405035423
16,75,17.5,18.0,352,108,244,-3.004695153715711,-2.2173386302979416,-0.7873565234177695
16,76,18.0,18.5,351,105,246,-2.739110601808153,-2.2173386302979416,-0.5217719715102112
16,77,18.5,19.0,351,143,208,-2.976690334185637,-2.2173386302979416,-0.7593517038876954
16,78,19.0,19.5,351,117,234,-2.979347958679211,-2.2173386302979416,-0.7620093283812692
16,79,19.5,20.0,352,32,320,-2.8558022348215433,-2.2173386302979416,-0.6384636045236016
17,0,-20.0,-19.5,352,113,239,-2.867579084304309,-2.294810306603693,-0.5727687777006158
17,1,-19.5,-19.0,351,238,113,-2.2453459334764254,-2.294810306603693,0.0494643731272677
17,2,-19.0,-18.5,351,8,343,-3.024875982388254,-2.294810306603693,-0.7300656757845609
17,3,-18.5,-18.0,351,178,173,-2.234087809343033,-2.294810306603693,0.060722497260659924
17,4,-18.0,-17.5,352,126,226,-2.0394298365723738,-2.294810306603693,0.25538047003131936
17,5,-17.5,-17.0,351,83,268,-2.7556225209519374,-2.294810306603693,-0.46081221434824426
17,6,-17.0,-16.5,351,148,203,-2.0847244566677228,-2.294810306603693,0.21008584993597035
17,7,-16.5,-16.0,352,0,352,,-2.294810306603693,
17,8,-16.0,-15.5,351,231,120,-2.0992639633724255,-2.294810306603693,0.19554634323126763
17,9,-15.5,-15.0,351,44,307,-2.939120040801679,-2.294810306603693,-0.6443097341979858
17,10,-15.0,-14.5,351,277,74,-2.1610270678807386,-2.294810306603693,0.1337832387229545
17,11,-14.5,-14.0,352,43,309,-2.3474341481400813,-2.294810306603693,-0.052623841536388216
17,12,-14.0,-13.5,351,146,205,-2.1954217244616787,-2.294810306603693,0.0993885821420144
17,13,-13.5,-13.0,351,171,180,-2.12526107208312,-2.294810306603693,0.16954923452057313
17,14,-13.0,-12.5,352,0,352,,-2.294810306603693,
17,15,-12.5,-12.0,351,167,184,-2.128404011581222,-2.294810306603693,0.16640629502247117
17,16,-12.0,-11.5,351,15,336,-2.6553403812551495,-2.294810306603693,-0.36053007465145637
17,17,-11.5,-11.0,351,230,121,-2.2310871513992376,-2.294810306603693,0.06372315520445548
17,18,-11.0,-10.5,352,80,272,-2.339252440694178,-2.294810306603693,-0.04444213409048503
17,19,-10.5,-10.0,351,129,222,-2.120995346872247,-2.294810306603693,0.173814959731446
17,20,-10.0,-9.5,351,133,218,-2.748082110370799,-2.294810306603693,-0.45327180376710574
17,21,-9.5,-9.0,352,126,226,-2.0024675508139023,-2.294810306603693,0.29234275578979085
17,22,-9.0,-8.5,351,95,256,-2.343557761557618,-2.294810306603693,-0.04874745495392485
17,23,-8.5,-8.0,351,53,298,-3.3641956093111296,-2.294810306603693,-1.0693853027074365
17,24,-8.0,-7.5,351,198,153,-2.2379423352612906,-2.294810306603693,0.05686797134240251
17,25,-7.5,-7.0,352,0,352,,-2.294810306603693,
17,26,-7.0,-6.5,351,39,312,-2.2875304332137194,-2.294810306603693,0.007279873389973712
17,27,-6.5,-6.0,351,142,209,-2.302684583868064,-2.294810306603693,-0.007874277264370733
17,28,-6.0,-5.5,352,99,253,-2.2035664582393357,-2.294810306603693,0.0912438483643574
17,29,-5.5,-5.0,351,94,257,-2.2559436658082115,-2.294810306603693,0.03886664079548163
17,30,-5.0,-4.5,351,0,351,,-2.294810306603693,
17,31,-4.5,-4.0,351,187,164,-2.1990672614924525,-2.294810306603693,0.09574304511124065
17,32,-4.0,-3.5,352,42,310,-3.378248389396741,-2.294810306603693,-1.083438082793048
17,33,-3.5,-3.0,351,207,144,-2.139079304352492,-2.294810306603693,0.1557310022512013
17,34,-3.0,-2.5,351,44,307,-3.004930211770091,-2.294810306603693,-0.710119905166398
17,35,-2.5,-2.0,352,182,170,-2.4017911509196237,-2.294810306603693,-0.10698084431593058
17,36,-2.0,-1.5,351,0,351,,-2.294810306603693,
17,37,-1.5,-1.0,351,68,283,-3.1158654979564706,-2.294810306603693,-0.8210551913527775
17,38,-1.0,-0.5,351,192,159,-2.302090179993667,-2.294810306603693,-0.007279873389973712
17,39,-0.5,0.0,352,44,308,-2.8144261616015775,-2.294810306603693,-0.5196158549978844
17,40,0.0,0.5,351,266,85,-2.2374011643124456,-2.294810306603693,0.057409142291247495
17,41,0.5,1.0,351,0,351,,-2.294810306603693,
17,42,1.0,1.5,352,172,180,-2.2603427788907493,-2.294810306603693,0.03446752771294381
17,43,1.5,2.0,351,103,248,-2.247033157381203,-2.294810306603693,0.04777714922249032
17,44,2.0,2.5,351,114,237,-2.214684873121586,-2.294810306603693,0.08012543348210732
17,45,2.5,3.0,351,98,253,-2.7300080148100707,-2.294810306603693,-0.4351977082063776
17,46,3.0,3.5,352,192,160,-2.097350507629728,-2.294810306603693,0.19745979897396504
17,47,3.5,4.0,351,117,234,-2.657784418310644,-2.294810306603693,-0.3629741117069507
17,48,4.0,4.5,351,119,232,-2.382646871897764,-2.294810306603693,-0.08783656529407091
17,49,4.5,5.0,352,208,144,-2.3042240957720574,-2.294810306603693,-0.009413789168364328
17,50,5.0,5.5,351,48,303,-3.0071316082456105,-2.294810306603693,-0.7123213016419174
17,51,5.5,6.0,351,250,101,-2.0919534964438777,-2.294810306603693,0.20285681015981538
17,52,6.0,6.5,351,31,320,-2.6661877844523203,-2.294810306603693,-0.3713774778486272
17,53,6.5,7.0,352,194,158,-2.154248078560829,-2.294810306603693,0.14056222804286422
17,54,7.0,7.5,351,294,57,-2.2649260469417065,-2.294810306603693,0.0298842596619866
17,55,7.5,8.0,351,106,245,-3.1130849275918226,-2.294810306603693,-0.8182746209881295
17,56,8.0,8.5,352,301,51,-2.1225939177755833,-2.294810306603693,0.17221638882810986
17,57,8.5,9.0,351,32,319,-2.6335346911223336,-2.294810306603693,-0.3387243845186405
17,58,9.0,9.5,351,351,0,-2.188580894666763,-2.294810306603693,0.10622941193693025
17,59,9.5,10.0,351,293,58,-2.3291534792669295,-2.294810306603693,-0.03434317266323639
17,60,10.0,10.5,352,264,88,-2.3002995828599055,-2.294810306603693,-0.0054892762562124275
17,61,10.5,11.0,351,85,266,-2.6175664767697326,-2.294810306603693,-0.3227561701660395
17,62,11.0,11.5,351,99,252,-2.3498452810356265,-2.294810306603693,-0.05503497443193339
17,63,11.5,12.0,352,175,177,-3.0250203309702,-2.294810306603693,-0.7302100243665071
17,64,12.0,12.5,351,34,317,-3.334948560468302,-2.294810306603693,-1.0401382538646087
17,65,12.5,13.0,351,0,351,,-2.294810306603693,
17,66,13.0,13.5,351,0,351,,-2.294810306603693,
17,67,13.5,14.0,352,48,304,-3.1810136835681044,-2.294810306603693,-0.8862033769644113
17,68,14.0,14.5,351,180,171,-3.2786855647009943,-2.294810306603693,-0.9838752580973011
17,69,14.5,15.0,351,56,295,-3.0182876004620836,-2.294810306603693,-0.7234772938583904
17,70,15.0,15.5,352,95,257,-3.16610410258841,-2.294810306603693,-0.8712937959847169
17,71,15.5,16.0,351,81,270,-3.1105382794531744,-2.294810306603693,-0.8157279728494813
17,72,16.0,16.5,351,0,351,,-2.294810306603693,
17,73,16.5,17.0,351,74,277,-2.850763586607068,-2.294810306603693,-0.5559532800033749
17,74,17.0,17.5,352,0,352,,-2.294810306603693,
17,75,17.5,18.0,351,32,319,-3.448075132384213,-2.294810306603693,-1.15326482578052
17,76,18.0,18.5,351,16,335,-2.996562798187747,-2.294810306603693,-0.7017524915840538
17,77,18.5,19.0,352,0,352,,-2.294810306603693,
17,78,19.0,19.5,351,94,257,-3.0078189905679507,-2.294810306603693,-0.7130086839642575
17,79,19.5,20.0,351,17,334,-3.772951991137654,-2.294810306603693,-1.478141684533961
18,0,-20.0,-19.5,352,182,170,-2.2388736407851244,-2.2541962894464946,0.01532264866137023
18,1,-19.5,-19.0,351,63,288,-2.593298442313427,-2.2541962894464946,-0.33910215286693246
18,2,-19.0,-18.5,351,194,157,-2.152443214580507,-2.2541962894464946,0.10175307486598761
18,3,-18.5,-18.0,352,90,262,-3.161864311113643,-2.2541962894464946,-0.9076680216671482
18,4,-18.0,-17.5,351,210,141,-2.1453636903531565,-2.2541962894464946,0.10883259909333809
18,5,-17.5,-17.0,351,6,345,-2.689663394838476,-2.2541962894464946,-0.4354671053919814
18,6,-17.0,-16.5,351,105,246,-2.3065246106249537,-2.2541962894464946,-0.05232832117845909
18,7,-16.5,-16.0,352,127,225,-2.2962405216377655,-2.2541962894464946,-0.04204423219127085
18,8,-16.0,-15.5,351,0,351,,-2.2541962894464946,
18,9,-15.5,-15.0,351,0,351,,-2.2541962894464946,
18,10,-15.0,-14.5,352,0,352,,-2.2541962894464946,
18,11,-14.5,-14.0,351,244,107,-2.1352538939251016,-2.2541962894464946,0.11894239552139307
18,12,-14.0,-13.5,351,0,351,,-2.2541962894464946,
18,13,-13.5,-13.0,351,0,351,,-2.2541962894464946,
18,14,-13.0,-12.5,352,84,268,-3.1938976532144117,-2.2541962894464946,-0.939701363767917
18,15,-12.5,-12.0,351,176,175,-2.25488202033479,-2.2541962894464946,-0.0006857308882954882
18,16,-12.0,-11.5,351,61,290,-3.056399695516538,-2.2541962894464946,-0.8022034060700434
18,17,-11.5,-11.0,352,0,352,,-2.2541962894464946,
18,18,-11.0,-10.5,351,0,351,,-2.2541962894464946,
18,19,-10.5,-10.0,351,160,191,-2.555549199740701,-2.2541962894464946,-0.3013529102942063
18,20,-10.0,-9.5,351,144,207,-2.455787786152227,-2.2541962894464946,-0.20159149670573218
18,21,-9.5,-9.0,352,120,232,-2.017962277197841,-2.2541962894464946,0.2362340122486537
18,22,-9.0,-8.5,351,55,296,-2.2122292955146055,-2.2541962894464946,0.041966993931889185
18,23,-8.5,-8.0,351,77,274,-2.2396349965606417,-2.2541962894464946,0.01456129288585295
18,24,-8.0,-7.5,352,165,187,-2.2927473186920264,-2.2541962894464946,-0.038551029245531776
18,25,-7.5,-7.0,351,0,351,,-2.2541962894464946,
18,26,-7.0,-6.5,351,99,252,-3.0959579396057313,-2.2541962894464946,-0.8417616501592367
18,27,-6.5,-6.0,351,0,351,,-2.2541962894464946,
18,28,-6.0,-5.5,352,196,156,-2.369586367416198,-2.2541962894464946,-0.11539007796970324
18,29,-5.5,-5.0,351,0,351,,-2.2541962894464946,
18,30,-5.0,-4.5,351,94,257,-2.9226982133341055,-2.2541962894464946,-0.6685019238876109
18,31,-4.5,-4.0,352,205,147,-2.140923578687672,-2.2541962894464946,0.11327271075882273
18,32,-4.0,-3.5,351,87,264,-3.218621282565952,-2.2541962894464946,-0.9644249931194575
18,33,-3.5,-3.0,351,145,206,-2.080672780961414,-2.2541962894464946,0.17352350848508058
18,34,-3.0,-2.5,351,48,303,-2.6939610108302885,-2.2541962894464946,-0.43976472138379386
18,35,-2.5,-2.0,352,206,146,-2.174644581622437,-2.2541962894464946,0.07955170782405752
18,36,-2.0,-1.5,351,64,287,-2.2413140150428896,-2.2541962894464946,0.01288227440360501
18,37,-1.5,-1.0,351,134,217,-2.044817530277313,-2.2541962894464946,0.2093787591691818
18,38,-1.0,-0.5,352,122,230,-2.2535105585581996,-2.2541962894464946,0.0006857308882950441
18,39,-0.5,0.0,351,137,214,-2.221078330538023,-2.2541962894464946,0.03311795890847158
18,40,0.0,0.5,351,0,351,,-2.2541962894464946,
18,41,0.5,1.0,351,301,50,-2.262806708509665,-2.2541962894464946,-0.008610419063170394
18,42,1.0,1.5,352,31,321,-3.0244918147897213,-2.2541962894464946,-0.7702955253432267
18,43,1.5,2.0,351,91,260,-2.158861102645053,-2.2541962894464946,0.09533518680144182
18,44,2.0,2.5,351,164,187,-2.553298605761591,-2.2541962894464946,-0.2991023163150963
18,45,2.5,3.0,352,27,325,-3.0628490428530557,-2.2541962894464946,-0.8086527534065611
18,46,3.0,3.5,351,225,126,-2.274875388944203,-2.2541962894464946,-0.020679099497708187
18,47,3.5,4.0,351,0,351,,-2.2541962894464946,
18,48,4.0,4.5,351,65,286,-2.522047973019922,-2.2541962894464946,-0.2678516835734275
18,49,4.5,5.0,352,187,165,-2.0849569848722367,-2.2541962894464946,0.16923930457425795
18,50,5.0,5.5,351,0,351,,-2.2541962894464946,
18,51,5.5,6.0,351,278,73,-2.310447108037625,-2.2541962894464946,-0.05625081859113035
18,52,6.0,6.5,352,0,352,,-2.2541962894464946,
18,53,6.5,7.0,351,0,351,,-2.2541962894464946,
18,54,7.0,7.5,351,251,100,-2.3154593687148313,-2.2541962894464946,-0.06126307926833663
18,55,7.5,8.0,351,0,351,,-2.2541962894464946,
18,56,8.0,8.5,352,185,167,-2.4624037259454226,-2.2541962894464946,-0.20820743649892792
18,57,8.5,9.0,351,179,172,-2.721535266307837,-2.2541962894464946,-0.4673389768613423
18,58,9.0,9.5,351,285,66,-2.0939293186684593,-2.2541962894464946,0.1602669707780353
18,59,9.5,10.0,352,350,2,-2.083162047279459,-2.2541962894464946,0.17103424216703544
18,60,10.0,10.5,351,239,112,-2.211289873494987,-2.2541962894464946,0.04290641595150779
18,61,10.5,11.0,351,117,234,-2.4089043675952277,-2.2541962894464946,-0.1547080781487331
18,62,11.0,11.5,351,112,239,-2.8514341183204523,-2.2541962894464946,-0.5972378288739577
18,63,11.5,12.0,352,0,352,,-2.2541962894464946,
18,64,12.0,12.5,351,0,351,,-2.2541962894464946,
18,65,12.5,13.0,351,0,351,,-2.2541962894464946,
18,66,13.0,13.5,352,56,296,-3.255194316943384,-2.2541962894464946,-1.0009980274968893
18,67,13.5,14.0,351,36,315,-3.1303363057181857,-2.2541962894464946,-0.876140016271691
18,68,14.0,14.5,351,5,346,-3.2446591761974597,-2.2541962894464946,-0.990462886750965
18,69,14.5,15.0,351,0,351,,-2.2541962894464946,
18,70,15.0,15.5,352,58,294,-2.895027284257557,-2.2541962894464946,-0.6408309948110622
18,71,15.5,16.0,351,54,297,-3.0934493894567385,-2.2541962894464946,-0.8392531000102439
18,72,16.0,16.5,351,0,351,,-2.2541962894464946,
18,73,16.5,17.0,352,51,301,-2.941506502244209,-2.2541962894464946,-0.6873102127977142
18,74,17.0,17.5,351,0,351,,-2.2541962894464946,
18,75,17.5,18.0,351,35,316,-3.0376075578295323,-2.2541962894464946,-0.7834112683830377
18,76,18.0,18.5,351,22,329,-3.255045413345071,-2.2541962894464946,-1.0008491238985764
18,77,18.5,19.0,352,0,352,,-2.2541962894464946,
18,78,19.0,19.5,351,0,351,,-2.2541962894464946,
18,79,19.5,20.0,351,0,351,,-2.2541962894464946,
19,0,-20.0,-19.5,351,223,128,-2.150564290182555,-2.355241557362987,0.20467726718043178
19,1,-19.5,-19.0,351,46,305,-3.0469964159813934,-2.355241557362987,-0.6917548586184066
19,2,-19.0,-18.5,351,287,64,-2.273460125593764,-2.355241557362987,0.08178143176922292
19,3,-18.5,-18.0,352,8,344,-3.3232688552230023,-2.355241557362987,-0.9680272978600155
19,4,-18.0,-17.5,351,268,83,-2.328149887364116,-2.355241557362987,0.027091669998870582
19,5,-17.5,-17.0,351,0,351,,-2.355241557362987,
19,6,-17.0,-16.5,352,55,297,-3.193798564474739,-2.355241557362987,-0.8385570071117523
19,7,-16.5,-16.0,351,147,204,-2.796126991739258,-2.355241557362987,-0.44088543437627115
19,8,-16.0,-15.5,351,198,153,-2.0999635945811557,-2.355241557362987,0.2552779627818311
19,9,-15.5,-15.0,351,65,286,-2.934663413639257,-2.355241557362987,-0.5794218562762703
19,10,-15.0,-14.5,352,264,88,-2.446284973996809,-2.355241557362987,-0.0910434166338221
19,11,-14.5,-14.0,351,15,336,-3.050359444679741,-2.355241557362987,-0.6951178873167541
19,12,-14.0,-13.5,351,157,194,-2.238411083972655,-2.355241557362987,0.11683047339033159
19,13,-13.5,-13.0,352,83,269,-2.162214023952861,-2.355241557362987,0.19302753341012568
19,14,-13.0,-12.5,351,128,223,-2.2691991094335684,-2.355241557362987,0.0860424479294184
19,15,-12.5,-12.0,351,252,99,-2.539297095349872,-2.355241557362987,-0.18405553798688512
19,16,-12.0,-11.5,351,73,278,-2.1795239766434262,-2.355241557362987,0.17571758071956056
19,17,-11.5,-11.0,352,193,159,-2.3635921918021494,-2.355241557362987,-0.008350634439162619
19,18,-11.0,-10.5,351,93,258,-2.1270896072991192,-2.355241557362987,0.22815195006386757
19,19,-10.5,-10.0,351,58,293,-2.46498573195405,-2.355241557362987,-0.109744174591063
19,20,-10.0,-9.5,352,332,20,-2.1492642445859347,-2.355241557362987,0.2059773127770521
19,21,-9.5,-9.0,351,38,313,-2.4214735481216976,-2.355241557362987,-0.06623199075871078
19,22,-9.0,-8.5,351,181,170,-2.446907545800841,-2.355241557362987,-0.09166598843785412
19,23,-8.5,-8.0,351,157,194,-2.27570793060165,-2.355241557362987,0.07953362676133668
19,24,-8.0,-7.5,352,84,268,-2.639334354915928,-2.355241557362987,-0.28409279755294126
19,25,-7.5,-7.0,351,217,134,-2.21225197958481,-2.355241557362987,0.1429895777781769
19,26,-7.0,-6.5,351,0,351,,-2.355241557362987,
19,27,-6.5,-6.0,352,124,228,-2.3121263001206405,-2.355241557362987,0.04311525724234633
19,28,-6.0,-5.5,351,204,147,-2.3497750768780485,-2.355241557362987,0.005466480484938252
19,29,-5.5,-5.0,351,28,323,-2.968656904254271,-2.355241557362987,-0.6134153468912844
19,30,-5.0,-4.5,351,0,351,,-2.355241557362987,
19,31,-4.5,-4.0,352,207,145,-2.350628018572539,-2.355241557362987,0.004613538790447791
19,32,-4.0,-3.5,351,0,351,,-2.355241557362987,
19,33,-3.5,-3.0,351,119,232,-2.1875370051135197,-2.355241557362987,0.16770455224946712
19,34,-3.0,-2.5,352,175,177,-2.314713235193976,-2.355241557362987,0.0405283221690107
19,35,-2.5,-2.0,351,54,297,-3.3466134066751936,-2.355241557362987,-0.9913718493122068
19,36,-2.0,-1.5,351,138,213,-2.3898964888286027,-2.355241557362987,-0.034654931465615935
19,37,-1.5,-1.0,351,65,286,-2.355241557362987,-2.355241557362987,0.0
19,38,-1.0,-0.5,352,28,324,-3.0988787028266094,-2.355241557362987,-0.7436371454636226
19,39,-0.5,0.0,351,74,277,-3.0503868991260563,-2.355241557362987,-0.6951453417630695
19,40,0.0,0.5,351,116,235,-2.2693281779126857,-2.355241557362987,0.08591337945030109
19,41,0.5,1.0,352,69,283,-2.292266584719871,-2.355241557362987,0.06297497264311591
19,42,1.0,1.5,351,239,112,-2.208262998465879,-2.355241557362987,0.14697855889710798
19,43,1.5,2.0,351,50,301,-2.8647787822745108,-2.355241557362987,-0.509537224911524
19,44,2.0,2.5,351,78,273,-2.2314405947398903,-2.355241557362987,0.12380096262309648
19,45,2.5,3.0,352,127,225,-2.0966068237002986,-2.355241557362987,0.2586347336626882
19,46,3.0,3.5,351,115,236,-2.1944423204463672,-2.355241557362987,0.16079923691661957
19,47,3.5,4.0,351,60,291,-2.33890266209559,-2.355241557362987,0.016338895267396847
19,48,4.0,4.5,352,101,251,-2.2057315449281374,-2.355241557362987,0.1495100124348494
19,49,4.5,5.0,351,103,248,-2.249686708605663,-2.355241557362987,0.10555484875732368
19,50,5.0,5.5,351,191,160,-2.684859881605915,-2.355241557362987,-0.32961832424292803
19,51,5.5,6.0,351,267,84,-2.161233762474783,-2.355241557362987,0.19400779488820374
19,52,6.0,6.5,352,0,352,,-2.355241557362987,
19,53,6.5,7.0,351,201,150,-2.062279317530996,-2.355241557362987,0.2929622398319909
19,54,7.0,7.5,351,35,316,-2.6806452492614627,-2.355241557362987,-0.32540369189847596
19,55,7.5,8.0,352,108,244,-2.9399836708586458,-2.355241557362987,-0.584742113495659
19,56,8.0,8.5,351,337,14,-2.246038797014423,-2.355241557362987,0.10920276034856391
19,57,8.5,9.0,351,65,286,-3.2621332145599684,-2.355241557362987,-0.9068916571969816
19,58,9.0,9.5,351,251,100,-2.429673325481647,-2.355241557362987,-0.07443176811866037
19,59,9.5,10.0,352,325,27,-2.1696348803847116,-2.355241557362987,0.18560667697827515
19,60,10.0,10.5,351,257,94,-2.4166999085176153,-2.355241557362987,-0.0614583511546285
19,61,10.5,11.0,351,109,242,-2.165650780064168,-2.355241557362987,0.189590777298819
19,62,11.0,11.5,352,99,253,-2.4616128566439133,-2.355241557362987,-0.10637129928092648
19,63,11.5,12.0,351,0,351,,-2.355241557362987,
19,64,12.0,12.5,351,0,351,,-2.355241557362987,
19,65,12.5,13.0,351,0,351,,-2.355241557362987,
19,66,13.0,13.5,352,0,352,,-2.355241557362987,
19,67,13.5,14.0,351,0,351,,-2.355241557362987,
19,68,14.0,14.5,351,41,310,-3.5821013569483675,-2.355241557362987,-1.2268597995853807
19,69,14.5,15.0,352,126,226,-3.0939121437920742,-2.355241557362987,-0.7386705864290875
19,70,15.0,15.5,351,0,351,,-2.355241557362987,
19,71,15.5,16.0,351,0,351,,-2.355241557362987,
19,72,16.0,16.5,351,0,351,,-2.355241557362987,
19,73,16.5,17.0,352,65,287,-2.889700829780904,-2.355241557362987,-0.5344592724179171
19,74,17.0,17.5,351,43,308,-2.934792888924781,-2.355241557362987,-0.5795513315617944
19,75,17.5,18.0,351,104,247,-3.051070003999845,-2.355241557362987,-0.6958284466368583
19,76,18.0,18.5,352,0,352,,-2.355241557362987,
19,77,18.5,19.0,351,0,351,,-2.355241557362987,
19,78,19.0,19.5,351,0,351,,-2.355241557362987,
19,79,19.5,20.0,351,0,351,,-2.355241557362987,
20,0,-20.0,-19.5,351,310,41,-2.104402045224898,-2.2599031165056407,0.15550107128074275
20,1,-19.5,-19.0,351,58,293,-2.4860097907912415,-2.2599031165056407,-0.22610667428560083
20,2,-19.0,-18.5,352,266,86,-2.2345205617363413,-2.2599031165056407,0.025382554769299404
20,3,-18.5,-18.0,351,156,195,-2.2725772694075865,-2.2599031165056407,-0.012674152901945845
20,4,-18.0,-17.5,351,274,77,-2.267885511660004,-2.2599031165056407,-0.007982395154363164
20,5,-17.5,-17.0,351,0,351,,-2.2599031165056407,
20,6,-17.0,-16.5,352,240,112,-2.0690743677299452,-2.2599031165056407,0.19082874877569544
20,7,-16.5,-16.0,351,63,288,-3.0002342120711702,-2.2599031165056407,-0.7403310955655296
20,8,-16.0,-15.5,351,207,144,-2.153396705386312,-2.2599031165056407,0.10650641111932879
20,9,-15.5,-15.0,352,102,250,-1.978307446646993,-2.2599031165056407,0.2815956698586477
20,10,-15.0,-14.5,351,0,351,,-2.2599031165056407,
20,11,-14.5,-14.0,351,172,179,-2.10463278534169,-2.2599031165056407,0.15527033116395073
20,12,-14.0,-13.5,351,235,116,-2.079733419108018,-2.2599031165056407,0.18016969739762256
20,13,-13.5,-13.0,352,0,352,,-2.2599031165056407,
20,14,-13.0,-12.5,351,133,218,-2.1176455392617934,-2.2599031165056407,0.14225757724384724
20,15,-12.5,-12.0,351,158,193,-2.043272793806901,-2.2599031165056407,0.2166303226987396
20,16,-12.0,-11.5,352,219,133,-2.116228047352512,-2.2599031165056407,0.14367506915312855
20,17,-11.5,-11.0,351,350,1,-2.0147652609584545,-2.2599031165056407,0.24513785554718615
20,18,-11.0,-10.5,351,118,233,-2.1678562435140973,-2.2599031165056407,0.09204687299154335
20,19,-10.5,-10.0,351,0,351,,-2.2599031165056407,
20,20,-10.0,-9.5,352,0,352,,-2.2599031165056407,
20,21,-9.5,-9.0,351,230,121,-2.148321220365964,-2.2599031165056407,0.11158189613967684
20,22,-9.0,-8.5,351,150,201,-3.036707227262407,-2.2599031165056407,-0.7768041107567663
20,23,-8.5,-8.0,352,110,242,-2.53526803974429,-2.2599031165056407,-0.27536492323864925
20,24,-8.0,-7.5,351,156,195,-2.2577934441802414,-2.2599031165056407,0.00210967232539927
20,25,-7.5,-7.0,351,113,238,-2.281054893144819,-2.2599031165056407,-0.021151776639178443
20,26,-7.0,-6.5,351,148,203,-2.1484188001856563,-2.2599031165056407,0.11148431631998434
20,27,-6.5,-6.0,352,68,284,-2.3035642725769607,-2.2599031165056407,-0.04366115607132004
20,28,-6.0,-5.5,351,210,141,-2.220491693824581,-2.2599031165056407,0.03941142268105979
20,29,-5.5,-5.0,351,0,351,,-2.2599031165056407,
20,30,-5.0,-4.5,352,120,232,-2.2706516141725026,-2.2599031165056407,-0.010748497666861923
20,31,-4.5,-4.0,351,216,135,-2.5534817346591216,-2.2599031165056407,-0.29357861815348096
20,32,-4.0,-3.5,351,0,351,,-2.2599031165056407,
20,33,-3.5,-3.0,351,0,351,,-2.2599031165056407,
20,34,-3.0,-2.5,352,338,14,-2.2899162075799837,-2.2599031165056407,-0.030013091074343023
20,35,-2.5,-2.0,351,10,341,-3.04466290673398,-2.2599031165056407,-0.7847597902283394
20,36,-2.0,-1.5,351,74,277,-3.0426796979611623,-2.2599031165056407,-0.7827765814555216
20,37,-1.5,-1.0,352,110,242,-2.45711786633676,-2.2599031165056407,-0.1972147498311192
20,38,-1.0,-0.5,351,139,212,-2.26201278883104,-2.2599031165056407,-0.00210967232539927
20,39,-0.5,0.0,351,0,351,,-2.2599031165056407,
20,40,0.0,0.5,351,191,160,-2.2267685288577743,-2.2599031165056407,0.033134587647866365
20,41,0.5,1.0,352,78,274,-3.278383085113827,-2.2599031165056407,-1.0184799686081862
20,42,1.0,1.5,351,201,150,-2.175935919151799,-2.2599031165056407,0.08396719735384162
20,43,1.5,2.0,351,42,309,-2.7897641287521604,-2.2599031165056407,-0.5298610122465197
20,44,2.0,2.5,352,10,342,-3.45024492992176,-2.2599031165056407,-1.1903418134161194
20,45,2.5,3.0,351,205,146,-2.1546557954338907,-2.2599031165056407,0.10524732107174994
20,46,3.0,3.5,351,87,264,-3.114048072653513,-2.2599031165056407,-0.8541449561478722
20,47,3.5,4.0,351,200,151,-2.1119496631672625,-2.2599031165056407,0.14795345333837817
20,48,4.0,4.5,352,55,297,-3.0754957477853666,-2.2599031165056407,-0.8155926312797259
20,49,4.5,5.0,351,192,159,-2.309613623040079,-2.2599031165056407,-0.04971050653443809
20,50,5.0,5.5,351,129,222,-3.0820854058868012,-2.2599031165056407,-0.8221822893811606
20,51,5.5,6.0,352,143,209,-2.3021087877638275,-2.2599031165056407,-0.04220567125818686
20,52,6.0,6.5,351,0,351,,-2.2599031165056407,
20,53,6.5,7.0,351,186,165,-2.2416789722741384,-2.2599031165056407,0.018224144231502315
20,54,7.0,7.5,351,0,351,,-2.2599031165056407,
20,55,7.5,8.0,352,41,311,-2.5049609935472934,-2.2599031165056407,-0.24505787704165272
20,56,8.0,8.5,351,197,154,-2.0771675368152995,-2.2599031165056407,0.18273557969034115
20,57,8.5,9.0,351,10,341,-3.556123950060366,-2.2599031165056407,-1.2962208335547252
20,58,9.0,9.5,352,248,104,-2.374137876389316,-2.2599031165056407,-0.11423475988367526
20,59,9.5,10.0,351,296,55,-2.312108624810187,-2.2599031165056407,-0.05220550830454629
20,60,10.0,10.5,351,232,119,-2.301584287099729,-2.2599031165056407,-0.04168117059408827
20,61,10.5,11.0,351,187,164,-2.4032233858896412,-2.2599031165056407,-0.14332026938400055
20,62,11.0,11.5,352,145,207,-1.9570927280951975,-2.2599031165056407,0.30281038841044317
20,63,11.5,12.0,351,98,253,-2.806523179748219,-2.2599031165056407,-0.5466200632425782
20,64,12.0,12.5,351,0,351,,-2.2599031165056407,
20,65,12.5,13.0,352,94,258,-2.8941651028274205,-2.2599031165056407,-0.6342619863217798
20,66,13.0,13.5,351,50,301,-2.990832762496235,-2.2599031165056407,-0.7309296459905945
20,67,13.5,14.0,351,167,184,-2.8225291436659457,-2.2599031165056407,-0.562626027160305
20,68,14.0,14.5,351,212,139,-2.96503046756645,-2.2599031165056407,-0.7051273510608094
20,69,14.5,15.0,352,0,352,,-2.2599031165056407,
20,70,15.0,15.5,351,114,237,-2.949505473089319,-2.2599031165056407,-0.6896023565836784
20,71,15.5,16.0,351,0,351,,-2.2599031165056407,
20,72,16.0,16.5,352,123,229,-2.9454603039061498,-2.2599031165056407,-0.6855571874005091
20,73,16.5,17.0,351,56,295,-3.0280898989515257,-2.2599031165056407,-0.768186782445885
20,74,17.0,17.5,351,0,351,,-2.2599031165056407,
20,75,17.5,18.0,351,58,293,-2.869825173288011,-2.2599031165056407,-0.6099220567823704
20,76,18.0,18.5,352,0,352,,-2.2599031165056407,
20,77,18.5,19.0,351,52,299,-2.973861756704258,-2.2599031165056407,-0.7139586401986171
20,78,19.0,19.5,351,126,225,-3.1088456676103498,-2.2599031165056407,-0.8489425511047091
20,79,19.5,20.0,352,140,212,-3.0190224279449103,-2.2599031165056407,-0.7591193114392696
21,0,-20.0,-19.5,351,170,181,-2.959820195493866,-2.4404102156191563,-0.5194099798747098
21,1,-19.5,-19.0,352,209,143,-2.302052877220628,-2.4404102156191563,0.13835733839852837
21,2,-19.0,-18.5,351,0,351,,-2.4404102156191563,
21,3,-18.5,-18.0,351,0,351,,-2.4404102156191563,
21,4,-18.0,-17.5,351,200,151,-2.4095257387645224,-2.4404102156191563,0.030884476854633913
21,5,-17.5,-17.0,352,69,283,-2.428385370280574,-2.4404102156191563,0.012024845338582058
21,6,-17.0,-16.5,351,0,351,,-2.4404102156191563,
21,7,-16.5,-16.0,351,173,178,-2.4535567196448067,-2.4404102156191563,-0.01314650402565043
21,8,-16.0,-15.5,352,101,251,-2.24889803466273,-2.4404102156191563,0.1915121809564262
21,9,-15.5,-15.0,351,51,300,-3.1996590045154636,-2.4404102156191563,-0.7592487888963073
21,10,-15.0,-14.5,351,115,236,-2.4402568459538134,-2.4404102156191563,0.00015336966534285068
21,11,-14.5,-14.0,351,163,188,-2.440563585284499,-2.4404102156191563,-0.00015336966534285068
21,12,-14.0,-13.5,352,53,299,-2.8389829264051714,-2.4404102156191563,-0.3985727107860151
21,13,-13.5,-13.0,351,152,199,-2.373094042448022,-2.4404102156191563,0.06731617317113425
21,14,-13.0,-12.5,351,147,204,-2.410924226692785,-2.4404102156191563,0.02948598892637122
21,15,-12.5,-12.0,352,71,281,-3.384769576858341,-2.4404102156191563,-0.9443593612391847
21,16,-12.0,-11.5,351,272,79,-2.555183946587582,-2.4404102156191563,-0.1147737309684258
21,17,-11.5,-11.0,351,29,322,-2.935430991894537,-2.4404102156191563,-0.49502077627538066
21,18,-11.0,-10.5,351,175,176,-2.2106030517793287,-2.4404102156191563,0.22980716383982758
21,19,-10.5,-10.0,352,16,336,-2.7666252183072553,-2.4404102156191563,-0.326215002688099
21,20,-10.0,-9.5,351,42,309,-3.144750078806017,-2.4404102156191563,-0.7043398631868607
21,21,-9.5,-9.0,351,0,351,,-2.4404102156191563,
21,22,-9.0,-8.5,352,199,153,-2.2896819603744505,-2.4404102156191563,0.1507282552447058
21,23,-8.5,-8.0,351,0,351,,-2.4404102156191563,
21,24,-8.0,-7.5,351,0,351,,-2.4404102156191563,
21,25,-7.5,-7.0,351,177,174,-2.42280920653475,-2.4404102156191563,0.017601009084406094
21,26,-7.0,-6.5,352,221,131,-2.547417453067726,-2.4404102156191563,-0.10700723744856955
21,27,-6.5,-6.0,351,41,310,-3.200481136630936,-2.4404102156191563,-0.7600709210117795
21,28,-6.0,-5.5,351,0,351,,-2.4404102156191563,
21,29,-5.5,-5.0,352,190,162,-2.3009755240878595,-2.4404102156191563,0.13943469153129673
21,30,-5.0,-4.5,351,160,191,-2.3175828899764497,-2.4404102156191563,0.1228273256427066
21,31,-4.5,-4.0,351,144,207,-2.3995448110945112,-2.4404102156191563,0.040865404524645044
21,32,-4.0,-3.5,351,73,278,-2.295092836537245,-2.4404102156191563,0.1453173790819111
21,33,-3.5,-3.0,352,143,209,-2.1006604253846164,-2.4404102156191563,0.3397497902345399
21,34,-3.0,-2.5,351,116,235,-2.4520086910792314,-2.4404102156191563,-0.011598475460075086
21,35,-2.5,-2.0,351,158,193,-2.5673059585271374,-2.4404102156191563,-0.1268957429079811
21,36,-2.0,-1.5,352,51,301,-3.1500417422100955,-2.4404102156191563,-0.7096315265909392
21,37,-1.5,-1.0,351,280,71,-2.2452169751401003,-2.4404102156191563,0.19519324047905595
21,38,-1.0,-0.5,351,0,351,,-2.4404102156191563,
21,39,-0.5,0.0,351,0,351,,-2.4404102156191563,
21,40,0.0,0.5,352,111,241,-2.2866316949769194,-2.4404102156191563,0.15377852064223685
21,41,0.5,1.0,351,138,213,-2.6854330794868333,-2.4404102156191563,-0.24502286386767702
21,42,1.0,1.5,351,2,349,-3.249391857258522,-2.4404102156191563,-0.8089816416393658
21,43,1.5,2.0,352,223,129,-2.169663474063662,-2.4404102156191563,0.2707467415554943
21,44,2.0,2.5,351,42,309,-3.0591944791327057,-2.4404102156191563,-0.6187842635135494
21,45,2.5,3.0,351,191,160,-2.343146691956676,-2.4404102156191563,0.09726352366248037
21,46,3.0,3.5,351,206,145,-2.040998038715722,-2.4404102156191563,0.39941217690343445
21,47,3.5,4.0,352,0,352,,-2.4404102156191563,
21,48,4.0,4.5,351,0,351,,-2.4404102156191563,
21,49,4.5,5.0,351,199,152,-2.3172021062510746,-2.4404102156191563,0.12320810936808169
21,50,5.0,5.5,352,17,335,-2.960129137262457,-2.4404102156191563,-0.5197189216433009
21,51,5.5,6.0,351,50,301,-2.987182705389416,-2.4404102156191563,-0.5467724897702597
21,52,6.0,6.5,351,96,255,-2.3838202578209655,-2.4404102156191563,0.05658995779819076
21,53,6.5,7.0,351,0,351,,-2.4404102156191563,
21,54,7.0,7.5,352,0,352,,-2.4404102156191563,
21,55,7.5,8.0,351,89,262,-3.074000224154279,-2.4404102156191563,-0.6335900085351227
21,56,8.0,8.5,351,0,351,,-2.4404102156191563,
21,57,8.5,9.0,352,57,295,-3.1463002126185593,-2.4404102156191563,-0.705889996999403
21,58,9.0,9.5,351,262,89,-1.9883956625290338,-2.4404102156191563,0.4520145530901225
21,59,9.5,10.0,351,351,0,-1.978125492046635,-2.4404102156191563,0.46228472357252137
21,60,10.0,10.5,351,350,1,-1.6322316325402246,-2.4404102156191563,0.8081785830789316
21,61,10.5,11.0,352,350,2,-1.8126937416922717,-2.4404102156191563,0.6277164739268846
21,62,11.0,11.5,351,149,202,-2.3738235006523554,-2.4404102156191563,0.06658671496680091
21,63,11.5,12.0,351,139,212,-2.5944925296253634,-2.4404102156191563,-0.1540823140062071
21,64,12.0,12.5,352,0,352,,-2.4404102156191563,
21,65,12.5,13.0,351,0,351,,-2.4404102156191563,
21,66,13.0,13.5,351,0,351,,-2.4404102156191563,
21,67,13.5,14.0,351,0,351,,-2.4404102156191563,
21,68,14.0,14.5,352,0,352,,-2.4404102156191563,
21,69,14.5,15.0,351,0,351,,-2.4404102156191563,
21,70,15.0,15.5,351,0,351,,-2.4404102156191563,
21,71,15.5,16.0,352,93,259,-3.0552876346973403,-2.4404102156191563,-0.614877419078184
21,72,16.0,16.5,351,71,280,-3.520706147209016,-2.4404102156191563,-1.08029593158986
21,73,16.5,17.0,351,57,294,-3.0202455009293327,-2.4404102156191563,-0.5798352853101765
21,74,17.0,17.5,351,0,351,,-2.4404102156191563,
21,75,17.5,18.0,352,43,309,-3.011908473633721,-2.4404102156191563,-0.5714982580145649
21,76,18.0,18.5,351,0,351,,-2.4404102156191563,
21,77,18.5,19.0,351,30,321,-3.1004176436323485,-2.4404102156191563,-0.6600074280131922
21,78,19.0,19.5,352,105,247,-3.0746347874221445,-2.4404102156191563,-0.6342245718029882
21,79,19.5,20.0,351,21,330,-2.7260583376400014,-2.4404102156191563,-0.2856481220208451
22,0,-20.0,-19.5,351,227,124,-2.5244908845453677,-2.2733680010156814,-0.25112288352968637
22,1,-19.5,-19.0,351,172,179,-2.3308728199463786,-2.2733680010156814,-0.057504818930697255
22,2,-19.0,-18.5,352,197,155,-2.291812768287555,-2.2733680010156814,-0.01844476727187372
22,3,-18.5,-18.0,351,143,208,-2.802417840056113,-2.2733680010156814,-0.5290498390404315
22,4,-18.0,-17.5,351,190,161,-2.0891714981567753,-2.2733680010156814,0.1841965028589061
22,5,-17.5,-17.0,351,0,351,,-2.2733680010156814,
22,6,-17.0,-16.5,352,241,111,-2.2602127510684586,-2.2733680010156814,0.013155249947222725
22,7,-16.5,-16.0,351,32,319,-2.6332270195024705,-2.2733680010156814,-0.35985901848678914
22,8,-16.0,-15.5,351,185,166,-2.2369835745139492,-2.2733680010156814,0.036384426501732126
22,9,-15.5,-15.0,352,171,181,-2.1589028233721446,-2.2733680010156814,0.11446517764353681
22,10,-15.0,-14.5,351,62,289,-2.7692892596588266,-2.2733680010156814,-0.4959212586431452
22,11,-14.5,-14.0,351,213,138,-2.278811982594369,-2.2733680010156814,-0.005443981578687751
22,12,-14.0,-13.5,351,51,300,-2.4639154433726134,-2.2733680010156814,-0.190547442356932
22,13,-13.5,-13.0,352,173,179,-2.1709662436860633,-2.2733680010156814,0.10240175732961809
22,14,-13.0,-12.5,351,47,304,-3.074284494338093,-2.2733680010156814,-0.8009164933224118
22,15,-12.5,-12.0,351,245,106,-2.123982787165925,-2.2733680010156814,0.14938521384975623
22,16,-12.0,-11.5,352,62,290,-2.267924019436994,-2.2733680010156814,0.005443981578687307
22,17,-11.5,-11.0,351,239,112,-2.1277903866760726,-2.2733680010156814,0.1455776143396088
22,18,-11.0,-10.5,351,0,351,,-2.2733680010156814,
22,19,-10.5,-10.0,351,216,135,-2.2034085798223217,-2.2733680010156814,0.06995942119335963
22,20,-10.0,-9.5,352,0,352,,-2.2733680010156814,
22,21,-9.5,-9.0,351,243,108,-2.318325687548446,-2.2733680010156814,-0.04495768653276455
22,22,-9.0,-8.5,351,0,351,,-2.2733680010156814,
22,23,-8.5,-8.0,352,70,282,-2.2526778784725106,-2.2733680010156814,0.02069012254317082
22,24,-8.0,-7.5,351,77,274,-2.088936323676276,-2.2733680010156814,0.18443167733940546
22,25,-7.5,-7.0,351,193,158,-2.1498361391278995,-2.2733680010156814,0.12353186188778187
22,26,-7.0,-6.5,351,39,312,-2.7369277055943946,-2.2733680010156814,-0.4635597045787132
22,27,-6.5,-6.0,352,244,108,-2.197997492591945,-2.2733680010156814,0.07537050842373638
22,28,-6.0,-5.5,351,99,252,-2.853344996611545,-2.2733680010156814,-0.5799769955958638
22,29,-5.5,-5.0,351,190,161,-2.1936733862257016,-2.2733680010156814,0.07969461478997975
22,30,-5.0,-4.5,352,110,242,-3.1486615053458897,-2.2733680010156814,-0.8752935043302084
22,31,-4.5,-4.0,351,228,123,-2.0910439399335377,-2.2733680010156814,0.18232406108214372
22,32,-4.0,-3.5,351,63,288,-3.0122744946866313,-2.2733680010156814,-0.73890649367095
22,33,-3.5,-3.0,351,257,94,-2.3893830121129853,-2.2733680010156814,-0.11601501109730394
22,34,-3.0,-2.5,352,48,304,-3.217673670999663,-2.2733680010156814,-0.9443056699839816
22,35,-2.5,-2.0,351,204,147,-2.2116454175292173,-2.2733680010156814,0.06172258348646409
22,36,-2.0,-1.5,351,0,351,,-2.2733680010156814,
22,37,-1.5,-1.0,352,216,136,-2.2194203145138776,-2.2733680010156814,0.053947686501803815
22,38,-1.0,-0.5,351,139,212,-2.316907593942297,-2.2733680010156814,-0.0435395929266158
22,39,-0.5,0.0,351,144,207,-2.3064302623494806,-2.2733680010156814,-0.03306226133379919
22,40,0.0,0.5,351,209,142,-2.4462901678985656,-2.2733680010156814,-0.1729221668828842
22,41,0.5,1.0,352,149,203,-2.259039728985038,-2.2733680010156814,0.014328272030643241
22,42,1.0,1.5,351,109,242,-2.1670038356895183,-2.2733680010156814,0.10636416532616311
22,43,1.5,2.0,351,132,219,-2.1677630172907154,-2.2733680010156814,0.10560498372496596
22,44,2.0,2.5,352,150,202,-2.0889591330915342,-2.2733680010156814,0.18440886792414712
22,45,2.5,3.0,351,53,298,-2.4887905031594153,-2.2733680010156814,-0.21542250214373393
22,46,3.0,3.5,351,0,351,,-2.2733680010156814,
22,47,3.5,4.0,351,119,232,-2.1699583561984843,-2.2733680010156814,0.10340964481719706
22,48,4.0,4.5,352,105,247,-2.6629694774187227,-2.2733680010156814,-0.3896014764030413
22,49,4.5,5.0,351,13,338,-3.3783942216185325,-2.2733680010156814,-1.1050262206028512
22,50,5.0,5.5,351,192,159,-2.53828347803124,-2.2733680010156814,-0.26491547701555884
22,51,5.5,6.0,352,0,352,,-2.2733680010156814,
22,52,6.0,6.5,351,187,164,-2.2661433742621355,-2.2733680010156814,0.007224626753545849
22,53,6.5,7.0,351,0,351,,-2.2733680010156814,
22,54,7.0,7.5,351,184,167,-2.3341707313227635,-2.2733680010156814,-0.060802730307082165
22,55,7.5,8.0,352,166,186,-2.2161986290557394,-2.2733680010156814,0.057169371959941984
22,56,8.0,8.5,351,73,278,-2.672876199991528,-2.2733680010156814,-0.39950819897584644
22,57,8.5,9.0,351,122,229,-2.3011448122812936,-2.2733680010156814,-0.027776811265612267
22,58,9.0,9.5,352,201,151,-2.0669642580832552,-2.2733680010156814,0.20640374293242614
22,59,9.5,10.0,351,349,2,-1.883931267981785,-2.2733680010156814,0.38943673303389637
22,60,10.0,10.5,351,351,0,-1.5990659985153153,-2.2733680010156814,0.6743020025003661
22,61,10.5,11.0,351,351,0,-1.7391649928721857,-2.2733680010156814,0.5342030081434956
22,62,11.0,11.5,352,349,3,-1.980607067130641,-2.2733680010156814,0.2927609338850403
22,63,11.5,12.0,351,214,137,-2.536564698701502,-2.2733680010156814,-0.26319669768582044
22,64,12.0,12.5,351,64,287,-3.1658974864522764,-2.2733680010156814,-0.892529485436595
22,65,12.5,13.0,352,0,352,,-2.2733680010156814,
22,66,13.0,13.5,351,0,351,,-2.2733680010156814,
22,67,13.5,14.0,351,0,351,,-2.2733680010156814,
22,68,14.0,14.5,351,0,351,,-2.2733680010156814,
22,69,14.5,15.0,352,0,352,,-2.2733680010156814,
22,70,15.0,15.5,351,0,351,,-2.2733680010156814,
22,71,15.5,16.0,351,51,300,-3.0893989673610305,-2.2733680010156814,-0.8160309663453491
22,72,16.0,16.5,352,55,297,-3.072871949734708,-2.2733680010156814,-0.7995039487190265
22,73,16.5,17.0,351,0,351,,-2.2733680010156814,
22,74,17.0,17.5,351,0,351,,-2.2733680010156814,
22,75,17.5,18.0,351,0,351,,-2.2733680010156814,
22,76,18.0,18.5,352,90,262,-2.9717373920495698,-2.2733680010156814,-0.6983693910338884
22,77,18.5,19.0,351,0,351,,-2.2733680010156814,
22,78,19.0,19.5,351,67,284,-2.916062435429538,-2.2733680010156814,-0.6426944344138565
22,79,19.5,20.0,352,0,352,,-2.2733680010156814,
23,0,-20.0,-19.5,351,0,351,,-2.435300319347197,
23,1,-19.5,-19.0,352,318,34,-2.4744805572575403,-2.435300319347197,-0.03918023791034342
23,2,-19.0,-18.5,351,42,309,-2.956108321352237,-2.435300319347197,-0.5208080020050398
23,3,-18.5,-18.0,351,302,49,-2.4555563842070507,-2.435300319347197,-0.020256064859853762
23,4,-18.0,-17.5,351,0,351,,-2.435300319347197,
23,5,-17.5,-17.0,352,195,157,-2.326023999760826,-2.435300319347197,0.10927631958637107
23,6,-17.0,-16.5,351,13,338,-3.0701790705802012,-2.435300319347197,-0.6348787512330043
23,7,-16.5,-16.0,351,271,80,-2.470292792793654,-2.435300319347197,-0.03499247344645706
23,8,-16.0,-15.5,352,146,206,-2.7277699206474653,-2.435300319347197,-0.29246960130026833
23,9,-15.5,-15.0,351,149,202,-2.280428322237654,-2.435300319347197,0.1548719971095429
23,10,-15.0,-14.5,351,176,175,-2.264845288866755,-2.435300319347197,0.17045503048044175
23,11,-14.5,-14.0,351,19,332,-2.735143896353135,-2.435300319347197,-0.2998435770059382
23,12,-14.0,-13.5,352,193,159,-2.456434103303584,-2.435300319347197,-0.02113378395638721
23,13,-13.5,-13.0,351,129,222,-2.7207171517797986,-2.435300319347197,-0.28541683243260163
23,14,-13.0,-12.5,351,0,351,,-2.435300319347197,
23,15,-12.5,-12.0,352,164,188,-2.330255135115075,-2.435300319347197,0.10504518423212206
23,16,-12.0,-11.5,351,62,289,-2.951347944509226,-2.435300319347197,-0.5160476251620292
23,17,-11.5,-11.0,351,255,96,-2.195032179183795,-2.435300319347197,0.24026814016340214
23,18,-11.0,-10.5,351,0,351,,-2.435300319347197,
23,19,-10.5,-10.0,352,273,79,-2.5612433513940984,-2.435300319347197,-0.1259430320469015
23,20,-10.0,-9.5,351,0,351,,-2.435300319347197,
23,21,-9.5,-9.0,351,303,48,-2.2383250022717807,-2.435300319347197,0.19697531707541627
23,22,-9.0,-8.5,352,62,290,-2.399075522239168,-2.435300319347197,0.03622479710802873
23,23,-8.5,-8.0,351,238,113,-2.2894270011215183,-2.435300319347197,0.14587331822567862
23,24,-8.0,-7.5,351,100,251,-2.6892707190739475,-2.435300319347197,-0.2539703997267506
23,25,-7.5,-7.0,351,218,133,-2.5238893681982884,-2.435300319347197,-0.08858904885109142
23,26,-7.0,-6.5,352,206,146,-2.2792664529897553,-2.435300319347197,0.15603386635744165
23,27,-6.5,-6.0,351,119,232,-2.233709484220793,-2.435300319347197,0.20159083512640397
23,28,-6.0,-5.5,351,0,351,,-2.435300319347197,
23,29,-5.5,-5.0,352,154,198,-2.414683962558835,-2.435300319347197,0.020616356788361934
23,30,-5.0,-4.5,351,49,302,-2.778979928974248,-2.435300319347197,-0.3436796096270509
23,31,-4.5,-4.0,351,0,351,,-2.435300319347197,
23,32,-4.0,-3.5,351,215,136,-2.435300319347197,-2.435300319347197,0.0
23,33,-3.5,-3.0,352,73,279,-2.2795648736746834,-2.435300319347197,0.15573544567251352
23,34,-3.0,-2.5,351,125,226,-2.393690990802968,-2.435300319347197,0.04160932854422894
23,35,-2.5,-2.0,351,237,114,-2.4550105258942856,-2.435300319347197,-0.01971020654708866
23,36,-2.0,-1.5,352,123,229,-2.507209993824109,-2.435300319347197,-0.07190967447691188
23,37,-1.5,-1.0,351,205,146,-2.431396023221302,-2.435300319347197,0.003904296125894824
23,38,-1.0,-0.5,351,128,223,-2.461432439815022,-2.435300319347197,-0.026132120467825093
23,39,-0.5,0.0,351,123,228,-2.7691473380232523,-2.435300319347197,-0.3338470186760554
23,40,0.0,0.5,352,173,179,-2.2787372343623593,-2.435300319347197,0.15656308498483762
23,41,0.5,1.0,351,177,174,-2.2238426724735088,-2.435300319347197,0.21145764687368818
23,42,1.0,1.5,351,146,205,-2.5792103958729298,-2.435300319347197,-0.14391007652573284
23,43,1.5,2.0,352,194,158,-2.193976618203462,-2.435300319347197,0.24132370114373503
23,44,2.0,2.5,351,108,243,-2.8943912819004796,-2.435300319347197,-0.45909096255328263
23,45,2.5,3.0,351,175,176,-2.2236415629029014,-2.435300319347197,0.21165875644429555
23,46,3.0,3.5,351,79,272,-2.720273843871835,-2.435300319347197,-0.28497352452463787
23,47,3.5,4.0,352,172,180,-2.447081593479773,-2.435300319347197,-0.011781274132576236
23,48,4.0,4.5,351,50,301,-3.125921362065398,-2.435300319347197,-0.6906210427182011
23,49,4.5,5.0,351,182,169,-2.3022857590725923,-2.435300319347197,0.13301456027460468
23,50,5.0,5.5,352,49,303,-3.091633135598651,-2.435300319347197,-0.6563328162514539
23,51,5.5,6.0,351,200,151,-2.5930294620447505,-2.435300319347197,-0.15772914269755356
23,52,6.0,6.5,351,62,289,-3.0524259392177653,-2.435300319347197,-0.6171256198705684
23,53,6.5,7.0,351,232,119,-2.7845931650500653,-2.435300319347197,-0.34929284570286834
23,54,7.0,7.5,352,15,337,-3.3789332316801546,-2.435300319347197,-0.9436329123329577
23,55,7.5,8.0,351,86,265,-2.4049320689327156,-2.435300319347197,0.030368250414481324
23,56,8.0,8.5,351,92,259,-3.13510173100861,-2.435300319347197,-0.6998014116614129
23,57,8.5,9.0,352,122,230,-2.870117862799071,-2.435300319347197,-0.43481754345187396
23,58,9.0,9.5,351,269,82,-2.3899008972919167,-2.435300319347197,0.04539942205528025
23,59,9.5,10.0,351,299,52,-2.3675693927381647,-2.435300319347197,0.06773092660903224
23,60,10.0,10.5,351,281,70,-2.5393672664404696,-2.435300319347197,-0.10406694709327269
23,61,10.5,11.0,352,244,108,-2.666675150420724,-2.435300319347197,-0.23137483107352708
23,62,11.0,11.5,351,166,185,-2.5870868878767785,-2.435300319347197,-0.1517865685295816
23,63,11.5,12.0,351,106,245,-2.664205765352674,-2.435300319347197,-0.22890544600547713
23,64,12.0,12.5,352,47,305,-2.432796007967441,-2.435300319347197,0.002504311379755819
23,65,12.5,13.0,351,41,310,-3.024011175198447,-2.435300319347197,-0.5887108558512502
23,66,13.0,13.5,351,0,351,,-2.435300319347197,
23,67,13.5,14.0,351,0,351,,-2.435300319347197,
23,68,14.0,14.5,352,45,307,-3.057764717169116,-2.435300319347197,-0.6224643978219189
23,69,14.5,15.0,351,50,301,-2.80371617729137,-2.435300319347197,-0.3684158579441732
23,70,15.0,15.5,351,46,305,-2.9623385303828815,-2.435300319347197,-0.5270382110356846
23,71,15.5,16.0,352,95,257,-3.132515503613089,-2.435300319347197,-0.6972151842658922
23,72,16.0,16.5,351,0,351,,-2.435300319347197,
23,73,16.5,17.0,351,0,351,,-2.435300319347197,
23,74,17.0,17.5,351,0,351,,-2.435300319347197,
23,75,17.5,18.0,352,49,303,-2.8463784040971984,-2.435300319347197,-0.4110780847500015
23,76,18.0,18.5,351,0,351,,-2.435300319347197,
23,77,18.5,19.0,351,0,351,,-2.435300319347197,
23,78,19.0,19.5,352,140,212,-3.19705053883985,-2.435300319347197,-0.7617502194926531
23,79,19.5,20.0,351,66,285,-3.1813106943303406,-2.435300319347197,-0.7460103749831437
24,0,-20.0,-19.5,352,150,202,-2.608281938631495,-2.3714149161703646,-0.23686702246113045
24,1,-19.5,-19.0,351,0,351,,-2.3714149161703646,
24,2,-19.0,-18.5,351,157,194,-2.3602240927900304,-2.3714149161703646,0.01119082338033417
24,3,-18.5,-18.0,352,147,205,-2.3155440687538524,-2.3714149161703646,0.05587084741651216
24,4,-18.0,-17.5,351,29,322,-3.202309089584252,-2.3714149161703646,-0.8308941734138875
24,5,-17.5,-17.0,351,165,186,-2.440540591732885,-2.3714149161703646,-0.06912567556252025
24,6,-17.0,-16.5,351,22,329,-2.6727817083148553,-2.3714149161703646,-0.3013667921444907
24,7,-16.5,-16.0,352,177,175,-2.160511871366487,-2.3714149161703646,0.21090304480387756
24,8,-16.0,-15.5,351,44,307,-2.4367152522002797,-2.3714149161703646,-0.06530033602991514
24,9,-15.5,-15.0,351,140,211,-2.1547328847390004,-2.3714149161703646,0.21668203143136422
24,10,-15.0,-14.5,352,108,244,-2.2625805030435604,-2.3714149161703646,0.1088344131268042
24,11,-14.5,-14.0,351,77,274,-2.2698249887545154,-2.3714149161703646,0.10158992741584916
24,12,-14.0,-13.5,351,124,227,-2.3721101350933145,-2.3714149161703646,-0.0006952189229498806
24,13,-13.5,-13.0,351,102,249,-2.2348758059669764,-2.3714149161703646,0.13653911020338816
24,14,-13.0,-12.5,352,98,254,-2.3148841707239556,-2.3714149161703646,0.056530745446409014
24,15,-12.5,-12.0,351,142,209,-2.3434222787139234,-2.3714149161703646,0.027992637456441205
24,16,-12.0,-11.5,351,144,207,-2.3500477568772813,-2.3714149161703646,0.021367159293083304
24,17,-11.5,-11.0,352,1,351,-1.785370595643419,-2.3714149161703646,0.5860443205269457
24,18,-11.0,-10.5,351,53,298,-2.498753632003885,-2.3714149161703646,-0.1273387158335204
24,19,-10.5,-10.0,351,184,167,-2.925359177013995,-2.3714149161703646,-0.5539442608436302
24,20,-10.0,-9.5,351,227,124,-2.4546082386716095,-2.3714149161703646,-0.08319332250124489
24,21,-9.5,-9.0,352,53,299,-2.9159014886913055,-2.3714149161703646,-0.5444865725209409
24,22,-9.0,-8.5,351,129,222,-2.3451238717508582,-2.3714149161703646,0.02629104441950636
24,23,-8.5,-8.0,351,60,291,-2.4567888009930776,-2.3714149161703646,-0.08537388482271302
24,24,-8.0,-7.5,352,73,279,-2.359212214657495,-2.3714149161703646,0.012202701512869396
24,25,-7.5,-7.0,351,107,244,-2.3707196972474147,-2.3714149161703646,0.0006952189229498806
24,26,-7.0,-6.5,351,220,131,-2.629652325691116,-2.3714149161703646,-0.25823740952075136
24,27,-6.5,-6.0,351,26,325,-2.6961517250235616,-2.3714149161703646,-0.324736808853197
24,28,-6.0,-5.5,352,197,155,-2.4999422511216043,-2.3714149161703646,-0.1285273349512397
24,29,-5.5,-5.0,351,41,310,-2.6093653331596682,-2.3714149161703646,-0.23795041698930364
24,30,-5.0,-4.5,351,167,184,-2.524221988857062,-2.3714149161703646,-0.15280707268669724
24,31,-4.5,-4.0,352,124,228,-2.311262928328194,-2.3714149161703646,0.06015198784217057
24,32,-4.0,-3.5,351,0,351,,-2.3714149161703646,
24,33,-3.5,-3.0,351,171,180,-2.449002202293497,-2.3714149161703646,-0.07758728612313259
24,34,-3.0,-2.5,351,0,351,,-2.3714149161703646,
24,35,-2.5,-2.0,352,290,62,-2.359526730066909,-2.3714149161703646,0.011888186103455656
24,36,-2.0,-1.5,351,43,308,-2.4014910137044474,-2.3714149161703646,-0.030076097534082802
24,37,-1.5,-1.0,351,145,206,-2.5141274283608164,-2.3714149161703646,-0.14271251219045178
24,38,-1.0,-0.5,352,130,222,-2.1369581663298396,-2.3714149161703646,0.234456749840525
24,39,-0.5,0.0,351,82,269,-2.0409613546059955,-2.3714149161703646,0.3304535615643691
24,40,0.0,0.5,351,68,283,-2.277087222357756,-2.3714149161703646,0.09432769381260853
24,41,0.5,1.0,351,88,263,-2.2135263601215707,-2.3714149161703646,0.15788855604879393
24,42,1.0,1.5,352,132,220,-2.3827679193431655,-2.3714149161703646,-0.011353003172800857
24,43,1.5,2.0,351,53,298,-3.418973979326885,-2.3714149161703646,-1.0475590631565206
24,44,2.0,2.5,351,60,291,-2.3972892031992803,-2.3714149161703646,-0.0258742870289157
24,45,2.5,3.0,352,117,235,-2.2418982294316128,-2.3714149161703646,0.12951668673875183
24,46,3.0,3.5,351,154,197,-2.4648521845015945,-2.3714149161703646,-0.0934372683312299
24,47,3.5,4.0,351,4,347,-3.9818577583076227,-2.3714149161703646,-1.610442842137258
24,48,4.0,4.5,351,155,196,-2.458219845983398,-2.3714149161703646,-0.08680492981303356
24,49,4.5,5.0,352,51,301,-2.4209519483588173,-2.3714149161703646,-0.049537032188452734
24,50,5.0,5.5,351,75,276,-2.1464404500410965,-2.3714149161703646,0.22497446612926808
24,51,5.5,6.0,351,133,218,-2.2812624137444693,-2.3714149161703646,0.09015250242589534
24,52,6.0,6.5,352,75,277,-3.253604722559034,-2.3714149161703646,-0.8821898063886695
24,53,6.5,7.0,351,141,210,-2.2991184712061563,-2.3714149161703646,0.07229644496420828
24,54,7.0,7.5,351,0,351,,-2.3714149161703646,
24,55,7.5,8.0,351,214,137,-2.449158404537272,-2.3714149161703646,-0.07774348836690725
24,56,8.0,8.5,352,74,278,-2.344441098823512,-2.3714149161703646,0.02697381734685278
24,57,8.5,9.0,351,77,274,-2.2364192676986234,-2.3714149161703646,0.13499564847174117
24,58,9.0,9.5,351,252,99,-2.7000793654492234,-2.3714149161703646,-0.32866444927885885
24,59,9.5,10.0,352,291,61,-2.0405656716298295,-2.3714149161703646,0.3308492445405351
24,60,10.0,10.5,351,278,73,-2.3906045759873478,-2.3714149161703646,-0.019189659816983173
24,61,10.5,11.0,351,238,113,-2.444999931112135,-2.3714149161703646,-0.0735850149417705
24,62,11.0,11.5,351,21,330,-2.858032793932155,-2.3714149161703646,-0.4866178777617902
24,63,11.5,12.0,352,241,111,-2.7970025389211117,-2.3714149161703646,-0.42558762275074713
24,64,12.0,12.5,351,107,244,-2.4738729032381093,-2.3714149161703646,-0.10245798706774467
24,65,12.5,13.0,351,0,351,,-2.3714149161703646,
24,66,13.0,13.5,352,0,352,,-2.3714149161703646,
24,67,13.5,14.0,351,0,351,,-2.3714149161703646,
24,68,14.0,14.5,351,41,310,-3.2045203406223464,-2.3714149161703646,-0.8331054244519818
24,69,14.5,15.0,351,91,260,-3.0568014755005812,-2.3714149161703646,-0.6853865593302166
24,70,15.0,15.5,352,0,352,,-2.3714149161703646,
24,71,15.5,16.0,351,0,351,,-2.3714149161703646,
24,72,16.0,16.5,351,0,351,,-2.3714149161703646,
24,73,16.5,17.0,352,101,251,-3.1306479408616563,-2.3714149161703646,-0.7592330246912917
24,74,17.0,17.5,351,0,351,,-2.3714149161703646,
24,75,17.5,18.0,351,88,263,-3.2795495816718008,-2.3714149161703646,-0.9081346655014362
24,76,18.0,18.5,351,63,288,-3.146285812044292,-2.3714149161703646,-0.7748708958739274
24,77,18.5,19.0,352,0,352,,-2.3714149161703646,
24,78,19.0,19.5,351,0,351,,-2.3714149161703646,
24,79,19.5,20.0,351,0,351,,-2.3714149161703646,
25,0,-20.0,-19.5,351,190,161,-2.3409753607092156,-2.406562621371549,0.06558726066233334
25,1,-19.5,-19.0,351,26,325,-3.0758105977719743,-2.406562621371549,-0.6692479764004253
25,2,-19.0,-18.5,352,249,103,-2.720393195956908,-2.406562621371549,-0.3138305745853591
25,3,-18.5,-18.0,351,55,296,-3.2181468357972416,-2.406562621371549,-0.8115842144256926
25,4,-18.0,-17.5,351,170,181,-2.3184660561266877,-2.406562621371549,0.08809656524486131
25,5,-17.5,-17.0,351,166,185,-2.4391499483427515,-2.406562621371549,-0.03258732697120248
25,6,-17.0,-16.5,352,143,209,-2.539348998183286,-2.406562621371549,-0.13278637681173722
25,7,-16.5,-16.0,351,197,154,-2.3650396107910323,-2.406562621371549,0.04152301058051666
25,8,-16.0,-15.5,351,37,314,-2.443815495437359,-2.406562621371549,-0.037252874065810015
25,9,-15.5,-15.0,352,159,193,-2.333327777110058,-2.406562621371549,0.07323484426149118
25,10,-15.0,-14.5,351,135,216,-2.207194068530761,-2.406562621371549,0.19936855284078803
25,11,-14.5,-14.0,351,288,63,-2.385311676371884,-2.406562621371549,0.021250944999664956
25,12,-14.0,-13.5,351,123,228,-2.4123914960778214,-2.406562621371549,-0.005828874706272469
25,13,-13.5,-13.0,352,190,162,-2.324898707182643,-2.406562621371549,0.08166391418890617
25,14,-13.0,-12.5,351,100,251,-2.6681568374155407,-2.406562621371549,-0.2615942160439917
25,15,-12.5,-12.0,351,215,136,-2.1568724198794955,-2.406562621371549,0.24969020149205345
25,16,-12.0,-11.5,352,148,204,-2.400733746665277,-2.406562621371549,0.005828874706272025
25,17,-11.5,-11.0,351,108,243,-2.30120189441804,-2.406562621371549,0.10536072695350907
25,18,-11.0,-10.5,351,170,181,-2.4280059010785333,-2.406562621371549,-0.02144327970698434
25,19,-10.5,-10.0,351,267,84,-2.4922475316269166,-2.406562621371549,-0.08568491025536762
25,20,-10.0,-9.5,352,92,260,-2.398443670328108,-2.406562621371549,0.008118951043440958
25,21,-9.5,-9.0,351,181,170,-2.2181160992025077,-2.406562621371549,0.18844652216904123
25,22,-9.0,-8.5,351,137,214,-2.8320087985262887,-2.406562621371549,-0.42544617715473976
25,23,-8.5,-8.0,352,199,153,-2.4249327982694284,-2.406562621371549,-0.018370176897879453
25,24,-8.0,-7.5,351,90,261,-2.720302170035934,-2.406562621371549,-0.313739548664385
25,25,-7.5,-7.0,351,162,189,-2.235403069712877,-2.406562621371549,0.17115955165867192
25,26,-7.0,-6.5,351,125,226,-2.509166547561042,-2.406562621371549,-0.10260392618949288
25,27,-6.5,-6.0,352,348,4,-2.290661572015508,-2.406562621371549,0.11590104935604106
25,28,-6.0,-5.5,351,0,351,,-2.406562621371549,
25,29,-5.5,-5.0,351,45,306,-2.639101517400461,-2.406562621371549,-0.23253889602891187
25,30,-5.0,-4.5,352,164,188,-2.2302588599651605,-2.406562621371549,0.17630376140638848
25,31,-4.5,-4.0,351,225,126,-2.5148351922715206,-2.406562621371549,-0.10827257089997167
25,32,-4.0,-3.5,351,85,266,-2.6055716973221323,-2.406562621371549,-0.19900907595058337
25,33,-3.5,-3.0,351,85,266,-2.2588820443187423,-2.406562621371549,0.14768057705280668
25,34,-3.0,-2.5,352,145,207,-2.2640512638856474,-2.406562621371549,0.1425113574859016
25,35,-2.5,-2.0,351,10,341,-2.9268228407968784,-2.406562621371549,-0.5202602194253294
25,36,-2.0,-1.5,351,288,63,-2.451282164744029,-2.406562621371549,-0.044719543372480075
25,37,-1.5,-1.0,352,65,287,-2.997235512667476,-2.406562621371549,-0.5906728912959269
25,38,-1.0,-0.5,351,232,119,-2.153611154382468,-2.406562621371549,0.2529514669890811
25,39,-0.5,0.0,351,0,351,,-2.406562621371549,
25,40,0.0,0.5,351,154,197,-2.2263551602157836,-2.406562621371549,0.18020746115576536
25,41,0.5,1.0,352,53,299,-2.4499496479970633,-2.406562621371549,-0.0433870266255143
25,42,1.0,1.5,351,171,180,-2.24755386729854,-2.406562621371549,0.15900875407300896
25,43,1.5,2.0,351,36,315,-2.342924585328467,-2.406562621371549,0.06363803604308194
25,44,2.0,2.5,352,193,159,-2.174211853470452,-2.406562621371549,0.23235076790109677
25,45,2.5,3.0,351,67,284,-2.111646368262473,-2.406562621371549,0.2949162531090761
25,46,3.0,3.5,351,236,115,-2.374094153741047,-2.406562621371549,0.03246846763050204
25,47,3.5,4.0,351,0,351,,-2.406562621371549,
25,48,4.0,4.5,352,174,178,-2.37678209772997,-2.406562621371549,0.029780523641579126
25,49,4.5,5.0,351,1,350,-2.7590149777064408,-2.406562621371549,-0.3524523563348918
25,50,5.0,5.5,351,178,173,-2.283084491747241,-2.406562621371549,0.12347812962430815
25,51,5.5,6.0,352,0,352,,-2.406562621371549,
25,52,6.0,6.5,351,51,300,-2.5762096118876383,-2.406562621371549,-0.16964699051608934
25,53,6.5,7.0,351,118,233,-2.611981069104651,-2.406562621371549,-0.20541844773310203
25,54,7.0,7.5,351,0,351,,-2.406562621371549,
25,55,7.5,8.0,352,142,210,-2.470045457813702,-2.406562621371549,-0.06348283644215291
25,56,8.0,8.5,351,0,351,,-2.406562621371549,
25,57,8.5,9.0,351,171,180,-2.227575660109334,-2.406562621371549,0.1789869612622148
25,58,9.0,9.5,352,148,204,-2.2170638163915255,-2.406562621371549,0.18949880498002347
25,59,9.5,10.0,351,0,351,,-2.406562621371549,
25,60,10.0,10.5,351,59,292,-3.25493889941774,-2.406562621371549,-0.848376278046191
25,61,10.5,11.0,351,145,206,-2.529299466856094,-2.406562621371549,-0.12273684548454522
25,62,11.0,11.5,352,71,281,-2.375440927929199,-2.406562621371549,0.03112169344234994
25,63,11.5,12.0,351,87,264,-2.3902865041246844,-2.406562621371549,0.01627611724686462
25,64,12.0,12.5,351,145,206,-2.1784076393254614,-2.406562621371549,0.22815498204608753
25,65,12.5,13.0,352,13,339,-2.885329853812248,-2.406562621371549,-0.4787672324406991
25,66,13.0,13.5,351,198,153,-2.1446953183511575,-2.406562621371549,0.2618673030203915
25,67,13.5,14.0,351,157,194,-2.369547663025074,-2.406562621371549,0.03701495834647517
25,68,14.0,14.5,351,56,295,-2.4360155293590555,-2.406562621371549,-0.02945290798750655
25,69,14.5,15.0,352,229,123,-2.143475904074059,-2.406562621371549,0.2630867172974898
25,70,15.0,15.5,351,0,351,,-2.406562621371549,
25,71,15.5,16.0,351,191,160,-2.170474553087919,-2.406562621371549,0.23608806828362994
25,72,16.0,16.5,352,17,335,-2.881581297560361,-2.406562621371549,-0.475018676188812
25,73,16.5,17.0,351,235,116,-2.453147671022049,-2.406562621371549,-0.04658504965050003
25,74,17.0,17.5,351,56,295,-2.1103154548038976,-2.406562621371549,0.2962471665676514
25,75,17.5,18.0,351,272,79,-2.017201234767774,-2.406562621371549,0.38936138660377484
25,76,18.0,18.5,352,0,352,,-2.406562621371549,
25,77,18.5,19.0,351,247,104,-2.1689782043366175,-2.406562621371549,0.2375844170349315
25,78,19.0,19.5,351,115,236,-2.888253130752959,-2.406562621371549,-0.4816905093814099
25,79,19.5,20.0,352,350,2,-2.0175665514669006,-2.406562621371549,0.3889960699046484
26,0,-20.0,-19.5,351,99,252,-2.158487221211412,-2.3091522494526053,0.15066502824119343
26,1,-19.5,-19.0,351,154,197,-2.1034814854018933,-2.3091522494526053,0.20567076405071205
26,2,-19.0,-18.5,352,351,1,-2.1279156892178657,-2.3091522494526053,0.18123656023473966
26,3,-18.5,-18.0,351,0,351,,-2.3091522494526053,
26,4,-18.0,-17.5,351,235,116,-2.122136062664498,-2.3091522494526053,0.1870161867881075
26,5,-17.5,-17.0,351,51,300,-3.162030645128532,-2.3091522494526053,-0.8528783956759267
26,6,-17.0,-16.5,352,190,162,-2.1874860305459913,-2.3091522494526053,0.121666218906614
26,7,-16.5,-16.0,351,41,310,-2.328978331778775,-2.3091522494526053,-0.01982608232616956
26,8,-16.0,-15.5,351,217,134,-2.202108934345353,-2.3091522494526053,0.10704331510725229
26,9,-15.5,-15.0,352,91,261,-2.157172376163232,-2.3091522494526053,0.15197987328937312
26,10,-15.0,-14.5,351,123,228,-2.2680731180583624,-2.3091522494526053,0.04107913139424291
26,11,-14.5,-14.0,351,139,212,-2.180049984318752,-2.3091522494526053,0.12910226513385314
26,12,-14.0,-13.5,351,0,351,,-2.3091522494526053,
26,13,-13.5,-13.0,352,175,177,-2.2007060368521736,-2.3091522494526053,0.10844621260043175
26,14,-13.0,-12.5,351,24,327,-2.8990409234064445,-2.3091522494526053,-0.5898886739538391
26,15,-12.5,-12.0,351,227,124,-2.403192011289265,-2.3091522494526053,-0.09403976183665952
26,16,-12.0,-11.5,352,62,290,-2.4172926529154273,-2.3091522494526053,-0.10814040346282194
26,17,-11.5,-11.0,351,133,218,-2.175239156908985,-2.3091522494526053,0.1339130925436205
26,18,-11.0,-10.5,351,111,240,-2.4224256602389547,-2.3091522494526053,-0.11327341078634934
26,19,-10.5,-10.0,351,213,138,-2.3001025864272258,-2.3091522494526053,0.009049663025379573
26,20,-10.0,-9.5,352,164,188,-2.08296625757853,-2.3091522494526053,0.2261859918740754
26,21,-9.5,-9.0,351,0,351,,-2.3091522494526053,
26,22,-9.0,-8.5,351,248,103,-2.1908748877941653,-2.3091522494526053,0.11827736165844005
26,23,-8.5,-8.0,352,148,204,-2.920316182174757,-2.3091522494526053,-0.6111639327221519
26,24,-8.0,-7.5,351,110,241,-2.23629876215343,-2.3091522494526053,0.07285348729917551
26,25,-7.5,-7.0,351,140,211,-2.4675200338535617,-2.3091522494526053,-0.15836778440095634
26,26,-7.0,-6.5,351,89,262,-2.736051565021381,-2.3091522494526053,-0.4268993155687757
26,27,-6.5,-6.0,352,142,210,-2.4948672321007663,-2.3091522494526053,-0.185714982648161
26,28,-6.0,-5.5,351,94,257,-2.260657742285913,-2.3091522494526053,0.04849450716669246
26,29,-5.5,-5.0,351,254,97,-2.5236697420718137,-2.3091522494526053,-0.21451749261920838
26,30,-5.0,-4.5,352,110,242,-2.3091522494526053,-2.3091522494526053,0.0
26,31,-4.5,-4.0,351,190,161,-2.2674329790967525,-2.3091522494526053,0.04171927035585288
26,32,-4.0,-3.5,351,0,351,,-2.3091522494526053,
26,33,-3.5,-3.0,351,244,107,-2.1323218687961636,-2.3091522494526053,0.17683038065644174
26,34,-3.0,-2.5,352,11,341,-2.8311058452908,-2.3091522494526053,-0.5219535958381947
26,35,-2.5,-2.0,351,180,171,-2.219495117490756,-2.3091522494526053,0.08965713196184932
26,36,-2.0,-1.5,351,142,209,-3.2535626053700017,-2.3091522494526053,-0.9444103559173964
26,37,-1.5,-1.0,352,61,291,-3.119183815810534,-2.3091522494526053,-0.8100315663579285
26,38,-1.0,-0.5,351,285,66,-2.2730763400337737,-2.3091522494526053,0.03607590941883165
26,39,-0.5,0.0,351,128,223,-2.4297145483089153,-2.3091522494526053,-0.12056229885630998
26,40,0.0,0.5,351,55,296,-3.1177371844689863,-2.3091522494526053,-0.808584935016381
26,41,0.5,1.0,352,0,352,,-2.3091522494526053,
26,42,1.0,1.5,351,30,321,-3.3832672055351374,-2.3091522494526053,-1.074114956082532
26,43,1.5,2.0,351,19,332,-2.8269082036132227,-2.3091522494526053,-0.5177559541606174
26,44,2.0,2.5,352,0,352,,-2.3091522494526053,
26,45,2.5,3.0,351,0,351,,-2.3091522494526053,
26,46,3.0,3.5,351,46,305,-3.193172251557895,-2.3091522494526053,-0.8840200021052897
26,47,3.5,4.0,351,12,339,-3.4661205168578424,-2.3091522494526053,-1.156968267405237
26,48,4.0,4.5,352,128,224,-2.4102760474320384,-2.3091522494526053,-0.10112379797943305
26,49,4.5,5.0,351,0,351,,-2.3091522494526053,
26,50,5.0,5.5,351,41,310,-2.4490311446325266,-2.3091522494526053,-0.13987889517992125
26,51,5.5,6.0,352,77,275,-2.326361974355897,-2.3091522494526053,-0.017209724903291868
26,52,6.0,6.5,351,170,181,-2.7024652355068035,-2.3091522494526053,-0.3933129860541982
26,53,6.5,7.0,351,105,246,-2.316925668342458,-2.3091522494526053,-0.0077734188898528345
26,54,7.0,7.5,351,0,351,,-2.3091522494526053,
26,55,7.5,8.0,352,185,167,-2.3636015996271293,-2.3091522494526053,-0.054449350174524014
26,56,8.0,8.5,351,49,302,-3.10589046823697,-2.3091522494526053,-0.7967382187843648
26,57,8.5,9.0,351,152,199,-2.152709508203356,-2.3091522494526053,0.15644274124924928
26,58,9.0,9.5,352,332,20,-2.4200133142402143,-2.3091522494526053,-0.11086106478760893
26,59,9.5,10.0,351,268,83,-2.2969967755172895,-2.3091522494526053,0.012155473935315797
26,60,10.0,10.5,351,242,109,-2.189870849878957,-2.3091522494526053,0.11928139957364836
26,61,10.5,11.0,351,189,162,-2.5554843767774913,-2.3091522494526053,-0.24633212732488596
26,62,11.0,11.5,352,114,238,-2.653490830979205,-2.3091522494526053,-0.3443385815265998
26,63,11.5,12.0,351,179,172,-2.5065945743605424,-2.3091522494526053,-0.19744232490793712
26,64,12.0,12.5,351,130,221,-3.1765486061181836,-2.3091522494526053,-0.8673963566655782
26,65,12.5,13.0,352,136,216,-3.209772777678849,-2.3091522494526053,-0.9006205282262436
26,66,13.0,13.5,351,55,296,-2.9730607892948613,-2.3091522494526053,-0.663908539842256
26,67,13.5,14.0,351,0,351,,-2.3091522494526053,
26,68,14.0,14.5,351,0,351,,-2.3091522494526053,
26,69,14.5,15.0,352,0,352,,-2.3091522494526053,
26,70,15.0,15.5,351,81,270,-3.1945821943454495,-2.3091522494526053,-0.8854299448928442
26,71,15.5,16.0,351,187,164,-2.9968444392827016,-2.3091522494526053,-0.6876921898300963
26,72,16.0,16.5,352,49,303,-3.139784661827615,-2.3091522494526053,-0.8306324123750097
26,73,16.5,17.0,351,66,285,-2.9387853432571527,-2.3091522494526053,-0.6296330938045474
26,74,17.0,17.5,351,50,301,-2.8183166561993516,-2.3091522494526053,-0.5091644067467462
26,75,17.5,18.0,351,0,351,,-2.3091522494526053,
26,76,18.0,18.5,352,41,311,-3.470272331502518,-2.3091522494526053,-1.1611200820499126
26,77,18.5,19.0,351,283,68,-2.569630185003873,-2.3091522494526053,-0.26047793555126786
26,78,19.0,19.5,351,72,279,-2.942177021602718,-2.3091522494526053,-0.6330247721501125
26,79,19.5,20.0,352,0,352,,-2.3091522494526053,
27,0,-20.0,-19.5,352,78,274,-2.3607952106637082,-2.4211716208849423,0.06037641022123408
27,1,-19.5,-19.0,351,220,131,-2.4421153764542414,-2.4211716208849423,-0.02094375556929906
27,2,-19.0,-18.5,351,109,242,-3.020074348400656,-2.4211716208849423,-0.5989027275157137
27,3,-18.5,-18.0,351,203,148,-2.185031448321043,-2.4211716208849423,0.2361401725638994
27,4,-18.0,-17.5,352,0,352,,-2.4211716208849423,
27,5,-17.5,-17.0,351,214,137,-2.466795532764648,-2.4211716208849423,-0.04562391187970549
27,6,-17.0,-16.5,351,0,351,,-2.4211716208849423,
27,7,-16.5,-16.0,352,260,92,-2.2517829754160017,-2.4211716208849423,0.1693886454689406
27,8,-16.0,-15.5,351,0,351,,-2.4211716208849423,
27,9,-15.5,-15.0,351,92,259,-2.1527556393019163,-2.4211716208849423,0.26841598158302604
27,10,-15.0,-14.5,351,81,270,-2.294767181916329,-2.4211716208849423,0.12640443896861342
27,11,-14.5,-14.0,352,237,115,-2.632443600475622,-2.4211716208849423,-0.21127197959067967
27,12,-14.0,-13.5,351,149,202,-2.1924475562620063,-2.4211716208849423,0.22872406462293604
27,13,-13.5,-13.0,351,43,308,-2.8561568604874137,-2.4211716208849423,-0.4349852396024714
27,14,-13.0,-12.5,352,144,208,-2.2904470273184776,-2.4211716208849423,0.1307245935664647
27,15,-12.5,-12.0,351,87,264,-3.1436206016250603,-2.4211716208849423,-0.722448980740118
27,16,-12.0,-11.5,351,45,306,-3.049716690654995,-2.4211716208849423,-0.6285450697700528
27,17,-11.5,-11.0,351,152,199,-2.288184328315427,-2.4211716208849423,0.13298729256951525
27,18,-11.0,-10.5,352,168,184,-2.563249043203862,-2.4211716208849423,-0.14207742231891984
27,19,-10.5,-10.0,351,78,273,-2.243971588217994,-2.4211716208849423,0.17720003266694828
27,20,-10.0,-9.5,351,237,114,-2.38568263918849,-2.4211716208849423,0.03548898169645209
27,21,-9.5,-9.0,352,130,222,-2.772190388469688,-2.4211716208849423,-0.3510187675847458
27,22,-9.0,-8.5,351,111,240,-3.1788330418478674,-2.4211716208849423,-0.7576614209629251
27,23,-8.5,-8.0,351,142,209,-2.214160670485829,-2.4211716208849423,0.2070109503991131
27,24,-8.0,-7.5,351,47,304,-3.120647102575352,-2.4211716208849423,-0.6994754816904099
27,25,-7.5,-7.0,352,209,143,-2.555143049878789,-2.4211716208849423,-0.1339714289938465
27,26,-7.0,-6.5,351,182,169,-2.3357190158762022,-2.4211716208849423,0.08545260500874008
27,27,-6.5,-6.0,351,36,315,-2.7697083468029406,-2.4211716208849423,-0.34853672591799834
27,28,-6.0,-5.5,352,227,125,-2.4950339808202977,-2.4211716208849423,-0.07386235993535539
27,29,-5.5,-5.0,351,171,180,-2.126346546938459,-2.4211716208849423,0.2948250739464835
27,30,-5.0,-4.5,351,25,326,-2.4566606025813944,-2.4211716208849423,-0.03548898169645209
27,31,-4.5,-4.0,351,191,160,-2.3210364546715097,-2.4211716208849423,0.10013516621343266
27,32,-4.0,-3.5,352,96,256,-2.8506849808887114,-2.4211716208849423,-0.42951336000376905
27,33,-3.5,-3.0,351,140,211,-2.2984177690914827,-2.4211716208849423,0.12275385179345966
27,34,-3.0,-2.5,351,147,204,-2.186191206011947,-2.4211716208849423,0.23498041487299526
27,35,-2.5,-2.0,352,15,337,-3.213800809154581,-2.4211716208849423,-0.7926291882696388
27,36,-2.0,-1.5,351,120,231,-2.2400064737430396,-2.4211716208849423,0.18116514714190268
27,37,-1.5,-1.0,351,22,329,-2.1287943493662134,-2.4211716208849423,0.29237727151872894
27,38,-1.0,-0.5,351,153,198,-2.373098920311377,-2.4211716208849423,0.048072700573565275
27,39,-0.5,0.0,352,29,323,-3.5910226184130694,-2.4211716208849423,-1.169850997528127
27,40,0.0,0.5,351,200,151,-2.295898241966704,-2.4211716208849423,0.12527337891823853
27,41,0.5,1.0,351,57,294,-3.053711724606007,-2.4211716208849423,-0.6325401037210647
27,42,1.0,1.5,352,155,197,-2.208233532052279,-2.4211716208849423,0.2129380888326633
27,43,1.5,2.0,351,139,212,-2.226963356950249,-2.4211716208849423,0.19420826393469337
27,44,2.0,2.5,351,169,182,-3.0190971595457547,-2.4211716208849423,-0.5979255386608124
27,45,2.5,3.0,351,184,167,-2.5177207805221347,-2.4211716208849423,-0.09654915963719235
27,46,3.0,3.5,352,27,325,-3.1266415781264865,-2.4211716208849423,-0.7054699572415442
27,47,3.5,4.0,351,172,179,-2.500268217287414,-2.4211716208849423,-0.07909659640247169
27,48,4.0,4.5,351,49,302,-3.210315676433529,-2.4211716208849423,-0.7891440555485869
27,49,4.5,5.0,352,132,220,-2.2215044960267774,-2.4211716208849423,0.19966712485816496
27,50,5.0,5.5,351,72,279,-2.228883551319215,-2.4211716208849423,0.19228806956572742
27,51,5.5,6.0,351,192,159,-2.971197880033543,-2.4211716208849423,-0.5500262591486007
27,52,6.0,6.5,351,139,212,-2.3832601835383684,-2.4211716208849423,0.03791143734657387
27,53,6.5,7.0,352,94,258,-2.3175810247512194,-2.4211716208849423,0.1035905961337229
27,54,7.0,7.5,351,50,301,-2.461635531971022,-2.4211716208849423,-0.04046391108607983
27,55,7.5,8.0,351,128,223,-2.1466100857894705,-2.4211716208849423,0.27456153509547176
27,56,8.0,8.5,352,83,269,-3.1903694946968235,-2.4211716208849423,-0.7691978738118812
27,57,8.5,9.0,351,212,139,-2.464504227635547,-2.4211716208849423,-0.043332606750604796
27,58,9.0,9.5,351,257,94,-2.4710995664609623,-2.4211716208849423,-0.04992794557601998
27,59,9.5,10.0,351,305,46,-2.357742384001767,-2.4211716208849423,0.06342923688317548
27,60,10.0,10.5,352,242,110,-2.3408089059355945,-2.4211716208849423,0.08036271494934777
27,61,10.5,11.0,351,174,177,-2.3743764020494202,-2.4211716208849423,0.04679521883552207
27,62,11.0,11.5,351,72,279,-2.397910803725674,-2.4211716208849423,0.02326081715926831
27,63,11.5,12.0,352,111,241,-3.075011061209606,-2.4211716208849423,-0.6538394403246639
27,64,12.0,12.5,351,46,305,-2.590888292956696,-2.4211716208849423,-0.16971667207175356
27,65,12.5,13.0,351,146,205,-2.444079112820564,-2.4211716208849423,-0.022907491935621582
27,66,13.0,13.5,351,0,351,,-2.4211716208849423,
27,67,13.5,14.0,352,0,352,,-2.4211716208849423,
27,68,14.0,14.5,351,48,303,-3.4624229203815626,-2.4211716208849423,-1.0412512994966203
27,69,14.5,15.0,351,0,351,,-2.4211716208849423,
27,70,15.0,15.5,352,97,255,-3.11174447822468,-2.4211716208849423,-0.6905728573397378
27,71,15.5,16.0,351,0,351,,-2.4211716208849423,
27,72,16.0,16.5,351,0,351,,-2.4211716208849423,
27,73,16.5,17.0,351,42,309,-3.159783901353958,-2.4211716208849423,-0.7386122804690158
27,74,17.0,17.5,352,0,352,,-2.4211716208849423,
27,75,17.5,18.0,351,0,351,,-2.4211716208849423,
27,76,18.0,18.5,351,0,351,,-2.4211716208849423,
27,77,18.5,19.0,352,0,352,,-2.4211716208849423,
27,78,19.0,19.5,351,0,351,,-2.4211716208849423,
27,79,19.5,20.0,351,43,308,-3.0425802723166484,-2.4211716208849423,-0.6214086514317061
28,0,-20.0,-19.5,351,294,57,-2.3177433199539,-2.2869440029504657,-0.03079931700343419
28,1,-19.5,-19.0,352,93,259,-3.1927485762467467,-2.2869440029504657,-0.905804573296281
28,2,-19.0,-18.5,351,246,105,-2.3024689009477592,-2.2869440029504657,-0.015524897997293508
28,3,-18.5,-18.0,351,114,237,-2.2611340824459103,-2.2869440029504657,0.02580992050455544
28,4,-18.0,-17.5,351,182,169,-2.265423398473124,-2.2869440029504657,0.02152060447734172
28,5,-17.5,-17.0,352,240,112,-2.3027752030935043,-2.2869440029504657,-0.015831200143038515
28,6,-17.0,-16.5,351,164,187,-2.4783132225568574,-2.2869440029504657,-0.19136921960639164
28,7,-16.5,-16.0,351,110,241,-2.067313774654468,-2.2869440029504657,0.21963022829599765
28,8,-16.0,-15.5,352,244,108,-2.423327545588268,-2.2869440029504657,-0.13638354263780217
28,9,-15.5,-15.0,351,281,70,-2.835130922500131,-2.2869440029504657,-0.5481869195496651
28,10,-15.0,-14.5,351,207,144,-2.236645320020425,-2.2869440029504657,0.050298682930040695
28,11,-14.5,-14.0,351,147,204,-2.229826222121385,-2.2869440029504657,0.05711778082908081
28,12,-14.0,-13.5,352,352,0,-2.160882136767602,-2.2869440029504657,0.12606186618286364
28,13,-13.5,-13.0,351,141,210,-2.364535485423429,-2.2869440029504657,-0.07759148247296332
28,14,-13.0,-12.5,351,12,339,-3.095145186507934,-2.2869440029504657,-0.8082011835574683
28,15,-12.5,-12.0,352,211,141,-2.469508155738583,-2.2869440029504657,-0.18256415278811744
28,16,-12.0,-11.5,351,0,351,,-2.2869440029504657,
28,17,-11.5,-11.0,351,105,246,-2.942728651830436,-2.2869440029504657,-0.6557846488799703
28,18,-11.0,-10.5,351,260,91,-2.273210277013788,-2.2869440029504657,0.013733725936677654
28,19,-10.5,-10.0,352,0,352,,-2.2869440029504657,
28,20,-10.0,-9.5,351,245,106,-2.204129654292218,-2.2869440029504657,0.08281434865824755
28,21,-9.5,-9.0,351,0,351,,-2.2869440029504657,
28,22,-9.0,-8.5,352,216,136,-2.251814785308783,-2.2869440029504657,0.035129217641682864
28,23,-8.5,-8.0,351,15,336,-2.692267308950301,-2.2869440029504657,-0.40532330599983535
28,24,-8.0,-7.5,351,73,278,-2.2807140942764708,-2.2869440029504657,0.006229908673994977
28,25,-7.5,-7.0,351,192,159,-2.4065655831565715,-2.2869440029504657,-0.1196215802061058
28,26,-7.0,-6.5,352,152,200,-2.254848904212347,-2.2869440029504657,0.032095098738118555
28,27,-6.5,-6.0,351,114,237,-2.7753582059931183,-2.2869440029504657,-0.4884142030426526
28,28,-6.0,-5.5,351,317,34,-2.20732657797155,-2.2869440029504657,0.07961742497891588
28,29,-5.5,-5.0,352,0,352,,-2.2869440029504657,
28,30,-5.0,-4.5,351,48,303,-3.276006978812992,-2.2869440029504657,-0.9890629758625265
28,31,-4.5,-4.0,351,178,173,-2.2278735949670967,-2.2869440029504657,0.059070407983369044
28,32,-4.0,-3.5,351,96,255,-2.492579038806368,-2.2869440029504657,-0.20563503585590226
28,33,-3.5,-3.0,352,122,230,-2.470499731836841,-2.2869440029504657,-0.1835557288863754
28,34,-3.0,-2.5,351,33,318,-2.9132253118846694,-2.2869440029504657,-0.6262813089342036
28,35,-2.5,-2.0,351,155,196,-2.208096556914629,-2.2869440029504657,0.07884744603583682
28,36,-2.0,-1.5,352,197,155,-2.2190636650757973,-2.2869440029504657,0.0678803378746684
28,37,-1.5,-1.0,351,0,351,,-2.2869440029504657,
28,38,-1.0,-0.5,351,181,170,-2.2931739116244607,-2.2869440029504657,-0.006229908673994977
28,39,-0.5,0.0,351,0,351,,-2.2869440029504657,
28,40,0.0,0.5,352,161,191,-2.354177735279035,-2.2869440029504657,-0.06723373232856922
28,41,0.5,1.0,351,0,351,,-2.2869440029504657,
28,42,1.0,1.5,351,238,113,-2.411646491531185,-2.2869440029504657,-0.12470248858071908
28,43,1.5,2.0,352,0,352,,-2.2869440029504657,
28,44,2.0,2.5,351,150,201,-2.268020356334852,-2.2869440029504657,0.01892364661561352
28,45,2.5,3.0,351,62,289,-2.134950591571661,-2.2869440029504657,0.15199341137880484
28,46,3.0,3.5,351,100,251,-2.093980043877518,-2.2869440029504657,0.19296395907294794
28,47,3.5,4.0,352,106,246,-2.3201002692071304,-2.2869440029504657,-0.03315626625666468
28,48,4.0,4.5,351,59,292,-2.7499732457928805,-2.2869440029504657,-0.46302924284241476
28,49,4.5,5.0,351,161,190,-2.2246965381735135,-2.2869440029504657,0.0622474647769522
28,50,5.0,5.5,352,47,305,-3.53155592665578,-2.2869440029504657,-1.2446119237053144
28,51,5.5,6.0,351,195,156,-2.6420901568338118,-2.2869440029504657,-0.355146153883346
28,52,6.0,6.5,351,37,314,-3.324336296211919,-2.2869440029504657,-1.0373922932614534
28,53,6.5,7.0,351,169,182,-2.5057958644866694,-2.2869440029504657,-0.21885186153620362
28,54,7.0,7.5,352,17,335,-3.0001064626568907,-2.2869440029504657,-0.713162459706425
28,55,7.5,8.0,351,145,206,-2.626526954664598,-2.2869440029504657,-0.33958295171413244
28,56,8.0,8.5,351,0,351,,-2.2869440029504657,
28,57,8.5,9.0,352,110,242,-2.5829759616339083,-2.2869440029504657,-0.29603195868344256
28,58,9.0,9.5,351,266,85,-2.327021088906789,-2.2869440029504657,-0.04007708595632309
28,59,9.5,10.0,351,348,3,-2.0314701648906235,-2.2869440029504657,0.25547383805984225
28,60,10.0,10.5,351,350,1,-1.7922302980487075,-2.2869440029504657,0.49471370490175826
28,61,10.5,11.0,352,243,109,-2.536887369529667,-2.2869440029504657,-0.24994336657920124
28,62,11.0,11.5,351,70,281,-3.0942439099933123,-2.2869440029504657,-0.8072999070428466
28,63,11.5,12.0,351,126,225,-2.514181969718903,-2.2869440029504657,-0.22723796676843744
28,64,12.0,12.5,352,5,347,-3.21099488396912,-2.2869440029504657,-0.9240508810186543
28,65,12.5,13.0,351,0,351,,-2.2869440029504657,
28,66,13.0,13.5,351,0,351,,-2.2869440029504657,
28,67,13.5,14.0,351,0,351,,-2.2869440029504657,
28,68,14.0,14.5,352,0,352,,-2.2869440029504657,
28,69,14.5,15.0,351,0,351,,-2.2869440029504657,
28,70,15.0,15.5,351,81,270,-3.325127940223103,-2.2869440029504657,-1.0381839372726374
28,71,15.5,16.0,352,51,301,-2.893322271850224,-2.2869440029504657,-0.6063782688997583
28,72,16.0,16.5,351,45,306,-2.9877248109907386,-2.2869440029504657,-0.7007808080402729
28,73,16.5,17.0,351,0,351,,-2.2869440029504657,
28,74,17.0,17.5,351,0,351,,-2.2869440029504657,
28,75,17.5,18.0,352,0,352,,-2.2869440029504657,
28,76,18.0,18.5,351,0,351,,-2.2869440029504657,
28,77,18.5,19.0,351,0,351,,-2.2869440029504657,
28,78,19.0,19.5,352,0,352,,-2.2869440029504657,
28,79,19.5,20.0,351,87,264,-2.529695035935779,-2.2869440029504657,-0.2427510329853133
29,0,-20.0,-19.5,351,119,232,-2.4015198544976615,-2.5308184647147334,0.1292986102170719
29,1,-19.5,-19.0,352,47,305,-2.711718296585551,-2.5308184647147334,-0.1808998318708177
29,2,-19.0,-18.5,351,205,146,-2.6371639260219117,-2.5308184647147334,-0.10634546130717837
29,3,-18.5,-18.0,351,142,209,-2.2620461561599496,-2.5308184647147334,0.26877230855478373
29,4,-18.0,-17.5,351,86,265,-2.251246535742947,-2.5308184647147334,0.2795719289717864
29,5,-17.5,-17.0,352,94,258,-2.257601813288542,-2.5308184647147334,0.27321665142619134
29,6,-17.0,-16.5,351,173,178,-2.427247194141907,-2.5308184647147334,0.10357127057282645
29,7,-16.5,-16.0,351,210,141,-2.406330283052256,-2.5308184647147334,0.12448818166247744
29,8,-16.0,-15.5,352,15,337,-2.628098243228918,-2.5308184647147334,-0.09727977851418457
29,9,-15.5,-15.0,351,283,68,-2.3339492042427215,-2.5308184647147334,0.19686926047201192
29,10,-15.0,-14.5,351,114,237,-3.305557335502627,-2.5308184647147334,-0.7747388707878935
29,11,-14.5,-14.0,351,317,34,-2.5308184647147334,-2.5308184647147334,0.0
29,12,-14.0,-13.5,352,0,352,,-2.5308184647147334,
29,13,-13.5,-13.0,351,190,161,-2.6190909555947073,-2.5308184647147334,-0.08827249087997391
29,14,-13.0,-12.5,351,76,275,-3.1412138839864747,-2.5308184647147334,-0.6103954192717413
29,15,-12.5,-12.0,352,228,124,-2.7593215391390933,-2.5308184647147334,-0.2285030744243599
29,16,-12.0,-11.5,351,216,135,-2.543925108713955,-2.5308184647147334,-0.013106643999221568
29,17,-11.5,-11.0,351,245,106,-2.3841776551962113,-2.5308184647147334,0.1466408095185221
29,18,-11.0,-10.5,351,57,294,-2.5863320864533113,-2.5308184647147334,-0.05551362173857788
29,19,-10.5,-10.0,352,233,119,-2.3454423236701505,-2.5308184647147334,0.1853761410445829
29,20,-10.0,-9.5,351,115,236,-2.3321396914568613,-2.5308184647147334,0.1986787732578721
29,21,-9.5,-9.0,351,103,248,-2.689823074528729,-2.5308184647147334,-0.15900460981399567
29,22,-9.0,-8.5,352,151,201,-2.7514944857843098,-2.5308184647147334,-0.2206760210695764
29,23,-8.5,-8.0,351,43,308,-2.2081328899233843,-2.5308184647147334,0.3226855747913491
29,24,-8.0,-7.5,351,162,189,-2.2714227787473074,-2.5308184647147334,0.259395685967426
29,25,-7.5,-7.0,351,133,218,-2.478194834985271,-2.5308184647147334,0.05262362972946244
29,26,-7.0,-6.5,352,103,249,-2.571735732388826,-2.5308184647147334,-0.04091726767409254
29,27,-6.5,-6.0,351,246,105,-2.396145495506873,-2.5308184647147334,0.13467296920786032
29,28,-6.0,-5.5,351,0,351,,-2.5308184647147334,
29,29,-5.5,-5.0,352,94,258,-3.09097970603016,-2.5308184647147334,-0.5601612413154267
29,30,-5.0,-4.5,351,238,113,-2.344922632023793,-2.5308184647147334,0.18589583269094057
29,31,-4.5,-4.0,351,0,351,,-2.5308184647147334,
29,32,-4.0,-3.5,351,151,200,-2.791308383276163,-2.5308184647147334,-0.2604899185614298
29,33,-3.5,-3.0,352,220,132,-2.5244545786030756,-2.5308184647147334,0.006363886111657724
29,34,-3.0,-2.5,351,94,257,-2.461122552588637,-2.5308184647147334,0.06969591212609627
29,35,-2.5,-2.0,351,182,169,-2.2921285253961017,-2.5308184647147334,0.2386899393186317
29,36,-2.0,-1.5,352,51,301,-2.2922057099525066,-2.5308184647147334,0.23861275476222676
29,37,-1.5,-1.0,351,197,154,-2.452974395321365,-2.5308184647147334,0.07784406939336819
29,38,-1.0,-0.5,351,19,332,-2.904409794000951,-2.5308184647147334,-0.37359132928621763
29,39,-0.5,0.0,351,191,160,-2.704862617802059,-2.5308184647147334,-0.1740441530873258
29,40,0.0,0.5,352,43,309,-3.167296421392684,-2.5308184647147334,-0.6364779566779508
29,41,0.5,1.0,351,174,177,-2.548750556994997,-2.5308184647147334,-0.01793209228026349
29,42,1.0,1.5,351,80,271,-3.2541652223999877,-2.5308184647147334,-0.7233467576852544
29,43,1.5,2.0,352,155,197,-2.7277165850848597,-2.5308184647147334,-0.19689812037012633
29,44,2.0,2.5,351,0,351,,-2.5308184647147334,
29,45,2.5,3.0,351,200,151,-2.6740652279304244,-2.5308184647147334,-0.14324676321569108
29,46,3.0,3.5,351,41,310,-2.4806098985788707,-2.5308184647147334,0.050208566135862664
29,47,3.5,4.0,352,58,294,-2.2882020964266236,-2.5308184647147334,0.24261636828810973
29,48,4.0,4.5,351,152,199,-2.4847196410496943,-2.5308184647147334,0.046098823665039035
29,49,4.5,5.0,351,44,307,-2.8826821888596985,-2.5308184647147334,-0.35186372414496514
29,50,5.0,5.5,352,115,237,-2.5945191337826747,-2.5308184647147334,-0.06370066906794136
29,51,5.5,6.0,351,88,263,-2.911131978538947,-2.5308184647147334,-0.3803135138242135
29,52,6.0,6.5,351,137,214,-2.8899732242192373,-2.5308184647147334,-0.35915475950450393
29,53,6.5,7.0,351,0,351,,-2.5308184647147334,
29,54,7.0,7.5,352,99,253,-2.4849412400683173,-2.5308184647147334,0.04587722464641608
29,55,7.5,8.0,351,99,252,-2.2760462583410233,-2.5308184647147334,0.2547722063737101
29,56,8.0,8.5,351,137,214,-3.0447980770677203,-2.5308184647147334,-0.513979612352987
29,57,8.5,9.0,352,157,195,-3.0289086741633398,-2.5308184647147334,-0.4980902094486064
29,58,9.0,9.5,351,331,20,-2.426357359595854,-2.5308184647147334,0.10446110511887952
29,59,9.5,10.0,351,295,56,-2.3022258996554994,-2.5308184647147334,0.22859256505923398
29,60,10.0,10.5,351,219,132,-2.4109431197851783,-2.5308184647147334,0.1198753449295551
29,61,10.5,11.0,352,267,85,-2.4518298980863595,-2.5308184647147334,0.07898856662837384
29,62,11.0,11.5,351,69,282,-2.5383627585283532,-2.5308184647147334,-0.007544293813619873
29,63,11.5,12.0,351,198,153,-2.2621384784933642,-2.5308184647147334,0.2686799862213691
29,64,12.0,12.5,352,0,352,,-2.5308184647147334,
29,65,12.5,13.0,351,93,258,-3.0020954408689016,-2.5308184647147334,-0.4712769761541682
29,66,13.0,13.5,351,0,351,,-2.5308184647147334,
29,67,13.5,14.0,351,49,302,-2.9040298209542947,-2.5308184647147334,-0.37321135623956136
29,68,14.0,14.5,352,94,258,-3.0694573707419734,-2.5308184647147334,-0.5386389060272401
29,69,14.5,15.0,351,0,351,,-2.5308184647147334,
29,70,15.0,15.5,351,0,351,,-2.5308184647147334,
29,71,15.5,16.0,352,46,306,-3.4015706545972804,-2.5308184647147334,-0.870752189882547
29,72,16.0,16.5,351,49,302,-3.354712920141756,-2.5308184647147334,-0.8238944554270224
29,73,16.5,17.0,351,0,351,,-2.5308184647147334,
29,74,17.0,17.5,351,0,351,,-2.5308184647147334,
29,75,17.5,18.0,352,0,352,,-2.5308184647147334,
29,76,18.0,18.5,351,0,351,,-2.5308184647147334,
29,77,18.5,19.0,351,57,294,-3.05018915551368,-2.5308184647147334,-0.5193706907989468
29,78,19.0,19.5,352,0,352,,-2.5308184647147334,
29,79,19.5,20.0,351,135,216,-2.764773626056979,-2.5308184647147334,-0.2339551613422457
30,0,-20.0,-19.5,352,82,270,-2.999586731599308,-2.4755161169993642,-0.5240706145999439
30,1,-19.5,-19.0,351,273,78,-2.2283962980505567,-2.4755161169993642,0.24711981894880752
30,2,-19.0,-18.5,351,0,351,,-2.4755161169993642,
30,3,-18.5,-18.0,351,330,21,-2.2231815264667922,-2.4755161169993642,0.252334590532572
30,4,-18.0,-17.5,352,113,239,-3.0071344374667284,-2.4755161169993642,-0.5316183204673641
30,5,-17.5,-17.0,351,61,290,-3.055864109038066,-2.4755161169993642,-0.5803479920387016
30,6,-17.0,-16.5,351,187,164,-2.233321430652377,-2.4755161169993642,0.24219468634698726
30,7,-16.5,-16.0,352,5,347,-3.5167405191824015,-2.4755161169993642,-1.0412244021830372
30,8,-16.0,-15.5,351,270,81,-2.337688230279083,-2.4755161169993642,0.13782788672028135
30,9,-15.5,-15.0,351,110,241,-2.8217379335606485,-2.4755161169993642,-0.34622181656128426
30,10,-15.0,-14.5,351,195,156,-2.2114985712312074,-2.4755161169993642,0.26401754576815684
30,11,-14.5,-14.0,352,130,222,-2.391503688161441,-2.4755161169993642,0.08401242883792337
30,12,-14.0,-13.5,351,249,102,-2.4433251122604727,-2.4755161169993642,0.03219100473889158
30,13,-13.5,-13.0,351,27,324,-2.8916560011594243,-2.4755161169993642,-0.4161398841600601
30,14,-13.0,-12.5,352,206,146,-2.305888673420829,-2.4755161169993642,0.16962744357853543
30,15,-12.5,-12.0,351,57,294,-3.2577467010230667,-2.4755161169993642,-0.7822305840237025
30,16,-12.0,-11.5,351,218,133,-2.703073057702113,-2.4755161169993642,-0.2275569407027489
30,17,-11.5,-11.0,351,47,304,-2.424334024760063,-2.4755161169993642,0.05118209223930137
30,18,-11.0,-10.5,352,146,206,-2.3954048499704896,-2.4755161169993642,0.08011126702887461
30,19,-10.5,-10.0,351,166,185,-2.618523071185981,-2.4755161169993642,-0.14300695418661657
30,20,-10.0,-9.5,351,0,351,,-2.4755161169993642,
30,21,-9.5,-9.0,352,201,151,-2.6082903683102,-2.4755161169993642,-0.13277425131083564
30,22,-9.0,-8.5,351,77,274,-3.0660918691505694,-2.4755161169993642,-0.5905757521512052
30,23,-8.5,-8.0,351,246,105,-2.404534662916366,-2.4755161169993642,0.07098145408299805
30,24,-8.0,-7.5,351,190,161,-2.535130268401431,-2.4755161169993642,-0.05961415140206672
30,25,-7.5,-7.0,352,186,166,-2.401984913155828,-2.4755161169993642,0.07353120384353629
30,26,-7.0,-6.5,351,26,325,-2.941266732963033,-2.4755161169993642,-0.46575061596366885
30,27,-6.5,-6.0,351,167,184,-2.3945960027166504,-2.4755161169993642,0.08092011428271384
30,28,-6.0,-5.5,352,73,279,-2.4755161169993642,-2.4755161169993642,0.0
30,29,-5.5,-5.0,351,173,178,-2.6878356356210675,-2.4755161169993642,-0.21231951862170328
30,30,-5.0,-4.5,351,148,203,-2.446441458075238,-2.4755161169993642,0.029074658924126418
30,31,-4.5,-4.0,351,23,328,-2.8441058253971945,-2.4755161169993642,-0.36858970839783023
30,32,-4.0,-3.5,352,240,112,-2.1915570498525128,-2.4755161169993642,0.2839590671468515
30,33,-3.5,-3.0,351,30,321,-3.098487431657456,-2.4755161169993642,-0.6229713146580917
30,34,-3.0,-2.5,351,244,107,-2.2729329989835687,-2.4755161169993642,0.20258311801579554
30,35,-2.5,-2.0,352,73,279,-2.521816941651498,-2.4755161169993642,-0.0463008246521337
30,36,-2.0,-1.5,351,206,145,-2.036907048599963,-2.4755161169993642,0.4386090683994013
30,37,-1.5,-1.0,351,46,305,-3.1068305495837008,-2.4755161169993642,-0.6313144325843365
30,38,-1.0,-0.5,351,302,49,-2.39523305303839,-2.4755161169993642,0.0802830639609744
30,39,-0.5,0.0,352,13,339,-3.122584435100992,-2.4755161169993642,-0.6470683181016277
30,40,0.0,0.5,351,24,327,-2.8678536502422434,-2.4755161169993642,-0.3923375332428791
30,41,0.5,1.0,351,131,220,-2.5068375430973773,-2.4755161169993642,-0.03132142609801303
30,42,1.0,1.5,352,55,297,-2.3010414728345236,-2.4755161169993642,0.1744746441648406
30,43,1.5,2.0,351,144,207,-2.3470827372920446,-2.4755161169993642,0.1284333797073196
30,44,2.0,2.5,351,11,340,-3.705697915157109,-2.4755161169993642,-1.2301817981577448
30,45,2.5,3.0,351,125,226,-2.3845517932514775,-2.4755161169993642,0.09096432374788677
30,46,3.0,3.5,352,0,352,,-2.4755161169993642,
30,47,3.5,4.0,351,158,193,-2.850345660220337,-2.4755161169993642,-0.3748295432209727
30,48,4.0,4.5,351,74,277,-3.066097438115377,-2.4755161169993642,-0.5905813211160127
30,49,4.5,5.0,352,88,264,-2.2039122504298643,-2.4755161169993642,0.2716038665695
30,50,5.0,5.5,351,133,218,-2.751302286664376,-2.4755161169993642,-0.2757861696650119
30,51,5.5,6.0,351,5,346,-3.0382422637772666,-2.4755161169993642,-0.5627261467779023
30,52,6.0,6.5,351,157,194,-2.7036209691496276,-2.4755161169993642,-0.22810485215026333
30,53,6.5,7.0,352,13,339,-2.579064982752532,-2.4755161169993642,-0.1035488657531678
30,54,7.0,7.5,351,145,206,-2.795377941834567,-2.4755161169993642,-0.31986182483520276
30,55,7.5,8.0,351,141,210,-2.4708067469749087,-2.4755161169993642,0.004709370024455595
30,56,8.0,8.5,352,0,352,,-2.4755161169993642,
30,57,8.5,9.0,351,74,277,-2.296285059780469,-2.4755161169993642,0.1792310572188951
30,58,9.0,9.5,351,284,67,-2.394799737719203,-2.4755161169993642,0.08071637928016129
30,59,9.5,10.0,351,328,23,-2.1588753356740105,-2.4755161169993642,0.3166407813253538
30,60,10.0,10.5,352,250,102,-2.490556337446256,-2.4755161169993642,-0.015040220446891794
30,61,10.5,11.0,351,221,130,-2.3333863688924805,-2.4755161169993642,0.14212974810688372
30,62,11.0,11.5,351,107,244,-2.702646548570264,-2.4755161169993642,-0.22713043157089974
30,63,11.5,12.0,352,133,219,-2.8621753799952576,-2.4755161169993642,-0.38665926299589337
30,64,12.0,12.5,351,127,224,-2.563271320080339,-2.4755161169993642,-0.08775520308097473
30,65,12.5,13.0,351,0,351,,-2.4755161169993642,
30,66,13.0,13.5,351,0,351,,-2.4755161169993642,
30,67,13.5,14.0,352,0,352,,-2.4755161169993642,
30,68,14.0,14.5,351,92,259,-3.0023543948105766,-2.4755161169993642,-0.5268382778112124
30,69,14.5,15.0,351,53,298,-3.440208818532883,-2.4755161169993642,-0.9646927015335187
30,70,15.0,15.5,352,0,352,,-2.4755161169993642,
30,71,15.5,16.0,351,52,299,-2.983681547222175,-2.4755161169993642,-0.5081654302228107
30,72,16.0,16.5,351,43,308,-3.161278818779279,-2.4755161169993642,-0.6857627017799146
30,73,16.5,17.0,351,57,294,-2.9242807548256047,-2.4755161169993642,-0.44876463782624043
30,74,17.0,17.5,352,0,352,,-2.4755161169993642,
30,75,17.5,18.0,351,126,225,-3.14952053692704,-2.4755161169993642,-0.6740044199276758
30,76,18.0,18.5,351,17,334,-2.847579800718433,-2.4755161169993642,-0.3720636837190687
30,77,18.5,19.0,352,42,310,-2.921177312970407,-2.4755161169993642,-0.4456611959710428
30,78,19.0,19.5,351,48,303,-3.3522844078380096,-2.4755161169993642,-0.8767682908386454
30,79,19.5,20.0,351,124,227,-3.22555463178165,-2.4755161169993642,-0.7500385147822857
31,0,-20.0,-19.5,351,61,290,-2.1961031876589283,-2.3192259290475143,0.12312274138858603
31,1,-19.5,-19.0,352,192,160,-2.2316216532020157,-2.3192259290475143,0.08760427584549868
31,2,-19.0,-18.5,351,0,351,,-2.3192259290475143,
31,3,-18.5,-18.0,351,248,103,-2.261097091928466,-2.3192259290475143,0.05812883711904826
31,4,-18.0,-17.5,351,80,271,-2.104385683382902,-2.3192259290475143,0.21484024566461235
31,5,-17.5,-17.0,352,100,252,-2.193428517809249,-2.3192259290475143,0.12579741123826516
31,6,-17.0,-16.5,351,181,170,-2.180149356029739,-2.3192259290475143,0.1390765730177752
31,7,-16.5,-16.0,351,70,281,-2.7836974588665395,-2.3192259290475143,-0.4644715298190252
31,8,-16.0,-15.5,352,270,82,-2.1563813441087163,-2.3192259290475143,0.16284458493879805
31,9,-15.5,-15.0,351,12,339,-3.2485729334597186,-2.3192259290475143,-0.9293470044122043
31,10,-15.0,-14.5,351,255,96,-2.186549559464904,-2.3192259290475143,0.1326763695826103
31,11,-14.5,-14.0,351,0,351,,-2.3192259290475143,
31,12,-14.0,-13.5,352,222,130,-2.1573965471627257,-2.3192259290475143,0.16182938188478868
31,13,-13.5,-13.0,351,180,171,-2.3192259290475143,-2.3192259290475143,0.0
31,14,-13.0,-12.5,351,29,322,-2.523651325572364,-2.3192259290475143,-0.20442539652484948
31,15,-12.5,-12.0,352,162,190,-2.292382863774785,-2.3192259290475143,0.026843065272729394
31,16,-12.0,-11.5,351,0,351,,-2.3192259290475143,
31,17,-11.5,-11.0,351,0,351,,-2.3192259290475143,
31,18,-11.0,-10.5,351,159,192,-2.7544701696158014,-2.3192259290475143,-0.43524424056828703
31,19,-10.5,-10.0,352,58,294,-2.2378375042980005,-2.3192259290475143,0.0813884247495138
31,20,-10.0,-9.5,351,201,150,-2.3960839866730947,-2.3192259290475143,-0.0768580576255804
31,21,-9.5,-9.0,351,133,218,-2.2056530585135063,-2.3192259290475143,0.113572870534008
31,22,-9.0,-8.5,352,54,298,-2.420066337386464,-2.3192259290475143,-0.10084040833894958
31,23,-8.5,-8.0,351,254,97,-2.496082664473562,-2.3192259290475143,-0.17685673542604752
31,24,-8.0,-7.5,351,233,118,-2.495500215578079,-2.3192259290475143,-0.17627428653056487
31,25,-7.5,-7.0,351,28,323,-3.086586982281239,-2.3192259290475143,-0.7673610532337247
31,26,-7.0,-6.5,352,234,118,-2.3609283337005893,-2.3192259290475143,-0.041702404653074954
31,27,-6.5,-6.0,351,71,280,-2.9718273689231776,-2.3192259290475143,-0.6526014398756632
31,28,-6.0,-5.5,351,130,221,-2.169151920924482,-2.3192259290475143,0.1500740081230325
31,29,-5.5,-5.0,352,109,243,-2.2298374152876024,-2.3192259290475143,0.08938851375991197
31,30,-5.0,-4.5,351,93,258,-2.4526777397066617,-2.3192259290475143,-0.13345181065914735
31,31,-4.5,-4.0,351,241,110,-2.2991381705442677,-2.3192259290475143,0.020087758503246622
31,32,-4.0,-3.5,351,30,321,-2.3280818361604303,-2.3192259290475143,-0.00885590711291595
31,33,-3.5,-3.0,352,181,171,-2.2293236125619877,-2.3192259290475143,0.0899023164855266
31,34,-3.0,-2.5,351,223,128,-2.239010975727775,-2.3192259290475143,0.08021495331973938
31,35,-2.5,-2.0,351,55,296,-3.0456248499585024,-2.3192259290475143,-0.726398920910988
31,36,-2.0,-1.5,352,222,130,-2.2982205909609066,-2.3192259290475143,0.02100533808660776
31,37,-1.5,-1.0,351,133,218,-2.165744987361906,-2.3192259290475143,0.15348094168560822
31,38,-1.0,-0.5,351,55,296,-2.3865462245980105,-2.3192259290475143,-0.06732029555049612
31,39,-0.5,0.0,351,273,78,-2.2283520067823313,-2.3192259290475143,0.0908739222651831
31,40,0.0,0.5,352,0,352,,-2.3192259290475143,
31,41,0.5,1.0,351,150,201,-2.2500321273445305,-2.3192259290475143,0.06919380170298384
31,42,1.0,1.5,351,164,187,-2.2849626060511667,-2.3192259290475143,0.0342633229963476
31,43,1.5,2.0,352,50,302,-3.1953415684895443,-2.3192259290475143,-0.87611563944203
31,44,2.0,2.5,351,130,221,-2.35031462047486,-2.3192259290475143,-0.031088691427345605
31,45,2.5,3.0,351,168,183,-2.788510962138986,-2.3192259290475143,-0.4692850330914715
31,46,3.0,3.5,351,116,235,-2.514138761003884,-2.3192259290475143,-0.19491283195636955
31,47,3.5,4.0,352,71,281,-2.4586136277345534,-2.3192259290475143,-0.13938769868703904
31,48,4.0,4.5,351,87,264,-2.6797749815002456,-2.3192259290475143,-0.3605490524527313
31,49,4.5,5.0,351,133,218,-2.3323780018787916,-2.3192259290475143,-0.013152072831277284
31,50,5.0,5.5,352,46,306,-2.7928598176332082,-2.3192259290475143,-0.4736338885856939
31,51,5.5,6.0,351,72,279,-2.3917711533986044,-2.3192259290475143,-0.07254522435109001
31,52,6.0,6.5,351,118,233,-2.3341289888886925,-2.3192259290475143,-0.014903059841178123
31,53,6.5,7.0,351,0,351,,-2.3192259290475143,
31,54,7.0,7.5,352,54,298,-2.5944828891575136,-2.3192259290475143,-0.2752569601099992
31,55,7.5,8.0,351,247,104,-2.279589769480485,-2.3192259290475143,0.03963615956702915
31,56,8.0,8.5,351,53,298,-3.0168936473564343,-2.3192259290475143,-0.6976677183089199
31,57,8.5,9.0,352,0,352,,-2.3192259290475143,
31,58,9.0,9.5,351,157,194,-2.3006416696203256,-2.3192259290475143,0.018584259427188776
31,59,9.5,10.0,351,238,113,-2.2020274682841023,-2.3192259290475143,0.117198460763412
31,60,10.0,10.5,351,228,123,-2.423058853964316,-2.3192259290475143,-0.10383292491680152
31,61,10.5,11.0,352,167,185,-2.666799951243831,-2.3192259290475143,-0.3475740221963166
31,62,11.0,11.5,351,122,229,-2.4020844642106023,-2.3192259290475143,-0.08285853516308794
31,63,11.5,12.0,351,63,288,-2.24432845485841,-2.3192259290475143,0.07489747418910442
31,64,12.0,12.5,352,0,352,,-2.3192259290475143,
31,65,12.5,13.0,351,60,291,-3.3518853292019184,-2.3192259290475143,-1.032659400154404
31,66,13.0,13.5,351,155,196,-2.941327336836188,-2.3192259290475143,-0.6221014077886737
31,67,13.5,14.0,351,73,278,-3.146001061069115,-2.3192259290475143,-0.8267751320216008
31,68,14.0,14.5,352,78,274,-3.23076129688173,-2.3192259290475143,-0.9115353678342157
31,69,14.5,15.0,351,0,351,,-2.3192259290475143,
31,70,15.0,15.5,351,0,351,,-2.3192259290475143,
31,71,15.5,16.0,352,51,301,-3.0109926798187794,-2.3192259290475143,-0.691766750771265
31,72,16.0,16.5,351,0,351,,-2.3192259290475143,
31,73,16.5,17.0,351,236,115,-3.2019371254686493,-2.3192259290475143,-0.8827111964211349
31,74,17.0,17.5,351,0,351,,-2.3192259290475143,
31,75,17.5,18.0,352,181,171,-2.276246500441547,-2.3192259290475143,0.042979428605967485
31,76,18.0,18.5,351,31,320,-2.483702729495905,-2.3192259290475143,-0.16447680044839075
31,77,18.5,19.0,351,127,224,-2.149304015324736,-2.3192259290475143,0.16992191372277832
31,78,19.0,19.5,352,40,312,-2.3519602881212895,-2.3192259290475143,-0.0327343590737752
31,79,19.5,20.0,351,192,159,-2.4079276839618617,-2.3192259290475143,-0.0887017549143474
32,0,-20.0,-19.5,352,95,257,-2.8840880760554044,-2.4944075883020993,-0.3896804877533051
32,1,-19.5,-19.0,351,161,190,-2.4343771083822467,-2.4944075883020993,0.06003047991985255
32,2,-19.0,-18.5,351,66,285,-2.6157791581070478,-2.4944075883020993,-0.12137156980494845
32,3,-18.5,-18.0,351,127,224,-2.1833941308131872,-2.4944075883020993,0.31101345748891207
32,4,-18.0,-17.5,352,191,161,-2.716761131192522,-2.4944075883020993,-0.22235354289042286
32,5,-17.5,-17.0,351,151,200,-2.216085304597591,-2.4944075883020993,0.2783222837045085
32,6,-17.0,-16.5,351,44,307,-3.030142578261585,-2.4944075883020993,-0.5357349899594857
32,7,-16.5,-16.0,352,262,90,-2.49683185564339,-2.4944075883020993,-0.0024242673412908644
32,8,-16.0,-15.5,351,243,108,-2.1134860225106737,-2.4944075883020993,0.38092156579142555
32,9,-15.5,-15.0,351,15,336,-2.878280197340414,-2.4944075883020993,-0.38387260903831466
32,10,-15.0,-14.5,351,219,132,-2.507382161534334,-2.4944075883020993,-0.012974573232234832
32,11,-14.5,-14.0,352,141,211,-2.916036809366156,-2.4944075883020993,-0.42162922106405665
32,12,-14.0,-13.5,351,114,237,-2.2795720419133576,-2.4944075883020993,0.2148355463887417
32,13,-13.5,-13.0,351,202,149,-2.504612090727459,-2.4944075883020993,-0.010204502425359863
32,14,-13.0,-12.5,352,0,352,,-2.4944075883020993,
32,15,-12.5,-12.0,351,224,127,-2.5872860301169247,-2.4944075883020993,-0.09287844181482541
32,16,-12.0,-11.5,351,136,215,-2.218069089470893,-2.4944075883020993,0.2763384988312061
32,17,-11.5,-11.0,351,1,350,-3.1367644875856584,-2.4944075883020993,-0.6423568992835591
32,18,-11.0,-10.5,352,125,227,-2.332947265850713,-2.4944075883020993,0.16146032245138642
32,19,-10.5,-10.0,351,124,227,-2.3267729423758006,-2.4944075883020993,0.16763464592629873
32,20,-10.0,-9.5,351,43,308,-2.4931909320583654,-2.4944075883020993,0.0012166562437339046
32,21,-9.5,-9.0,352,133,219,-2.4944075883020993,-2.4944075883020993,0.0
32,22,-9.0,-8.5,351,164,187,-2.42592689367577,-2.4944075883020993,0.06848069462632944
32,23,-8.5,-8.0,351,0,351,,-2.4944075883020993,
32,24,-8.0,-7.5,351,207,144,-2.619628492018665,-2.4944075883020993,-0.1252209037165657
32,25,-7.5,-7.0,352,210,142,-2.497795019000384,-2.4944075883020993,-0.0033874306982846214
32,26,-7.0,-6.5,351,4,347,-4.049947487398146,-2.4944075883020993,-1.555539899096047
32,27,-6.5,-6.0,351,147,204,-2.3137385253380858,-2.4944075883020993,0.18066906296401353
32,28,-6.0,-5.5,352,44,308,-2.2234041659354276,-2.4944075883020993,0.27100342236667174
32,29,-5.5,-5.0,351,100,251,-2.4154923394395613,-2.4944075883020993,0.07891524886253798
32,30,-5.0,-4.5,351,125,226,-2.3053847392021614,-2.4944075883020993,0.18902284909993794
32,31,-4.5,-4.0,351,0,351,,-2.4944075883020993,
32,32,-4.0,-3.5,352,163,189,-2.479580229989637,-2.4944075883020993,0.014827358312462291
32,33,-3.5,-3.0,351,215,136,-2.650086508877132,-2.4944075883020993,-0.15567892057503263
32,34,-3.0,-2.5,351,97,254,-3.0822249847240113,-2.4944075883020993,-0.587817396421912
32,35,-2.5,-2.0,352,181,171,-2.6464487869884854,-2.4944075883020993,-0.1520411986863861
32,36,-2.0,-1.5,351,173,178,-3.031502159926508,-2.4944075883020993,-0.5370945716244089
32,37,-1.5,-1.0,351,124,227,-2.2448129639578616,-2.4944075883020993,0.24959462434423774
32,38,-1.0,-0.5,351,79,272,-2.2695244825639067,-2.4944075883020993,0.2248831057381926
32,39,-0.5,0.0,352,134,218,-2.920007254837728,-2.4944075883020993,-0.42559966653562853
32,40,0.0,0.5,351,128,223,-2.3457499425912713,-2.4944075883020993,0.14865764571082796
32,41,0.5,1.0,351,0,351,,-2.4944075883020993,
32,42,1.0,1.5,352,106,246,-2.2208012489438875,-2.4944075883020993,0.27360633935821177
32,43,1.5,2.0,351,121,230,-2.8710810973976932,-2.4944075883020993,-0.37667350909559394
32,44,2.0,2.5,351,109,242,-2.5792397764413577,-2.4944075883020993,-0.08483218813925841
32,45,2.5,3.0,351,0,351,,-2.4944075883020993,
32,46,3.0,3.5,352,171,181,-2.6186201055804728,-2.4944075883020993,-0.12421251727837346
32,47,3.5,4.0,351,186,165,-2.7513505856091394,-2.4944075883020993,-0.25694299730704007
32,48,4.0,4.5,351,99,252,-2.546617122594002,-2.4944075883020993,-0.05220953429190267
32,49,4.5,5.0,352,89,263,-2.896825144013964,-2.4944075883020993,-0.40241755571186477
32,50,5.0,5.5,351,94,257,-2.5976781376461666,-2.4944075883020993,-0.10327054934406732
32,51,5.5,6.0,351,112,239,-2.7003977095306793,-2.4944075883020993,-0.20599012122857996
32,52,6.0,6.5,351,119,232,-2.315817618949938,-2.4944075883020993,0.17858996935216132
32,53,6.5,7.0,352,253,99,-2.7924013633166838,-2.4944075883020993,-0.29799377501458446
32,54,7.0,7.5,351,18,333,-2.6419063439397346,-2.4944075883020993,-0.14749875563763526
32,55,7.5,8.0,351,190,161,-2.6963395748059584,-2.4944075883020993,-0.20193198650385913
32,56,8.0,8.5,352,64,288,-3.1970793696193773,-2.4944075883020993,-0.702671781317278
32,57,8.5,9.0,351,166,185,-2.743758885680977,-2.4944075883020993,-0.24935129737887785
32,58,9.0,9.5,351,246,105,-2.3159018295330824,-2.4944075883020993,0.17850575876901686
32,59,9.5,10.0,351,295,56,-2.358356695944198,-2.4944075883020993,0.13605089235790135
32,60,10.0,10.5,352,209,143,-2.323427287398939,-2.4944075883020993,0.1709803009031603
32,61,10.5,11.0,351,225,126,-2.5656113518024197,-2.4944075883020993,-0.07120376350032043
32,62,11.0,11.5,351,173,178,-2.5703683497353036,-2.4944075883020993,-0.0759607614332043
32,63,11.5,12.0,352,60,292,-2.8050361605191405,-2.4944075883020993,-0.3106285722170412
32,64,12.0,12.5,351,299,52,-2.2911178436739448,-2.4944075883020993,0.20328974462815452
32,65,12.5,13.0,351,64,287,-3.3964133435556603,-2.4944075883020993,-0.902005755253561
32,66,13.0,13.5,351,0,351,,-2.4944075883020993,
32,67,13.5,14.0,352,136,216,-3.1766336720468242,-2.4944075883020993,-0.6822260837447249
32,68,14.0,14.5,351,45,306,-3.072182799981992,-2.4944075883020993,-0.5777752116798927
32,69,14.5,15.0,351,0,351,,-2.4944075883020993,
32,70,15.0,15.5,352,101,251,-2.844181213111497,-2.4944075883020993,-0.3497736248093979
32,71,15.5,16.0,351,100,251,-2.885781508740127,-2.4944075883020993,-0.39137392043802777
32,72,16.0,16.5,351,92,259,-3.0062407828801683,-2.4944075883020993,-0.511833194578069
32,73,16.5,17.0,351,71,280,-3.1534779318369703,-2.4944075883020993,-0.659070343534871
32,74,17.0,17.5,352,109,243,-2.9534984914402083,-2.4944075883020993,-0.45909090313810896
32,75,17.5,18.0,351,161,190,-2.9292950714611092,-2.4944075883020993,-0.43488748315900994
32,76,18.0,18.5,351,89,262,-3.1360534653192724,-2.4944075883020993,-0.6416458770171731
32,77,18.5,19.0,352,51,301,-2.996095592181673,-2.4944075883020993,-0.5016880038795737
32,78,19.0,19.5,351,16,335,-2.9079519416666186,-2.4944075883020993,-0.41354435336451933
32,79,19.5,20.0,351,109,242,-3.069148917466341,-2.4944075883020993,-0.5747413291642416
33,0,-20.0,-19.5,352,207,145,-2.588735477665741,-2.4668179699407227,-0.1219175077250183
33,1,-19.5,-19.0,351,102,249,-2.9098332522304284,-2.4668179699407227,-0.44301528228970577
33,2,-19.0,-18.5,351,127,224,-2.5182445873213872,-2.4668179699407227,-0.05142661738066456
33,3,-18.5,-18.0,351,186,165,-2.3794433237678807,-2.4668179699407227,0.08737464617284196
33,4,-18.0,-17.5,352,156,196,-2.8013323481015515,-2.4668179699407227,-0.33451437816082885
33,5,-17.5,-17.0,351,99,252,-2.4109031495322815,-2.4668179699407227,0.0559148204084412
33,6,-17.0,-16.5,351,211,140,-2.582590285376543,-2.4668179699407227,-0.11577231543582034
33,7,-16.5,-16.0,352,175,177,-2.645643620723389,-2.4668179699407227,-0.1788256507826662
33,8,-16.0,-15.5,351,173,178,-2.7766807865426397,-2.4668179699407227,-0.30986281660191706
33,9,-15.5,-15.0,351,149,202,-2.64344538345345,-2.4668179699407227,-0.17662741351272748
33,10,-15.0,-14.5,351,140,211,-2.389689033669809,-2.4668179699407227,0.07712893627091377
33,11,-14.5,-14.0,352,128,224,-2.3041426301835735,-2.4668179699407227,0.1626753397571492
33,12,-14.0,-13.5,351,0,351,,-2.4668179699407227,
33,13,-13.5,-13.0,351,206,145,-2.518787993696313,-2.4668179699407227,-0.05197002375559023
33,14,-13.0,-12.5,352,90,262,-2.484565427752159,-2.4668179699407227,-0.017747457811436274
33,15,-12.5,-12.0,351,39,312,-2.4025945278962464,-2.4668179699407227,0.06422344204447628
33,16,-12.0,-11.5,351,85,266,-2.229364345113805,-2.4668179699407227,0.23745362482691768
33,17,-11.5,-11.0,351,105,246,-2.5465792176100823,-2.4668179699407227,-0.07976124766935966
33,18,-11.0,-10.5,352,43,309,-2.78359501499821,-2.4668179699407227,-0.31677704505748716
33,19,-10.5,-10.0,351,207,144,-2.782423250873569,-2.4668179699407227,-0.31560528093284645
33,20,-10.0,-9.5,351,100,251,-2.4407558989552056,-2.4668179699407227,0.02606207098551705
33,21,-9.5,-9.0,352,140,212,-2.4668179699407227,-2.4668179699407227,0.0
33,22,-9.0,-8.5,351,86,265,-2.2881146711360754,-2.4668179699407227,0.1787032988046473
33,23,-8.5,-8.0,351,95,256,-3.077856737625551,-2.4668179699407227,-0.6110387676848283
33,24,-8.0,-7.5,351,175,176,-2.7028517609399962,-2.4668179699407227,-0.23603379099927357
33,25,-7.5,-7.0,352,187,165,-2.675793549884586,-2.4668179699407227,-0.2089755799438633
33,26,-7.0,-6.5,351,178,173,-2.4217225158841234,-2.4668179699407227,0.045095454056599316
33,27,-6.5,-6.0,351,48,303,-2.1304300409128616,-2.4668179699407227,0.3363879290278611
33,28,-6.0,-5.5,352,53,299,-2.3555588337603934,-2.4668179699407227,0.11125913618032923
33,29,-5.5,-5.0,351,112,239,-2.4174710191551827,-2.4668179699407227,0.04934695078553997
33,30,-5.0,-4.5,351,73,278,-2.1884905664351586,-2.4668179699407227,0.27832740350556406
33,31,-4.5,-4.0,351,147,204,-2.7393353967277685,-2.4668179699407227,-0.2725174267870458
33,32,-4.0,-3.5,352,141,211,-2.5508764708405915,-2.4668179699407227,-0.08405850089986888
33,33,-3.5,-3.0,351,160,191,-2.638276307758339,-2.4668179699407227,-0.17145833781761644
33,34,-3.0,-2.5,351,110,241,-2.508473373222462,-2.4668179699407227,-0.041655403281739556
33,35,-2.5,-2.0,352,85,267,-2.2991983926006734,-2.4668179699407227,0.16761957734004929
33,36,-2.0,-1.5,351,59,292,-2.2968800997704264,-2.4668179699407227,0.16993787017029627
33,37,-1.5,-1.0,351,150,201,-2.4709569559637483,-2.4668179699407227,-0.004138986023025648
33,38,-1.0,-0.5,351,110,241,-2.3561230820871346,-2.4668179699407227,0.11069488785358805
33,39,-0.5,0.0,352,140,212,-2.5173364116275874,-2.4668179699407227,-0.0505184416868647
33,40,0.0,0.5,351,55,296,-2.5194329326412093,-2.4668179699407227,-0.0526149627004866
33,41,0.5,1.0,351,59,292,-2.376592592125538,-2.4668179699407227,0.09022537781518469
33,42,1.0,1.5,352,135,217,-2.780318397489418,-2.4668179699407227,-0.31350042754869545
33,43,1.5,2.0,351,152,199,-2.7670006665810942,-2.4668179699407227,-0.30018269664037156
33,44,2.0,2.5,351,23,328,-3.0664100877774363,-2.4668179699407227,-0.5995921178367136
33,45,2.5,3.0,351,214,137,-2.599329026970458,-2.4668179699407227,-0.1325110570297352
33,46,3.0,3.5,352,119,233,-2.9306643840586957,-2.4668179699407227,-0.463846414117973
33,47,3.5,4.0,351,188,163,-2.5762509653125925,-2.4668179699407227,-0.10943299537186979
33,48,4.0,4.5,351,1,350,-3.724411864167425,-2.4668179699407227,-1.2575938942267024
33,49,4.5,5.0,352,93,259,-2.93798988394766,-2.4668179699407227,-0.47117191400693725
33,50,5.0,5.5,351,126,225,-2.629402360805301,-2.4668179699407227,-0.16258439086457832
33,51,5.5,6.0,351,129,222,-2.872389889488063,-2.4668179699407227,-0.4055719195473402
33,52,6.0,6.5,351,47,304,-2.480252901690882,-2.4668179699407227,-0.013434931750159418
33,53,6.5,7.0,352,82,270,-2.7181131715713187,-2.4668179699407227,-0.25129520163059604
33,54,7.0,7.5,351,74,277,-2.5265402257975333,-2.4668179699407227,-0.05972225585681068
33,55,7.5,8.0,351,216,135,-2.6548354282214235,-2.4668179699407227,-0.18801745828070082
33,56,8.0,8.5,352,122,230,-2.5600105442702388,-2.4668179699407227,-0.09319257432951611
33,57,8.5,9.0,351,55,296,-2.936966990734059,-2.4668179699407227,-0.47014902079333654
33,58,9.0,9.5,351,254,97,-2.500591824953554,-2.4668179699407227,-0.033773855012831255
33,59,9.5,10.0,351,263,88,-2.5382443089898925,-2.4668179699407227,-0.07142633904916984
33,60,10.0,10.5,352,226,126,-2.436672041291268,-2.4668179699407227,0.030145928649454756
33,61,10.5,11.0,351,299,52,-2.544757482836578,-2.4668179699407227,-0.07793951289585532
33,62,11.0,11.5,351,90,261,-2.3109467583297274,-2.4668179699407227,0.15587121161099526
33,63,11.5,12.0,352,122,230,-2.6810702623628337,-2.4668179699407227,-0.21425229242211108
33,64,12.0,12.5,351,0,351,,-2.4668179699407227,
33,65,12.5,13.0,351,0,351,,-2.4668179699407227,
33,66,13.0,13.5,351,42,309,-3.1039756202828466,-2.4668179699407227,-0.6371576503421239
33,67,13.5,14.0,352,0,352,,-2.4668179699407227,
33,68,14.0,14.5,351,0,351,,-2.4668179699407227,
33,69,14.5,15.0,351,0,351,,-2.4668179699407227,
33,70,15.0,15.5,352,0,352,,-2.4668179699407227,
33,71,15.5,16.0,351,104,247,-3.0122316878907336,-2.4668179699407227,-0.5454137179500109
33,72,16.0,16.5,351,0,351,,-2.4668179699407227,
33,73,16.5,17.0,351,49,302,-2.9366616499081575,-2.4668179699407227,-0.4698436799674348
33,74,17.0,17.5,352,0,352,,-2.4668179699407227,
33,75,17.5,18.0,351,0,351,,-2.4668179699407227,
33,76,18.0,18.5,351,48,303,-2.9525739494984395,-2.4668179699407227,-0.4857559795577169
33,77,18.5,19.0,352,0,352,,-2.4668179699407227,
33,78,19.0,19.5,351,128,223,-3.0962547396260716,-2.4668179699407227,-0.6294367696853489
33,79,19.5,20.0,351,213,138,-2.365237434297301,-2.4668179699407227,0.10158053564342184
34,0,-20.0,-19.5,352,153,199,-2.6455194897182297,-2.4386755723077425,-0.20684391741048724
34,1,-19.5,-19.0,351,145,206,-2.5366948191816068,-2.4386755723077425,-0.09801924687386432
34,2,-19.0,-18.5,351,218,133,-2.8524907992068664,-2.4386755723077425,-0.413815226899124
34,3,-18.5,-18.0,352,28,324,-2.917829578762558,-2.4386755723077425,-0.47915400645481565
34,4,-18.0,-17.5,351,127,224,-2.705851409550332,-2.4386755723077425,-0.2671758372425894
34,5,-17.5,-17.0,351,129,222,-2.483203440129614,-2.4386755723077425,-0.04452786782187168
34,6,-17.0,-16.5,351,115,236,-2.465114399960328,-2.4386755723077425,-0.02643882765258576
34,7,-16.5,-16.0,352,100,252,-2.4912808273812894,-2.4386755723077425,-0.052605255073546964
34,8,-16.0,-15.5,351,132,219,-2.961383119383199,-2.4386755723077425,-0.5227075470754565
34,9,-15.5,-15.0,351,159,192,-2.832938299121213,-2.4386755723077425,-0.39426272681347063
34,10,-15.0,-14.5,352,110,242,-2.4386755723077425,-2.4386755723077425,0.0
34,11,-14.5,-14.0,351,109,242,-2.4229309435448902,-2.4386755723077425,0.01574462876285221
34,12,-14.0,-13.5,351,161,190,-2.4189307965627087,-2.4386755723077425,0.01974477574503375
34,13,-13.5,-13.0,351,95,256,-2.5333192791312746,-2.4386755723077425,-0.09464370682353218
34,14,-13.0,-12.5,352,146,206,-2.507490273590925,-2.4386755723077425,-0.06881470128318234
34,15,-12.5,-12.0,351,160,191,-2.205646325185986,-2.4386755723077425,0.23302924712175654
34,16,-12.0,-11.5,351,109,242,-2.3430294365196613,-2.4386755723077425,0.09564613578808112
34,17,-11.5,-11.0,352,127,225,-2.6652450389991444,-2.4386755723077425,-0.226569466691402
34,18,-11.0,-10.5,351,233,118,-2.614745876299038,-2.4386755723077425,-0.17607030399129542
34,19,-10.5,-10.0,351,134,217,-2.8917159091365057,-2.4386755723077425,-0.4530403368287632
34,20,-10.0,-9.5,351,206,145,-2.5403876559116814,-2.4386755723077425,-0.10171208360393891
34,21,-9.5,-9.0,352,0,352,,-2.4386755723077425,
34,22,-9.0,-8.5,351,121,230,-2.143835162346695,-2.4386755723077425,0.29484040996104754
34,23,-8.5,-8.0,351,120,231,-2.2832552708843865,-2.4386755723077425,0.15542030142335594
34,24,-8.0,-7.5,352,58,294,-2.9218916944581683,-2.4386755723077425,-0.48321612215042586
34,25,-7.5,-7.0,351,130,221,-2.2680543299507434,-2.4386755723077425,0.17062124235699905
34,26,-7.0,-6.5,351,131,220,-2.356558566480198,-2.4386755723077425,0.08211700582754444
34,27,-6.5,-6.0,351,132,219,-3.1068511522895372,-2.4386755723077425,-0.6681755799817948
34,28,-6.0,-5.5,352,204,148,-2.6158302955113553,-2.4386755723077425,-0.1771547232036128
34,29,-5.5,-5.0,351,118,233,-2.160289828469746,-2.4386755723077425,0.27838574383799664
34,30,-5.0,-4.5,351,42,309,-3.1354018546050715,-2.4386755723077425,-0.696726282297329
34,31,-4.5,-4.0,352,135,217,-2.3143676858943065,-2.4386755723077425,0.12430788641343593
34,32,-4.0,-3.5,351,180,171,-2.5563061388511192,-2.4386755723077425,-0.11763056654337678
34,33,-3.5,-3.0,351,123,228,-2.6816097852318976,-2.4386755723077425,-0.24293421292415518
34,34,-3.0,-2.5,351,46,305,-2.4221228100657886,-2.4386755723077425,0.0165527622419539
34,35,-2.5,-2.0,352,195,157,-2.560941398009629,-2.4386755723077425,-0.12226582570188649
34,36,-2.0,-1.5,351,107,244,-2.383034950293131,-2.4386755723077425,0.055640622014611285
34,37,-1.5,-1.0,351,54,297,-2.4867834103271074,-2.4386755723077425,-0.04810783801936491
34,38,-1.0,-0.5,352,120,232,-2.3470478724166126,-2.4386755723077425,0.09162769989112984
34,39,-0.5,0.0,351,151,200,-2.147321032883215,-2.4386755723077425,0.2913545394245274
34,40,0.0,0.5,351,11,340,-3.079207665473314,-2.4386755723077425,-0.6405320931655716
34,41,0.5,1.0,351,128,223,-2.275161343408712,-2.4386755723077425,0.16351422889903056
34,42,1.0,1.5,352,44,308,-3.2267632838861386,-2.4386755723077425,-0.7880877115783962
34,43,1.5,2.0,351,27,324,-2.4317166326915194,-2.4386755723077425,0.00695893961622307
34,44,2.0,2.5,351,116,235,-2.2621464972600798,-2.4386755723077425,0.1765290750476627
34,45,2.5,3.0,352,181,171,-2.7472401568290974,-2.4386755723077425,-0.30856458452135493
34,46,3.0,3.5,351,14,337,-3.141470975164858,-2.4386755723077425,-0.7027954028571157
34,47,3.5,4.0,351,199,152,-2.7621131446367104,-2.4386755723077425,-0.32343757232896797
34,48,4.0,4.5,351,97,254,-2.399495354168507,-2.4386755723077425,0.039180218139235556
34,49,4.5,5.0,352,205,147,-2.6932934161624607,-2.4386755723077425,-0.2546178438547182
34,50,5.0,5.5,351,71,280,-3.206146046176277,-2.4386755723077425,-0.7674704738685345
34,51,5.5,6.0,351,221,130,-2.7745649649888415,-2.4386755723077425,-0.3358893926810991
34,52,6.0,6.5,352,139,213,-2.4852771496447406,-2.4386755723077425,-0.0466015773369981
34,53,6.5,7.0,351,65,286,-3.0365075970824322,-2.4386755723077425,-0.5978320247746898
34,54,7.0,7.5,351,186,165,-2.7546786022553813,-2.4386755723077425,-0.31600302994763885
34,55,7.5,8.0,351,93,258,-2.8984119877713406,-2.4386755723077425,-0.4597364154635981
34,56,8.0,8.5,352,166,186,-2.8125921850676967,-2.4386755723077425,-0.37391661275995425
34,57,8.5,9.0,351,120,231,-2.425087593700386,-2.4386755723077425,0.013587978607356277
34,58,9.0,9.5,351,198,153,-2.674326560462218,-2.4386755723077425,-0.23565098815447572
34,59,9.5,10.0,352,188,164,-2.4002672857996736,-2.4386755723077425,0.03840828650806882
34,60,10.0,10.5,351,181,170,-2.216876484029699,-2.4386755723077425,0.2217990882780434
34,61,10.5,11.0,351,221,130,-2.3564326397338267,-2.4386755723077425,0.0822429325739158
34,62,11.0,11.5,351,61,290,-2.8453873063318404,-2.4386755723077425,-0.406711734024098
34,63,11.5,12.0,352,135,217,-2.407012824080826,-2.4386755723077425,0.03166274822691628
34,64,12.0,12.5,351,50,301,-3.196277480394346,-2.4386755723077425,-0.7576019080866034
34,65,12.5,13.0,351,0,351,,-2.4386755723077425,
34,66,13.0,13.5,352,54,298,-3.246081826030025,-2.4386755723077425,-0.8074062537222826
34,67,13.5,14.0,351,69,282,-2.8880960552699806,-2.4386755723077425,-0.44942048296223813
34,68,14.0,14.5,351,60,291,-3.319496198836879,-2.4386755723077425,-0.8808206265291365
34,69,14.5,15.0,351,49,302,-3.1235369219685984,-2.4386755723077425,-0.684861349660856
34,70,15.0,15.5,352,147,205,-3.0160140160565354,-2.4386755723077425,-0.577338443748793
34,71,15.5,16.0,351,95,256,-2.879501497973264,-2.4386755723077425,-0.44082592566552137
34,72,16.0,16.5,351,0,351,,-2.4386755723077425,
34,73,16.5,17.0,352,188,164,-2.5425351622069345,-2.4386755723077425,-0.10385958989919208
34,74,17.0,17.5,351,0,351,,-2.4386755723077425,
34,75,17.5,18.0,351,136,215,-2.3839911236362648,-2.4386755723077425,0.0546844486714777
34,76,18.0,18.5,351,51,300,-2.9773303324528495,-2.4386755723077425,-0.538654760145107
34,77,18.5,19.0,352,262,90,-2.4086091075538447,-2.4386755723077425,0.030066464753897737
34,78,19.0,19.5,351,130,221,-2.491580829210209,-2.4386755723077425,-0.05290525690246639
34,79,19.5,20.0,351,304,47,-2.0699538621973046,-2.4386755723077425,0.36872171011043786
35,0,-20.0,-19.5,351,67,284,-2.3925796641019517,-2.415395094811354,0.022815430709402396
35,1,-19.5,-19.0,352,210,142,-2.5270559995221245,-2.415395094811354,-0.11166090471077039
35,2,-19.0,-18.5,351,0,351,,-2.415395094811354,
35,3,-18.5,-18.0,351,98,253,-2.3106681461150074,-2.415395094811354,0.10472694869634669
35,4,-18.0,-17.5,351,67,284,-2.456299855341281,-2.415395094811354,-0.040904760529926865
35,5,-17.5,-17.0,352,274,78,-2.3294099057777276,-2.415395094811354,0.08598518903362651
35,6,-17.0,-16.5,351,177,174,-2.5101787467370547,-2.415395094811354,-0.0947836519257006
35,7,-16.5,-16.0,351,49,302,-2.845758066750873,-2.415395094811354,-0.4303629719395188
35,8,-16.0,-15.5,352,170,182,-2.158691279043115,-2.415395094811354,0.2567038157682391
35,9,-15.5,-15.0,351,90,261,-2.900062942157568,-2.415395094811354,-0.48466784734621404
35,10,-15.0,-14.5,351,129,222,-2.7491322334727344,-2.415395094811354,-0.33373713866138033
35,11,-14.5,-14.0,351,182,169,-2.263888924023051,-2.415395094811354,0.15150617078830297
35,12,-14.0,-13.5,352,61,291,-2.9881857316375595,-2.415395094811354,-0.5727906368262055
35,13,-13.5,-13.0,351,206,145,-2.1281133614992385,-2.415395094811354,0.2872817333121156
35,14,-13.0,-12.5,351,0,351,,-2.415395094811354,
35,15,-12.5,-12.0,352,0,352,,-2.415395094811354,
35,16,-12.0,-11.5,351,303,48,-2.415395094811354,-2.415395094811354,0.0
35,17,-11.5,-11.0,351,23,328,-3.17533247708261,-2.415395094811354,-0.7599373822712558
35,18,-11.0,-10.5,351,140,211,-2.1008785012739732,-2.415395094811354,0.3145165935373808
35,19,-10.5,-10.0,352,100,252,-2.7961281742916517,-2.415395094811354,-0.38073307948029766
35,20,-10.0,-9.5,351,216,135,-2.3607031436076644,-2.415395094811354,0.05469195120368964
35,21,-9.5,-9.0,351,160,191,-3.0160897215395055,-2.415395094811354,-0.6006946267281514
35,22,-9.0,-8.5,352,76,276,-2.169774906616704,-2.415395094811354,0.24562018819465026
35,23,-8.5,-8.0,351,56,295,-2.0610021354524175,-2.415395094811354,0.35439295935893655
35,24,-8.0,-7.5,351,216,135,-2.5372313756908556,-2.415395094811354,-0.12183628087950149
35,25,-7.5,-7.0,351,156,195,-2.763171702132638,-2.415395094811354,-0.347776607321284
35,26,-7.0,-6.5,352,180,172,-2.3528014722051713,-2.415395094811354,0.06259362260618273
35,27,-6.5,-6.0,351,170,181,-2.351081909429822,-2.415395094811354,0.06431318538153219
35,28,-6.0,-5.5,351,0,351,,-2.415395094811354,
35,29,-5.5,-5.0,352,128,224,-2.2244789283165236,-2.415395094811354,0.19091616649483045
35,30,-5.0,-4.5,351,188,163,-2.5503427111126014,-2.415395094811354,-0.1349476163012473
35,31,-4.5,-4.0,351,129,222,-2.091936868139973,-2.415395094811354,0.32345822667138124
35,32,-4.0,-3.5,351,131,220,-2.004471738303121,-2.415395094811354,0.4109233565082331
35,33,-3.5,-3.0,352,48,304,-2.7142005528315263,-2.415395094811354,-0.2988054580201722
35,34,-3.0,-2.5,351,143,208,-2.1451388904693234,-2.415395094811354,0.2702562043420307
35,35,-2.5,-2.0,351,73,278,-3.2660365805945624,-2.415395094811354,-0.8506414857832083
35,36,-2.0,-1.5,352,188,164,-2.5592594142362195,-2.415395094811354,-0.14386431942486544
35,37,-1.5,-1.0,351,137,214,-2.2750486659722022,-2.415395094811354,0.14034642883915183
35,38,-1.0,-0.5,351,159,192,-3.0420810153288276,-2.415395094811354,-0.6266859205174735
35,39,-0.5,0.0,351,163,188,-2.749526511293468,-2.415395094811354,-0.33413141648211386
35,40,0.0,0.5,352,0,352,,-2.415395094811354,
35,41,0.5,1.0,351,136,215,-2.3577979371600657,-2.415395094811354,0.057597157651288367
35,42,1.0,1.5,351,0,351,,-2.415395094811354,
35,43,1.5,2.0,352,182,170,-2.4845247785022133,-2.415395094811354,-0.06912968369085926
35,44,2.0,2.5,351,184,167,-2.690073561725196,-2.415395094811354,-0.274678466913842
35,45,2.5,3.0,351,85,266,-3.1286411017064935,-2.415395094811354,-0.7132460068951394
35,46,3.0,3.5,351,168,183,-2.782841173830375,-2.415395094811354,-0.3674460790190208
35,47,3.5,4.0,352,0,352,,-2.415395094811354,
35,48,4.0,4.5,351,84,267,-2.456355103505282,-2.415395094811354,-0.04096000869392791
35,49,4.5,5.0,351,79,272,-2.476406372370103,-2.415395094811354,-0.06101127755874902
35,50,5.0,5.5,352,137,215,-3.0809348795387055,-2.415395094811354,-0.6655397847273514
35,51,5.5,6.0,351,216,135,-2.672028096196888,-2.415395094811354,-0.2566330013855338
35,52,6.0,6.5,351,128,223,-2.8197310290903403,-2.415395094811354,-0.4043359342789863
35,53,6.5,7.0,351,92,259,-2.9294813648340554,-2.415395094811354,-0.5140862700227014
35,54,7.0,7.5,352,162,190,-2.904446733950218,-2.415395094811354,-0.48905163913886396
35,55,7.5,8.0,351,0,351,,-2.415395094811354,
35,56,8.0,8.5,351,109,242,-2.9643041097606653,-2.415395094811354,-0.5489090149493112
35,57,8.5,9.0,352,0,352,,-2.415395094811354,
35,58,9.0,9.5,351,222,129,-2.4190473028999877,-2.415395094811354,-0.003652208088633646
35,59,9.5,10.0,351,266,85,-2.2119490747354282,-2.415395094811354,0.20344602007592583
35,60,10.0,10.5,351,195,156,-2.4414290223494106,-2.415395094811354,-0.026033927538056556
35,61,10.5,11.0,352,113,239,-2.4666501015745856,-2.415395094811354,-0.05125500676323158
35,62,11.0,11.5,351,71,280,-2.5325924386820513,-2.415395094811354,-0.11719734387069725
35,63,11.5,12.0,351,85,266,-2.910112143768684,-2.415395094811354,-0.4947170489573298
35,64,12.0,12.5,352,0,352,,-2.415395094811354,
35,65,12.5,13.0,351,93,258,-3.3450553379001384,-2.415395094811354,-0.9296602430887844
35,66,13.0,13.5,351,74,277,-2.990868655581582,-2.415395094811354,-0.5754735607702282
35,67,13.5,14.0,351,0,351,,-2.415395094811354,
35,68,14.0,14.5,352,83,269,-3.143485768518828,-2.415395094811354,-0.7280906737074742
35,69,14.5,15.0,351,35,316,-2.722635846528252,-2.415395094811354,-0.3072407517168978
35,70,15.0,15.5,351,0,351,,-2.415395094811354,
35,71,15.5,16.0,352,59,293,-3.324698682983735,-2.415395094811354,-0.909303588172381
35,72,16.0,16.5,351,64,287,-2.862207671060353,-2.415395094811354,-0.4468125762489987
35,73,16.5,17.0,351,0,351,,-2.415395094811354,
35,74,17.0,17.5,351,100,251,-2.9535710759402853,-2.415395094811354,-0.5381759811289313
35,75,17.5,18.0,352,0,352,,-2.415395094811354,
35,76,18.0,18.5,351,104,247,-2.3376962548248725,-2.415395094811354,0.07769883998648153
35,77,18.5,19.0,351,14,337,-3.0500929575360245,-2.415395094811354,-0.6346978627246704
35,78,19.0,19.5,352,158,194,-2.3133289543134232,-2.415395094811354,0.10206614049793084
35,79,19.5,20.0,351,181,170,-2.0859066660608296,-2.415395094811354,0.3294884287505244
36,0,-20.0,-19.5,352,97,255,-2.548261637390294,-2.4648550403683327,-0.08340659702196129
36,1,-19.5,-19.0,351,115,236,-2.5303926988067844,-2.4648550403683327,-0.06553765843845172
36,2,-19.0,-18.5,351,139,212,-2.4161481972401835,-2.4648550403683327,0.04870684312814921
36,3,-18.5,-18.0,352,152,200,-2.260995413594057,-2.4648550403683327,0.2038596267742756
36,4,-18.0,-17.5,351,167,184,-2.484859056597449,-2.4648550403683327,-0.020004016229116406
36,5,-17.5,-17.0,351,42,309,-2.7273357294822027,-2.4648550403683327,-0.26248068911387
36,6,-17.0,-16.5,351,155,196,-2.396768988890758,-2.4648550403683327,0.06808605147757474
36,7,-16.5,-16.0,352,198,154,-2.594794229887561,-2.4648550403683327,-0.12993918951922812
36,8,-16.0,-15.5,351,61,290,-2.4830415431331483,-2.4648550403683327,-0.018186502764815593
36,9,-15.5,-15.0,351,104,247,-2.6831225095989577,-2.4648550403683327,-0.218267469230625
36,10,-15.0,-14.5,352,192,160,-2.592840952565706,-2.4648550403683327,-0.12798591219737343
36,11,-14.5,-14.0,351,227,124,-2.521097697807564,-2.4648550403683327,-0.05624265743923118
36,12,-14.0,-13.5,351,32,319,-2.587094423708372,-2.4648550403683327,-0.12223938334003925
36,13,-13.5,-13.0,351,192,159,-2.3559805233739315,-2.4648550403683327,0.1088745169944012
36,14,-13.0,-12.5,352,76,276,-2.7720251723282585,-2.4648550403683327,-0.3071701319599258
36,15,-12.5,-12.0,351,125,226,-2.1800473365305755,-2.4648550403683327,0.2848077038377572
36,16,-12.0,-11.5,351,157,194,-2.1940536188101114,-2.4648550403683327,0.2708014215582213
36,17,-11.5,-11.0,352,98,254,-3.143144490662311,-2.4648550403683327,-0.6782894502939785
36,18,-11.0,-10.5,351,185,166,-2.456679265164849,-2.4648550403683327,0.00817577520348367
36,19,-10.5,-10.0,351,53,298,-3.1218798848720595,-2.4648550403683327,-0.6570248445037268
36,20,-10.0,-9.5,351,189,162,-2.429669512090776,-2.4648550403683327,0.03518552827755661
36,21,-9.5,-9.0,352,66,286,-2.2710909108134336,-2.4648550403683327,0.19376412955489908
36,22,-9.0,-8.5,351,220,131,-2.6257045916458246,-2.4648550403683327,-0.1608495512774919
36,23,-8.5,-8.0,351,161,190,-2.2323898150734265,-2.4648550403683327,0.2324652252949062
36,24,-8.0,-7.5,352,0,352,,-2.4648550403683327,
36,25,-7.5,-7.0,351,0,351,,-2.4648550403683327,
36,26,-7.0,-6.5,351,103,248,-2.6767536114150987,-2.4648550403683327,-0.21189857104676602
36,27,-6.5,-6.0,351,76,275,-2.523576444768632,-2.4648550403683327,-0.05872140440029927
36,28,-6.0,-5.5,352,84,268,-2.473030815571816,-2.4648550403683327,-0.008175775203483227
36,29,-5.5,-5.0,351,124,227,-2.1889054744537324,-2.4648550403683327,0.2759495659146003
36,30,-5.0,-4.5,351,63,288,-3.082648804225759,-2.4648550403683327,-0.6177937638574265
36,31,-4.5,-4.0,352,186,166,-2.539664148706695,-2.4648550403683327,-0.0748091083383624
36,32,-4.0,-3.5,351,93,258,-2.3259866650453773,-2.4648550403683327,0.13886837532295537
36,33,-3.5,-3.0,351,39,312,-2.551520313306319,-2.4648550403683327,-0.08666527293798643
36,34,-3.0,-2.5,351,164,187,-2.402359066560135,-2.4648550403683327,0.062495973808197824
36,35,-2.5,-2.0,352,22,330,-2.7561454701181267,-2.4648550403683327,-0.291290429749794
36,36,-2.0,-1.5,351,181,170,-2.062518023150911,-2.4648550403683327,0.4023370172174219
36,37,-1.5,-1.0,351,58,293,-2.251196456129001,-2.4648550403683327,0.2136585842393317
36,38,-1.0,-0.5,352,98,254,-2.2127958428733923,-2.4648550403683327,0.25205919749494043
36,39,-0.5,0.0,351,179,172,-2.25710343591399,-2.4648550403683327,0.2077516044543426
36,40,0.0,0.5,351,74,277,-2.2044741871230853,-2.4648550403683327,0.2603808532452474
36,41,0.5,1.0,351,70,281,-2.6901385257860007,-2.4648550403683327,-0.22528348541766796
36,42,1.0,1.5,352,172,180,-2.7355227117790823,-2.4648550403683327,-0.27066767141074966
36,43,1.5,2.0,351,41,310,-2.893601681074441,-2.4648550403683327,-0.42874664070610846
36,44,2.0,2.5,351,127,224,-2.309663661217742,-2.4648550403683327,0.15519137915059078
36,45,2.5,3.0,352,109,243,-2.42761573807858,-2.4648550403683327,0.03723930228975281
36,46,3.0,3.5,351,68,283,-2.9185110703080617,-2.4648550403683327,-0.453656029939729
36,47,3.5,4.0,351,125,226,-2.49637665825438,-2.4648550403683327,-0.03152161788604735
36,48,4.0,4.5,351,166,185,-2.403844826719957,-2.4648550403683327,0.06101021364837589
36,49,4.5,5.0,352,120,232,-2.4947308064134597,-2.4648550403683327,-0.029875766045126984
36,50,5.0,5.5,351,108,243,-2.7615083282832815,-2.4648550403683327,-0.2966532879149488
36,51,5.5,6.0,351,58,293,-2.433772556863441,-2.4648550403683327,0.031082483504891734
36,52,6.0,6.5,352,85,267,-2.2672776888314092,-2.4648550403683327,0.19757735153692346
36,53,6.5,7.0,351,199,152,-2.6130260236586693,-2.4648550403683327,-0.14817098329033662
36,54,7.0,7.5,351,101,250,-2.5743350228903576,-2.4648550403683327,-0.10947998252202495
36,55,7.5,8.0,351,64,287,-2.5196214109808635,-2.4648550403683327,-0.05476637061253076
36,56,8.0,8.5,352,115,237,-2.5103429252967313,-2.4648550403683327,-0.045487884928398614
36,57,8.5,9.0,351,4,347,-2.2134873271701814,-2.4648550403683327,0.2513677131981513
36,58,9.0,9.5,351,205,146,-2.5990567521860615,-2.4648550403683327,-0.13420171181772877
36,59,9.5,10.0,352,223,129,-2.2500881153224426,-2.4648550403683327,0.21476692504589012
36,60,10.0,10.5,351,281,70,-2.2742954778926645,-2.4648550403683327,0.1905595624756682
36,61,10.5,11.0,351,129,222,-2.51366375283296,-2.4648550403683327,-0.04880871246462748
36,62,11.0,11.5,351,140,211,-2.6555614170907913,-2.4648550403683327,-0.1907063767224586
36,63,11.5,12.0,352,0,352,,-2.4648550403683327,
36,64,12.0,12.5,351,136,215,-2.211819094087355,-2.4648550403683327,0.2530359462809777
36,65,12.5,13.0,351,153,198,-2.670238490243,-2.4648550403683327,-0.20538344987466717
36,66,13.0,13.5,352,0,352,,-2.4648550403683327,
36,67,13.5,14.0,351,48,303,-3.0253502961602163,-2.4648550403683327,-0.5604952557918836
36,68,14.0,14.5,351,85,266,-3.2573219431502056,-2.4648550403683327,-0.7924669027818729
36,69,14.5,15.0,351,152,199,-3.012590579627341,-2.4648550403683327,-0.5477355392590084
36,70,15.0,15.5,352,40,312,-3.3361050908028296,-2.4648550403683327,-0.8712500504344969
36,71,15.5,16.0,351,30,321,-2.901276176327805,-2.4648550403683327,-0.4364211359594723
36,72,16.0,16.5,351,25,326,-3.4453422115123247,-2.4648550403683327,-0.980487171143992
36,73,16.5,17.0,352,58,294,-3.1236513330634974,-2.4648550403683327,-0.6587962926951647
36,74,17.0,17.5,351,0,351,,-2.4648550403683327,
36,75,17.5,18.0,351,8,343,-3.449272023992145,-2.4648550403683327,-0.9844169836238121
36,76,18.0,18.5,351,53,298,-3.013026646558138,-2.4648550403683327,-0.5481716061898054
36,77,18.5,19.0,352,117,235,-2.2711524357041157,-2.4648550403683327,0.19370260466421696
36,78,19.0,19.5,351,188,163,-2.234849328727624,-2.4648550403683327,0.23000571164070882
36,79,19.5,20.0,351,163,188,-1.969700846622737,-2.4648550403683327,0.49515419374559566
37,0,-20.0,-19.5,351,197,154,-2.56884986323452,-2.573974684413071,0.005124821178550842
37,1,-19.5,-19.0,352,85,267,-2.1932513455398284,-2.573974684413071,0.3807233388732425
37,2,-19.0,-18.5,351,90,261,-2.8824715595312043,-2.573974684413071,-0.3084968751181334
37,3,-18.5,-18.0,351,165,186,-2.4923968492887987,-2.573974684413071,0.08157783512427219
37,4,-18.0,-17.5,351,172,179,-2.4961089071026596,-2.573974684413071,0.07786577731041122
37,5,-17.5,-17.0,352,124,228,-2.513743441620089,-2.573974684413071,0.06023124279298209
37,6,-17.0,-16.5,351,91,260,-2.746835930119282,-2.573974684413071,-0.1728612457062111
37,7,-16.5,-16.0,351,229,122,-2.6807281322074576,-2.573974684413071,-0.10675344779438678
37,8,-16.0,-15.5,352,142,210,-2.508442505665914,-2.573974684413071,0.06553217874715678
37,9,-15.5,-15.0,351,40,311,-2.297389559424297,-2.573974684413071,0.27658512498877386
37,10,-15.0,-14.5,351,73,278,-2.322663123083786,-2.573974684413071,0.25131156132928467
37,11,-14.5,-14.0,351,102,249,-2.4451681722332133,-2.573974684413071,0.1288065121798576
37,12,-14.0,-13.5,352,136,216,-2.541741041996568,-2.573974684413071,0.03223364241650284
37,13,-13.5,-13.0,351,84,267,-2.779721753322282,-2.573974684413071,-0.20574706890921135
37,14,-13.0,-12.5,351,47,304,-2.5659883349218062,-2.573974684413071,0.007986349491264644
37,15,-12.5,-12.0,352,102,250,-2.357852366339462,-2.573974684413071,0.2161223180736087
37,16,-12.0,-11.5,351,112,239,-2.644363560341735,-2.573974684413071,-0.07038887592866416
37,17,-11.5,-11.0,351,99,252,-2.425605478698802,-2.573974684413071,0.14836920571426893
37,18,-11.0,-10.5,351,33,318,-2.830106769751863,-2.573974684413071,-0.25613208533879206
37,19,-10.5,-10.0,352,166,186,-2.5300931666149125,-2.573974684413071,0.04388151779815841
37,20,-10.0,-9.5,351,45,306,-2.295361211776186,-2.573974684413071,0.27861347263688474
37,21,-9.5,-9.0,351,150,201,-2.7947997051508215,-2.573974684413071,-0.22082502073775068
37,22,-9.0,-8.5,352,186,166,-2.6862781278952306,-2.573974684413071,-0.1123034434821597
37,23,-8.5,-8.0,351,207,144,-2.606083550197049,-2.573974684413071,-0.03210886578397831
37,24,-8.0,-7.5,351,111,240,-2.5592807201263414,-2.573974684413071,0.014693964286729422
37,25,-7.5,-7.0,351,20,331,-2.9119258920298443,-2.573974684413071,-0.33795120761677344
37,26,-7.0,-6.5,352,90,262,-2.1980205429186137,-2.573974684413071,0.37595414149445716
37,27,-6.5,-6.0,351,147,204,-2.367813636597629,-2.573974684413071,0.2061610478154421
37,28,-6.0,-5.5,351,93,258,-2.3599946721672547,-2.573974684413071,0.2139800122458162
37,29,-5.5,-5.0,352,135,217,-2.581961033904336,-2.573974684413071,-0.007986349491265088
37,30,-5.0,-4.5,351,46,305,-3.1718486866690094,-2.573974684413071,-0.5978740022559386
37,31,-4.5,-4.0,351,185,166,-2.705618656653708,-2.573974684413071,-0.13164397224063729
37,32,-4.0,-3.5,351,139,212,-2.5825825976294756,-2.573974684413071,-0.00860791321640475
37,33,-3.5,-3.0,352,134,218,-2.6130142288300577,-2.573974684413071,-0.03903954441698687
37,34,-3.0,-2.5,351,103,248,-2.889191857979732,-2.573974684413071,-0.3152171735666611
37,35,-2.5,-2.0,351,88,263,-2.402697399764169,-2.573974684413071,0.17127728464890168
37,36,-2.0,-1.5,352,101,251,-2.545485425627603,-2.573974684413071,0.028489258785467708
37,37,-1.5,-1.0,351,121,230,-2.4971891480946655,-2.573974684413071,0.07678553631840535
37,38,-1.0,-0.5,351,35,316,-2.5830740815952007,-2.573974684413071,-0.00909939718212982
37,39,-0.5,0.0,351,121,230,-2.6474189991254478,-2.573974684413071,-0.07344431471237689
37,40,0.0,0.5,352,193,159,-2.3473414502638463,-2.573974684413071,0.22663323414922454
37,41,0.5,1.0,351,51,300,-3.1516098981813343,-2.573974684413071,-0.5776352137682634
37,42,1.0,1.5,351,151,200,-2.439337374141714,-2.573974684413071,0.13463731027135672
37,43,1.5,2.0,352,127,225,-2.6869673103533316,-2.573974684413071,-0.11299262594026072
37,44,2.0,2.5,351,0,351,,-2.573974684413071,
37,45,2.5,3.0,351,190,161,-2.6278891341622836,-2.573974684413071,-0.05391444974921278
37,46,3.0,3.5,351,124,227,-2.387332505971249,-2.573974684413071,0.18664217844182174
37,47,3.5,4.0,352,14,338,-2.9920287296277133,-2.573974684413071,-0.4180540452146424
37,48,4.0,4.5,351,106,245,-2.4316301181658315,-2.573974684413071,0.14234456624723935
37,49,4.5,5.0,351,107,244,-2.595995720127688,-2.573974684413071,-0.02202103571461711
37,50,5.0,5.5,352,156,196,-2.2238271628493598,-2.573974684413071,0.3501475215637111
37,51,5.5,6.0,351,50,301,-3.0841568498258507,-2.573974684413071,-0.5101821654127798
37,52,6.0,6.5,351,99,252,-2.390551241462346,-2.573974684413071,0.18342344295072488
37,53,6.5,7.0,351,171,180,-2.633168297042131,-2.573974684413071,-0.05919361262905998
37,54,7.0,7.5,352,42,310,-3.0217067287474695,-2.573974684413071,-0.4477320443343986
37,55,7.5,8.0,351,142,209,-2.592461008669969,-2.573974684413071,-0.018486324256898
37,56,8.0,8.5,351,0,351,,-2.573974684413071,
37,57,8.5,9.0,352,112,240,-2.470188264466602,-2.573974684413071,0.10378641994646909
37,58,9.0,9.5,351,215,136,-2.2980369937677523,-2.573974684413071,0.2759376906453186
37,59,9.5,10.0,351,292,59,-2.435255385984807,-2.573974684413071,0.13871929842826392
37,60,10.0,10.5,351,202,149,-2.578810869760798,-2.573974684413071,-0.004836185347727007
37,61,10.5,11.0,352,141,211,-2.5139925023459253,-2.573974684413071,0.05998218206714556
37,62,11.0,11.5,351,145,206,-2.8522074277228495,-2.573974684413071,-0.27823274330977865
37,63,11.5,12.0,351,100,251,-2.2860945230854663,-2.573974684413071,0.2878801613276045
37,64,12.0,12.5,352,51,301,-3.21630825873401,-2.573974684413071,-0.6423335743209391
37,65,12.5,13.0,351,77,274,-2.400686887268835,-2.573974684413071,0.1732877971442357
37,66,13.0,13.5,351,206,145,-2.449930286062563,-2.573974684413071,0.12404439835050773
37,67,13.5,14.0,351,0,351,,-2.573974684413071,
37,68,14.0,14.5,352,98,254,-3.1004542144474376,-2.573974684413071,-0.5264795300343668
37,69,14.5,15.0,351,47,304,-2.9515207082884443,-2.573974684413071,-0.3775460238753734
37,70,15.0,15.5,351,0,351,,-2.573974684413071,
37,71,15.5,16.0,352,0,352,,-2.573974684413071,
37,72,16.0,16.5,351,0,351,,-2.573974684413071,
37,73,16.5,17.0,351,0,351,,-2.573974684413071,
37,74,17.0,17.5,351,0,351,,-2.573974684413071,
37,75,17.5,18.0,352,53,299,-2.961341906000501,-2.573974684413071,-0.38736722158743
37,76,18.0,18.5,351,46,305,-3.0165916435606004,-2.573974684413071,-0.4426169591475295
37,77,18.5,19.0,351,0,351,,-2.573974684413071,
37,78,19.0,19.5,352,0,352,,-2.573974684413071,
37,79,19.5,20.0,351,0,351,,-2.573974684413071,
38,0,-20.0,-19.5,351,113,238,-2.3983989619072443,-2.381735033604562,-0.01666392830268215
38,1,-19.5,-19.0,352,113,239,-2.4180249891200414,-2.381735033604562,-0.0362899555154792
38,2,-19.0,-18.5,351,114,237,-2.349883903474639,-2.381735033604562,0.031851130129923355
38,3,-18.5,-18.0,351,0,351,,-2.381735033604562,
38,4,-18.0,-17.5,352,105,247,-2.498361353936697,-2.381735033604562,-0.11662632033213471
38,5,-17.5,-17.0,351,96,255,-2.988526744417875,-2.381735033604562,-0.606791710813313
38,6,-17.0,-16.5,351,108,243,-2.4899679811976165,-2.381735033604562,-0.10823294759305435
38,7,-16.5,-16.0,351,114,237,-2.485759855251473,-2.381735033604562,-0.10402482164691085
38,8,-16.0,-15.5,352,160,192,-2.649755551341709,-2.381735033604562,-0.26802051773714686
38,9,-15.5,-15.0,351,112,239,-2.4675450277809166,-2.381735033604562,-0.08580999417635438
38,10,-15.0,-14.5,351,134,217,-3.0724183575260913,-2.381735033604562,-0.6906833239215291
38,11,-14.5,-14.0,352,172,180,-2.6042174542504943,-2.381735033604562,-0.22248242064593216
38,12,-14.0,-13.5,351,203,148,-2.6689921458664103,-2.381735033604562,-0.28725711226184814
38,13,-13.5,-13.0,351,155,196,-2.6476010516035156,-2.381735033604562,-0.2658660179989534
38,14,-13.0,-12.5,351,126,225,-2.5832795971395353,-2.381735033604562,-0.20154456353497308
38,15,-12.5,-12.0,352,40,312,-2.3548712142130657,-2.381735033604562,0.026863819391496513
38,16,-12.0,-11.5,351,34,317,-2.283566799266165,-2.381735033604562,0.09816823433839739
38,17,-11.5,-11.0,351,145,206,-2.5395880876933266,-2.381735033604562,-0.15785305408876438
38,18,-11.0,-10.5,352,104,248,-2.3237281609814824,-2.381735033604562,0.0580068726230798
38,19,-10.5,-10.0,351,132,219,-2.550075643108562,-2.381735033604562,-0.16834060950399987
38,20,-10.0,-9.5,351,43,308,-2.6687673285751146,-2.381735033604562,-0.2870322949705524
38,21,-9.5,-9.0,351,94,257,-2.5186216645573447,-2.381735033604562,-0.13688663095278253
38,22,-9.0,-8.5,352,207,145,-2.3707219761415024,-2.381735033604562,0.011013057463059805
38,23,-8.5,-8.0,351,0,351,,-2.381735033604562,
38,24,-8.0,-7.5,351,154,197,-2.381735033604562,-2.381735033604562,0.0
38,25,-7.5,-7.0,352,120,232,-2.3152393956053086,-2.381735033604562,0.06649563799925362
38,26,-7.0,-6.5,351,19,332,-2.9760295005887865,-2.381735033604562,-0.5942944669842243
38,27,-6.5,-6.0,351,120,231,-2.336657118995908,-2.381735033604562,0.04507791460865418
38,28,-6.0,-5.5,351,205,146,-2.213692347908856,-2.381735033604562,0.16804268569570624
38,29,-5.5,-5.0,352,49,303,-2.950661395609864,-2.381735033604562,-0.568926362005302
38,30,-5.0,-4.5,351,202,149,-2.343274615115048,-2.381735033604562,0.038460418489514314
38,31,-4.5,-4.0,351,96,255,-2.089305362192236,-2.381735033604562,0.292429671412326
38,32,-4.0,-3.5,352,63,289,-2.427873277070701,-2.381735033604562,-0.04613824346613882
38,33,-3.5,-3.0,351,134,217,-2.2851172766394203,-2.381735033604562,0.09661775696514185
38,34,-3.0,-2.5,351,194,157,-2.3629300495990586,-2.381735033604562,0.018804984005503567
38,35,-2.5,-2.0,351,58,293,-2.255761959623038,-2.381735033604562,0.12597307398152413
38,36,-2.0,-1.5,352,108,244,-2.1925774303659886,-2.381735033604562,0.18915760323857356
38,37,-1.5,-1.0,351,164,187,-2.6139484684673984,-2.381735033604562,-0.2322134348628362
38,38,-1.0,-0.5,351,53,298,-3.295889667944773,-2.381735033604562,-0.9141546343402109
38,39,-0.5,0.0,352,110,242,-2.27200841434111,-2.381735033604562,0.10972661926345229
38,40,0.0,0.5,351,138,213,-2.339400847265624,-2.381735033604562,0.04233418633893837
38,41,0.5,1.0,351,123,228,-2.512657131903179,-2.381735033604562,-0.13092209829861678
38,42,1.0,1.5,351,0,351,,-2.381735033604562,
38,43,1.5,2.0,352,107,245,-2.321371669378234,-2.381735033604562,0.060363364226328375
38,44,2.0,2.5,351,140,211,-2.5963137426651928,-2.381735033604562,-0.2145787090606306
38,45,2.5,3.0,351,172,179,-2.761822951212527,-2.381735033604562,-0.3800879176079648
38,46,3.0,3.5,352,63,289,-3.078142683144459,-2.381735033604562,-0.6964076495398968
38,47,3.5,4.0,351,90,261,-2.3776119472101183,-2.381735033604562,0.00412308639444392
38,48,4.0,4.5,351,112,239,-2.4106984387585246,-2.381735033604562,-0.02896340515396245
38,49,4.5,5.0,351,39,312,-2.394698571170639,-2.381735033604562,-0.0129635375660766
38,50,5.0,5.5,352,107,245,-2.496458659460121,-2.381735033604562,-0.11472362585555862
38,51,5.5,6.0,351,105,246,-2.4938293503179074,-2.381735033604562,-0.11209431671334524
38,52,6.0,6.5,351,147,204,-2.8509925458820065,-2.381735033604562,-0.4692575122774443
38,53,6.5,7.0,352,48,304,-2.4210435639254237,-2.381735033604562,-0.03930853032086157
38,54,7.0,7.5,351,147,204,-2.771099360157647,-2.381735033604562,-0.3893643265530846
38,55,7.5,8.0,351,91,260,-2.1081961348117306,-2.381735033604562,0.27353889879283155
38,56,8.0,8.5,351,216,135,-2.986075446523556,-2.381735033604562,-0.6043404129189938
38,57,8.5,9.0,352,214,138,-2.752527697340657,-2.381735033604562,-0.37079266373609476
38,58,9.0,9.5,351,222,129,-2.74302454043947,-2.381735033604562,-0.361289506834908
38,59,9.5,10.0,351,298,53,-2.307166376302606,-2.381735033604562,0.07456865730195616
38,60,10.0,10.5,352,220,132,-2.3444731893793858,-2.381735033604562,0.03726184422517642
38,61,10.5,11.0,351,91,260,-2.3524430514255448,-2.381735033604562,0.029291982179017406
38,62,11.0,11.5,351,62,289,-2.40010924704658,-2.381735033604562,-0.01837421344201795
38,63,11.5,12.0,351,8,343,-2.9490909170435406,-2.381735033604562,-0.5673558834389785
38,64,12.0,12.5,352,43,309,-2.7254953337012786,-2.381735033604562,-0.34376030009671643
38,65,12.5,13.0,351,299,52,-2.5078355659275333,-2.381735033604562,-0.12610053232297114
38,66,13.0,13.5,351,14,337,-2.7867099455878788,-2.381735033604562,-0.4049749119833166
38,67,13.5,14.0,352,0,352,,-2.381735033604562,
38,68,14.0,14.5,351,54,297,-3.4446976202391646,-2.381735033604562,-1.0629625866346024
38,69,14.5,15.0,351,7,344,-2.7865600402905395,-2.381735033604562,-0.4048250066859773
38,70,15.0,15.5,351,42,309,-3.124694053720528,-2.381735033604562,-0.7429590201159657
38,71,15.5,16.0,352,47,305,-3.1160123109370534,-2.381735033604562,-0.7342772773324913
38,72,16.0,16.5,351,44,307,-3.187890501856521,-2.381735033604562,-0.8061554682519589
38,73,16.5,17.0,351,72,279,-2.7336533644592524,-2.381735033604562,-0.35191833085469026
38,74,17.0,17.5,352,66,286,-3.0272712492423537,-2.381735033604562,-0.6455362156377915
38,75,17.5,18.0,351,155,196,-2.340140003529391,-2.381735033604562,0.04159503007517129
38,76,18.0,18.5,351,208,143,-2.8341966773018172,-2.381735033604562,-0.45246164369725506
38,77,18.5,19.0,351,170,181,-1.970318884686089,-2.381735033604562,0.4114161489184731
38,78,19.0,19.5,352,209,143,-2.012691579012904,-2.381735033604562,0.3690434545916581
38,79,19.5,20.0,351,0,351,,-2.381735033604562,
39,0,-20.0,-19.5,352,49,303,-2.297354411770057,-2.4901510804380536,0.1927966686679965
39,1,-19.5,-19.0,351,132,219,-2.3582881257073636,-2.4901510804380536,0.13186295473068999
39,2,-19.0,-18.5,351,154,197,-2.5903016848595604,-2.4901510804380536,-0.1001506044215068
39,3,-18.5,-18.0,351,87,264,-2.318165042553094,-2.4901510804380536,0.17198603788495959
39,4,-18.0,-17.5,352,204,148,-2.3331048584076504,-2.4901510804380536,0.1570462220304032
39,5,-17.5,-17.0,351,0,351,,-2.4901510804380536,
39,6,-17.0,-16.5,351,217,134,-2.242348239381967,-2.4901510804380536,0.24780284105608663
39,7,-16.5,-16.0,352,4,348,-2.4322729713349416,-2.4901510804380536,0.057878109103111974
39,8,-16.0,-15.5,351,194,157,-2.2985144420443606,-2.4901510804380536,0.19163663839369294
39,9,-15.5,-15.0,351,52,299,-3.329056953233862,-2.4901510804380536,-0.8389058727958085
39,10,-15.0,-14.5,351,185,166,-2.3691380367179686,-2.4901510804380536,0.12101304372008492
39,11,-14.5,-14.0,352,160,192,-2.5635658958534835,-2.4901510804380536,-0.07341481541542993
39,12,-14.0,-13.5,351,50,301,-2.454731708196541,-2.4901510804380536,0.03541937224151237
39,13,-13.5,-13.0,351,162,189,-2.5076326540252696,-2.4901510804380536,-0.017481573587216026
39,14,-13.0,-12.5,352,42,310,-2.9972628328987136,-2.4901510804380536,-0.5071117524606601
39,15,-12.5,-12.0,351,145,206,-2.469912271448659,-2.4901510804380536,0.020238808989394563
39,16,-12.0,-11.5,351,156,195,-2.4198282417779104,-2.4901510804380536,0.0703228386601431
39,17,-11.5,-11.0,351,146,205,-2.2102662871570375,-2.4901510804380536,0.279884793281016
39,18,-11.0,-10.5,352,198,154,-2.649585729197156,-2.4901510804380536,-0.15943464875910252
39,19,-10.5,-10.0,351,156,195,-2.450593230569272,-2.4901510804380536,0.039557849868781414
39,20,-10.0,-9.5,351,72,279,-2.830797734845751,-2.4901510804380536,-0.34064665440769737
39,21,-9.5,-9.0,352,265,87,-2.895540819273194,-2.4901510804380536,-0.4053897388351406
39,22,-9.0,-8.5,351,215,136,-2.613577587000102,-2.4901510804380536,-0.12342650656204857
39,23,-8.5,-8.0,351,64,287,-3.0068024476318937,-2.4901510804380536,-0.5166513671938402
39,24,-8.0,-7.5,351,189,162,-2.342789415592588,-2.4901510804380536,0.14736166484546542
39,25,-7.5,-7.0,352,169,183,-2.3347289811463865,-2.4901510804380536,0.15542209929166706
39,26,-7.0,-6.5,351,22,329,-3.299914865143635,-2.4901510804380536,-0.8097637847055816
39,27,-6.5,-6.0,351,254,97,-2.4405910283644636,-2.4901510804380536,0.04956005207358993
39,28,-6.0,-5.5,352,198,154,-2.679195362306248,-2.4901510804380536,-0.18904428186819455
39,29,-5.5,-5.0,351,45,306,-3.1746444410563273,-2.4901510804380536,-0.6844933606182737
39,30,-5.0,-4.5,351,114,237,-2.4297656283668108,-2.4901510804380536,0.060385452071242796
39,31,-4.5,-4.0,351,132,219,-2.415098588289823,-2.4901510804380536,0.07505249214823051
39,32,-4.0,-3.5,352,73,279,-2.3580755843169783,-2.4901510804380536,0.13207549612107528
39,33,-3.5,-3.0,351,150,201,-2.566987308215518,-2.4901510804380536,-0.07683622777746457
39,34,-3.0,-2.5,351,197,154,-2.4100799274619784,-2.4901510804380536,0.08007115297607514
39,35,-2.5,-2.0,352,58,294,-2.3708049800381783,-2.4901510804380536,0.11934610039987525
39,36,-2.0,-1.5,351,215,136,-2.7326670500001753,-2.4901510804380536,-0.24251596956212174
39,37,-1.5,-1.0,351,209,142,-2.507377867542808,-2.4901510804380536,-0.017226787104754226
39,38,-1.0,-0.5,351,0,351,,-2.4901510804380536,
39,39,-0.5,0.0,352,198,154,-2.4901510804380536,-2.4901510804380536,0.0
39,40,0.0,0.5,351,141,210,-2.4767683957634903,-2.4901510804380536,0.013382684674563272
39,41,0.5,1.0,351,112,239,-2.8225915587843877,-2.4901510804380536,-0.33244047834633417
39,42,1.0,1.5,352,191,161,-2.540681791769073,-2.4901510804380536,-0.05053071133101961
39,43,1.5,2.0,351,158,193,-2.3588801416518503,-2.4901510804380536,0.13127093878620322
39,44,2.0,2.5,351,59,292,-2.2857037890182004,-2.4901510804380536,0.20444729141985318
39,45,2.5,3.0,351,10,341,-3.2920964187452864,-2.4901510804380536,-0.8019453383072328
39,46,3.0,3.5,352,156,196,-2.4177133932545094,-2.4901510804380536,0.07243768718354415
39,47,3.5,4.0,351,108,243,-2.5980734712317313,-2.4901510804380536,-0.10792239079367771
39,48,4.0,4.5,351,130,221,-3.1957869485876476,-2.4901510804380536,-0.705635868149594
39,49,4.5,5.0,352,203,149,-2.6775759393585634,-2.4901510804380536,-0.18742485892050986
39,50,5.0,5.5,351,174,177,-2.758903882969804,-2.4901510804380536,-0.2687528025317505
39,51,5.5,6.0,351,235,116,-2.892103962805622,-2.4901510804380536,-0.40195288236756843
39,52,6.0,6.5,351,0,351,,-2.4901510804380536,
39,53,6.5,7.0,352,238,114,-2.454209012812007,-2.4901510804380536,0.03594206762604646
39,54,7.0,7.5,351,68,283,-2.28595265239471,-2.4901510804380536,0.20419842804334376
39,55,7.5,8.0,351,111,240,-2.813373787685971,-2.4901510804380536,-0.32322270724791746
39,56,8.0,8.5,352,191,161,-2.5512457406304505,-2.4901510804380536,-0.061094660192396955
39,57,8.5,9.0,351,136,215,-2.547082399029927,-2.4901510804380536,-0.05693131859187339
39,58,9.0,9.5,351,9,342,-3.1771400541675248,-2.4901510804380536,-0.6869889737294712
39,59,9.5,10.0,351,127,224,-2.4313747658561438,-2.4901510804380536,0.058776314581909794
39,60,10.0,10.5,352,7,345,-2.7142254222210997,-2.4901510804380536,-0.2240743417830462
39,61,10.5,11.0,351,129,222,-2.497445923858594,-2.4901510804380536,-0.007294843420540431
39,62,11.0,11.5,351,97,254,-2.7911380833922013,-2.4901510804380536,-0.3009870029541477
39,63,11.5,12.0,352,27,325,-2.64849287919526,-2.4901510804380536,-0.15834179875720666
39,64,12.0,12.5,351,117,234,-2.609667734522728,-2.4901510804380536,-0.11951665408467438
39,65,12.5,13.0,351,292,59,-2.5860957516375445,-2.4901510804380536,-0.0959446711994909
39,66,13.0,13.5,351,51,300,-3.188089083339763,-2.4901510804380536,-0.6979380029017093
39,67,13.5,14.0,352,190,162,-2.4879727004897934,-2.4901510804380536,0.0021783799482602006
39,68,14.0,14.5,351,199,152,-2.6824232070345433,-2.4901510804380536,-0.19227212659648973
39,69,14.5,15.0,351,19,332,-2.7464058112763325,-2.4901510804380536,-0.256254730838279
39,70,15.0,15.5,352,230,122,-2.2982606634762277,-2.4901510804380536,0.19189041696182585
39,71,15.5,16.0,351,4,347,-2.6339326569687564,-2.4901510804380536,-0.1437815765307029
39,72,16.0,16.5,351,180,171,-2.308476180780035,-2.4901510804380536,0.18167489965801842
39,73,16.5,17.0,351,134,217,-2.2501030269066806,-2.4901510804380536,0.24004805353137293
39,74,17.0,17.5,352,52,300,-3.142190146948826,-2.4901510804380536,-0.6520390665107723
39,75,17.5,18.0,351,177,174,-2.334708572427214,-2.4901510804380536,0.15544250801083948
39,76,18.0,18.5,351,159,192,-2.7984336299218313,-2.4901510804380536,-0.30828254948377776
39,77,18.5,19.0,352,85,267,-2.4324000212152557,-2.4901510804380536,0.057751059222797885
39,78,19.0,19.5,351,150,201,-2.487895245669404,-2.4901510804380536,0.002255834768649656
39,79,19.5,20.0,351,177,174,-2.374224396286344,-2.4901510804380536,0.11592668415170948
40,0,-20.0,-19.5,352,114,238,-2.405181876064914,-2.484377330742193,0.07919545467727884
40,1,-19.5,-19.0,351,193,158,-2.481178541630104,-2.484377330742193,0.003198789112088818
40,2,-19.0,-18.5,351,61,290,-3.00126120790947,-2.484377330742193,-0.516883877167277
40,3,-18.5,-18.0,352,140,212,-2.2742034857260753,-2.484377330742193,0.2101738450161177
40,4,-18.0,-17.5,351,102,249,-2.396960173537402,-2.484377330742193,0.08741715720479082
40,5,-17.5,-17.0,351,65,286,-2.585468885178793,-2.484377330742193,-0.1010915544366
40,6,-17.0,-16.5,351,197,154,-2.4396881147333285,-2.484377330742193,0.04468921600886455
40,7,-16.5,-16.0,352,98,254,-2.338282318213281,-2.484377330742193,0.146095012528912
40,8,-16.0,-15.5,351,58,293,-2.3648881174656555,-2.484377330742193,0.1194892132765375
40,9,-15.5,-15.0,351,196,155,-2.273644837760612,-2.484377330742193,0.21073249298158103
40,10,-15.0,-14.5,352,193,159,-2.66410966180423,-2.484377330742193,-0.1797323310620369
40,11,-14.5,-14.0,351,90,261,-2.345771250722792,-2.484377330742193,0.1386060800194011
40,12,-14.0,-13.5,351,190,161,-2.5991822237971975,-2.484377330742193,-0.11480489305500452
40,13,-13.5,-13.0,351,68,283,-2.734118709457813,-2.484377330742193,-0.24974137871561997
40,14,-13.0,-12.5,352,198,154,-2.6619326812450517,-2.484377330742193,-0.17755535050285864
40,15,-12.5,-12.0,351,269,82,-2.6849645055453,-2.484377330742193,-0.20058717480310717
40,16,-12.0,-11.5,351,86,265,-2.2080773821271302,-2.484377330742193,0.2762999486150628
40,17,-11.5,-11.0,352,153,199,-2.26775724933976,-2.484377330742193,0.21662008140243305
40,18,-11.0,-10.5,351,40,311,-2.6522821350411485,-2.484377330742193,-0.1679048042989555
40,19,-10.5,-10.0,351,225,126,-2.402857125340268,-2.484377330742193,0.08152020540192506
40,20,-10.0,-9.5,351,146,205,-2.459941557055016,-2.484377330742193,0.024435773687176976
40,21,-9.5,-9.0,352,103,249,-2.544959730022546,-2.484377330742193,-0.06058239928035292
40,22,-9.0,-8.5,351,254,97,-2.4974182010630446,-2.484377330742193,-0.01304087032085155
40,23,-8.5,-8.0,351,76,275,-2.4948421722291263,-2.484377330742193,-0.010464841486933274
40,24,-8.0,-7.5,352,90,262,-2.2156535409284013,-2.484377330742193,0.26872378981379175
40,25,-7.5,-7.0,351,183,168,-2.238648210994343,-2.484377330742193,0.24572911974785017
40,26,-7.0,-6.5,351,42,309,-2.273647568586423,-2.484377330742193,0.21072976215577022
40,27,-6.5,-6.0,351,170,181,-2.5188742891994913,-2.484377330742193,-0.03449695845729828
40,28,-6.0,-5.5,352,86,266,-3.0025497801125383,-2.484377330742193,-0.5181724493703452
40,29,-5.5,-5.0,351,238,113,-2.4739124892552593,-2.484377330742193,0.010464841486933718
40,30,-5.0,-4.5,351,128,223,-2.274175141115431,-2.484377330742193,0.21020218962676207
40,31,-4.5,-4.0,352,77,275,-2.340893633962044,-2.484377330742193,0.14348369678014894
40,32,-4.0,-3.5,351,104,247,-2.123873262408213,-2.484377330742193,0.36050406833397997
40,33,-3.5,-3.0,351,16,335,-3.001226501143344,-2.484377330742193,-0.5168491704011511
40,34,-3.0,-2.5,351,234,117,-2.448325161775216,-2.484377330742193,0.03605216896697705
40,35,-2.5,-2.0,352,189,163,-2.5067199148493238,-2.484377330742193,-0.022342584107130747
40,36,-2.0,-1.5,351,73,278,-2.986360402500506,-2.484377330742193,-0.5019830717583131
40,37,-1.5,-1.0,351,187,164,-2.238720775823505,-2.484377330742193,0.2456565549186882
40,38,-1.0,-0.5,352,57,295,-2.9726408031998264,-2.484377330742193,-0.48826347245763335
40,39,-0.5,0.0,351,170,181,-2.233980812873339,-2.484377330742193,0.25039651786885386
40,40,0.0,0.5,351,144,207,-2.3357767200577557,-2.484377330742193,0.1486006106844373
40,41,0.5,1.0,351,114,237,-2.876766836802745,-2.484377330742193,-0.3923895060605518
40,42,1.0,1.5,352,159,193,-2.679210485238881,-2.484377330742193,-0.19483315449668792
40,43,1.5,2.0,351,115,236,-2.2939646605952766,-2.484377330742193,0.19041267014691643
40,44,2.0,2.5,351,0,351,,-2.484377330742193,
40,45,2.5,3.0,352,94,258,-2.509668014387783,-2.484377330742193,-0.02529068364558995
40,46,3.0,3.5,351,118,233,-2.519199044282421,-2.484377330742193,-0.03482171354022778
40,47,3.5,4.0,351,100,251,-2.685376279937458,-2.484377330742193,-0.20099894919526484
40,48,4.0,4.5,351,169,182,-2.7367948074281956,-2.484377330742193,-0.25241747668600256
40,49,4.5,5.0,352,155,197,-2.7282711359509384,-2.484377330742193,-0.24389380520874537
40,50,5.0,5.5,351,145,206,-2.6160656555246344,-2.484377330742193,-0.1316883247824414
40,51,5.5,6.0,351,101,250,-2.8341423564727894,-2.484377330742193,-0.3497650257305964
40,52,6.0,6.5,352,93,259,-2.5411897057125037,-2.484377330742193,-0.056812374970310664
40,53,6.5,7.0,351,47,304,-3.0891767983164455,-2.484377330742193,-0.6047994675742525
40,54,7.0,7.5,351,133,218,-2.47948015310751,-2.484377330742193,0.004897177634683114
40,55,7.5,8.0,351,44,307,-2.4148209646729533,-2.484377330742193,0.06955636606923976
40,56,8.0,8.5,352,89,263,-2.8420833486978547,-2.484377330742193,-0.3577060179556617
40,57,8.5,9.0,351,101,250,-2.555789899512263,-2.484377330742193,-0.07141256877007018
40,58,9.0,9.5,351,213,138,-2.8795565790971853,-2.484377330742193,-0.3951792483549923
40,59,9.5,10.0,352,277,75,-2.4707264475458546,-2.484377330742193,0.013650883196338448
40,60,10.0,10.5,351,245,106,-2.1655229337082313,-2.484377330742193,0.3188543970339617
40,61,10.5,11.0,351,198,153,-2.495592185825707,-2.484377330742193,-0.011214855083514053
40,62,11.0,11.5,351,0,351,,-2.484377330742193,
40,63,11.5,12.0,352,64,288,-2.4629567684995557,-2.484377330742193,0.02142056224263733
40,64,12.0,12.5,351,0,351,,-2.484377330742193,
40,65,12.5,13.0,351,0,351,,-2.484377330742193,
40,66,13.0,13.5,352,0,352,,-2.484377330742193,
40,67,13.5,14.0,351,0,351,,-2.484377330742193,
40,68,14.0,14.5,351,0,351,,-2.484377330742193,
40,69,14.5,15.0,351,97,254,-3.421109503113819,-2.484377330742193,-0.936732172371626
40,70,15.0,15.5,352,7,345,-3.400455237837243,-2.484377330742193,-0.9160779070950498
40,71,15.5,16.0,351,0,351,,-2.484377330742193,
40,72,16.0,16.5,351,49,302,-3.343415760730376,-2.484377330742193,-0.8590384299881828
40,73,16.5,17.0,352,0,352,,-2.484377330742193,
40,74,17.0,17.5,351,0,351,,-2.484377330742193,
40,75,17.5,18.0,351,15,336,-3.342074901465001,-2.484377330742193,-0.8576975707228081
40,76,18.0,18.5,351,26,325,-2.973196605699803,-2.484377330742193,-0.4888192749576099
40,77,18.5,19.0,352,25,327,-2.4204864253081673,-2.484377330742193,0.06389090543402576
40,78,19.0,19.5,351,262,89,-2.0920649773168885,-2.484377330742193,0.39231235342530457
40,79,19.5,20.0,351,60,291,-3.015943618627613,-2.484377330742193,-0.5315662878854202
41,0,-20.0,-19.5,351,164,187,-2.6228170342502937,-2.606350784808467,-0.01646624944182662
41,1,-19.5,-19.0,351,136,215,-2.41924706723638,-2.606350784808467,0.1871037175720871
41,2,-19.0,-18.5,352,135,217,-2.7639107516315105,-2.606350784808467,-0.1575599668230434
41,3,-18.5,-18.0,351,101,250,-2.575902284273537,-2.606350784808467,0.0304485005349302
41,4,-18.0,-17.5,351,150,201,-2.4907113323344348,-2.606350784808467,0.11563945247403229
41,5,-17.5,-17.0,352,169,183,-2.4180775942150836,-2.606350784808467,0.18827319059338343
41,6,-17.0,-16.5,351,153,198,-2.7801767575664327,-2.606350784808467,-0.17382597275796563
41,7,-16.5,-16.0,351,107,244,-2.469324912687053,-2.606350784808467,0.13702587212141415
41,8,-16.0,-15.5,351,137,214,-2.3179414314319287,-2.606350784808467,0.2884093533765384
41,9,-15.5,-15.0,352,128,224,-2.447599643616126,-2.606350784808467,0.15875114119234102
41,10,-15.0,-14.5,351,10,341,-3.546570159160197,-2.606350784808467,-0.94021937435173
41,11,-14.5,-14.0,351,98,253,-2.453510994434814,-2.606350784808467,0.15283979037365292
41,12,-14.0,-13.5,352,108,244,-2.3304054140146127,-2.606350784808467,0.2759453707938544
41,13,-13.5,-13.0,351,53,298,-2.498048551149945,-2.606350784808467,0.10830223365852198
41,14,-13.0,-12.5,351,151,200,-2.6720427140983913,-2.606350784808467,-0.06569192928992429
41,15,-12.5,-12.0,351,164,187,-2.602888144890808,-2.606350784808467,0.0034626399176591605
41,16,-12.0,-11.5,352,91,261,-2.6098134247261258,-2.606350784808467,-0.0034626399176587164
41,17,-11.5,-11.0,351,62,289,-2.446513714895626,-2.606350784808467,0.15983706991284086
41,18,-11.0,-10.5,351,142,209,-2.3116011763638893,-2.606350784808467,0.29474960844457776
41,19,-10.5,-10.0,352,125,227,-2.9357616232204857,-2.606350784808467,-0.3294108384120187
41,20,-10.0,-9.5,351,177,174,-2.5055295257112813,-2.606350784808467,0.10082125909718576
41,21,-9.5,-9.0,351,197,154,-2.9041971769750283,-2.606350784808467,-0.2978463921665613
41,22,-9.0,-8.5,351,85,266,-2.2297364409204112,-2.606350784808467,0.3766143438880558
41,23,-8.5,-8.0,352,58,294,-2.36450538962493,-2.606350784808467,0.2418453951835371
41,24,-8.0,-7.5,351,117,234,-2.396834383652871,-2.606350784808467,0.2095164011555961
41,25,-7.5,-7.0,351,156,195,-2.5823146171341405,-2.606350784808467,0.024036167674326592
41,26,-7.0,-6.5,352,9,343,-2.9926481596824117,-2.606350784808467,-0.38629737487394467
41,27,-6.5,-6.0,351,223,128,-2.6523606765699723,-2.606350784808467,-0.04600989176150527
41,28,-6.0,-5.5,351,116,235,-2.9907634050060246,-2.606350784808467,-0.3844126201975575
41,29,-5.5,-5.0,351,164,187,-2.568081305260036,-2.606350784808467,0.03826947954843085
41,30,-5.0,-4.5,352,59,293,-2.625707867260816,-2.606350784808467,-0.019357082452348795
41,31,-4.5,-4.0,351,60,291,-2.3937324050255024,-2.606350784808467,0.2126183797829646
41,32,-4.0,-3.5,351,139,212,-2.5096204075945248,-2.606350784808467,0.09673037721394229
41,33,-3.5,-3.0,352,130,222,-2.6251210847967474,-2.606350784808467,-0.018770299988280392
41,34,-3.0,-2.5,351,41,310,-3.0416414403970147,-2.606350784808467,-0.4352906555885476
41,35,-2.5,-2.0,351,178,173,-2.671516142190323,-2.606350784808467,-0.06516535738185603
41,36,-2.0,-1.5,351,33,318,-2.938780793642794,-2.606350784808467,-0.33243000883432705
41,37,-1.5,-1.0,352,153,199,-2.5763411367341713,-2.606350784808467,0.030009648074295736
41,38,-1.0,-0.5,351,71,280,-2.9009620815857944,-2.606350784808467,-0.29461129677732734
41,39,-0.5,0.0,351,173,178,-2.7847703737892378,-2.606350784808467,-0.1784195889807707
41,40,0.0,0.5,352,116,236,-2.824772587820989,-2.606350784808467,-0.218421803012522
41,41,0.5,1.0,351,147,204,-2.7375422495943162,-2.606350784808467,-0.1311914647858492
41,42,1.0,1.5,351,168,183,-2.572820781655473,-2.606350784808467,0.03353000315299415
41,43,1.5,2.0,351,92,259,-2.5427780297821627,-2.606350784808467,0.06357275502630433
41,44,2.0,2.5,352,134,218,-2.8070296853769467,-2.606350784808467,-0.2006789005684797
41,45,2.5,3.0,351,62,289,-2.690963755073695,-2.606350784808467,-0.08461297026522807
41,46,3.0,3.5,351,155,196,-2.5995998659251103,-2.606350784808467,0.006750918883356771
41,47,3.5,4.0,352,3,349,-3.7896955772843754,-2.606350784808467,-1.1833447924759084
41,48,4.0,4.5,351,200,151,-2.8589975410364783,-2.606350784808467,-0.25264675622801125
41,49,4.5,5.0,351,98,253,-3.196045999448187,-2.606350784808467,-0.5896952146397201
41,50,5.0,5.5,351,212,139,-2.8898870221890425,-2.606350784808467,-0.28353623738057543
41,51,5.5,6.0,352,60,292,-3.2711593530571794,-2.606350784808467,-0.6648085682487124
41,52,6.0,6.5,351,84,267,-2.388906512284865,-2.606350784808467,0.21744427252360188
41,53,6.5,7.0,351,171,180,-2.4512362771616,-2.606350784808467,0.15511450764686696
41,54,7.0,7.5,352,166,186,-2.8774676150819465,-2.606350784808467,-0.27111683027347944
41,55,7.5,8.0,351,93,258,-2.4456105097053165,-2.606350784808467,0.1607402751031506
41,56,8.0,8.5,351,92,259,-3.186144670928951,-2.606350784808467,-0.5797938861204841
41,57,8.5,9.0,351,215,136,-2.3486617207960823,-2.606350784808467,0.2576890640123848
41,58,9.0,9.5,352,207,145,-2.5200495213889953,-2.606350784808467,0.08630126341947175
41,59,9.5,10.0,351,323,28,-2.3444331975639696,-2.606350784808467,0.26191758724449743
41,60,10.0,10.5,351,234,117,-2.28996396132949,-2.606350784808467,0.31638682347897706
41,61,10.5,11.0,352,188,164,-2.4046188155337456,-2.606350784808467,0.20173196927472148
41,62,11.0,11.5,351,121,230,-2.3331879855023714,-2.606350784808467,0.27316279930609566
41,63,11.5,12.0,351,143,208,-2.7445709611232774,-2.606350784808467,-0.13822017631481032
41,64,12.0,12.5,351,79,272,-1.964704567386126,-2.606350784808467,0.641646217422341
41,65,12.5,13.0,352,160,192,-3.1327930079473076,-2.606350784808467,-0.5264422231388406
41,66,13.0,13.5,351,65,286,-2.868500042249446,-2.606350784808467,-0.26214925744097917
41,67,13.5,14.0,351,121,230,-3.0176767808343063,-2.606350784808467,-0.4113259960258393
41,68,14.0,14.5,352,81,271,-3.078871280937996,-2.606350784808467,-0.47252049612952884
41,69,14.5,15.0,351,0,351,,-2.606350784808467,
41,70,15.0,15.5,351,77,274,-3.0436729470434067,-2.606350784808467,-0.4373221622349397
41,71,15.5,16.0,351,60,291,-3.1288769236608673,-2.606350784808467,-0.5225261388524003
41,72,16.0,16.5,352,54,298,-3.1563988209398213,-2.606350784808467,-0.5500480361313542
41,73,16.5,17.0,351,171,180,-2.4992983483789506,-2.606350784808467,0.10705243642951645
41,74,17.0,17.5,351,41,310,-2.9493609856544345,-2.606350784808467,-0.34301020084596745
41,75,17.5,18.0,352,95,257,-3.0615744515970134,-2.606350784808467,-0.4552236667885463
41,76,18.0,18.5,351,2,349,-4.895259716083765,-2.606350784808467,-2.288908931275298
41,77,18.5,19.0,351,59,292,-2.754859005366471,-2.606350784808467,-0.14850822055800394
41,78,19.0,19.5,351,42,309,-2.899699970452617,-2.606350784808467,-0.2933491856441499
41,79,19.5,20.0,352,276,76,-2.6305514349032126,-2.606350784808467,-0.02420065009474559
42,0,-20.0,-19.5,351,131,220,-2.3337763823584616,-2.4451542342183177,0.11137785185985605
42,1,-19.5,-19.0,351,83,268,-2.370565836225113,-2.4451542342183177,0.07458839799320449
42,2,-19.0,-18.5,352,96,256,-2.1843086267245826,-2.4451542342183177,0.2608456074937351
42,3,-18.5,-18.0,351,42,309,-2.6687727777639014,-2.4451542342183177,-0.22361854354558375
42,4,-18.0,-17.5,351,214,137,-2.3886970166739996,-2.4451542342183177,0.056457217544318095
42,5,-17.5,-17.0,352,0,352,,-2.4451542342183177,
42,6,-17.0,-16.5,351,103,248,-2.2742840176456056,-2.4451542342183177,0.17087021657271206
42,7,-16.5,-16.0,351,58,293,-2.2624276989767376,-2.4451542342183177,0.1827265352415801
42,8,-16.0,-15.5,351,152,199,-2.2650647471764067,-2.4451542342183177,0.18008948704191097
42,9,-15.5,-15.0,352,142,210,-2.374055719926905,-2.4451542342183177,0.07109851429141267
42,10,-15.0,-14.5,351,95,256,-2.3733416229445443,-2.4451542342183177,0.07181261127377336
42,11,-14.5,-14.0,351,32,319,-2.26648108820539,-2.4451542342183177,0.17867314601292783
42,12,-14.0,-13.5,352,171,181,-2.5176807287887324,-2.4451542342183177,-0.07252649457041471
42,13,-13.5,-13.0,351,34,317,-3.415535743014491,-2.4451542342183177,-0.9703815087961734
42,14,-13.0,-12.5,351,195,156,-2.513005363901511,-2.4451542342183177,-0.06785112968319318
42,15,-12.5,-12.0,351,154,197,-2.4342421406596357,-2.4451542342183177,0.010912093558681946
42,16,-12.0,-11.5,352,4,348,-4.659980759547974,-2.4451542342183177,-2.214826525329656
42,17,-11.5,-11.0,351,162,189,-2.2380790193540436,-2.4451542342183177,0.20707521486427405
42,18,-11.0,-10.5,351,63,288,-2.3314297143245346,-2.4451542342183177,0.11372451989378307
42,19,-10.5,-10.0,352,63,289,-2.266802933846633,-2.4451542342183177,0.17835130037168456
42,20,-10.0,-9.5,351,249,102,-2.5289586420238312,-2.4451542342183177,-0.08380440780551357
42,21,-9.5,-9.0,351,210,141,-2.419643505921176,-2.4451542342183177,0.02551072829714185
42,22,-9.0,-8.5,351,111,240,-2.7922673681953043,-2.4451542342183177,-0.3471131339769866
42,23,-8.5,-8.0,352,232,120,-2.4086628319678995,-2.4451542342183177,0.03649140225041814
42,24,-8.0,-7.5,351,0,351,,-2.4451542342183177,
42,25,-7.5,-7.0,351,138,213,-2.27634619709318,-2.4451542342183177,0.16880803712513748
42,26,-7.0,-6.5,352,67,285,-2.818803830333936,-2.4451542342183177,-0.3736495961156181
42,27,-6.5,-6.0,351,198,153,-2.159971973565894,-2.4451542342183177,0.28518226065242347
42,28,-6.0,-5.5,351,51,300,-2.8883250229727535,-2.4451542342183177,-0.44317078875443583
42,29,-5.5,-5.0,351,285,66,-2.4560663277769996,-2.4451542342183177,-0.010912093558681946
42,30,-5.0,-4.5,352,241,111,-2.9287374791192895,-2.4451542342183177,-0.4835832449009718
42,31,-4.5,-4.0,351,92,259,-2.3739749149046996,-2.4451542342183177,0.0711793193136181
42,32,-4.0,-3.5,351,194,157,-2.267763164862468,-2.4451542342183177,0.17739106935584958
42,33,-3.5,-3.0,352,19,333,-3.1563498653845365,-2.4451542342183177,-0.7111956311662189
42,34,-3.0,-2.5,351,250,101,-2.5123132476299554,-2.4451542342183177,-0.06715901341163777
42,35,-2.5,-2.0,351,125,226,-3.085898701669695,-2.4451542342183177,-0.6407444674513774
42,36,-2.0,-1.5,351,208,143,-2.3327497960672217,-2.4451542342183177,0.11240443815109602
42,37,-1.5,-1.0,352,0,352,,-2.4451542342183177,
42,38,-1.0,-0.5,351,172,179,-2.2307228551467575,-2.4451542342183177,0.21443137907156018
42,39,-0.5,0.0,351,75,276,-2.696242001314509,-2.4451542342183177,-0.2510877670961915
42,40,0.0,0.5,352,215,137,-2.5887368151860874,-2.4451542342183177,-0.14358258096776977
42,41,0.5,1.0,351,132,219,-2.285787449732583,-2.4451542342183177,0.1593667844857345
42,42,1.0,1.5,351,185,166,-2.656520238886008,-2.4451542342183177,-0.21136600466769018
42,43,1.5,2.0,351,113,238,-2.604413842904448,-2.4451542342183177,-0.15925960868613043
42,44,2.0,2.5,352,0,352,,-2.4451542342183177,
42,45,2.5,3.0,351,115,236,-2.4709207961971087,-2.4451542342183177,-0.025766561978791014
42,46,3.0,3.5,351,173,178,-2.5304822935927636,-2.4451542342183177,-0.08532805937444587
42,47,3.5,4.0,352,10,342,-3.2026427072496917,-2.4451542342183177,-0.757488473031374
42,48,4.0,4.5,351,110,241,-2.344918005831958,-2.4451542342183177,0.10023622838635982
42,49,4.5,5.0,351,149,202,-2.6654877899046,-2.4451542342183177,-0.22033355568628243
42,50,5.0,5.5,351,111,240,-2.8143905717261,-2.4451542342183177,-0.3692363375077825
42,51,5.5,6.0,352,104,248,-2.5623524933882083,-2.4451542342183177,-0.11719825916989057
42,52,6.0,6.5,351,125,226,-2.438155765063821,-2.4451542342183177,0.006998469154496867
42,53,6.5,7.0,351,0,351,,-2.4451542342183177,
42,54,7.0,7.5,352,87,265,-2.3179117882854348,-2.4451542342183177,0.12724244593288292
42,55,7.5,8.0,351,95,256,-2.8514371046032365,-2.4451542342183177,-0.40628287038491884
42,56,8.0,8.5,351,236,115,-2.367611561466041,-2.4451542342183177,0.07754267275227678
42,57,8.5,9.0,351,0,351,,-2.4451542342183177,
42,58,9.0,9.5,352,205,147,-2.598302579751552,-2.4451542342183177,-0.1531483455332343
42,59,9.5,10.0,351,223,128,-2.365724274708591,-2.4451542342183177,0.07942995950972653
42,60,10.0,10.5,351,228,123,-2.2208841892506594,-2.4451542342183177,0.22427004496765823
42,61,10.5,11.0,352,234,118,-2.4876652626933904,-2.4451542342183177,-0.04251102847507271
42,62,11.0,11.5,351,76,275,-2.352750936353666,-2.4451542342183177,0.09240329786465162
42,63,11.5,12.0,351,150,201,-2.1485758779721893,-2.4451542342183177,0.2965783562461284
42,64,12.0,12.5,351,23,328,-2.8641431000460233,-2.4451542342183177,-0.41898886582770567
42,65,12.5,13.0,352,0,352,,-2.4451542342183177,
42,66,13.0,13.5,351,0,351,,-2.4451542342183177,
42,67,13.5,14.0,351,47,304,-3.3017918333207237,-2.4451542342183177,-0.856637599102406
42,68,14.0,14.5,352,56,296,-3.064410325406775,-2.4451542342183177,-0.6192560911884573
42,69,14.5,15.0,351,0,351,,-2.4451542342183177,
42,70,15.0,15.5,351,0,351,,-2.4451542342183177,
42,71,15.5,16.0,351,0,351,,-2.4451542342183177,
42,72,16.0,16.5,352,0,352,,-2.4451542342183177,
42,73,16.5,17.0,351,0,351,,-2.4451542342183177,
42,74,17.0,17.5,351,0,351,,-2.4451542342183177,
42,75,17.5,18.0,352,0,352,,-2.4451542342183177,
42,76,18.0,18.5,351,50,301,-3.719408845464298,-2.4451542342183177,-1.2742546112459805
42,77,18.5,19.0,351,235,116,-2.212286950263107,-2.4451542342183177,0.2328672839552106
42,78,19.0,19.5,351,296,55,-2.394007673785019,-2.4451542342183177,0.05114656043329857
42,79,19.5,20.0,352,116,236,-3.0978340928332733,-2.4451542342183177,-0.6526798586149556
43,0,-20.0,-19.5,352,204,148,-2.484570225460633,-2.3305511282301032,-0.15401909723052976
43,1,-19.5,-19.0,351,44,307,-2.9262720948528624,-2.3305511282301032,-0.5957209666227592
43,2,-19.0,-18.5,351,215,136,-2.7262247212447757,-2.3305511282301032,-0.3956735930146724
43,3,-18.5,-18.0,352,59,293,-2.4576094997237465,-2.3305511282301032,-0.1270583714936433
43,4,-18.0,-17.5,351,185,166,-2.4965227470387457,-2.3305511282301032,-0.16597161880864242
43,5,-17.5,-17.0,351,181,170,-2.369913460219387,-2.3305511282301032,-0.03936233198928374
43,6,-17.0,-16.5,351,26,325,-3.1349563137941163,-2.3305511282301032,-0.8044051855640131
43,7,-16.5,-16.0,352,176,176,-2.415474081740801,-2.3305511282301032,-0.08492295351069767
43,8,-16.0,-15.5,351,196,155,-2.27606256871984,-2.3305511282301032,0.0544885595102631
43,9,-15.5,-15.0,351,70,281,-2.9556446028702887,-2.3305511282301032,-0.6250934746401855
43,10,-15.0,-14.5,352,277,75,-2.4726513982172635,-2.3305511282301032,-0.1421002699871603
43,11,-14.5,-14.0,351,186,165,-2.309750156356439,-2.3305511282301032,0.020800971873664142
43,12,-14.0,-13.5,351,97,254,-3.161526879723926,-2.3305511282301032,-0.8309757514938227
43,13,-13.5,-13.0,351,185,166,-2.4170586786291737,-2.3305511282301032,-0.08650755039907043
43,14,-13.0,-12.5,352,162,190,-2.6086075608094768,-2.3305511282301032,-0.2780564325793735
43,15,-12.5,-12.0,351,163,188,-2.446715761474832,-2.3305511282301032,-0.11616463324472859
43,16,-12.0,-11.5,351,211,140,-2.3273976395166134,-2.3305511282301032,0.0031534887134898604
43,17,-11.5,-11.0,352,3,349,-2.905566090673401,-2.3305511282301032,-0.5750149624432979
43,18,-11.0,-10.5,351,169,182,-2.2653476300079762,-2.3305511282301032,0.06520349822212701
43,19,-10.5,-10.0,351,73,278,-2.2466967980806505,-2.3305511282301032,0.08385433014945276
43,20,-10.0,-9.5,351,85,266,-2.2660283804439105,-2.3305511282301032,0.06452274778619271
43,21,-9.5,-9.0,352,204,148,-2.412146645860375,-2.3305511282301032,-0.08159551763027162
43,22,-9.0,-8.5,351,33,318,-2.2120903106553427,-2.3305511282301032,0.11846081757476057
43,23,-8.5,-8.0,351,98,253,-2.3305511282301032,-2.3305511282301032,0.0
43,24,-8.0,-7.5,352,175,177,-2.3515000036845186,-2.3305511282301032,-0.020948875454415372
43,25,-7.5,-7.0,351,0,351,,-2.3305511282301032,
43,26,-7.0,-6.5,351,204,147,-2.389454153213827,-2.3305511282301032,-0.058903024983723906
43,27,-6.5,-6.0,351,93,258,-2.3122113546704823,-2.3305511282301032,0.01833977355962091
43,28,-6.0,-5.5,352,61,291,-2.124843288576441,-2.3305511282301032,0.20570783965366246
43,29,-5.5,-5.0,351,240,111,-2.26196568288986,-2.3305511282301032,0.06858544534024302
43,30,-5.0,-4.5,351,97,254,-3.326414526369731,-2.3305511282301032,-0.9958633981396279
43,31,-4.5,-4.0,352,201,151,-2.260418523412082,-2.3305511282301032,0.07013260481802108
43,32,-4.0,-3.5,351,0,351,,-2.3305511282301032,
43,33,-3.5,-3.0,351,253,98,-2.4450537439809317,-2.3305511282301032,-0.11450261575082843
43,34,-3.0,-2.5,351,178,173,-2.4835452473214934,-2.3305511282301032,-0.15299411909139016
43,35,-2.5,-2.0,352,17,335,-2.896138046616548,-2.3305511282301032,-0.5655869183864448
43,36,-2.0,-1.5,351,175,176,-2.2423776964212934,-2.3305511282301032,0.08817343180880988
43,37,-1.5,-1.0,351,0,351,,-2.3305511282301032,
43,38,-1.0,-0.5,352,188,164,-2.3276031154535346,-2.3305511282301032,0.0029480127765686426
43,39,-0.5,0.0,351,167,184,-2.2421116222838697,-2.3305511282301032,0.08843950594623351
43,40,0.0,0.5,351,111,240,-3.0120517180836184,-2.3305511282301032,-0.6815005898535151
43,41,0.5,1.0,351,193,158,-2.29079519506531,-2.3305511282301032,0.03975593316479342
43,42,1.0,1.5,352,178,174,-2.675005610162768,-2.3305511282301032,-0.3444544819326647
43,43,1.5,2.0,351,56,295,-3.46940835442917,-2.3305511282301032,-1.1388572261990668
43,44,2.0,2.5,351,126,225,-2.5144460700403113,-2.3305511282301032,-0.18389494181020805
43,45,2.5,3.0,352,191,161,-2.8764781069750445,-2.3305511282301032,-0.5459269787449412
43,46,3.0,3.5,351,0,351,,-2.3305511282301032,
43,47,3.5,4.0,351,232,119,-2.424693094543014,-2.3305511282301032,-0.09414196631291061
43,48,4.0,4.5,351,0,351,,-2.3305511282301032,
43,49,4.5,5.0,352,262,90,-2.7229984035963826,-2.3305511282301032,-0.3924472753662793
43,50,5.0,5.5,351,119,232,-2.433345725360174,-2.3305511282301032,-0.10279459713007055
43,51,5.5,6.0,351,0,351,,-2.3305511282301032,
43,52,6.0,6.5,352,182,170,-2.7230246383918395,-2.3305511282301032,-0.39247351016173626
43,53,6.5,7.0,351,146,205,-2.372583461934444,-2.3305511282301032,-0.042032333704340896
43,54,7.0,7.5,351,95,256,-2.5400156049967193,-2.3305511282301032,-0.20946447676661606
43,55,7.5,8.0,351,90,261,-2.4113025479595116,-2.3305511282301032,-0.08075141972940836
43,56,8.0,8.5,352,209,143,-2.433022640124924,-2.3305511282301032,-0.10247151189482073
43,57,8.5,9.0,351,105,246,-2.74117901140622,-2.3305511282301032,-0.41062788317611654
43,58,9.0,9.5,351,150,201,-2.43685011858297,-2.3305511282301032,-0.1062989903528666
43,59,9.5,10.0,352,190,162,-2.3336933643551676,-2.3305511282301032,-0.0031422361250643682
43,60,10.0,10.5,351,284,67,-2.387771827233773,-2.3305511282301032,-0.05722069900366966
43,61,10.5,11.0,351,158,193,-2.139450128569698,-2.3305511282301032,0.19110099966040517
43,62,11.0,11.5,351,81,270,-3.1491833079039924,-2.3305511282301032,-0.8186321796738891
43,63,11.5,12.0,352,268,84,-2.291035593096991,-2.3305511282301032,0.039515535133112234
43,64,12.0,12.5,351,0,351,,-2.3305511282301032,
43,65,12.5,13.0,351,60,291,-3.0932073499210384,-2.3305511282301032,-0.7626562216909352
43,66,13.0,13.5,352,0,352,,-2.3305511282301032,
43,67,13.5,14.0,351,57,294,-3.199669058259619,-2.3305511282301032,-0.8691179300295158
43,68,14.0,14.5,351,135,216,-3.0823041815120362,-2.3305511282301032,-0.751753053281933
43,69,14.5,15.0,351,138,213,-3.081843715103788,-2.3305511282301032,-0.7512925868736846
43,70,15.0,15.5,352,129,223,-2.9917751740444922,-2.3305511282301032,-0.661224045814389
43,71,15.5,16.0,351,0,351,,-2.3305511282301032,
43,72,16.0,16.5,351,45,306,-2.8462762079713446,-2.3305511282301032,-0.5157250797412414
43,73,16.5,17.0,352,83,269,-3.013767890183324,-2.3305511282301032,-0.6832167619532208
43,74,17.0,17.5,351,320,31,-2.239694032188079,-2.3305511282301032,0.0908570960420243
43,75,17.5,18.0,351,62,289,-2.7175581902068586,-2.3305511282301032,-0.3870070619767554
43,76,18.0,18.5,351,153,198,-2.4141053576921108,-2.3305511282301032,-0.08355422946200752
43,77,18.5,19.0,352,224,128,-2.0429078860146834,-2.3305511282301032,0.2876432422154198
43,78,19.0,19.5,351,42,309,-3.1365687712870978,-2.3305511282301032,-0.8060176430569945
43,79,19.5,20.0,351,228,123,-2.0606240103194526,-2.3305511282301032,0.2699271179106506
44,0,-20.0,-19.5,351,134,217,-2.616239155908131,-2.589793358332802,-0.026445797575329166
44,1,-19.5,-19.0,351,68,283,-3.0187159965877344,-2.589793358332802,-0.4289226382549325
44,2,-19.0,-18.5,352,116,236,-2.6876055428916725,-2.589793358332802,-0.09781218455887064
44,3,-18.5,-18.0,351,121,230,-2.510953941593548,-2.589793358332802,0.0788394167392541
44,4,-18.0,-17.5,351,31,320,-2.8516897940587786,-2.589793358332802,-0.26189643572597676
44,5,-17.5,-17.0,352,89,263,-2.469467193531068,-2.589793358332802,0.12032616480173397
44,6,-17.0,-16.5,351,181,170,-2.7105309171367087,-2.589793358332802,-0.1207375588039068
44,7,-16.5,-16.0,351,163,188,-2.581743222571284,-2.589793358332802,0.008050135761517918
44,8,-16.0,-15.5,351,94,257,-2.589012061473209,-2.589793358332802,0.0007812968595928282
44,9,-15.5,-15.0,352,154,198,-2.380409773274006,-2.589793358332802,0.20938358505879595
44,10,-15.0,-14.5,351,131,220,-2.513273545389902,-2.589793358332802,0.07651981294289989
44,11,-14.5,-14.0,351,56,295,-3.0594032755461003,-2.589793358332802,-0.46960991721329837
44,12,-14.0,-13.5,352,191,161,-2.4800053935378057,-2.589793358332802,0.1097879647949962
44,13,-13.5,-13.0,351,160,191,-2.5626825782794658,-2.589793358332802,0.027110780053336114
44,14,-13.0,-12.5,351,77,274,-3.162778785972761,-2.589793358332802,-0.5729854276399591
44,15,-12.5,-12.0,351,222,129,-2.63274061724622,-2.589793358332802,-0.04294725891341811
44,16,-12.0,-11.5,352,156,196,-2.910486821953895,-2.589793358332802,-0.32069346362109297
44,17,-11.5,-11.0,351,167,184,-2.420923326952016,-2.589793358332802,0.16887003138078605
44,18,-11.0,-10.5,351,77,274,-2.228386605702507,-2.589793358332802,0.3614067526302951
44,19,-10.5,-10.0,352,95,257,-2.7932506920902305,-2.589793358332802,-0.20345733375742858
44,20,-10.0,-9.5,351,123,228,-2.4196031228189496,-2.589793358332802,0.17019023551385226
44,21,-9.5,-9.0,351,75,276,-2.309530867656657,-2.589793358332802,0.28026249067614506
44,22,-9.0,-8.5,351,187,164,-3.021267827936329,-2.589793358332802,-0.4314744696035273
44,23,-8.5,-8.0,352,130,222,-2.4612069133834296,-2.589793358332802,0.12858644494937232
44,24,-8.0,-7.5,351,200,151,-2.4827040512717895,-2.589793358332802,0.10708930706101238
44,25,-7.5,-7.0,351,11,340,-3.1131020738697988,-2.589793358332802,-0.5233087155369969
44,26,-7.0,-6.5,352,120,232,-2.397153711216495,-2.589793358332802,0.192639647116307
44,27,-6.5,-6.0,351,112,239,-2.4331082696731468,-2.589793358332802,0.15668508865965514
44,28,-6.0,-5.5,351,157,194,-2.756639359544913,-2.589793358332802,-0.1668460012121109
44,29,-5.5,-5.0,351,85,266,-2.956443074918789,-2.589793358332802,-0.3666497165859872
44,30,-5.0,-4.5,352,179,173,-2.461568216974438,-2.589793358332802,0.12822514135836371
44,31,-4.5,-4.0,351,1,350,-3.7832113608912175,-2.589793358332802,-1.1934180025584156
44,32,-4.0,-3.5,351,198,153,-2.6156531744770986,-2.589793358332802,-0.025859816144296666
44,33,-3.5,-3.0,352,114,238,-2.584618090386235,-2.589793358332802,0.005175267946567086
44,34,-3.0,-2.5,351,8,343,-2.763398867679343,-2.589793358332802,-0.17360550934654118
44,35,-2.5,-2.0,351,158,193,-2.4615269817474865,-2.589793358332802,0.12826637658531537
44,36,-2.0,-1.5,351,134,217,-2.5949686262793685,-2.589793358332802,-0.005175267946566642
44,37,-1.5,-1.0,352,112,240,-2.541891205135487,-2.589793358332802,0.047902153197314945
44,38,-1.0,-0.5,351,30,321,-3.469718496210848,-2.589793358332802,-0.8799251378780459
44,39,-0.5,0.0,351,218,133,-2.7411681215252934,-2.589793358332802,-0.15137476319249155
44,40,0.0,0.5,352,200,152,-2.7600916046032196,-2.589793358332802,-0.17029824627041767
44,41,0.5,1.0,351,57,294,-3.238145373776578,-2.589793358332802,-0.6483520154437761
44,42,1.0,1.5,351,0,351,,-2.589793358332802,
44,43,1.5,2.0,351,0,351,,-2.589793358332802,
44,44,2.0,2.5,352,204,148,-2.8612087966029742,-2.589793358332802,-0.27141543827017234
44,45,2.5,3.0,351,121,230,-2.7462521716654438,-2.589793358332802,-0.1564588133326419
44,46,3.0,3.5,351,55,296,-2.792826340737553,-2.589793358332802,-0.2030329824047512
44,47,3.5,4.0,352,87,265,-2.62469520618604,-2.589793358332802,-0.03490184785323791
44,48,4.0,4.5,351,71,280,-2.532965665985538,-2.589793358332802,0.0568276923472637
44,49,4.5,5.0,351,69,282,-2.7377392474851825,-2.589793358332802,-0.1479458891523806
44,50,5.0,5.5,351,100,251,-2.5582645118102496,-2.589793358332802,0.03152884652255228
44,51,5.5,6.0,352,52,300,-3.099831102164557,-2.589793358332802,-0.5100377438317549
44,52,6.0,6.5,351,122,229,-2.7561163889412637,-2.589793358332802,-0.16632303060846176
44,53,6.5,7.0,351,82,269,-2.6180181101058513,-2.589793358332802,-0.028224751773049395
44,54,7.0,7.5,352,0,352,,-2.589793358332802,
44,55,7.5,8.0,351,137,214,-2.635607500130416,-2.589793358332802,-0.045814141797614116
44,56,8.0,8.5,351,0,351,,-2.589793358332802,
44,57,8.5,9.0,351,110,241,-2.486842736656971,-2.589793358332802,0.10295062167583069
44,58,9.0,9.5,352,212,140,-2.658632075233389,-2.589793358332802,-0.0688387169005873
44,59,9.5,10.0,351,320,31,-2.2693881905825286,-2.589793358332802,0.3204051677502733
44,60,10.0,10.5,351,328,23,-2.1734302466795565,-2.589793358332802,0.41636311165324535
44,61,10.5,11.0,352,93,259,-2.4522613831626594,-2.589793358332802,0.13753197517014248
44,62,11.0,11.5,351,133,218,-2.1373447726754424,-2.589793358332802,0.45244858565735946
44,63,11.5,12.0,351,0,351,,-2.589793358332802,
44,64,12.0,12.5,351,0,351,,-2.589793358332802,
44,65,12.5,13.0,352,338,14,-2.2676846297319946,-2.589793358332802,0.3221087286008073
44,66,13.0,13.5,351,75,276,-2.4243005699350335,-2.589793358332802,0.16549278839776838
44,67,13.5,14.0,351,45,306,-3.028675374780285,-2.589793358332802,-0.4388820164474829
44,68,14.0,14.5,352,0,352,,-2.589793358332802,
44,69,14.5,15.0,351,87,264,-2.9436795067842003,-2.589793358332802,-0.35388614845139843
44,70,15.0,15.5,351,4,347,-2.9040546925643245,-2.589793358332802,-0.3142613342315226
44,71,15.5,16.0,351,0,351,,-2.589793358332802,
44,72,16.0,16.5,352,0,352,,-2.589793358332802,
44,73,16.5,17.0,351,43,308,-3.067584959872835,-2.589793358332802,-0.4777916015400332
44,74,17.0,17.5,351,103,248,-2.8373059134631,-2.589793358332802,-0.24751255513029813
44,75,17.5,18.0,352,29,323,-2.606189727038714,-2.589793358332802,-0.016396368705912323
44,76,18.0,18.5,351,289,62,-2.337591425943422,-2.589793358332802,0.2522019323893798
44,77,18.5,19.0,351,0,351,,-2.589793358332802,
44,78,19.0,19.5,351,116,235,-2.3561637839154046,-2.589793358332802,0.2336295744173973
44,79,19.5,20.0,352,352,0,-2.145933520762283,-2.589793358332802,0.44385983757051894
45,0,-20.0,-19.5,352,66,286,-3.0490118275507534,-2.5183479165986586,-0.5306639109520948
45,1,-19.5,-19.0,351,111,240,-2.4079863177797933,-2.5183479165986586,0.11036159881886531
45,2,-19.0,-18.5,351,229,122,-2.606133810525528,-2.5183479165986586,-0.0877858939268692
45,3,-18.5,-18.0,351,78,273,-2.6251125133139217,-2.5183479165986586,-0.10676459671526306
45,4,-18.0,-17.5,352,31,321,-2.731966253321704,-2.5183479165986586,-0.2136183367230453
45,5,-17.5,-17.0,351,162,189,-2.6711647984035434,-2.5183479165986586,-0.15281688180488473
45,6,-17.0,-16.5,351,200,151,-2.544554463358997,-2.5183479165986586,-0.02620654676033851
45,7,-16.5,-16.0,352,148,204,-2.866362944641486,-2.5183479165986586,-0.34801502804282736
45,8,-16.0,-15.5,351,74,277,-2.334383827382468,-2.5183479165986586,0.18396408921619045
45,9,-15.5,-15.0,351,20,331,-2.950071334971537,-2.5183479165986586,-0.4317234183728784
45,10,-15.0,-14.5,351,139,212,-2.3336039324700795,-2.5183479165986586,0.18474398412857918
45,11,-14.5,-14.0,352,207,145,-2.617599073890769,-2.5183479165986586,-0.0992511572921102
45,12,-14.0,-13.5,351,163,188,-2.393209607325623,-2.5183479165986586,0.12513830927303582
45,13,-13.5,-13.0,351,76,275,-2.2185318224968196,-2.5183479165986586,0.29981609410183907
45,14,-13.0,-12.5,352,202,150,-2.4320361678537417,-2.5183479165986586,0.08631174874491698
45,15,-12.5,-12.0,351,203,148,-2.365573042251711,-2.5183479165986586,0.1527748743469477
45,16,-12.0,-11.5,351,93,258,-2.9849618421486097,-2.5183479165986586,-0.46661392554995107
45,17,-11.5,-11.0,351,313,38,-2.5399128888626294,-2.5183479165986586,-0.021564972263970805
45,18,-11.0,-10.5,352,112,240,-3.0227355946021897,-2.5183479165986586,-0.504387678003531
45,19,-10.5,-10.0,351,101,250,-2.4841580232516627,-2.5183479165986586,0.03418989334699596
45,20,-10.0,-9.5,351,173,178,-2.514471674591199,-2.5183479165986586,0.0038762420074598403
45,21,-9.5,-9.0,352,137,215,-3.0610448589973567,-2.5183479165986586,-0.542696942398698
45,22,-9.0,-8.5,351,155,196,-2.4550824939105356,-2.5183479165986586,0.06326542268812307
45,23,-8.5,-8.0,351,106,245,-2.4233087195256227,-2.5183479165986586,0.09503919707303599
45,24,-8.0,-7.5,351,79,272,-2.793656061345013,-2.5183479165986586,-0.27530814474635434
45,25,-7.5,-7.0,352,175,177,-2.5369017474705218,-2.5183479165986586,-0.01855383087186313
45,26,-7.0,-6.5,351,219,132,-2.3279824904704376,-2.5183479165986586,0.19036542612822105
45,27,-6.5,-6.0,351,174,177,-3.18523228385156,-2.5183479165986586,-0.6668843672529015
45,28,-6.0,-5.5,352,190,162,-2.5417281796542914,-2.5183479165986586,-0.02338026305563279
45,29,-5.5,-5.0,351,24,327,-2.7080421443424525,-2.5183479165986586,-0.18969422774379385
45,30,-5.0,-4.5,351,116,235,-2.1038504952684294,-2.5183479165986586,0.41449742133022927
45,31,-4.5,-4.0,351,202,149,-2.1462182722253567,-2.5183479165986586,0.372129644373302
45,32,-4.0,-3.5,352,46,306,-2.641128493457167,-2.5183479165986586,-0.12278057685850818
45,33,-3.5,-3.0,351,213,138,-2.522224158606118,-2.5183479165986586,-0.003876242007459396
45,34,-3.0,-2.5,351,119,232,-3.082717749153948,-2.5183479165986586,-0.5643698325552893
45,35,-2.5,-2.0,352,126,226,-2.232923622990116,-2.5183479165986586,0.2854242936085427
45,36,-2.0,-1.5,351,12,339,-3.4579314413633755,-2.5183479165986586,-0.9395835247647168
45,37,-1.5,-1.0,351,185,166,-2.2807582348685087,-2.5183479165986586,0.23758968173014994
45,38,-1.0,-0.5,351,75,276,-2.314365979739152,-2.5183479165986586,0.2039819368595066
45,39,-0.5,0.0,352,130,222,-2.773008500662028,-2.5183479165986586,-0.25466058406336955
45,40,0.0,0.5,351,154,197,-2.406922044893265,-2.5183479165986586,0.11142587170539375
45,41,0.5,1.0,351,111,240,-2.818263932086084,-2.5183479165986586,-0.2999160154874252
45,42,1.0,1.5,352,150,202,-2.39628612884115,-2.5183479165986586,0.12206178775750853
45,43,1.5,2.0,351,111,240,-2.371029478919408,-2.5183479165986586,0.14731843767925046
45,44,2.0,2.5,351,105,246,-2.5272581808249908,-2.5183479165986586,-0.00891026422633212
45,45,2.5,3.0,351,51,300,-3.3571166673770825,-2.5183479165986586,-0.8387687507784238
45,46,3.0,3.5,352,198,154,-2.7797940561914087,-2.5183479165986586,-0.2614461395927501
45,47,3.5,4.0,351,272,79,-2.803138052461382,-2.5183479165986586,-0.2847901358627234
45,48,4.0,4.5,351,189,162,-2.753847018420371,-2.5183479165986586,-0.2354991018217123
45,49,4.5,5.0,352,123,229,-2.832034912187294,-2.5183479165986586,-0.3136869955886352
45,50,5.0,5.5,351,152,199,-2.5854683376502594,-2.5183479165986586,-0.06712042105160076
45,51,5.5,6.0,351,225,126,-2.8531013065117907,-2.5183479165986586,-0.3347533899131321
45,52,6.0,6.5,351,170,181,-3.039284171834458,-2.5183479165986586,-0.5209362552357995
45,53,6.5,7.0,352,119,233,-2.610762653685366,-2.5183479165986586,-0.09241473708670744
45,54,7.0,7.5,351,182,169,-2.548655671032323,-2.5183479165986586,-0.030307754433664513
45,55,7.5,8.0,351,123,228,-2.7014205339265738,-2.5183479165986586,-0.18307261732791513
45,56,8.0,8.5,352,116,236,-3.0064889136376,-2.5183479165986586,-0.4881409970389412
45,57,8.5,9.0,351,191,160,-2.70734354233707,-2.5183479165986586,-0.18899562573841155
45,58,9.0,9.5,351,202,149,-2.6636076476219985,-2.5183479165986586,-0.1452597310233399
45,59,9.5,10.0,351,351,0,-2.456949358378155,-2.5183479165986586,0.06139855822050366
45,60,10.0,10.5,352,271,81,-2.6090461003939924,-2.5183479165986586,-0.09069818379533379
45,61,10.5,11.0,351,219,132,-2.3640180371864052,-2.5183479165986586,0.1543298794122534
45,62,11.0,11.5,351,221,130,-2.433422276854407,-2.5183479165986586,0.08492563974425149
45,63,11.5,12.0,352,160,192,-2.5721140270798912,-2.5183479165986586,-0.05376611048123259
45,64,12.0,12.5,351,168,183,-2.2136629637218723,-2.5183479165986586,0.3046849528767863
45,65,12.5,13.0,351,0,351,,-2.5183479165986586,
45,66,13.0,13.5,351,0,351,,-2.5183479165986586,
45,67,13.5,14.0,352,43,309,-3.3074996306203404,-2.5183479165986586,-0.7891517140216817
45,68,14.0,14.5,351,0,351,,-2.5183479165986586,
45,69,14.5,15.0,351,44,307,-3.0861411890574586,-2.5183479165986586,-0.5677932724588
45,70,15.0,15.5,352,16,336,-2.9938412840941027,-2.5183479165986586,-0.475493367495444
45,71,15.5,16.0,351,0,351,,-2.5183479165986586,
45,72,16.0,16.5,351,0,351,,-2.5183479165986586,
45,73,16.5,17.0,351,0,351,,-2.5183479165986586,
45,74,17.0,17.5,352,0,352,,-2.5183479165986586,
45,75,17.5,18.0,351,5,346,-4.124196678139136,-2.5183479165986586,-1.6058487615404777
45,76,18.0,18.5,351,80,271,-3.472043769735923,-2.5183479165986586,-0.9536958531372646
45,77,18.5,19.0,352,0,352,,-2.5183479165986586,
45,78,19.0,19.5,351,105,246,-3.285658803954976,-2.5183479165986586,-0.7673108873563175
45,79,19.5,20.0,351,0,351,,-2.5183479165986586,
46,0,-20.0,-19.5,352,306,46,-2.4853159937004383,-2.4678079050189985,-0.017508088681439826
46,1,-19.5,-19.0,351,88,263,-3.004113847112107,-2.4678079050189985,-0.5363059420931084
46,2,-19.0,-18.5,351,265,86,-2.2569842948012413,-2.4678079050189985,0.2108236102177572
46,3,-18.5,-18.0,351,128,223,-2.8820339698045436,-2.4678079050189985,-0.41422606478554513
46,4,-18.0,-17.5,352,203,149,-2.3411391746142636,-2.4678079050189985,0.12666873040473492
46,5,-17.5,-17.0,351,0,351,,-2.4678079050189985,
46,6,-17.0,-16.5,351,251,100,-2.571911687729271,-2.4678079050189985,-0.10410378271027243
46,7,-16.5,-16.0,352,0,352,,-2.4678079050189985,
46,8,-16.0,-15.5,351,247,104,-2.4586541305050087,-2.4678079050189985,0.009153774513989799
46,9,-15.5,-15.0,351,102,249,-2.682273639674905,-2.4678079050189985,-0.21446573465590646
46,10,-15.0,-14.5,351,142,209,-2.245854086533921,-2.4678079050189985,0.22195381848507756
46,11,-14.5,-14.0,352,198,154,-2.228600481586109,-2.4678079050189985,0.2392074234328896
46,12,-14.0,-13.5,351,27,324,-2.7815445047872984,-2.4678079050189985,-0.31373659976829993
46,13,-13.5,-13.0,351,183,168,-2.366497256804429,-2.4678079050189985,0.10131064821456937
46,14,-13.0,-12.5,352,50,302,-2.474324550215367,-2.4678079050189985,-0.006516645196368298
46,15,-12.5,-12.0,351,163,188,-2.218905895840176,-2.4678079050189985,0.24890200917882233
46,16,-12.0,-11.5,351,126,225,-2.472917459059671,-2.4678079050189985,-0.0051095540406724815
46,17,-11.5,-11.0,351,84,267,-2.5827071860705564,-2.4678079050189985,-0.11489928105155789
46,18,-11.0,-10.5,352,191,161,-2.4274971915675696,-2.4678079050189985,0.04031071345142889
46,19,-10.5,-10.0,351,24,327,-2.567348104446351,-2.4678079050189985,-0.0995401994273526
46,20,-10.0,-9.5,351,138,213,-2.2310279797420485,-2.4678079050189985,0.23677992527695002
46,21,-9.5,-9.0,352,150,202,-2.24081826135502,-2.4678079050189985,0.22698964366397867
46,22,-9.0,-8.5,351,66,285,-2.3930734201823896,-2.4678079050189985,0.07473448483660894
46,23,-8.5,-8.0,351,190,161,-2.315007302426541,-2.4678079050189985,0.1528006025924573
46,24,-8.0,-7.5,351,67,284,-2.941073969684263,-2.4678079050189985,-0.47326606466526444
46,25,-7.5,-7.0,352,227,125,-2.5019674818223234,-2.4678079050189985,-0.03415957680332493
46,26,-7.0,-6.5,351,120,231,-2.8887298643729014,-2.4678079050189985,-0.42092195935390286
46,27,-6.5,-6.0,351,310,41,-2.4968843874410087,-2.4678079050189985,-0.02907648242201022
46,28,-6.0,-5.5,352,85,267,-2.9398515061291253,-2.4678079050189985,-0.4720436011101268
46,29,-5.5,-5.0,351,214,137,-2.6192162847241374,-2.4678079050189985,-0.15140837970513887
46,30,-5.0,-4.5,351,60,291,-3.2231705620646034,-2.4678079050189985,-0.7553626570456049
46,31,-4.5,-4.0,351,228,123,-2.313123584738741,-2.4678079050189985,0.15468432028025747
46,32,-4.0,-3.5,352,113,239,-2.7230124217327565,-2.4678079050189985,-0.255204516713758
46,33,-3.5,-3.0,351,130,221,-2.317739305026565,-2.4678079050189985,0.1500685999924336
46,34,-3.0,-2.5,351,159,192,-2.59827477936865,-2.4678079050189985,-0.13046687434965154
46,35,-2.5,-2.0,352,81,271,-3.00327202403935,-2.4678079050189985,-0.5354641190203515
46,36,-2.0,-1.5,351,176,175,-2.462698350978326,-2.4678079050189985,0.0051095540406724815
46,37,-1.5,-1.0,351,66,285,-2.443754619977068,-2.4678079050189985,0.024053285041930383
46,38,-1.0,-0.5,351,149,202,-2.279326089772663,-2.4678079050189985,0.18848181524633567
46,39,-0.5,0.0,352,106,246,-2.381425741624413,-2.4678079050189985,0.08638216339458538
46,40,0.0,0.5,351,69,282,-2.327347380075238,-2.4678079050189985,0.1404605249437605
46,41,0.5,1.0,351,189,162,-2.6280578014413463,-2.4678079050189985,-0.16024989642234777
46,42,1.0,1.5,352,120,232,-2.9998795335720336,-2.4678079050189985,-0.5320716285530351
46,43,1.5,2.0,351,89,262,-2.5877242520007773,-2.4678079050189985,-0.11991634698177878
46,44,2.0,2.5,351,146,205,-2.622685683679471,-2.4678079050189985,-0.15487777866047248
46,45,2.5,3.0,351,114,237,-3.011452040221285,-2.4678079050189985,-0.5436441352022867
46,46,3.0,3.5,352,170,182,-2.5923396999268062,-2.4678079050189985,-0.12453179490780775
46,47,3.5,4.0,351,167,184,-2.5660131582686097,-2.4678079050189985,-0.09820525324961116
46,48,4.0,4.5,351,117,234,-2.7060792522090997,-2.4678079050189985,-0.23827134719010123
46,49,4.5,5.0,352,16,336,-2.8238552407836455,-2.4678079050189985,-0.356047335764647
46,50,5.0,5.5,351,131,220,-2.7633086879996807,-2.4678079050189985,-0.29550078298068216
46,51,5.5,6.0,351,115,236,-2.558608810821897,-2.4678079050189985,-0.09080090580289868
46,52,6.0,6.5,351,9,342,-3.4286598774540544,-2.4678079050189985,-0.9608519724350559
46,53,6.5,7.0,352,141,211,-2.9625678971098868,-2.4678079050189985,-0.4947599920908883
46,54,7.0,7.5,351,179,172,-2.7014550296674456,-2.4678079050189985,-0.23364712464844706
46,55,7.5,8.0,351,56,295,-2.5973975109467524,-2.4678079050189985,-0.12958960592775393
46,56,8.0,8.5,352,98,254,-2.3644504926658305,-2.4678079050189985,0.10335741235316798
46,57,8.5,9.0,351,204,147,-2.485523122222409,-2.4678079050189985,-0.017715217203410294
46,58,9.0,9.5,351,213,138,-2.4495350765568977,-2.4678079050189985,0.018272828462100765
46,59,9.5,10.0,352,252,100,-2.4151879329068136,-2.4678079050189985,0.05261997211218494
46,60,10.0,10.5,351,199,152,-2.484335729626827,-2.4678079050189985,-0.016527824607828645
46,61,10.5,11.0,351,237,114,-2.6110211370055647,-2.4678079050189985,-0.14321323198656621
46,62,11.0,11.5,351,45,306,-2.978237844752494,-2.4678079050189985,-0.5104299397334957
46,63,11.5,12.0,352,118,234,-2.554700224360248,-2.4678079050189985,-0.08689231934124964
46,64,12.0,12.5,351,47,304,-3.4203581734940975,-2.4678079050189985,-0.952550268475099
46,65,12.5,13.0,351,0,351,,-2.4678079050189985,
46,66,13.0,13.5,352,0,352,,-2.4678079050189985,
46,67,13.5,14.0,351,0,351,,-2.4678079050189985,
46,68,14.0,14.5,351,0,351,,-2.4678079050189985,
46,69,14.5,15.0,351,53,298,-2.9780373252933927,-2.4678079050189985,-0.5102294202743942
46,70,15.0,15.5,352,43,309,-3.419298648829919,-2.4678079050189985,-0.9514907438109206
46,71,15.5,16.0,351,0,351,,-2.4678079050189985,
46,72,16.0,16.5,351,0,351,,-2.4678079050189985,
46,73,16.5,17.0,352,230,122,-2.3416143799379894,-2.4678079050189985,0.12619352508100912
46,74,17.0,17.5,351,200,151,-2.3521842918770903,-2.4678079050189985,0.11562361314190817
46,75,17.5,18.0,351,0,351,,-2.4678079050189985,
46,76,18.0,18.5,351,163,188,-2.1414043773622105,-2.4678079050189985,0.32640352765678804
46,77,18.5,19.0,352,258,94,-2.127399882975295,-2.4678079050189985,0.34040802204370335
46,78,19.0,19.5,351,24,327,-2.385793584006225,-2.4678079050189985,0.08201432101277328
46,79,19.5,20.0,351,194,157,-2.0649353160156547,-2.4678079050189985,0.4028725890033438
47,0,-20.0,-19.5,351,100,251,-2.440161667122535,-2.6015086440373594,0.16134697691482458
47,1,-19.5,-19.0,351,203,148,-2.6041399262055545,-2.6015086440373594,-0.0026312821681950815
47,2,-19.0,-18.5,351,128,223,-2.759450265149117,-2.6015086440373594,-0.1579416211117577
47,3,-18.5,-18.0,352,96,256,-2.3491708607780453,-2.6015086440373594,0.2523377832593141
47,4,-18.0,-17.5,351,252,99,-2.532804069702776,-2.6015086440373594,0.06870457433458332
47,5,-17.5,-17.0,351,78,273,-2.2041465055565497,-2.6015086440373594,0.3973621384808097
47,6,-17.0,-16.5,352,126,226,-2.2498194008917975,-2.6015086440373594,0.3516892431455618
47,7,-16.5,-16.0,351,134,217,-2.3991836896498313,-2.6015086440373594,0.20232495438752807
47,8,-16.0,-15.5,351,76,275,-2.7667284647969437,-2.6015086440373594,-0.1652198207595843
47,9,-15.5,-15.0,351,172,179,-2.622313360735567,-2.6015086440373594,-0.020804716698207493
47,10,-15.0,-14.5,352,181,171,-2.3828689040092037,-2.6015086440373594,0.21863974002815567
47,11,-14.5,-14.0,351,28,323,-2.6466761020268534,-2.6015086440373594,-0.045167457989494064
47,12,-14.0,-13.5,351,167,184,-2.593796256660503,-2.6015086440373594,0.007712387376856533
47,13,-13.5,-13.0,352,183,169,-2.4445842435318417,-2.6015086440373594,0.1569244005055177
47,14,-13.0,-12.5,351,176,175,-2.694138529477007,-2.6015086440373594,-0.09262988543964745
47,15,-12.5,-12.0,351,192,159,-2.7740824285710386,-2.6015086440373594,-0.17257378453367922
47,16,-12.0,-11.5,351,161,190,-2.5513548830939707,-2.6015086440373594,0.05015376094338864
47,17,-11.5,-11.0,352,189,163,-2.562628010521454,-2.6015086440373594,0.038880633515905316
47,18,-11.0,-10.5,351,83,268,-2.468489417165276,-2.6015086440373594,0.13301922687208334
47,19,-10.5,-10.0,351,264,87,-2.5596271587048345,-2.6015086440373594,0.04188148533252489
47,20,-10.0,-9.5,352,0,352,,-2.6015086440373594,
47,21,-9.5,-9.0,351,191,160,-2.609221031414216,-2.6015086440373594,-0.007712387376856533
47,22,-9.0,-8.5,351,152,199,-2.375988651504219,-2.6015086440373594,0.22551999253314037
47,23,-8.5,-8.0,351,85,266,-2.3200984681573504,-2.6015086440373594,0.28141017588000894
47,24,-8.0,-7.5,352,167,185,-2.5277151816649055,-2.6015086440373594,0.07379346237245388
47,25,-7.5,-7.0,351,225,126,-2.649692949936676,-2.6015086440373594,-0.04818430589931655
47,26,-7.0,-6.5,351,56,295,-2.9614245488718605,-2.6015086440373594,-0.3599159048345011
47,27,-6.5,-6.0,352,139,213,-2.626046862572323,-2.6015086440373594,-0.02453821853496363
47,28,-6.0,-5.5,351,175,176,-2.5610948744305353,-2.6015086440373594,0.04041376960682408
47,29,-5.5,-5.0,351,65,286,-3.0571536947602254,-2.6015086440373594,-0.455645050722866
47,30,-5.0,-4.5,351,264,87,-2.67527830457953,-2.6015086440373594,-0.07376966054217071
47,31,-4.5,-4.0,352,140,212,-2.674628366002514,-2.6015086440373594,-0.07311972196515448
47,32,-4.0,-3.5,351,125,226,-3.1834085482261614,-2.6015086440373594,-0.581899904188802
47,33,-3.5,-3.0,351,115,236,-2.5838547988400644,-2.6015086440373594,0.01765384519729496
47,34,-3.0,-2.5,352,155,197,-2.5636509483088825,-2.6015086440373594,0.03785769572847686
47,35,-2.5,-2.0,351,122,229,-2.7137237419006928,-2.6015086440373594,-0.11221509786333339
47,36,-2.0,-1.5,351,12,339,-3.210993730223129,-2.6015086440373594,-0.6094850861857695
47,37,-1.5,-1.0,351,152,199,-2.5578899973383886,-2.6015086440373594,0.04361864669897075
47,38,-1.0,-0.5,352,165,187,-2.7876630005395615,-2.6015086440373594,-0.18615435650220213
47,39,-0.5,0.0,351,0,351,,-2.6015086440373594,
47,40,0.0,0.5,351,152,199,-2.812427442267057,-2.6015086440373594,-0.21091879822969783
47,41,0.5,1.0,352,152,200,-2.8565297709255173,-2.6015086440373594,-0.2550211268881579
47,42,1.0,1.5,351,67,284,-2.741814937210783,-2.6015086440373594,-0.14030629317342358
47,43,1.5,2.0,351,177,174,-2.680881828734076,-2.6015086440373594,-0.0793731846967165
47,44,2.0,2.5,351,151,200,-2.6902532806697668,-2.6015086440373594,-0.08874463663240739
47,45,2.5,3.0,352,136,216,-2.996258191535231,-2.6015086440373594,-0.3947495474978715
47,46,3.0,3.5,351,141,210,-2.87202457014759,-2.6015086440373594,-0.2705159261102308
47,47,3.5,4.0,351,175,176,-2.7687090120607443,-2.6015086440373594,-0.1672003680233849
47,48,4.0,4.5,352,94,258,-2.547566938356324,-2.6015086440373594,0.0539417056810354
47,49,4.5,5.0,351,65,286,-2.848071720057437,-2.6015086440373594,-0.24656307602007743
47,50,5.0,5.5,351,160,191,-2.6755341049046866,-2.6015086440373594,-0.0740254608673272
47,51,5.5,6.0,351,61,290,-2.838311922961247,-2.6015086440373594,-0.23680327892388764
47,52,6.0,6.5,352,78,274,-2.996762224608074,-2.6015086440373594,-0.39525358057071447
47,53,6.5,7.0,351,168,183,-2.963499268413648,-2.6015086440373594,-0.3619906243762885
47,54,7.0,7.5,351,172,179,-2.798655212775661,-2.6015086440373594,-0.19714656873830183
47,55,7.5,8.0,352,101,251,-2.659681314347349,-2.6015086440373594,-0.05817267030998963
47,56,8.0,8.5,351,11,340,-2.742658565019833,-2.6015086440373594,-0.1411499209824738
47,57,8.5,9.0,351,128,223,-2.779080815011458,-2.6015086440373594,-0.1775721709740985
47,58,9.0,9.5,351,203,148,-2.678019141932413,-2.6015086440373594,-0.07651049789505349
47,59,9.5,10.0,352,329,23,-2.6608120037038914,-2.6015086440373594,-0.059303359666531996
47,60,10.0,10.5,351,265,86,-2.4055680607096614,-2.6015086440373594,0.19594058332769793
47,61,10.5,11.0,351,211,140,-2.633375421759557,-2.6015086440373594,-0.0318667777221977
47,62,11.0,11.5,352,217,135,-2.6787107429304937,-2.6015086440373594,-0.07720209889313434
47,63,11.5,12.0,351,48,303,-1.9142035470737429,-2.6015086440373594,0.6873050969636165
47,64,12.0,12.5,351,104,247,-2.3158575335516405,-2.6015086440373594,0.2856511104857189
47,65,12.5,13.0,351,350,1,-1.7860946769397135,-2.6015086440373594,0.8154139670976459
47,66,13.0,13.5,352,351,1,-2.3304155732685508,-2.6015086440373594,0.2710930707688086
47,67,13.5,14.0,351,351,0,-2.5285563519061953,-2.6015086440373594,0.07295229213116405
47,68,14.0,14.5,351,349,2,-2.580540788106537,-2.6015086440373594,0.0209678559308224
47,69,14.5,15.0,352,352,0,-2.5022513692230532,-2.6015086440373594,0.09925727481430613
47,70,15.0,15.5,351,263,88,-2.5823537771001486,-2.6015086440373594,0.0191548669372108
47,71,15.5,16.0,351,0,351,,-2.6015086440373594,
47,72,16.0,16.5,351,0,351,,-2.6015086440373594,
47,73,16.5,17.0,352,72,280,-3.001027282004744,-2.6015086440373594,-0.39951863796738474
47,74,17.0,17.5,351,109,242,-3.2367067806971486,-2.6015086440373594,-0.6351981366597892
47,75,17.5,18.0,351,0,351,,-2.6015086440373594,
47,76,18.0,18.5,352,64,288,-3.0226987776049583,-2.6015086440373594,-0.42119013356759893
47,77,18.5,19.0,351,186,165,-2.3701367617419966,-2.6015086440373594,0.23137188229536276
47,78,19.0,19.5,351,349,2,-2.386705286198028,-2.6015086440373594,0.21480335783933135
47,79,19.5,20.0,351,274,77,-2.4043830908903825,-2.6015086440373594,0.19712555314697688
48,0,-20.0,-19.5,351,274,77,-2.5540218900414606,-2.6518237330345977,0.0978018429931371
48,1,-19.5,-19.0,351,119,232,-2.78431963130479,-2.6518237330345977,-0.13249589827019248
48,2,-19.0,-18.5,351,166,185,-2.5467557647337875,-2.6518237330345977,0.10506796830081022
48,3,-18.5,-18.0,352,161,191,-2.365093821624733,-2.6518237330345977,0.2867299114098647
48,4,-18.0,-17.5,351,55,296,-3.0513222869468875,-2.6518237330345977,-0.3994985539122897
48,5,-17.5,-17.0,351,245,106,-2.4613249935024553,-2.6518237330345977,0.19049873953214247
48,6,-17.0,-16.5,352,9,343,-3.2582878068795127,-2.6518237330345977,-0.606464073844915
48,7,-16.5,-16.0,351,171,180,-2.4464915065269666,-2.6518237330345977,0.20533222650763117
48,8,-16.0,-15.5,351,208,143,-2.545738369675167,-2.6518237330345977,0.10608536335943075
48,9,-15.5,-15.0,351,58,293,-2.4097451927894618,-2.6518237330345977,0.24207854024513598
48,10,-15.0,-14.5,352,237,115,-2.7161285663470056,-2.6518237330345977,-0.06430483331240788
48,11,-14.5,-14.0,351,40,311,-2.5808716499431092,-2.6518237330345977,0.07095208309148848
48,12,-14.0,-13.5,351,97,254,-2.4915279429501522,-2.6518237330345977,0.1602957900844455
48,13,-13.5,-13.0,352,173,179,-2.4403887798150197,-2.6518237330345977,0.21143495321957806
48,14,-13.0,-12.5,351,43,308,-3.33638722893445,-2.6518237330345977,-0.6845634958998521
48,15,-12.5,-12.0,351,118,233,-2.539834756452004,-2.6518237330345977,0.11198897658259366
48,16,-12.0,-11.5,351,204,147,-2.6243926988992823,-2.6518237330345977,0.027431034135315446
48,17,-11.5,-11.0,352,133,219,-2.698901898574646,-2.6518237330345977,-0.04707816554004829
48,18,-11.0,-10.5,351,12,339,-2.8886420584113566,-2.6518237330345977,-0.23681832537675884
48,19,-10.5,-10.0,351,186,165,-2.475371391549284,-2.6518237330345977,0.17645234148531364
48,20,-10.0,-9.5,352,86,266,-2.6626053408683212,-2.6518237330345977,-0.010781607833723506
48,21,-9.5,-9.0,351,12,339,-2.64365198082538,-2.6518237330345977,0.008171752209217509
48,22,-9.0,-8.5,351,132,219,-2.493085831974928,-2.6518237330345977,0.1587379010596699
48,23,-8.5,-8.0,351,129,222,-2.659995485243815,-2.6518237330345977,-0.008171752209217065
48,24,-8.0,-7.5,352,122,230,-2.6255844316971295,-2.6518237330345977,0.026239301337468213
48,25,-7.5,-7.0,351,171,180,-2.8881735299712803,-2.6518237330345977,-0.23634979693668257
48,26,-7.0,-6.5,351,81,270,-2.7035421458743865,-2.6518237330345977,-0.05171841283978873
48,27,-6.5,-6.0,352,153,199,-2.7778921665324687,-2.6518237330345977,-0.126068433497871
48,28,-6.0,-5.5,351,162,189,-2.809618411080812,-2.6518237330345977,-0.15779467804621428
48,29,-5.5,-5.0,351,106,245,-3.111921232926824,-2.6518237330345977,-0.4600974998922265
48,30,-5.0,-4.5,351,183,168,-2.598110457497038,-2.6518237330345977,0.05371327553755956
48,31,-4.5,-4.0,352,93,259,-2.9495360362918475,-2.6518237330345977,-0.29771230325724973
48,32,-4.0,-3.5,351,120,231,-2.535180995556905,-2.6518237330345977,0.11664273747769283
48,33,-3.5,-3.0,351,198,153,-2.481158851940412,-2.6518237330345977,0.17066488109418554
48,34,-3.0,-2.5,352,221,131,-2.9527809682595874,-2.6518237330345977,-0.3009572352249896
48,35,-2.5,-2.0,351,101,250,-2.4726237074473754,-2.6518237330345977,0.17920002558722237
48,36,-2.0,-1.5,351,113,238,-2.6638070207230475,-2.6518237330345977,-0.011983287688449806
48,37,-1.5,-1.0,351,146,205,-2.4392077371455496,-2.6518237330345977,0.21261599588904811
48,38,-1.0,-0.5,352,13,339,-3.014667785840706,-2.6518237330345977,-0.3628440528061083
48,39,-0.5,0.0,351,203,148,-2.428344282459429,-2.6518237330345977,0.22347945057516894
48,40,0.0,0.5,351,73,278,-2.458658212079553,-2.6518237330345977,0.1931655209550449
48,41,0.5,1.0,352,41,311,-2.7482079953620357,-2.6518237330345977,-0.09638426232743802
48,42,1.0,1.5,351,101,250,-2.4832650071183764,-2.6518237330345977,0.16855872591622134
48,43,1.5,2.0,351,200,151,-3.0477801359212795,-2.6518237330345977,-0.39595640288668177
48,44,2.0,2.5,351,23,328,-2.87137936254474,-2.6518237330345977,-0.2195556295101424
48,45,2.5,3.0,352,104,248,-2.7270258716880393,-2.6518237330345977,-0.07520213865344161
48,46,3.0,3.5,351,101,250,-2.748286650672986,-2.6518237330345977,-0.09646291763838821
48,47,3.5,4.0,351,85,266,-2.5897602993303885,-2.6518237330345977,0.06206343370420919
48,48,4.0,4.5,352,54,298,-3.1375564692361744,-2.6518237330345977,-0.48573273620157664
48,49,4.5,5.0,351,213,138,-2.7847773490898984,-2.6518237330345977,-0.13295361605530065
48,50,5.0,5.5,351,43,308,-3.144224919455433,-2.6518237330345977,-0.4924011864208353
48,51,5.5,6.0,351,124,227,-3.061232893888077,-2.6518237330345977,-0.4094091608534791
48,52,6.0,6.5,352,85,267,-2.7253707550143997,-2.6518237330345977,-0.07354702197980201
48,53,6.5,7.0,351,134,217,-2.948929916479165,-2.6518237330345977,-0.2971061834445674
48,54,7.0,7.5,351,65,286,-2.9159818485405222,-2.6518237330345977,-0.2641581155059245
48,55,7.5,8.0,352,48,304,-2.8717760520861444,-2.6518237330345977,-0.21995231905154666
48,56,8.0,8.5,351,73,278,-2.9235912720158512,-2.6518237330345977,-0.2717675389812535
48,57,8.5,9.0,351,113,238,-2.9667657798010607,-2.6518237330345977,-0.314942046766463
48,58,9.0,9.5,351,171,180,-2.4966250278588995,-2.6518237330345977,0.15519870517569823
48,59,9.5,10.0,352,289,63,-2.553807917250449,-2.6518237330345977,0.09801581578414886
48,60,10.0,10.5,351,286,65,-2.421355359598708,-2.6518237330345977,0.23046837343588988
48,61,10.5,11.0,351,164,187,-2.2198636209727267,-2.6518237330345977,0.431960112061871
48,62,11.0,11.5,352,130,222,-2.429708532785337,-2.6518237330345977,0.2221152002492608
48,63,11.5,12.0,351,81,270,-2.210320575100165,-2.6518237330345977,0.4415031579344326
48,64,12.0,12.5,351,74,277,-2.8205561872551543,-2.6518237330345977,-0.1687324542205566
48,65,12.5,13.0,351,207,144,-2.5545441111882834,-2.6518237330345977,0.09727962184631433
48,66,13.0,13.5,352,46,306,-3.2343299343357677,-2.6518237330345977,-0.5825062013011699
48,67,13.5,14.0,351,43,308,-3.091617855597974,-2.6518237330345977,-0.43979412256337636
48,68,14.0,14.5,351,11,340,-3.000052247516353,-2.6518237330345977,-0.3482285144817552
48,69,14.5,15.0,352,0,352,,-2.6518237330345977,
48,70,15.0,15.5,351,103,248,-3.038356029869715,-2.6518237330345977,-0.38653229683511725
48,71,15.5,16.0,351,78,273,-2.929156404303037,-2.6518237330345977,-0.2773326712684394
48,72,16.0,16.5,351,181,170,-2.986444164797801,-2.6518237330345977,-0.3346204317632031
48,73,16.5,17.0,352,53,299,-3.1843336533340283,-2.6518237330345977,-0.5325099202994306
48,74,17.0,17.5,351,0,351,,-2.6518237330345977,
48,75,17.5,18.0,351,35,316,-2.9476523774035237,-2.6518237330345977,-0.295828644368926
48,76,18.0,18.5,352,90,262,-3.060950754992936,-2.6518237330345977,-0.40912702195833806
48,77,18.5,19.0,351,4,347,-2.840775342244873,-2.6518237330345977,-0.18895160921027543
48,78,19.0,19.5,351,324,27,-2.649122217439035,-2.6518237330345977,0.0027015155955627534
48,79,19.5,20.0,351,92,259,-2.8394903064857626,-2.6518237330345977,-0.1876665734511649
49,0,-20.0,-19.5,351,63,288,-2.7164391556125635,-2.502819647304697,-0.21361950830786647
49,1,-19.5,-19.0,352,238,114,-2.693606951607805,-2.502819647304697,-0.19078730430310786
49,2,-19.0,-18.5,351,238,113,-2.509840411754106,-2.502819647304697,-0.007020764449408912
49,3,-18.5,-18.0,351,50,301,-2.64475437906244,-2.502819647304697,-0.14193473175774285
49,4,-18.0,-17.5,351,187,164,-2.6441966105937507,-2.502819647304697,-0.14137696328905358
49,5,-17.5,-17.0,352,169,183,-2.359145479954021,-2.502819647304697,0.14367416735067629
49,6,-17.0,-16.5,351,193,158,-2.442130480590513,-2.502819647304697,0.06068916671418423
49,7,-16.5,-16.0,351,143,208,-2.998649313083224,-2.502819647304697,-0.49582966577852705
49,8,-16.0,-15.5,352,217,135,-2.3414877194973647,-2.502819647304697,0.1613319278073324
49,9,-15.5,-15.0,351,173,178,-2.19031765996962,-2.502819647304697,0.31250198733507695
49,10,-15.0,-14.5,351,53,298,-2.709054622423276,-2.502819647304697,-0.20623497511857902
49,11,-14.5,-14.0,351,189,162,-2.4899816523143596,-2.502819647304697,0.012837994990337442
49,12,-14.0,-13.5,352,62,290,-2.5688071247730675,-2.502819647304697,-0.06598747746837041
49,13,-13.5,-13.0,351,79,272,-2.4666758889245726,-2.502819647304697,0.03614375838012451
49,14,-13.0,-12.5,351,204,147,-2.375017703821882,-2.502819647304697,0.12780194348281526
49,15,-12.5,-12.0,352,147,205,-3.1286992176429784,-2.502819647304697,-0.6258795703382813
49,16,-12.0,-11.5,351,170,181,-2.4730615872673543,-2.502819647304697,0.029758060037342826
49,17,-11.5,-11.0,351,179,172,-2.245957380624674,-2.502819647304697,0.2568622666800229
49,18,-11.0,-10.5,351,0,351,,-2.502819647304697,
49,19,-10.5,-10.0,352,221,131,-2.400541680351086,-2.502819647304697,0.10227796695361091
49,20,-10.0,-9.5,351,173,178,-2.485777386280799,-2.502819647304697,0.017042261023898053
49,21,-9.5,-9.0,351,99,252,-2.3590531322990387,-2.502819647304697,0.1437665150056584
49,22,-9.0,-8.5,352,130,222,-2.359129479008295,-2.502819647304697,0.14369016829640202
49,23,-8.5,-8.0,351,122,229,-2.242421418577708,-2.502819647304697,0.26039822872698926
49,24,-8.0,-7.5,351,81,270,-2.23828014916392,-2.502819647304697,0.26453949814077715
49,25,-7.5,-7.0,351,212,139,-2.572113690931765,-2.502819647304697,-0.06929404362706792
49,26,-7.0,-6.5,352,85,267,-3.074071933774022,-2.502819647304697,-0.571252286469325
49,27,-6.5,-6.0,351,213,138,-2.522772602994581,-2.502819647304697,-0.01995295568988409
49,28,-6.0,-5.5,351,120,231,-2.5262344985646914,-2.502819647304697,-0.023414851259994318
49,29,-5.5,-5.0,352,49,303,-2.502819647304697,-2.502819647304697,0.0
49,30,-5.0,-4.5,351,161,190,-2.6947624465756728,-2.502819647304697,-0.19194279927097568
49,31,-4.5,-4.0,351,181,170,-2.6166837136166787,-2.502819647304697,-0.11386406631198165
49,32,-4.0,-3.5,351,136,215,-2.3274230905840185,-2.502819647304697,0.17539655672067855
49,33,-3.5,-3.0,352,174,178,-2.8764120841365273,-2.502819647304697,-0.3735924368318302
49,34,-3.0,-2.5,351,200,151,-2.5097699241266906,-2.502819647304697,-0.006950276821993562
49,35,-2.5,-2.0,351,102,249,-2.837752416176378,-2.502819647304697,-0.3349327688716808
49,36,-2.0,-1.5,352,84,268,-2.486741209516469,-2.502819647304697,0.01607843778822815
49,37,-1.5,-1.0,351,119,232,-2.3316081211238298,-2.502819647304697,0.17121152618086732
49,38,-1.0,-0.5,351,173,178,-2.530271828272346,-2.502819647304697,-0.02745218096764912
49,39,-0.5,0.0,351,57,294,-2.5281476649960273,-2.502819647304697,-0.025328017691330196
49,40,0.0,0.5,352,207,145,-2.8426491417256137,-2.502819647304697,-0.3398294944209166
49,41,0.5,1.0,351,154,197,-2.521740406046696,-2.502819647304697,-0.018920758741999055
49,42,1.0,1.5,351,195,156,-2.846803008010459,-2.502819647304697,-0.34398336070576185
49,43,1.5,2.0,352,32,320,-2.69254399220947,-2.502819647304697,-0.18972434490477275
49,44,2.0,2.5,351,201,150,-2.742613432691692,-2.502819647304697,-0.23979378538699514
49,45,2.5,3.0,351,82,269,-2.658682120750901,-2.502819647304697,-0.15586247344620396
49,46,3.0,3.5,351,143,208,-2.964619699040802,-2.502819647304697,-0.46180005173610494
49,47,3.5,4.0,352,178,174,-2.804828729912168,-2.502819647304697,-0.30200908260747106
49,48,4.0,4.5,351,186,165,-2.8211381081056226,-2.502819647304697,-0.3183184608009255
49,49,4.5,5.0,351,142,209,-2.6867763363515085,-2.502819647304697,-0.1839566890468114
49,50,5.0,5.5,352,68,284,-3.1625807467727203,-2.502819647304697,-0.6597610994680232
49,51,5.5,6.0,351,186,165,-2.6878383189432475,-2.502819647304697,-0.18501867163855046
49,52,6.0,6.5,351,191,160,-2.711752366649736,-2.502819647304697,-0.208932719345039
49,53,6.5,7.0,351,5,346,-2.723930041007456,-2.502819647304697,-0.22111039370275876
49,54,7.0,7.5,352,127,225,-2.760430709515364,-2.502819647304697,-0.2576110622106671
49,55,7.5,8.0,351,195,156,-2.7913738424942203,-2.502819647304697,-0.2885541951895232
49,56,8.0,8.5,351,190,161,-2.8984400680443105,-2.502819647304697,-0.39562042073961345
49,57,8.5,9.0,352,99,253,-3.1564689177565066,-2.502819647304697,-0.6536492704518095
49,58,9.0,9.5,351,213,138,-2.6589672651300007,-2.502819647304697,-0.15614761782530362
49,59,9.5,10.0,351,313,38,-2.4281665733723825,-2.502819647304697,0.07465307393231457
49,60,10.0,10.5,351,206,145,-2.5186523424026905,-2.502819647304697,-0.015832695097993454
49,61,10.5,11.0,352,170,182,-2.510099693754667,-2.502819647304697,-0.007280046449969824
49,62,11.0,11.5,351,69,282,-2.360319496182747,-2.502819647304697,0.14250015112195014
49,63,11.5,12.0,351,190,161,-2.3745159248712433,-2.502819647304697,0.12830372243345378
49,64,12.0,12.5,352,0,352,,-2.502819647304697,
49,65,12.5,13.0,351,0,351,,-2.502819647304697,
49,66,13.0,13.5,351,0,351,,-2.502819647304697,
49,67,13.5,14.0,351,0,351,,-2.502819647304697,
49,68,14.0,14.5,352,0,352,,-2.502819647304697,
49,69,14.5,15.0,351,0,351,,-2.502819647304697,
49,70,15.0,15.5,351,50,301,-2.992305545749661,-2.502819647304697,-0.48948589844496393
49,71,15.5,16.0,352,101,251,-3.1087315433109497,-2.502819647304697,-0.6059118960062526
49,72,16.0,16.5,351,51,300,-3.4864444919787347,-2.502819647304697,-0.9836248446740377
49,73,16.5,17.0,351,31,320,-3.105813161820872,-2.502819647304697,-0.6029935145161751
49,74,17.0,17.5,351,143,208,-2.4643824155008427,-2.502819647304697,0.03843723180385439
49,75,17.5,18.0,352,352,0,-2.1177918099885726,-2.502819647304697,0.38502783731612444
49,76,18.0,18.5,351,351,0,-2.114209481855754,-2.502819647304697,0.3886101654489429
49,77,18.5,19.0,351,351,0,-2.0976954435132242,-2.502819647304697,0.40512420379147285
49,78,19.0,19.5,352,261,91,-2.0777049201537667,-2.502819647304697,0.42511472715093035
49,79,19.5,20.0,351,155,196,-3.0705338036526615,-2.502819647304697,-0.5677141563479644
50,0,-20.0,-19.5,351,87,264,-2.6265852472051896,-2.5021469013902755,-0.12443834581491409
50,1,-19.5,-19.0,351,227,124,-2.4044105663720523,-2.5021469013902755,0.09773633501822321
50,2,-19.0,-18.5,351,0,351,,-2.5021469013902755,
50,3,-18.5,-18.0,352,182,170,-2.354020058769681,-2.5021469013902755,0.1481268426205946
50,4,-18.0,-17.5,351,177,174,-2.901018626006225,-2.5021469013902755,-0.39887172461594966
50,5,-17.5,-17.0,351,78,273,-2.6137250582510063,-2.5021469013902755,-0.1115781568607308
50,6,-17.0,-16.5,352,223,129,-2.636619051976937,-2.5021469013902755,-0.1344721505866615
50,7,-16.5,-16.0,351,152,199,-2.3290509504303705,-2.5021469013902755,0.17309595095990504
50,8,-16.0,-15.5,351,95,256,-2.718146928999185,-2.5021469013902755,-0.21600002760890957
50,9,-15.5,-15.0,351,199,152,-2.532846500703523,-2.5021469013902755,-0.030699599313247283
50,10,-15.0,-14.5,352,79,273,-2.653788658426604,-2.5021469013902755,-0.15164175703632843
50,11,-14.5,-14.0,351,212,139,-2.6786378322650912,-2.5021469013902755,-0.1764909308748157
50,12,-14.0,-13.5,351,216,135,-2.3494857256399433,-2.5021469013902755,0.15266117575033222
50,13,-13.5,-13.0,352,143,209,-3.048475098835043,-2.5021469013902755,-0.5463281974447676
50,14,-13.0,-12.5,351,170,181,-2.4128806184965748,-2.5021469013902755,0.08926628289370075
50,15,-12.5,-12.0,351,214,137,-2.5375456671760963,-2.5021469013902755,-0.035398765785820796
50,16,-12.0,-11.5,351,74,277,-2.99185101669223,-2.5021469013902755,-0.48970411530195435
50,17,-11.5,-11.0,352,261,91,-2.5362898527595794,-2.5021469013902755,-0.0341429513693039
50,18,-11.0,-10.5,351,140,211,-2.40661968986824,-2.5021469013902755,0.09552721152203558
50,19,-10.5,-10.0,351,36,315,-2.6097615233411333,-2.5021469013902755,-0.1076146219508578
50,20,-10.0,-9.5,352,212,140,-2.3917776630735186,-2.5021469013902755,0.11036923831675693
50,21,-9.5,-9.0,351,88,263,-2.9675761001769185,-2.5021469013902755,-0.465429198786643
50,22,-9.0,-8.5,351,158,193,-2.380384519740292,-2.5021469013902755,0.12176238164998354
50,23,-8.5,-8.0,351,0,351,,-2.5021469013902755,
50,24,-8.0,-7.5,352,233,119,-2.3627521621161343,-2.5021469013902755,0.13939473927414125
50,25,-7.5,-7.0,351,33,318,-2.7060214689636917,-2.5021469013902755,-0.20387456757341615
50,26,-7.0,-6.5,351,137,214,-2.495724589350376,-2.5021469013902755,0.006422312039899403
50,27,-6.5,-6.0,352,240,112,-2.277350557051295,-2.5021469013902755,0.22479634433898044
50,28,-6.0,-5.5,351,65,286,-2.2387876405056786,-2.5021469013902755,0.26335926088459694
50,29,-5.5,-5.0,351,211,140,-2.3831885956435888,-2.5021469013902755,0.11895830574668675
50,30,-5.0,-4.5,351,40,311,-2.918573337941457,-2.5021469013902755,-0.4164264365511814
50,31,-4.5,-4.0,352,191,161,-2.2913233367569794,-2.5021469013902755,0.2108235646332961
50,32,-4.0,-3.5,351,98,253,-2.4004972393726405,-2.5021469013902755,0.10164966201763503
50,33,-3.5,-3.0,351,151,200,-2.680418441937031,-2.5021469013902755,-0.17827154054675542
50,34,-3.0,-2.5,352,191,161,-2.367836277147061,-2.5021469013902755,0.1343106242432146
50,35,-2.5,-2.0,351,108,243,-2.3338273584007165,-2.5021469013902755,0.16831954298955898
50,36,-2.0,-1.5,351,45,306,-2.5021469013902755,-2.5021469013902755,0.0
50,37,-1.5,-1.0,351,252,99,-2.791495087863189,-2.5021469013902755,-0.2893481864729135
50,38,-1.0,-0.5,352,169,183,-2.6310448210152497,-2.5021469013902755,-0.1288979196249742
50,39,-0.5,0.0,351,145,206,-2.5108233971113814,-2.5021469013902755,-0.008676495721105848
50,40,0.0,0.5,351,79,272,-2.60014937122245,-2.5021469013902755,-0.09800246983217464
50,41,0.5,1.0,352,47,305,-2.678115372504519,-2.5021469013902755,-0.1759684711142433
50,42,1.0,1.5,351,215,136,-2.938681419573918,-2.5021469013902755,-0.43653451818364264
50,43,1.5,2.0,351,239,112,-2.8681952255280967,-2.5021469013902755,-0.3660483241378212
50,44,2.0,2.5,351,39,312,-3.0230137656959517,-2.5021469013902755,-0.5208668643056762
50,45,2.5,3.0,352,183,169,-2.725969688642938,-2.5021469013902755,-0.22382278725266236
50,46,3.0,3.5,351,141,210,-2.6325901688926248,-2.5021469013902755,-0.13044326750234925
50,47,3.5,4.0,351,105,246,-2.567025021388556,-2.5021469013902755,-0.06487811999828041
50,48,4.0,4.5,352,268,84,-2.9520508028906836,-2.5021469013902755,-0.44990390150040804
50,49,4.5,5.0,351,152,199,-2.601548304683531,-2.5021469013902755,-0.09940140329325553
50,50,5.0,5.5,351,165,186,-2.852229215954422,-2.5021469013902755,-0.3500823145641463
50,51,5.5,6.0,351,0,351,,-2.5021469013902755,
50,52,6.0,6.5,352,270,82,-2.876881650515002,-2.5021469013902755,-0.3747347491247264
50,53,6.5,7.0,351,213,138,-2.859553057084331,-2.5021469013902755,-0.35740615569405554
50,54,7.0,7.5,351,92,259,-2.8817951815869804,-2.5021469013902755,-0.37964828019670493
50,55,7.5,8.0,352,112,240,-2.755811414158189,-2.5021469013902755,-0.2536645127679136
50,56,8.0,8.5,351,135,216,-2.799013420095392,-2.5021469013902755,-0.29686651870511627
50,57,8.5,9.0,351,37,314,-2.6443635581758236,-2.5021469013902755,-0.14221665678554807
50,58,9.0,9.5,351,281,70,-2.680767746260758,-2.5021469013902755,-0.17862084487048246
50,59,9.5,10.0,352,340,12,-2.724433925901886,-2.5021469013902755,-0.22228702451161064
50,60,10.0,10.5,351,307,44,-2.2465242394669693,-2.5021469013902755,0.2556226619233062
50,61,10.5,11.0,351,349,2,-2.1299477867882755,-2.5021469013902755,0.37219911460200006
50,62,11.0,11.5,352,175,177,-2.04251660055166,-2.5021469013902755,0.45963030083861556
50,63,11.5,12.0,351,68,283,-3.0854495129816817,-2.5021469013902755,-0.5833026115914062
50,64,12.0,12.5,351,57,294,-3.4831783118557285,-2.5021469013902755,-0.981031410465453
50,65,12.5,13.0,351,121,230,-2.9151709307026143,-2.5021469013902755,-0.41302402931233884
50,66,13.0,13.5,352,111,241,-3.1316661417414884,-2.5021469013902755,-0.6295192403512129
50,67,13.5,14.0,351,50,301,-3.1821887822972306,-2.5021469013902755,-0.680041880906955
50,68,14.0,14.5,351,43,308,-3.1243207430627455,-2.5021469013902755,-0.62217384167247
50,69,14.5,15.0,352,0,352,,-2.5021469013902755,
50,70,15.0,15.5,351,98,253,-3.0121113639207913,-2.5021469013902755,-0.5099644625305157
50,71,15.5,16.0,351,68,283,-3.222906461117897,-2.5021469013902755,-0.7207595597276213
50,72,16.0,16.5,351,0,351,,-2.5021469013902755,
50,73,16.5,17.0,352,126,226,-2.93984424673161,-2.5021469013902755,-0.43769734534133464
50,74,17.0,17.5,351,109,242,-3.060312550538067,-2.5021469013902755,-0.5581656491477913
50,75,17.5,18.0,351,351,0,-2.338379030691002,-2.5021469013902755,0.16376787069927357
50,76,18.0,18.5,352,352,0,-2.2467272457957232,-2.5021469013902755,0.25541965559455226
50,77,18.5,19.0,351,315,36,-2.1720152923247724,-2.5021469013902755,0.3301316090655031
50,78,19.0,19.5,351,0,351,,-2.5021469013902755,
50,79,19.5,20.0,351,309,42,-2.2516119783033046,-2.5021469013902755,0.2505349230869709
51,0,-20.0,-19.5,352,236,116,-2.5355950139071117,-2.6317594960898276,0.0961644821827159
51,1,-19.5,-19.0,351,211,140,-2.801702416698665,-2.6317594960898276,-0.16994292060883742
51,2,-19.0,-18.5,351,138,213,-2.6335580474986555,-2.6317594960898276,-0.0017985514088278975
51,3,-18.5,-18.0,351,139,212,-2.8273433031141773,-2.6317594960898276,-0.19558380702434963
51,4,-18.0,-17.5,352,141,211,-2.6495695379089734,-2.6317594960898276,-0.017810041819145805
51,5,-17.5,-17.0,351,121,230,-2.5379035968981554,-2.6317594960898276,0.09385589919167225
51,6,-17.0,-16.5,351,126,225,-2.711986973755385,-2.6317594960898276,-0.0802274776655576
51,7,-16.5,-16.0,352,152,200,-2.4245072475172673,-2.6317594960898276,0.2072522485725603
51,8,-16.0,-15.5,351,0,351,,-2.6317594960898276,
51,9,-15.5,-15.0,351,118,233,-2.552959310225403,-2.6317594960898276,0.0788001858644245
51,10,-15.0,-14.5,351,145,206,-2.5170552640003283,-2.6317594960898276,0.11470423208949931
51,11,-14.5,-14.0,352,169,183,-2.6670126307515907,-2.6317594960898276,-0.03525313466176305
51,12,-14.0,-13.5,351,134,217,-2.5674782893911776,-2.6317594960898276,0.06428120669865
51,13,-13.5,-13.0,351,128,223,-2.47339002803263,-2.6317594960898276,0.15836946805719743
51,14,-13.0,-12.5,352,226,126,-2.480160763543612,-2.6317594960898276,0.1515987325462156
51,15,-12.5,-12.0,351,257,94,-2.718000530859266,-2.6317594960898276,-0.08624103476943823
51,16,-12.0,-11.5,351,139,212,-3.0215245607477526,-2.6317594960898276,-0.38976506465792493
51,17,-11.5,-11.0,351,205,146,-2.673944917044678,-2.6317594960898276,-0.04218542095485045
51,18,-11.0,-10.5,352,154,198,-2.633296185983343,-2.6317594960898276,-0.0015366898935154083
51,19,-10.5,-10.0,351,95,256,-2.4876955067100806,-2.6317594960898276,0.14406398937974707
51,20,-10.0,-9.5,351,86,265,-2.288867124497033,-2.6317594960898276,0.34289237159279473
51,21,-9.5,-9.0,352,127,225,-2.504182375219958,-2.6317594960898276,0.12757712086986972
51,22,-9.0,-8.5,351,74,277,-3.184083715271359,-2.6317594960898276,-0.5523242191815312
51,23,-8.5,-8.0,351,235,116,-2.630222806196312,-2.6317594960898276,0.0015366898935154083
51,24,-8.0,-7.5,351,166,185,-2.7406544905452006,-2.6317594960898276,-0.10889499445537298
51,25,-7.5,-7.0,352,145,207,-2.3455428764682456,-2.6317594960898276,0.28621661962158207
51,26,-7.0,-6.5,351,121,230,-2.7540403958619373,-2.6317594960898276,-0.12228089977210965
51,27,-6.5,-6.0,351,230,121,-2.8209366650769807,-2.6317594960898276,-0.1891771689871531
51,28,-6.0,-5.5,352,170,182,-2.57292611444615,-2.6317594960898276,0.05883338164367746
51,29,-5.5,-5.0,351,114,237,-2.4847515913024534,-2.6317594960898276,0.14700790478737424
51,30,-5.0,-4.5,351,158,193,-2.9383765452829187,-2.6317594960898276,-0.3066170491930911
51,31,-4.5,-4.0,351,157,194,-2.6445692764157434,-2.6317594960898276,-0.012809780325915732
51,32,-4.0,-3.5,352,129,223,-2.3417594859565782,-2.6317594960898276,0.2900000101332494
51,33,-3.5,-3.0,351,175,176,-2.948802592727371,-2.6317594960898276,-0.31704309663754326
51,34,-3.0,-2.5,351,82,269,-2.264283633885804,-2.6317594960898276,0.3674758622040235
51,35,-2.5,-2.0,352,175,177,-2.4636225746568363,-2.6317594960898276,0.1681369214329913
51,36,-2.0,-1.5,351,124,227,-2.495048718472585,-2.6317594960898276,0.13671077761724248
51,37,-1.5,-1.0,351,192,159,-2.640558976894022,-2.6317594960898276,-0.00879948080419446
51,38,-1.0,-0.5,351,147,204,-2.767379708739897,-2.6317594960898276,-0.1356202126500694
51,39,-0.5,0.0,352,166,186,-3.1942825219478874,-2.6317594960898276,-0.5625230258580598
51,40,0.0,0.5,351,107,244,-2.567161813470924,-2.6317594960898276,0.06459768261890364
51,41,0.5,1.0,351,103,248,-2.4839621716688995,-2.6317594960898276,0.14779732442092808
51,42,1.0,1.5,352,219,133,-2.6221796993776594,-2.6317594960898276,0.009579796712168243
51,43,1.5,2.0,351,46,305,-2.624255990513117,-2.6317594960898276,0.007503505576710534
51,44,2.0,2.5,351,193,158,-2.9401369148192003,-2.6317594960898276,-0.30837741872937263
51,45,2.5,3.0,351,181,170,-2.8434827929904807,-2.6317594960898276,-0.21172329690065306
51,46,3.0,3.5,352,201,151,-2.6158904948125943,-2.6317594960898276,0.01586900127723334
51,47,3.5,4.0,351,203,148,-2.8022687276671343,-2.6317594960898276,-0.17050923157730669
51,48,4.0,4.5,351,105,246,-2.8976322314730423,-2.6317594960898276,-0.26587273538321465
51,49,4.5,5.0,352,41,311,-2.6160209798473724,-2.6317594960898276,0.015738516242455258
51,50,5.0,5.5,351,167,184,-2.794729461440379,-2.6317594960898276,-0.16296996535055142
51,51,5.5,6.0,351,55,296,-2.848457944903561,-2.6317594960898276,-0.21669844881373335
51,52,6.0,6.5,351,144,207,-2.6478469838216268,-2.6317594960898276,-0.016087487731799133
51,53,6.5,7.0,352,125,227,-2.662483472945318,-2.6317594960898276,-0.03072397685549033
51,54,7.0,7.5,351,85,266,-2.847492298872805,-2.6317594960898276,-0.21573280278297746
51,55,7.5,8.0,351,128,223,-2.7541185644664363,-2.6317594960898276,-0.1223590683766087
51,56,8.0,8.5,352,200,152,-2.9009022931415522,-2.6317594960898276,-0.2691427970517246
51,57,8.5,9.0,351,258,93,-2.812783783058981,-2.6317594960898276,-0.18102428696915318
51,58,9.0,9.5,351,212,139,-2.7099929897014556,-2.6317594960898276,-0.07823349361162801
51,59,9.5,10.0,351,194,157,-2.3531784921908425,-2.6317594960898276,0.2785810038989851
51,60,10.0,10.5,352,213,139,-2.4278906758175145,-2.6317594960898276,0.20386882027231312
51,61,10.5,11.0,351,140,211,-2.335591857360641,-2.6317594960898276,0.2961676387291865
51,62,11.0,11.5,351,264,87,-2.6040373238127077,-2.6317594960898276,0.027722172277119927
51,63,11.5,12.0,352,47,305,-3.0249726131646755,-2.6317594960898276,-0.39321311707484785
51,64,12.0,12.5,351,47,304,-3.097107144618255,-2.6317594960898276,-0.46534764852842736
51,65,12.5,13.0,351,138,213,-2.3730208856408943,-2.6317594960898276,0.2587386104489333
51,66,13.0,13.5,351,21,330,-3.532099366618091,-2.6317594960898276,-0.9003398705282635
51,67,13.5,14.0,352,0,352,,-2.6317594960898276,
51,68,14.0,14.5,351,0,351,,-2.6317594960898276,
51,69,14.5,15.0,351,0,351,,-2.6317594960898276,
51,70,15.0,15.5,352,0,352,,-2.6317594960898276,
51,71,15.5,16.0,351,0,351,,-2.6317594960898276,
51,72,16.0,16.5,351,52,299,-2.858201722714187,-2.6317594960898276,-0.2264422266243593
51,73,16.5,17.0,351,105,246,-3.061111698833559,-2.6317594960898276,-0.4293522027437313
51,74,17.0,17.5,352,0,352,,-2.6317594960898276,
51,75,17.5,18.0,351,91,260,-3.0914078318329508,-2.6317594960898276,-0.45964833574312314
51,76,18.0,18.5,351,189,162,-2.5294452978297755,-2.6317594960898276,0.10231419826005217
51,77,18.5,19.0,352,351,1,-2.0396946461619367,-2.6317594960898276,0.5920648499278909
51,78,19.0,19.5,351,65,286,-1.85986890069652,-2.6317594960898276,0.7718905953933075
51,79,19.5,20.0,351,93,258,-2.8892407299625265,-2.6317594960898276,-0.25748123387269883
52,0,-20.0,-19.5,351,161,190,-2.3900997388901764,-2.4652855643158635,0.07518582542568719
52,1,-19.5,-19.0,351,78,273,-2.815824167743584,-2.4652855643158635,-0.3505386034277205
52,2,-19.0,-18.5,351,231,120,-2.4083676993849408,-2.4652855643158635,0.05691786493092277
52,3,-18.5,-18.0,352,166,186,-2.6618338746932677,-2.4652855643158635,-0.19654831037740417
52,4,-18.0,-17.5,351,155,196,-2.5072499616115933,-2.4652855643158635,-0.04196439729572976
52,5,-17.5,-17.0,351,122,229,-2.3263427173102276,-2.4652855643158635,0.13894284700563597
52,6,-17.0,-16.5,352,132,220,-2.413225485016217,-2.4652855643158635,0.0520600792996464
52,7,-16.5,-16.0,351,190,161,-2.287210257467147,-2.4652855643158635,0.17807530684871642
52,8,-16.0,-15.5,351,231,120,-2.8075038814172544,-2.4652855643158635,-0.34221831710139083
52,9,-15.5,-15.0,351,0,351,,-2.4652855643158635,
52,10,-15.0,-14.5,352,163,189,-2.5975610444866613,-2.4652855643158635,-0.1322754801707977
52,11,-14.5,-14.0,351,167,184,-2.546150705181078,-2.4652855643158635,-0.08086514086521435
52,12,-14.0,-13.5,351,131,220,-2.685192787273117,-2.4652855643158635,-0.21990722295725362
52,13,-13.5,-13.0,352,272,80,-2.7905636127349625,-2.4652855643158635,-0.3252780484190989
52,14,-13.0,-12.5,351,120,231,-2.3009254247738253,-2.4652855643158635,0.1643601395420382
52,15,-12.5,-12.0,351,75,276,-2.222335773283587,-2.4652855643158635,0.24294979103227643
52,16,-12.0,-11.5,351,181,170,-2.274921751938451,-2.4652855643158635,0.1903638123774125
52,17,-11.5,-11.0,352,31,321,-3.287076635743434,-2.4652855643158635,-0.8217910714275702
52,18,-11.0,-10.5,351,270,81,-2.5258347482940566,-2.4652855643158635,-0.06054918397819309
52,19,-10.5,-10.0,351,222,129,-2.594252437120414,-2.4652855643158635,-0.12896687280455055
52,20,-10.0,-9.5,352,127,225,-2.471000262331058,-2.4652855643158635,-0.005714698015194308
52,21,-9.5,-9.0,351,247,104,-2.4595708663006692,-2.4652855643158635,0.005714698015194308
52,22,-9.0,-8.5,351,98,253,-2.2352744054509937,-2.4652855643158635,0.2300111588648699
52,23,-8.5,-8.0,351,135,216,-2.6697110693756216,-2.4652855643158635,-0.2044255050597581
52,24,-8.0,-7.5,352,202,150,-2.377286626133457,-2.4652855643158635,0.08799893818240667
52,25,-7.5,-7.0,351,134,217,-2.5173613045616645,-2.4652855643158635,-0.05207574024580097
52,26,-7.0,-6.5,351,144,207,-2.2571449044850365,-2.4652855643158635,0.20814065983082708
52,27,-6.5,-6.0,352,105,247,-2.6906932730773634,-2.4652855643158635,-0.22540770876149985
52,28,-6.0,-5.5,351,145,206,-2.402337448787464,-2.4652855643158635,0.06294811552839974
52,29,-5.5,-5.0,351,113,238,-2.6017056099546685,-2.4652855643158635,-0.13642004563880494
52,30,-5.0,-4.5,351,145,206,-2.3414592012573276,-2.4652855643158635,0.1238263630585359
52,31,-4.5,-4.0,352,108,244,-2.3908864939131,-2.4652855643158635,0.07439907040276372
52,32,-4.0,-3.5,351,63,288,-2.7206134484585487,-2.4652855643158635,-0.25532788414268515
52,33,-3.5,-3.0,351,181,170,-2.322452615111361,-2.4652855643158635,0.1428329492045024
52,34,-3.0,-2.5,352,73,279,-2.3151113703386237,-2.4652855643158635,0.15017419397723986
52,35,-2.5,-2.0,351,70,281,-2.4487327659535945,-2.4652855643158635,0.016552798362269083
52,36,-2.0,-1.5,351,238,113,-2.582191127567098,-2.4652855643158635,-0.11690556325123458
52,37,-1.5,-1.0,351,43,308,-2.6548599581713512,-2.4652855643158635,-0.1895743938554877
52,38,-1.0,-0.5,352,106,246,-2.3402817982140176,-2.4652855643158635,0.12500376610184594
52,39,-0.5,0.0,351,189,162,-2.2608576612543088,-2.4652855643158635,0.20442790306155478
52,40,0.0,0.5,351,71,280,-2.995531353348155,-2.4652855643158635,-0.5302457890322914
52,41,0.5,1.0,352,85,267,-2.500487998295847,-2.4652855643158635,-0.03520243397998346
52,42,1.0,1.5,351,169,182,-2.7722731185899825,-2.4652855643158635,-0.30698755427411895
52,43,1.5,2.0,351,44,307,-3.2402031093740846,-2.4652855643158635,-0.7749175450582211
52,44,2.0,2.5,351,220,131,-2.801579740930988,-2.4652855643158635,-0.3362941766151244
52,45,2.5,3.0,352,205,147,-2.6512961945754148,-2.4652855643158635,-0.18601063025955122
52,46,3.0,3.5,351,44,307,-2.5884975716824288,-2.4652855643158635,-0.12321200736656523
52,47,3.5,4.0,351,155,196,-2.8358527594287875,-2.4652855643158635,-0.3705671951129239
52,48,4.0,4.5,352,140,212,-2.7144634121546645,-2.4652855643158635,-0.24917784783880093
52,49,4.5,5.0,351,72,279,-2.556534216144739,-2.4652855643158635,-0.09124865182887554
52,50,5.0,5.5,351,49,302,-2.861577299366348,-2.4652855643158635,-0.39629173505048465
52,51,5.5,6.0,351,102,249,-2.7021862012386544,-2.4652855643158635,-0.23690063692279084
52,52,6.0,6.5,352,138,214,-2.6730642691801956,-2.4652855643158635,-0.20777870486433203
52,53,6.5,7.0,351,46,305,-2.84480730964973,-2.4652855643158635,-0.3795217453338666
52,54,7.0,7.5,351,129,222,-2.6959948038537873,-2.4652855643158635,-0.23070923953792377
52,55,7.5,8.0,352,121,231,-2.586112546786831,-2.4652855643158635,-0.12082698247096735
52,56,8.0,8.5,351,157,194,-2.947066142773727,-2.4652855643158635,-0.4817805784578635
52,57,8.5,9.0,351,129,222,-2.874207901259711,-2.4652855643158635,-0.4089223369438475
52,58,9.0,9.5,351,155,196,-2.752467471689938,-2.4652855643158635,-0.28718190737407445
52,59,9.5,10.0,352,248,104,-2.594313551040954,-2.4652855643158635,-0.1290279867250903
52,60,10.0,10.5,351,245,106,-2.4478422326212765,-2.4652855643158635,0.017443331694587005
52,61,10.5,11.0,351,199,152,-2.6318071853680616,-2.4652855643158635,-0.16652162105219803
52,62,11.0,11.5,352,258,94,-2.5872006380884773,-2.4652855643158635,-0.12191507377261379
52,63,11.5,12.0,351,0,351,,-2.4652855643158635,
52,64,12.0,12.5,351,195,156,-2.466338255606085,-2.4652855643158635,-0.0010526912902215635
52,65,12.5,13.0,351,32,319,-3.256412971402376,-2.4652855643158635,-0.7911274070865124
52,66,13.0,13.5,352,23,329,-2.964588847985845,-2.4652855643158635,-0.49930328366998156
52,67,13.5,14.0,351,50,301,-3.0851873265556296,-2.4652855643158635,-0.619901762239766
52,68,14.0,14.5,351,43,308,-3.3982232308944194,-2.4652855643158635,-0.9329376665785558
52,69,14.5,15.0,352,0,352,,-2.4652855643158635,
52,70,15.0,15.5,351,0,351,,-2.4652855643158635,
52,71,15.5,16.0,351,133,218,-3.1465727616785664,-2.4652855643158635,-0.6812871973627028
52,72,16.0,16.5,351,0,351,,-2.4652855643158635,
52,73,16.5,17.0,352,52,300,-3.2170132445802,-2.4652855643158635,-0.7517276802643367
52,74,17.0,17.5,351,0,351,,-2.4652855643158635,
52,75,17.5,18.0,351,44,307,-3.1349335674145324,-2.4652855643158635,-0.6696480030986689
52,76,18.0,18.5,352,0,352,,-2.4652855643158635,
52,77,18.5,19.0,351,100,251,-3.217448547808412,-2.4652855643158635,-0.7521629834925485
52,78,19.0,19.5,351,81,270,-3.364973751262697,-2.4652855643158635,-0.8996881869468334
52,79,19.5,20.0,351,196,155,-2.3388385963790803,-2.4652855643158635,0.12644696793678323
53,0,-20.0,-19.5,352,126,226,-2.818079808698651,-2.57235916522282,-0.24572064347583122
53,1,-19.5,-19.0,351,197,154,-2.5598603433718443,-2.57235916522282,0.012498821850975617
53,2,-19.0,-18.5,351,213,138,-2.8888400476682,-2.57235916522282,-0.3164808824453802
53,3,-18.5,-18.0,352,127,225,-2.360299779132392,-2.57235916522282,0.21205938609042807
53,4,-18.0,-17.5,351,175,176,-2.505027211165975,-2.57235916522282,0.06733195405684489
53,5,-17.5,-17.0,351,57,294,-2.849290155542715,-2.57235916522282,-0.2769309903198951
53,6,-17.0,-16.5,351,244,107,-2.4624056307485196,-2.57235916522282,0.10995353447430034
53,7,-16.5,-16.0,352,80,272,-2.763367939583733,-2.57235916522282,-0.19100877436091324
53,8,-16.0,-15.5,351,229,122,-2.3757867356064657,-2.57235916522282,0.19657242961635424
53,9,-15.5,-15.0,351,82,269,-2.4214888708043523,-2.57235916522282,0.15087029441846767
53,10,-15.0,-14.5,352,199,153,-2.6588830951422766,-2.57235916522282,-0.08652392991945668
53,11,-14.5,-14.0,351,144,207,-2.40251443327357,-2.57235916522282,0.16984473194924998
53,12,-14.0,-13.5,351,11,340,-3.5082432539322923,-2.57235916522282,-0.9358840887094724
53,13,-13.5,-13.0,351,203,148,-2.6240295724878258,-2.57235916522282,-0.051670407265005824
53,14,-13.0,-12.5,352,23,329,-2.625916170451927,-2.57235916522282,-0.053557005229107
53,15,-12.5,-12.0,351,164,187,-2.7258132250153473,-2.57235916522282,-0.15345405979252735
53,16,-12.0,-11.5,351,207,144,-2.340874436391315,-2.57235916522282,0.23148472883150495
53,17,-11.5,-11.0,352,18,334,-2.681622732157042,-2.57235916522282,-0.10926356693422212
53,18,-11.0,-10.5,351,252,99,-2.6529578868283163,-2.57235916522282,-0.08059872160549642
53,19,-10.5,-10.0,351,248,103,-2.7291375725877396,-2.57235916522282,-0.15677840736491966
53,20,-10.0,-9.5,351,53,298,-3.208422919627412,-2.57235916522282,-0.6360637544045922
53,21,-9.5,-9.0,352,236,116,-2.512512142914452,-2.57235916522282,0.059847022308368025
53,22,-9.0,-8.5,351,167,184,-2.3381764220157013,-2.57235916522282,0.23418274320711863
53,23,-8.5,-8.0,351,94,257,-2.9402643578963965,-2.57235916522282,-0.3679051926735766
53,24,-8.0,-7.5,352,200,152,-2.3323892086812616,-2.57235916522282,0.23996995654155828
53,25,-7.5,-7.0,351,44,307,-2.992114011637268,-2.57235916522282,-0.41975484641444805
53,26,-7.0,-6.5,351,159,192,-2.302547093709472,-2.57235916522282,0.2698120715133481
53,27,-6.5,-6.0,351,125,226,-2.4371151667043236,-2.57235916522282,0.13524399851849633
53,28,-6.0,-5.5,352,251,101,-2.8511874825816705,-2.57235916522282,-0.2788283173588506
53,29,-5.5,-5.0,351,210,141,-2.435317531049267,-2.57235916522282,0.13704163417355275
53,30,-5.0,-4.5,351,98,253,-2.263404768678975,-2.57235916522282,0.3089543965438448
53,31,-4.5,-4.0,352,60,292,-2.438038942181243,-2.57235916522282,0.13432022304157698
53,32,-4.0,-3.5,351,188,163,-2.547348846606796,-2.57235916522282,0.025010318616023763
53,33,-3.5,-3.0,351,110,241,-2.596499434673393,-2.57235916522282,-0.024140269450573015
53,34,-3.0,-2.5,351,172,179,-2.588755521994842,-2.57235916522282,-0.016396356772022003
53,35,-2.5,-2.0,352,196,156,-2.5559628084507975,-2.57235916522282,0.016396356772022447
53,36,-2.0,-1.5,351,181,170,-3.012557279325069,-2.57235916522282,-0.44019811410224907
53,37,-1.5,-1.0,351,257,94,-2.446731051774948,-2.57235916522282,0.12562811344787184
53,38,-1.0,-0.5,352,49,303,-2.402612658610098,-2.57235916522282,0.16974650661272195
53,39,-0.5,0.0,351,115,236,-2.505085054097605,-2.57235916522282,0.06727411112521509
53,40,0.0,0.5,351,157,194,-2.51384781390406,-2.57235916522282,0.05851135131876006
53,41,0.5,1.0,351,0,351,,-2.57235916522282,
53,42,1.0,1.5,352,228,124,-2.7740270094010384,-2.57235916522282,-0.20166784417821848
53,43,1.5,2.0,351,176,175,-2.855877727478041,-2.57235916522282,-0.283518562255221
53,44,2.0,2.5,351,157,194,-2.6453954335109073,-2.57235916522282,-0.0730362682880874
53,45,2.5,3.0,352,70,282,-2.9304920028640664,-2.57235916522282,-0.3581328376412465
53,46,3.0,3.5,351,96,255,-2.7001578215169957,-2.57235916522282,-0.12779865629417575
53,47,3.5,4.0,351,14,337,-3.114282777455733,-2.57235916522282,-0.541923612232913
53,48,4.0,4.5,351,237,114,-2.7937663684112914,-2.57235916522282,-0.2214072031884715
53,49,4.5,5.0,352,124,228,-2.851479583107362,-2.57235916522282,-0.2791204178845419
53,50,5.0,5.5,351,86,265,-2.676172735075479,-2.57235916522282,-0.103813569852659
53,51,5.5,6.0,351,136,215,-2.6740459675036705,-2.57235916522282,-0.10168680228085059
53,52,6.0,6.5,352,140,212,-2.596686279903584,-2.57235916522282,-0.024327114680763984
53,53,6.5,7.0,351,30,321,-3.027192591785275,-2.57235916522282,-0.45483342656245496
53,54,7.0,7.5,351,153,198,-2.8156161204865433,-2.57235916522282,-0.24325695526372337
53,55,7.5,8.0,351,174,177,-2.8128375012276736,-2.57235916522282,-0.2404783360048537
53,56,8.0,8.5,352,47,305,-3.169329518423233,-2.57235916522282,-0.5969703532004131
53,57,8.5,9.0,351,111,240,-2.680857091299838,-2.57235916522282,-0.10849792607701803
53,58,9.0,9.5,351,156,195,-2.8564152543091414,-2.57235916522282,-0.2840560890863215
53,59,9.5,10.0,352,60,292,-2.534539262115463,-2.57235916522282,0.03781990310735672
53,60,10.0,10.5,351,161,190,-2.9976450069280025,-2.57235916522282,-0.4252858417051826
53,61,10.5,11.0,351,0,351,,-2.57235916522282,
53,62,11.0,11.5,351,103,248,-2.792980070243058,-2.57235916522282,-0.22062090502023812
53,63,11.5,12.0,352,65,287,-2.4933139175192682,-2.57235916522282,0.0790452477035517
53,64,12.0,12.5,351,108,243,-2.861424448742579,-2.57235916522282,-0.28906528351975913
53,65,12.5,13.0,351,174,177,-2.43881546550141,-2.57235916522282,0.13354369972141011
53,66,13.0,13.5,352,188,164,-2.4420705897679786,-2.57235916522282,0.1302885754548413
53,67,13.5,14.0,351,50,301,-3.1027081615794305,-2.57235916522282,-0.5303489963566106
53,68,14.0,14.5,351,242,109,-2.4402526398455517,-2.57235916522282,0.1321065253772682
53,69,14.5,15.0,351,100,251,-2.3427304813686645,-2.57235916522282,0.22962868385415547
53,70,15.0,15.5,352,81,271,-2.274748413059495,-2.57235916522282,0.2976107521633251
53,71,15.5,16.0,351,219,132,-2.3955789817692597,-2.57235916522282,0.17678018345356028
53,72,16.0,16.5,351,197,154,-2.988225979996437,-2.57235916522282,-0.41586681477361687
53,73,16.5,17.0,352,249,103,-2.7063685762396714,-2.57235916522282,-0.1340094110168515
53,74,17.0,17.5,351,75,276,-2.4511232624812793,-2.57235916522282,0.12123590274154061
53,75,17.5,18.0,351,72,279,-2.255555569690406,-2.57235916522282,0.3168035955324138
53,76,18.0,18.5,351,198,153,-2.496017342743735,-2.57235916522282,0.07634182247908505
53,77,18.5,19.0,352,134,218,-2.5895151390249564,-2.57235916522282,-0.017155973802136515
53,78,19.0,19.5,351,194,157,-2.579180593415371,-2.57235916522282,-0.00682142819255116
53,79,19.5,20.0,351,88,263,-2.3644151955333688,-2.57235916522282,0.20794396968945117
54,0,-20.0,-19.5,351,0,351,,-2.587634477581682,
54,1,-19.5,-19.0,352,207,145,-2.315478863820511,-2.587634477581682,0.27215561376117137
54,2,-19.0,-18.5,351,86,265,-2.973672431462828,-2.587634477581682,-0.3860379538811456
54,3,-18.5,-18.0,351,225,126,-2.397674613089227,-2.587634477581682,0.1899598644924554
54,4,-18.0,-17.5,352,25,327,-3.53657890729743,-2.587634477581682,-0.9489444297157479
54,5,-17.5,-17.0,351,266,85,-2.308204344611263,-2.587634477581682,0.2794301329704192
54,6,-17.0,-16.5,351,0,351,,-2.587634477581682,
54,7,-16.5,-16.0,351,48,303,-3.1854715857777416,-2.587634477581682,-0.5978371081960594
54,8,-16.0,-15.5,352,62,290,-2.668761331138337,-2.587634477581682,-0.08112685355665494
54,9,-15.5,-15.0,351,55,296,-3.331079829135909,-2.587634477581682,-0.743445351554227
54,10,-15.0,-14.5,351,0,351,,-2.587634477581682,
54,11,-14.5,-14.0,352,0,352,,-2.587634477581682,
54,12,-14.0,-13.5,351,0,351,,-2.587634477581682,
54,13,-13.5,-13.0,351,0,351,,-2.587634477581682,
54,14,-13.0,-12.5,351,0,351,,-2.587634477581682,
54,15,-12.5,-12.0,352,49,303,-2.943905641071081,-2.587634477581682,-0.3562711634893989
54,16,-12.0,-11.5,351,0,351,,-2.587634477581682,
54,17,-11.5,-11.0,351,71,280,-2.9914753140645955,-2.587634477581682,-0.40384083648291336
54,18,-11.0,-10.5,352,164,188,-2.1288296396918946,-2.587634477581682,0.45880483788978754
54,19,-10.5,-10.0,351,101,250,-2.7403601386974032,-2.587634477581682,-0.15272566111572106
54,20,-10.0,-9.5,351,181,170,-2.3606568824725493,-2.587634477581682,0.22697759510913285
54,21,-9.5,-9.0,351,139,212,-3.0040760876337,-2.587634477581682,-0.41644161005201763
54,22,-9.0,-8.5,352,139,213,-2.292198341705748,-2.587634477581682,0.2954361358759341
54,23,-8.5,-8.0,351,100,251,-3.024648913516052,-2.587634477581682,-0.43701443593436995
54,24,-8.0,-7.5,351,212,139,-2.373848656103987,-2.587634477581682,0.21378582147769531
54,25,-7.5,-7.0,352,0,352,,-2.587634477581682,
54,26,-7.0,-6.5,351,217,134,-2.1847994997252598,-2.587634477581682,0.4028349778564224
54,27,-6.5,-6.0,351,68,283,-2.8859584046395437,-2.587634477581682,-0.2983239270578615
54,28,-6.0,-5.5,351,213,138,-2.3882281242693475,-2.587634477581682,0.1994063533123347
54,29,-5.5,-5.0,352,85,267,-2.969308666147655,-2.587634477581682,-0.3816741885659729
54,30,-5.0,-4.5,351,200,151,-2.242407488016461,-2.587634477581682,0.34522698956522113
54,31,-4.5,-4.0,351,125,226,-3.2663467500303476,-2.587634477581682,-0.6787122724486654
54,32,-4.0,-3.5,352,260,92,-2.5378414074953177,-2.587634477581682,0.049793070086364466
54,33,-3.5,-3.0,351,0,351,,-2.587634477581682,
54,34,-3.0,-2.5,351,43,308,-2.8074314448182927,-2.587634477581682,-0.21979696723661046
54,35,-2.5,-2.0,351,128,223,-2.2396319999435756,-2.587634477581682,0.34800247763810654
54,36,-2.0,-1.5,352,0,352,,-2.587634477581682,
54,37,-1.5,-1.0,351,169,182,-2.5048656833142857,-2.587634477581682,0.08276879426739647
54,38,-1.0,-0.5,351,85,266,-2.981470380062728,-2.587634477581682,-0.3938359024810456
54,39,-0.5,0.0,352,216,136,-2.587634477581682,-2.587634477581682,0.0
54,40,0.0,0.5,351,76,275,-3.189397904170016,-2.587634477581682,-0.6017634265883336
54,41,0.5,1.0,351,200,151,-2.4524223331173283,-2.587634477581682,0.13521214446435392
54,42,1.0,1.5,351,99,252,-3.0037559972512726,-2.587634477581682,-0.41612151966959043
54,43,1.5,2.0,352,196,156,-2.9199545917906944,-2.587634477581682,-0.3323201142090122
54,44,2.0,2.5,351,114,237,-3.032434592380593,-2.587634477581682,-0.4448001147989107
54,45,2.5,3.0,351,160,191,-2.515077623059437,-2.587634477581682,0.07255685452224503
54,46,3.0,3.5,352,21,331,-2.70848373810818,-2.587634477581682,-0.12084926052649791
54,47,3.5,4.0,351,169,182,-2.6860381971936897,-2.587634477581682,-0.09840371961200756
54,48,4.0,4.5,351,90,261,-2.534307483483067,-2.587634477581682,0.05332699409861519
54,49,4.5,5.0,351,73,278,-2.926560919049993,-2.587634477581682,-0.33892644146831064
54,50,5.0,5.5,352,289,63,-2.8149187072531174,-2.587634477581682,-0.22728422967143525
54,51,5.5,6.0,351,170,181,-2.5932656511789993,-2.587634477581682,-0.0056311735973171295
54,52,6.0,6.5,351,27,324,-2.9844367761270276,-2.587634477581682,-0.39680229854534543
54,53,6.5,7.0,352,136,216,-2.729174335962526,-2.587634477581682,-0.1415398583808436
54,54,7.0,7.5,351,44,307,-2.4461808789117065,-2.587634477581682,0.14145359866997564
54,55,7.5,8.0,351,144,207,-2.6446723796661185,-2.587634477581682,-0.057037902084436265
54,56,8.0,8.5,351,156,195,-2.9431302369610295,-2.587634477581682,-0.3554957593793473
54,57,8.5,9.0,352,0,352,,-2.587634477581682,
54,58,9.0,9.5,351,120,231,-2.6574900898607297,-2.587634477581682,-0.06985561227904746
54,59,9.5,10.0,351,284,67,-2.4841061094088235,-2.587634477581682,0.10352836817285871
54,60,10.0,10.5,352,221,131,-2.560350310850974,-2.587634477581682,0.027284166730708215
54,61,10.5,11.0,351,145,206,-2.453442426934383,-2.587634477581682,0.13419205064729933
54,62,11.0,11.5,351,83,268,-2.546102743513613,-2.587634477581682,0.04153173406806898
54,63,11.5,12.0,351,26,325,-2.7635413008884724,-2.587634477581682,-0.1759068233067902
54,64,12.0,12.5,352,352,0,-2.0604982813882065,-2.587634477581682,0.5271361961934757
54,65,12.5,13.0,351,45,306,-2.1996362825899465,-2.587634477581682,0.3879981949917357
54,66,13.0,13.5,351,0,351,,-2.587634477581682,
54,67,13.5,14.0,352,0,352,,-2.587634477581682,
54,68,14.0,14.5,351,0,351,,-2.587634477581682,
54,69,14.5,15.0,351,99,252,-2.9532955310189797,-2.587634477581682,-0.3656610534372975
54,70,15.0,15.5,351,0,351,,-2.587634477581682,
54,71,15.5,16.0,352,30,322,-3.0231050794345693,-2.587634477581682,-0.4354706018528871
54,72,16.0,16.5,351,180,171,-2.9927134932446737,-2.587634477581682,-0.40507901566299154
54,73,16.5,17.0,351,48,303,-3.1593984012960767,-2.587634477581682,-0.5717639237143946
54,74,17.0,17.5,352,172,180,-2.2338576707417452,-2.587634477581682,0.35377680683993695
54,75,17.5,18.0,351,350,1,-2.299703432377879,-2.587634477581682,0.2879310452038033
54,76,18.0,18.5,351,103,248,-3.0033263913729322,-2.587634477581682,-0.41569191379125003
54,77,18.5,19.0,351,243,108,-2.202023055968092,-2.587634477581682,0.3856114216135902
54,78,19.0,19.5,352,151,201,-3.093145695980844,-2.587634477581682,-0.5055112183991617
54,79,19.5,20.0,351,0,351,,-2.587634477581682,
55,0,-20.0,-19.5,351,250,101,-2.698969452818102,-2.4947765697398294,-0.20419288307827266
55,1,-19.5,-19.0,352,135,217,-3.0972096283066426,-2.4947765697398294,-0.6024330585668132
55,2,-19.0,-18.5,351,241,110,-2.5735389075623774,-2.4947765697398294,-0.07876233782254793
55,3,-18.5,-18.0,351,90,261,-2.3911144272998475,-2.4947765697398294,0.10366214243998195
55,4,-18.0,-17.5,351,75,276,-2.1981280615520444,-2.4947765697398294,0.296648508187785
55,5,-17.5,-17.0,352,221,131,-2.388500007605407,-2.4947765697398294,0.10627656213442238
55,6,-17.0,-16.5,351,7,344,-2.666271793285992,-2.4947765697398294,-0.17149522354616265
55,7,-16.5,-16.0,351,195,156,-2.3108474837498005,-2.4947765697398294,0.18392908599002888
55,8,-16.0,-15.5,352,97,255,-2.3508303495984153,-2.4947765697398294,0.14394622014141412
55,9,-15.5,-15.0,351,81,270,-2.407867382460279,-2.4947765697398294,0.08690918727955044
55,10,-15.0,-14.5,351,212,139,-2.4793262100829185,-2.4947765697398294,0.015450359656910884
55,11,-14.5,-14.0,351,140,211,-2.431444096764461,-2.4947765697398294,0.06333247297536859
55,12,-14.0,-13.5,352,107,245,-2.899054827240911,-2.4947765697398294,-0.4042782575010815
55,13,-13.5,-13.0,351,220,131,-2.413855465870905,-2.4947765697398294,0.0809211038689246
55,14,-13.0,-12.5,351,83,268,-2.810160710996959,-2.4947765697398294,-0.31538414125712944
55,15,-12.5,-12.0,352,257,95,-2.5351445350915136,-2.4947765697398294,-0.04036796535168419
55,16,-12.0,-11.5,351,166,185,-2.764986179432502,-2.4947765697398294,-0.2702096096926727
55,17,-11.5,-11.0,351,69,282,-2.631844817250967,-2.4947765697398294,-0.13706824751113755
55,18,-11.0,-10.5,351,260,91,-2.627116978675019,-2.4947765697398294,-0.1323404089351894
55,19,-10.5,-10.0,352,93,259,-3.0101009318657796,-2.4947765697398294,-0.5153243621259502
55,20,-10.0,-9.5,351,179,172,-2.295183514819236,-2.4947765697398294,0.19959305492059354
55,21,-9.5,-9.0,351,168,183,-2.143594355498097,-2.4947765697398294,0.35118221424173246
55,22,-9.0,-8.5,352,39,313,-2.903139316515418,-2.4947765697398294,-0.40836274677558837
55,23,-8.5,-8.0,351,227,124,-2.446261028591681,-2.4947765697398294,0.0485155411481486
55,24,-8.0,-7.5,351,88,263,-3.1910171869905537,-2.4947765697398294,-0.6962406172507243
55,25,-7.5,-7.0,351,206,145,-2.434152749953709,-2.4947765697398294,0.060623819786120414
55,26,-7.0,-6.5,352,165,187,-2.476160867356107,-2.4947765697398294,0.018615702383722343
55,27,-6.5,-6.0,351,131,220,-2.998052784491819,-2.4947765697398294,-0.5032762147519896
55,28,-6.0,-5.5,351,180,171,-2.4884464579004613,-2.4947765697398294,0.006330111839368158
55,29,-5.5,-5.0,352,137,215,-2.9292908140739953,-2.4947765697398294,-0.43451424433416586
55,30,-5.0,-4.5,351,188,163,-2.3938650463533993,-2.4947765697398294,0.10091152338643017
55,31,-4.5,-4.0,351,108,243,-2.9983402111485247,-2.4947765697398294,-0.5035636414086953
55,32,-4.0,-3.5,351,213,138,-2.192033064979403,-2.4947765697398294,0.30274350476042633
55,33,-3.5,-3.0,352,141,211,-3.0363292267005755,-2.4947765697398294,-0.5415526569607461
55,34,-3.0,-2.5,351,174,177,-2.1233446434559013,-2.4947765697398294,0.37143192628392807
55,35,-2.5,-2.0,351,185,166,-2.501106681579198,-2.4947765697398294,-0.006330111839368602
55,36,-2.0,-1.5,352,74,278,-2.173837939077865,-2.4947765697398294,0.3209386306619644
55,37,-1.5,-1.0,351,127,224,-2.231795118108201,-2.4947765697398294,0.26298145163162845
55,38,-1.0,-0.5,351,85,266,-2.879779411891482,-2.4947765697398294,-0.3850028421516525
55,39,-0.5,0.0,351,199,152,-2.354682659843271,-2.4947765697398294,0.14009390989655834
55,40,0.0,0.5,352,175,177,-2.8493184676158045,-2.4947765697398294,-0.3545418978759751
55,41,0.5,1.0,351,149,202,-2.5515936073050587,-2.4947765697398294,-0.05681703756522927
55,42,1.0,1.5,351,233,118,-2.603477778433634,-2.4947765697398294,-0.1087012086938044
55,43,1.5,2.0,352,42,310,-3.1467320235860106,-2.4947765697398294,-0.6519554538461811
55,44,2.0,2.5,351,274,77,-2.7652449351592834,-2.4947765697398294,-0.27046836541945396
55,45,2.5,3.0,351,29,322,-2.5307935703566833,-2.4947765697398294,-0.03601700061685387
55,46,3.0,3.5,351,115,236,-2.584166014443161,-2.4947765697398294,-0.08938944470333166
55,47,3.5,4.0,352,124,228,-2.714296569486531,-2.4947765697398294,-0.21951999974670144
55,48,4.0,4.5,351,34,317,-2.529201078713349,-2.4947765697398294,-0.034424508973519785
55,49,4.5,5.0,351,105,246,-2.4598637469765054,-2.4947765697398294,0.03491282276332397
55,50,5.0,5.5,352,12,340,-2.8439269975618036,-2.4947765697398294,-0.34915042782197414
55,51,5.5,6.0,351,144,207,-2.5268347566059277,-2.4947765697398294,-0.03205818686609829
55,52,6.0,6.5,351,184,167,-2.643292637204458,-2.4947765697398294,-0.14851606746462842
55,53,6.5,7.0,351,0,351,,-2.4947765697398294,
55,54,7.0,7.5,352,224,128,-2.726377489050508,-2.4947765697398294,-0.2316009193106785
55,55,7.5,8.0,351,177,174,-2.718101762156131,-2.4947765697398294,-0.22332519241630155
55,56,8.0,8.5,351,91,260,-2.893381087689774,-2.4947765697398294,-0.39860451794994445
55,57,8.5,9.0,352,144,208,-2.6392395185691,-2.4947765697398294,-0.14446294882927058
55,58,9.0,9.5,351,235,116,-2.773930384729122,-2.4947765697398294,-0.2791538149892925
55,59,9.5,10.0,351,276,75,-2.316073222823082,-2.4947765697398294,0.17870334691674739
55,60,10.0,10.5,351,203,148,-2.4573085464032394,-2.4947765697398294,0.03746802333659005
55,61,10.5,11.0,352,181,171,-2.6372247171811694,-2.4947765697398294,-0.14244814744133993
55,62,11.0,11.5,351,89,262,-2.4825360719620106,-2.4947765697398294,0.01224049777781877
55,63,11.5,12.0,351,81,270,-3.187260733349499,-2.4947765697398294,-0.6924841636096697
55,64,12.0,12.5,352,51,301,-2.972916333510555,-2.4947765697398294,-0.4781397637707254
55,65,12.5,13.0,351,61,290,-3.093771466167416,-2.4947765697398294,-0.5989948964275866
55,66,13.0,13.5,351,0,351,,-2.4947765697398294,
55,67,13.5,14.0,351,47,304,-2.9834559797042064,-2.4947765697398294,-0.488679409964377
55,68,14.0,14.5,352,0,352,,-2.4947765697398294,
55,69,14.5,15.0,351,60,291,-3.419643960387046,-2.4947765697398294,-0.9248673906472167
55,70,15.0,15.5,351,55,296,-3.0684228997137537,-2.4947765697398294,-0.5736463299739243
55,71,15.5,16.0,352,35,317,-2.864444465850195,-2.4947765697398294,-0.36966789611036566
55,72,16.0,16.5,351,199,152,-2.8176258858458745,-2.4947765697398294,-0.32284931610604506
55,73,16.5,17.0,351,255,96,-2.4768751908988684,-2.4947765697398294,0.01790137884096099
55,74,17.0,17.5,351,57,294,-3.0155812341048445,-2.4947765697398294,-0.520804664365015
55,75,17.5,18.0,352,180,172,-3.1188799326011116,-2.4947765697398294,-0.6241033628612822
55,76,18.0,18.5,351,222,129,-2.4073591275975366,-2.4947765697398294,0.08741744214229286
55,77,18.5,19.0,351,26,325,-3.4240859988507326,-2.4947765697398294,-0.9293094291109032
55,78,19.0,19.5,352,182,170,-2.2329200756307817,-2.4947765697398294,0.26185649410904777
55,79,19.5,20.0,351,68,283,-2.961051276095133,-2.4947765697398294,-0.46627470635530344
56,0,-20.0,-19.5,351,205,146,-2.463446868843323,-2.4465657255196347,-0.016881143323688175
56,1,-19.5,-19.0,352,99,253,-2.2632891920378873,-2.4465657255196347,0.18327653348174744
56,2,-19.0,-18.5,351,172,179,-2.1702112935613798,-2.4465657255196347,0.27635443195825493
56,3,-18.5,-18.0,351,46,305,-2.5462397143400306,-2.4465657255196347,-0.09967398882039591
56,4,-18.0,-17.5,351,135,216,-2.402548515406106,-2.4465657255196347,0.04401721011352855
56,5,-17.5,-17.0,352,184,168,-2.3838301956889714,-2.4465657255196347,0.06273552983066333
56,6,-17.0,-16.5,351,150,201,-3.0844075899643184,-2.4465657255196347,-0.6378418644446837
56,7,-16.5,-16.0,351,282,69,-2.308446219022372,-2.4465657255196347,0.1381195064972629
56,8,-16.0,-15.5,352,8,344,-3.7681253213594013,-2.4465657255196347,-1.3215595958397666
56,9,-15.5,-15.0,351,267,84,-2.4624261890754418,-2.4465657255196347,-0.01586046355580706
56,10,-15.0,-14.5,351,42,309,-2.481321039530044,-2.4465657255196347,-0.03475531401040932
56,11,-14.5,-14.0,351,314,37,-2.3325000776548483,-2.4465657255196347,0.11406564786478635
56,12,-14.0,-13.5,352,66,286,-2.9569094906736693,-2.4465657255196347,-0.5103437651540346
56,13,-13.5,-13.0,351,231,120,-2.2638107603691786,-2.4465657255196347,0.18275496515045608
56,14,-13.0,-12.5,351,63,288,-3.1567146906399346,-2.4465657255196347,-0.7101489651202999
56,15,-12.5,-12.0,352,105,247,-2.3898822726293187,-2.4465657255196347,0.056683452890315955
56,16,-12.0,-11.5,351,215,136,-2.729971644955899,-2.4465657255196347,-0.28340591943626414
56,17,-11.5,-11.0,351,271,80,-2.604150840019222,-2.4465657255196347,-0.15758511449958723
56,18,-11.0,-10.5,351,20,331,-2.7224200662167446,-2.4465657255196347,-0.2758543406971099
56,19,-10.5,-10.0,352,227,125,-2.3509247503449915,-2.4465657255196347,0.0956409751746432
56,20,-10.0,-9.5,351,93,258,-3.040520033691665,-2.4465657255196347,-0.5939543081720302
56,21,-9.5,-9.0,351,275,76,-2.3328272463741446,-2.4465657255196347,0.11373847914549007
56,22,-9.0,-8.5,352,55,297,-2.9344486147113944,-2.4465657255196347,-0.4878828891917597
56,23,-8.5,-8.0,351,340,11,-2.4118104115092254,-2.4465657255196347,0.03475531401040932
56,24,-8.0,-7.5,351,42,309,-2.740690755701285,-2.4465657255196347,-0.29412503018165026
56,25,-7.5,-7.0,351,250,101,-2.265287883654861,-2.4465657255196347,0.18127784186477358
56,26,-7.0,-6.5,352,270,82,-2.9081836584609695,-2.4465657255196347,-0.4616179329413348
56,27,-6.5,-6.0,351,219,132,-2.3739904888992975,-2.4465657255196347,0.07257523662033716
56,28,-6.0,-5.5,351,104,247,-2.4108751047717996,-2.4465657255196347,0.03569062074783513
56,29,-5.5,-5.0,352,144,208,-2.2418124465223315,-2.4465657255196347,0.20475327899730322
56,30,-5.0,-4.5,351,194,157,-2.4071165165149595,-2.4465657255196347,0.03944920900467519
56,31,-4.5,-4.0,351,173,178,-2.675347690132825,-2.4465657255196347,-0.22878196461319034
56,32,-4.0,-3.5,351,178,173,-2.2726783656749836,-2.4465657255196347,0.1738873598446511
56,33,-3.5,-3.0,352,129,223,-2.5980210572703397,-2.4465657255196347,-0.15145533175070502
56,34,-3.0,-2.5,351,260,91,-2.3180306027106576,-2.4465657255196347,0.12853512280897705
56,35,-2.5,-2.0,351,121,230,-2.9361504667510347,-2.4465657255196347,-0.48958474123140006
56,36,-2.0,-1.5,352,204,148,-2.5391202090253593,-2.4465657255196347,-0.0925544835057246
56,37,-1.5,-1.0,351,101,250,-2.2587132721246985,-2.4465657255196347,0.18785245339493617
56,38,-1.0,-0.5,351,147,204,-2.349425991942422,-2.4465657255196347,0.09713973357721262
56,39,-0.5,0.0,351,200,151,-2.7025979221298897,-2.4465657255196347,-0.256032196610255
56,40,0.0,0.5,352,12,340,-3.0784851912826374,-2.4465657255196347,-0.6319194657630027
56,41,0.5,1.0,351,205,146,-2.437583648543392,-2.4465657255196347,0.008982076976242759
56,42,1.0,1.5,351,90,261,-2.535995294964632,-2.4465657255196347,-0.08942956944499736
56,43,1.5,2.0,352,143,209,-2.3769156412569146,-2.4465657255196347,0.06965008426272012
56,44,2.0,2.5,351,165,186,-2.4600543073287895,-2.4465657255196347,-0.013488581809154798
56,45,2.5,3.0,351,65,286,-3.1744663982683234,-2.4465657255196347,-0.7279006727486887
56,46,3.0,3.5,351,156,195,-2.3823580344373703,-2.4465657255196347,0.06420769108226443
56,47,3.5,4.0,352,135,217,-2.971071382943477,-2.4465657255196347,-0.5245056574238425
56,48,4.0,4.5,351,215,136,-2.7206224448319367,-2.4465657255196347,-0.274056719312302
56,49,4.5,5.0,351,114,237,-2.664839143937736,-2.4465657255196347,-0.21827341841810144
56,50,5.0,5.5,352,218,134,-2.7692402821893456,-2.4465657255196347,-0.3226745566697109
56,51,5.5,6.0,351,161,190,-2.392129365711142,-2.4465657255196347,0.05443635980849271
56,52,6.0,6.5,351,39,312,-2.842828830501329,-2.4465657255196347,-0.39626310498169426
56,53,6.5,7.0,351,158,193,-2.478651199727379,-2.4465657255196347,-0.0320854742077441
56,54,7.0,7.5,352,62,290,-2.817119524452525,-2.4465657255196347,-0.3705537989328902
56,55,7.5,8.0,351,299,52,-2.7566827064048782,-2.4465657255196347,-0.31011698088524353
56,56,8.0,8.5,351,125,226,-2.9314444616870046,-2.4465657255196347,-0.4848787361673699
56,57,8.5,9.0,352,125,227,-2.383596296286688,-2.4465657255196347,0.0629694292329468
56,58,9.0,9.5,351,183,168,-2.661384215025105,-2.4465657255196347,-0.2148184895054701
56,59,9.5,10.0,351,299,52,-2.3587726549836048,-2.4465657255196347,0.08779307053602992
56,60,10.0,10.5,351,312,39,-2.398569552942181,-2.4465657255196347,0.04799617257745359
56,61,10.5,11.0,352,258,94,-2.122467202598165,-2.4465657255196347,0.3240985229214699
56,62,11.0,11.5,351,241,110,-2.390444679031145,-2.4465657255196347,0.05612104648848959
56,63,11.5,12.0,351,293,58,-2.3350991600754463,-2.4465657255196347,0.11146656544418843
56,64,12.0,12.5,352,141,211,-2.9126972926506878,-2.4465657255196347,-0.4661315671310531
56,65,12.5,13.0,351,180,171,-3.020728909703969,-2.4465657255196347,-0.5741631841843344
56,66,13.0,13.5,351,3,348,-2.772018394710694,-2.4465657255196347,-0.3254526691910593
56,67,13.5,14.0,351,140,211,-2.984433189976129,-2.4465657255196347,-0.5378674644564945
56,68,14.0,14.5,352,24,328,-2.9634828934829454,-2.4465657255196347,-0.5169171679633107
56,69,14.5,15.0,351,141,210,-2.9123338588028673,-2.4465657255196347,-0.46576813328323263
56,70,15.0,15.5,351,111,240,-3.0480776417082853,-2.4465657255196347,-0.6015119161886506
56,71,15.5,16.0,352,82,270,-3.0393714141119643,-2.4465657255196347,-0.5928056885923296
56,72,16.0,16.5,351,61,290,-3.1873938868197325,-2.4465657255196347,-0.7408281613000978
56,73,16.5,17.0,351,68,283,-2.818530912092108,-2.4465657255196347,-0.37196518657247335
56,74,17.0,17.5,351,187,164,-2.9217765342174546,-2.4465657255196347,-0.47521080869781995
56,75,17.5,18.0,352,64,288,-2.887736711280293,-2.4465657255196347,-0.4411709857606585
56,76,18.0,18.5,351,151,200,-3.023061780018872,-2.4465657255196347,-0.5764960544992372
56,77,18.5,19.0,351,137,214,-2.948618783018685,-2.4465657255196347,-0.5020530574990505
56,78,19.0,19.5,352,147,205,-2.948973348446404,-2.4465657255196347,-0.5024076229267691
56,79,19.5,20.0,351,196,155,-3.0159722159367433,-2.4465657255196347,-0.5694064904171086
57,0,-20.0,-19.5,351,182,169,-2.3208025779388644,-2.5572664901009565,0.23646391216209217
57,1,-19.5,-19.0,352,52,300,-2.9984413452196184,-2.5572664901009565,-0.44117485511866184
57,2,-19.0,-18.5,351,161,190,-2.3544686923031777,-2.5572664901009565,0.20279779779777884
57,3,-18.5,-18.0,351,159,192,-2.48181648440927,-2.5572664901009565,0.0754500056916867
57,4,-18.0,-17.5,351,137,214,-2.565050687058122,-2.5572664901009565,-0.007784196957165257
57,5,-17.5,-17.0,352,234,118,-2.4554948789162676,-2.5572664901009565,0.10177161118468891
57,6,-17.0,-16.5,351,138,213,-3.165589939385743,-2.5572664901009565,-0.6083234492847867
57,7,-16.5,-16.0,351,187,164,-2.3353024238161764,-2.5572664901009565,0.22196406628478016
57,8,-16.0,-15.5,352,169,183,-2.218629533330469,-2.5572664901009565,0.33863695677048744
57,9,-15.5,-15.0,351,24,327,-2.8541211619462983,-2.5572664901009565,-0.29685467184534176
57,10,-15.0,-14.5,351,203,148,-2.3909526689843483,-2.5572664901009565,0.1663138211166082
57,11,-14.5,-14.0,351,61,290,-2.8984954803720533,-2.5572664901009565,-0.34122899027109677
57,12,-14.0,-13.5,352,152,200,-2.3196850209106694,-2.5572664901009565,0.2375814691902871
57,13,-13.5,-13.0,351,203,148,-2.301948311407531,-2.5572664901009565,0.2553181786934253
57,14,-13.0,-12.5,351,106,245,-3.0136951628775694,-2.5572664901009565,-0.4564286727766129
57,15,-12.5,-12.0,352,218,134,-2.48695201792304,-2.5572664901009565,0.07031447217791653
57,16,-12.0,-11.5,351,203,148,-2.5572664901009565,-2.5572664901009565,0.0
57,17,-11.5,-11.0,351,160,191,-2.917123196028842,-2.5572664901009565,-0.35985670592788566
57,18,-11.0,-10.5,351,0,351,,-2.5572664901009565,
57,19,-10.5,-10.0,352,161,191,-2.40940530380745,-2.5572664901009565,0.14786118629350664
57,20,-10.0,-9.5,351,79,272,-3.0411859272482897,-2.5572664901009565,-0.4839194371473332
57,21,-9.5,-9.0,351,196,155,-2.5019490848237167,-2.5572664901009565,0.05531740527723983
57,22,-9.0,-8.5,352,52,300,-3.4511157361979166,-2.5572664901009565,-0.89384924609696
57,23,-8.5,-8.0,351,235,116,-2.5640317901653855,-2.5572664901009565,-0.006765300064428992
57,24,-8.0,-7.5,351,132,219,-3.1386104739235363,-2.5572664901009565,-0.5813439838225798
57,25,-7.5,-7.0,351,144,207,-2.3348984746788033,-2.5572664901009565,0.22236801542215323
57,26,-7.0,-6.5,352,125,227,-2.246190347544156,-2.5572664901009565,0.3110761425568005
57,27,-6.5,-6.0,351,159,192,-2.9804418243627544,-2.5572664901009565,-0.4231753342617979
57,28,-6.0,-5.5,351,165,186,-2.521435380407885,-2.5572664901009565,0.03583110969307146
57,29,-5.5,-5.0,352,182,170,-3.0873466377508305,-2.5572664901009565,-0.530080147649874
57,30,-5.0,-4.5,351,206,145,-2.380355527342864,-2.5572664901009565,0.1769109627580927
57,31,-4.5,-4.0,351,89,262,-2.87236496102093,-2.5572664901009565,-0.31509847091997356
57,32,-4.0,-3.5,351,253,98,-2.381773837013268,-2.5572664901009565,0.17549265308768858
57,33,-3.5,-3.0,352,2,350,-3.972493780551443,-2.5572664901009565,-1.4152272904504866
57,34,-3.0,-2.5,351,186,165,-2.3341871921131983,-2.5572664901009565,0.22307929798775827
57,35,-2.5,-2.0,351,31,320,-2.9343433270860095,-2.5572664901009565,-0.377076836985053
57,36,-2.0,-1.5,352,239,113,-2.423465522192621,-2.5572664901009565,0.13380096790833562
57,37,-1.5,-1.0,351,21,330,-3.25315071001913,-2.5572664901009565,-0.6958842199181734
57,38,-1.0,-0.5,351,185,166,-2.3179024995669146,-2.5572664901009565,0.2393639905340419
57,39,-0.5,0.0,351,153,198,-2.8508221191186234,-2.5572664901009565,-0.29355562901766685
57,40,0.0,0.5,352,321,31,-2.683968816656276,-2.5572664901009565,-0.12670232655531954
57,41,0.5,1.0,351,69,282,-2.902372377301426,-2.5572664901009565,-0.3451058872004693
57,42,1.0,1.5,351,209,142,-2.7418246822876395,-2.5572664901009565,-0.184558192186683
57,43,1.5,2.0,352,177,175,-2.660687944603335,-2.5572664901009565,-0.10342145450237838
57,44,2.0,2.5,351,224,127,-2.8250690276494397,-2.5572664901009565,-0.26780253754848315
57,45,2.5,3.0,351,86,265,-2.947477422357145,-2.5572664901009565,-0.3902109322561884
57,46,3.0,3.5,351,109,242,-2.6943972840456474,-2.5572664901009565,-0.13713079394469085
57,47,3.5,4.0,352,129,223,-3.0129864526031085,-2.5572664901009565,-0.45571996250215197
57,48,4.0,4.5,351,173,178,-2.59833447087764,-2.5572664901009565,-0.04106798077668339
57,49,4.5,5.0,351,106,245,-2.885115881737685,-2.5572664901009565,-0.32784939163672844
57,50,5.0,5.5,352,160,192,-2.864078272061983,-2.5572664901009565,-0.3068117819610263
57,51,5.5,6.0,351,287,64,-2.695143585755176,-2.5572664901009565,-0.13787709565421968
57,52,6.0,6.5,351,87,264,-2.837720610936492,-2.5572664901009565,-0.28045412083553556
57,53,6.5,7.0,351,112,239,-2.60096662060841,-2.5572664901009565,-0.04370013050745358
57,54,7.0,7.5,352,0,352,,-2.5572664901009565,
57,55,7.5,8.0,351,141,210,-2.4377724732238732,-2.5572664901009565,0.11949401687708328
57,56,8.0,8.5,351,0,351,,-2.5572664901009565,
57,57,8.5,9.0,352,139,213,-2.64255211483608,-2.5572664901009565,-0.08528562473512347
57,58,9.0,9.5,351,220,131,-2.8482085381793456,-2.5572664901009565,-0.2909420480783891
57,59,9.5,10.0,351,300,51,-2.6584319704549717,-2.5572664901009565,-0.10116548035401518
57,60,10.0,10.5,351,194,157,-2.5253939724563974,-2.5572664901009565,0.03187251764455912
57,61,10.5,11.0,352,95,257,-2.554515572214353,-2.5572664901009565,0.002750917886603421
57,62,11.0,11.5,351,198,153,-2.258722133748988,-2.5572664901009565,0.2985443563519685
57,63,11.5,12.0,351,86,265,-2.9666532850856346,-2.5572664901009565,-0.4093867949846781
57,64,12.0,12.5,352,145,207,-2.7989077192326683,-2.5572664901009565,-0.24164122913171182
57,65,12.5,13.0,351,0,351,,-2.5572664901009565,
57,66,13.0,13.5,351,34,317,-3.230822953860656,-2.5572664901009565,-0.6735564637596996
57,67,13.5,14.0,351,190,161,-3.178763344809566,-2.5572664901009565,-0.6214968547086093
57,68,14.0,14.5,352,51,301,-3.026295244921306,-2.5572664901009565,-0.46902875482034956
57,69,14.5,15.0,351,0,351,,-2.5572664901009565,
57,70,15.0,15.5,351,68,283,-3.0020188393988736,-2.5572664901009565,-0.44475234929791707
57,71,15.5,16.0,352,0,352,,-2.5572664901009565,
57,72,16.0,16.5,351,139,212,-2.928919812567378,-2.5572664901009565,-0.37165332246642135
57,73,16.5,17.0,351,121,230,-3.1465720762510427,-2.5572664901009565,-0.5893055861500862
57,74,17.0,17.5,351,99,252,-2.9826789331084207,-2.5572664901009565,-0.42541244300746417
57,75,17.5,18.0,352,120,232,-2.9572987600136695,-2.5572664901009565,-0.400032269912713
57,76,18.0,18.5,351,286,65,-2.2401206714042523,-2.5572664901009565,0.3171458186967042
57,77,18.5,19.0,351,351,0,-2.1242677595507287,-2.5572664901009565,0.43299873055022786
57,78,19.0,19.5,352,349,3,-2.1748172860401476,-2.5572664901009565,0.38244920406080896
57,79,19.5,20.0,351,71,280,-2.5301416573420106,-2.5572664901009565,0.02712483275894595
58,0,-20.0,-19.5,351,79,272,-3.077351422073093,-2.5644995930802312,-0.5128518289928619
58,1,-19.5,-19.0,352,241,111,-2.5569570004033335,-2.5644995930802312,0.007542592676897719
58,2,-19.0,-18.5,351,146,205,-2.4443110132885972,-2.5644995930802312,0.120188579791634
58,3,-18.5,-18.0,351,163,188,-2.9598465470281736,-2.5644995930802312,-0.3953469539479424
58,4,-18.0,-17.5,352,88,264,-2.862919573605542,-2.5644995930802312,-0.2984199805253107
58,5,-17.5,-17.0,351,79,272,-2.2850112037698405,-2.5644995930802312,0.2794883893103908
58,6,-17.0,-16.5,351,189,162,-2.335822570916826,-2.5644995930802312,0.22867702216340513
58,7,-16.5,-16.0,351,26,325,-2.5908873401223067,-2.5644995930802312,-0.02638774704207547
58,8,-16.0,-15.5,352,100,252,-2.3258786546656482,-2.5644995930802312,0.23862093841458298
58,9,-15.5,-15.0,351,220,131,-2.50501435075522,-2.5644995930802312,0.05948524232501118
58,10,-15.0,-14.5,351,21,330,-2.947160389132635,-2.5644995930802312,-0.38266079605240355
58,11,-14.5,-14.0,352,180,172,-2.34172682806457,-2.5644995930802312,0.222772765015661
58,12,-14.0,-13.5,351,202,149,-2.684031297138106,-2.5644995930802312,-0.11953170405787494
58,13,-13.5,-13.0,351,137,214,-2.704886054806635,-2.5644995930802312,-0.14038646172640368
58,14,-13.0,-12.5,351,182,169,-2.556189444531716,-2.5644995930802312,0.008310148548515084
58,15,-12.5,-12.0,352,130,222,-2.5351323241356747,-2.5644995930802312,0.029367268944556546
58,16,-12.0,-11.5,351,165,186,-2.8655450867132286,-2.5644995930802312,-0.3010454936329974
58,17,-11.5,-11.0,351,190,161,-2.5287379106453023,-2.5644995930802312,0.03576168243492894
58,18,-11.0,-10.5,352,163,189,-2.5186355043393314,-2.5644995930802312,0.04586408874089987
58,19,-10.5,-10.0,351,16,335,-3.1970538058228115,-2.5644995930802312,-0.6325542127425803
58,20,-10.0,-9.5,351,234,117,-2.5232893427458767,-2.5644995930802312,0.04121025033435455
58,21,-9.5,-9.0,351,64,287,-3.09167601640028,-2.5644995930802312,-0.5271764233200487
58,22,-9.0,-8.5,352,151,201,-2.396303493431104,-2.5644995930802312,0.16819609964912718
58,23,-8.5,-8.0,351,178,173,-2.48833664367591,-2.5644995930802312,0.07616294940432145
58,24,-8.0,-7.5,351,144,207,-2.889407505187127,-2.5644995930802312,-0.32490791210689585
58,25,-7.5,-7.0,352,186,166,-2.396974307276221,-2.5644995930802312,0.16752528580401016
58,26,-7.0,-6.5,351,178,173,-2.8549395700251545,-2.5644995930802312,-0.2904399769449233
58,27,-6.5,-6.0,351,54,297,-3.1360170331911426,-2.5644995930802312,-0.5715174401109113
58,28,-6.0,-5.5,351,96,255,-2.2932021946627574,-2.5644995930802312,0.2712973984174738
58,29,-5.5,-5.0,352,111,241,-2.846780549527824,-2.5644995930802312,-0.28228095644759277
58,30,-5.0,-4.5,351,168,183,-2.5422931390461594,-2.5644995930802312,0.022206454034071843
58,31,-4.5,-4.0,351,0,351,,-2.5644995930802312,
58,32,-4.0,-3.5,352,159,193,-2.5257947956906155,-2.5644995930802312,0.03870479738961574
58,33,-3.5,-3.0,351,0,351,,-2.5644995930802312,
58,34,-3.0,-2.5,351,175,176,-2.5728097416287463,-2.5644995930802312,-0.008310148548515084
58,35,-2.5,-2.0,351,101,250,-2.406681699120136,-2.5644995930802312,0.15781789396009538
58,36,-2.0,-1.5,352,89,263,-2.6407140702987135,-2.5644995930802312,-0.07621447721848229
58,37,-1.5,-1.0,351,175,176,-2.381850396403144,-2.5644995930802312,0.18264919667708712
58,38,-1.0,-0.5,351,106,245,-3.1287822307182127,-2.5644995930802312,-0.5642826376379815
58,39,-0.5,0.0,352,291,61,-2.7371896651275582,-2.5644995930802312,-0.172690072047327
58,40,0.0,0.5,351,93,258,-2.7886340179791,-2.5644995930802312,-0.2241344248988688
58,41,0.5,1.0,351,140,211,-2.460692867166447,-2.5644995930802312,0.10380672591378426
58,42,1.0,1.5,351,0,351,,-2.5644995930802312,
58,43,1.5,2.0,352,217,135,-2.7879820054726947,-2.5644995930802312,-0.22348241239246347
58,44,2.0,2.5,351,98,253,-3.382225953532287,-2.5644995930802312,-0.8177263604520557
58,45,2.5,3.0,351,133,218,-2.5910991028991104,-2.5644995930802312,-0.026599509818879152
58,46,3.0,3.5,352,113,239,-2.6700263299112934,-2.5644995930802312,-0.10552673683106217
58,47,3.5,4.0,351,116,235,-3.0568923553415344,-2.5644995930802312,-0.49239276226130313
58,48,4.0,4.5,351,233,118,-2.9349982673559545,-2.5644995930802312,-0.37049867427572325
58,49,4.5,5.0,351,210,141,-2.853611299236859,-2.5644995930802312,-0.28911170615662796
58,50,5.0,5.5,352,0,352,,-2.5644995930802312,
58,51,5.5,6.0,351,209,142,-2.8947759362229517,-2.5644995930802312,-0.3302763431427205
58,52,6.0,6.5,351,114,237,-2.476966324753484,-2.5644995930802312,0.08753326832674713
58,53,6.5,7.0,352,1,351,-4.769082545420849,-2.5644995930802312,-2.2045829523406177
58,54,7.0,7.5,351,93,258,-2.6208107044168254,-2.5644995930802312,-0.056311111336594166
58,55,7.5,8.0,351,115,236,-2.5612169354771774,-2.5644995930802312,0.0032826576030537957
58,56,8.0,8.5,351,33,318,-2.772621218786762,-2.5644995930802312,-0.2081216257065308
58,57,8.5,9.0,352,183,169,-2.741134019875708,-2.5644995930802312,-0.1766344267954767
58,58,9.0,9.5,351,259,92,-2.806269367004188,-2.5644995930802312,-0.2417697739239566
58,59,9.5,10.0,351,219,132,-2.4364079156793403,-2.5644995930802312,0.1280916774008909
58,60,10.0,10.5,352,325,27,-2.575023444374909,-2.5644995930802312,-0.010523851294677922
58,61,10.5,11.0,351,243,108,-2.5243636827556086,-2.5644995930802312,0.0401359103246226
58,62,11.0,11.5,351,119,232,-2.4385871843094797,-2.5644995930802312,0.1259124087707515
58,63,11.5,12.0,351,303,48,-2.259534338406836,-2.5644995930802312,0.3049652546733954
58,64,12.0,12.5,352,114,238,-2.6450458104045853,-2.5644995930802312,-0.08054621732435407
58,65,12.5,13.0,351,0,351,,-2.5644995930802312,
58,66,13.0,13.5,351,0,351,,-2.5644995930802312,
58,67,13.5,14.0,352,102,250,-3.0468580503510836,-2.5644995930802312,-0.48235845727085236
58,68,14.0,14.5,351,0,351,,-2.5644995930802312,
58,69,14.5,15.0,351,0,351,,-2.5644995930802312,
58,70,15.0,15.5,351,39,312,-3.4172464448457025,-2.5644995930802312,-0.8527468517654713
58,71,15.5,16.0,352,29,323,-3.1887143246417318,-2.5644995930802312,-0.6242147315615005
58,72,16.0,16.5,351,57,294,-3.1708338115543726,-2.5644995930802312,-0.6063342184741414
58,73,16.5,17.0,351,43,308,-3.0768405344734058,-2.5644995930802312,-0.5123409413931745
58,74,17.0,17.5,352,0,352,,-2.5644995930802312,
58,75,17.5,18.0,351,0,351,,-2.5644995930802312,
58,76,18.0,18.5,351,0,351,,-2.5644995930802312,
58,77,18.5,19.0,351,49,302,-3.0911926919759787,-2.5644995930802312,-0.5266930988957474
58,78,19.0,19.5,352,47,305,-3.240371992326438,-2.5644995930802312,-0.6758723992462068
58,79,19.5,20.0,351,43,308,-2.958720948747323,-2.5644995930802312,-0.3942213556670917
59,0,-20.0,-19.5,351,40,311,-2.7151371067721546,-2.444129946904554,-0.2710071598676005
59,1,-19.5,-19.0,352,129,223,-2.301079003138494,-2.444129946904554,0.1430509437660601
59,2,-19.0,-18.5,351,51,300,-2.6121676361547532,-2.444129946904554,-0.16803768925019913
59,3,-18.5,-18.0,351,160,191,-2.19993312062477,-2.444129946904554,0.24419682627978423
59,4,-18.0,-17.5,351,83,268,-2.8863535399966667,-2.444129946904554,-0.44222359309211257
59,5,-17.5,-17.0,352,181,171,-2.2153779194558623,-2.444129946904554,0.22875202744869183
59,6,-17.0,-16.5,351,59,292,-2.878132200878168,-2.444129946904554,-0.4340022539736137
59,7,-16.5,-16.0,351,143,208,-2.3259259011195432,-2.444129946904554,0.11820404578501087
59,8,-16.0,-15.5,352,152,200,-2.694734601807335,-2.444129946904554,-0.25060465490278094
59,9,-15.5,-15.0,351,112,239,-2.380360993247974,-2.444129946904554,0.06376895365657997
59,10,-15.0,-14.5,351,152,199,-2.3153378816924057,-2.444129946904554,0.12879206521214837
59,11,-14.5,-14.0,351,82,269,-2.2701830020233484,-2.444129946904554,0.17394694488120566
59,12,-14.0,-13.5,352,150,202,-2.3964224946866004,-2.444129946904554,0.047707452217953694
59,13,-13.5,-13.0,351,132,219,-2.117957170464357,-2.444129946904554,0.32617277644019715
59,14,-13.0,-12.5,351,56,295,-3.0027232869455647,-2.444129946904554,-0.5585933400410106
59,15,-12.5,-12.0,352,188,164,-2.4035267726107494,-2.444129946904554,0.04060317429380467
59,16,-12.0,-11.5,351,131,220,-2.4102028684461634,-2.444129946904554,0.033927078458390714
59,17,-11.5,-11.0,351,143,208,-2.7490435856146527,-2.444129946904554,-0.3049136387100986
59,18,-11.0,-10.5,351,158,193,-2.323734997412421,-2.444129946904554,0.12039494949213303
59,19,-10.5,-10.0,352,60,292,-2.518090561927842,-2.444129946904554,-0.07396061502328788
59,20,-10.0,-9.5,351,217,134,-2.5467143172869227,-2.444129946904554,-0.10258437038236856
59,21,-9.5,-9.0,351,214,137,-2.4605722503320138,-2.444129946904554,-0.01644230342745967
59,22,-9.0,-8.5,352,0,352,,-2.444129946904554,
59,23,-8.5,-8.0,351,186,165,-2.3718934424235556,-2.444129946904554,0.0722365044809985
59,24,-8.0,-7.5,351,58,293,-3.183811319214856,-2.444129946904554,-0.7396813723103017
59,25,-7.5,-7.0,351,164,187,-2.3462241697495454,-2.444129946904554,0.0979057771550087
59,26,-7.0,-6.5,352,91,261,-2.7511844806143047,-2.444129946904554,-0.30705453370975055
59,27,-6.5,-6.0,351,214,137,-2.356159113152561,-2.444129946904554,0.0879708337519931
59,28,-6.0,-5.5,351,176,175,-2.2531917471704457,-2.444129946904554,0.19093819973410842
59,29,-5.5,-5.0,352,174,178,-2.8651603889040747,-2.444129946904554,-0.42103044199952055
59,30,-5.0,-4.5,351,274,77,-2.444129946904554,-2.444129946904554,0.0
59,31,-4.5,-4.0,351,72,279,-2.9574163764953036,-2.444129946904554,-0.5132864295907495
59,32,-4.0,-3.5,351,198,153,-2.3624891053617914,-2.444129946904554,0.08164084154276274
59,33,-3.5,-3.0,352,82,270,-2.412938992801349,-2.444129946904554,0.031190954103204938
59,34,-3.0,-2.5,351,210,141,-2.827762157837946,-2.444129946904554,-0.38363221093339206
59,35,-2.5,-2.0,351,199,152,-2.6584706151497346,-2.444129946904554,-0.2143406682451805
59,36,-2.0,-1.5,352,105,247,-2.827496249495285,-2.444129946904554,-0.3833663025907308
59,37,-1.5,-1.0,351,164,187,-2.4718698840692985,-2.444129946904554,-0.027739937164744433
59,38,-1.0,-0.5,351,118,233,-2.4120850153896525,-2.444129946904554,0.03204493151490162
59,39,-0.5,0.0,351,115,236,-2.8084782403597024,-2.444129946904554,-0.3643482934551483
59,40,0.0,0.5,352,125,227,-2.5721715895592214,-2.444129946904554,-0.12804164265466733
59,41,0.5,1.0,351,198,153,-2.736339050954874,-2.444129946904554,-0.2922091040503201
59,42,1.0,1.5,351,56,295,-2.972413510997973,-2.444129946904554,-0.5282835640934187
59,43,1.5,2.0,352,115,237,-2.5237232308588387,-2.444129946904554,-0.07959328395428455
59,44,2.0,2.5,351,152,199,-2.63879830315227,-2.444129946904554,-0.19466835624771583
59,45,2.5,3.0,351,24,327,-2.748758040121232,-2.444129946904554,-0.30462809321667805
59,46,3.0,3.5,351,137,214,-2.9947510470011567,-2.444129946904554,-0.5506211000966026
59,47,3.5,4.0,352,208,144,-2.7127449875211016,-2.444129946904554,-0.2686150406165475
59,48,4.0,4.5,351,0,351,,-2.444129946904554,
59,49,4.5,5.0,351,206,145,-2.6866329527673485,-2.444129946904554,-0.24250300586279439
59,50,5.0,5.5,352,157,195,-2.70237440523684,-2.444129946904554,-0.2582444583322858
59,51,5.5,6.0,351,149,202,-2.5923622063801712,-2.444129946904554,-0.14823225947561713
59,52,6.0,6.5,351,162,189,-2.922585601878228,-2.444129946904554,-0.4784556549736738
59,53,6.5,7.0,351,139,212,-2.579249550945177,-2.444129946904554,-0.13511960404062284
59,54,7.0,7.5,352,117,235,-2.6053649448865497,-2.444129946904554,-0.1612349979819956
59,55,7.5,8.0,351,51,300,-2.8855403478169173,-2.444129946904554,-0.44141040091236317
59,56,8.0,8.5,351,153,198,-2.622694523688865,-2.444129946904554,-0.1785645767843107
59,57,8.5,9.0,352,130,222,-2.4954645460154996,-2.444129946904554,-0.05133459911094551
59,58,9.0,9.5,351,106,245,-3.0371069853391566,-2.444129946904554,-0.5929770384346025
59,59,9.5,10.0,351,129,222,-2.5993403209062347,-2.444129946904554,-0.15521037400168058
59,60,10.0,10.5,351,0,351,,-2.444129946904554,
59,61,10.5,11.0,352,112,240,-2.662274481640455,-2.444129946904554,-0.218144534735901
59,62,11.0,11.5,351,0,351,,-2.444129946904554,
59,63,11.5,12.0,351,167,184,-2.415599606322134,-2.444129946904554,0.02853034058241999
59,64,12.0,12.5,352,73,279,-2.3687583906908505,-2.444129946904554,0.07537155621370362
59,65,12.5,13.0,351,76,275,-2.4158043012409167,-2.444129946904554,0.028325645663637378
59,66,13.0,13.5,351,192,159,-2.253281049519007,-2.444129946904554,0.1908488973855471
59,67,13.5,14.0,351,32,319,-2.4425840651252124,-2.444129946904554,0.0015458817793416735
59,68,14.0,14.5,352,195,157,-2.1505118182653753,-2.444129946904554,0.2936181286391788
59,69,14.5,15.0,351,114,237,-2.7740027374048504,-2.444129946904554,-0.3298727905002963
59,70,15.0,15.5,351,206,145,-2.584410211806354,-2.444129946904554,-0.1402802649017998
59,71,15.5,16.0,352,217,135,-2.3695840351618136,-2.444129946904554,0.0745459117427405
59,72,16.0,16.5,351,79,272,-2.910261337909056,-2.444129946904554,-0.46613139100450196
59,73,16.5,17.0,351,230,121,-2.214509193376507,-2.444129946904554,0.22962075352804723
59,74,17.0,17.5,351,0,351,,-2.444129946904554,
59,75,17.5,18.0,352,217,135,-2.4784210991644025,-2.444129946904554,-0.034291152259848356
59,76,18.0,18.5,351,138,213,-2.3354011772572996,-2.444129946904554,0.10872876964725453
59,77,18.5,19.0,351,138,213,-2.824665336058058,-2.444129946904554,-0.3805353891535037
59,78,19.0,19.5,352,238,114,-2.340038505080475,-2.444129946904554,0.10409144182407903
59,79,19.5,20.0,351,0,351,,-2.444129946904554,
60,0,-20.0,-19.5,351,71,280,-3.407745274609391,-2.514941966162448,-0.8928033084469429
60,1,-19.5,-19.0,352,226,126,-2.3922710510191294,-2.514941966162448,0.12267091514331874
60,2,-19.0,-18.5,351,204,147,-2.5540675744082013,-2.514941966162448,-0.039125608245753174
60,3,-18.5,-18.0,351,84,267,-2.6889980071334305,-2.514941966162448,-0.17405604097098237
60,4,-18.0,-17.5,352,181,171,-2.5676231269854703,-2.514941966162448,-0.05268116082302221
60,5,-17.5,-17.0,351,71,280,-2.4242083456343133,-2.514941966162448,0.09073362052813483
60,6,-17.0,-16.5,351,110,241,-2.4869053591027934,-2.514941966162448,0.028036607059654717
60,7,-16.5,-16.0,351,54,297,-2.726946808697626,-2.514941966162448,-0.21200484253517793
60,8,-16.0,-15.5,352,161,191,-2.5270113543503117,-2.514941966162448,-0.012069388187863517
60,9,-15.5,-15.0,351,238,113,-2.511649802990548,-2.514941966162448,0.0032921631719000644
60,10,-15.0,-14.5,351,48,303,-2.30511089046138,-2.514941966162448,0.20983107570106796
60,11,-14.5,-14.0,352,158,194,-2.514941966162448,-2.514941966162448,0.0
60,12,-14.0,-13.5,351,232,119,-2.622578095354465,-2.514941966162448,-0.10763612919201693
60,13,-13.5,-13.0,351,0,351,,-2.514941966162448,
60,14,-13.0,-12.5,351,234,117,-2.4297022577515808,-2.514941966162448,0.08523970841086737
60,15,-12.5,-12.0,352,43,309,-2.3718670437578355,-2.514941966162448,0.14307492240461261
60,16,-12.0,-11.5,351,166,185,-2.3303804744259944,-2.514941966162448,0.18456149173645375
60,17,-11.5,-11.0,351,160,191,-2.1813823729918553,-2.514941966162448,0.3335595931705928
60,18,-11.0,-10.5,352,13,339,-3.0013434722805536,-2.514941966162448,-0.4864015061181055
60,19,-10.5,-10.0,351,58,293,-3.3559756066530735,-2.514941966162448,-0.8410336404906253
60,20,-10.0,-9.5,351,177,174,-2.5184127199990067,-2.514941966162448,-0.0034707538365585933
60,21,-9.5,-9.0,351,129,222,-2.4190736545193667,-2.514941966162448,0.0958683116430814
60,22,-9.0,-8.5,352,59,293,-2.5386381040850945,-2.514941966162448,-0.023696137922646354
60,23,-8.5,-8.0,351,217,134,-2.6649680413161563,-2.514941966162448,-0.15002607515370814
60,24,-8.0,-7.5,351,65,286,-2.8868005560372847,-2.514941966162448,-0.37185858987483655
60,25,-7.5,-7.0,352,154,198,-2.4863009202995023,-2.514941966162448,0.028641045862945802
60,26,-7.0,-6.5,351,170,181,-2.3851800395621305,-2.514941966162448,0.1297619266003176
60,27,-6.5,-6.0,351,61,290,-3.3228011684733447,-2.514941966162448,-0.8078592023108966
60,28,-6.0,-5.5,351,155,196,-2.3287317214710255,-2.514941966162448,0.18621024469142267
60,29,-5.5,-5.0,352,100,252,-3.0363496591202317,-2.514941966162448,-0.5214076929577836
60,30,-5.0,-4.5,351,220,131,-2.3510831947938744,-2.514941966162448,0.16385877136857374
60,31,-4.5,-4.0,351,58,293,-2.3349731587068927,-2.514941966162448,0.17996880745555544
60,32,-4.0,-3.5,352,305,47,-2.796664249708483,-2.514941966162448,-0.2817222835460349
60,33,-3.5,-3.0,351,240,111,-2.4054090891289035,-2.514941966162448,0.10953287703354464
60,34,-3.0,-2.5,351,121,230,-3.0085071759033637,-2.514941966162448,-0.49356520974091556
60,35,-2.5,-2.0,351,188,163,-2.5640198502990774,-2.514941966162448,-0.04907788413662928
60,36,-2.0,-1.5,352,59,293,-2.926991855441751,-2.514941966162448,-0.41204988927930275
60,37,-1.5,-1.0,351,255,96,-2.4606004091534386,-2.514941966162448,0.054341557009009556
60,38,-1.0,-0.5,351,61,290,-3.0331562028327705,-2.514941966162448,-0.5182142366703224
60,39,-0.5,0.0,352,216,136,-2.4980713664585537,-2.514941966162448,0.016870599703894484
60,40,0.0,0.5,351,74,277,-2.351992418705671,-2.514941966162448,0.16294954745677703
60,41,0.5,1.0,351,49,302,-2.3732080534316013,-2.514941966162448,0.1417339127308468
60,42,1.0,1.5,351,139,212,-2.521928850510912,-2.514941966162448,-0.006986884348463729
60,43,1.5,2.0,352,71,281,-3.0246973007227664,-2.514941966162448,-0.5097553345603183
60,44,2.0,2.5,351,191,160,-2.434581174917733,-2.514941966162448,0.08036079124471529
60,45,2.5,3.0,351,158,193,-2.581035121996411,-2.514941966162448,-0.06609315583396302
60,46,3.0,3.5,352,115,237,-2.906142524616276,-2.514941966162448,-0.39120055845382806
60,47,3.5,4.0,351,134,217,-2.3936083833085253,-2.514941966162448,0.12133358285392282
60,48,4.0,4.5,351,192,159,-2.7475926752362754,-2.514941966162448,-0.23265070907382723
60,49,4.5,5.0,351,85,266,-2.6045642373495075,-2.514941966162448,-0.08962227118705934
60,50,5.0,5.5,352,227,125,-2.6550418912861957,-2.514941966162448,-0.14009992512374758
60,51,5.5,6.0,351,49,302,-2.756661194267389,-2.514941966162448,-0.24171922810494095
60,52,6.0,6.5,351,74,277,-2.3386725420006127,-2.514941966162448,0.17626942416183544
60,53,6.5,7.0,352,127,225,-2.5494179386197855,-2.514941966162448,-0.034475972457337356
60,54,7.0,7.5,351,28,323,-2.7345877050206915,-2.514941966162448,-0.21964573885824334
60,55,7.5,8.0,351,110,241,-2.5698683085633793,-2.514941966162448,-0.054926342400931194
60,56,8.0,8.5,351,84,267,-2.489495884496996,-2.514941966162448,0.025446081665452258
60,57,8.5,9.0,352,156,196,-2.6209970097302815,-2.514941966162448,-0.10605504356783335
60,58,9.0,9.5,351,127,224,-2.4834461664087772,-2.514941966162448,0.031495799753670894
60,59,9.5,10.0,351,222,129,-2.4857684659740764,-2.514941966162448,0.029173500188371726
60,60,10.0,10.5,352,257,95,-2.3808801677345706,-2.514941966162448,0.13406179842787758
60,61,10.5,11.0,351,211,140,-2.6819984778740995,-2.514941966162448,-0.16705651171165137
60,62,11.0,11.5,351,0,351,,-2.514941966162448,
60,63,11.5,12.0,351,111,240,-3.1432232291773086,-2.514941966162448,-0.6282812630148604
60,64,12.0,12.5,352,0,352,,-2.514941966162448,
60,65,12.5,13.0,351,0,351,,-2.514941966162448,
60,66,13.0,13.5,351,0,351,,-2.514941966162448,
60,67,13.5,14.0,352,0,352,,-2.514941966162448,
60,68,14.0,14.5,351,0,351,,-2.514941966162448,
60,69,14.5,15.0,351,0,351,,-2.514941966162448,
60,70,15.0,15.5,351,20,331,-2.5945185137565985,-2.514941966162448,-0.07957654759415034
60,71,15.5,16.0,352,333,19,-2.2145756163393937,-2.514941966162448,0.30036634982305443
60,72,16.0,16.5,351,133,218,-2.032603637589963,-2.514941966162448,0.48233832857248515
60,73,16.5,17.0,351,54,297,-3.426239403459885,-2.514941966162448,-0.9112974372974367
60,74,17.0,17.5,352,168,184,-2.335773935752509,-2.514941966162448,0.17916803040993923
60,75,17.5,18.0,351,107,244,-3.0404693516854686,-2.514941966162448,-0.5255273855230205
60,76,18.0,18.5,351,69,282,-3.101259521514069,-2.514941966162448,-0.5863175553516209
60,77,18.5,19.0,351,96,255,-2.142221402676441,-2.514941966162448,0.37272056348600735
60,78,19.0,19.5,352,0,352,,-2.514941966162448,
60,79,19.5,20.0,351,122,229,-3.191957866851955,-2.514941966162448,-0.6770159006895069
61,0,-20.0,-19.5,352,255,97,-2.7769463766552134,-2.457652166565369,-0.3192942100898444
61,1,-19.5,-19.0,351,176,175,-2.310828139350294,-2.457652166565369,0.14682402721507515
61,2,-19.0,-18.5,351,159,192,-2.187117829778062,-2.457652166565369,0.270534336787307
61,3,-18.5,-18.0,351,174,177,-2.508240321097538,-2.457652166565369,-0.05058815453216914
61,4,-18.0,-17.5,352,312,40,-2.323033661030271,-2.457652166565369,0.1346185055350979
61,5,-17.5,-17.0,351,106,245,-2.749516652668298,-2.457652166565369,-0.2918644861029289
61,6,-17.0,-16.5,351,351,0,-2.256801260808742,-2.457652166565369,0.200850905756627
61,7,-16.5,-16.0,352,104,248,-3.1183814981296454,-2.457652166565369,-0.6607293315642764
61,8,-16.0,-15.5,351,241,110,-2.313713702472213,-2.457652166565369,0.1439384640931558
61,9,-15.5,-15.0,351,133,218,-2.317416111015218,-2.457652166565369,0.14023605555015095
61,10,-15.0,-14.5,351,165,186,-2.8729903601702915,-2.457652166565369,-0.4153381936049225
61,11,-14.5,-14.0,352,323,29,-2.320906232502613,-2.457652166565369,0.13674593406275592
61,12,-14.0,-13.5,351,47,304,-3.2410033089993417,-2.457652166565369,-0.7833511424339727
61,13,-13.5,-13.0,351,220,131,-2.2579922099581684,-2.457652166565369,0.1996599566072006
61,14,-13.0,-12.5,352,2,350,-3.033620379005761,-2.457652166565369,-0.575968212440392
61,15,-12.5,-12.0,351,255,96,-2.16814535117417,-2.457652166565369,0.2895068153911988
61,16,-12.0,-11.5,351,68,283,-3.1046548663484224,-2.457652166565369,-0.6470026997830534
61,17,-11.5,-11.0,351,92,259,-3.13441743267542,-2.457652166565369,-0.676765266110051
61,18,-11.0,-10.5,352,247,105,-2.457915672596642,-2.457652166565369,-0.0002635060312727866
61,19,-10.5,-10.0,351,55,296,-2.8447987204355116,-2.457652166565369,-0.38714655387014263
61,20,-10.0,-9.5,351,262,89,-2.527910224484166,-2.457652166565369,-0.0702580579187968
61,21,-9.5,-9.0,352,107,245,-2.436172605673828,-2.457652166565369,0.021479560891541016
61,22,-9.0,-8.5,351,114,237,-2.5607639296309372,-2.457652166565369,-0.10311176306556824
61,23,-8.5,-8.0,351,267,84,-2.469693674335771,-2.457652166565369,-0.012041507770402138
61,24,-8.0,-7.5,351,49,302,-2.679998572890728,-2.457652166565369,-0.22234640632535907
61,25,-7.5,-7.0,352,151,201,-2.310583891505076,-2.457652166565369,0.14706827506029319
61,26,-7.0,-6.5,351,114,237,-2.286326416298993,-2.457652166565369,0.1713257502663761
61,27,-6.5,-6.0,351,115,236,-2.348920831478392,-2.457652166565369,0.10873133508697697
61,28,-6.0,-5.5,352,221,131,-2.405838544641737,-2.457652166565369,0.051813621923631814
61,29,-5.5,-5.0,351,132,219,-2.900709678331927,-2.457652166565369,-0.44305751176655805
61,30,-5.0,-4.5,351,240,111,-2.365751384317369,-2.457652166565369,0.09190078224800002
61,31,-4.5,-4.0,351,155,196,-2.457388660534096,-2.457652166565369,0.0002635060312727866
61,32,-4.0,-3.5,352,107,245,-2.567088174992916,-2.457652166565369,-0.1094360084275472
61,33,-3.5,-3.0,351,169,182,-2.415922437511249,-2.457652166565369,0.04172972905411987
61,34,-3.0,-2.5,351,24,327,-2.727521898343025,-2.457652166565369,-0.26986973177765616
61,35,-2.5,-2.0,352,198,154,-2.188627271696368,-2.457652166565369,0.26902489486900105
61,36,-2.0,-1.5,351,44,307,-2.1839545617355345,-2.457652166565369,0.2736976048298345
61,37,-1.5,-1.0,351,216,135,-2.3087780872543866,-2.457652166565369,0.1488740793109824
61,38,-1.0,-0.5,351,114,237,-2.6007635022937317,-2.457652166565369,-0.14311133572836265
61,39,-0.5,0.0,352,195,157,-2.3611280886174195,-2.457652166565369,0.09652407794794948
61,40,0.0,0.5,351,0,351,,-2.457652166565369,
61,41,0.5,1.0,351,146,205,-2.2680896977595886,-2.457652166565369,0.18956246880578043
61,42,1.0,1.5,352,214,138,-2.717786096361581,-2.457652166565369,-0.2601339297962122
61,43,1.5,2.0,351,0,351,,-2.457652166565369,
61,44,2.0,2.5,351,218,133,-2.7404763688519975,-2.457652166565369,-0.2828242022866285
61,45,2.5,3.0,351,135,216,-2.225070523571367,-2.457652166565369,0.2325816429940022
61,46,3.0,3.5,352,119,233,-2.8812700617886557,-2.457652166565369,-0.42361789522328674
61,47,3.5,4.0,351,234,117,-2.64361187947309,-2.457652166565369,-0.18595971290772084
61,48,4.0,4.5,351,147,204,-2.5045767718901986,-2.457652166565369,-0.04692460532482956
61,49,4.5,5.0,352,54,298,-2.83890731474054,-2.457652166565369,-0.38125514817517114
61,50,5.0,5.5,351,197,154,-2.5928642883048494,-2.457652166565369,-0.13521212173948038
61,51,5.5,6.0,351,257,94,-2.8047079925806013,-2.457652166565369,-0.3470558260152323
61,52,6.0,6.5,351,69,282,-3.136793849289855,-2.457652166565369,-0.6791416827244858
61,53,6.5,7.0,352,187,165,-2.716164086370629,-2.457652166565369,-0.2585119198052599
61,54,7.0,7.5,351,159,192,-2.4487693833191235,-2.457652166565369,0.008882783246245474
61,55,7.5,8.0,351,14,337,-3.0566031919360466,-2.457652166565369,-0.5989510253706776
61,56,8.0,8.5,352,205,147,-2.808357662008273,-2.457652166565369,-0.3507054954429041
61,57,8.5,9.0,351,221,130,-2.63883570338148,-2.457652166565369,-0.181183536816111
61,58,9.0,9.5,351,291,60,-2.6242369933198453,-2.457652166565369,-0.16658482675447628
61,59,9.5,10.0,351,181,170,-2.4549565880547854,-2.457652166565369,0.0026955785105835517
61,60,10.0,10.5,352,151,201,-2.373142768153096,-2.457652166565369,0.08450939841227312
61,61,10.5,11.0,351,275,76,-2.6894100793853464,-2.457652166565369,-0.23175791281997737
61,62,11.0,11.5,351,110,241,-2.7992367041509345,-2.457652166565369,-0.3415845375855655
61,63,11.5,12.0,352,155,197,-2.594392017831171,-2.457652166565369,-0.1367398512658018
61,64,12.0,12.5,351,169,182,-2.649836928345692,-2.457652166565369,-0.19218476178032295
61,65,12.5,13.0,351,0,351,,-2.457652166565369,
61,66,13.0,13.5,351,58,293,-3.197907630032276,-2.457652166565369,-0.740255463466907
61,67,13.5,14.0,352,111,241,-3.123441900028788,-2.457652166565369,-0.6657897334634191
61,68,14.0,14.5,351,117,234,-3.026893294435219,-2.457652166565369,-0.5692411278698501
61,69,14.5,15.0,351,79,272,-3.0723994256847806,-2.457652166565369,-0.6147472591194116
61,70,15.0,15.5,352,100,252,-2.724633339597059,-2.457652166565369,-0.2669811730316898
61,71,15.5,16.0,351,65,286,-3.1285012832507095,-2.457652166565369,-0.6708491166853405
61,72,16.0,16.5,351,34,317,-2.868571357225555,-2.457652166565369,-0.4109191906601861
61,73,16.5,17.0,351,0,351,,-2.457652166565369,
61,74,17.0,17.5,352,0,352,,-2.457652166565369,
61,75,17.5,18.0,351,93,258,-2.9775968088578058,-2.457652166565369,-0.5199446422924368
61,76,18.0,18.5,351,3,348,-3.1247809974091827,-2.457652166565369,-0.6671288308438137
61,77,18.5,19.0,352,302,50,-2.4032764189965703,-2.457652166565369,0.054375747568798705
61,78,19.0,19.5,351,351,0,-2.1588289695004472,-2.457652166565369,0.2988231970649218
61,79,19.5,20.0,351,156,195,-2.3548551748225415,-2.457652166565369,0.10279699174282753
62,0,-20.0,-19.5,351,73,278,-2.17970933246926,-2.536680424847733,0.356971092378473
62,1,-19.5,-19.0,351,154,197,-2.3521517181410423,-2.536680424847733,0.18452870670669075
62,2,-19.0,-18.5,352,49,303,-2.434033040921693,-2.536680424847733,0.10264738392604
62,3,-18.5,-18.0,351,295,56,-2.5444074402478005,-2.536680424847733,-0.007727015400067483
62,4,-18.0,-17.5,351,216,135,-2.607943273235041,-2.536680424847733,-0.0712628483873079
62,5,-17.5,-17.0,351,81,270,-3.1302955423247725,-2.536680424847733,-0.5936151174770394
62,6,-17.0,-16.5,352,236,116,-2.7130993340712024,-2.536680424847733,-0.17641890922346937
62,7,-16.5,-16.0,351,146,205,-2.307162225921339,-2.536680424847733,0.22951819892639413
62,8,-16.0,-15.5,351,44,307,-2.661993169295478,-2.536680424847733,-0.12531274444774487
62,9,-15.5,-15.0,352,201,151,-2.4372972949587597,-2.536680424847733,0.09938312988897335
62,10,-15.0,-14.5,351,107,244,-2.510663395855531,-2.536680424847733,0.02601702899220193
62,11,-14.5,-14.0,351,47,304,-2.340863390180673,-2.536680424847733,0.19581703466706024
62,12,-14.0,-13.5,351,142,209,-2.503261752352533,-2.536680424847733,0.03341867249520014
62,13,-13.5,-13.0,352,153,199,-2.4249240324475956,-2.536680424847733,0.11175639240013746
62,14,-13.0,-12.5,351,155,196,-2.9186495552204064,-2.536680424847733,-0.3819691303726733
62,15,-12.5,-12.0,351,218,133,-2.6985193998422927,-2.536680424847733,-0.16183897499455968
62,16,-12.0,-11.5,352,208,144,-2.7737906590343955,-2.536680424847733,-0.23711023418666244
62,17,-11.5,-11.0,351,98,253,-2.4539136227919442,-2.536680424847733,0.08276680205578879
62,18,-11.0,-10.5,351,68,283,-2.3251994448425037,-2.536680424847733,0.2114809800052293
62,19,-10.5,-10.0,351,208,143,-2.6043104253752754,-2.536680424847733,-0.06763000052754231
62,20,-10.0,-9.5,352,182,170,-2.640021302621415,-2.536680424847733,-0.10334087777368195
62,21,-9.5,-9.0,351,96,255,-2.8326276097115812,-2.536680424847733,-0.2959471848638482
62,22,-9.0,-8.5,351,284,67,-2.536680424847733,-2.536680424847733,0.0
62,23,-8.5,-8.0,352,204,148,-2.865759626127105,-2.536680424847733,-0.32907920127937196
62,24,-8.0,-7.5,351,109,242,-2.351260773696019,-2.536680424847733,0.18541965115171388
62,25,-7.5,-7.0,351,173,178,-2.4033861826646876,-2.536680424847733,0.13329424218304542
62,26,-7.0,-6.5,351,0,351,,-2.536680424847733,
62,27,-6.5,-6.0,352,29,323,-2.7181898750005424,-2.536680424847733,-0.1815094501528094
62,28,-6.0,-5.5,351,189,162,-2.395752023656787,-2.536680424847733,0.14092840119094596
62,29,-5.5,-5.0,351,160,191,-2.4325511093784584,-2.536680424847733,0.10412931546927462
62,30,-5.0,-4.5,352,2,350,-2.440231091085525,-2.536680424847733,0.09644933376220788
62,31,-4.5,-4.0,351,278,73,-2.4906145486131077,-2.536680424847733,0.046065876234625325
62,32,-4.0,-3.5,351,207,144,-2.575214466543063,-2.536680424847733,-0.038534041695330146
62,33,-3.5,-3.0,351,0,351,,-2.536680424847733,
62,34,-3.0,-2.5,352,163,189,-2.666200943213963,-2.536680424847733,-0.1295205183662298
62,35,-2.5,-2.0,351,0,351,,-2.536680424847733,
62,36,-2.0,-1.5,351,145,206,-2.4426876582194876,-2.536680424847733,0.0939927666282454
62,37,-1.5,-1.0,352,46,306,-3.3140400882687304,-2.536680424847733,-0.7773596634209974
62,38,-1.0,-0.5,351,231,120,-2.654002754694991,-2.536680424847733,-0.1173223298472581
62,39,-0.5,0.0,351,255,96,-2.8619444263649196,-2.536680424847733,-0.3252640015171866
62,40,0.0,0.5,351,142,209,-2.9334158062581746,-2.536680424847733,-0.3967353814104415
62,41,0.5,1.0,352,157,195,-2.939926491778339,-2.536680424847733,-0.40324606693060616
62,42,1.0,1.5,351,140,211,-2.596793148057856,-2.536680424847733,-0.060112723210123065
62,43,1.5,2.0,351,152,199,-2.6964881757958787,-2.536680424847733,-0.1598077509481457
62,44,2.0,2.5,352,61,291,-2.7021278559937767,-2.536680424847733,-0.16544743114604366
62,45,2.5,3.0,351,120,231,-2.5008821929775196,-2.536680424847733,0.03579823187021347
62,46,3.0,3.5,351,0,351,,-2.536680424847733,
62,47,3.5,4.0,351,90,261,-2.5210664449405984,-2.536680424847733,0.015613979907134645
62,48,4.0,4.5,352,70,282,-2.680366943319684,-2.536680424847733,-0.1436865184719509
62,49,4.5,5.0,351,17,334,-2.72066563495427,-2.536680424847733,-0.1839852101065369
62,50,5.0,5.5,351,109,242,-2.484512734391098,-2.536680424847733,0.05216769045663483
62,51,5.5,6.0,352,119,233,-2.5809593996919946,-2.536680424847733,-0.044278974844261576
62,52,6.0,6.5,351,89,262,-2.9119253864595485,-2.536680424847733,-0.3752449616118154
62,53,6.5,7.0,351,206,145,-2.784928767037383,-2.536680424847733,-0.24824834218964975
62,54,7.0,7.5,351,165,186,-2.594653915222957,-2.536680424847733,-0.057973490375224035
62,55,7.5,8.0,352,238,114,-3.0853369678550684,-2.536680424847733,-0.5486565430073354
62,56,8.0,8.5,351,183,168,-2.6545207245842253,-2.536680424847733,-0.11784029973649224
62,57,8.5,9.0,351,138,213,-2.429010313722914,-2.536680424847733,0.10767011112481883
62,58,9.0,9.5,352,241,111,-2.628692956493739,-2.536680424847733,-0.09201253164600587
62,59,9.5,10.0,351,222,129,-2.4762619597758255,-2.536680424847733,0.06041846507190751
62,60,10.0,10.5,351,351,0,-2.473118084292669,-2.536680424847733,0.06356234055506382
62,61,10.5,11.0,351,203,148,-2.535682905596474,-2.536680424847733,0.000997519251259238
62,62,11.0,11.5,352,14,338,-2.587967514122707,-2.536680424847733,-0.05128708927497394
62,63,11.5,12.0,351,74,277,-3.398013805638305,-2.536680424847733,-0.8613333807905721
62,64,12.0,12.5,351,331,20,-2.205419303967396,-2.536680424847733,0.3312611208803369
62,65,12.5,13.0,352,47,305,-2.2726743592844585,-2.536680424847733,0.26400606556327455
62,66,13.0,13.5,351,86,265,-2.9027445769317963,-2.536680424847733,-0.3660641520840633
62,67,13.5,14.0,351,111,240,-2.865280892819598,-2.536680424847733,-0.32860046797186504
62,68,14.0,14.5,351,92,259,-3.049185043437678,-2.536680424847733,-0.5125046185899449
62,69,14.5,15.0,352,0,352,,-2.536680424847733,
62,70,15.0,15.5,351,0,351,,-2.536680424847733,
62,71,15.5,16.0,351,48,303,-3.180430220537219,-2.536680424847733,-0.643749795689486
62,72,16.0,16.5,352,123,229,-2.9348220410229207,-2.536680424847733,-0.3981416161751876
62,73,16.5,17.0,351,54,297,-2.9718445723232563,-2.536680424847733,-0.43516414747552323
62,74,17.0,17.5,351,53,298,-3.056158976654047,-2.536680424847733,-0.5194785518063139
62,75,17.5,18.0,351,48,303,-2.8598598788461658,-2.536680424847733,-0.32317945399843273
62,76,18.0,18.5,352,57,295,-3.1965096557202886,-2.536680424847733,-0.6598292308725555
62,77,18.5,19.0,351,76,275,-3.1612246394256305,-2.536680424847733,-0.6245442145778974
62,78,19.0,19.5,351,66,285,-3.0625180886022343,-2.536680424847733,-0.5258376637545012
62,79,19.5,20.0,352,168,184,-2.243586360966426,-2.536680424847733,0.2930940638813069
63,0,-20.0,-19.5,351,301,50,-2.4831158264065762,-2.462822659978277,-0.02029316642829926
63,1,-19.5,-19.0,351,83,268,-2.976160740482972,-2.462822659978277,-0.513338080504695
63,2,-19.0,-18.5,351,210,141,-2.3107256099228937,-2.462822659978277,0.15209705005538332
63,3,-18.5,-18.0,352,23,329,-2.641933558159068,-2.462822659978277,-0.17911089818079118
63,4,-18.0,-17.5,351,156,195,-2.385019976187298,-2.462822659978277,0.0778026837909791
63,5,-17.5,-17.0,351,153,198,-2.2980484749116012,-2.462822659978277,0.16477418506667574
63,6,-17.0,-16.5,352,54,298,-2.449171040628216,-2.462822659978277,0.013651619350060873
63,7,-16.5,-16.0,351,216,135,-2.4131913144523782,-2.462822659978277,0.04963134552589876
63,8,-16.0,-15.5,351,78,273,-2.9186236761455575,-2.462822659978277,-0.4558010161672805
63,9,-15.5,-15.0,351,282,69,-2.36685387202344,-2.462822659978277,0.09596878795483699
63,10,-15.0,-14.5,352,14,338,-2.643036734201113,-2.462822659978277,-0.1802140742228362
63,11,-14.5,-14.0,351,173,178,-2.467856980672077,-2.462822659978277,-0.005034320693800165
63,12,-14.0,-13.5,351,111,240,-2.6886186045407565,-2.462822659978277,-0.22579594456247953
63,13,-13.5,-13.0,352,121,231,-2.4327804026847404,-2.462822659978277,0.0300422572935366
63,14,-13.0,-12.5,351,183,168,-2.349775721568135,-2.462822659978277,0.1130469384101418
63,15,-12.5,-12.0,351,56,295,-2.958897866814529,-2.462822659978277,-0.49607520683625195
63,16,-12.0,-11.5,351,69,282,-2.519936408142447,-2.462822659978277,-0.05711374816416992
63,17,-11.5,-11.0,352,171,181,-2.309425234054263,-2.462822659978277,0.15339742592401384
63,18,-11.0,-10.5,351,42,309,-2.9982560108977196,-2.462822659978277,-0.5354333509194427
63,19,-10.5,-10.0,351,184,167,-2.2813902190559356,-2.462822659978277,0.18143244092234134
63,20,-10.0,-9.5,352,0,352,,-2.462822659978277,
63,21,-9.5,-9.0,351,170,181,-2.448394745813209,-2.462822659978277,0.014427914165068056
63,22,-9.0,-8.5,351,130,221,-2.2479018473427175,-2.462822659978277,0.2149208126355595
63,23,-8.5,-8.0,351,92,259,-2.3267908675738713,-2.462822659978277,0.13603179240440566
63,24,-8.0,-7.5,352,19,333,-3.155954642198903,-2.462822659978277,-0.6931319822206259
63,25,-7.5,-7.0,351,229,122,-2.5921468762895796,-2.462822659978277,-0.12932421631130264
63,26,-7.0,-6.5,351,256,95,-2.462822659978277,-2.462822659978277,0.0
63,27,-6.5,-6.0,352,0,352,,-2.462822659978277,
63,28,-6.0,-5.5,351,202,149,-2.895031160419738,-2.462822659978277,-0.43220850044146086
63,29,-5.5,-5.0,351,139,212,-2.383611510679443,-2.462822659978277,0.0792111492988341
63,30,-5.0,-4.5,351,201,150,-2.422286828615578,-2.462822659978277,0.04053583136269889
63,31,-4.5,-4.0,352,2,350,-3.7640960461454127,-2.462822659978277,-1.3012733861671357
63,32,-4.0,-3.5,351,144,207,-2.278202418315103,-2.462822659978277,0.18462024166317414
63,33,-3.5,-3.0,351,0,351,,-2.462822659978277,
63,34,-3.0,-2.5,352,253,99,-2.4881280176011455,-2.462822659978277,-0.025305357622868563
63,35,-2.5,-2.0,351,21,330,-2.9245847459004755,-2.462822659978277,-0.4617620859221985
63,36,-2.0,-1.5,351,295,56,-2.2519367725721575,-2.462822659978277,0.21088588740611947
63,37,-1.5,-1.0,351,0,351,,-2.462822659978277,
63,38,-1.0,-0.5,352,219,133,-2.2670855058889345,-2.462822659978277,0.19573715408934245
63,39,-0.5,0.0,351,0,351,,-2.462822659978277,
63,40,0.0,0.5,351,134,217,-3.0803694361578597,-2.462822659978277,-0.6175467761795828
63,41,0.5,1.0,352,213,139,-2.5308947590177624,-2.462822659978277,-0.06807209903948541
63,42,1.0,1.5,351,0,351,,-2.462822659978277,
63,43,1.5,2.0,351,109,242,-2.4732232403421777,-2.462822659978277,-0.01040058036390068
63,44,2.0,2.5,351,130,221,-2.5017179295996765,-2.462822659978277,-0.03889526962139955
63,45,2.5,3.0,352,0,352,,-2.462822659978277,
63,46,3.0,3.5,351,145,206,-2.7482990504609455,-2.462822659978277,-0.2854763904826685
63,47,3.5,4.0,351,46,305,-2.5519850329047324,-2.462822659978277,-0.08916237292645546
63,48,4.0,4.5,352,146,206,-2.6149457976230432,-2.462822659978277,-0.15212313764476626
63,49,4.5,5.0,351,113,238,-2.5296170169348904,-2.462822659978277,-0.0667943569566134
63,50,5.0,5.5,351,108,243,-2.595712089482968,-2.462822659978277,-0.13288942950469096
63,51,5.5,6.0,351,96,255,-2.963293120815412,-2.462822659978277,-0.5004704608371351
63,52,6.0,6.5,352,104,248,-2.650137871685394,-2.462822659978277,-0.18731521170711707
63,53,6.5,7.0,351,57,294,-3.1816110057209346,-2.462822659978277,-0.7187883457426576
63,54,7.0,7.5,351,120,231,-2.4707189261524247,-2.462822659978277,-0.007896266174147737
63,55,7.5,8.0,352,206,146,-2.641816733678458,-2.462822659978277,-0.17899407370018094
63,56,8.0,8.5,351,22,329,-2.874846225295739,-2.462822659978277,-0.4120235653174622
63,57,8.5,9.0,351,217,134,-2.796998574102626,-2.462822659978277,-0.3341759141243492
63,58,9.0,9.5,351,230,121,-2.6238631570108017,-2.462822659978277,-0.16104049703252477
63,59,9.5,10.0,352,298,54,-2.5437342651346286,-2.462822659978277,-0.08091160515635165
63,60,10.0,10.5,351,247,104,-2.313996304665857,-2.462822659978277,0.14882635531242006
63,61,10.5,11.0,351,227,124,-2.6426694219779288,-2.462822659978277,-0.17984676199965177
63,62,11.0,11.5,352,272,80,-2.402826472728379,-2.462822659978277,0.05999618724989819
63,63,11.5,12.0,351,128,223,-2.318553058969366,-2.462822659978277,0.14426960100891106
63,64,12.0,12.5,351,0,351,,-2.462822659978277,
63,65,12.5,13.0,351,0,351,,-2.462822659978277,
63,66,13.0,13.5,352,0,352,,-2.462822659978277,
63,67,13.5,14.0,351,48,303,-3.0077798333614356,-2.462822659978277,-0.5449571733831586
63,68,14.0,14.5,351,58,293,-3.192084177010222,-2.462822659978277,-0.729261517031945
63,69,14.5,15.0,352,9,343,-3.2263987348220917,-2.462822659978277,-0.7635760748438147
63,70,15.0,15.5,351,157,194,-3.181775753044987,-2.462822659978277,-0.7189530930667098
63,71,15.5,16.0,351,0,351,,-2.462822659978277,
63,72,16.0,16.5,351,0,351,,-2.462822659978277,
63,73,16.5,17.0,352,68,284,-3.1178294357108003,-2.462822659978277,-0.6550067757325233
63,74,17.0,17.5,351,0,351,,-2.462822659978277,
63,75,17.5,18.0,351,0,351,,-2.462822659978277,
63,76,18.0,18.5,352,46,306,-2.811175086528784,-2.462822659978277,-0.34835242655050713
63,77,18.5,19.0,351,341,10,-2.2896081817180707,-2.462822659978277,0.1732144782602063
63,78,19.0,19.5,351,351,0,-2.1425618079837636,-2.462822659978277,0.3202608519945134
63,79,19.5,20.0,351,232,119,-2.0276753876960516,-2.462822659978277,0.4351472722822254
64,0,-20.0,-19.5,352,169,183,-2.5780008744887835,-2.5111710689158184,-0.06682980557296503
64,1,-19.5,-19.0,351,88,263,-2.6244000344320524,-2.5111710689158184,-0.11322896551623396
64,2,-19.0,-18.5,351,170,181,-2.4828853447418,-2.5111710689158184,0.028285724174018423
64,3,-18.5,-18.0,352,70,282,-2.6700024870257453,-2.5111710689158184,-0.15883141810992685
64,4,-18.0,-17.5,351,59,292,-2.499803680212782,-2.5111710689158184,0.01136738870303633
64,5,-17.5,-17.0,351,197,154,-2.417625994942091,-2.5111710689158184,0.09354507397372736
64,6,-17.0,-16.5,351,170,181,-2.336854412298578,-2.5111710689158184,0.17431665661724027
64,7,-16.5,-16.0,352,75,277,-2.540136287017595,-2.5111710689158184,-0.028965218101776546
64,8,-16.0,-15.5,351,115,236,-2.5118944830745003,-2.5111710689158184,-0.0007234141586818232
64,9,-15.5,-15.0,351,257,94,-2.723749340211637,-2.5111710689158184,-0.2125782712958184
64,10,-15.0,-14.5,352,187,165,-2.7517934451124044,-2.5111710689158184,-0.240622376196586
64,11,-14.5,-14.0,351,49,302,-2.4973426012664635,-2.5111710689158184,0.01382846764935497
64,12,-14.0,-13.5,351,123,228,-2.4174390603663207,-2.5111710689158184,0.0937320085494977
64,13,-13.5,-13.0,351,182,169,-2.5233397705837923,-2.5111710689158184,-0.012168701667973902
64,14,-13.0,-12.5,352,94,258,-2.600782592490058,-2.5111710689158184,-0.08961152357423963
64,15,-12.5,-12.0,351,76,275,-2.545941206022834,-2.5111710689158184,-0.034770137107015486
64,16,-12.0,-11.5,351,204,147,-2.5043096015228223,-2.5111710689158184,0.00686146739299609
64,17,-11.5,-11.0,352,125,227,-2.441180350063213,-2.5111710689158184,0.06999071885260522
64,18,-11.0,-10.5,351,28,323,-2.944786282451793,-2.5111710689158184,-0.43361521353597476
64,19,-10.5,-10.0,351,154,197,-2.3353024454486775,-2.5111710689158184,0.17586862346714094
64,20,-10.0,-9.5,351,104,247,-2.774807279037467,-2.5111710689158184,-0.2636362101216485
64,21,-9.5,-9.0,352,144,208,-2.4421055923166413,-2.5111710689158184,0.06906547659917717
64,22,-9.0,-8.5,351,251,100,-2.3710313447303744,-2.5111710689158184,0.14013972418544407
64,23,-8.5,-8.0,351,117,234,-2.83711826935684,-2.5111710689158184,-0.32594720044102177
64,24,-8.0,-7.5,352,224,128,-2.3462280719614697,-2.5111710689158184,0.16494299695434878
64,25,-7.5,-7.0,351,119,232,-2.9115115255074833,-2.5111710689158184,-0.40034045659166484
64,26,-7.0,-6.5,351,245,106,-2.3447821532077553,-2.5111710689158184,0.16638891570806313
64,27,-6.5,-6.0,351,0,351,,-2.5111710689158184,
64,28,-6.0,-5.5,352,157,195,-2.5111710689158184,-2.5111710689158184,0.0
64,29,-5.5,-5.0,351,245,106,-2.52429699664611,-2.5111710689158184,-0.013125927730291753
64,30,-5.0,-4.5,351,0,351,,-2.5111710689158184,
64,31,-4.5,-4.0,352,337,15,-2.528435415160415,-2.5111710689158184,-0.017264346244596496
64,32,-4.0,-3.5,351,85,266,-3.100573615675248,-2.5111710689158184,-0.5894025467594295
64,33,-3.5,-3.0,351,182,169,-2.3076281635177205,-2.5111710689158184,0.20354290539809794
64,34,-3.0,-2.5,351,0,351,,-2.5111710689158184,
64,35,-2.5,-2.0,352,145,207,-2.4803881852743492,-2.5111710689158184,0.030782883641469194
64,36,-2.0,-1.5,351,55,296,-2.6576073062917005,-2.5111710689158184,-0.14643623737588207
64,37,-1.5,-1.0,351,181,170,-2.172144090472916,-2.5111710689158184,0.3390269784429023
64,38,-1.0,-0.5,352,109,243,-2.6429873872069414,-2.5111710689158184,-0.13181631829112295
64,39,-0.5,0.0,351,101,250,-2.388855407955033,-2.5111710689158184,0.12231566096078561
64,40,0.0,0.5,351,189,162,-2.5636226335060064,-2.5111710689158184,-0.05245156459018796
64,41,0.5,1.0,351,140,211,-2.9179167250777764,-2.5111710689158184,-0.406745656161958
64,42,1.0,1.5,352,176,176,-2.785349953637059,-2.5111710689158184,-0.27417888472124075
64,43,1.5,2.0,351,210,141,-2.652600448938913,-2.5111710689158184,-0.14142938002309435
64,44,2.0,2.5,351,0,351,,-2.5111710689158184,
64,45,2.5,3.0,352,256,96,-2.7691543967630947,-2.5111710689158184,-0.2579833278472763
64,46,3.0,3.5,351,117,234,-2.6274613072596824,-2.5111710689158184,-0.11629023834386398
64,47,3.5,4.0,351,55,296,-2.977994061428787,-2.5111710689158184,-0.46682299251296877
64,48,4.0,4.5,351,182,169,-2.8372802878203425,-2.5111710689158184,-0.32610921890452405
64,49,4.5,5.0,352,188,164,-2.724278259981329,-2.5111710689158184,-0.21310719106551046
64,50,5.0,5.5,351,0,351,,-2.5111710689158184,
64,51,5.5,6.0,351,130,221,-2.676806342663607,-2.5111710689158184,-0.16563527374778841
64,52,6.0,6.5,352,220,132,-2.654707552265365,-2.5111710689158184,-0.14353648334954672
64,53,6.5,7.0,351,116,235,-2.9323327007583173,-2.5111710689158184,-0.4211616318424989
64,54,7.0,7.5,351,111,240,-2.4548439490117286,-2.5111710689158184,0.056327119904089784
64,55,7.5,8.0,351,166,185,-2.6388949714103047,-2.5111710689158184,-0.12772390249448629
64,56,8.0,8.5,352,49,303,-2.675590091467293,-2.5111710689158184,-0.16441902255147456
64,57,8.5,9.0,351,117,234,-2.507322323233958,-2.5111710689158184,0.0038487456818603327
64,58,9.0,9.5,351,233,118,-2.6693426718363416,-2.5111710689158184,-0.15817160292052312
64,59,9.5,10.0,352,228,124,-2.4650007858925385,-2.5111710689158184,0.04617028302327997
64,60,10.0,10.5,351,181,170,-2.3993432617186046,-2.5111710689158184,0.11182780719721386
64,61,10.5,11.0,351,209,142,-2.354130990281563,-2.5111710689158184,0.1570400786342554
64,62,11.0,11.5,351,117,234,-2.660765331849638,-2.5111710689158184,-0.1495942629338196
64,63,11.5,12.0,352,352,0,-1.699517838188948,-2.5111710689158184,0.8116532307268705
64,64,12.0,12.5,351,351,0,-1.935341574953709,-2.5111710689158184,0.5758294939621094
64,65,12.5,13.0,351,220,131,-2.230934009993206,-2.5111710689158184,0.28023705892261264
64,66,13.0,13.5,352,55,297,-3.3419263083289295,-2.5111710689158184,-0.830755239413111
64,67,13.5,14.0,351,39,312,-2.9586411853441548,-2.5111710689158184,-0.44747011642833634
64,68,14.0,14.5,351,12,339,-3.209045510821245,-2.5111710689158184,-0.6978744419054266
64,69,14.5,15.0,351,49,302,-3.0792853863003247,-2.5111710689158184,-0.5681143173845062
64,70,15.0,15.5,352,0,352,,-2.5111710689158184,
64,71,15.5,16.0,351,0,351,,-2.5111710689158184,
64,72,16.0,16.5,351,0,351,,-2.5111710689158184,
64,73,16.5,17.0,352,56,296,-3.103378664475274,-2.5111710689158184,-0.5922075955594557
64,74,17.0,17.5,351,62,289,-2.9232307259021235,-2.5111710689158184,-0.4120596569863051
64,75,17.5,18.0,351,42,309,-2.8035534631146626,-2.5111710689158184,-0.29238239419884415
64,76,18.0,18.5,351,52,299,-3.0708715547552576,-2.5111710689158184,-0.5597004858394392
64,77,18.5,19.0,352,0,352,,-2.5111710689158184,
64,78,19.0,19.5,351,41,310,-3.1078785481111275,-2.5111710689158184,-0.5967074791953091
64,79,19.5,20.0,351,127,224,-2.81120562531944,-2.5111710689158184,-0.30003455640362153
65,0,-20.0,-19.5,351,141,210,-2.5241607880373773,-2.5239061865346946,-0.0002546015026827497
65,1,-19.5,-19.0,352,80,272,-2.265292607006397,-2.5239061865346946,0.2586135795282978
65,2,-19.0,-18.5,351,143,208,-2.4019480656210934,-2.5239061865346946,0.12195812091360114
65,3,-18.5,-18.0,351,180,171,-2.2500815419530036,-2.5239061865346946,0.273824644581691
65,4,-18.0,-17.5,351,0,351,,-2.5239061865346946,
65,5,-17.5,-17.0,352,198,154,-2.396290586326479,-2.5239061865346946,0.1276156002082156
65,6,-17.0,-16.5,351,89,262,-3.1203145427080146,-2.5239061865346946,-0.59640835617332
65,7,-16.5,-16.0,351,226,125,-2.286965274233298,-2.5239061865346946,0.23694091230139636
65,8,-16.0,-15.5,352,0,352,,-2.5239061865346946,
65,9,-15.5,-15.0,351,199,152,-2.241505717418642,-2.5239061865346946,0.28240046911605265
65,10,-15.0,-14.5,351,0,351,,-2.5239061865346946,
65,11,-14.5,-14.0,351,139,212,-3.1518369371205717,-2.5239061865346946,-0.6279307505858771
65,12,-14.0,-13.5,352,0,352,,-2.5239061865346946,
65,13,-13.5,-13.0,351,220,131,-2.6028349682573033,-2.5239061865346946,-0.07892878172260875
65,14,-13.0,-12.5,351,90,261,-2.0867277620994447,-2.5239061865346946,0.4371784244352499
65,15,-12.5,-12.0,352,205,147,-2.2992494592088613,-2.5239061865346946,0.2246567273258333
65,16,-12.0,-11.5,351,56,295,-2.8435486235882137,-2.5239061865346946,-0.31964243705351914
65,17,-11.5,-11.0,351,123,228,-2.4060473495112795,-2.5239061865346946,0.11785883702341504
65,18,-11.0,-10.5,351,0,351,,-2.5239061865346946,
65,19,-10.5,-10.0,352,203,149,-2.5239061865346946,-2.5239061865346946,0.0
65,20,-10.0,-9.5,351,37,314,-2.1728788431895,-2.5239061865346946,0.3510273433451947
65,21,-9.5,-9.0,351,150,201,-2.1399432012509294,-2.5239061865346946,0.38396298528376516
65,22,-9.0,-8.5,352,57,295,-2.4126888760752063,-2.5239061865346946,0.11121731045948824
65,23,-8.5,-8.0,351,109,242,-2.583900093115282,-2.5239061865346946,-0.05999390658058745
65,24,-8.0,-7.5,351,141,210,-2.565111912678792,-2.5239061865346946,-0.041205726144097454
65,25,-7.5,-7.0,351,0,351,,-2.5239061865346946,
65,26,-7.0,-6.5,352,143,209,-2.5124533657510266,-2.5239061865346946,0.011452820783667939
65,27,-6.5,-6.0,351,184,167,-2.1597901813981593,-2.5239061865346946,0.3641160051365353
65,28,-6.0,-5.5,351,0,351,,-2.5239061865346946,
65,29,-5.5,-5.0,352,145,207,-2.332471523548817,-2.5239061865346946,0.1914346629858774
65,30,-5.0,-4.5,351,22,329,-3.307679209279083,-2.5239061865346946,-0.7837730227443886
65,31,-4.5,-4.0,351,153,198,-2.5284044644956363,-2.5239061865346946,-0.00449827796094171
65,32,-4.0,-3.5,351,15,336,-3.0313562915348533,-2.5239061865346946,-0.5074501050001587
65,33,-3.5,-3.0,352,207,145,-2.4293444883247526,-2.5239061865346946,0.09456169820994198
65,34,-3.0,-2.5,351,113,238,-3.145228541266656,-2.5239061865346946,-0.6213223547319613
65,35,-2.5,-2.0,351,252,99,-2.679057938636558,-2.5239061865346946,-0.1551517521018635
65,36,-2.0,-1.5,352,181,171,-2.486742110179987,-2.5239061865346946,0.03716407635470764
65,37,-1.5,-1.0,351,183,168,-3.0220581120321204,-2.5239061865346946,-0.4981519254974258
65,38,-1.0,-0.5,351,131,220,-2.2378781751444645,-2.5239061865346946,0.28602801139023004
65,39,-0.5,0.0,351,160,191,-2.532773221037546,-2.5239061865346946,-0.008867034502851645
65,40,0.0,0.5,352,50,302,-2.3044398850561834,-2.5239061865346946,0.2194663014785112
65,41,0.5,1.0,351,158,193,-2.435199722462457,-2.5239061865346946,0.0887064640722377
65,42,1.0,1.5,351,82,269,-2.902050283837779,-2.5239061865346946,-0.3781440973030845
65,43,1.5,2.0,352,184,168,-2.604081092138469,-2.5239061865346946,-0.0801749056037746
65,44,2.0,2.5,351,118,233,-2.282950480163617,-2.5239061865346946,0.24095570637107766
65,45,2.5,3.0,351,134,217,-3.0191440810252033,-2.5239061865346946,-0.4952378944905087
65,46,3.0,3.5,351,125,226,-2.4303930162612493,-2.5239061865346946,0.0935131702734453
65,47,3.5,4.0,352,89,263,-2.2934471461007,-2.5239061865346946,0.23045904043399457
65,48,4.0,4.5,351,228,123,-3.099888685678262,-2.5239061865346946,-0.5759824991435676
65,49,4.5,5.0,351,111,240,-2.40397246370665,-2.5239061865346946,0.1199337228280446
65,50,5.0,5.5,352,80,272,-2.6004950849327755,-2.5239061865346946,-0.07658889839808092
65,51,5.5,6.0,351,142,209,-3.0544499765500523,-2.5239061865346946,-0.5305437900153578
65,52,6.0,6.5,351,120,231,-2.760020952974916,-2.5239061865346946,-0.23611476644022122
65,53,6.5,7.0,351,188,163,-2.7126522852378434,-2.5239061865346946,-0.18874609870314885
65,54,7.0,7.5,352,103,249,-2.4845356491287944,-2.5239061865346946,0.03937053740590013
65,55,7.5,8.0,351,59,292,-2.958263223007147,-2.5239061865346946,-0.4343570364724525
65,56,8.0,8.5,351,97,254,-2.3074914636845607,-2.5239061865346946,0.21641472285013386
65,57,8.5,9.0,352,88,264,-2.298783672139664,-2.5239061865346946,0.2251225143950304
65,58,9.0,9.5,351,26,325,-2.733689902532822,-2.5239061865346946,-0.20978371599812728
65,59,9.5,10.0,351,130,221,-2.721946699709469,-2.5239061865346946,-0.19804051317477445
65,60,10.0,10.5,351,63,288,-2.9008569767644072,-2.5239061865346946,-0.3769507902297127
65,61,10.5,11.0,352,121,231,-2.339681512854431,-2.5239061865346946,0.18422467368026352
65,62,11.0,11.5,351,70,281,-2.7181077983029143,-2.5239061865346946,-0.1942016117682197
65,63,11.5,12.0,351,94,257,-2.3251330513458885,-2.5239061865346946,0.19877313518880602
65,64,12.0,12.5,352,161,191,-2.39212045247991,-2.5239061865346946,0.13178573405478478
65,65,12.5,13.0,351,99,252,-2.5916326876883424,-2.5239061865346946,-0.06772650115364787
65,66,13.0,13.5,351,61,290,-2.4667499350149202,-2.5239061865346946,0.057156251519774326
65,67,13.5,14.0,351,134,217,-2.253056775015483,-2.5239061865346946,0.2708494115192117
65,68,14.0,14.5,352,45,307,-3.4942148799804342,-2.5239061865346946,-0.9703086934457397
65,69,14.5,15.0,351,174,177,-2.426072894716258,-2.5239061865346946,0.09783329181843659
65,70,15.0,15.5,351,138,213,-2.244907346201657,-2.5239061865346946,0.27899884033303746
65,71,15.5,16.0,352,78,274,-2.848476440031307,-2.5239061865346946,-0.3245702534966126
65,72,16.0,16.5,351,100,251,-2.279084940931387,-2.5239061865346946,0.24482124560330742
65,73,16.5,17.0,351,73,278,-2.5588948134709315,-2.5239061865346946,-0.034988626936236944
65,74,17.0,17.5,351,178,173,-2.4999046468891324,-2.5239061865346946,0.024001539645562175
65,75,17.5,18.0,352,0,352,,-2.5239061865346946,
65,76,18.0,18.5,351,207,144,-2.636869791034587,-2.5239061865346946,-0.11296360449989251
65,77,18.5,19.0,351,0,351,,-2.5239061865346946,
65,78,19.0,19.5,352,170,182,-2.296167899923919,-2.5239061865346946,0.22773828661077555
65,79,19.5,20.0,351,215,136,-2.455844804589383,-2.5239061865346946,0.06806138194531153
66,0,-20.0,-19.5,351,150,201,-2.3419532372062823,-2.5164427373677416,0.17448950016145925
66,1,-19.5,-19.0,352,62,290,-3.432752280096489,-2.5164427373677416,-0.9163095427287473
66,2,-19.0,-18.5,351,235,116,-2.1980418212756643,-2.5164427373677416,0.3184009160920773
66,3,-18.5,-18.0,351,120,231,-2.3702848212086556,-2.5164427373677416,0.14615791615908602
66,4,-18.0,-17.5,351,144,207,-2.471450778570424,-2.5164427373677416,0.044991958797317544
66,5,-17.5,-17.0,352,116,236,-2.6831481199820524,-2.5164427373677416,-0.16670538261431078
66,6,-17.0,-16.5,351,220,131,-2.4202263130320683,-2.5164427373677416,0.09621642433567335
66,7,-16.5,-16.0,351,206,145,-2.6814139586228847,-2.5164427373677416,-0.16497122125514307
66,8,-16.0,-15.5,352,140,212,-2.375017044831932,-2.5164427373677416,0.1414256925358095
66,9,-15.5,-15.0,351,267,84,-2.418820559122136,-2.5164427373677416,0.0976221782456057
66,10,-15.0,-14.5,351,0,351,,-2.5164427373677416,
66,11,-14.5,-14.0,351,245,106,-2.3848054840553226,-2.5164427373677416,0.13163725331241904
66,12,-14.0,-13.5,352,129,223,-2.925930112193818,-2.5164427373677416,-0.40948737482607633
66,13,-13.5,-13.0,351,198,153,-2.896204712143164,-2.5164427373677416,-0.3797619747754224
66,14,-13.0,-12.5,351,194,157,-2.545691958114027,-2.5164427373677416,-0.02924922074628533
66,15,-12.5,-12.0,352,96,256,-2.202145562670572,-2.5164427373677416,0.31429717469716945
66,16,-12.0,-11.5,351,146,205,-2.3572771128443737,-2.5164427373677416,0.1591656245233679
66,17,-11.5,-11.0,351,139,212,-2.5662493537503193,-2.5164427373677416,-0.04980661638257766
66,18,-11.0,-10.5,351,183,168,-2.7824483929976513,-2.5164427373677416,-0.26600565562990974
66,19,-10.5,-10.0,352,6,346,-2.5631917842023366,-2.5164427373677416,-0.04674904683459502
66,20,-10.0,-9.5,351,176,175,-2.4097060498729688,-2.5164427373677416,0.10673668749477283
66,21,-9.5,-9.0,351,214,137,-2.207690855704203,-2.5164427373677416,0.3087518816635386
66,22,-9.0,-8.5,352,91,261,-2.8255464397867276,-2.5164427373677416,-0.309103702418986
66,23,-8.5,-8.0,351,260,91,-2.586249086870378,-2.5164427373677416,-0.06980634950263642
66,24,-8.0,-7.5,351,72,279,-2.4671524752662983,-2.5164427373677416,0.04929026210144327
66,25,-7.5,-7.0,351,237,114,-2.5467533218470226,-2.5164427373677416,-0.030310584479281033
66,26,-7.0,-6.5,352,175,177,-2.3945293276942565,-2.5164427373677416,0.12191340967348507
66,27,-6.5,-6.0,351,220,131,-2.883860883791556,-2.5164427373677416,-0.3674181464238142
66,28,-6.0,-5.5,351,94,257,-2.3098937387338943,-2.5164427373677416,0.20654899863384735
66,29,-5.5,-5.0,352,205,147,-2.705588484859719,-2.5164427373677416,-0.18914574749197754
66,30,-5.0,-4.5,351,84,267,-2.413411477634467,-2.5164427373677416,0.10303125973327454
66,31,-4.5,-4.0,351,158,193,-2.314317671631618,-2.5164427373677416,0.20212506573612377
66,32,-4.0,-3.5,351,164,187,-2.254480763768769,-2.5164427373677416,0.26196197359897244
66,33,-3.5,-3.0,352,235,117,-2.5965206319154563,-2.5164427373677416,-0.08007789454771475
66,34,-3.0,-2.5,351,0,351,,-2.5164427373677416,
66,35,-2.5,-2.0,351,264,87,-2.4871935166214563,-2.5164427373677416,0.02924922074628533
66,36,-2.0,-1.5,352,51,301,-3.003667344770829,-2.5164427373677416,-0.48722460740308726
66,37,-1.5,-1.0,351,299,52,-2.140451181891341,-2.5164427373677416,0.3759915554764004
66,38,-1.0,-0.5,351,219,132,-3.156911969882341,-2.5164427373677416,-0.6404692325145995
66,39,-0.5,0.0,351,302,49,-2.2260970173785095,-2.5164427373677416,0.2903457199892321
66,40,0.0,0.5,352,131,221,-3.0349569504619076,-2.5164427373677416,-0.518514213094166
66,41,0.5,1.0,351,0,351,,-2.5164427373677416,
66,42,1.0,1.5,351,207,144,-2.5667580355501376,-2.5164427373677416,-0.050315298182395995
66,43,1.5,2.0,352,65,287,-2.889624588807856,-2.5164427373677416,-0.3731818514401146
66,44,2.0,2.5,351,173,178,-2.4854683679926155,-2.5164427373677416,0.0309743693751261
66,45,2.5,3.0,351,164,187,-2.764151210416194,-2.5164427373677416,-0.24770847304845223
66,46,3.0,3.5,351,151,200,-2.550436589432655,-2.5164427373677416,-0.033993852064913455
66,47,3.5,4.0,352,74,278,-2.9299604518547637,-2.5164427373677416,-0.4135177144870221
66,48,4.0,4.5,351,136,215,-2.53794869707739,-2.5164427373677416,-0.021505959709648526
66,49,4.5,5.0,351,71,280,-2.655530418268545,-2.5164427373677416,-0.13908768090080326
66,50,5.0,5.5,352,151,201,-2.6858842462809704,-2.5164427373677416,-0.16944150891322884
66,51,5.5,6.0,351,201,150,-2.701256195596113,-2.5164427373677416,-0.18481345822837136
66,52,6.0,6.5,351,54,297,-3.0634126882736066,-2.5164427373677416,-0.546969950905865
66,53,6.5,7.0,351,176,175,-2.719586577909663,-2.5164427373677416,-0.20314384054192125
66,54,7.0,7.5,352,95,257,-2.7696894855516203,-2.5164427373677416,-0.2532467481838787
66,55,7.5,8.0,351,185,166,-2.5298820100682713,-2.5164427373677416,-0.013439272700529692
66,56,8.0,8.5,351,0,351,,-2.5164427373677416,
66,57,8.5,9.0,352,139,213,-2.435307480558098,-2.5164427373677416,0.08113525680964351
66,58,9.0,9.5,351,120,231,-2.2638504534819264,-2.5164427373677416,0.2525922838858152
66,59,9.5,10.0,351,153,198,-2.939234595541794,-2.5164427373677416,-0.4227918581740524
66,60,10.0,10.5,351,199,152,-2.7368164886085014,-2.5164427373677416,-0.22037375124075975
66,61,10.5,11.0,352,169,183,-2.8745111136213395,-2.5164427373677416,-0.3580683762535979
66,62,11.0,11.5,351,214,137,-2.788952461860266,-2.5164427373677416,-0.27250972449252453
66,63,11.5,12.0,351,115,236,-2.375990409191436,-2.5164427373677416,0.14045232817630549
66,64,12.0,12.5,352,277,75,-2.691642217933744,-2.5164427373677416,-0.1751994805660022
66,65,12.5,13.0,351,216,135,-2.5053445165684636,-2.5164427373677416,0.011098220799278025
66,66,13.0,13.5,351,169,182,-2.878785844319298,-2.5164427373677416,-0.3623431069515566
66,67,13.5,14.0,351,259,92,-2.3691976766233225,-2.5164427373677416,0.14724506074441912
66,68,14.0,14.5,352,160,192,-3.027230258687001,-2.5164427373677416,-0.5107875213192594
66,69,14.5,15.0,351,195,156,-2.446459428546921,-2.5164427373677416,0.0699833088208206
66,70,15.0,15.5,351,43,308,-2.9344947798333387,-2.5164427373677416,-0.41805204246559713
66,71,15.5,16.0,352,285,67,-2.4842415308674557,-2.5164427373677416,0.032201206500285906
66,72,16.0,16.5,351,65,286,-2.825006562191526,-2.5164427373677416,-0.3085638248237843
66,73,16.5,17.0,351,256,95,-2.150493936607292,-2.5164427373677416,0.36594880076044944
66,74,17.0,17.5,351,99,252,-3.0425802281405243,-2.5164427373677416,-0.5261374907727827
66,75,17.5,18.0,352,199,153,-3.077340455398518,-2.5164427373677416,-0.5608977180307764
66,76,18.0,18.5,351,168,183,-2.600885359389879,-2.5164427373677416,-0.08444262202213748
66,77,18.5,19.0,351,65,286,-2.308225090088642,-2.5164427373677416,0.20821764727909953
66,78,19.0,19.5,352,312,40,-2.288777033037322,-2.5164427373677416,0.22766570433041977
66,79,19.5,20.0,351,182,169,-2.479292392131092,-2.5164427373677416,0.03715034523664951
67,0,-20.0,-19.5,351,124,227,-2.973201794046107,-2.6008147772979804,-0.3723870167481267
67,1,-19.5,-19.0,352,319,33,-2.429045117911612,-2.6008147772979804,0.17176965938636846
67,2,-19.0,-18.5,351,259,92,-2.6788000578889672,-2.6008147772979804,-0.07798528059098686
67,3,-18.5,-18.0,351,199,152,-2.386231914111228,-2.6008147772979804,0.21458286318675235
67,4,-18.0,-17.5,351,203,148,-2.2793288337362725,-2.6008147772979804,0.3214859435617079
67,5,-17.5,-17.0,352,33,319,-2.630740238098563,-2.6008147772979804,-0.02992546080058256
67,6,-17.0,-16.5,351,232,119,-2.3317795295821906,-2.6008147772979804,0.2690352477157898
67,7,-16.5,-16.0,351,100,251,-2.951419983870492,-2.6008147772979804,-0.3506052065725118
67,8,-16.0,-15.5,352,270,82,-2.255371459475763,-2.6008147772979804,0.3454433178222174
67,9,-15.5,-15.0,351,178,173,-2.6599588513589554,-2.6008147772979804,-0.059144074060974994
67,10,-15.0,-14.5,351,222,129,-2.12492668080566,-2.6008147772979804,0.4758880964923202
67,11,-14.5,-14.0,351,78,273,-3.004272081160493,-2.6008147772979804,-0.40345730386251244
67,12,-14.0,-13.5,352,296,56,-2.3148905267174564,-2.6008147772979804,0.28592425058052395
67,13,-13.5,-13.0,351,98,253,-2.8476011953507294,-2.6008147772979804,-0.24678641805274903
67,14,-13.0,-12.5,351,284,67,-2.3930578459489897,-2.6008147772979804,0.20775693134899065
67,15,-12.5,-12.0,352,180,172,-2.828323489016846,-2.6008147772979804,-0.22750871171886544
67,16,-12.0,-11.5,351,237,114,-2.537612554275822,-2.6008147772979804,0.0632022230221585
67,17,-11.5,-11.0,351,203,148,-2.2569661234713045,-2.6008147772979804,0.34384865382667584
67,18,-11.0,-10.5,351,120,231,-2.834541697727355,-2.6008147772979804,-0.23372692042937482
67,19,-10.5,-10.0,352,244,108,-2.233692538271256,-2.6008147772979804,0.36712223902672436
67,20,-10.0,-9.5,351,55,296,-2.8435716100770345,-2.6008147772979804,-0.24275683277905413
67,21,-9.5,-9.0,351,299,52,-2.503610845779243,-2.6008147772979804,0.09720393151873719
67,22,-9.0,-8.5,352,111,241,-3.101433330262728,-2.6008147772979804,-0.5006185529647476
67,23,-8.5,-8.0,351,307,44,-2.3718720058610896,-2.6008147772979804,0.2289427714368908
67,24,-8.0,-7.5,351,168,183,-2.9322946946478474,-2.6008147772979804,-0.33147991734986704
67,25,-7.5,-7.0,351,231,120,-2.611846655785593,-2.6008147772979804,-0.011031878487612445
67,26,-7.0,-6.5,352,118,234,-2.996386513716603,-2.6008147772979804,-0.3955717364186224
67,27,-6.5,-6.0,351,201,150,-2.7921410506386435,-2.6008147772979804,-0.1913262733406631
67,28,-6.0,-5.5,351,290,61,-2.416729389443077,-2.6008147772979804,0.18408538785490336
67,29,-5.5,-5.0,352,245,107,-2.3890962736609063,-2.6008147772979804,0.21171850363707412
67,30,-5.0,-4.5,351,208,143,-2.775442321517156,-2.6008147772979804,-0.1746275442191756
67,31,-4.5,-4.0,351,278,73,-2.4258553578601068,-2.6008147772979804,0.17495941943787363
67,32,-4.0,-3.5,351,188,163,-2.9810122714636087,-2.6008147772979804,-0.3801974941656283
67,33,-3.5,-3.0,352,240,112,-2.5897828988103675,-2.6008147772979804,0.01103187848761289
67,34,-3.0,-2.5,351,173,178,-2.6158062995252447,-2.6008147772979804,-0.014991522227264298
67,35,-2.5,-2.0,351,138,213,-2.3205733840847422,-2.6008147772979804,0.28024139321323815
67,36,-2.0,-1.5,352,215,137,-2.2944999842224854,-2.6008147772979804,0.30631479307549503
67,37,-1.5,-1.0,351,96,255,-2.6797614927291704,-2.6008147772979804,-0.07894671543119003
67,38,-1.0,-0.5,351,286,65,-2.460881457887944,-2.6008147772979804,0.13993331941003628
67,39,-0.5,0.0,351,128,223,-2.96404957775754,-2.6008147772979804,-0.3632348004595598
67,40,0.0,0.5,352,118,234,-3.080352976200453,-2.6008147772979804,-0.4795381989024725
67,41,0.5,1.0,351,193,158,-2.368227014240735,-2.6008147772979804,0.2325877630572455
67,42,1.0,1.5,351,0,351,,-2.6008147772979804,
67,43,1.5,2.0,352,158,194,-2.577031075286888,-2.6008147772979804,0.023783702011092256
67,44,2.0,2.5,351,171,180,-2.8544504566647944,-2.6008147772979804,-0.25363567936681397
67,45,2.5,3.0,351,175,176,-2.597592420331374,-2.6008147772979804,0.0032223569666065544
67,46,3.0,3.5,351,135,216,-2.4978219900044274,-2.6008147772979804,0.10299278729355299
67,47,3.5,4.0,352,21,331,-2.539332151976597,-2.6008147772979804,0.06148262532138338
67,48,4.0,4.5,351,89,262,-2.2782837962723526,-2.6008147772979804,0.3225309810256278
67,49,4.5,5.0,351,188,163,-2.569033961736735,-2.6008147772979804,0.03178081556124557
67,50,5.0,5.5,352,79,273,-3.042987703349913,-2.6008147772979804,-0.4421729260519327
67,51,5.5,6.0,351,191,160,-2.6023363199675273,-2.6008147772979804,-0.0015215426695469603
67,52,6.0,6.5,351,49,302,-3.134309066286838,-2.6008147772979804,-0.5334942889888574
67,53,6.5,7.0,351,230,121,-2.668739441601269,-2.6008147772979804,-0.06792466430328847
67,54,7.0,7.5,352,175,177,-2.8008301354968017,-2.6008147772979804,-0.20001535819882132
67,55,7.5,8.0,351,138,213,-2.6432206331368686,-2.6008147772979804,-0.04240585583888823
67,56,8.0,8.5,351,198,153,-2.453217718808205,-2.6008147772979804,0.14759705848977545
67,57,8.5,9.0,352,100,252,-2.9790556041651852,-2.6008147772979804,-0.37824082686720484
67,58,9.0,9.5,351,122,229,-2.6452383309320524,-2.6008147772979804,-0.04442355363407202
67,59,9.5,10.0,351,120,231,-2.4966131172206767,-2.6008147772979804,0.10420166007730369
67,60,10.0,10.5,351,123,228,-2.7597184803708186,-2.6008147772979804,-0.1589037030728382
67,61,10.5,11.0,352,149,203,-2.315808316914644,-2.6008147772979804,0.28500646038333644
67,62,11.0,11.5,351,68,283,-3.240019982307137,-2.6008147772979804,-0.6392052050091568
67,63,11.5,12.0,351,185,166,-2.3886189340632864,-2.6008147772979804,0.21219584323469398
67,64,12.0,12.5,352,14,338,-3.5992881159360235,-2.6008147772979804,-0.9984733386380431
67,65,12.5,13.0,351,178,173,-2.4563338019019803,-2.6008147772979804,0.14448097539600013
67,66,13.0,13.5,351,17,334,-2.4963403555726136,-2.6008147772979804,0.1044744217253668
67,67,13.5,14.0,351,152,199,-2.311158562584364,-2.6008147772979804,0.2896562147136166
67,68,14.0,14.5,352,107,245,-2.4783156891136287,-2.6008147772979804,0.12249908818435173
67,69,14.5,15.0,351,133,218,-2.621274123123816,-2.6008147772979804,-0.02045934582583575
67,70,15.0,15.5,351,228,123,-2.6043792948488935,-2.6008147772979804,-0.0035645175509131377
67,71,15.5,16.0,352,119,233,-3.2229200387761807,-2.6008147772979804,-0.6221052614782003
67,72,16.0,16.5,351,291,60,-2.384782951834629,-2.6008147772979804,0.21603182546335153
67,73,16.5,17.0,351,142,209,-2.9899955050836127,-2.6008147772979804,-0.3891807277856323
67,74,17.0,17.5,351,223,128,-2.546466052834457,-2.6008147772979804,0.05434872446352346
67,75,17.5,18.0,352,149,203,-2.925736767392231,-2.6008147772979804,-0.3249219900942508
67,76,18.0,18.5,351,152,199,-2.525575865711257,-2.6008147772979804,0.07523891158672358
67,77,18.5,19.0,351,205,146,-2.3598717194960144,-2.6008147772979804,0.240943057801966
67,78,19.0,19.5,352,76,276,-2.2515851181660276,-2.6008147772979804,0.3492296591319528
67,79,19.5,20.0,351,55,296,-2.5366867748577,-2.6008147772979804,0.06412800244028016
68,0,-20.0,-19.5,351,84,267,-3.122441355911958,-2.5528288325518815,-0.5696125233600764
68,1,-19.5,-19.0,351,327,24,-2.3263070438223057,-2.5528288325518815,0.22652178872957585
68,2,-19.0,-18.5,352,49,303,-3.152596358069089,-2.5528288325518815,-0.5997675255172075
68,3,-18.5,-18.0,351,170,181,-2.3247402168371254,-2.5528288325518815,0.22808861571475614
68,4,-18.0,-17.5,351,198,153,-2.838664675156469,-2.5528288325518815,-0.2858358426045875
68,5,-17.5,-17.0,351,187,164,-2.3160979166289595,-2.5528288325518815,0.23673091592292206
68,6,-17.0,-16.5,352,177,175,-2.102486550622268,-2.5528288325518815,0.45034228192961345
68,7,-16.5,-16.0,351,124,227,-2.753847105788043,-2.5528288325518815,-0.20101827323616162
68,8,-16.0,-15.5,351,171,180,-2.341734166660242,-2.5528288325518815,0.21109466589163972
68,9,-15.5,-15.0,352,141,211,-2.6908046920474677,-2.5528288325518815,-0.13797585949558622
68,10,-15.0,-14.5,351,117,234,-2.2941892645892246,-2.5528288325518815,0.25863956796265697
68,11,-14.5,-14.0,351,54,297,-2.873651256259392,-2.5528288325518815,-0.3208224237075106
68,12,-14.0,-13.5,351,248,103,-2.5457723683330262,-2.5528288325518815,0.007056464218855307
68,13,-13.5,-13.0,352,51,301,-2.7058100006600485,-2.5528288325518815,-0.15298116810816698
68,14,-13.0,-12.5,351,231,120,-2.5353412117426175,-2.5528288325518815,0.017487620809264026
68,15,-12.5,-12.0,351,170,181,-2.212092374499149,-2.5528288325518815,0.34073645805273234
68,16,-12.0,-11.5,352,169,183,-2.904714307479212,-2.5528288325518815,-0.3518854749273306
68,17,-11.5,-11.0,351,146,205,-2.759408559900087,-2.5528288325518815,-0.2065797273482053
68,18,-11.0,-10.5,351,147,204,-2.2064351872202095,-2.5528288325518815,0.34639364533167205
68,19,-10.5,-10.0,351,37,314,-3.0362216171936214,-2.5528288325518815,-0.48339278464173985
68,20,-10.0,-9.5,352,186,166,-2.3950926351380155,-2.5528288325518815,0.15773619741386602
68,21,-9.5,-9.0,351,196,155,-2.8199274466016604,-2.5528288325518815,-0.26709861404977886
68,22,-9.0,-8.5,351,225,126,-2.559885296770737,-2.5528288325518815,-0.007056464218855307
68,23,-8.5,-8.0,352,175,177,-2.36515263742471,-2.5528288325518815,0.18767619512717149
68,24,-8.0,-7.5,351,50,301,-2.9915241621764013,-2.5528288325518815,-0.43869532962451974
68,25,-7.5,-7.0,351,205,146,-2.3144478215938324,-2.5528288325518815,0.2383810109580491
68,26,-7.0,-6.5,351,80,271,-3.102861621022858,-2.5528288325518815,-0.5500327884709764
68,27,-6.5,-6.0,352,304,48,-2.3867623213648104,-2.5528288325518815,0.16606651118707116
68,28,-6.0,-5.5,351,43,308,-3.0785336572420294,-2.5528288325518815,-0.5257048246901479
68,29,-5.5,-5.0,351,188,163,-2.261364386395627,-2.5528288325518815,0.29146444615625455
68,30,-5.0,-4.5,352,94,258,-2.983919998864871,-2.5528288325518815,-0.4310911663129895
68,31,-4.5,-4.0,351,170,181,-2.5074231981056903,-2.5528288325518815,0.04540563444619128
68,32,-4.0,-3.5,351,146,205,-2.3382225032457873,-2.5528288325518815,0.21460632930609425
68,33,-3.5,-3.0,351,116,235,-2.9874831985853065,-2.5528288325518815,-0.434654366033425
68,34,-3.0,-2.5,352,206,146,-2.1901951296193203,-2.5528288325518815,0.36263370293256125
68,35,-2.5,-2.0,351,67,284,-2.6049573955242145,-2.5528288325518815,-0.052128562972332926
68,36,-2.0,-1.5,351,209,142,-2.5194194320204355,-2.5528288325518815,0.03340940053144603
68,37,-1.5,-1.0,352,135,217,-2.3944450309241225,-2.5528288325518815,0.158383801627759
68,38,-1.0,-0.5,351,125,226,-2.575532327174721,-2.5528288325518815,-0.022703494622839493
68,39,-0.5,0.0,351,280,71,-2.6569816553001986,-2.5528288325518815,-0.10415282274831705
68,40,0.0,0.5,351,95,256,-2.8349167784621456,-2.5528288325518815,-0.2820879459102641
68,41,0.5,1.0,352,9,343,-2.4809497154305733,-2.5528288325518815,0.07187911712130823
68,42,1.0,1.5,351,205,146,-2.6429244575118553,-2.5528288325518815,-0.09009562495997381
68,43,1.5,2.0,351,0,351,,-2.5528288325518815,
68,44,2.0,2.5,352,158,194,-2.495971961858529,-2.5528288325518815,0.056856870693352324
68,45,2.5,3.0,351,188,163,-2.8457523704707386,-2.5528288325518815,-0.29292353791885706
68,46,3.0,3.5,351,166,185,-3.230254813359437,-2.5528288325518815,-0.6774259808075556
68,47,3.5,4.0,351,268,83,-2.7369791164383193,-2.5528288325518815,-0.18415028388643773
68,48,4.0,4.5,352,11,341,-3.3834079773019154,-2.5528288325518815,-0.8305791447500339
68,49,4.5,5.0,351,153,198,-2.4205420541779277,-2.5528288325518815,0.13228677837395386
68,50,5.0,5.5,351,93,258,-3.1773851138510607,-2.5528288325518815,-0.6245562812991792
68,51,5.5,6.0,352,203,149,-2.6891007334295254,-2.5528288325518815,-0.13627190087764385
68,52,6.0,6.5,351,251,100,-2.8727419229332973,-2.5528288325518815,-0.3199130903814158
68,53,6.5,7.0,351,0,351,,-2.5528288325518815,
68,54,7.0,7.5,351,132,219,-2.6688637049423525,-2.5528288325518815,-0.11603487239047094
68,55,7.5,8.0,352,104,248,-2.7894406184013487,-2.5528288325518815,-0.23661178584946718
68,56,8.0,8.5,351,114,237,-2.752057889738751,-2.5528288325518815,-0.19922905718686934
68,57,8.5,9.0,351,182,169,-2.7346372360706637,-2.5528288325518815,-0.18180840351878214
68,58,9.0,9.5,352,181,171,-2.33075863439539,-2.5528288325518815,0.22207019815649165
68,59,9.5,10.0,351,100,251,-2.989058514626718,-2.5528288325518815,-0.4362296820748366
68,60,10.0,10.5,351,194,157,-3.132084366691487,-2.5528288325518815,-0.5792555341396053
68,61,10.5,11.0,351,146,205,-2.441620329247403,-2.5528288325518815,0.11120850330447851
68,62,11.0,11.5,352,116,236,-2.2993073511169477,-2.5528288325518815,0.2535214814349338
68,63,11.5,12.0,351,99,252,-2.9487943204974267,-2.5528288325518815,-0.3959654879455452
68,64,12.0,12.5,351,164,187,-2.5598409161003364,-2.5528288325518815,-0.007012083548454839
68,65,12.5,13.0,352,170,182,-2.672877329184588,-2.5528288325518815,-0.12004849663270667
68,66,13.0,13.5,351,37,314,-2.705650516743501,-2.5528288325518815,-0.15282168419161968
68,67,13.5,14.0,351,199,152,-2.5065448974499915,-2.5528288325518815,0.046283935101889995
68,68,14.0,14.5,351,0,351,,-2.5528288325518815,
68,69,14.5,15.0,352,187,165,-2.1254435074435047,-2.5528288325518815,0.4273853251083768
68,70,15.0,15.5,351,0,351,,-2.5528288325518815,
68,71,15.5,16.0,351,137,214,-2.245448650112545,-2.5528288325518815,0.30738018243933674
68,72,16.0,16.5,352,49,303,-2.8263215258026095,-2.5528288325518815,-0.273492693250728
68,73,16.5,17.0,351,180,171,-2.2078470447297907,-2.5528288325518815,0.3449817878220909
68,74,17.0,17.5,351,34,317,-2.641320573902669,-2.5528288325518815,-0.0884917413507873
68,75,17.5,18.0,351,215,136,-2.1513611274307425,-2.5528288325518815,0.40146770512113905
68,76,18.0,18.5,352,45,307,-2.8659758727956484,-2.5528288325518815,-0.3131470402437668
68,77,18.5,19.0,351,96,255,-2.7891191896862613,-2.5528288325518815,-0.23629035713437974
68,78,19.0,19.5,351,235,116,-2.4096660442358977,-2.5528288325518815,0.14316278831598384
68,79,19.5,20.0,352,30,322,-2.786716240342934,-2.5528288325518815,-0.23388740779105266
69,0,-20.0,-19.5,351,183,168,-2.416416047571755,-2.562583473308749,0.14616742573699426
69,1,-19.5,-19.0,351,222,129,-2.731078064752726,-2.562583473308749,-0.16849459144397683
69,2,-19.0,-18.5,352,250,102,-2.2763612872393155,-2.562583473308749,0.2862221860694336
69,3,-18.5,-18.0,351,258,93,-2.8866734819996083,-2.562583473308749,-0.32409000869085913
69,4,-18.0,-17.5,351,131,220,-2.4562419703400766,-2.562583473308749,0.10634150296867251
69,5,-17.5,-17.0,351,305,46,-2.489144448594836,-2.562583473308749,0.07343902471391317
69,6,-17.0,-16.5,352,128,224,-2.9428580511031335,-2.562583473308749,-0.38027457779438434
69,7,-16.5,-16.0,351,235,116,-2.1784330334901076,-2.562583473308749,0.3841504398186415
69,8,-16.0,-15.5,351,116,235,-2.174077466131045,-2.562583473308749,0.3885060071777042
69,9,-15.5,-15.0,352,232,120,-2.3528544742376507,-2.562583473308749,0.20972899907109843
69,10,-15.0,-14.5,351,61,290,-3.310321215953427,-2.562583473308749,-0.7477377426446781
69,11,-14.5,-14.0,351,51,300,-3.371560654560922,-2.562583473308749,-0.8089771812521729
69,12,-14.0,-13.5,351,225,126,-2.167586825925142,-2.562583473308749,0.39499664738360707
69,13,-13.5,-13.0,352,70,282,-2.6106751732875653,-2.562583473308749,-0.04809169997881613
69,14,-13.0,-12.5,351,252,99,-2.123905117042769,-2.562583473308749,0.4386783562659802
69,15,-12.5,-12.0,351,65,286,-3.0255161492297957,-2.562583473308749,-0.4629326759210466
69,16,-12.0,-11.5,352,177,175,-2.321617950465697,-2.562583473308749,0.24096552284305206
69,17,-11.5,-11.0,351,278,73,-2.3625840467122847,-2.562583473308749,0.1999994265964644
69,18,-11.0,-10.5,351,23,328,-2.7700485626119162,-2.562583473308749,-0.2074650893031671
69,19,-10.5,-10.0,351,264,87,-2.239187602613251,-2.562583473308749,0.323395870695498
69,20,-10.0,-9.5,352,185,167,-2.9591601418910316,-2.562583473308749,-0.39657666858228247
69,21,-9.5,-9.0,351,242,109,-2.125003936995319,-2.562583473308749,0.43757953631343005
69,22,-9.0,-8.5,351,52,299,-3.086922257799677,-2.562583473308749,-0.524338784490928
69,23,-8.5,-8.0,352,278,74,-2.2379277163322238,-2.562583473308749,0.3246557569765254
69,24,-8.0,-7.5,351,148,203,-2.8769184613546637,-2.562583473308749,-0.31433498804591453
69,25,-7.5,-7.0,351,221,130,-2.333400874455266,-2.562583473308749,0.22918259885348302
69,26,-7.0,-6.5,351,62,289,-3.1857560934062095,-2.562583473308749,-0.6231726200974603
69,27,-6.5,-6.0,352,255,97,-2.2435115156188017,-2.562583473308749,0.31907195768994745
69,28,-6.0,-5.5,351,225,126,-3.037248878873068,-2.562583473308749,-0.4746654055643189
69,29,-5.5,-5.0,351,279,72,-2.469034860270718,-2.562583473308749,0.09354861303803119
69,30,-5.0,-4.5,352,89,263,-2.74831641283615,-2.562583473308749,-0.185732939527401
69,31,-4.5,-4.0,351,212,139,-2.177095161923343,-2.562583473308749,0.38548831138540596
69,32,-4.0,-3.5,351,146,205,-2.8904114595654775,-2.562583473308749,-0.3278279862567284
69,33,-3.5,-3.0,351,223,128,-2.125186282145594,-2.562583473308749,0.43739719116315534
69,34,-3.0,-2.5,352,133,219,-2.9228255044701767,-2.562583473308749,-0.3602420311614276
69,35,-2.5,-2.0,351,312,39,-2.514491773329933,-2.562583473308749,0.04809169997881613
69,36,-2.0,-1.5,351,114,237,-2.9833976815413012,-2.562583473308749,-0.4208142082325521
69,37,-1.5,-1.0,352,301,51,-2.6150849732052155,-2.562583473308749,-0.05250149989646635
69,38,-1.0,-0.5,351,24,327,-2.4463336017751622,-2.562583473308749,0.1162498715335869
69,39,-0.5,0.0,351,207,144,-2.1713569223749776,-2.562583473308749,0.39122655093377157
69,40,0.0,0.5,351,102,249,-2.872373591286628,-2.562583473308749,-0.30979011797787903
69,41,0.5,1.0,352,168,184,-2.559412468720118,-2.562583473308749,0.0031710045886312876
69,42,1.0,1.5,351,96,255,-2.999065225057677,-2.562583473308749,-0.43648175174892767
69,43,1.5,2.0,351,262,89,-2.60823602867564,-2.562583473308749,-0.045652555366890724
69,44,2.0,2.5,352,153,199,-2.311600406506547,-2.562583473308749,0.25098306680220217
69,45,2.5,3.0,351,0,351,,-2.562583473308749,
69,46,3.0,3.5,351,259,92,-2.565986277766019,-2.562583473308749,-0.0034028044572700367
69,47,3.5,4.0,351,151,200,-2.5021510304205528,-2.562583473308749,0.06043244288819638
69,48,4.0,4.5,352,0,352,,-2.562583473308749,
69,49,4.5,5.0,351,174,177,-2.3138653657081565,-2.562583473308749,0.24871810760059265
69,50,5.0,5.5,351,37,314,-2.9096905449318267,-2.562583473308749,-0.3471070716230775
69,51,5.5,6.0,352,166,186,-2.478939151563309,-2.562583473308749,0.08364432174544012
69,52,6.0,6.5,351,182,169,-2.571638092362859,-2.562583473308749,-0.009054619054109647
69,53,6.5,7.0,351,80,271,-2.8442063814628646,-2.562583473308749,-0.2816229081541155
69,54,7.0,7.5,351,158,193,-2.3901454631281935,-2.562583473308749,0.1724380101805556
69,55,7.5,8.0,352,90,262,-3.0447764642891793,-2.562583473308749,-0.4821929909804301
69,56,8.0,8.5,351,252,99,-2.5930587683526802,-2.562583473308749,-0.030475295043931094
69,57,8.5,9.0,351,82,269,-2.667009306367768,-2.562583473308749,-0.10442583305901865
69,58,9.0,9.5,352,165,187,-2.468601005172715,-2.562583473308749,0.09398246813603395
69,59,9.5,10.0,351,118,233,-2.7887068472133114,-2.562583473308749,-0.22612337390456227
69,60,10.0,10.5,351,47,304,-3.0761815597814213,-2.562583473308749,-0.5135980864726721
69,61,10.5,11.0,351,138,213,-2.3790104615118826,-2.562583473308749,0.18357301179686658
69,62,11.0,11.5,352,0,352,,-2.562583473308749,
69,63,11.5,12.0,351,49,302,-3.098469122178893,-2.562583473308749,-0.5358856488701438
69,64,12.0,12.5,351,35,316,-2.8930080202524597,-2.562583473308749,-0.3304245469437106
69,65,12.5,13.0,352,163,189,-2.439238540590987,-2.562583473308749,0.12334493271776203
69,66,13.0,13.5,351,105,246,-3.1669476095251823,-2.562583473308749,-0.6043641362164331
69,67,13.5,14.0,351,0,351,,-2.562583473308749,
69,68,14.0,14.5,351,66,285,-3.131582348567192,-2.562583473308749,-0.5689988752584427
69,69,14.5,15.0,352,140,212,-2.262284506276674,-2.562583473308749,0.30029896703207504
69,70,15.0,15.5,351,117,234,-3.086612507950116,-2.562583473308749,-0.5240290346413667
69,71,15.5,16.0,351,250,101,-2.0277002121558567,-2.562583473308749,0.5348832611528924
69,72,16.0,16.5,352,129,223,-2.69242281016933,-2.562583473308749,-0.1298393368605808
69,73,16.5,17.0,351,35,316,-2.868843072158001,-2.562583473308749,-0.3062595988492518
69,74,17.0,17.5,351,324,27,-2.345303263281643,-2.562583473308749,0.21728021002710607
69,75,17.5,18.0,351,133,218,-2.072210140586354,-2.562583473308749,0.4903733327223949
69,76,18.0,18.5,352,206,146,-2.4430262181990168,-2.562583473308749,0.11955725510973236
69,77,18.5,19.0,351,228,123,-2.2473450724984283,-2.562583473308749,0.31523840081032084
69,78,19.0,19.5,351,45,306,-2.929027346272211,-2.562583473308749,-0.3664438729634618
69,79,19.5,20.0,352,277,75,-2.4895601465011814,-2.562583473308749,0.07302332680756773
70,0,-20.0,-19.5,352,188,164,-2.124021496378849,-2.5109262685818012,0.38690477220295216
70,1,-19.5,-19.0,351,65,286,-3.0960630388495427,-2.5109262685818012,-0.5851367702677415
70,2,-19.0,-18.5,351,135,216,-3.0011070687463666,-2.5109262685818012,-0.49018080016456533
70,3,-18.5,-18.0,351,288,63,-2.1989281633276008,-2.5109262685818012,0.31199810525420046
70,4,-18.0,-17.5,352,131,221,-3.092747731219293,-2.5109262685818012,-0.5818214626374916
70,5,-17.5,-17.0,351,256,95,-2.164404559618274,-2.5109262685818012,0.3465217089635271
70,6,-17.0,-16.5,351,270,81,-2.737140066566533,-2.5109262685818012,-0.22621379798473162
70,7,-16.5,-16.0,352,182,170,-3.0633619377319254,-2.5109262685818012,-0.5524356691501242
70,8,-16.0,-15.5,351,95,256,-2.7581719232295563,-2.5109262685818012,-0.24724565464775505
70,9,-15.5,-15.0,351,241,110,-2.235656747720514,-2.5109262685818012,0.2752695208612872
70,10,-15.0,-14.5,351,0,351,,-2.5109262685818012,
70,11,-14.5,-14.0,352,70,282,-2.9098132029280164,-2.5109262685818012,-0.39888693434621514
70,12,-14.0,-13.5,351,301,50,-2.2681178071679966,-2.5109262685818012,0.24280846141380463
70,13,-13.5,-13.0,351,82,269,-3.192235149458009,-2.5109262685818012,-0.6813088808762076
70,14,-13.0,-12.5,352,170,182,-2.5070653260174574,-2.5109262685818012,0.0038609425643438833
70,15,-12.5,-12.0,351,75,276,-2.8624286457516765,-2.5109262685818012,-0.3515023771698753
70,16,-12.0,-11.5,351,254,97,-2.296391668491431,-2.5109262685818012,0.2145346000903703
70,17,-11.5,-11.0,351,117,234,-3.1705124204952737,-2.5109262685818012,-0.6595861519134725
70,18,-11.0,-10.5,352,133,219,-2.955869723532228,-2.5109262685818012,-0.444943454950427
70,19,-10.5,-10.0,351,146,205,-2.189879502515754,-2.5109262685818012,0.32104676606604743
70,20,-10.0,-9.5,351,157,194,-2.1282664664388244,-2.5109262685818012,0.3826598021429768
70,21,-9.5,-9.0,352,69,283,-2.913231389176526,-2.5109262685818012,-0.40230512059472456
70,22,-9.0,-8.5,351,238,113,-2.293411396736933,-2.5109262685818012,0.21751487184486828
70,23,-8.5,-8.0,351,43,308,-2.4465236277256532,-2.5109262685818012,0.064402640856148
70,24,-8.0,-7.5,351,82,269,-2.128872007328942,-2.5109262685818012,0.382054261252859
70,25,-7.5,-7.0,352,68,284,-2.151900747376158,-2.5109262685818012,0.359025521205643
70,26,-7.0,-6.5,351,225,126,-2.649837654155964,-2.5109262685818012,-0.1389113855741626
70,27,-6.5,-6.0,351,139,212,-2.5109262685818012,-2.5109262685818012,0.0
70,28,-6.0,-5.5,352,199,153,-3.0837369348874426,-2.5109262685818012,-0.5728106663056414
70,29,-5.5,-5.0,351,262,89,-2.193274390249843,-2.5109262685818012,0.3176518783319584
70,30,-5.0,-4.5,351,132,219,-3.059083342398245,-2.5109262685818012,-0.5481570738164439
70,31,-4.5,-4.0,351,0,351,,-2.5109262685818012,
70,32,-4.0,-3.5,352,254,98,-2.4312153530332283,-2.5109262685818012,0.0797109155485729
70,33,-3.5,-3.0,351,6,345,-3.132986171957076,-2.5109262685818012,-0.6220599033752747
70,34,-3.0,-2.5,351,0,351,,-2.5109262685818012,
70,35,-2.5,-2.0,352,319,33,-2.4015656924698305,-2.5109262685818012,0.1093605761119707
70,36,-2.0,-1.5,351,32,319,-3.1320477902772277,-2.5109262685818012,-0.6211215216954264
70,37,-1.5,-1.0,351,224,127,-2.129659375137267,-2.5109262685818012,0.381266893444534
70,38,-1.0,-0.5,351,255,96,-2.5702034998837155,-2.5109262685818012,-0.05927723130191431
70,39,-0.5,0.0,352,66,286,-3.2285569305841153,-2.5109262685818012,-0.7176306620023141
70,40,0.0,0.5,351,158,193,-2.0711199555599498,-2.5109262685818012,0.43980631302185147
70,41,0.5,1.0,351,155,196,-2.3229983644569847,-2.5109262685818012,0.18792790412481652
70,42,1.0,1.5,352,0,352,,-2.5109262685818012,
70,43,1.5,2.0,351,153,198,-2.585558570608746,-2.5109262685818012,-0.0746323020269446
70,44,2.0,2.5,351,14,337,-2.8890379985083547,-2.5109262685818012,-0.3781117299265535
70,45,2.5,3.0,351,233,118,-2.7390127237402346,-2.5109262685818012,-0.2280864551584334
70,46,3.0,3.5,352,25,327,-3.260451700608414,-2.5109262685818012,-0.7495254320266129
70,47,3.5,4.0,351,60,291,-2.9717714605437786,-2.5109262685818012,-0.4608451919619774
70,48,4.0,4.5,351,142,209,-2.494856091715162,-2.5109262685818012,0.01607017686663914
70,49,4.5,5.0,352,169,183,-3.038873088924551,-2.5109262685818012,-0.5279468203427498
70,50,5.0,5.5,351,251,100,-2.5884142440000253,-2.5109262685818012,-0.07748797541822405
70,51,5.5,6.0,351,79,272,-3.0291847792723092,-2.5109262685818012,-0.518258510690508
70,52,6.0,6.5,351,171,180,-2.4889771435652874,-2.5109262685818012,0.021949125016513804
70,53,6.5,7.0,352,43,309,-3.3610238945164426,-2.5109262685818012,-0.8500976259346413
70,54,7.0,7.5,351,150,201,-2.3918223934054805,-2.5109262685818012,0.1191038751763207
70,55,7.5,8.0,351,0,351,,-2.5109262685818012,
70,56,8.0,8.5,352,291,61,-2.801676157393556,-2.5109262685818012,-0.2907498888117548
70,57,8.5,9.0,351,94,257,-3.0323889164716005,-2.5109262685818012,-0.5214626478897992
70,58,9.0,9.5,351,205,146,-3.0169340632538213,-2.5109262685818012,-0.5060077946720201
70,59,9.5,10.0,351,281,70,-2.57285677365887,-2.5109262685818012,-0.061930505077068876
70,60,10.0,10.5,352,48,304,-3.1170231741470147,-2.5109262685818012,-0.6060969055652135
70,61,10.5,11.0,351,112,239,-2.896796371125337,-2.5109262685818012,-0.3858701025435356
70,62,11.0,11.5,351,274,77,-2.761307128542703,-2.5109262685818012,-0.25038085996090187
70,63,11.5,12.0,352,142,210,-2.8543042193855626,-2.5109262685818012,-0.3433779508037613
70,64,12.0,12.5,351,296,55,-2.511427827698032,-2.5109262685818012,-0.0005015591162309541
70,65,12.5,13.0,351,0,351,,-2.5109262685818012,
70,66,13.0,13.5,351,201,150,-2.3877813719808167,-2.5109262685818012,0.12314489660098449
70,67,13.5,14.0,352,26,326,-3.2010674287531193,-2.5109262685818012,-0.6901411601713181
70,68,14.0,14.5,351,243,108,-2.1944236372008383,-2.5109262685818012,0.3165026313809629
70,69,14.5,15.0,351,166,185,-3.1071410859246997,-2.5109262685818012,-0.5962148173428985
70,70,15.0,15.5,352,110,242,-2.0966065277514474,-2.5109262685818012,0.41431974083035383
70,71,15.5,16.0,351,263,88,-2.3627038879745137,-2.5109262685818012,0.14822238060728754
70,72,16.0,16.5,351,0,351,,-2.5109262685818012,
70,73,16.5,17.0,351,203,148,-2.081947793741436,-2.5109262685818012,0.4289784748403651
70,74,17.0,17.5,352,124,228,-2.551885140090685,-2.5109262685818012,-0.040958871508883554
70,75,17.5,18.0,351,128,223,-2.38148561474533,-2.5109262685818012,0.1294406538364714
70,76,18.0,18.5,351,271,80,-2.5279783676716163,-2.5109262685818012,-0.017052099089815087
70,77,18.5,19.0,352,222,130,-2.868875181185573,-2.5109262685818012,-0.3579489126037716
70,78,19.0,19.5,351,0,351,,-2.5109262685818012,
70,79,19.5,20.0,351,210,141,-2.553986943515006,-2.5109262685818012,-0.04306067493320498
71,0,-20.0,-19.5,351,126,225,-2.966879171977699,-2.5972860753048446,-0.3695930966728542
71,1,-19.5,-19.0,351,257,94,-2.761258708135314,-2.5972860753048446,-0.1639726328304696
71,2,-19.0,-18.5,352,236,116,-2.6897544744585966,-2.5972860753048446,-0.09246839915375205
71,3,-18.5,-18.0,351,0,351,,-2.5972860753048446,
71,4,-18.0,-17.5,351,266,85,-2.321707409549842,-2.5972860753048446,0.27557866575500256
71,5,-17.5,-17.0,352,42,310,-3.136459813224576,-2.5972860753048446,-0.5391737379197314
71,6,-17.0,-16.5,351,247,104,-2.331392181584222,-2.5972860753048446,0.26589389372062255
71,7,-16.5,-16.0,351,81,270,-2.9182903241650533,-2.5972860753048446,-0.32100424886020873
71,8,-16.0,-15.5,351,74,277,-2.862361128744224,-2.5972860753048446,-0.26507505343937954
71,9,-15.5,-15.0,352,215,137,-2.3405953087938496,-2.5972860753048446,0.256690766510995
71,10,-15.0,-14.5,351,103,248,-2.973146934267618,-2.5972860753048446,-0.3758608589627732
71,11,-14.5,-14.0,351,289,62,-2.5138089092945353,-2.5972860753048446,0.0834771660103093
71,12,-14.0,-13.5,352,0,352,,-2.5972860753048446,
71,13,-13.5,-13.0,351,157,194,-2.07367873887455,-2.5972860753048446,0.5236073364302944
71,14,-13.0,-12.5,351,115,236,-2.698371690717505,-2.5972860753048446,-0.10108561541266026
71,15,-12.5,-12.0,351,176,175,-2.4422938735382553,-2.5972860753048446,0.15499220176658923
71,16,-12.0,-11.5,352,129,223,-2.9788253339202995,-2.5972860753048446,-0.3815392586154549
71,17,-11.5,-11.0,351,270,81,-2.4383100027835054,-2.5972860753048446,0.15897607252133916
71,18,-11.0,-10.5,351,115,236,-2.8239708731828914,-2.5972860753048446,-0.22668479787804685
71,19,-10.5,-10.0,352,226,126,-2.2447242738215625,-2.5972860753048446,0.3525618014832821
71,20,-10.0,-9.5,351,0,351,,-2.5972860753048446,
71,21,-9.5,-9.0,351,187,164,-2.164458026718951,-2.5972860753048446,0.43282804858589374
71,22,-9.0,-8.5,351,80,271,-2.8662663151279864,-2.5972860753048446,-0.2689802398231418
71,23,-8.5,-8.0,352,146,206,-2.495635971777303,-2.5972860753048446,0.10165010352754145
71,24,-8.0,-7.5,351,198,153,-2.7430642049906946,-2.5972860753048446,-0.14577812968585002
71,25,-7.5,-7.0,351,250,101,-2.3831169117566673,-2.5972860753048446,0.21416916354817728
71,26,-7.0,-6.5,352,279,73,-2.9346785495109033,-2.5972860753048446,-0.3373924742060588
71,27,-6.5,-6.0,351,123,228,-3.0458629042383896,-2.5972860753048446,-0.448576828933545
71,28,-6.0,-5.5,351,294,57,-2.52606444487133,-2.5972860753048446,0.0712216304335147
71,29,-5.5,-5.0,351,275,76,-2.605816254518976,-2.5972860753048446,-0.008530179214131461
71,30,-5.0,-4.5,352,138,214,-2.9017013900933,-2.5972860753048446,-0.3044153147884554
71,31,-4.5,-4.0,351,198,153,-2.547756637417635,-2.5972860753048446,0.04952943788720976
71,32,-4.0,-3.5,351,64,287,-2.7293183757910633,-2.5972860753048446,-0.13203230048621872
71,33,-3.5,-3.0,352,220,132,-2.402801072553033,-2.5972860753048446,0.19448500275181146
71,34,-3.0,-2.5,351,93,258,-3.0192479686402844,-2.5972860753048446,-0.4219618933354399
71,35,-2.5,-2.0,351,235,116,-2.375129532105006,-2.5972860753048446,0.22215654319983846
71,36,-2.0,-1.5,351,245,106,-2.5887558960907127,-2.5972860753048446,0.008530179214131905
71,37,-1.5,-1.0,352,199,153,-2.9272460617199685,-2.5972860753048446,-0.3299599864151239
71,38,-1.0,-0.5,351,293,58,-2.51776900884393,-2.5972860753048446,0.07951706646091461
71,39,-0.5,0.0,351,101,250,-2.9526294393993218,-2.5972860753048446,-0.3553433640944772
71,40,0.0,0.5,352,267,85,-2.5052869886304205,-2.5972860753048446,0.09199908667442402
71,41,0.5,1.0,351,104,247,-2.8784137428130094,-2.5972860753048446,-0.28112766750816487
71,42,1.0,1.5,351,140,211,-2.4606710340300877,-2.5972860753048446,0.13661504127475688
71,43,1.5,2.0,351,14,337,-2.6196911415918263,-2.5972860753048446,-0.02240506628698169
71,44,2.0,2.5,352,143,209,-2.3313160010477323,-2.5972860753048446,0.2659700742571123
71,45,2.5,3.0,351,81,270,-3.2244252999551692,-2.5972860753048446,-0.6271392246503247
71,46,3.0,3.5,351,207,144,-2.649409330763102,-2.5972860753048446,-0.05212325545825758
71,47,3.5,4.0,352,79,273,-2.79591641867188,-2.5972860753048446,-0.19863034336703533
71,48,4.0,4.5,351,78,273,-2.2390871811985784,-2.5972860753048446,0.35819889410626615
71,49,4.5,5.0,351,48,303,-3.033043700517454,-2.5972860753048446,-0.4357576252126094
71,50,5.0,5.5,351,205,146,-2.619847120772491,-2.5972860753048446,-0.02256104546764659
71,51,5.5,6.0,352,39,313,-2.785128254704222,-2.5972860753048446,-0.18784217939937742
71,52,6.0,6.5,351,158,193,-2.682147366387275,-2.5972860753048446,-0.08486129108243023
71,53,6.5,7.0,351,169,182,-2.7603705061556196,-2.5972860753048446,-0.16308443085077506
71,54,7.0,7.5,352,162,190,-2.880137380735367,-2.5972860753048446,-0.2828513054305226
71,55,7.5,8.0,351,326,25,-2.809181529633565,-2.5972860753048446,-0.2118954543287206
71,56,8.0,8.5,351,172,179,-2.794868623178031,-2.5972860753048446,-0.19758254787318652
71,57,8.5,9.0,351,41,310,-2.6466940938800767,-2.5972860753048446,-0.04940801857523214
71,58,9.0,9.5,352,137,215,-2.7024533251526024,-2.5972860753048446,-0.10516724984775783
71,59,9.5,10.0,351,106,245,-3.017483700528234,-2.5972860753048446,-0.42019762522338944
71,60,10.0,10.5,351,0,351,,-2.5972860753048446,
71,61,10.5,11.0,352,192,160,-2.718885699785246,-2.5972860753048446,-0.1215996244804014
71,62,11.0,11.5,351,198,153,-3.0222537103079925,-2.5972860753048446,-0.42496763500314794
71,63,11.5,12.0,351,296,55,-2.7166729374193705,-2.5972860753048446,-0.11938686211452598
71,64,12.0,12.5,351,51,300,-3.1537703332863964,-2.5972860753048446,-0.5564842579815519
71,65,12.5,13.0,352,312,40,-2.560634291912087,-2.5972860753048446,0.036651783392757764
71,66,13.0,13.5,351,98,253,-3.1160373370249053,-2.5972860753048446,-0.5187512617200607
71,67,13.5,14.0,351,56,295,-2.8663435326423636,-2.5972860753048446,-0.26905745733751907
71,68,14.0,14.5,352,294,58,-2.565695803030127,-2.5972860753048446,0.031590272274717446
71,69,14.5,15.0,351,124,227,-2.8628471658432386,-2.5972860753048446,-0.26556109053839405
71,70,15.0,15.5,351,204,147,-2.363438071193255,-2.5972860753048446,0.23384800411158935
71,71,15.5,16.0,351,81,270,-2.9449826952698808,-2.5972860753048446,-0.3476966199650362
71,72,16.0,16.5,352,324,28,-2.4160107549439847,-2.5972860753048446,0.18127532036085992
71,73,16.5,17.0,351,48,303,-2.6675839258580565,-2.5972860753048446,-0.07029785055321192
71,74,17.0,17.5,351,55,296,-2.241892338133621,-2.5972860753048446,0.35539373717122347
71,75,17.5,18.0,352,163,189,-2.074923077166185,-2.5972860753048446,0.5223629981386595
71,76,18.0,18.5,351,237,114,-2.3202796279801565,-2.5972860753048446,0.27700644732468804
71,77,18.5,19.0,351,144,207,-3.0280009694397054,-2.5972860753048446,-0.43071489413486086
71,78,19.0,19.5,351,202,149,-2.1260819447799175,-2.5972860753048446,0.47120413052492705
71,79,19.5,20.0,352,62,290,-3.039623845954754,-2.5972860753048446,-0.4423377706499094
72,0,-20.0,-19.5,351,277,74,-2.595848878969523,-2.6556456606761536,0.0597967817066305
72,1,-19.5,-19.0,351,72,279,-2.6732170151533152,-2.6556456606761536,-0.017571354477161627
72,2,-19.0,-18.5,352,223,129,-2.6572157148982853,-2.6556456606761536,-0.0015700542221317448
72,3,-18.5,-18.0,351,58,293,-2.996751499865409,-2.6556456606761536,-0.3411058391892552
72,4,-18.0,-17.5,351,185,166,-2.5172586203684877,-2.6556456606761536,0.1383870403076659
72,5,-17.5,-17.0,351,0,351,,-2.6556456606761536,
72,6,-17.0,-16.5,352,209,143,-2.310351908998608,-2.6556456606761536,0.3452937516775454
72,7,-16.5,-16.0,351,207,144,-2.9502352430626,-2.6556456606761536,-0.2945895823864464
72,8,-16.0,-15.5,351,204,147,-2.672927149763043,-2.6556456606761536,-0.017281489086889312
72,9,-15.5,-15.0,352,243,109,-2.687334971831004,-2.6556456606761536,-0.03168931115485041
72,10,-15.0,-14.5,351,131,220,-3.04130551429489,-2.6556456606761536,-0.38565985361873656
72,11,-14.5,-14.0,351,178,173,-2.1798253006766104,-2.6556456606761536,0.4758203599995432
72,12,-14.0,-13.5,351,86,265,-2.98663972337639,-2.6556456606761536,-0.33099406270023657
72,13,-13.5,-13.0,352,0,352,,-2.6556456606761536,
72,14,-13.0,-12.5,351,243,108,-2.652136360986004,-2.6556456606761536,0.003509299690149792
72,15,-12.5,-12.0,351,19,332,-3.2212472334258826,-2.6556456606761536,-0.565601572749729
72,16,-12.0,-11.5,352,126,226,-2.2035660028948376,-2.6556456606761536,0.452079657781316
72,17,-11.5,-11.0,351,16,335,-2.6016698668334093,-2.6556456606761536,0.05397579384274431
72,18,-11.0,-10.5,351,235,116,-2.418180462481162,-2.6556456606761536,0.2374651981949918
72,19,-10.5,-10.0,351,114,237,-2.7277873712335103,-2.6556456606761536,-0.07214171055735674
72,20,-10.0,-9.5,352,292,60,-2.781655980679011,-2.6556456606761536,-0.1260103200028575
72,21,-9.5,-9.0,351,49,302,-2.96995744992128,-2.6556456606761536,-0.3143117892451266
72,22,-9.0,-8.5,351,141,210,-2.424163969058159,-2.6556456606761536,0.23148169161799448
72,23,-8.5,-8.0,352,111,241,-2.657598218046457,-2.6556456606761536,-0.0019525573703034205
72,24,-8.0,-7.5,351,167,184,-2.444131322062676,-2.6556456606761536,0.21151433861347746
72,25,-7.5,-7.0,351,252,99,-2.7943040485810546,-2.6556456606761536,-0.13865838790490104
72,26,-7.0,-6.5,351,131,220,-2.9301697979264656,-2.6556456606761536,-0.274524137250312
72,27,-6.5,-6.0,352,244,108,-2.617195544984254,-2.6556456606761536,0.03845011569189971
72,28,-6.0,-5.5,351,121,230,-3.1420950877771863,-2.6556456606761536,-0.48644942710103267
72,29,-5.5,-5.0,351,0,351,,-2.6556456606761536,
72,30,-5.0,-4.5,352,122,230,-2.362565196488247,-2.6556456606761536,0.29308046418790656
72,31,-4.5,-4.0,351,139,212,-2.9995447003668683,-2.6556456606761536,-0.34389903969071467
72,32,-4.0,-3.5,351,244,107,-2.521361345764215,-2.6556456606761536,0.13428431491193882
72,33,-3.5,-3.0,351,182,169,-2.50547882910731,-2.6556456606761536,0.15016683156884358
72,34,-3.0,-2.5,352,115,237,-3.0589797191277426,-2.6556456606761536,-0.403334058451589
72,35,-2.5,-2.0,351,253,98,-2.6556456606761536,-2.6556456606761536,0.0
72,36,-2.0,-1.5,351,147,204,-3.0925883205984777,-2.6556456606761536,-0.43694265992232406
72,37,-1.5,-1.0,352,287,65,-2.4861218339505795,-2.6556456606761536,0.1695238267255741
72,38,-1.0,-0.5,351,0,351,,-2.6556456606761536,
72,39,-0.5,0.0,351,167,184,-2.313779817629369,-2.6556456606761536,0.3418658430467847
72,40,0.0,0.5,351,99,252,-2.849104921328036,-2.6556456606761536,-0.19345926065188257
72,41,0.5,1.0,352,214,138,-2.5715756314370894,-2.6556456606761536,0.08407002923906415
72,42,1.0,1.5,351,102,249,-3.040227632998963,-2.6556456606761536,-0.3845819723228092
72,43,1.5,2.0,351,201,150,-2.5463573673112463,-2.6556456606761536,0.10928829336490731
72,44,2.0,2.5,352,102,250,-2.223432882557401,-2.6556456606761536,0.4322127781187528
72,45,2.5,3.0,351,172,179,-2.9880929480812597,-2.6556456606761536,-0.3324472874051061
72,46,3.0,3.5,351,287,64,-2.8031198447640207,-2.6556456606761536,-0.14747418408786706
72,47,3.5,4.0,351,161,190,-3.142210437784756,-2.6556456606761536,-0.48656477710860235
72,48,4.0,4.5,352,108,244,-2.30168238077021,-2.6556456606761536,0.35396327990594356
72,49,4.5,5.0,351,21,330,-2.8867788065934263,-2.6556456606761536,-0.23113314591727274
72,50,5.0,5.5,351,112,239,-2.3055314260513,-2.6556456606761536,0.3501142346248538
72,51,5.5,6.0,352,201,151,-2.650205120990627,-2.6556456606761536,0.005440539685526602
72,52,6.0,6.5,351,85,266,-2.948197640184358,-2.6556456606761536,-0.29255197950820433
72,53,6.5,7.0,351,172,179,-2.62208367558682,-2.6556456606761536,0.03356198508933339
72,54,7.0,7.5,351,189,162,-2.9880827905115797,-2.6556456606761536,-0.33243712983542606
72,55,7.5,8.0,352,165,187,-2.514050259458338,-2.6556456606761536,0.14159540121781555
72,56,8.0,8.5,351,49,302,-3.0645093253945785,-2.6556456606761536,-0.40886366471842495
72,57,8.5,9.0,351,204,147,-2.65477546614561,-2.6556456606761536,0.0008701945305435999
72,58,9.0,9.5,352,93,259,-2.3988884150177885,-2.6556456606761536,0.2567572456583651
72,59,9.5,10.0,351,127,224,-2.8903686574317105,-2.6556456606761536,-0.23472299675555686
72,60,10.0,10.5,351,118,233,-2.979090460858007,-2.6556456606761536,-0.3234448001818535
72,61,10.5,11.0,351,186,165,-2.6026104689687637,-2.6556456606761536,0.053035191707389906
72,62,11.0,11.5,352,140,212,-2.430903776703829,-2.6556456606761536,0.22474188397232453
72,63,11.5,12.0,351,113,238,-2.8953321891277484,-2.6556456606761536,-0.23968652845159477
72,64,12.0,12.5,351,166,185,-2.310843721444172,-2.6556456606761536,0.34480193923198144
72,65,12.5,13.0,352,165,187,-3.016117221521276,-2.6556456606761536,-0.36047156084512233
72,66,13.0,13.5,351,152,199,-2.180773556046282,-2.6556456606761536,0.4748721046298714
72,67,13.5,14.0,351,77,274,-3.026547500003294,-2.6556456606761536,-0.3709018393271406
72,68,14.0,14.5,351,111,240,-2.5703068618694314,-2.6556456606761536,0.08533879880672224
72,69,14.5,15.0,352,148,204,-2.069322294702329,-2.6556456606761536,0.5863233659738247
72,70,15.0,15.5,351,52,299,-2.9826908316802285,-2.6556456606761536,-0.32704517100407493
72,71,15.5,16.0,351,270,81,-2.575665779300106,-2.6556456606761536,0.0799798813760475
72,72,16.0,16.5,352,265,87,-2.6622923185080594,-2.6556456606761536,-0.006646657831905767
72,73,16.5,17.0,351,150,201,-2.743208417000906,-2.6556456606761536,-0.0875627563247523
72,74,17.0,17.5,351,200,151,-2.459515678775988,-2.6556456606761536,0.19612998190016562
72,75,17.5,18.0,351,17,334,-2.660528633641629,-2.6556456606761536,-0.004882972965475574
72,76,18.0,18.5,352,195,157,-2.512816747674245,-2.6556456606761536,0.14282891300190848
72,77,18.5,19.0,351,48,303,-2.982264919177263,-2.6556456606761536,-0.3266192585011094
72,78,19.0,19.5,351,169,182,-2.283376794625973,-2.6556456606761536,0.3722688660501805
72,79,19.5,20.0,352,42,310,-3.177416977812162,-2.6556456606761536,-0.5217713171360083
73,0,-20.0,-19.5,351,74,277,-3.0755204151220745,-2.7164335112081823,-0.3590869039138922
73,1,-19.5,-19.0,351,217,134,-2.487042135638279,-2.7164335112081823,0.2293913755699033
73,2,-19.0,-18.5,352,72,280,-2.9012824228051057,-2.7164335112081823,-0.1848489115969234
73,3,-18.5,-18.0,351,160,191,-2.451925663268606,-2.7164335112081823,0.2645078479395764
73,4,-18.0,-17.5,351,113,238,-2.80786240517132,-2.7164335112081823,-0.0914288939631378
73,5,-17.5,-17.0,352,294,58,-2.6000089523268644,-2.7164335112081823,0.11642455888131797
73,6,-17.0,-16.5,351,218,133,-2.9429795611624097,-2.7164335112081823,-0.22654604995422734
73,7,-16.5,-16.0,351,231,120,-2.5990447368371377,-2.7164335112081823,0.11738877437104467
73,8,-16.0,-15.5,351,179,172,-2.8301533020978655,-2.7164335112081823,-0.1137197908896832
73,9,-15.5,-15.0,352,182,170,-2.757496674680432,-2.7164335112081823,-0.04106316347224981
73,10,-15.0,-14.5,351,250,101,-2.562431715709765,-2.7164335112081823,0.15400179549841742
73,11,-14.5,-14.0,351,116,235,-2.7500989847586474,-2.7164335112081823,-0.03366547355046512
73,12,-14.0,-13.5,352,223,129,-2.646097951989772,-2.7164335112081823,0.07033555921841028
73,13,-13.5,-13.0,351,113,238,-2.9698072255960692,-2.7164335112081823,-0.2533737143878869
73,14,-13.0,-12.5,351,108,243,-2.3707372594846596,-2.7164335112081823,0.3456962517235227
73,15,-12.5,-12.0,351,224,127,-2.5899394034546397,-2.7164335112081823,0.12649410775354264
73,16,-12.0,-11.5,352,90,262,-2.9625476614251944,-2.7164335112081823,-0.2461141502170121
73,17,-11.5,-11.0,351,184,167,-2.558402225139578,-2.7164335112081823,0.15803128606860417
73,18,-11.0,-10.5,351,90,261,-2.8727660241280746,-2.7164335112081823,-0.15633251291989225
73,19,-10.5,-10.0,352,246,106,-2.612878791615726,-2.7164335112081823,0.10355471959245621
73,20,-10.0,-9.5,351,156,195,-2.935543444542957,-2.7164335112081823,-0.2191099333347748
73,21,-9.5,-9.0,351,104,247,-3.0680683624679457,-2.7164335112081823,-0.35163485125976335
73,22,-9.0,-8.5,351,201,150,-2.4453602687949596,-2.7164335112081823,0.2710732424132227
73,23,-8.5,-8.0,352,75,277,-2.8995720614642235,-2.7164335112081823,-0.1831385502560412
73,24,-8.0,-7.5,351,156,195,-2.3308422224506264,-2.7164335112081823,0.3855912887575559
73,25,-7.5,-7.0,351,53,298,-3.091339809647934,-2.7164335112081823,-0.37490629843975176
73,26,-7.0,-6.5,352,238,114,-2.554068820946706,-2.7164335112081823,0.16236469026147615
73,27,-6.5,-6.0,351,284,67,-2.8513401077935354,-2.7164335112081823,-0.1349065965853531
73,28,-6.0,-5.5,351,145,206,-2.8231336131198677,-2.7164335112081823,-0.10670010191168533
73,29,-5.5,-5.0,351,139,212,-2.8795989021763506,-2.7164335112081823,-0.1631653909681683
73,30,-5.0,-4.5,352,260,92,-2.6917444075099457,-2.7164335112081823,0.024689103698236625
73,31,-4.5,-4.0,351,193,158,-2.741122614906419,-2.7164335112081823,-0.024689103698236625
73,32,-4.0,-3.5,351,212,139,-2.637328084868052,-2.7164335112081823,0.07910542634013051
73,33,-3.5,-3.0,352,205,147,-2.499900700084101,-2.7164335112081823,0.21653281112408118
73,34,-3.0,-2.5,351,36,315,-2.86784032463672,-2.7164335112081823,-0.15140681342853757
73,35,-2.5,-2.0,351,240,111,-2.4965124210807197,-2.7164335112081823,0.21992109012746264
73,36,-2.0,-1.5,351,180,171,-3.0216934842717498,-2.7164335112081823,-0.30525997306356745
73,37,-1.5,-1.0,352,133,219,-2.4530182063066066,-2.7164335112081823,0.2634153049015757
73,38,-1.0,-0.5,351,119,232,-2.691657053316434,-2.7164335112081823,0.024776457891748205
73,39,-0.5,0.0,351,105,246,-3.1846559858091577,-2.7164335112081823,-0.4682224746009753
73,40,0.0,0.5,352,105,247,-2.132780923112264,-2.7164335112081823,0.5836525880959185
73,41,0.5,1.0,351,215,136,-2.614538264706762,-2.7164335112081823,0.10189524650142046
73,42,1.0,1.5,351,110,241,-2.592631972223092,-2.7164335112081823,0.12380153898509016
73,43,1.5,2.0,351,63,288,-2.6769604930788997,-2.7164335112081823,0.03947301812928261
73,44,2.0,2.5,352,265,87,-2.8523328026708317,-2.7164335112081823,-0.13589929146264934
73,45,2.5,3.0,351,160,191,-2.9346343155328323,-2.7164335112081823,-0.21820080432464994
73,46,3.0,3.5,351,136,215,-2.5407455200021767,-2.7164335112081823,0.17568799120600564
73,47,3.5,4.0,352,103,249,-2.3979584507058185,-2.7164335112081823,0.31847506050236385
73,48,4.0,4.5,351,164,187,-3.1005791266362093,-2.7164335112081823,-0.38414561542802694
73,49,4.5,5.0,351,177,174,-2.695259640663286,-2.7164335112081823,0.02117387054489628
73,50,5.0,5.5,351,124,227,-2.880170640459128,-2.7164335112081823,-0.16373712925094575
73,51,5.5,6.0,352,164,188,-2.750556741463093,-2.7164335112081823,-0.03412323025491082
73,52,6.0,6.5,351,52,299,-3.0650427779551412,-2.7164335112081823,-0.3486092667469589
73,53,6.5,7.0,351,219,132,-2.908323728377275,-2.7164335112081823,-0.19189021716909282
73,54,7.0,7.5,352,172,180,-2.8392511418938753,-2.7164335112081823,-0.12281763068569296
73,55,7.5,8.0,351,147,204,-2.805765060055718,-2.7164335112081823,-0.08933154884753547
73,56,8.0,8.5,351,76,275,-2.5497497713396977,-2.7164335112081823,0.16668373986848461
73,57,8.5,9.0,351,205,146,-2.865120503613376,-2.7164335112081823,-0.14868699240519367
73,58,9.0,9.5,352,54,298,-2.925824821586353,-2.7164335112081823,-0.20939131037817083
73,59,9.5,10.0,351,177,174,-2.6000029594327443,-2.7164335112081823,0.11643055177543804
73,60,10.0,10.5,351,87,264,-2.989713250431725,-2.7164335112081823,-0.2732797392235429
73,61,10.5,11.0,352,248,104,-2.771954032738522,-2.7164335112081823,-0.05552052153033982
73,62,11.0,11.5,351,103,248,-2.9187587587336226,-2.7164335112081823,-0.20232524752544023
73,63,11.5,12.0,351,188,163,-2.749117937545293,-2.7164335112081823,-0.03268442633711066
73,64,12.0,12.5,351,229,122,-2.674926081333396,-2.7164335112081823,0.04150742987478617
73,65,12.5,13.0,352,67,285,-2.983664882809175,-2.7164335112081823,-0.26723137160099286
73,66,13.0,13.5,351,145,206,-2.397131442874944,-2.7164335112081823,0.31930206833323815
73,67,13.5,14.0,351,172,179,-2.742010636771659,-2.7164335112081823,-0.025577125563476688
73,68,14.0,14.5,352,172,180,-2.6646901898478257,-2.7164335112081823,0.05174332136035664
73,69,14.5,15.0,351,203,148,-2.6351228435971814,-2.7164335112081823,0.08131066761100092
73,70,15.0,15.5,351,46,305,-3.113307850392869,-2.7164335112081823,-0.3968743391846865
73,71,15.5,16.0,351,121,230,-2.7122496011580397,-2.7164335112081823,0.004183910050142625
73,72,16.0,16.5,352,161,191,-2.396070988160112,-2.7164335112081823,0.32036252304807045
73,73,16.5,17.0,351,91,260,-2.5028647961706443,-2.7164335112081823,0.21356871503753805
73,74,17.0,17.5,351,96,255,-3.034592897064348,-2.7164335112081823,-0.31815938585616577
73,75,17.5,18.0,352,52,300,-2.3102258299731515,-2.7164335112081823,0.4062076812350308
73,76,18.0,18.5,351,75,276,-2.4084682825288586,-2.7164335112081823,0.30796522867932374
73,77,18.5,19.0,351,166,185,-2.6084250361907753,-2.7164335112081823,0.10800847501740707
73,78,19.0,19.5,351,195,156,-2.8228336561321377,-2.7164335112081823,-0.10640014492395533
73,79,19.5,20.0,352,176,176,-2.5034107222813446,-2.7164335112081823,0.21302278892683768
74,0,-20.0,-19.5,351,93,258,-3.046514256442328,-2.7659754545929984,-0.28053880184932956
74,1,-19.5,-19.0,351,121,230,-3.0431968650896484,-2.7659754545929984,-0.27722141049664994
74,2,-19.0,-18.5,352,212,140,-3.0200628685925746,-2.7659754545929984,-0.25408741399957613
74,3,-18.5,-18.0,351,229,122,-2.575884288259144,-2.7659754545929984,0.19009116633385448
74,4,-18.0,-17.5,351,72,279,-2.2446222491536623,-2.7659754545929984,0.5213532054393362
74,5,-17.5,-17.0,351,115,236,-2.717458149028999,-2.7659754545929984,0.04851730556399936
74,6,-17.0,-16.5,352,234,118,-2.4613763157180815,-2.7659754545929984,0.30459913887491696
74,7,-16.5,-16.0,351,213,138,-2.8294412774571254,-2.7659754545929984,-0.06346582286412694
74,8,-16.0,-15.5,351,183,168,-2.3039464245424424,-2.7659754545929984,0.46202903005055607
74,9,-15.5,-15.0,352,286,66,-3.1217875879502364,-2.7659754545929984,-0.35581213335723794
74,10,-15.0,-14.5,351,329,22,-2.5490038399543815,-2.7659754545929984,0.21697161463861692
74,11,-14.5,-14.0,351,152,199,-2.9401837184075488,-2.7659754545929984,-0.17420826381455035
74,12,-14.0,-13.5,351,165,186,-2.776938879966543,-2.7659754545929984,-0.010963425373544666
74,13,-13.5,-13.0,352,238,114,-2.486985564567921,-2.7659754545929984,0.27898989002507735
74,14,-13.0,-12.5,351,183,168,-2.818481770054286,-2.7659754545929984,-0.05250631546128748
74,15,-12.5,-12.0,351,311,40,-2.64872641955054,-2.7659754545929984,0.11724903504245843
74,16,-12.0,-11.5,352,169,183,-2.9924740085828567,-2.7659754545929984,-0.2264985539898583
74,17,-11.5,-11.0,351,102,249,-2.7715995883209876,-2.7659754545929984,-0.0056241337279892
74,18,-11.0,-10.5,351,302,49,-2.65388374016078,-2.7659754545929984,0.11209171443221821
74,19,-10.5,-10.0,351,60,291,-2.7553547496836033,-2.7659754545929984,0.010620704909395151
74,20,-10.0,-9.5,352,165,187,-2.1206271031599457,-2.7659754545929984,0.6453483514330527
74,21,-9.5,-9.0,351,18,333,-3.0905254154022206,-2.7659754545929984,-0.32454996080922216
74,22,-9.0,-8.5,351,42,309,-3.0806454180973164,-2.7659754545929984,-0.314669963504318
74,23,-8.5,-8.0,352,101,251,-2.7603513208650092,-2.7659754545929984,0.0056241337279892
74,24,-8.0,-7.5,351,258,93,-2.486113379216301,-2.7659754545929984,0.2798620753766974
74,25,-7.5,-7.0,351,278,73,-2.4256553014653086,-2.7659754545929984,0.3403201531276898
74,26,-7.0,-6.5,351,75,276,-2.904106538667459,-2.7659754545929984,-0.13813108407446073
74,27,-6.5,-6.0,352,154,198,-2.9716053866504715,-2.7659754545929984,-0.20562993205747304
74,28,-6.0,-5.5,351,239,112,-2.6061557732072775,-2.7659754545929984,0.1598196813857209
74,29,-5.5,-5.0,351,141,210,-2.824255032092633,-2.7659754545929984,-0.05827957749963453
74,30,-5.0,-4.5,352,181,171,-2.8255263500103163,-2.7659754545929984,-0.05955089541731784
74,31,-4.5,-4.0,351,262,89,-2.6734477035647837,-2.7659754545929984,0.09252775102821476
74,32,-4.0,-3.5,351,66,285,-2.800345350639045,-2.7659754545929984,-0.034369896046046566
74,33,-3.5,-3.0,351,166,185,-2.4455466961357484,-2.7659754545929984,0.32042875845725005
74,34,-3.0,-2.5,352,159,193,-2.707849431918914,-2.7659754545929984,0.05812602267408451
74,35,-2.5,-2.0,351,111,240,-2.1487089339705463,-2.7659754545929984,0.6172665206224521
74,36,-2.0,-1.5,351,153,198,-2.924581435036373,-2.7659754545929984,-0.1586059804433746
74,37,-1.5,-1.0,352,246,106,-2.9351898451168363,-2.7659754545929984,-0.1692143905238379
74,38,-1.0,-0.5,351,164,187,-3.0025106741392547,-2.7659754545929984,-0.23653521954625623
74,39,-0.5,0.0,351,242,109,-2.491588516667309,-2.7659754545929984,0.27438693792568936
74,40,0.0,0.5,351,137,214,-2.841234668976527,-2.7659754545929984,-0.07525921438352867
74,41,0.5,1.0,352,161,191,-2.2662432120297424,-2.7659754545929984,0.499732242563256
74,42,1.0,1.5,351,80,271,-2.900520308439508,-2.7659754545929984,-0.1345448538465095
74,43,1.5,2.0,351,295,56,-2.6854022218980815,-2.7659754545929984,0.0805732326949169
74,44,2.0,2.5,352,61,291,-3.0627776346378988,-2.7659754545929984,-0.29680218004490033
74,45,2.5,3.0,351,138,213,-2.2684533237274147,-2.7659754545929984,0.4975221308655837
74,46,3.0,3.5,351,64,287,-2.863611889150308,-2.7659754545929984,-0.09763643455730975
74,47,3.5,4.0,351,47,304,-2.8557620440326206,-2.7659754545929984,-0.08978658943962214
74,48,4.0,4.5,352,46,306,-3.239801177406378,-2.7659754545929984,-0.47382572281337954
74,49,4.5,5.0,351,195,156,-2.9374779287485873,-2.7659754545929984,-0.17150247415558884
74,50,5.0,5.5,351,93,258,-2.992781323120661,-2.7659754545929984,-0.22680586852766238
74,51,5.5,6.0,352,319,33,-3.053580371841486,-2.7659754545929984,-0.28760491724848736
74,52,6.0,6.5,351,144,207,-2.8871690280342697,-2.7659754545929984,-0.12119357344127124
74,53,6.5,7.0,351,212,139,-3.075921260665524,-2.7659754545929984,-0.30994580607252553
74,54,7.0,7.5,351,228,123,-3.0138101308232996,-2.7659754545929984,-0.2478346762303012
74,55,7.5,8.0,352,194,158,-3.028633882197922,-2.7659754545929984,-0.26265842760492353
74,56,8.0,8.5,351,104,247,-2.8409572580350595,-2.7659754545929984,-0.07498180344206107
74,57,8.5,9.0,351,155,196,-3.088660101749316,-2.7659754545929984,-0.3226846471563176
74,58,9.0,9.5,352,162,190,-2.9814112111653235,-2.7659754545929984,-0.21543575657232505
74,59,9.5,10.0,351,66,285,-2.591787162200514,-2.7659754545929984,0.17418829239248446
74,60,10.0,10.5,351,0,351,,-2.7659754545929984,
74,61,10.5,11.0,351,0,351,,-2.7659754545929984,
74,62,11.0,11.5,352,196,156,-2.8764024165719864,-2.7659754545929984,-0.11042696197898794
74,63,11.5,12.0,351,53,298,-2.7206368263912384,-2.7659754545929984,0.045338628201760045
74,64,12.0,12.5,351,0,351,,-2.7659754545929984,
74,65,12.5,13.0,352,151,201,-3.003359692824471,-2.7659754545929984,-0.23738423823147237
74,66,13.0,13.5,351,157,194,-3.0044803269977485,-2.7659754545929984,-0.23850487240475005
74,67,13.5,14.0,351,168,183,-2.9952041859754024,-2.7659754545929984,-0.22922873138240396
74,68,14.0,14.5,351,156,195,-2.578257017540086,-2.7659754545929984,0.18771843705291236
74,69,14.5,15.0,352,207,145,-2.8093645499064603,-2.7659754545929984,-0.04338909531346191
74,70,15.0,15.5,351,268,83,-2.5285393101862597,-2.7659754545929984,0.23743614440673877
74,71,15.5,16.0,351,321,30,-2.7053503593776704,-2.7659754545929984,0.060625095215327995
74,72,16.0,16.5,352,219,133,-2.3802776647398396,-2.7659754545929984,0.38569778985315883
74,73,16.5,17.0,351,240,111,-2.963540919098043,-2.7659754545929984,-0.19756546450504464
74,74,17.0,17.5,351,287,64,-2.3253493561807352,-2.7659754545929984,0.4406260984122632
74,75,17.5,18.0,351,139,212,-2.828067322614836,-2.7659754545929984,-0.06209186802183764
74,76,18.0,18.5,352,176,176,-2.3228053213166384,-2.7659754545929984,0.44317013327636
74,77,18.5,19.0,351,218,133,-2.7984560483522856,-2.7659754545929984,-0.032480593759287135
74,78,19.0,19.5,351,46,305,-2.9824804898545967,-2.7659754545929984,-0.21650503526159826
74,79,19.5,20.0,352,182,170,-2.4972589411379036,-2.7659754545929984,0.26871651345509484
75,0,-20.0,-19.5,351,303,48,-2.635810983584123,-2.7399351604152393,0.10412417683111652
75,1,-19.5,-19.0,352,48,304,-2.8855708278060246,-2.7399351604152393,-0.14563566739078526
75,2,-19.0,-18.5,351,152,199,-2.8656217624152602,-2.7399351604152393,-0.1256866020000209
75,3,-18.5,-18.0,351,227,124,-2.6321696252814952,-2.7399351604152393,0.1077655351337441
75,4,-18.0,-17.5,351,117,234,-2.8346564141939,-2.7399351604152393,-0.09472125377866059
75,5,-17.5,-17.0,352,270,82,-2.477252297972396,-2.7399351604152393,0.2626828624428432
75,6,-17.0,-16.5,351,47,304,-3.1791304210983884,-2.7399351604152393,-0.43919526068314907
75,7,-16.5,-16.0,351,139,212,-2.4145494429103,-2.7399351604152393,0.3253857175049393
75,8,-16.0,-15.5,352,55,297,-2.6773172279635453,-2.7399351604152393,0.062617932451694
75,9,-15.5,-15.0,351,234,117,-2.538659002447612,-2.7399351604152393,0.20127615796762743
75,10,-15.0,-14.5,351,58,293,-3.384110774846937,-2.7399351604152393,-0.6441756144316977
75,11,-14.5,-14.0,351,234,117,-2.4470264949900287,-2.7399351604152393,0.29290866542521066
75,12,-14.0,-13.5,352,80,272,-2.9982748936835435,-2.7399351604152393,-0.2583397332683042
75,13,-13.5,-13.0,351,61,290,-2.827415771608358,-2.7399351604152393,-0.08748061119311856
75,14,-13.0,-12.5,351,172,179,-2.3406893724217834,-2.7399351604152393,0.3992457879934559
75,15,-12.5,-12.0,352,107,245,-2.251979383813049,-2.7399351604152393,0.48795577660219047
75,16,-12.0,-11.5,351,291,60,-2.5937584664088043,-2.7399351604152393,0.14617669400643507
75,17,-11.5,-11.0,351,253,98,-2.9713046438698174,-2.7399351604152393,-0.23136948345457808
75,18,-11.0,-10.5,351,265,86,-2.583000852298215,-2.7399351604152393,0.15693430811702447
75,19,-10.5,-10.0,352,283,69,-2.965560017565637,-2.7399351604152393,-0.2256248571503976
75,20,-10.0,-9.5,351,165,186,-2.346686748043384,-2.7399351604152393,0.39324841237185515
75,21,-9.5,-9.0,351,246,105,-2.906134596097786,-2.7399351604152393,-0.1661994356825467
75,22,-9.0,-8.5,352,223,129,-2.551255083133929,-2.7399351604152393,0.18868007728131042
75,23,-8.5,-8.0,351,56,295,-2.9945577562963823,-2.7399351604152393,-0.254622595881143
75,24,-8.0,-7.5,351,199,152,-2.1156586311704046,-2.7399351604152393,0.6242765292448347
75,25,-7.5,-7.0,351,206,145,-3.1453373295987794,-2.7399351604152393,-0.4054021691835401
75,26,-7.0,-6.5,352,59,293,-3.040584624864359,-2.7399351604152393,-0.30064946444911955
75,27,-6.5,-6.0,351,191,160,-2.314359773624332,-2.7399351604152393,0.4255753867909071
75,28,-6.0,-5.5,351,134,217,-2.949713157859173,-2.7399351604152393,-0.20977799744393355
75,29,-5.5,-5.0,352,200,152,-2.5020283911572925,-2.7399351604152393,0.23790676925794685
75,30,-5.0,-4.5,351,112,239,-2.7399351604152393,-2.7399351604152393,0.0
75,31,-4.5,-4.0,351,157,194,-2.117367252048511,-2.7399351604152393,0.6225679083667282
75,32,-4.0,-3.5,351,166,185,-2.8405308372560265,-2.7399351604152393,-0.10059567684078718
75,33,-3.5,-3.0,352,179,173,-2.349434124006013,-2.7399351604152393,0.3905010364092263
75,34,-3.0,-2.5,351,284,67,-3.013898102688455,-2.7399351604152393,-0.2739629422732155
75,35,-2.5,-2.0,351,134,217,-3.0112755125364687,-2.7399351604152393,-0.2713403521212294
75,36,-2.0,-1.5,352,227,125,-2.5119869573834723,-2.7399351604152393,0.227948203031767
75,37,-1.5,-1.0,351,96,255,-2.7608732761535193,-2.7399351604152393,-0.020938115738279972
75,38,-1.0,-0.5,351,0,351,,-2.7399351604152393,
75,39,-0.5,0.0,351,122,229,-2.7307023925116694,-2.7399351604152393,0.009232767903569972
75,40,0.0,0.5,352,199,153,-2.5916579119574465,-2.7399351604152393,0.14827724845779278
75,41,0.5,1.0,351,249,102,-2.548935418427738,-2.7399351604152393,0.19099974198750136
75,42,1.0,1.5,351,177,174,-2.9222415916368796,-2.7399351604152393,-0.18230643122164025
75,43,1.5,2.0,352,201,151,-2.605830354983549,-2.7399351604152393,0.13410480543169045
75,44,2.0,2.5,351,0,351,,-2.7399351604152393,
75,45,2.5,3.0,351,182,169,-2.5193149426387165,-2.7399351604152393,0.22062021777652285
75,46,3.0,3.5,351,94,257,-3.0265959949337082,-2.7399351604152393,-0.2866608345184689
75,47,3.5,4.0,352,159,193,-2.3967003023620372,-2.7399351604152393,0.3432348580532021
75,48,4.0,4.5,351,251,100,-2.9971522881444144,-2.7399351604152393,-0.25721712772917504
75,49,4.5,5.0,351,213,138,-2.981710028499702,-2.7399351604152393,-0.24177486808446247
75,50,5.0,5.5,352,248,104,-2.6012176990862983,-2.7399351604152393,0.13871746132894103
75,51,5.5,6.0,351,76,275,-2.818184207804518,-2.7399351604152393,-0.07824904738927874
75,52,6.0,6.5,351,114,237,-2.2361172312830195,-2.7399351604152393,0.5038179291322198
75,53,6.5,7.0,351,72,279,-3.205150913342485,-2.7399351604152393,-0.4652157529272456
75,54,7.0,7.5,352,193,159,-2.606484491577898,-2.7399351604152393,0.13345066883734136
75,55,7.5,8.0,351,113,238,-2.8396155296226686,-2.7399351604152393,-0.09968036920742929
75,56,8.0,8.5,351,218,133,-2.740866256343766,-2.7399351604152393,-0.0009310959285264708
75,57,8.5,9.0,352,138,214,-2.849686772432376,-2.7399351604152393,-0.10975161201713668
75,58,9.0,9.5,351,0,351,,-2.7399351604152393,
75,59,9.5,10.0,351,153,198,-2.9770550177392225,-2.7399351604152393,-0.23711985732398322
75,60,10.0,10.5,351,247,104,-2.8595696115822165,-2.7399351604152393,-0.11963445116697713
75,61,10.5,11.0,352,80,272,-2.9681798036435043,-2.7399351604152393,-0.228244643228265
75,62,11.0,11.5,351,140,211,-2.2911150880796773,-2.7399351604152393,0.448820072335562
75,63,11.5,12.0,351,125,226,-2.903542285206319,-2.7399351604152393,-0.16360712479107953
75,64,12.0,12.5,352,271,81,-2.625512387104359,-2.7399351604152393,0.11442277331088047
75,65,12.5,13.0,351,126,225,-2.693408544200272,-2.7399351604152393,0.04652661621496712
75,66,13.0,13.5,351,152,199,-2.5167099443294223,-2.7399351604152393,0.22322521608581702
75,67,13.5,14.0,351,126,225,-3.1114598917152367,-2.7399351604152393,-0.3715247312999974
75,68,14.0,14.5,352,147,205,-2.1677282728701623,-2.7399351604152393,0.572206887545077
75,69,14.5,15.0,351,183,168,-2.965436787886064,-2.7399351604152393,-0.22550162747082458
75,70,15.0,15.5,351,110,241,-2.987020514921702,-2.7399351604152393,-0.24708535450646263
75,71,15.5,16.0,352,226,126,-2.376230435854587,-2.7399351604152393,0.36370472456065217
75,72,16.0,16.5,351,49,302,-3.3135845144053926,-2.7399351604152393,-0.5736493539901533
75,73,16.5,17.0,351,97,254,-2.400280180987383,-2.7399351604152393,0.3396549794278565
75,74,17.0,17.5,351,207,144,-2.368095671378235,-2.7399351604152393,0.37183948903700426
75,75,17.5,18.0,352,118,234,-2.8402074687014407,-2.7399351604152393,-0.10027230828620137
75,76,18.0,18.5,351,291,60,-2.600993949991183,-2.7399351604152393,0.13894121042405638
75,77,18.5,19.0,351,42,309,-3.047964987782203,-2.7399351604152393,-0.3080298273669637
75,78,19.0,19.5,352,238,114,-2.5333188772411255,-2.7399351604152393,0.20661628317411385
75,79,19.5,20.0,351,242,109,-2.7772096303321767,-2.7399351604152393,-0.03727446991693739
76,0,-20.0,-19.5,351,117,234,-2.9584023583486867,-2.8305181015082073,-0.12788425684047944
76,1,-19.5,-19.0,352,175,177,-2.3701286162047555,-2.8305181015082073,0.4603894853034518
76,2,-19.0,-18.5,351,92,259,-2.9277865313405735,-2.8305181015082073,-0.09726842983236628
76,3,-18.5,-18.0,351,293,58,-2.5422356104805894,-2.8305181015082073,0.2882824910276178
76,4,-18.0,-17.5,352,76,276,-3.199777595517944,-2.8305181015082073,-0.3692594940097367
76,5,-17.5,-17.0,351,308,43,-2.564082764936122,-2.8305181015082073,0.2664353365720853
76,6,-17.0,-16.5,351,214,137,-2.9856979000748303,-2.8305181015082073,-0.155179798566623
76,7,-16.5,-16.0,351,237,114,-3.0336660927015204,-2.8305181015082073,-0.20314799119331317
76,8,-16.0,-15.5,352,232,120,-2.70707619460245,-2.8305181015082073,0.12344190690575729
76,9,-15.5,-15.0,351,195,156,-2.5749189480015993,-2.8305181015082073,0.255599153506608
76,10,-15.0,-14.5,351,222,129,-2.828534048981488,-2.8305181015082073,0.001984052526719182
76,11,-14.5,-14.0,352,213,139,-2.7543692434476026,-2.8305181015082073,0.07614885806060467
76,12,-14.0,-13.5,351,52,299,-3.2206425090937474,-2.8305181015082073,-0.3901244075855401
76,13,-13.5,-13.0,351,154,197,-3.161788709067553,-2.8305181015082073,-0.3312706075593459
76,14,-13.0,-12.5,351,182,169,-2.791869300705571,-2.8305181015082073,0.03864880080263644
76,15,-12.5,-12.0,352,257,95,-2.6103401778058495,-2.8305181015082073,0.22017792370235778
76,16,-12.0,-11.5,351,188,163,-2.8518993986198566,-2.8305181015082073,-0.021381297111649378
76,17,-11.5,-11.0,351,177,174,-2.354457363187075,-2.8305181015082073,0.47606073832113216
76,18,-11.0,-10.5,352,258,94,-2.8357296011263573,-2.8305181015082073,-0.0052114996181500395
76,19,-10.5,-10.0,351,213,138,-2.8471546610242044,-2.8305181015082073,-0.016636559515997185
76,20,-10.0,-9.5,351,148,203,-2.484984912803392,-2.8305181015082073,0.3455331887048154
76,21,-9.5,-9.0,351,196,155,-2.874163736653616,-2.8305181015082073,-0.04364563514540887
76,22,-9.0,-8.5,352,135,217,-2.432016641736896,-2.8305181015082073,0.39850145977131124
76,23,-8.5,-8.0,351,159,192,-2.917581969265895,-2.8305181015082073,-0.0870638677576876
76,24,-8.0,-7.5,351,170,181,-2.963518742548285,-2.8305181015082073,-0.13300064104007792
76,25,-7.5,-7.0,352,170,182,-2.9163489378684035,-2.8305181015082073,-0.08583083636019628
76,26,-7.0,-6.5,351,55,296,-2.962771457678814,-2.8305181015082073,-0.13225335617060674
76,27,-6.5,-6.0,351,201,150,-2.414776010520614,-2.8305181015082073,0.4157420909875933
76,28,-6.0,-5.5,351,47,304,-2.865675192607964,-2.8305181015082073,-0.035157091099756954
76,29,-5.5,-5.0,352,132,220,-2.194580405592397,-2.8305181015082073,0.6359376959158101
76,30,-5.0,-4.5,351,134,217,-2.5117502329766763,-2.8305181015082073,0.31876786853153094
76,31,-4.5,-4.0,351,225,126,-2.8325021540349264,-2.8305181015082073,-0.001984052526719182
76,32,-4.0,-3.5,352,137,215,-2.289671321153552,-2.8305181015082073,0.5408467803546553
76,33,-3.5,-3.0,351,239,112,-3.020965778416821,-2.8305181015082073,-0.19044767690861386
76,34,-3.0,-2.5,351,121,230,-2.837495332055155,-2.8305181015082073,-0.006977230546947766
76,35,-2.5,-2.0,351,150,201,-2.2827253277213284,-2.8305181015082073,0.5477927737868789
76,36,-2.0,-1.5,352,148,204,-2.919350755619097,-2.8305181015082073,-0.08883265411088992
76,37,-1.5,-1.0,351,191,160,-2.4103125433420503,-2.8305181015082073,0.420205558166157
76,38,-1.0,-0.5,351,257,94,-2.7351160795958323,-2.8305181015082073,0.09540202191237501
76,39,-0.5,0.0,352,116,236,-2.674333081694692,-2.8305181015082073,0.15618501981351507
76,40,0.0,0.5,351,202,149,-2.659313615710462,-2.8305181015082073,0.17120448579774505
76,41,0.5,1.0,351,156,195,-2.663540244162423,-2.8305181015082073,0.1669778573457843
76,42,1.0,1.5,351,261,90,-2.6528557395085444,-2.8305181015082073,0.1776623619996629
76,43,1.5,2.0,352,217,135,-2.6931044073349666,-2.8305181015082073,0.13741369417324067
76,44,2.0,2.5,351,125,226,-3.045842752988782,-2.8305181015082073,-0.21532465148057467
76,45,2.5,3.0,351,167,184,-2.586789012789076,-2.8305181015082073,0.24372908871913124
76,46,3.0,3.5,352,78,274,-3.0791980715382166,-2.8305181015082073,-0.2486799700300093
76,47,3.5,4.0,351,182,169,-2.6595828688634766,-2.8305181015082073,0.17093523264473065
76,48,4.0,4.5,351,253,98,-3.0088755844107675,-2.8305181015082073,-0.17835748290256026
76,49,4.5,5.0,351,134,217,-2.2994282957982612,-2.8305181015082073,0.531089805709946
76,50,5.0,5.5,352,184,168,-2.7627586937604267,-2.8305181015082073,0.06775940774778055
76,51,5.5,6.0,351,0,351,,-2.8305181015082073,
76,52,6.0,6.5,351,244,107,-2.7060583071531434,-2.8305181015082073,0.12445979435506382
76,53,6.5,7.0,352,151,201,-2.947492455400264,-2.8305181015082073,-0.1169743538920569
76,54,7.0,7.5,351,209,142,-2.68145393465257,-2.8305181015082073,0.1490641668556374
76,55,7.5,8.0,351,117,234,-2.609677284744899,-2.8305181015082073,0.22084081676330847
76,56,8.0,8.5,351,207,144,-2.87271125779006,-2.8305181015082073,-0.04219315628185294
76,57,8.5,9.0,352,17,335,-2.8888751385267897,-2.8305181015082073,-0.058357037018582414
76,58,9.0,9.5,351,137,214,-2.422923204789591,-2.8305181015082073,0.40759489671861626
76,59,9.5,10.0,351,135,216,-2.8090640788959007,-2.8305181015082073,0.021454022612306556
76,60,10.0,10.5,352,111,241,-3.0080345873105365,-2.8305181015082073,-0.17751648580232926
76,61,10.5,11.0,351,60,291,-2.384966256596818,-2.8305181015082073,0.4455518449113893
76,62,11.0,11.5,351,163,188,-2.6570332156538594,-2.8305181015082073,0.17348488585434785
76,63,11.5,12.0,351,133,218,-2.734269787178611,-2.8305181015082073,0.09624831432959624
76,64,12.0,12.5,352,276,76,-2.4870028032659164,-2.8305181015082073,0.3435152982422909
76,65,12.5,13.0,351,82,269,-2.9276097500417086,-2.8305181015082073,-0.09709164853350138
76,66,13.0,13.5,351,117,234,-2.3474467353167974,-2.8305181015082073,0.4830713661914099
76,67,13.5,14.0,352,108,244,-2.909845523658775,-2.8305181015082073,-0.07932742215056754
76,68,14.0,14.5,351,209,142,-2.553324484396832,-2.8305181015082073,0.27719361711137536
76,69,14.5,15.0,351,255,96,-2.7942388159753055,-2.8305181015082073,0.03627928553290172
76,70,15.0,15.5,351,176,175,-2.3585255815006487,-2.8305181015082073,0.47199252000755854
76,71,15.5,16.0,352,182,170,-2.9300974066779473,-2.8305181015082073,-0.09957930516974
76,72,16.0,16.5,351,188,163,-3.0106802820075704,-2.8305181015082073,-0.18016218049936317
76,73,16.5,17.0,351,222,129,-2.5534248853537944,-2.8305181015082073,0.27709321615441285
76,74,17.0,17.5,352,134,218,-2.8629376439987806,-2.8305181015082073,-0.03241954249057333
76,75,17.5,18.0,351,243,108,-2.4158709843001125,-2.8305181015082073,0.4146471172080948
76,76,18.0,18.5,351,250,101,-2.810617936122343,-2.8305181015082073,0.019900165385864366
76,77,18.5,19.0,351,208,143,-2.3707275554462006,-2.8305181015082073,0.45979054606200664
76,78,19.0,19.5,352,97,255,-3.0910185008534388,-2.8305181015082073,-0.2605003993452315
76,79,19.5,20.0,351,121,230,-2.2382648779567336,-2.8305181015082073,0.5922532235514737
77,0,-20.0,-19.5,351,123,228,-2.6786828355606302,-2.761231459600809,0.08254862404017871
77,1,-19.5,-19.0,351,235,116,-2.926428641458693,-2.761231459600809,-0.1651971818578839
77,2,-19.0,-18.5,351,176,175,-2.412007043344812,-2.761231459600809,0.34922441625599676
77,3,-18.5,-18.0,352,123,229,-2.939842882409129,-2.761231459600809,-0.17861142280832
77,4,-18.0,-17.5,351,253,98,-2.635904774212234,-2.761231459600809,0.12532668538857505
77,5,-17.5,-17.0,351,326,25,-2.6563265282309207,-2.761231459600809,0.10490493136988821
77,6,-17.0,-16.5,352,89,263,-2.9711349817001897,-2.761231459600809,-0.2099035220993808
77,7,-16.5,-16.0,351,40,311,-2.9823999213633847,-2.761231459600809,-0.22116846176257576
77,8,-16.0,-15.5,351,185,166,-2.4907708870790843,-2.761231459600809,0.2704605725217246
77,9,-15.5,-15.0,351,137,214,-2.4789050354211537,-2.761231459600809,0.28232642417965526
77,10,-15.0,-14.5,352,246,106,-2.987204349619682,-2.761231459600809,-0.22597289001887289
77,11,-14.5,-14.0,351,223,128,-2.5004257736555364,-2.761231459600809,0.26080568594527254
77,12,-14.0,-13.5,351,46,305,-2.9424434662639243,-2.761231459600809,-0.18121200666311532
77,13,-13.5,-13.0,352,182,170,-2.640066513078313,-2.761231459600809,0.12116494652249576
77,14,-13.0,-12.5,351,282,69,-2.9556154515823514,-2.761231459600809,-0.19438399198154244
77,15,-12.5,-12.0,351,249,102,-2.861640901873557,-2.761231459600809,-0.10040944227274817
77,16,-12.0,-11.5,351,205,146,-2.681509689546682,-2.761231459600809,0.07972177005412684
77,17,-11.5,-11.0,352,231,121,-3.049692532996158,-2.761231459600809,-0.2884610733953492
77,18,-11.0,-10.5,351,195,156,-2.695884064882609,-2.761231459600809,0.06534739471819995
77,19,-10.5,-10.0,351,131,220,-2.4211617128885212,-2.761231459600809,0.34006974671228773
77,20,-10.0,-9.5,352,86,266,-2.938237289958491,-2.761231459600809,-0.17700583035768203
77,21,-9.5,-9.0,351,179,172,-2.9171817866662826,-2.761231459600809,-0.15595032706547363
77,22,-9.0,-8.5,351,164,187,-2.551664727155017,-2.761231459600809,0.20956673244579216
77,23,-8.5,-8.0,351,159,192,-2.9603258708975533,-2.761231459600809,-0.19909441129674432
77,24,-8.0,-7.5,352,139,213,-2.96983508885369,-2.761231459600809,-0.208603629252881
77,25,-7.5,-7.0,351,177,174,-2.6936026431110593,-2.761231459600809,0.06762881648974961
77,26,-7.0,-6.5,351,231,120,-3.060676320365895,-2.761231459600809,-0.29944486076508614
77,27,-6.5,-6.0,352,168,184,-2.5672178403869994,-2.761231459600809,0.19401361921380955
77,28,-6.0,-5.5,351,114,237,-2.761231459600809,-2.761231459600809,0.0
77,29,-5.5,-5.0,351,203,148,-2.6127825522198815,-2.761231459600809,0.14844890738092742
77,30,-5.0,-4.5,351,186,165,-2.9411106710085946,-2.761231459600809,-0.17987921140778562
77,31,-4.5,-4.0,352,61,291,-2.8552399913309845,-2.761231459600809,-0.09400853173017554
77,32,-4.0,-3.5,351,180,171,-2.51503490595334,-2.761231459600809,0.24619655364746906
77,33,-3.5,-3.0,351,269,82,-2.947960472945243,-2.761231459600809,-0.18672901334443415
77,34,-3.0,-2.5,352,244,108,-2.7408294050897037,-2.761231459600809,0.020402054511105217
77,35,-2.5,-2.0,351,216,135,-2.862220740977498,-2.761231459600809,-0.10098928137668883
77,36,-2.0,-1.5,351,218,133,-2.4557625998780725,-2.761231459600809,0.3054688597227364
77,37,-1.5,-1.0,351,0,351,,-2.761231459600809,
77,38,-1.0,-0.5,352,192,160,-2.556722188845744,-2.761231459600809,0.20450927075506486
77,39,-0.5,0.0,351,197,154,-2.6507190551647724,-2.761231459600809,0.1105124044360366
77,40,0.0,0.5,351,231,120,-2.921977074849926,-2.761231459600809,-0.1607456152491169
77,41,0.5,1.0,352,136,216,-2.5034705358928475,-2.761231459600809,0.25776092370796144
77,42,1.0,1.5,351,145,206,-2.9373267392844786,-2.761231459600809,-0.17609527968366967
77,43,1.5,2.0,351,264,87,-2.558516674651905,-2.761231459600809,0.20271478494890394
77,44,2.0,2.5,351,73,278,-3.0723176720475225,-2.761231459600809,-0.31108621244671353
77,45,2.5,3.0,352,175,177,-3.1642665042560445,-2.761231459600809,-0.40303504465523554
77,46,3.0,3.5,351,115,236,-2.1913017272681294,-2.761231459600809,0.5699297323326795
77,47,3.5,4.0,351,94,257,-2.9957211184742745,-2.761231459600809,-0.2344896588734655
77,48,4.0,4.5,352,77,275,-2.9990336860196334,-2.761231459600809,-0.23780222641882443
77,49,4.5,5.0,351,161,190,-2.4750933975967393,-2.761231459600809,0.28613806200406966
77,50,5.0,5.5,351,152,199,-3.016545395786011,-2.761231459600809,-0.25531393618520193
77,51,5.5,6.0,351,299,52,-2.8565811384173063,-2.761231459600809,-0.09534967881649736
77,52,6.0,6.5,352,122,230,-2.4181980435139647,-2.761231459600809,0.34303341608684423
77,53,6.5,7.0,351,157,194,-3.06758964033207,-2.761231459600809,-0.306358180731261
77,54,7.0,7.5,351,227,124,-2.592445578167354,-2.761231459600809,0.16878588143345485
77,55,7.5,8.0,352,93,259,-3.2742726095760237,-2.761231459600809,-0.5130411499752148
77,56,8.0,8.5,351,194,157,-2.5446427910343536,-2.761231459600809,0.2165886685664553
77,57,8.5,9.0,351,197,154,-2.842535040077979,-2.761231459600809,-0.08130358047717001
77,58,9.0,9.5,351,237,114,-2.648975415084598,-2.761231459600809,0.11225604451621107
77,59,9.5,10.0,352,126,226,-2.9099579626698566,-2.761231459600809,-0.14872650306904767
77,60,10.0,10.5,351,73,278,-2.8759006527117905,-2.761231459600809,-0.11466919311098156
77,61,10.5,11.0,351,223,128,-2.809182601660731,-2.761231459600809,-0.0479511420599219
77,62,11.0,11.5,352,38,314,-2.664124441112698,-2.761231459600809,0.09710701848811087
77,63,11.5,12.0,351,184,167,-2.5646847095066785,-2.761231459600809,0.19654675009413047
77,64,12.0,12.5,351,83,268,-2.8479398237803752,-2.761231459600809,-0.08670836417956629
77,65,12.5,13.0,351,231,120,-2.6478507494128714,-2.761231459600809,0.1133807101879376
77,66,13.0,13.5,352,224,128,-2.593329933589471,-2.761231459600809,0.16790152601133812
77,67,13.5,14.0,351,116,235,-2.9148751388088585,-2.761231459600809,-0.15364367920804956
77,68,14.0,14.5,351,168,183,-2.3365560213143657,-2.761231459600809,0.4246754382864433
77,69,14.5,15.0,352,44,308,-2.8237350167553203,-2.761231459600809,-0.06250355715451139
77,70,15.0,15.5,351,112,239,-3.0267939487245035,-2.761231459600809,-0.2655624891236945
77,71,15.5,16.0,351,181,170,-2.529705334299116,-2.761231459600809,0.23152612530169314
77,72,16.0,16.5,351,94,257,-2.8137974426882493,-2.761231459600809,-0.052565983087440316
77,73,16.5,17.0,352,214,138,-2.409472891587418,-2.761231459600809,0.3517585680133908
77,74,17.0,17.5,351,100,251,-2.9571867814159214,-2.761231459600809,-0.19595532181511244
77,75,17.5,18.0,351,239,112,-2.955083760702739,-2.761231459600809,-0.1938523011019302
77,76,18.0,18.5,352,246,106,-2.515726327446123,-2.761231459600809,0.24550513215468595
77,77,18.5,19.0,351,177,174,-2.3851565041260283,-2.761231459600809,0.37607495547478065
77,78,19.0,19.5,351,170,181,-2.835058204680213,-2.761231459600809,-0.0738267450794039
77,79,19.5,20.0,351,164,187,-2.3203927413685426,-2.761231459600809,0.4408387182322664
78,0,-20.0,-19.5,351,190,161,-2.9030910428053653,-2.766335646675543,-0.13675539612982224
78,1,-19.5,-19.0,352,225,127,-2.7583390960016088,-2.766335646675543,0.007996550673934344
78,2,-19.0,-18.5,351,238,113,-2.587862082869113,-2.766335646675543,0.1784735638064303
78,3,-18.5,-18.0,351,91,260,-2.9849929250493497,-2.766335646675543,-0.21865727837380655
78,4,-18.0,-17.5,352,285,67,-2.3183572172474842,-2.766335646675543,0.4479784294280589
78,5,-17.5,-17.0,351,324,27,-2.754083998310988,-2.766335646675543,0.012251648364554946
78,6,-17.0,-16.5,351,307,44,-2.8990831599929736,-2.766335646675543,-0.1327475133174305
78,7,-16.5,-16.0,351,196,155,-2.9321801680702295,-2.766335646675543,-0.16584452139468642
78,8,-16.0,-15.5,352,233,119,-2.56311796785911,-2.766335646675543,0.20321767881643327
78,9,-15.5,-15.0,351,229,122,-2.922756970791891,-2.766335646675543,-0.1564213241163479
78,10,-15.0,-14.5,351,321,30,-2.765142187792334,-2.766335646675543,0.0011934588832089865
78,11,-14.5,-14.0,352,208,144,-2.7675291055587525,-2.766335646675543,-0.0011934588832094306
78,12,-14.0,-13.5,351,207,144,-2.511687942669162,-2.766335646675543,0.25464770400638104
78,13,-13.5,-13.0,351,135,216,-2.8896892106502006,-2.766335646675543,-0.12335356397465747
78,14,-13.0,-12.5,351,211,140,-2.9539196091180084,-2.766335646675543,-0.18758396244246534
78,15,-12.5,-12.0,352,351,1,-2.4228710810862277,-2.766335646675543,0.3434645655893154
78,16,-12.0,-11.5,351,169,182,-2.7762938107517736,-2.766335646675543,-0.009958164076230513
78,17,-11.5,-11.0,351,261,90,-2.4110201678363454,-2.766335646675543,0.3553154788391977
78,18,-11.0,-10.5,352,218,134,-2.777327630457684,-2.766335646675543,-0.010991983782140835
78,19,-10.5,-10.0,351,155,196,-2.977416556302848,-2.766335646675543,-0.21108090962730497
78,20,-10.0,-9.5,351,193,158,-2.5998594679213904,-2.766335646675543,0.16647617875415266
78,21,-9.5,-9.0,351,171,180,-2.9474874599903873,-2.766335646675543,-0.1811518133148442
78,22,-9.0,-8.5,352,308,44,-2.636430141274839,-2.766335646675543,0.1299055054007039
78,23,-8.5,-8.0,351,237,114,-2.840481947762772,-2.766335646675543,-0.07414630108722875
78,24,-8.0,-7.5,351,257,94,-2.5077432849388783,-2.766335646675543,0.2585923617366648
78,25,-7.5,-7.0,352,74,278,-2.805946426380138,-2.766335646675543,-0.03961077970459481
78,26,-7.0,-6.5,351,236,115,-2.5050042545430724,-2.766335646675543,0.2613313921324707
78,27,-6.5,-6.0,351,180,171,-3.019466336017916,-2.766335646675543,-0.25313068934237304
78,28,-6.0,-5.5,351,298,53,-2.6208568951523645,-2.766335646675543,0.14547875152317857
78,29,-5.5,-5.0,352,150,202,-2.7527607830362406,-2.766335646675543,0.013574863639302492
78,30,-5.0,-4.5,351,334,17,-2.568163309279316,-2.766335646675543,0.19817233739622697
78,31,-4.5,-4.0,351,145,206,-2.8792377435992886,-2.766335646675543,-0.11290209692374553
78,32,-4.0,-3.5,352,245,107,-2.525791165797014,-2.766335646675543,0.2405444808785293
78,33,-3.5,-3.0,351,186,165,-2.996270705208807,-2.766335646675543,-0.2299350585332638
78,34,-3.0,-2.5,351,168,183,-2.7965563066035113,-2.766335646675543,-0.030220659927968185
78,35,-2.5,-2.0,351,178,173,-2.3582608052433622,-2.766335646675543,0.40807484143218087
78,36,-2.0,-1.5,352,209,143,-2.7872082435399594,-2.766335646675543,-0.020872596864416337
78,37,-1.5,-1.0,351,273,78,-2.4781230550293625,-2.766335646675543,0.2882125916461806
78,38,-1.0,-0.5,351,46,305,-3.1444030182701934,-2.766335646675543,-0.3780673715946503
78,39,-0.5,0.0,352,208,144,-2.30130029432491,-2.766335646675543,0.465035352350633
78,40,0.0,0.5,351,185,166,-2.841439789800847,-2.766335646675543,-0.07510414312530411
78,41,0.5,1.0,351,76,275,-2.5022485266141183,-2.766335646675543,0.26408712006142476
78,42,1.0,1.5,351,304,47,-2.7021291359728443,-2.766335646675543,0.06420651070269878
78,43,1.5,2.0,352,137,215,-2.952752956975736,-2.766335646675543,-0.1864173103001927
78,44,2.0,2.5,351,185,166,-2.397224030844327,-2.766335646675543,0.369111615831216
78,45,2.5,3.0,351,139,212,-2.873029547608754,-2.766335646675543,-0.10669390093321107
78,46,3.0,3.5,352,187,165,-2.4713318301194223,-2.766335646675543,0.29500381655612085
78,47,3.5,4.0,351,113,238,-2.8862193985774356,-2.766335646675543,-0.11988375190189249
78,48,4.0,4.5,351,294,57,-2.725286963248568,-2.766335646675543,0.041048683426974986
78,49,4.5,5.0,351,86,265,-3.0435345198338752,-2.766335646675543,-0.27719887315833214
78,50,5.0,5.5,352,214,138,-2.5620125877340474,-2.766335646675543,0.20432305894149572
78,51,5.5,6.0,351,31,320,-3.0730651572377523,-2.766335646675543,-0.3067295105622092
78,52,6.0,6.5,351,91,260,-2.7014352533596804,-2.766335646675543,0.06490039331586273
78,53,6.5,7.0,352,178,174,-2.8116479475161307,-2.766335646675543,-0.04531230084058757
78,54,7.0,7.5,351,146,205,-2.8353185477432117,-2.766335646675543,-0.06898290106766858
78,55,7.5,8.0,351,217,134,-2.791708536056693,-2.766335646675543,-0.02537288938115001
78,56,8.0,8.5,351,108,243,-2.799139405765702,-2.766335646675543,-0.03280375909015909
78,57,8.5,9.0,352,244,108,-2.654695321781945,-2.766335646675543,0.11164032489359821
78,58,9.0,9.5,351,240,111,-2.955467982984042,-2.766335646675543,-0.18913233630849868
78,59,9.5,10.0,351,321,30,-2.6545292784423027,-2.766335646675543,0.11180636823324042
78,60,10.0,10.5,352,308,44,-2.988245499903316,-2.766335646675543,-0.221909853227773
78,61,10.5,11.0,351,292,59,-2.6669966951049098,-2.766335646675543,0.09933895157063333
78,62,11.0,11.5,351,243,108,-2.9553256712873326,-2.766335646675543,-0.1889900246117895
78,63,11.5,12.0,351,233,118,-2.449836255201002,-2.766335646675543,0.3164993914745411
78,64,12.0,12.5,352,104,248,-3.0287072427523274,-2.766335646675543,-0.2623715960767843
78,65,12.5,13.0,351,351,0,-2.5465575531403473,-2.766335646675543,0.21977809353519584
78,66,13.0,13.5,351,105,246,-2.9084962344940117,-2.766335646675543,-0.14216058781846863
78,67,13.5,14.0,352,192,160,-2.277779689599396,-2.766335646675543,0.4885559570761471
78,68,14.0,14.5,351,146,205,-2.7619315080387867,-2.766335646675543,0.004404138636756372
78,69,14.5,15.0,351,197,154,-2.97480419958864,-2.766335646675543,-0.20846855291309696
78,70,15.0,15.5,351,188,163,-2.3882908075352,-2.766335646675543,0.37804483914034304
78,71,15.5,16.0,352,156,196,-2.8733594638447086,-2.766335646675543,-0.10702381716916554
78,72,16.0,16.5,351,175,176,-2.471525930445828,-2.766335646675543,0.29480971622971497
78,73,16.5,17.0,351,176,175,-2.9685869812738477,-2.766335646675543,-0.20225133459830458
78,74,17.0,17.5,352,211,141,-2.2340274119134733,-2.766335646675543,0.5323082347620698
78,75,17.5,18.0,351,171,180,-3.004481957111673,-2.766335646675543,-0.2381463104361301
78,76,18.0,18.5,351,214,137,-2.417420230004648,-2.766335646675543,0.348915416670895
78,77,18.5,19.0,351,147,204,-2.8490615395140737,-2.766335646675543,-0.0827258928385306
78,78,19.0,19.5,352,199,153,-2.552135632338148,-2.766335646675543,0.21420001433739522
78,79,19.5,20.0,351,125,226,-2.873793773429401,-2.766335646675543,-0.10745812675385791
79,0,-20.0,-19.5,352,322,30,-2.489582224021223,-2.844657516438228,0.3550752924170051
79,1,-19.5,-19.0,351,189,162,-3.0627547355619984,-2.844657516438228,-0.21809721912377045
79,2,-19.0,-18.5,351,247,104,-2.5719420482843174,-2.844657516438228,0.27271546815391057
79,3,-18.5,-18.0,352,352,0,-2.4560173470383986,-2.844657516438228,0.38864016939982937
79,4,-18.0,-17.5,351,169,182,-2.9022593304355726,-2.844657516438228,-0.05760181399734465
79,5,-17.5,-17.0,351,84,267,-2.8587369462750267,-2.844657516438228,-0.014079429836798774
79,6,-17.0,-16.5,351,233,118,-2.9284799243961612,-2.844657516438228,-0.08382240795793328
79,7,-16.5,-16.0,352,223,129,-2.7617699958175432,-2.844657516438228,0.08288752062068472
79,8,-16.0,-15.5,351,301,50,-2.338864644567277,-2.844657516438228,0.505792871870951
79,9,-15.5,-15.0,351,113,238,-3.023799501613846,-2.844657516438228,-0.17914198517561797
79,10,-15.0,-14.5,352,276,76,-2.9709876910405995,-2.844657516438228,-0.1263301746023715
79,11,-14.5,-14.0,351,232,119,-2.3784327925019157,-2.844657516438228,0.4662247239363122
79,12,-14.0,-13.5,351,214,137,-2.9633550486856417,-2.844657516438228,-0.11869753224741375
79,13,-13.5,-13.0,351,256,95,-2.922088458998876,-2.844657516438228,-0.07743094256064786
79,14,-13.0,-12.5,352,284,68,-2.561395590649221,-2.844657516438228,0.2832619257890068
79,15,-12.5,-12.0,351,223,128,-2.9083283506432824,-2.844657516438228,-0.06367083420505448
79,16,-12.0,-11.5,351,293,58,-2.8983046012169287,-2.844657516438228,-0.05364708477870073
79,17,-11.5,-11.0,352,290,62,-2.61304016893916,-2.844657516438228,0.23161734749906815
79,18,-11.0,-10.5,351,64,287,-3.001790841925074,-2.844657516438228,-0.1571333254868459
79,19,-10.5,-10.0,351,221,130,-2.435064621702535,-2.844657516438228,0.40959289473569305
79,20,-10.0,-9.5,351,211,140,-2.887540365386231,-2.844657516438228,-0.042882848948003094
79,21,-9.5,-9.0,352,174,178,-2.8423379454397764,-2.844657516438228,0.002319570998451592
79,22,-9.0,-8.5,351,251,100,-2.3936826023475426,-2.844657516438228,0.45097491409068535
79,23,-8.5,-8.0,351,244,107,-2.9921961855194352,-2.844657516438228,-0.14753866908120727
79,24,-8.0,-7.5,352,306,46,-2.5513237991929296,-2.844657516438228,0.29333371724529833
79,25,-7.5,-7.0,351,243,108,-2.84697708743668,-2.844657516438228,-0.0023195709984520363
79,26,-7.0,-6.5,351,226,125,-2.4617193188772197,-2.844657516438228,0.3829381975610082
79,27,-6.5,-6.0,351,110,241,-3.002394813387827,-2.844657516438228,-0.15773729694959915
79,28,-6.0,-5.5,352,124,228,-2.1457264064279986,-2.844657516438228,0.6989311100102293
79,29,-5.5,-5.0,351,193,158,-2.880265748966249,-2.844657516438228,-0.035608232528021144
79,30,-5.0,-4.5,351,106,245,-2.9341995313660574,-2.844657516438228,-0.08954201492782943
79,31,-4.5,-4.0,352,236,116,-2.37663138639188,-2.844657516438228,0.46802613004634797
79,32,-4.0,-3.5,351,106,245,-2.87907564493476,-2.844657516438228,-0.03441812849653214
79,33,-3.5,-3.0,351,52,299,-3.0161110612158364,-2.844657516438228,-0.17145354477760844
79,34,-3.0,-2.5,351,71,280,-2.967458002276272,-2.844657516438228,-0.12280048583804426
79,35,-2.5,-2.0,352,321,31,-2.377247197834355,-2.844657516438228,0.46741031860387316
79,36,-2.0,-1.5,351,205,146,-2.7683816697375576,-2.844657516438228,0.07627584670067034
79,37,-1.5,-1.0,351,168,183,-2.563701760591122,-2.844657516438228,0.28095575584710586
79,38,-1.0,-0.5,352,230,122,-2.782046061151391,-2.844657516438228,0.06261145528683709
79,39,-0.5,0.0,351,240,111,-2.6038032322212183,-2.844657516438228,0.2408542842170096
79,40,0.0,0.5,351,239,112,-3.0525955228283523,-2.844657516438228,-0.20793800639012439
79,41,0.5,1.0,351,243,108,-2.3990880646365973,-2.844657516438228,0.44556945180163066
79,42,1.0,1.5,352,190,162,-2.8988457087939414,-2.844657516438228,-0.05418819235571348
79,43,1.5,2.0,351,169,182,-2.935736790815317,-2.844657516438228,-0.09107927437708918
79,44,2.0,2.5,351,148,203,-2.61651439202966,-2.844657516438228,0.2281431244085681
79,45,2.5,3.0,352,123,229,-2.5568063754164436,-2.844657516438228,0.28785114102178433
79,46,3.0,3.5,351,110,241,-2.8074347262011283,-2.844657516438228,0.03722279023709962
79,47,3.5,4.0,351,231,120,-2.486202990069599,-2.844657516438228,0.35845452636862873
79,48,4.0,4.5,351,112,239,-3.1007110359081587,-2.844657516438228,-0.2560535194699307
79,49,4.5,5.0,352,132,220,-2.260495066581937,-2.844657516438228,0.584162449856291
79,50,5.0,5.5,351,173,178,-2.8120200560313915,-2.844657516438228,0.03263746040683646
79,51,5.5,6.0,351,70,281,-3.271083323392924,-2.844657516438228,-0.426425806954696
79,52,6.0,6.5,352,62,290,-2.53242465041804,-2.844657516438228,0.31223286602018785
79,53,6.5,7.0,351,273,78,-2.397165421949708,-2.844657516438228,0.4474920944885201
79,54,7.0,7.5,351,87,264,-2.958824273666867,-2.844657516438228,-0.1141667572286389
79,55,7.5,8.0,351,79,272,-2.9497492898506636,-2.844657516438228,-0.1050917734124357
79,56,8.0,8.5,352,211,141,-2.484535404724629,-2.844657516438228,0.36012211171359887
79,57,8.5,9.0,351,88,263,-3.019330370287261,-2.844657516438228,-0.17467285384903297
79,58,9.0,9.5,351,87,264,-2.9317979025653282,-2.844657516438228,-0.08714038612710029
79,59,9.5,10.0,352,144,208,-2.983587842738821,-2.844657516438228,-0.138930326300593
79,60,10.0,10.5,351,135,216,-2.8412942321623906,-2.844657516438228,0.0033632842758373194
79,61,10.5,11.0,351,115,236,-2.7328760062826722,-2.844657516438228,0.11178151015555571
79,62,11.0,11.5,351,226,125,-2.6036020599812075,-2.844657516438228,0.24105545645702042
79,63,11.5,12.0,352,125,227,-3.1000794356748727,-2.844657516438228,-0.2554219192366447
79,64,12.0,12.5,351,291,60,-2.77453099520755,-2.844657516438228,0.07012652123067786
79,65,12.5,13.0,351,233,118,-2.6994035407933383,-2.844657516438228,0.14525397564488962
79,66,13.0,13.5,352,177,175,-3.03346756619831,-2.844657516438228,-0.18881004976008198
79,67,13.5,14.0,351,270,81,-2.3559097013798986,-2.844657516438228,0.4887478150583293
79,68,14.0,14.5,351,241,110,-2.7534536463230705,-2.844657516438228,0.0912038701151574
79,69,14.5,15.0,351,109,242,-2.9759082910871975,-2.844657516438228,-0.1312507746489695
79,70,15.0,15.5,352,229,123,-2.604578244149815,-2.844657516438228,0.24007927228841286
79,71,15.5,16.0,351,228,123,-2.0126135208558535,-2.844657516438228,0.8320439955823744
79,72,16.0,16.5,351,108,243,-2.9884856240218873,-2.844657516438228,-0.14382810758365938
79,73,16.5,17.0,352,193,159,-2.8389595016705242,-2.844657516438228,0.005698014767703707
79,74,17.0,17.5,351,303,48,-2.3211077436318006,-2.844657516438228,0.5235497728064273
79,75,17.5,18.0,351,115,236,-3.0766238039488067,-2.844657516438228,-0.2319662875105788
79,76,18.0,18.5,351,247,104,-3.0792869031996752,-2.844657516438228,-0.2346293867614473
79,77,18.5,19.0,352,309,43,-1.7436702122371766,-2.844657516438228,1.1009873042010514
79,78,19.0,19.5,351,178,173,-2.9763508760132416,-2.844657516438228,-0.1316933595750136
79,79,19.5,20.0,351,209,142,-2.8045895613705913,-2.844657516438228,0.04006795506763661
80,0,-20.0,-19.5,351,99,252,-2.7507959378732223,-2.8217185847789477,0.07092264690572536
80,1,-19.5,-19.0,352,149,203,-2.1136234338756026,-2.8217185847789477,0.7080951509033451
80,2,-19.0,-18.5,351,150,201,-2.880389304572531,-2.8217185847789477,-0.05867071979358318
80,3,-18.5,-18.0,351,150,201,-2.9532469029820083,-2.8217185847789477,-0.13152831820306066
80,4,-18.0,-17.5,351,75,276,-2.871914579495692,-2.8217185847789477,-0.05019599471674452
80,5,-17.5,-17.0,352,276,76,-2.5925843259829007,-2.8217185847789477,0.22913425879604699
80,6,-17.0,-16.5,351,203,148,-2.8864517902974467,-2.8217185847789477,-0.06473320551849904
80,7,-16.5,-16.0,351,171,180,-2.331239686053308,-2.8217185847789477,0.49047889872563966
80,8,-16.0,-15.5,352,98,254,-2.8774115605660295,-2.8217185847789477,-0.05569297578708188
80,9,-15.5,-15.0,351,87,264,-3.00726225922223,-2.8217185847789477,-0.18554367444328212
80,10,-15.0,-14.5,351,276,75,-2.5363018160272666,-2.8217185847789477,0.2854167687516811
80,11,-14.5,-14.0,351,87,264,-3.1925338176229348,-2.8217185847789477,-0.3708152328439871
80,12,-14.0,-13.5,352,240,112,-2.463601505026683,-2.8217185847789477,0.3581170797522648
80,13,-13.5,-13.0,351,54,297,-3.34027966281962,-2.8217185847789477,-0.5185610780406722
80,14,-13.0,-12.5,351,157,194,-3.0478548871897866,-2.8217185847789477,-0.22613630241083893
80,15,-12.5,-12.0,352,129,223,-2.339931866991772,-2.8217185847789477,0.4817867177871755
80,16,-12.0,-11.5,351,154,197,-2.8217185847789477,-2.8217185847789477,0.0
80,17,-11.5,-11.0,351,173,178,-2.248992522836677,-2.8217185847789477,0.5727260619422707
80,18,-11.0,-10.5,351,219,132,-2.898800670773653,-2.8217185847789477,-0.07708208599470545
80,19,-10.5,-10.0,352,43,309,-3.0195286313384475,-2.8217185847789477,-0.19781004655949985
80,20,-10.0,-9.5,351,254,97,-2.398459925777285,-2.8217185847789477,0.4232586590016627
80,21,-9.5,-9.0,351,132,219,-3.065136022877015,-2.8217185847789477,-0.24341743809806715
80,22,-9.0,-8.5,352,230,122,-2.57724746690719,-2.8217185847789477,0.24447111787175757
80,23,-8.5,-8.0,351,121,230,-2.9131717875085608,-2.8217185847789477,-0.0914532027296131
80,24,-8.0,-7.5,351,272,79,-2.4573706942037337,-2.8217185847789477,0.364347890575214
80,25,-7.5,-7.0,351,264,87,-2.7518054755811407,-2.8217185847789477,0.06991310919780691
80,26,-7.0,-6.5,352,314,38,-3.044635693154855,-2.8217185847789477,-0.22291710837590717
80,27,-6.5,-6.0,351,277,74,-2.4847474444199578,-2.8217185847789477,0.3369711403589899
80,28,-6.0,-5.5,351,195,156,-2.8715097470329414,-2.8217185847789477,-0.049791162253993715
80,29,-5.5,-5.0,352,209,143,-2.915617219229312,-2.8217185847789477,-0.0938986344503645
80,30,-5.0,-4.5,351,304,47,-2.5444019161956013,-2.8217185847789477,0.27731666858334636
80,31,-4.5,-4.0,351,172,179,-2.9208699568331653,-2.8217185847789477,-0.09915137205421765
80,32,-4.0,-3.5,351,140,211,-2.270569060400964,-2.8217185847789477,0.5511495243779838
80,33,-3.5,-3.0,352,145,207,-2.759030512125719,-2.8217185847789477,0.06268807265322884
80,34,-3.0,-2.5,351,173,178,-2.255075489506851,-2.8217185847789477,0.5666430952720964
80,35,-2.5,-2.0,351,58,293,-2.893513811182988,-2.8217185847789477,-0.07179522640404024
80,36,-2.0,-1.5,352,277,75,-2.721511852408329,-2.8217185847789477,0.10020673237061883
80,37,-1.5,-1.0,351,0,351,,-2.8217185847789477,
80,38,-1.0,-0.5,351,256,95,-2.925587016038114,-2.8217185847789477,-0.10386843125916645
80,39,-0.5,0.0,351,184,167,-2.9125002956069737,-2.8217185847789477,-0.090781710828026
80,40,0.0,0.5,352,145,207,-2.7207359469567662,-2.8217185847789477,0.10098263782218142
80,41,0.5,1.0,351,181,170,-2.6049091905004333,-2.8217185847789477,0.2168093942785143
80,42,1.0,1.5,351,41,310,-3.0819243499001985,-2.8217185847789477,-0.2602057651212508
80,43,1.5,2.0,352,125,227,-2.968770128402284,-2.8217185847789477,-0.1470515436233364
80,44,2.0,2.5,351,154,197,-2.544944570926876,-2.8217185847789477,0.27677401385207157
80,45,2.5,3.0,351,141,210,-2.9223098889289476,-2.8217185847789477,-0.10059130414999995
80,46,3.0,3.5,351,118,233,-2.956076864625226,-2.8217185847789477,-0.13435827984627835
80,47,3.5,4.0,352,237,115,-2.7017914124257536,-2.8217185847789477,0.11992717235319406
80,48,4.0,4.5,351,137,214,-2.7582077352242105,-2.8217185847789477,0.06351084955473718
80,49,4.5,5.0,351,188,163,-2.5310883698115267,-2.8217185847789477,0.2906302149674209
80,50,5.0,5.5,352,236,116,-3.0072549459681728,-2.8217185847789477,-0.18553636118922512
80,51,5.5,6.0,351,270,81,-2.5632694265513387,-2.8217185847789477,0.25844915822760894
80,52,6.0,6.5,351,71,280,-2.9367752625258534,-2.8217185847789477,-0.11505667774690576
80,53,6.5,7.0,351,164,187,-2.577861361154036,-2.8217185847789477,0.2438572236249117
80,54,7.0,7.5,352,178,174,-2.7858000736375557,-2.8217185847789477,0.035918511141391996
80,55,7.5,8.0,351,132,219,-2.8824772020435816,-2.8217185847789477,-0.06075861726463394
80,56,8.0,8.5,351,75,276,-2.896054737885738,-2.8217185847789477,-0.07433615310679054
80,57,8.5,9.0,352,221,131,-2.665963950324782,-2.8217185847789477,0.1557546344541656
80,58,9.0,9.5,351,193,158,-2.852769077573993,-2.8217185847789477,-0.031050492795045237
80,59,9.5,10.0,351,283,68,-2.498660373176678,-2.8217185847789477,0.32305821160226955
80,60,10.0,10.5,351,210,141,-2.7909097633202293,-2.8217185847789477,0.030808821458718327
80,61,10.5,11.0,352,135,217,-2.7752080066618934,-2.8217185847789477,0.04651057811705428
80,62,11.0,11.5,351,257,94,-2.5733126174899654,-2.8217185847789477,0.24840596728898223
80,63,11.5,12.0,351,225,126,-2.895409502022368,-2.8217185847789477,-0.07369091724342036
80,64,12.0,12.5,352,89,263,-2.7717595495883742,-2.8217185847789477,0.04995903519057343
80,65,12.5,13.0,351,151,200,-2.9661054487143277,-2.8217185847789477,-0.14438686393538003
80,66,13.0,13.5,351,75,276,-3.0204693184352838,-2.8217185847789477,-0.1987507336563361
80,67,13.5,14.0,351,207,144,-2.431939646047718,-2.8217185847789477,0.3897789387312298
80,68,14.0,14.5,352,122,230,-2.8088983394944007,-2.8217185847789477,0.01282024528454695
80,69,14.5,15.0,351,249,102,-2.86071108562712,-2.8217185847789477,-0.038992500848172185
80,70,15.0,15.5,351,327,24,-2.4517981532809223,-2.8217185847789477,0.36992043149802534
80,71,15.5,16.0,352,220,132,-3.017567084561323,-2.8217185847789477,-0.19584849978237528
80,72,16.0,16.5,351,238,113,-2.4177379355253965,-2.8217185847789477,0.40398064925355115
80,73,16.5,17.0,351,56,295,-2.8970338262031476,-2.8217185847789477,-0.07531524142419999
80,74,17.0,17.5,352,117,235,-2.9731342861108407,-2.8217185847789477,-0.15141570133189308
80,75,17.5,18.0,351,138,213,-2.9581856566928852,-2.8217185847789477,-0.1364670719139376
80,76,18.0,18.5,351,290,61,-2.446494675795166,-2.8217185847789477,0.37522390898378166
80,77,18.5,19.0,351,194,157,-2.9054152703600273,-2.8217185847789477,-0.08369668558107968
80,78,19.0,19.5,352,85,267,-3.0897769641030552,-2.8217185847789477,-0.2680583793241076
80,79,19.5,20.0,351,57,294,-2.827581246971155,-2.8217185847789477,-0.005862662192207324
81,0,-20.0,-19.5,351,210,141,-2.996532891979347,-2.881379113834252,-0.11515377814509486
81,1,-19.5,-19.0,352,184,168,-2.773195547596409,-2.881379113834252,0.1081835662378432
81,2,-19.0,-18.5,351,337,14,-2.539622442642644,-2.881379113834252,0.34175667119160824
81,3,-18.5,-18.0,351,164,187,-2.637826162864063,-2.881379113834252,0.24355295097018903
81,4,-18.0,-17.5,352,134,218,-3.0434604091080644,-2.881379113834252,-0.1620812952738122
81,5,-17.5,-17.0,351,95,256,-2.9196447965458665,-2.881379113834252,-0.038265682711614346
81,6,-17.0,-16.5,351,120,231,-2.777138822202046,-2.881379113834252,0.10424029163220627
81,7,-16.5,-16.0,351,292,59,-2.5365567041429378,-2.881379113834252,0.3448224096913144
81,8,-16.0,-15.5,352,147,205,-2.1398534137306187,-2.881379113834252,0.7415257001036335
81,9,-15.5,-15.0,351,216,135,-2.8383934232678656,-2.881379113834252,0.04298569056638657
81,10,-15.0,-14.5,351,192,159,-3.1057266734502167,-2.881379113834252,-0.22434755961596453
81,11,-14.5,-14.0,352,174,178,-2.9317192071139857,-2.881379113834252,-0.050340093279733544
81,12,-14.0,-13.5,351,237,114,-2.943548715805364,-2.881379113834252,-0.06216960197111199
81,13,-13.5,-13.0,351,220,131,-2.846663310706643,-2.881379113834252,0.034715803127609135
81,14,-13.0,-12.5,351,144,207,-2.9613733974195977,-2.881379113834252,-0.07999428358534555
81,15,-12.5,-12.0,352,188,164,-2.93719165529815,-2.881379113834252,-0.05581254146389769
81,16,-12.0,-11.5,351,156,195,-2.966002599568548,-2.881379113834252,-0.08462348573429601
81,17,-11.5,-11.0,351,331,20,-1.9644597399556085,-2.881379113834252,0.9169193738786436
81,18,-11.0,-10.5,352,26,326,-2.831091589148522,-2.881379113834252,0.050287524685729945
81,19,-10.5,-10.0,351,194,157,-2.9936940589367387,-2.881379113834252,-0.11231494510248652
81,20,-10.0,-9.5,351,190,161,-2.828982627424934,-2.881379113834252,0.052396486409318044
81,21,-9.5,-9.0,351,104,247,-2.9684462293553535,-2.881379113834252,-0.08706711552110136
81,22,-9.0,-8.5,352,197,155,-2.855353877822907,-2.881379113834252,0.02602523601134532
81,23,-8.5,-8.0,351,299,52,-2.859477805017615,-2.881379113834252,0.02190130881663732
81,24,-8.0,-7.5,351,203,148,-2.776833806918237,-2.881379113834252,0.10454530691601516
81,25,-7.5,-7.0,352,164,188,-2.9905446926738497,-2.881379113834252,-0.10916557883959754
81,26,-7.0,-6.5,351,264,87,-2.2689475920695372,-2.881379113834252,0.6124315217647149
81,27,-6.5,-6.0,351,131,220,-2.728850311980874,-2.881379113834252,0.15252880185337814
81,28,-6.0,-5.5,351,55,296,-3.1144725452378377,-2.881379113834252,-0.23309343140358552
81,29,-5.5,-5.0,352,292,60,-2.4512318280205103,-2.881379113834252,0.43014728581374184
81,30,-5.0,-4.5,351,78,273,-2.9031215195434545,-2.881379113834252,-0.021742405709202384
81,31,-4.5,-4.0,351,351,0,-2.189975403864687,-2.881379113834252,0.6914037099695651
81,32,-4.0,-3.5,352,330,22,-3.067972865713805,-2.881379113834252,-0.18659375187955263
81,33,-3.5,-3.0,351,334,17,-2.85963670812505,-2.881379113834252,0.02174240570920194
81,34,-3.0,-2.5,351,253,98,-2.505311040063648,-2.881379113834252,0.37606807377060436
81,35,-2.5,-2.0,351,183,168,-2.9233673960044104,-2.881379113834252,-0.041988282170158264
81,36,-2.0,-1.5,352,319,33,-2.187659651235003,-2.881379113834252,0.6937194625992493
81,37,-1.5,-1.0,351,251,100,-2.9074158738682225,-2.881379113834252,-0.026036760033970374
81,38,-1.0,-0.5,351,212,139,-2.9199160507615627,-2.881379113834252,-0.03853693692731053
81,39,-0.5,0.0,352,125,227,-2.278011238692757,-2.881379113834252,0.6033678751414953
81,40,0.0,0.5,351,222,129,-2.796878757890821,-2.881379113834252,0.08450035594343097
81,41,0.5,1.0,351,279,72,-2.570416690520959,-2.881379113834252,0.31096242331329327
81,42,1.0,1.5,351,53,298,-2.4582023915126623,-2.881379113834252,0.42317672232158987
81,43,1.5,2.0,352,144,208,-3.0059765929925892,-2.881379113834252,-0.12459747915833708
81,44,2.0,2.5,351,291,60,-2.166132484907819,-2.881379113834252,0.7152466289264332
81,45,2.5,3.0,351,289,62,-2.8183946781275235,-2.881379113834252,0.06298443570672863
81,46,3.0,3.5,352,182,170,-3.023524535418783,-2.881379113834252,-0.14214542158453103
81,47,3.5,4.0,351,279,72,-2.8469868983930526,-2.881379113834252,0.034392215441199525
81,48,4.0,4.5,351,240,111,-2.453375216688929,-2.881379113834252,0.4280038971453233
81,49,4.5,5.0,351,263,88,-2.7340061415626975,-2.881379113834252,0.14737297227155466
81,50,5.0,5.5,352,311,41,-2.5175858257497494,-2.881379113834252,0.36379328808450273
81,51,5.5,6.0,351,188,163,-2.9990542940559863,-2.881379113834252,-0.11767518022173418
81,52,6.0,6.5,351,203,148,-2.916440739544093,-2.881379113834252,-0.03506162570984106
81,53,6.5,7.0,352,191,161,-2.38974826394631,-2.881379113834252,0.49163084988794203
81,54,7.0,7.5,351,54,297,-2.641632930288317,-2.881379113834252,0.23974618354593513
81,55,7.5,8.0,351,154,197,-2.8962269149419293,-2.881379113834252,-0.014847801107677139
81,56,8.0,8.5,351,260,91,-2.2397853375642276,-2.881379113834252,0.6415937762700246
81,57,8.5,9.0,352,164,188,-2.959335676452456,-2.881379113834252,-0.07795656261820394
81,58,9.0,9.5,351,47,304,-2.939252646619616,-2.881379113834252,-0.05787353278536367
81,59,9.5,10.0,351,295,56,-2.574286224968338,-2.881379113834252,0.3070928888659141
81,60,10.0,10.5,352,304,48,-2.820763243283386,-2.881379113834252,0.06061587055086637
81,61,10.5,11.0,351,254,97,-2.962851718149434,-2.881379113834252,-0.08147260431518166
81,62,11.0,11.5,351,135,216,-2.883989816440551,-2.881379113834252,-0.002610702606298698
81,63,11.5,12.0,351,236,115,-2.6272919064964277,-2.881379113834252,0.2540872073378244
81,64,12.0,12.5,352,193,159,-2.3221100412995894,-2.881379113834252,0.5592690725346627
81,65,12.5,13.0,351,187,164,-2.991759430138667,-2.881379113834252,-0.1103803163044148
81,66,13.0,13.5,351,172,179,-3.011736369400478,-2.881379113834252,-0.13035725556622602
81,67,13.5,14.0,352,308,44,-2.4301239863502264,-2.881379113834252,0.45125512748402574
81,68,14.0,14.5,351,252,99,-2.4192346634695427,-2.881379113834252,0.4621444503647094
81,69,14.5,15.0,351,193,158,-3.0804031902951765,-2.881379113834252,-0.19902407646092435
81,70,15.0,15.5,351,181,170,-2.6284621274853968,-2.881379113834252,0.2529169863488554
81,71,15.5,16.0,352,341,11,-2.0367199208155795,-2.881379113834252,0.8446591930186726
81,72,16.0,16.5,351,87,264,-2.9131416115240385,-2.881379113834252,-0.03176249768978634
81,73,16.5,17.0,351,102,249,-2.7722815665644935,-2.881379113834252,0.10909754726975862
81,74,17.0,17.5,352,121,231,-2.832463123175263,-2.881379113834252,0.048915990658989106
81,75,17.5,18.0,351,313,38,-2.880718430383806,-2.881379113834252,0.0006606834504463421
81,76,18.0,18.5,351,350,1,-1.815046790217374,-2.881379113834252,1.0663323236168782
81,77,18.5,19.0,351,144,207,-2.8077824936824674,-2.881379113834252,0.07359662015178481
81,78,19.0,19.5,352,258,94,-2.90339437021383,-2.881379113834252,-0.022015256379577686
81,79,19.5,20.0,351,187,164,-2.896045847791324,-2.881379113834252,-0.014666733957071632
82,0,-20.0,-19.5,351,299,52,-2.7264823404644534,-2.748282186029677,0.02179984556522374
82,1,-19.5,-19.0,351,176,175,-2.25611029964668,-2.748282186029677,0.49217188638299714
82,2,-19.0,-18.5,352,31,321,-2.7713914234578523,-2.748282186029677,-0.023109237428175167
82,3,-18.5,-18.0,351,292,59,-2.437306941749026,-2.748282186029677,0.31097524428065126
82,4,-18.0,-17.5,351,234,117,-2.9121646738781317,-2.748282186029677,-0.1638824878484546
82,5,-17.5,-17.0,352,183,169,-2.345019934168543,-2.748282186029677,0.40326225186113396
82,6,-17.0,-16.5,351,288,63,-2.565617609435153,-2.748282186029677,0.18266457659452406
82,7,-16.5,-16.0,351,85,266,-2.856817411267584,-2.748282186029677,-0.10853522523790682
82,8,-16.0,-15.5,351,227,124,-3.03213070910285,-2.748282186029677,-0.2838485230731731
82,9,-15.5,-15.0,352,126,226,-2.982129272642636,-2.748282186029677,-0.23384708661295894
82,10,-15.0,-14.5,351,48,303,-2.6252004031271277,-2.748282186029677,0.12308178290254945
82,11,-14.5,-14.0,351,93,258,-2.8571528108589375,-2.748282186029677,-0.10887062482926035
82,12,-14.0,-13.5,352,240,112,-2.7718213001772014,-2.748282186029677,-0.023539114147524298
82,13,-13.5,-13.0,351,251,100,-2.9771083230127093,-2.748282186029677,-0.22882613698303222
82,14,-13.0,-12.5,351,127,224,-2.907236553533868,-2.748282186029677,-0.15895436750419067
82,15,-12.5,-12.0,351,304,47,-2.6212527924177937,-2.748282186029677,0.12702939361188337
82,16,-12.0,-11.5,352,333,19,-2.5127992727587305,-2.748282186029677,0.23548291327094661
82,17,-11.5,-11.0,351,77,274,-2.791569810512734,-2.748282186029677,-0.043287624483056675
82,18,-11.0,-10.5,351,179,172,-2.153283360290953,-2.748282186029677,0.594998825738724
82,19,-10.5,-10.0,352,183,169,-2.849091959979705,-2.748282186029677,-0.10080977395002799
82,20,-10.0,-9.5,351,155,196,-2.374138403775051,-2.748282186029677,0.3741437822546261
82,21,-9.5,-9.0,351,303,48,-2.5143592338955902,-2.748282186029677,0.23392295213408687
82,22,-9.0,-8.5,351,218,133,-2.86577091420299,-2.748282186029677,-0.11748872817331302
82,23,-8.5,-8.0,352,294,58,-2.444651889673928,-2.748282186029677,0.3036302963557489
82,24,-8.0,-7.5,351,263,88,-2.8682396841372877,-2.748282186029677,-0.11995749810761058
82,25,-7.5,-7.0,351,327,24,-2.6220483048251007,-2.748282186029677,0.12623388120457646
82,26,-7.0,-6.5,352,192,160,-2.6697450954483184,-2.748282186029677,0.07853709058135872
82,27,-6.5,-6.0,351,260,91,-2.4928194212359225,-2.748282186029677,0.2554627647937546
82,28,-6.0,-5.5,351,167,184,-2.6030981058373213,-2.748282186029677,0.14518408019235585
82,29,-5.5,-5.0,351,297,54,-2.7839944859171686,-2.748282186029677,-0.03571229988749147
82,30,-5.0,-4.5,352,339,13,-2.3748868785661865,-2.748282186029677,0.3733953074634906
82,31,-4.5,-4.0,351,242,109,-2.7907379851732412,-2.748282186029677,-0.04245579914356412
82,32,-4.0,-3.5,351,278,73,-2.8786953876708017,-2.748282186029677,-0.13041320164112458
82,33,-3.5,-3.0,352,223,129,-3.0356127583295907,-2.748282186029677,-0.28733057229991354
82,34,-3.0,-2.5,351,270,81,-2.38011522583511,-2.748282186029677,0.36816696019456696
82,35,-2.5,-2.0,351,162,189,-2.724743071882153,-2.748282186029677,0.023539114147524298
82,36,-2.0,-1.5,351,45,306,-2.7947181870601128,-2.748282186029677,-0.04643600103043566
82,37,-1.5,-1.0,352,256,96,-2.523412558240043,-2.748282186029677,0.22486962778963404
82,38,-1.0,-0.5,351,135,216,-2.8319186645134367,-2.748282186029677,-0.08363647848375955
82,39,-0.5,0.0,351,119,232,-2.8598172259982655,-2.748282186029677,-0.11153503996858838
82,40,0.0,0.5,352,213,139,-3.013316329556963,-2.748282186029677,-0.26503414352728605
82,41,0.5,1.0,351,277,74,-2.5314770754757054,-2.748282186029677,0.21680511055397167
82,42,1.0,1.5,351,210,141,-3.0377551914064798,-2.748282186029677,-0.28947300537680265
82,43,1.5,2.0,351,281,70,-2.966021354022182,-2.748282186029677,-0.2177391679925047
82,44,2.0,2.5,352,298,54,-2.434517402451159,-2.748282186029677,0.313764783578518
82,45,2.5,3.0,351,248,103,-2.919817446820524,-2.748282186029677,-0.1715352607908467
82,46,3.0,3.5,351,259,92,-2.81391306653903,-2.748282186029677,-0.06563088050935306
82,47,3.5,4.0,352,191,161,-2.887994299981067,-2.748282186029677,-0.13971211395138994
82,48,4.0,4.5,351,134,217,-2.980280234112043,-2.748282186029677,-0.23199804808236602
82,49,4.5,5.0,351,332,19,-2.1175295674145254,-2.748282186029677,0.6307526186151517
82,50,5.0,5.5,351,294,57,-2.0141600467494802,-2.748282186029677,0.7341221392801969
82,51,5.5,6.0,352,251,101,-2.8478230456690596,-2.748282186029677,-0.09954085963938253
82,52,6.0,6.5,351,156,195,-3.051857370425384,-2.748282186029677,-0.3035751843957071
82,53,6.5,7.0,351,140,211,-2.945504067775408,-2.748282186029677,-0.19722188174573096
82,54,7.0,7.5,352,333,19,-2.0049558752643937,-2.748282186029677,0.7433263107652834
82,55,7.5,8.0,351,324,27,-2.489675946683478,-2.748282186029677,0.2586062393461992
82,56,8.0,8.5,351,156,195,-3.00699190999875,-2.748282186029677,-0.25870972396907277
82,57,8.5,9.0,351,232,119,-2.9404241785922793,-2.748282186029677,-0.19214199256260223
82,58,9.0,9.5,352,48,304,-2.8756983379430268,-2.748282186029677,-0.12741615191334965
82,59,9.5,10.0,351,165,186,-3.01087479437141,-2.748282186029677,-0.2625926083417327
82,60,10.0,10.5,351,10,341,-3.179509840146852,-2.748282186029677,-0.4312276541171749
82,61,10.5,11.0,352,275,77,-3.0500197023828046,-2.748282186029677,-0.3017375163531275
82,62,11.0,11.5,351,54,297,-3.1370557092614355,-2.748282186029677,-0.3887735232317584
82,63,11.5,12.0,351,349,2,-2.0566743519288977,-2.748282186029677,0.6916078341007794
82,64,12.0,12.5,351,181,170,-2.435717056219309,-2.748282186029677,0.312565129810368
82,65,12.5,13.0,352,40,312,-3.036227745133613,-2.748282186029677,-0.2879455591039357
82,66,13.0,13.5,351,173,178,-2.9154035287854705,-2.748282186029677,-0.16712134275579338
82,67,13.5,14.0,351,193,158,-2.8615741169511506,-2.748282186029677,-0.1132919309214735
82,68,14.0,14.5,352,311,41,-2.211334923789769,-2.748282186029677,0.5369472622399081
82,69,14.5,15.0,351,111,240,-2.885943713638475,-2.748282186029677,-0.13766152760879802
82,70,15.0,15.5,351,333,18,-2.22958520813287,-2.748282186029677,0.5186969778968069
82,71,15.5,16.0,351,167,184,-2.5598368808386134,-2.748282186029677,0.18844530519106373
82,72,16.0,16.5,352,70,282,-3.1587981372371834,-2.748282186029677,-0.4105159512075063
82,73,16.5,17.0,351,80,271,-2.8365338148469674,-2.748282186029677,-0.08825162881729032
82,74,17.0,17.5,351,290,61,-2.0826437963046294,-2.748282186029677,0.6656383897250477
82,75,17.5,18.0,352,297,55,-2.6531397963057843,-2.748282186029677,0.09514238972389277
82,76,18.0,18.5,351,187,164,-2.156871589691096,-2.748282186029677,0.591410596338581
82,77,18.5,19.0,351,220,131,-2.080930100558124,-2.748282186029677,0.6673520854715531
82,78,19.0,19.5,351,171,180,-2.8913097647353543,-2.748282186029677,-0.14302757870567717
82,79,19.5,20.0,352,147,205,-2.23189965879161,-2.748282186029677,0.5163825272380671
83,0,-20.0,-19.5,352,163,189,-2.8680248779102646,-2.835386564033244,-0.032638313877020764
83,1,-19.5,-19.0,351,319,32,-2.4452614297436908,-2.835386564033244,0.3901251342895531
83,2,-19.0,-18.5,351,189,162,-2.747062021496788,-2.835386564033244,0.08832454253645583
83,3,-18.5,-18.0,351,285,66,-2.6021782212324704,-2.835386564033244,0.2332083428007734
83,4,-18.0,-17.5,352,121,231,-2.895680544712742,-2.835386564033244,-0.060293980679498205
83,5,-17.5,-17.0,351,339,12,-2.613345726347556,-2.835386564033244,0.22204083768568772
83,6,-17.0,-16.5,351,141,210,-2.714840316533124,-2.835386564033244,0.12054624750012
83,7,-16.5,-16.0,352,120,232,-2.9995132700748823,-2.835386564033244,-0.16412670604163848
83,8,-16.0,-15.5,351,298,53,-2.6697475302275357,-2.835386564033244,0.1656390338057081
83,9,-15.5,-15.0,351,273,78,-2.6982409854326876,-2.835386564033244,0.1371455786005562
83,10,-15.0,-14.5,351,301,50,-2.696572656010621,-2.835386564033244,0.13881390802262272
83,11,-14.5,-14.0,352,210,142,-2.8528569582072967,-2.835386564033244,-0.017470394174052828
83,12,-14.0,-13.5,351,258,93,-2.5945493256379173,-2.835386564033244,0.24083723839532656
83,13,-13.5,-13.0,351,218,133,-2.938530840287326,-2.835386564033244,-0.10314427625408218
83,14,-13.0,-12.5,352,66,286,-2.7146252337270473,-2.835386564033244,0.12076133030619651
83,15,-12.5,-12.0,351,205,146,-2.324550750295523,-2.835386564033244,0.5108358137377209
83,16,-12.0,-11.5,351,45,306,-2.8340635486444468,-2.835386564033244,0.0013230153887970886
83,17,-11.5,-11.0,351,160,191,-2.958529641733503,-2.835386564033244,-0.12314307770025934
83,18,-11.0,-10.5,352,200,152,-2.52240637484683,-2.835386564033244,0.3129801891864137
83,19,-10.5,-10.0,351,108,243,-2.8780336657521675,-2.835386564033244,-0.04264710171892361
83,20,-10.0,-9.5,351,295,56,-2.6415720464052073,-2.835386564033244,0.1938145176280366
83,21,-9.5,-9.0,352,300,52,-2.828536625826869,-2.835386564033244,0.006849938206374695
83,22,-9.0,-8.5,351,318,33,-2.6585663988773542,-2.835386564033244,0.1768201651558896
83,23,-8.5,-8.0,351,248,103,-2.8367095794220414,-2.835386564033244,-0.0013230153887975327
83,24,-8.0,-7.5,351,120,231,-2.3759615955668005,-2.835386564033244,0.4594249684664433
83,25,-7.5,-7.0,352,229,123,-2.940158553703936,-2.835386564033244,-0.10477198967069201
83,26,-7.0,-6.5,351,80,271,-3.035695139981838,-2.835386564033244,-0.2003085759485943
83,27,-6.5,-6.0,351,335,16,-2.5967312395059303,-2.835386564033244,0.23865532452731353
83,28,-6.0,-5.5,352,183,169,-2.878544824028487,-2.835386564033244,-0.04315825999524314
83,29,-5.5,-5.0,351,136,215,-2.3328518031134147,-2.835386564033244,0.5025347609198292
83,30,-5.0,-4.5,351,84,267,-2.949364135768766,-2.835386564033244,-0.11397757173552225
83,31,-4.5,-4.0,351,66,285,-3.0592533259892183,-2.835386564033244,-0.22386676195597444
83,32,-4.0,-3.5,352,138,214,-2.9191650478999964,-2.835386564033244,-0.08377848386675257
83,33,-3.5,-3.0,351,217,134,-2.856373866365592,-2.835386564033244,-0.020987302332348357
83,34,-3.0,-2.5,351,236,115,-2.6931028637854624,-2.835386564033244,0.14228370024778147
83,35,-2.5,-2.0,352,260,92,-2.8390284297127106,-2.835386564033244,-0.0036418656794667825
83,36,-2.0,-1.5,351,278,73,-2.6655910075136395,-2.835386564033244,0.16979555651960432
83,37,-1.5,-1.0,351,114,237,-3.158444858929238,-2.835386564033244,-0.32305829489599436
83,38,-1.0,-0.5,351,224,127,-2.658156924011524,-2.835386564033244,0.1772296400217197
83,39,-0.5,0.0,352,167,185,-2.8520260946268685,-2.835386564033244,-0.016639530593624663
83,40,0.0,0.5,351,332,19,-2.4951938044045394,-2.835386564033244,0.34019275962870443
83,41,0.5,1.0,351,104,247,-3.162274718732915,-2.835386564033244,-0.32688815469967114
83,42,1.0,1.5,352,280,72,-2.711242167833707,-2.835386564033244,0.12414439619953699
83,43,1.5,2.0,351,146,205,-2.868404648118088,-2.835386564033244,-0.03301808408484419
83,44,2.0,2.5,351,182,169,-3.068455094526086,-2.835386564033244,-0.23306853049284193
83,45,2.5,3.0,351,313,38,-2.79516444385436,-2.835386564033244,0.040222120178883713
83,46,3.0,3.5,352,293,59,-2.9556174982213737,-2.835386564033244,-0.1202309341881298
83,47,3.5,4.0,351,203,148,-2.848016059913017,-2.835386564033244,-0.012629495879773245
83,48,4.0,4.5,351,196,155,-2.6629747838356117,-2.835386564033244,0.17241178019763215
83,49,4.5,5.0,352,170,182,-2.7603075263430226,-2.835386564033244,0.07507903769022128
83,50,5.0,5.5,351,183,168,-2.6540952018277197,-2.835386564033244,0.1812913622055241
83,51,5.5,6.0,351,254,97,-2.540919434552409,-2.835386564033244,0.294467129480835
83,52,6.0,6.5,351,305,46,-2.918508365496033,-2.835386564033244,-0.08312180146278925
83,53,6.5,7.0,352,269,83,-2.864556879083429,-2.835386564033244,-0.02917031505018519
83,54,7.0,7.5,351,334,17,-2.7529724159301203,-2.835386564033244,0.08241414810312353
83,55,7.5,8.0,351,215,136,-2.9763122117763516,-2.835386564033244,-0.14092564774310778
83,56,8.0,8.5,352,66,286,-3.1457181757723243,-2.835386564033244,-0.3103316117390804
83,57,8.5,9.0,351,228,123,-2.43694806299687,-2.835386564033244,0.3984385010363738
83,58,9.0,9.5,351,123,228,-3.0106630335123263,-2.835386564033244,-0.1752764694790825
83,59,9.5,10.0,351,184,167,-2.931611822017314,-2.835386564033244,-0.09622525798407011
83,60,10.0,10.5,352,134,218,-2.4329839838219893,-2.835386564033244,0.4024025802112545
83,61,10.5,11.0,351,282,69,-2.9084617384612654,-2.835386564033244,-0.07307517442802158
83,62,11.0,11.5,351,230,121,-2.950394082546799,-2.835386564033244,-0.11500751851355506
83,63,11.5,12.0,352,171,181,-2.167757232641471,-2.835386564033244,0.6676293313917729
83,64,12.0,12.5,351,133,218,-2.9256810743578114,-2.835386564033244,-0.09029451032456759
83,65,12.5,13.0,351,250,101,-2.4433968848874543,-2.835386564033244,0.3919896791457895
83,66,13.0,13.5,351,305,46,-3.023342749731625,-2.835386564033244,-0.18795618569838135
83,67,13.5,14.0,352,220,132,-2.532113689982405,-2.835386564033244,0.303272874050839
83,68,14.0,14.5,351,124,227,-2.868045170282276,-2.835386564033244,-0.03265860624903194
83,69,14.5,15.0,351,126,225,-2.890622884873986,-2.835386564033244,-0.05523632084074226
83,70,15.0,15.5,352,216,136,-2.3560287271795826,-2.835386564033244,0.4793578368536613
83,71,15.5,16.0,351,178,173,-2.905028666343243,-2.835386564033244,-0.06964210230999912
83,72,16.0,16.5,351,146,205,-2.7710633413327033,-2.835386564033244,0.06432322270054058
83,73,16.5,17.0,351,295,56,-2.649040445430427,-2.835386564033244,0.1863461186028168
83,74,17.0,17.5,352,212,140,-2.9646081093520062,-2.835386564033244,-0.1292215453187624
83,75,17.5,18.0,351,218,133,-2.902070430655943,-2.835386564033244,-0.0666838666226992
83,76,18.0,18.5,351,267,84,-2.3997891941773886,-2.835386564033244,0.4355973698558553
83,77,18.5,19.0,352,296,56,-2.999366252645996,-2.835386564033244,-0.16397968861275203
83,78,19.0,19.5,351,284,67,-2.5290215205372872,-2.835386564033244,0.3063650434959566
83,79,19.5,20.0,351,187,164,-2.942510877292748,-2.835386564033244,-0.10712431325950433
84,0,-20.0,-19.5,351,199,152,-3.015859593424311,-2.7829993062439895,-0.23286028718032137
84,1,-19.5,-19.0,352,287,65,-2.706010836116449,-2.7829993062439895,0.07698847012754051
84,2,-19.0,-18.5,351,104,247,-3.0941538118221055,-2.7829993062439895,-0.31115450557811597
84,3,-18.5,-18.0,351,217,134,-2.4070234542723075,-2.7829993062439895,0.37597585197168204
84,4,-18.0,-17.5,352,103,249,-2.70791572950446,-2.7829993062439895,0.0750835767395297
84,5,-17.5,-17.0,351,189,162,-2.9151114285126956,-2.7829993062439895,-0.13211212226870606
84,6,-17.0,-16.5,351,191,160,-2.5941091657360795,-2.7829993062439895,0.18889014050790998
84,7,-16.5,-16.0,351,0,351,,-2.7829993062439895,
84,8,-16.0,-15.5,352,142,210,-2.659943207961194,-2.7829993062439895,0.12305609828279529
84,9,-15.5,-15.0,351,173,178,-2.5706994262264105,-2.7829993062439895,0.21229988001757905
84,10,-15.0,-14.5,351,182,169,-2.8315063364834856,-2.7829993062439895,-0.048507030239496096
84,11,-14.5,-14.0,352,204,148,-2.4779993589846736,-2.7829993062439895,0.3049999472593159
84,12,-14.0,-13.5,351,111,240,-2.9161972289539757,-2.7829993062439895,-0.1331979227099862
84,13,-13.5,-13.0,351,209,142,-2.4386293632765335,-2.7829993062439895,0.34436994296745604
84,14,-13.0,-12.5,351,178,173,-2.815112401304906,-2.7829993062439895,-0.03211309506091631
84,15,-12.5,-12.0,352,0,352,,-2.7829993062439895,
84,16,-12.0,-11.5,351,201,150,-2.614614243494703,-2.7829993062439895,0.16838506274928644
84,17,-11.5,-11.0,351,302,49,-2.879882215748413,-2.7829993062439895,-0.09688290950442369
84,18,-11.0,-10.5,352,172,180,-2.776028357360881,-2.7829993062439895,0.006970948883108452
84,19,-10.5,-10.0,351,293,58,-2.651840100916701,-2.7829993062439895,0.1311592053272883
84,20,-10.0,-9.5,351,146,205,-2.864777397689177,-2.7829993062439895,-0.08177809144518733
84,21,-9.5,-9.0,351,154,197,-2.6247944746038456,-2.7829993062439895,0.15820483164014387
84,22,-9.0,-8.5,352,0,352,,-2.7829993062439895,
84,23,-8.5,-8.0,351,77,274,-2.897215605706102,-2.7829993062439895,-0.11421629946211231
84,24,-8.0,-7.5,351,253,98,-2.7010804560114376,-2.7829993062439895,0.08191885023255185
84,25,-7.5,-7.0,352,216,136,-2.7924877847919456,-2.7829993062439895,-0.009488478547956092
84,26,-7.0,-6.5,351,173,178,-2.84925627731468,-2.7829993062439895,-0.06625697107069062
84,27,-6.5,-6.0,351,315,36,-2.641719264688328,-2.7829993062439895,0.14128004155566165
84,28,-6.0,-5.5,351,73,278,-2.73433780567809,-2.7829993062439895,0.04866150056589946
84,29,-5.5,-5.0,352,193,159,-2.8111145991613036,-2.7829993062439895,-0.028115292917314072
84,30,-5.0,-4.5,351,166,185,-2.935560628579125,-2.7829993062439895,-0.15256132233513542
84,31,-4.5,-4.0,351,202,149,-2.546985368305908,-2.7829993062439895,0.23601393793808167
84,32,-4.0,-3.5,352,253,99,-2.979290511596583,-2.7829993062439895,-0.1962912053525936
84,33,-3.5,-3.0,351,327,24,-2.5218218404639026,-2.7829993062439895,0.26117746578008694
84,34,-3.0,-2.5,351,80,271,-2.9906954261388927,-2.7829993062439895,-0.20769611989490322
84,35,-2.5,-2.0,351,248,103,-2.6614972823454357,-2.7829993062439895,0.1215020238985538
84,36,-2.0,-1.5,352,221,131,-2.7899702551270975,-2.7829993062439895,-0.006970948883108008
84,37,-1.5,-1.0,351,44,307,-2.7907324435459864,-2.7829993062439895,-0.007733137301996873
84,38,-1.0,-0.5,351,199,152,-2.571694343744729,-2.7829993062439895,0.21130496249926045
84,39,-0.5,0.0,352,125,227,-2.6724248606289445,-2.7829993062439895,0.11057444561504504
84,40,0.0,0.5,351,261,90,-2.6826732879412782,-2.7829993062439895,0.10032601830271126
84,41,0.5,1.0,351,146,205,-2.9262914510118403,-2.7829993062439895,-0.1432921447678508
84,42,1.0,1.5,351,296,55,-2.6988739967787816,-2.7829993062439895,0.08412530946520791
84,43,1.5,2.0,352,199,153,-2.960256297056021,-2.7829993062439895,-0.1772569908120314
84,44,2.0,2.5,351,268,83,-2.6434741160223596,-2.7829993062439895,0.1395251902216299
84,45,2.5,3.0,351,122,229,-2.9737634514869047,-2.7829993062439895,-0.19076414524291518
84,46,3.0,3.5,352,179,173,-2.904928900227453,-2.7829993062439895,-0.12192959398346348
84,47,3.5,4.0,351,240,111,-2.6206383545286216,-2.7829993062439895,0.1623609517153679
84,48,4.0,4.5,351,165,186,-2.842612465163706,-2.7829993062439895,-0.059613158919716636
84,49,4.5,5.0,351,156,195,-2.6528040852076717,-2.7829993062439895,0.13019522103631775
84,50,5.0,5.5,352,54,298,-2.3298271394956096,-2.7829993062439895,0.4531721667483799
84,51,5.5,6.0,351,213,138,-2.890045351462242,-2.7829993062439895,-0.10704604521825267
84,52,6.0,6.5,351,240,111,-2.520781175451912,-2.7829993062439895,0.26221813079207745
84,53,6.5,7.0,352,232,120,-2.8314360003178844,-2.7829993062439895,-0.04843669407389495
84,54,7.0,7.5,351,113,238,-2.56297559400318,-2.7829993062439895,0.2200237122408093
84,55,7.5,8.0,351,217,134,-2.687123382775669,-2.7829993062439895,0.09587592346832041
84,56,8.0,8.5,351,177,174,-2.3939927418577582,-2.7829993062439895,0.38900656438623127
84,57,8.5,9.0,352,107,245,-2.657120903675873,-2.7829993062439895,0.12587840256811633
84,58,9.0,9.5,351,38,313,-2.864994210909483,-2.7829993062439895,-0.08199490466549353
84,59,9.5,10.0,351,261,90,-2.910528965359387,-2.7829993062439895,-0.12752965911539738
84,60,10.0,10.5,352,114,238,-2.946188600569645,-2.7829993062439895,-0.16318929432565543
84,61,10.5,11.0,351,192,159,-2.4558568773616765,-2.7829993062439895,0.32714242888231304
84,62,11.0,11.5,351,249,102,-2.9073563296692075,-2.7829993062439895,-0.12435702342521804
84,63,11.5,12.0,351,194,157,-2.8924259849440985,-2.7829993062439895,-0.10942667870010903
84,64,12.0,12.5,352,208,144,-2.5473059655870447,-2.7829993062439895,0.2356933406569448
84,65,12.5,13.0,351,136,215,-2.9919007927218346,-2.7829993062439895,-0.20890148647784512
84,66,13.0,13.5,351,203,148,-2.8680614522020242,-2.7829993062439895,-0.08506214595803474
84,67,13.5,14.0,352,274,78,-2.665892119272972,-2.7829993062439895,0.11710718697101763
84,68,14.0,14.5,351,120,231,-2.849876286551006,-2.7829993062439895,-0.06687698030701661
84,69,14.5,15.0,351,237,114,-2.4898957914560174,-2.7829993062439895,0.29310351478797214
84,70,15.0,15.5,351,196,155,-2.809014890308802,-2.7829993062439895,-0.026015584064812636
84,71,15.5,16.0,352,211,141,-2.509122676674754,-2.7829993062439895,0.2738766295692354
84,72,16.0,16.5,351,127,224,-2.9050996999730625,-2.7829993062439895,-0.122100393729073
84,73,16.5,17.0,351,272,79,-2.89153837134159,-2.7829993062439895,-0.10853906509760058
84,74,17.0,17.5,352,289,63,-2.5378496270887747,-2.7829993062439895,0.2451496791552148
84,75,17.5,18.0,351,200,151,-3.049495440946452,-2.7829993062439895,-0.2664961347024626
84,76,18.0,18.5,351,133,218,-3.006630842604155,-2.7829993062439895,-0.2236315363601653
84,77,18.5,19.0,351,241,110,-2.4764288680301902,-2.7829993062439895,0.30657043821379926
84,78,19.0,19.5,352,131,221,-2.836498411554271,-2.7829993062439895,-0.05349910531028135
84,79,19.5,20.0,351,92,259,-3.023342995185767,-2.7829993062439895,-0.2403436889417776
85,0,-20.0,-19.5,351,257,94,-2.3855928363380627,-2.830186203415712,0.4445933670776494
85,1,-19.5,-19.0,351,231,120,-2.792331296544947,-2.830186203415712,0.03785490687076498
85,2,-19.0,-18.5,352,266,86,-2.4838533865348214,-2.830186203415712,0.3463328168808908
85,3,-18.5,-18.0,351,175,176,-2.9674826337512554,-2.830186203415712,-0.13729643033554328
85,4,-18.0,-17.5,351,255,96,-2.7119660148452467,-2.830186203415712,0.11822018857046546
85,5,-17.5,-17.0,351,169,182,-2.3537020946876295,-2.830186203415712,0.47648410872808267
85,6,-17.0,-16.5,352,266,86,-2.7970649369134315,-2.830186203415712,0.033121266502280644
85,7,-16.5,-16.0,351,299,52,-2.501312176535603,-2.830186203415712,0.32887402688010914
85,8,-16.0,-15.5,351,277,74,-2.683685283368393,-2.830186203415712,0.1465009200473193
85,9,-15.5,-15.0,352,286,66,-2.832371158883811,-2.830186203415712,-0.002184955468099048
85,10,-15.0,-14.5,351,237,114,-2.2425713988935247,-2.830186203415712,0.5876148045221874
85,11,-14.5,-14.0,351,152,199,-2.862060676499921,-2.830186203415712,-0.031874473084208876
85,12,-14.0,-13.5,351,324,27,-2.8878426171746976,-2.830186203415712,-0.05765641375898545
85,13,-13.5,-13.0,352,248,104,-2.5721437095140227,-2.830186203415712,0.25804249390168943
85,14,-13.0,-12.5,351,253,98,-2.913163747908008,-2.830186203415712,-0.08297754449229577
85,15,-12.5,-12.0,351,220,131,-2.8798665827503678,-2.830186203415712,-0.04968037933465563
85,16,-12.0,-11.5,352,262,90,-2.4359503678224166,-2.830186203415712,0.39423583559329556
85,17,-11.5,-11.0,351,77,274,-3.0984909540687937,-2.830186203415712,-0.26830475065308157
85,18,-11.0,-10.5,351,129,222,-2.976880991321138,-2.830186203415712,-0.1466947879054259
85,19,-10.5,-10.0,351,214,137,-2.8209756504933994,-2.830186203415712,0.009210552922312765
85,20,-10.0,-9.5,352,213,139,-2.6898148580719927,-2.830186203415712,0.14037134534371942
85,21,-9.5,-9.0,351,162,189,-2.2483974850019104,-2.830186203415712,0.5817887184138018
85,22,-9.0,-8.5,351,231,120,-2.091796577444127,-2.830186203415712,0.738389625971585
85,23,-8.5,-8.0,352,238,114,-2.839396756338025,-2.830186203415712,-0.009210552922312765
85,24,-8.0,-7.5,351,287,64,-2.574894234688369,-2.830186203415712,0.25529196872734294
85,25,-7.5,-7.0,351,253,98,-2.8409314658499425,-2.830186203415712,-0.010745262434230352
85,26,-7.0,-6.5,351,251,100,-2.839653466809534,-2.830186203415712,-0.009467263393821757
85,27,-6.5,-6.0,352,256,96,-2.2571182201373543,-2.830186203415712,0.5730679832783578
85,28,-6.0,-5.5,351,275,76,-2.7685911081119934,-2.830186203415712,0.06159509530371876
85,29,-5.5,-5.0,351,298,53,-2.8559880791408836,-2.830186203415712,-0.025801875725171453
85,30,-5.0,-4.5,352,132,220,-2.7839030752608096,-2.830186203415712,0.04628312815490254
85,31,-4.5,-4.0,351,104,247,-2.9441453002386417,-2.830186203415712,-0.1139590968229296
85,32,-4.0,-3.5,351,141,210,-2.8549714942447637,-2.830186203415712,-0.024785290829051565
85,33,-3.5,-3.0,351,294,57,-2.3831039344348426,-2.830186203415712,0.44708226898086956
85,34,-3.0,-2.5,352,155,197,-2.8931164373090152,-2.830186203415712,-0.0629302338933031
85,35,-2.5,-2.0,351,179,172,-2.9161393824420196,-2.830186203415712,-0.0859531790263075
85,36,-2.0,-1.5,351,275,76,-2.3970967390753857,-2.830186203415712,0.43308946434032647
85,37,-1.5,-1.0,352,200,152,-2.717782772017695,-2.830186203415712,0.11240343139801734
85,38,-1.0,-0.5,351,298,53,-2.4694974154894647,-2.830186203415712,0.3606887879262475
85,39,-0.5,0.0,351,331,20,-2.9804307400165198,-2.830186203415712,-0.1502445366008076
85,40,0.0,0.5,351,116,235,-2.883755760573476,-2.830186203415712,-0.0535695571577639
85,41,0.5,1.0,352,253,99,-2.441628537579893,-2.830186203415712,0.38855766583581897
85,42,1.0,1.5,351,119,232,-3.013210552899408,-2.830186203415712,-0.18302434948369584
85,43,1.5,2.0,351,294,57,-2.44665398252216,-2.830186203415712,0.3835322208935521
85,44,2.0,2.5,352,228,124,-2.8239840854237457,-2.830186203415712,0.00620211799196646
85,45,2.5,3.0,351,302,49,-2.5035821930989246,-2.830186203415712,0.32660401031678754
85,46,3.0,3.5,351,202,149,-2.8478242315757534,-2.830186203415712,-0.01763802816004123
85,47,3.5,4.0,351,282,69,-2.886911557302719,-2.830186203415712,-0.056725353887006946
85,48,4.0,4.5,352,273,79,-2.3381608641937266,-2.830186203415712,0.49202533922198555
85,49,4.5,5.0,351,275,76,-2.945310842159895,-2.830186203415712,-0.11512463874418266
85,50,5.0,5.5,351,149,202,-2.840240185856609,-2.830186203415712,-0.010053982440896725
85,51,5.5,6.0,352,306,46,-2.52764836051879,-2.830186203415712,0.3025378428969221
85,52,6.0,6.5,351,206,145,-2.9747959381745464,-2.830186203415712,-0.1446097347588342
85,53,6.5,7.0,351,170,181,-2.8460646941935157,-2.830186203415712,-0.015878490777803567
85,54,7.0,7.5,351,338,13,-2.4287623147057116,-2.830186203415712,0.40142388871000056
85,55,7.5,8.0,352,252,100,-2.983838910567251,-2.830186203415712,-0.15365270715153878
85,56,8.0,8.5,351,170,181,-2.9194493601288536,-2.830186203415712,-0.08926315671314144
85,57,8.5,9.0,351,321,30,-2.8369333578022267,-2.830186203415712,-0.00674715438651452
85,58,9.0,9.5,352,315,37,-2.2662358476630917,-2.830186203415712,0.5639503557526204
85,59,9.5,10.0,351,217,134,-2.9248988829079043,-2.830186203415712,-0.0947126794921922
85,60,10.0,10.5,351,172,179,-2.9150609369576346,-2.830186203415712,-0.08487473354192243
85,61,10.5,11.0,351,169,182,-2.790674126148545,-2.830186203415712,0.0395120772671671
85,62,11.0,11.5,352,315,37,-2.450631945012965,-2.830186203415712,0.3795542584027469
85,63,11.5,12.0,351,80,271,-2.7934376047757987,-2.830186203415712,0.03674859863991342
85,64,12.0,12.5,351,226,125,-2.179886367057459,-2.830186203415712,0.6502998363582533
85,65,12.5,13.0,352,271,81,-2.7683956411179027,-2.830186203415712,0.06179056229780944
85,66,13.0,13.5,351,105,246,-2.9053395690237847,-2.830186203415712,-0.07515336560807251
85,67,13.5,14.0,351,233,118,-3.0918851810368713,-2.830186203415712,-0.2616989776211591
85,68,14.0,14.5,351,348,3,-2.2846480002352427,-2.830186203415712,0.5455382031804694
85,69,14.5,15.0,352,265,87,-2.8196550278963013,-2.830186203415712,0.010531175519410851
85,70,15.0,15.5,351,211,140,-3.0465513487268496,-2.830186203415712,-0.21636514531113749
85,71,15.5,16.0,351,274,77,-2.397769134544226,-2.830186203415712,0.43241706887148634
85,72,16.0,16.5,352,218,134,-3.0230701513833695,-2.830186203415712,-0.1928839479676574
85,73,16.5,17.0,351,241,110,-2.321119667369324,-2.830186203415712,0.509066536046388
85,74,17.0,17.5,351,211,140,-2.893667111104261,-2.830186203415712,-0.06348090768854897
85,75,17.5,18.0,351,199,152,-2.8159922396608916,-2.830186203415712,0.014193963754820516
85,76,18.0,18.5,352,139,213,-2.5143376919480804,-2.830186203415712,0.3158485114676317
85,77,18.5,19.0,351,257,94,-2.46338666095015,-2.830186203415712,0.3667995424655621
85,78,19.0,19.5,351,176,175,-2.9293246956743166,-2.830186203415712,-0.0991384922586045
85,79,19.5,20.0,352,286,66,-3.0241951359326276,-2.830186203415712,-0.19400893251691542
86,0,-20.0,-19.5,352,237,115,-2.909375144876174,-2.637354429767112,-0.2720207151090621
86,1,-19.5,-19.0,351,351,0,-2.5166900403726165,-2.637354429767112,0.12066438939449542
86,2,-19.0,-18.5,351,283,68,-2.7245393518763925,-2.637354429767112,-0.08718492210928064
86,3,-18.5,-18.0,352,282,70,-2.648522848235346,-2.637354429767112,-0.01116841846823391
86,4,-18.0,-17.5,351,199,152,-2.536284547068228,-2.637354429767112,0.10106988269888406
86,5,-17.5,-17.0,351,232,119,-2.5344145002312533,-2.637354429767112,0.10293992953585862
86,6,-17.0,-16.5,351,235,116,-2.6299117191941885,-2.637354429767112,0.007442710572923339
86,7,-16.5,-16.0,352,258,94,-2.3428803834011296,-2.637354429767112,0.2944740463659823
86,8,-16.0,-15.5,351,320,31,-2.838094901087505,-2.637354429767112,-0.20074047132039308
86,9,-15.5,-15.0,351,281,70,-2.2602587065645836,-2.637354429767112,0.37709572320252827
86,10,-15.0,-14.5,352,55,297,-2.927669878260572,-2.637354429767112,-0.29031544849346025
86,11,-14.5,-14.0,351,130,221,-2.4146984966388114,-2.637354429767112,0.22265593312830045
86,12,-14.0,-13.5,351,233,118,-2.5464056191269933,-2.637354429767112,0.09094881064011862
86,13,-13.5,-13.0,351,260,91,-2.7385716112879805,-2.637354429767112,-0.10121718152086867
86,14,-13.0,-12.5,352,210,142,-2.5803094400326994,-2.637354429767112,0.05704498973441252
86,15,-12.5,-12.0,351,267,84,-2.343321798129124,-2.637354429767112,0.29403263163798776
86,16,-12.0,-11.5,351,102,249,-2.457818124679021,-2.637354429767112,0.17953630508809093
86,17,-11.5,-11.0,352,177,175,-2.828192629300748,-2.637354429767112,-0.19083819953363612
86,18,-11.0,-10.5,351,221,130,-2.405172479163061,-2.637354429767112,0.23218195060405078
86,19,-10.5,-10.0,351,125,226,-2.310689154609241,-2.637354429767112,0.3266652751578709
86,20,-10.0,-9.5,351,215,136,-2.809226479656798,-2.637354429767112,-0.17187204988968618
86,21,-9.5,-9.0,352,328,24,-2.5907679205653538,-2.637354429767112,0.04658650920175811
86,22,-9.0,-8.5,351,316,35,-2.9064234371905844,-2.637354429767112,-0.2690690074234725
86,23,-8.5,-8.0,351,235,116,-2.25608636663107,-2.637354429767112,0.38126806313604167
86,24,-8.0,-7.5,352,154,198,-2.8603556158640444,-2.637354429767112,-0.22300118609693254
86,25,-7.5,-7.0,351,284,67,-2.265179241078682,-2.637354429767112,0.3721751886884297
86,26,-7.0,-6.5,351,241,110,-2.8630079416099896,-2.637354429767112,-0.22565351184287774
86,27,-6.5,-6.0,351,139,212,-2.7682527685007647,-2.637354429767112,-0.13089833873365286
86,28,-6.0,-5.5,352,315,37,-2.5119012748292286,-2.637354429767112,0.12545315493788323
86,29,-5.5,-5.0,351,159,192,-2.9693812540393196,-2.637354429767112,-0.33202682427220775
86,30,-5.0,-4.5,351,225,126,-2.526101096212118,-2.637354429767112,0.1112533335549939
86,31,-4.5,-4.0,352,113,239,-2.8326598034684642,-2.637354429767112,-0.19530537370135237
86,32,-4.0,-3.5,351,256,95,-2.652270235475224,-2.637354429767112,-0.014915805708112018
86,33,-3.5,-3.0,351,273,78,-2.50579189066119,-2.637354429767112,0.13156253910592186
86,34,-3.0,-2.5,351,242,109,-2.8791025546688944,-2.637354429767112,-0.24174812490178255
86,35,-2.5,-2.0,352,314,38,-2.6224386240589994,-2.637354429767112,0.014915805708112462
86,36,-2.0,-1.5,351,251,100,-2.9850830236566432,-2.637354429767112,-0.34772859388953137
86,37,-1.5,-1.0,351,311,40,-2.8353372007929933,-2.637354429767112,-0.19798277102588147
86,38,-1.0,-0.5,352,297,55,-2.515178927984485,-2.637354429767112,0.12217550178262693
86,39,-0.5,0.0,351,250,101,-2.8064796942353993,-2.637354429767112,-0.16912526446828746
86,40,0.0,0.5,351,286,65,-3.01974179017449,-2.637354429767112,-0.3823873604073782
86,41,0.5,1.0,351,222,129,-2.468375472577699,-2.637354429767112,0.1689789571894127
86,42,1.0,1.5,352,268,84,-2.8501066479669963,-2.637354429767112,-0.21275221819988444
86,43,1.5,2.0,351,286,65,-2.938705521589314,-2.637354429767112,-0.3013510918222022
86,44,2.0,2.5,351,302,49,-2.7494688113230774,-2.637354429767112,-0.11211438155596554
86,45,2.5,3.0,352,216,136,-2.8864846180298205,-2.637354429767112,-0.2491301882627086
86,46,3.0,3.5,351,205,146,-2.9133607380248168,-2.637354429767112,-0.2760063082577049
86,47,3.5,4.0,351,304,47,-2.908127292359487,-2.637354429767112,-0.2707728625923753
86,48,4.0,4.5,351,334,17,-2.3128801892755764,-2.637354429767112,0.3244742404915355
86,49,4.5,5.0,352,184,168,-2.708355149718984,-2.637354429767112,-0.07100071995187207
86,50,5.0,5.5,351,179,172,-2.784766960119861,-2.637354429767112,-0.14741253035274893
86,51,5.5,6.0,351,275,76,-2.9855767290550768,-2.637354429767112,-0.3482222992879649
86,52,6.0,6.5,352,182,170,-2.849778740985421,-2.637354429767112,-0.2124243112183093
86,53,6.5,7.0,351,312,39,-2.0726719304785624,-2.637354429767112,0.5646824992885495
86,54,7.0,7.5,351,139,212,-2.8799473381028715,-2.637354429767112,-0.24259290833575964
86,55,7.5,8.0,351,249,102,-2.891716150026495,-2.637354429767112,-0.2543617202593831
86,56,8.0,8.5,352,186,166,-2.9290934795103625,-2.637354429767112,-0.2917390497432506
86,57,8.5,9.0,351,206,145,-2.604509898488583,-2.637354429767112,0.03284453127852904
86,58,9.0,9.5,351,63,288,-2.8871564648023402,-2.637354429767112,-0.24980203503522835
86,59,9.5,10.0,352,250,102,-2.8185959800548126,-2.637354429767112,-0.18124155028770073
86,60,10.0,10.5,351,180,171,-2.858228415083187,-2.637354429767112,-0.22087398531607505
86,61,10.5,11.0,351,260,91,-2.9768426595104005,-2.637354429767112,-0.3394882297432886
86,62,11.0,11.5,351,144,207,-2.9067117792031407,-2.637354429767112,-0.26935734943602885
86,63,11.5,12.0,352,202,150,-2.2098195107614287,-2.637354429767112,0.4275349190056832
86,64,12.0,12.5,351,123,228,-2.9259414000939072,-2.637354429767112,-0.28858697032679537
86,65,12.5,13.0,351,232,119,-2.8248748340935848,-2.637354429767112,-0.18752040432647288
86,66,13.0,13.5,352,299,53,-2.43891741912497,-2.637354429767112,0.19843701064214203
86,67,13.5,14.0,351,208,143,-2.7731099608734833,-2.637354429767112,-0.1357555311063714
86,68,14.0,14.5,351,256,95,-2.208057534223543,-2.637354429767112,0.429296895543569
86,69,14.5,15.0,351,179,172,-2.8115227253710997,-2.637354429767112,-0.17416829560398783
86,70,15.0,15.5,352,96,256,-2.826169037421624,-2.637354429767112,-0.1888146076545123
86,71,15.5,16.0,351,294,57,-2.891695975120209,-2.637354429767112,-0.25434154535309705
86,72,16.0,16.5,351,8,343,-3.350329294196409,-2.637354429767112,-0.712974864429297
86,73,16.5,17.0,352,108,244,-2.6262192380173115,-2.637354429767112,0.011135191749800377
86,74,17.0,17.5,351,351,0,-2.2292959870391704,-2.637354429767112,0.40805844272794145
86,75,17.5,18.0,351,267,84,-3.067704031526584,-2.637354429767112,-0.4303496017594721
86,76,18.0,18.5,351,234,117,-2.9252219322737103,-2.637354429767112,-0.2878675025065984
86,77,18.5,19.0,352,281,71,-2.416301662995603,-2.637354429767112,0.22105276677150876
86,78,19.0,19.5,351,278,73,-2.2089064563275533,-2.637354429767112,0.42844797343955854
86,79,19.5,20.0,351,296,55,-2.907805592576217,-2.637354429767112,-0.2704511628091053
87,0,-20.0,-19.5,351,310,41,-2.4958549274325748,-2.724218958272842,0.22836403084026724
87,1,-19.5,-19.0,352,237,115,-2.8878731155602697,-2.724218958272842,-0.16365415728742772
87,2,-19.0,-18.5,351,259,92,-2.574233539161838,-2.724218958272842,0.14998541911100416
87,3,-18.5,-18.0,351,232,119,-2.4403424624952903,-2.724218958272842,0.2838764957775517
87,4,-18.0,-17.5,351,245,106,-2.7472684159212393,-2.724218958272842,-0.023049457648397276
87,5,-17.5,-17.0,352,268,84,-2.9346470188259564,-2.724218958272842,-0.21042806055311436
87,6,-17.0,-16.5,351,173,178,-2.8540771795450044,-2.724218958272842,-0.1298582212721624
87,7,-16.5,-16.0,351,219,132,-2.8779228369145917,-2.724218958272842,-0.15370387864174972
87,8,-16.0,-15.5,352,300,52,-2.8404724294302346,-2.724218958272842,-0.1162534711573926
87,9,-15.5,-15.0,351,147,204,-2.9642927398916847,-2.724218958272842,-0.24007378161884274
87,10,-15.0,-14.5,351,227,124,-2.9959698081493165,-2.724218958272842,-0.27175084987647447
87,11,-14.5,-14.0,351,322,29,-2.9887011128418495,-2.724218958272842,-0.2644821545690075
87,12,-14.0,-13.5,352,273,79,-2.722645267467747,-2.724218958272842,0.0015736908050949516
87,13,-13.5,-13.0,351,196,155,-2.8029910287919595,-2.724218958272842,-0.0787720705191175
87,14,-13.0,-12.5,351,288,63,-2.408470958979236,-2.724218958272842,0.3157479992936061
87,15,-12.5,-12.0,352,223,129,-2.8040281317290137,-2.724218958272842,-0.07980917345617167
87,16,-12.0,-11.5,351,215,136,-2.855247891047467,-2.724218958272842,-0.1310289327746248
87,17,-11.5,-11.0,351,279,72,-2.4256329941144186,-2.724218958272842,0.2985859641584234
87,18,-11.0,-10.5,351,301,50,-2.8288895776342993,-2.724218958272842,-0.10467061936145727
87,19,-10.5,-10.0,352,296,56,-2.59802615080201,-2.724218958272842,0.12619280747083206
87,20,-10.0,-9.5,351,233,118,-2.8292830318696667,-2.724218958272842,-0.10506407359682468
87,21,-9.5,-9.0,351,291,60,-2.4688024823391395,-2.724218958272842,0.25541647593370254
87,22,-9.0,-8.5,352,330,22,-2.901919325211871,-2.724218958272842,-0.17770036693902913
87,23,-8.5,-8.0,351,320,31,-2.5392816818398094,-2.724218958272842,0.1849372764330326
87,24,-8.0,-7.5,351,249,102,-2.7837721900807417,-2.724218958272842,-0.05955323180789973
87,25,-7.5,-7.0,351,305,46,-2.5382449048042535,-2.724218958272842,0.18597405346858853
87,26,-7.0,-6.5,352,215,137,-2.899470203762027,-2.724218958272842,-0.1752512454891848
87,27,-6.5,-6.0,351,223,128,-2.574222255633477,-2.724218958272842,0.14999670263936515
87,28,-6.0,-5.5,351,212,139,-2.7257926490779365,-2.724218958272842,-0.0015736908050945075
87,29,-5.5,-5.0,352,325,27,-2.5236166736349466,-2.724218958272842,0.20060228463789542
87,30,-5.0,-4.5,351,292,59,-2.8171680782339386,-2.724218958272842,-0.09294911996109656
87,31,-4.5,-4.0,351,284,67,-2.534657988166871,-2.724218958272842,0.18956097010597084
87,32,-4.0,-3.5,351,265,86,-2.8127165264602927,-2.724218958272842,-0.08849756818745069
87,33,-3.5,-3.0,352,324,28,-2.564379922544335,-2.724218958272842,0.1598390357285071
87,34,-3.0,-2.5,351,125,226,-2.7040799000120845,-2.724218958272842,0.02013905826075746
87,35,-2.5,-2.0,351,268,83,-2.411981676190673,-2.724218958272842,0.31223728208216883
87,36,-2.0,-1.5,352,116,236,-2.878912817317559,-2.724218958272842,-0.1546938590447171
87,37,-1.5,-1.0,351,351,0,-2.559040662424164,-2.724218958272842,0.16517829584867805
87,38,-1.0,-0.5,351,266,85,-2.8239928851382112,-2.724218958272842,-0.09977392686536923
87,39,-0.5,0.0,351,205,146,-2.2482121743605274,-2.724218958272842,0.47600678391231455
87,40,0.0,0.5,352,272,80,-2.840638431565285,-2.724218958272842,-0.11641947329244307
87,41,0.5,1.0,351,317,34,-2.905918017385869,-2.724218958272842,-0.18169905911302697
87,42,1.0,1.5,351,67,284,-2.642966522113195,-2.724218958272842,0.08125243615964717
87,43,1.5,2.0,352,318,34,-2.626789697118907,-2.724218958272842,0.09742926115393491
87,44,2.0,2.5,351,339,12,-2.807933866817759,-2.724218958272842,-0.08371490854491714
87,45,2.5,3.0,351,217,134,-2.4991488972181037,-2.724218958272842,0.22507006105473826
87,46,3.0,3.5,351,90,261,-2.9970905268241896,-2.724218958272842,-0.27287156855134764
87,47,3.5,4.0,352,304,48,-2.5893473010669554,-2.724218958272842,0.13487165720588656
87,48,4.0,4.5,351,321,30,-2.7842662362005863,-2.724218958272842,-0.060047277927744336
87,49,4.5,5.0,351,264,87,-2.5488909745414885,-2.724218958272842,0.1753279837313535
87,50,5.0,5.5,352,214,138,-2.731992529781507,-2.724218958272842,-0.007773571508665089
87,51,5.5,6.0,351,317,34,-2.5113688603265087,-2.724218958272842,0.21285009794633325
87,52,6.0,6.5,351,189,162,-2.7157414264748834,-2.724218958272842,0.008477531797958626
87,53,6.5,7.0,351,312,39,-2.7454146822386734,-2.724218958272842,-0.02119572396583136
87,54,7.0,7.5,352,168,184,-2.933120811739763,-2.724218958272842,-0.20890185346692114
87,55,7.5,8.0,351,223,128,-2.459649456114939,-2.724218958272842,0.2645695021579031
87,56,8.0,8.5,351,231,120,-2.9326296094153808,-2.724218958272842,-0.20841065114253876
87,57,8.5,9.0,352,215,137,-2.4146411728268853,-2.724218958272842,0.3095777854459567
87,58,9.0,9.5,351,206,145,-2.797013106431785,-2.724218958272842,-0.07279414815894292
87,59,9.5,10.0,351,264,87,-2.4943014217078043,-2.724218958272842,0.22991753656503766
87,60,10.0,10.5,351,200,151,-2.5230655319312687,-2.724218958272842,0.2011534263415733
87,61,10.5,11.0,352,239,113,-2.959256067481427,-2.724218958272842,-0.235037109208585
87,62,11.0,11.5,351,305,46,-2.590237385969375,-2.724218958272842,0.1339815723034672
87,63,11.5,12.0,351,77,274,-2.7659510498493804,-2.724218958272842,-0.041732091576538455
87,64,12.0,12.5,352,243,109,-2.4928876992028997,-2.724218958272842,0.23133125906994234
87,65,12.5,13.0,351,144,207,-2.659297131066053,-2.724218958272842,0.06492182720678885
87,66,13.0,13.5,351,285,66,-2.800416428505823,-2.724218958272842,-0.07619747023298107
87,67,13.5,14.0,351,312,39,-2.6914235699004836,-2.724218958272842,0.0327953883723584
87,68,14.0,14.5,352,203,149,-2.9430640607198737,-2.724218958272842,-0.2188451024470317
87,69,14.5,15.0,351,280,71,-2.489725294047471,-2.724218958272842,0.2344936642253712
87,70,15.0,15.5,351,199,152,-2.8814512866890025,-2.724218958272842,-0.15723232841616053
87,71,15.5,16.0,352,266,86,-2.4285904252046393,-2.724218958272842,0.2956285330682027
87,72,16.0,16.5,351,180,171,-2.7467981485151665,-2.724218958272842,-0.022579190242324465
87,73,16.5,17.0,351,302,49,-2.4459624260074246,-2.724218958272842,0.27825653226541736
87,74,17.0,17.5,351,244,107,-2.939551141574795,-2.724218958272842,-0.2153321833019528
87,75,17.5,18.0,352,234,118,-2.4387038417797013,-2.724218958272842,0.28551511649314065
87,76,18.0,18.5,351,234,117,-2.8185200767028338,-2.724218958272842,-0.09430111842999178
87,77,18.5,19.0,351,273,78,-2.524723762841309,-2.724218958272842,0.19949519543153293
87,78,19.0,19.5,352,241,111,-2.8227351550972366,-2.724218958272842,-0.09851619682439461
87,79,19.5,20.0,351,179,172,-2.847129137800448,-2.724218958272842,-0.12291017952760619
88,0,-20.0,-19.5,351,209,142,-2.819308659672483,-2.840002530018773,0.020693870346290222
88,1,-19.5,-19.0,352,294,58,-2.745331915942621,-2.840002530018773,0.09467061407615196
88,2,-19.0,-18.5,351,281,70,-2.25108755868514,-2.840002530018773,0.588914971333633
88,3,-18.5,-18.0,351,80,271,-2.7255526447570917,-2.840002530018773,0.11444988526168132
88,4,-18.0,-17.5,352,230,122,-2.9513348976323073,-2.840002530018773,-0.11133236761353427
88,5,-17.5,-17.0,351,274,77,-2.457134827042838,-2.840002530018773,0.38286770297593486
88,6,-17.0,-16.5,351,177,174,-2.8207398052279333,-2.840002530018773,0.01926272479083968
88,7,-16.5,-16.0,351,305,46,-2.464912689266846,-2.840002530018773,0.3750898407519272
88,8,-16.0,-15.5,352,104,248,-3.062721772817828,-2.840002530018773,-0.2227192427990552
88,9,-15.5,-15.0,351,290,61,-2.918479207755188,-2.840002530018773,-0.0784766777364152
88,10,-15.0,-14.5,351,282,69,-2.5248054002597913,-2.840002530018773,0.31519712975898173
88,11,-14.5,-14.0,352,183,169,-2.972782802239083,-2.840002530018773,-0.1327802722203102
88,12,-14.0,-13.5,351,244,107,-2.1705493911269285,-2.840002530018773,0.6694531388918445
88,13,-13.5,-13.0,351,0,351,,-2.840002530018773,
88,14,-13.0,-12.5,351,168,183,-2.87086693473916,-2.840002530018773,-0.030864404720387206
88,15,-12.5,-12.0,352,121,231,-2.9685285011352915,-2.840002530018773,-0.12852597111651853
88,16,-12.0,-11.5,351,288,63,-2.9357806145692638,-2.840002530018773,-0.09577808455049075
88,17,-11.5,-11.0,351,196,155,-2.9267484968305317,-2.840002530018773,-0.08674596681175872
88,18,-11.0,-10.5,352,139,213,-2.634542507604945,-2.840002530018773,0.2054600224138281
88,19,-10.5,-10.0,351,319,32,-2.155405487017348,-2.840002530018773,0.6845970430014252
88,20,-10.0,-9.5,351,220,131,-2.8080534046720445,-2.840002530018773,0.03194912534672856
88,21,-9.5,-9.0,351,114,237,-2.887802604953884,-2.840002530018773,-0.04780007493511107
88,22,-9.0,-8.5,352,251,101,-2.4606241648439284,-2.840002530018773,0.3793783651748446
88,23,-8.5,-8.0,351,296,55,-2.8121535135540174,-2.840002530018773,0.02784901646475557
88,24,-8.0,-7.5,351,143,208,-2.840002530018773,-2.840002530018773,0.0
88,25,-7.5,-7.0,352,153,199,-2.906177829646926,-2.840002530018773,-0.06617529962815283
88,26,-7.0,-6.5,351,84,267,-2.7557667701238007,-2.840002530018773,0.08423575989497234
88,27,-6.5,-6.0,351,257,94,-2.86508250034551,-2.840002530018773,-0.025079970326737033
88,28,-6.0,-5.5,351,255,96,-3.012582915636834,-2.840002530018773,-0.172580385618061
88,29,-5.5,-5.0,352,254,98,-2.9304332760521032,-2.840002530018773,-0.09043074603333023
88,30,-5.0,-4.5,351,79,272,-2.985185198988169,-2.840002530018773,-0.14518266896939602
88,31,-4.5,-4.0,351,262,89,-2.735939036169433,-2.840002530018773,0.1040634938493401
88,32,-4.0,-3.5,352,245,107,-2.883683332399821,-2.840002530018773,-0.04368080238104799
88,33,-3.5,-3.0,351,281,70,-2.4107703939895178,-2.840002530018773,0.42923213602925525
88,34,-3.0,-2.5,351,350,1,-2.3175720948971494,-2.840002530018773,0.5224304351216236
88,35,-2.5,-2.0,351,241,110,-2.4928439163300484,-2.840002530018773,0.3471586136887246
88,36,-2.0,-1.5,352,193,159,-2.898413133851011,-2.840002530018773,-0.05841060383223784
88,37,-1.5,-1.0,351,288,63,-2.3830011141403356,-2.840002530018773,0.45700141587843746
88,38,-1.0,-0.5,351,199,152,-2.8970986205201394,-2.840002530018773,-0.05709609050136644
88,39,-0.5,0.0,352,254,98,-2.3655154979336968,-2.840002530018773,0.47448703208507625
88,40,0.0,0.5,351,138,213,-2.7477855727873086,-2.840002530018773,0.09221695723146439
88,41,0.5,1.0,351,88,263,-2.776071913850176,-2.840002530018773,0.06393061616859708
88,42,1.0,1.5,351,329,22,-2.3457980036984347,-2.840002530018773,0.4942045263203383
88,43,1.5,2.0,352,306,46,-2.977527439006085,-2.840002530018773,-0.13752490898731207
88,44,2.0,2.5,351,204,147,-2.8725226953480147,-2.840002530018773,-0.032520165329241735
88,45,2.5,3.0,351,87,264,-2.8903894733725837,-2.840002530018773,-0.050386943353810665
88,46,3.0,3.5,352,160,192,-2.842020625102794,-2.840002530018773,-0.0020180950840211764
88,47,3.5,4.0,351,306,45,-2.0984118209914193,-2.840002530018773,0.7415907090273537
88,48,4.0,4.5,351,259,92,-2.9917969659561585,-2.840002530018773,-0.1517944359373855
88,49,4.5,5.0,351,298,53,-2.7968568185390588,-2.840002530018773,0.043145711479714244
88,50,5.0,5.5,352,204,148,-2.8116875896504627,-2.840002530018773,0.028314940368310282
88,51,5.5,6.0,351,97,254,-2.9464649066290387,-2.840002530018773,-0.1064623766102657
88,52,6.0,6.5,351,138,213,-2.80480483899796,-2.840002530018773,0.03519769102081316
88,53,6.5,7.0,352,181,171,-3.088635106575458,-2.840002530018773,-0.2486325765566848
88,54,7.0,7.5,351,351,0,-2.451503738049933,-2.840002530018773,0.3884987919688401
88,55,7.5,8.0,351,171,180,-2.9167774142752614,-2.840002530018773,-0.07677488425648837
88,56,8.0,8.5,351,184,167,-2.890060218166458,-2.840002530018773,-0.05005768814768485
88,57,8.5,9.0,352,112,240,-2.7772667914236524,-2.840002530018773,0.0627357385951206
88,58,9.0,9.5,351,208,143,-3.04541705157319,-2.840002530018773,-0.2054145215544172
88,59,9.5,10.0,351,351,0,-1.9247828826258861,-2.840002530018773,0.9152196473928869
88,60,10.0,10.5,352,212,140,-2.9529145166795443,-2.840002530018773,-0.11291198666077129
88,61,10.5,11.0,351,183,168,-2.8276560298221067,-2.840002530018773,0.012346500196666277
88,62,11.0,11.5,351,237,114,-3.010698997816357,-2.840002530018773,-0.17069646779758418
88,63,11.5,12.0,351,199,152,-2.957621860621733,-2.840002530018773,-0.11761933060296004
88,64,12.0,12.5,352,207,145,-2.9750423313095937,-2.840002530018773,-0.13503980129082072
88,65,12.5,13.0,351,199,152,-2.8646119023392465,-2.840002530018773,-0.024609372320473444
88,66,13.0,13.5,351,256,95,-2.076180518662666,-2.840002530018773,0.763822011356107
88,67,13.5,14.0,352,311,41,-2.28873283461347,-2.840002530018773,0.5512696954053031
88,68,14.0,14.5,351,115,236,-2.8454765224710297,-2.840002530018773,-0.00547399245225666
88,69,14.5,15.0,351,0,351,,-2.840002530018773,
88,70,15.0,15.5,351,280,71,-2.291601946862454,-2.840002530018773,0.5484005831563188
88,71,15.5,16.0,352,312,40,-2.4559464805675715,-2.840002530018773,0.38405604945120153
88,72,16.0,16.5,351,285,66,-2.965644290264804,-2.840002530018773,-0.1256417602460309
88,73,16.5,17.0,351,203,148,-2.2895144647350514,-2.840002530018773,0.5504880652837216
88,74,17.0,17.5,352,153,199,-2.9378946597993583,-2.840002530018773,-0.09789212978058526
88,75,17.5,18.0,351,262,89,-2.87011383330258,-2.840002530018773,-0.030111303283807178
88,76,18.0,18.5,351,145,206,-2.9290230453329347,-2.840002530018773,-0.08902051531416166
88,77,18.5,19.0,351,271,80,-2.6011352312145237,-2.840002530018773,0.23886729880424928
88,78,19.0,19.5,352,322,30,-2.2307137261206704,-2.840002530018773,0.6092888038981026
88,79,19.5,20.0,351,180,171,-3.0024922764243085,-2.840002530018773,-0.16248974640553548
89,0,-20.0,-19.5,351,243,108,-2.4175115191790875,-2.791345568811785,0.3738340496326975
89,1,-19.5,-19.0,351,338,13,-2.8339009640972894,-2.791345568811785,-0.04255539528550445
89,2,-19.0,-18.5,352,227,125,-2.958998198671418,-2.791345568811785,-0.1676526298596328
89,3,-18.5,-18.0,351,181,170,-2.967410958008972,-2.791345568811785,-0.17606538919718684
89,4,-18.0,-17.5,351,189,162,-2.5465692102884163,-2.791345568811785,0.24477635852336865
89,5,-17.5,-17.0,352,234,118,-2.853807069305854,-2.791345568811785,-0.06246150049406918
89,6,-17.0,-16.5,351,254,97,-2.6899034350955713,-2.791345568811785,0.10144213371621369
89,7,-16.5,-16.0,351,128,223,-2.7705463711328973,-2.791345568811785,0.020799197678887715
89,8,-16.0,-15.5,351,133,218,-2.8304766831213044,-2.791345568811785,-0.03913111430951943
89,9,-15.5,-15.0,352,123,229,-2.835757057556428,-2.791345568811785,-0.04441148874464318
89,10,-15.0,-14.5,351,231,120,-2.8737873490342616,-2.791345568811785,-0.08244178022247661
89,11,-14.5,-14.0,351,277,74,-2.5091324111982756,-2.791345568811785,0.2822131576135094
89,12,-14.0,-13.5,352,157,195,-2.8668516883633064,-2.791345568811785,-0.07550611955152142
89,13,-13.5,-13.0,351,175,176,-2.3318597232171836,-2.791345568811785,0.45948584559460137
89,14,-13.0,-12.5,351,250,101,-2.9733299110476104,-2.791345568811785,-0.18198434223582538
89,15,-12.5,-12.0,351,91,260,-2.8870810553598765,-2.791345568811785,-0.0957354865480915
89,16,-12.0,-11.5,352,312,40,-2.8096861113791722,-2.791345568811785,-0.018340542567387264
89,17,-11.5,-11.0,351,241,110,-2.8020369157233467,-2.791345568811785,-0.010691346911561705
89,18,-11.0,-10.5,351,194,157,-2.4786473934663515,-2.791345568811785,0.3126981753454334
89,19,-10.5,-10.0,352,239,113,-2.7577326879739332,-2.791345568811785,0.033612880837851744
89,20,-10.0,-9.5,351,325,26,-2.508723340585333,-2.791345568811785,0.2826222282264519
89,21,-9.5,-9.0,351,172,179,-2.7621097823864957,-2.791345568811785,0.029235786425289234
89,22,-9.0,-8.5,351,260,91,-2.6135107713042416,-2.791345568811785,0.17783479750754339
89,23,-8.5,-8.0,352,216,136,-2.8855685238138395,-2.791345568811785,-0.09422295500205458
89,24,-8.0,-7.5,351,196,155,-2.947071298446229,-2.791345568811785,-0.15572572963444387
89,25,-7.5,-7.0,351,186,165,-2.531879429480812,-2.791345568811785,0.2594661393309732
89,26,-7.0,-6.5,352,143,209,-2.7954990515315936,-2.791345568811785,-0.004153482719808643
89,27,-6.5,-6.0,351,191,160,-2.560793455209603,-2.791345568811785,0.23055211360218175
89,28,-6.0,-5.5,351,277,74,-2.9603299546120216,-2.791345568811785,-0.16898438580023667
89,29,-5.5,-5.0,351,299,52,-2.5796237027487696,-2.791345568811785,0.21172186606301535
89,30,-5.0,-4.5,352,177,175,-2.7846300133158692,-2.791345568811785,0.006715555495915737
89,31,-4.5,-4.0,351,276,75,-2.8702126904590743,-2.791345568811785,-0.07886712164728937
89,32,-4.0,-3.5,351,258,93,-2.6012492923477133,-2.791345568811785,0.19009627646407168
89,33,-3.5,-3.0,352,168,184,-2.9646131199510672,-2.791345568811785,-0.17326755113928227
89,34,-3.0,-2.5,351,235,116,-2.7871920860919768,-2.791345568811785,0.004153482719808199
89,35,-2.5,-2.0,351,215,136,-2.981732419678954,-2.791345568811785,-0.1903868508671689
89,36,-2.0,-1.5,351,237,114,-2.690200214252288,-2.791345568811785,0.10114535455949714
89,37,-1.5,-1.0,352,158,194,-2.9935130507056527,-2.791345568811785,-0.20216748189386768
89,38,-1.0,-0.5,351,149,202,-2.2857339917197104,-2.791345568811785,0.5056115770920746
89,39,-0.5,0.0,351,285,66,-2.8685424691175307,-2.791345568811785,-0.07719690030574577
89,40,0.0,0.5,352,181,171,-2.8766868854820355,-2.791345568811785,-0.08534131667025058
89,41,0.5,1.0,351,143,208,-2.433963877882733,-2.791345568811785,0.3573816909290519
89,42,1.0,1.5,351,81,270,-2.9806470107404786,-2.791345568811785,-0.18930144192869358
89,43,1.5,2.0,351,0,351,,-2.791345568811785,
89,44,2.0,2.5,352,198,154,-2.4425715173972593,-2.791345568811785,0.34877405141452567
89,45,2.5,3.0,351,258,93,-2.6270125305872183,-2.791345568811785,0.16433303822456669
89,46,3.0,3.5,351,156,195,-2.892160621719334,-2.791345568811785,-0.10081505290754889
89,47,3.5,4.0,352,150,202,-2.9856559705722194,-2.791345568811785,-0.19431040176043446
89,48,4.0,4.5,351,138,213,-2.8026485628842472,-2.791345568811785,-0.011302994072462269
89,49,4.5,5.0,351,195,156,-3.057748122054552,-2.791345568811785,-0.26640255324276696
89,50,5.0,5.5,351,277,74,-2.528432165771124,-2.791345568811785,0.262913403040661
89,51,5.5,6.0,352,214,138,-2.791881365588968,-2.791345568811785,-0.000535796777183073
89,52,6.0,6.5,351,243,108,-2.552536706911527,-2.791345568811785,0.23880886190025796
89,53,6.5,7.0,351,271,80,-2.939353219650246,-2.791345568811785,-0.14800765083846112
89,54,7.0,7.5,352,324,28,-2.590525415314982,-2.791345568811785,0.20082015349680304
89,55,7.5,8.0,351,41,310,-2.8715818067621752,-2.791345568811785,-0.08023623795039025
89,56,8.0,8.5,351,160,191,-2.487329566319236,-2.791345568811785,0.3040160024925491
89,57,8.5,9.0,351,295,56,-2.7846427855772102,-2.791345568811785,0.0067027832345747385
89,58,9.0,9.5,352,123,229,-2.8522515816740994,-2.791345568811785,-0.06090601286231445
89,59,9.5,10.0,351,126,225,-2.972588880399046,-2.791345568811785,-0.18124331158726115
89,60,10.0,10.5,351,241,110,-2.8642098953756503,-2.791345568811785,-0.07286432656386532
89,61,10.5,11.0,352,190,162,-2.8635529697297644,-2.791345568811785,-0.07220740091797939
89,62,11.0,11.5,351,172,179,-2.8784098028122758,-2.791345568811785,-0.08706423400049079
89,63,11.5,12.0,351,311,40,-2.2171057979672084,-2.791345568811785,0.5742397708445766
89,64,12.0,12.5,351,303,48,-2.7666428698883996,-2.791345568811785,0.02470269892338539
89,65,12.5,13.0,352,312,40,-2.988177825122924,-2.791345568811785,-0.1968322563111391
89,66,13.0,13.5,351,284,67,-2.8497037292065928,-2.791345568811785,-0.05835816039480779
89,67,13.5,14.0,351,290,61,-2.447671733101629,-2.791345568811785,0.3436738357101561
89,68,14.0,14.5,352,184,168,-3.0292248528093726,-2.791345568811785,-0.23787928399758762
89,69,14.5,15.0,351,184,167,-2.5266625387930643,-2.791345568811785,0.2646830300187206
89,70,15.0,15.5,351,119,232,-3.1378005886686333,-2.791345568811785,-0.34645501985684835
89,71,15.5,16.0,351,200,151,-2.6784973412538724,-2.791345568811785,0.11284822755791257
89,72,16.0,16.5,352,231,121,-2.653346405187331,-2.791345568811785,0.1379991636244542
89,73,16.5,17.0,351,145,206,-2.9212180672262575,-2.791345568811785,-0.12987249841447257
89,74,17.0,17.5,351,3,348,-2.8745348708035805,-2.791345568811785,-0.08318930199179553
89,75,17.5,18.0,352,225,127,-2.6054017877835234,-2.791345568811785,0.1859437810282616
89,76,18.0,18.5,351,200,151,-2.9575510719662295,-2.791345568811785,-0.1662055031544445
89,77,18.5,19.0,351,302,49,-2.6116521805841613,-2.791345568811785,0.1796933882276237
89,78,19.0,19.5,351,139,212,-3.054663795816253,-2.791345568811785,-0.26331822700446805
89,79,19.5,20.0,352,267,85,-2.6147138136245314,-2.791345568811785,0.1766317551872536
90,0,-20.0,-19.5,351,199,152,-2.7949594359681047,-2.7736175321533665,-0.021341903814738217
90,1,-19.5,-19.0,352,254,98,-2.606251560514659,-2.7736175321533665,0.16736597163870748
90,2,-19.0,-18.5,351,235,116,-2.7744497247108773,-2.7736175321533665,-0.0008321925575107691
90,3,-18.5,-18.0,351,293,58,-2.665777786792827,-2.7736175321533665,0.10783974536053931
90,4,-18.0,-17.5,351,289,62,-2.970557147978003,-2.7736175321533665,-0.1969396158246366
90,5,-17.5,-17.0,352,289,63,-2.5082391127811587,-2.7736175321533665,0.26537841937220774
90,6,-17.0,-16.5,351,224,127,-2.9556988464371114,-2.7736175321533665,-0.18208131428374497
90,7,-16.5,-16.0,351,218,133,-2.9161703406365613,-2.7736175321533665,-0.14255280848319485
90,8,-16.0,-15.5,352,295,57,-2.4584803546506384,-2.7736175321533665,0.31513717750272807
90,9,-15.5,-15.0,351,148,203,-2.7003749615862156,-2.7736175321533665,0.07324257056715089
90,10,-15.0,-14.5,351,325,26,-2.5798715726112067,-2.7736175321533665,0.19374595954215978
90,11,-14.5,-14.0,351,288,63,-2.909704698635085,-2.7736175321533665,-0.13608716648171848
90,12,-14.0,-13.5,352,257,95,-2.931595447003128,-2.7736175321533665,-0.15797791484976154
90,13,-13.5,-13.0,351,270,81,-2.6566284307845613,-2.7736175321533665,0.11698910136880514
90,14,-13.0,-12.5,351,151,200,-3.004191541098086,-2.7736175321533665,-0.23057400894471947
90,15,-12.5,-12.0,352,188,164,-2.3157720233763808,-2.7736175321533665,0.4578455087769857
90,16,-12.0,-11.5,351,252,99,-2.821811784184189,-2.7736175321533665,-0.048194252030822504
90,17,-11.5,-11.0,351,161,190,-2.7559167129875313,-2.7736175321533665,0.017700819165835213
90,18,-11.0,-10.5,351,265,86,-2.7563149041361843,-2.7736175321533665,0.017302628017182187
90,19,-10.5,-10.0,352,135,217,-2.8056343978739458,-2.7736175321533665,-0.03201686572057927
90,20,-10.0,-9.5,351,250,101,-2.610946624942536,-2.7736175321533665,0.16267090721083033
90,21,-9.5,-9.0,351,291,60,-2.6561824929101916,-2.7736175321533665,0.11743503924317489
90,22,-9.0,-8.5,352,207,145,-2.8089958822640733,-2.7736175321533665,-0.03537835011070678
90,23,-8.5,-8.0,351,253,98,-2.56248990564892,-2.7736175321533665,0.2111276265044464
90,24,-8.0,-7.5,351,210,141,-2.896741754479375,-2.7736175321533665,-0.1231242223260085
90,25,-7.5,-7.0,351,297,54,-2.664622793841575,-2.7736175321533665,0.1089947383117913
90,26,-7.0,-6.5,352,132,220,-2.5334829802397762,-2.7736175321533665,0.24013455191359023
90,27,-6.5,-6.0,351,211,140,-2.4978660170023357,-2.7736175321533665,0.2757515151510308
90,28,-6.0,-5.5,351,137,214,-2.8078063606226316,-2.7736175321533665,-0.034188828469265076
90,29,-5.5,-5.0,352,187,165,-2.93937210561249,-2.7736175321533665,-0.16575457345912348
90,30,-5.0,-4.5,351,209,142,-2.9301727193916776,-2.7736175321533665,-0.15655518723831108
90,31,-4.5,-4.0,351,16,335,-2.7020903433071486,-2.7736175321533665,0.07152718884621789
90,32,-4.0,-3.5,351,139,212,-2.7909201601705487,-2.7736175321533665,-0.017302628017182187
90,33,-3.5,-3.0,352,294,58,-2.598950946313405,-2.7736175321533665,0.17466658583996164
90,34,-3.0,-2.5,351,227,124,-2.837329239529555,-2.7736175321533665,-0.06371170737618836
90,35,-2.5,-2.0,351,181,170,-2.4421828424094665,-2.7736175321533665,0.3314346897439
90,36,-2.0,-1.5,352,250,102,-2.9296688359750087,-2.7736175321533665,-0.15605130382164223
90,37,-1.5,-1.0,351,230,121,-2.600340102524415,-2.7736175321533665,0.17327742962895165
90,38,-1.0,-0.5,351,310,41,-2.8725885430060605,-2.7736175321533665,-0.098971010852694
90,39,-0.5,0.0,351,208,143,-2.8922570752090957,-2.7736175321533665,-0.11863954305572921
90,40,0.0,0.5,352,184,168,-2.6724324687681618,-2.7736175321533665,0.10118506338520472
90,41,0.5,1.0,351,150,201,-2.796552107932798,-2.7736175321533665,-0.022934575779431476
90,42,1.0,1.5,351,259,92,-2.6801305534395135,-2.7736175321533665,0.09348697871385303
90,43,1.5,2.0,352,202,150,-2.739044652381759,-2.7736175321533665,0.03457287977160739
90,44,2.0,2.5,351,69,282,-2.9491089319562516,-2.7736175321533665,-0.17549139980288508
90,45,2.5,3.0,351,201,150,-2.6363895647084776,-2.7736175321533665,0.13722796744488885
90,46,3.0,3.5,351,274,77,-2.8467610629769404,-2.7736175321533665,-0.07314353082357394
90,47,3.5,4.0,352,233,119,-2.5570809678378312,-2.7736175321533665,0.21653656431553525
90,48,4.0,4.5,351,191,160,-2.832936937912995,-2.7736175321533665,-0.05931940575962846
90,49,4.5,5.0,351,224,127,-2.6194284865344493,-2.7736175321533665,0.15418904561891722
90,50,5.0,5.5,352,148,204,-2.9392565517272833,-2.7736175321533665,-0.1656390195739168
90,51,5.5,6.0,351,118,233,-2.7556462239926116,-2.7736175321533665,0.017971308160754873
90,52,6.0,6.5,351,289,62,-2.6308176725834964,-2.7736175321533665,0.14279985956987007
90,53,6.5,7.0,351,337,14,-2.9097380824543264,-2.7736175321533665,-0.13612055030095993
90,54,7.0,7.5,352,281,71,-2.7425924981795413,-2.7736175321533665,0.031025033973825167
90,55,7.5,8.0,351,262,89,-2.6585041627965778,-2.7736175321533665,0.11511336935678873
90,56,8.0,8.5,351,70,281,-3.020074714928259,-2.7736175321533665,-0.24645718277489248
90,57,8.5,9.0,352,208,144,-2.868570367710286,-2.7736175321533665,-0.09495283555691936
90,58,9.0,9.5,351,323,28,-2.617220046394273,-2.7736175321533665,0.1563974857590935
90,59,9.5,10.0,351,176,175,-2.8385737484194395,-2.7736175321533665,-0.06495621626607306
90,60,10.0,10.5,351,258,93,-2.813572864582087,-2.7736175321533665,-0.039955332428720514
90,61,10.5,11.0,352,124,228,-2.852903978954452,-2.7736175321533665,-0.07928644680108565
90,62,11.0,11.5,351,230,121,-2.83937916656811,-2.7736175321533665,-0.06576163441474359
90,63,11.5,12.0,351,139,212,-2.8884979794685357,-2.7736175321533665,-0.11488044731516922
90,64,12.0,12.5,352,297,55,-2.2530733108208563,-2.7736175321533665,0.5205442213325102
90,65,12.5,13.0,351,129,222,-2.8011686746738063,-2.7736175321533665,-0.027551142520439775
90,66,13.0,13.5,351,122,229,-2.757574718909403,-2.7736175321533665,0.016042813243963394
90,67,13.5,14.0,351,232,119,-2.438620225338019,-2.7736175321533665,0.33499730681534734
90,68,14.0,14.5,352,269,83,-2.9351371666439032,-2.7736175321533665,-0.16151963449053675
90,69,14.5,15.0,351,286,65,-2.552459354205107,-2.7736175321533665,0.22115817794825965
90,70,15.0,15.5,351,247,104,-2.4235182953419474,-2.7736175321533665,0.3500992368114191
90,71,15.5,16.0,352,59,293,-3.0546245831385557,-2.7736175321533665,-0.2810070509851892
90,72,16.0,16.5,351,153,198,-2.9416954869033156,-2.7736175321533665,-0.16807795474994913
90,73,16.5,17.0,351,211,140,-2.350122668432974,-2.7736175321533665,0.42349486372039236
90,74,17.0,17.5,351,23,328,-3.052483991965567,-2.7736175321533665,-0.2788664598122006
90,75,17.5,18.0,352,154,198,-2.8868667485136417,-2.7736175321533665,-0.11324921636027518
90,76,18.0,18.5,351,272,79,-2.9357676315092025,-2.7736175321533665,-0.16215009935583602
90,77,18.5,19.0,351,120,231,-2.766433381067964,-2.7736175321533665,0.00718415108540249
90,78,19.0,19.5,352,279,73,-2.9643667552912447,-2.7736175321533665,-0.19074922313787823
90,79,19.5,20.0,351,97,254,-2.81917487462652,-2.7736175321533665,-0.04555734247315346
91,0,-20.0,-19.5,352,289,63,-2.9002535407817396,-2.766828746470964,-0.13342479431077559
91,1,-19.5,-19.0,351,221,130,-2.723928724015424,-2.766828746470964,0.04290002245554003
91,2,-19.0,-18.5,351,160,191,-2.737240931747241,-2.766828746470964,0.02958781472372296
91,3,-18.5,-18.0,351,171,180,-2.990245755506909,-2.766828746470964,-0.22341700903594486
91,4,-18.0,-17.5,352,258,94,-2.8244559398595133,-2.766828746470964,-0.05762719338854927
91,5,-17.5,-17.0,351,279,72,-2.991386526417879,-2.766828746470964,-0.22455777994691495
91,6,-17.0,-16.5,351,266,85,-2.7517137415182393,-2.766828746470964,0.015115004952724664
91,7,-16.5,-16.0,352,162,190,-2.8852937215874035,-2.766828746470964,-0.1184649751164395
91,8,-16.0,-15.5,351,209,142,-2.9279271061065417,-2.766828746470964,-0.16109835963557773
91,9,-15.5,-15.0,351,306,45,-2.7006649357265466,-2.766828746470964,0.06616381074441735
91,10,-15.0,-14.5,351,202,149,-2.8400419824230387,-2.766828746470964,-0.07321323595207474
91,11,-14.5,-14.0,352,195,157,-2.9387980547053822,-2.766828746470964,-0.17196930823441825
91,12,-14.0,-13.5,351,258,93,-2.772890164791268,-2.766828746470964,-0.006061418320304046
91,13,-13.5,-13.0,351,132,219,-3.0087560255591432,-2.766828746470964,-0.24192727908817924
91,14,-13.0,-12.5,352,230,122,-2.7311027425595755,-2.766828746470964,0.03572600391138847
91,15,-12.5,-12.0,351,173,178,-2.72669756703965,-2.766828746470964,0.040131179431313946
91,16,-12.0,-11.5,351,273,78,-2.654876056493066,-2.766828746470964,0.11195268997789798
91,17,-11.5,-11.0,351,159,192,-2.790696461552138,-2.766828746470964,-0.023867715081173912
91,18,-11.0,-10.5,352,317,35,-2.7000204776236614,-2.766828746470964,0.06680826884730262
91,19,-10.5,-10.0,351,178,173,-2.8434484847016193,-2.766828746470964,-0.07661973823065527
91,20,-10.0,-9.5,351,226,125,-2.6437444163180355,-2.766828746470964,0.12308433015292852
91,21,-9.5,-9.0,352,176,176,-2.6954493236595964,-2.766828746470964,0.07137942281136755
91,22,-9.0,-8.5,351,118,233,-2.8482515466346205,-2.766828746470964,-0.08142280016365655
91,23,-8.5,-8.0,351,313,38,-2.687819103209568,-2.766828746470964,0.07900964326139581
91,24,-8.0,-7.5,351,303,48,-2.772944756796874,-2.766828746470964,-0.006116010325909915
91,25,-7.5,-7.0,352,128,224,-2.7904295609690206,-2.766828746470964,-0.02360081449805662
91,26,-7.0,-6.5,351,158,193,-2.5384930198211295,-2.766828746470964,0.22833572664983448
91,27,-6.5,-6.0,351,266,85,-2.963355163664224,-2.766828746470964,-0.19652641719325992
91,28,-6.0,-5.5,352,205,147,-2.4907058543652103,-2.766828746470964,0.2761228921057537
91,29,-5.5,-5.0,351,283,68,-2.645955930124085,-2.766828746470964,0.12087281634687885
91,30,-5.0,-4.5,351,321,30,-2.7709827291292717,-2.766828746470964,-0.004153982658307687
91,31,-4.5,-4.0,351,116,235,-2.6990136714985136,-2.766828746470964,0.06781507497245043
91,32,-4.0,-3.5,352,148,204,-2.4011402747737116,-2.766828746470964,0.3656884716972524
91,33,-3.5,-3.0,351,73,278,-3.021654350655767,-2.766828746470964,-0.25482560418480293
91,34,-3.0,-2.5,351,244,107,-3.016729806314647,-2.766828746470964,-0.24990105984368283
91,35,-2.5,-2.0,352,148,204,-2.7626747638126563,-2.766828746470964,0.004153982658307687
91,36,-2.0,-1.5,351,204,147,-2.752664930904474,-2.766828746470964,0.014163815566489824
91,37,-1.5,-1.0,351,143,208,-2.9206857662558092,-2.766828746470964,-0.15385701978484523
91,38,-1.0,-0.5,351,275,76,-2.591391940034596,-2.766828746470964,0.17543680643636783
91,39,-0.5,0.0,352,199,153,-3.005725146698523,-2.766828746470964,-0.2388964002275591
91,40,0.0,0.5,351,226,125,-2.792255842108011,-2.766828746470964,-0.025427095637046815
91,41,0.5,1.0,351,317,34,-2.687212163188183,-2.766828746470964,0.07961658328278087
91,42,1.0,1.5,352,123,229,-2.9504525953693412,-2.766828746470964,-0.18362384889837724
91,43,1.5,2.0,351,178,173,-2.4888771253929036,-2.766828746470964,0.2779516210780604
91,44,2.0,2.5,351,215,136,-2.927364619824964,-2.766828746470964,-0.1605358733540001
91,45,2.5,3.0,351,309,42,-2.8966701181021954,-2.766828746470964,-0.12984137163123144
91,46,3.0,3.5,352,221,131,-2.6202824579028756,-2.766828746470964,0.14654628856808838
91,47,3.5,4.0,351,134,217,-2.7347921733083433,-2.766828746470964,0.03203657316262065
91,48,4.0,4.5,351,203,148,-3.0259760490164713,-2.766828746470964,-0.25914730254550733
91,49,4.5,5.0,352,180,172,-2.3970093470449925,-2.766828746470964,0.36981939942597153
91,50,5.0,5.5,351,239,112,-2.881184096722045,-2.766828746470964,-0.11435535025108079
91,51,5.5,6.0,351,156,195,-2.781451892494158,-2.766828746470964,-0.014623146023193812
91,52,6.0,6.5,351,209,142,-2.45197269692108,-2.766828746470964,0.314856049549884
91,53,6.5,7.0,352,144,208,-2.9701837189237956,-2.766828746470964,-0.20335497245283163
91,54,7.0,7.5,351,230,121,-2.7451225571490108,-2.766828746470964,0.02170618932195323
91,55,7.5,8.0,351,286,65,-2.737537994151082,-2.766828746470964,0.029290752319881985
91,56,8.0,8.5,352,76,276,-3.1795227941037196,-2.766828746470964,-0.41269404763275563
91,57,8.5,9.0,351,164,187,-2.8679878827143255,-2.766828746470964,-0.10115913624336148
91,58,9.0,9.5,351,169,182,-2.8538171925528886,-2.766828746470964,-0.08698844608192458
91,59,9.5,10.0,351,224,127,-2.8845471304639756,-2.766828746470964,-0.1177183839930116
91,60,10.0,10.5,352,293,59,-2.61327990976231,-2.766828746470964,0.15354883670865416
91,61,10.5,11.0,351,180,171,-2.9648328066907683,-2.766828746470964,-0.19800406021980432
91,62,11.0,11.5,351,217,134,-2.77459209884273,-2.766828746470964,-0.0077633523717661745
91,63,11.5,12.0,352,297,55,-2.4676837471342883,-2.766828746470964,0.2991449993366757
91,64,12.0,12.5,351,351,0,-2.5219085096720275,-2.766828746470964,0.24492023679893649
91,65,12.5,13.0,351,275,76,-2.4524840066132656,-2.766828746470964,0.3143447398576984
91,66,13.0,13.5,351,55,296,-3.0108768914496573,-2.766828746470964,-0.24404814497869332
91,67,13.5,14.0,352,232,120,-2.903182483314553,-2.766828746470964,-0.13635373684358898
91,68,14.0,14.5,351,319,32,-2.0981110373968552,-2.766828746470964,0.6687177090741088
91,69,14.5,15.0,351,297,54,-2.5447320358709864,-2.766828746470964,0.2220967105999776
91,70,15.0,15.5,352,280,72,-2.918080974197101,-2.766828746470964,-0.151252227726137
91,71,15.5,16.0,351,317,34,-2.7424534011677166,-2.766828746470964,0.024375345303247364
91,72,16.0,16.5,351,276,75,-2.715630315031955,-2.766828746470964,0.05119843143900882
91,73,16.5,17.0,351,123,228,-2.9180413612874982,-2.766828746470964,-0.15121261481653425
91,74,17.0,17.5,352,178,174,-2.9440792527864574,-2.766828746470964,-0.17725050631549344
91,75,17.5,18.0,351,232,119,-2.6625578620334,-2.766828746470964,0.10427088443756416
91,76,18.0,18.5,351,178,173,-2.925598442206591,-2.766828746470964,-0.15876969573562683
91,77,18.5,19.0,352,248,104,-2.9355573425489725,-2.766828746470964,-0.1687285960780085
91,78,19.0,19.5,351,222,129,-2.5705002964703976,-2.766828746470964,0.19632845000056642
91,79,19.5,20.0,351,244,107,-2.8235043033477165,-2.766828746470964,-0.05667555687675252
92,0,-20.0,-19.5,351,183,168,-2.910153618176646,-2.8461663178633296,-0.06398730031331645
92,1,-19.5,-19.0,352,307,45,-2.5692909403550264,-2.8461663178633296,0.27687537750830327
92,2,-19.0,-18.5,351,305,46,-2.851261208544179,-2.8461663178633296,-0.005094890680849229
92,3,-18.5,-18.0,351,218,133,-2.870718295927209,-2.8461663178633296,-0.02455197806387943
92,4,-18.0,-17.5,352,352,0,-2.1847937928193666,-2.8461663178633296,0.661372525043963
92,5,-17.5,-17.0,351,192,159,-2.9384208757095536,-2.8461663178633296,-0.09225455784622394
92,6,-17.0,-16.5,351,117,234,-2.942820700408261,-2.8461663178633296,-0.0966543825449313
92,7,-16.5,-16.0,351,216,135,-2.906779659477899,-2.8461663178633296,-0.06061334161456955
92,8,-16.0,-15.5,352,108,244,-2.855055805586903,-2.8461663178633296,-0.008889487723573453
92,9,-15.5,-15.0,351,259,92,-2.214120591871566,-2.8461663178633296,0.6320457259917638
92,10,-15.0,-14.5,351,0,351,,-2.8461663178633296,
92,11,-14.5,-14.0,352,123,229,-2.846419793776753,-2.8461663178633296,-0.00025347591342317344
92,12,-14.0,-13.5,351,193,158,-2.8867008602705777,-2.8461663178633296,-0.040534542407248075
92,13,-13.5,-13.0,351,241,110,-2.5627102428679933,-2.8461663178633296,0.2834560749953363
92,14,-13.0,-12.5,351,329,22,-2.8253354639362445,-2.8461663178633296,0.02083085392708517
92,15,-12.5,-12.0,352,196,156,-2.933750780078208,-2.8461663178633296,-0.08758446221487848
92,16,-12.0,-11.5,351,214,137,-2.8461663178633296,-2.8461663178633296,0.0
92,17,-11.5,-11.0,351,334,17,-2.401629180667115,-2.8461663178633296,0.4445371371962148
92,18,-11.0,-10.5,352,107,245,-2.863789400631572,-2.8461663178633296,-0.017623082768242426
92,19,-10.5,-10.0,351,225,126,-2.344378093161153,-2.8461663178633296,0.5017882247021768
92,20,-10.0,-9.5,351,249,102,-2.8704865446828056,-2.8461663178633296,-0.024320226819475987
92,21,-9.5,-9.0,351,291,60,-2.9262166997132035,-2.8461663178633296,-0.0800503818498739
92,22,-9.0,-8.5,352,244,108,-2.6660642348615413,-2.8461663178633296,0.18010208300178832
92,23,-8.5,-8.0,351,148,203,-2.897022078542068,-2.8461663178633296,-0.05085576067873854
92,24,-8.0,-7.5,351,224,127,-2.285739371984743,-2.8461663178633296,0.5604269458785867
92,25,-7.5,-7.0,352,130,222,-3.0366466355727493,-2.8461663178633296,-0.19048031770941964
92,26,-7.0,-6.5,351,299,52,-2.498681854008151,-2.8461663178633296,0.34748446385517884
92,27,-6.5,-6.0,351,138,213,-2.7935533940691677,-2.8461663178633296,0.05261292379416194
92,28,-6.0,-5.5,351,71,280,-2.555343093672728,-2.8461663178633296,0.2908232241906017
92,29,-5.5,-5.0,352,311,41,-2.490055656342143,-2.8461663178633296,0.3561106615211864
92,30,-5.0,-4.5,351,149,202,-3.00814649312251,-2.8461663178633296,-0.1619801752591803
92,31,-4.5,-4.0,351,179,172,-2.8799532828128767,-2.8461663178633296,-0.03378696494954703
92,32,-4.0,-3.5,352,349,3,-2.561443172234909,-2.8461663178633296,0.2847231456284205
92,33,-3.5,-3.0,351,276,75,-2.910927460736951,-2.8461663178633296,-0.06476114287362122
92,34,-3.0,-2.5,351,216,135,-2.6395251020868207,-2.8461663178633296,0.20664121577650896
92,35,-2.5,-2.0,351,350,1,-2.7788436863387256,-2.8461663178633296,0.06732263152460405
92,36,-2.0,-1.5,352,218,134,-2.99309292262845,-2.8461663178633296,-0.14692660476512032
92,37,-1.5,-1.0,351,248,103,-3.058721964460185,-2.8461663178633296,-0.21255564659685522
92,38,-1.0,-0.5,351,276,75,-2.93352620510041,-2.8461663178633296,-0.08735988723708044
92,39,-0.5,0.0,352,302,50,-2.464691708135463,-2.8461663178633296,0.38147460972786673
92,40,0.0,0.5,351,284,67,-2.792535986769361,-2.8461663178633296,0.05363033109396875
92,41,0.5,1.0,351,339,12,-2.770144703168442,-2.8461663178633296,0.07602161469488777
92,42,1.0,1.5,351,239,112,-2.374111363775468,-2.8461663178633296,0.4720549540878616
92,43,1.5,2.0,352,196,156,-2.6195338901644334,-2.8461663178633296,0.22663242769889624
92,44,2.0,2.5,351,350,1,-2.4584392767022436,-2.8461663178633296,0.38772704116108603
92,45,2.5,3.0,351,145,206,-2.8733503383054972,-2.8461663178633296,-0.02718402044216761
92,46,3.0,3.5,352,165,187,-2.8113376695676453,-2.8461663178633296,0.03482864829568433
92,47,3.5,4.0,351,109,242,-2.970703099689101,-2.8461663178633296,-0.12453678182577121
92,48,4.0,4.5,351,156,195,-2.939020990292627,-2.8461663178633296,-0.09285467242929757
92,49,4.5,5.0,351,223,128,-2.9494290274486503,-2.8461663178633296,-0.10326270958532069
92,50,5.0,5.5,352,306,46,-2.414259320548564,-2.8461663178633296,0.43190699731476556
92,51,5.5,6.0,351,137,214,-2.9632996402741933,-2.8461663178633296,-0.11713332241086372
92,52,6.0,6.5,351,248,103,-2.180297310844538,-2.8461663178633296,0.6658690070187916
92,53,6.5,7.0,352,171,181,-2.8937128778755468,-2.8461663178633296,-0.04754656001221713
92,54,7.0,7.5,351,233,118,-2.98518264065405,-2.8461663178633296,-0.13901632279072018
92,55,7.5,8.0,351,292,59,-2.5985583654285174,-2.8461663178633296,0.24760795243481226
92,56,8.0,8.5,351,207,144,-2.448722081124512,-2.8461663178633296,0.39744423673881757
92,57,8.5,9.0,352,168,184,-2.826887819596899,-2.8461663178633296,0.019278498266430688
92,58,9.0,9.5,351,276,75,-2.462583657621367,-2.8461663178633296,0.3835826602419625
92,59,9.5,10.0,351,227,124,-2.473879525574044,-2.8461663178633296,0.37228679228928563
92,60,10.0,10.5,352,313,39,-2.2534068471736406,-2.8461663178633296,0.592759470689689
92,61,10.5,11.0,351,319,32,-2.619957638085854,-2.8461663178633296,0.22620867977747583
92,62,11.0,11.5,351,190,161,-2.8356392121653466,-2.8461663178633296,0.010527105697982986
92,63,11.5,12.0,351,176,175,-2.6940508480188456,-2.8461663178633296,0.15211546984448399
92,64,12.0,12.5,352,350,2,-2.3658350338384473,-2.8461663178633296,0.48033128402488234
92,65,12.5,13.0,351,318,33,-2.8701009753239806,-2.8461663178633296,-0.023934657460650932
92,66,13.0,13.5,351,141,210,-2.970915878467881,-2.8461663178633296,-0.12474956060455122
92,67,13.5,14.0,352,314,38,-2.8550670994168534,-2.8461663178633296,-0.008900781553523807
92,68,14.0,14.5,351,174,177,-2.89019376333865,-2.8461663178633296,-0.04402744547532045
92,69,14.5,15.0,351,83,268,-2.9758501390074388,-2.8461663178633296,-0.12968382114410915
92,70,15.0,15.5,351,195,156,-2.9198080361568226,-2.8461663178633296,-0.07364171829349297
92,71,15.5,16.0,352,297,55,-2.3718051513066714,-2.8461663178633296,0.4743611665566583
92,72,16.0,16.5,351,219,132,-2.8083377165416485,-2.8461663178633296,0.03782860132168109
92,73,16.5,17.0,351,264,87,-2.477808944835716,-2.8461663178633296,0.36835737302761373
92,74,17.0,17.5,352,350,2,-2.243229378920476,-2.8461663178633296,0.6029369389428538
92,75,17.5,18.0,351,217,134,-2.7265772282933747,-2.8461663178633296,0.11958908956995495
92,76,18.0,18.5,351,302,49,-2.989680880326312,-2.8461663178633296,-0.14351456246298255
92,77,18.5,19.0,351,171,180,-2.8411042371480297,-2.8461663178633296,0.005062080715299899
92,78,19.0,19.5,352,115,237,-2.8931677714963486,-2.8461663178633296,-0.047001453633019
92,79,19.5,20.0,351,327,24,-2.2327489736968777,-2.8461663178633296,0.6134173441664519
93,0,-20.0,-19.5,351,209,142,-2.978260217694045,-2.7245094283611655,-0.25375078933287964
93,1,-19.5,-19.0,352,296,56,-2.4293144475350776,-2.7245094283611655,0.29519498082608786
93,2,-19.0,-18.5,351,218,133,-2.930068939122286,-2.7245094283611655,-0.20555951076112056
93,3,-18.5,-18.0,351,177,174,-2.8479964906218656,-2.7245094283611655,-0.12348706226070005
93,4,-18.0,-17.5,351,251,100,-2.90702449455381,-2.7245094283611655,-0.18251506619264468
93,5,-17.5,-17.0,352,227,125,-2.8725691393661887,-2.7245094283611655,-0.14805971100502324
93,6,-17.0,-16.5,351,292,59,-2.661031223851661,-2.7245094283611655,0.06347820450950437
93,7,-16.5,-16.0,351,262,89,-2.190495163156005,-2.7245094283611655,0.5340142652051605
93,8,-16.0,-15.5,352,265,87,-2.7621660507855084,-2.7245094283611655,-0.03765662242434287
93,9,-15.5,-15.0,351,195,156,-2.8603658262728264,-2.7245094283611655,-0.13585639791166093
93,10,-15.0,-14.5,351,308,43,-2.4929922071274864,-2.7245094283611655,0.23151722123367913
93,11,-14.5,-14.0,351,193,158,-2.9538628632241437,-2.7245094283611655,-0.2293534348629782
93,12,-14.0,-13.5,352,325,27,-2.545561637887635,-2.7245094283611655,0.1789477904735306
93,13,-13.5,-13.0,351,166,185,-2.6907318492553634,-2.7245094283611655,0.03377757910580215
93,14,-13.0,-12.5,351,139,212,-2.317036555807958,-2.7245094283611655,0.4074728725532073
93,15,-12.5,-12.0,352,225,127,-2.739401618447571,-2.7245094283611655,-0.01489219008640541
93,16,-12.0,-11.5,351,322,29,-2.9929157686787513,-2.7245094283611655,-0.2684063403175858
93,17,-11.5,-11.0,351,159,192,-2.9031202700341456,-2.7245094283611655,-0.17861084167298014
93,18,-11.0,-10.5,351,280,71,-2.402835716006402,-2.7245094283611655,0.3216737123547637
93,19,-10.5,-10.0,352,140,212,-2.834812123032817,-2.7245094283611655,-0.11030269467165166
93,20,-10.0,-9.5,351,207,144,-2.5712993389695837,-2.7245094283611655,0.15321008939158176
93,21,-9.5,-9.0,351,187,164,-2.8515932214859774,-2.7245094283611655,-0.12708379312481188
93,22,-9.0,-8.5,352,240,112,-2.3090929057972938,-2.7245094283611655,0.41541652256387174
93,23,-8.5,-8.0,351,160,191,-2.9536194311747197,-2.7245094283611655,-0.2291100028135542
93,24,-8.0,-7.5,351,173,178,-2.8166311118966587,-2.7245094283611655,-0.09212168353549322
93,25,-7.5,-7.0,351,287,64,-2.559030965434745,-2.7245094283611655,0.16547846292642054
93,26,-7.0,-6.5,352,164,188,-2.6237568503543116,-2.7245094283611655,0.10075257800685389
93,27,-6.5,-6.0,351,158,193,-2.7665326494194846,-2.7245094283611655,-0.04202322105831913
93,28,-6.0,-5.5,351,252,99,-2.397977839237922,-2.7245094283611655,0.32653158912324365
93,29,-5.5,-5.0,352,199,153,-2.822185900134129,-2.7245094283611655,-0.09767647177296368
93,30,-5.0,-4.5,351,250,101,-2.368572998550993,-2.7245094283611655,0.3559364298101726
93,31,-4.5,-4.0,351,256,95,-2.9868632760808023,-2.7245094283611655,-0.26235384771963677
93,32,-4.0,-3.5,351,180,171,-2.70961723827476,-2.7245094283611655,0.01489219008640541
93,33,-3.5,-3.0,352,160,192,-2.424491526857939,-2.7245094283611655,0.3000179015032267
93,34,-3.0,-2.5,351,145,206,-2.8200425473655115,-2.7245094283611655,-0.09553311900434602
93,35,-2.5,-2.0,351,200,151,-2.8838089451412374,-2.7245094283611655,-0.15929951678007193
93,36,-2.0,-1.5,352,333,19,-2.5017848552116697,-2.7245094283611655,0.22272457314949579
93,37,-1.5,-1.0,351,234,117,-2.8269612722036053,-2.7245094283611655,-0.10245184384243977
93,38,-1.0,-0.5,351,307,44,-2.8016387081187455,-2.7245094283611655,-0.07712927975758
93,39,-0.5,0.0,351,284,67,-2.7033833070946,-2.7245094283611655,0.021126121266565434
93,40,0.0,0.5,352,265,87,-3.0090709112001695,-2.7245094283611655,-0.28456148283900395
93,41,0.5,1.0,351,233,118,-2.7518839497252277,-2.7245094283611655,-0.027374521364062154
93,42,1.0,1.5,351,225,126,-2.3577215662406785,-2.7245094283611655,0.366787862120487
93,43,1.5,2.0,352,107,245,-2.9710289636286773,-2.7245094283611655,-0.2465195352675118
93,44,2.0,2.5,351,257,94,-2.5223358154669677,-2.7245094283611655,0.20217361289419777
93,45,2.5,3.0,351,165,186,-2.842248063408805,-2.7245094283611655,-0.11773863504763948
93,46,3.0,3.5,351,156,195,-2.703036674789319,-2.7245094283611655,0.021472753571846415
93,47,3.5,4.0,352,122,230,-2.5045010244942914,-2.7245094283611655,0.22000840386687415
93,48,4.0,4.5,351,220,131,-2.92694158518847,-2.7245094283611655,-0.20243215682730442
93,49,4.5,5.0,351,324,27,-2.412845096515431,-2.7245094283611655,0.3116643318457344
93,50,5.0,5.5,352,214,138,-2.805497912641119,-2.7245094283611655,-0.08098848427995353
93,51,5.5,6.0,351,242,109,-2.8351602337713295,-2.7245094283611655,-0.11065080541016403
93,52,6.0,6.5,351,145,206,-2.1074253903620415,-2.7245094283611655,0.617084037999124
93,53,6.5,7.0,351,177,174,-2.4142860985700465,-2.7245094283611655,0.310223329791119
93,54,7.0,7.5,352,225,127,-2.917003282123558,-2.7245094283611655,-0.19249385376239259
93,55,7.5,8.0,351,246,105,-2.0744369363151707,-2.7245094283611655,0.6500724920459948
93,56,8.0,8.5,351,148,203,-2.7963657888252484,-2.7245094283611655,-0.07185636046408295
93,57,8.5,9.0,352,151,201,-2.9314328637823115,-2.7245094283611655,-0.206923435421146
93,58,9.0,9.5,351,216,135,-2.7572040421710526,-2.7245094283611655,-0.03269461380988714
93,59,9.5,10.0,351,251,100,-2.42733221709623,-2.7245094283611655,0.29717721126493535
93,60,10.0,10.5,351,95,256,-2.7984775463724465,-2.7245094283611655,-0.073968118011281
93,61,10.5,11.0,352,134,218,-2.907218326152277,-2.7245094283611655,-0.18270889779111155
93,62,11.0,11.5,351,104,247,-3.0425021599271496,-2.7245094283611655,-0.31799273156598407
93,63,11.5,12.0,351,91,260,-2.9239952446569135,-2.7245094283611655,-0.19948581629574802
93,64,12.0,12.5,352,318,34,-2.9230151711305075,-2.7245094283611655,-0.19850574276934196
93,65,12.5,13.0,351,200,151,-2.8917694807034646,-2.7245094283611655,-0.16726005234229913
93,66,13.0,13.5,351,213,138,-2.975744808531114,-2.7245094283611655,-0.2512353801699483
93,67,13.5,14.0,351,128,223,-2.9889475899889764,-2.7245094283611655,-0.26443816162781086
93,68,14.0,14.5,352,235,117,-2.791086002843552,-2.7245094283611655,-0.06657657448238652
93,69,14.5,15.0,351,295,56,-2.500000511065533,-2.7245094283611655,0.2245089172956325
93,70,15.0,15.5,351,301,50,-2.949975595670782,-2.7245094283611655,-0.22546616730961633
93,71,15.5,16.0,352,203,149,-2.7917535561046294,-2.7245094283611655,-0.06724412774346389
93,72,16.0,16.5,351,203,148,-2.3769622526634806,-2.7245094283611655,0.3475471756976849
93,73,16.5,17.0,351,182,169,-2.850970702176168,-2.7245094283611655,-0.1264612738150026
93,74,17.0,17.5,351,268,83,-2.483542292264949,-2.7245094283611655,0.24096713609621645
93,75,17.5,18.0,352,196,156,-2.9654367369338956,-2.7245094283611655,-0.24092730857273015
93,76,18.0,18.5,351,222,129,-2.6653437041228702,-2.7245094283611655,0.05916572423829525
93,77,18.5,19.0,351,335,16,-2.8906883803948302,-2.7245094283611655,-0.16617895203366473
93,78,19.0,19.5,352,196,156,-2.7793335367991734,-2.7245094283611655,-0.05482410843800789
93,79,19.5,20.0,351,299,52,-2.6190737555758257,-2.7245094283611655,0.10543567278533983
94,0,-20.0,-19.5,351,216,135,-2.472346775908086,-2.7609867170873166,0.2886399411792304
94,1,-19.5,-19.0,351,176,175,-2.9619804192665007,-2.7609867170873166,-0.2009937021791841
94,2,-19.0,-18.5,352,300,52,-2.667974993637892,-2.7609867170873166,0.09301172344942454
94,3,-18.5,-18.0,351,139,212,-3.027138077905572,-2.7609867170873166,-0.2661513608182555
94,4,-18.0,-17.5,351,250,101,-2.6039940954653735,-2.7609867170873166,0.15699262162194305
94,5,-17.5,-17.0,352,284,68,-2.8222323039484474,-2.7609867170873166,-0.061245586861130796
94,6,-17.0,-16.5,351,224,127,-2.5414400967325896,-2.7609867170873166,0.21954662035472694
94,7,-16.5,-16.0,351,268,83,-2.957779442251848,-2.7609867170873166,-0.1967927251645314
94,8,-16.0,-15.5,351,84,267,-3.0189820795182554,-2.7609867170873166,-0.2579953624309388
94,9,-15.5,-15.0,352,320,32,-2.7411253966248417,-2.7609867170873166,0.019861320462474907
94,10,-15.0,-14.5,351,273,78,-2.9086410405356897,-2.7609867170873166,-0.14765432344837315
94,11,-14.5,-14.0,351,292,59,-2.6116459858131122,-2.7609867170873166,0.14934073127420433
94,12,-14.0,-13.5,352,219,133,-3.007189026571898,-2.7609867170873166,-0.24620230948458133
94,13,-13.5,-13.0,351,281,70,-2.544711961598937,-2.7609867170873166,0.2162747554883797
94,14,-13.0,-12.5,351,243,108,-2.7850863479649735,-2.7609867170873166,-0.024099630877656875
94,15,-12.5,-12.0,351,259,92,-2.9342345622186636,-2.7609867170873166,-0.17324784513134706
94,16,-12.0,-11.5,352,290,62,-2.5194398397493267,-2.7609867170873166,0.24154687733798985
94,17,-11.5,-11.0,351,212,139,-2.9494014248038134,-2.7609867170873166,-0.18841470771649682
94,18,-11.0,-10.5,351,244,107,-2.57243398344629,-2.7609867170873166,0.18855273364102665
94,19,-10.5,-10.0,352,186,166,-2.750292945662116,-2.7609867170873166,0.010693771425200449
94,20,-10.0,-9.5,351,237,114,-2.4685730116193585,-2.7609867170873166,0.2924137054679581
94,21,-9.5,-9.0,351,93,258,-2.80466237509598,-2.7609867170873166,-0.043675658008663465
94,22,-9.0,-8.5,351,217,134,-2.8700699124666444,-2.7609867170873166,-0.10908319537932787
94,23,-8.5,-8.0,352,231,121,-2.59279301510375,-2.7609867170873166,0.16819370198356642
94,24,-8.0,-7.5,351,178,173,-2.8573018252085696,-2.7609867170873166,-0.09631510812125299
94,25,-7.5,-7.0,351,214,137,-2.5880700410472373,-2.7609867170873166,0.17291667604007932
94,26,-7.0,-6.5,352,159,193,-2.647750840978982,-2.7609867170873166,0.11323587610833474
94,27,-6.5,-6.0,351,314,37,-2.5690039037919954,-2.7609867170873166,0.1919828132953212
94,28,-6.0,-5.5,351,279,72,-2.9997379829281856,-2.7609867170873166,-0.23875126584086903
94,29,-5.5,-5.0,351,244,107,-3.068298330414732,-2.7609867170873166,-0.3073116133274154
94,30,-5.0,-4.5,352,302,50,-2.673858448957856,-2.7609867170873166,0.08712826812946073
94,31,-4.5,-4.0,351,91,260,-2.907658139158313,-2.7609867170873166,-0.14667142207099637
94,32,-4.0,-3.5,351,182,169,-2.426278317970098,-2.7609867170873166,0.3347083991172184
94,33,-3.5,-3.0,352,225,127,-2.771680488512517,-2.7609867170873166,-0.010693771425200449
94,34,-3.0,-2.5,351,233,118,-2.9065322851650635,-2.7609867170873166,-0.14554556807774688
94,35,-2.5,-2.0,351,213,138,-2.523570201259985,-2.7609867170873166,0.2374165158273316
94,36,-2.0,-1.5,351,129,222,-2.9318386464130146,-2.7609867170873166,-0.17085192932569804
94,37,-1.5,-1.0,352,180,172,-2.4805101186235907,-2.7609867170873166,0.28047659846372586
94,38,-1.0,-0.5,351,112,239,-2.7946275114868717,-2.7609867170873166,-0.03364079439955514
94,39,-0.5,0.0,351,208,143,-2.5433548508330768,-2.7609867170873166,0.2176318662542398
94,40,0.0,0.5,352,151,201,-2.7126478247583976,-2.7609867170873166,0.04833889232891897
94,41,0.5,1.0,351,234,117,-2.5955174584444363,-2.7609867170873166,0.1654692586428803
94,42,1.0,1.5,351,252,99,-2.820580774319072,-2.7609867170873166,-0.05959405723175548
94,43,1.5,2.0,351,244,107,-2.66675842842879,-2.7609867170873166,0.09422828865852662
94,44,2.0,2.5,352,174,178,-2.923863212673349,-2.7609867170873166,-0.16287649558603245
94,45,2.5,3.0,351,174,177,-2.686352820492676,-2.7609867170873166,0.0746338965946407
94,46,3.0,3.5,351,126,225,-2.5234980799523514,-2.7609867170873166,0.23748863713496515
94,47,3.5,4.0,352,46,306,-3.043097361734107,-2.7609867170873166,-0.2821106446467905
94,48,4.0,4.5,351,125,226,-2.8802484026138426,-2.7609867170873166,-0.11926168552652605
94,49,4.5,5.0,351,291,60,-2.7465792485592546,-2.7609867170873166,0.014407468528061962
94,50,5.0,5.5,351,116,235,-2.7961741236386897,-2.7609867170873166,-0.03518740655137309
94,51,5.5,6.0,352,186,166,-2.4299541199739627,-2.7609867170873166,0.33103259711335387
94,52,6.0,6.5,351,238,113,-2.811247690475019,-2.7609867170873166,-0.050260973387702634
94,53,6.5,7.0,351,152,199,-2.792496846631774,-2.7609867170873166,-0.03151012954445731
94,54,7.0,7.5,352,65,287,-3.128100976557909,-2.7609867170873166,-0.3671142594705925
94,55,7.5,8.0,351,111,240,-2.8882974010189026,-2.7609867170873166,-0.12731068393158607
94,56,8.0,8.5,351,67,284,-2.8777924965425736,-2.7609867170873166,-0.11680577945525705
94,57,8.5,9.0,351,140,211,-2.986569875888934,-2.7609867170873166,-0.2255831588016175
94,58,9.0,9.5,352,198,154,-2.568745656928105,-2.7609867170873166,0.1922410601592115
94,59,9.5,10.0,351,165,186,-2.892377443557616,-2.7609867170873166,-0.1313907264702996
94,60,10.0,10.5,351,14,337,-2.667670853911277,-2.7609867170873166,0.09331586317603957
94,61,10.5,11.0,352,126,226,-2.89924278341378,-2.7609867170873166,-0.1382560663264636
94,62,11.0,11.5,351,237,114,-2.6143371349920144,-2.7609867170873166,0.1466495820953022
94,63,11.5,12.0,351,286,65,-2.7474858147186083,-2.7609867170873166,0.013500902368708267
94,64,12.0,12.5,351,192,159,-2.902426253391668,-2.7609867170873166,-0.14143953630435124
94,65,12.5,13.0,352,187,165,-2.621932049529046,-2.7609867170873166,0.13905466755827067
94,66,13.0,13.5,351,221,130,-2.907567239374875,-2.7609867170873166,-0.14658052228755825
94,67,13.5,14.0,351,292,59,-2.537965528470525,-2.7609867170873166,0.22302118861679165
94,68,14.0,14.5,352,154,198,-3.0771781556621205,-2.7609867170873166,-0.3161914385748039
94,69,14.5,15.0,351,291,60,-2.5716934242208773,-2.7609867170873166,0.18929329286643926
94,70,15.0,15.5,351,178,173,-2.6807850764119276,-2.7609867170873166,0.08020164067538893
94,71,15.5,16.0,351,311,40,-2.39416296761536,-2.7609867170873166,0.3668237494719566
94,72,16.0,16.5,352,194,158,-3.0598871756938335,-2.7609867170873166,-0.29890045860651693
94,73,16.5,17.0,351,206,145,-2.8719565057556893,-2.7609867170873166,-0.1109697886683727
94,74,17.0,17.5,351,230,121,-2.426813143743341,-2.7609867170873166,0.3341735733439757
94,75,17.5,18.0,352,170,182,-2.7647205378052933,-2.7609867170873166,-0.003733820717976677
94,76,18.0,18.5,351,197,154,-2.5458752280679082,-2.7609867170873166,0.21511148901940835
94,77,18.5,19.0,351,140,211,-2.6772240397871014,-2.7609867170873166,0.08376267730021514
94,78,19.0,19.5,351,257,94,-2.4957834742879204,-2.7609867170873166,0.2652032427993962
94,79,19.5,20.0,352,217,135,-2.8182822311491447,-2.7609867170873166,-0.05729551406182809
